time=2026-08-02T15:36:44.354-07:00 level=INFO msg="Results directory" path=/Users/devarisbrown/Code/projects/conduit/benchi/archv2-parity/results/r1
time=2026-08-02T15:36:44.355-07:00 level=INFO msg="Config file" path=/Users/devarisbrown/Code/projects/conduit/benchi/archv2-parity/bench.yml
time=2026-08-02T15:36:44.355-07:00 level=INFO msg="Parsed config" path=/Users/devarisbrown/Code/projects/conduit/benchi/archv2-parity/bench.yml
time=2026-08-02T15:36:44.355-07:00 level=INFO msg="Creating docker client"
time=2026-08-02T15:36:44.369-07:00 level=INFO msg="Creating docker network" network=benchi
time=2026-08-02T15:36:44.372-07:00 level=INFO msg="Using network" network=benchi network-id=32696c03d44d1afacf8e961e4092d50c43cce6b8721b09a3d7fca00d9c4f7b6b
time=2026-08-02T15:36:44.372-07:00 level=DEBUG msg="Executing command" command="/usr/local/bin/docker compose -f ./tools/compose-conduit-v1.yml config --format json"
time=2026-08-02T15:36:44.483-07:00 level=INFO msg="Replaying on-disk memory mappable chunks if any" test=archv2-parity tool=conduit-v1 collector=conduit type=conduit collector=conduit type=conduit collector.prometheus=tsdb
time=2026-08-02T15:36:44.483-07:00 level=INFO msg="On-disk memory mappable chunks replay completed" test=archv2-parity tool=conduit-v1 collector=conduit type=conduit collector=conduit type=conduit collector.prometheus=tsdb duration=14.916µs
time=2026-08-02T15:36:44.483-07:00 level=INFO msg="Replaying WAL, this may take a while" test=archv2-parity tool=conduit-v1 collector=conduit type=conduit collector=conduit type=conduit collector.prometheus=tsdb
time=2026-08-02T15:36:44.484-07:00 level=INFO msg="WAL segment loaded" test=archv2-parity tool=conduit-v1 collector=conduit type=conduit collector=conduit type=conduit collector.prometheus=tsdb segment=0 maxSegment=0
time=2026-08-02T15:36:44.484-07:00 level=INFO msg="WAL replay completed" test=archv2-parity tool=conduit-v1 collector=conduit type=conduit collector=conduit type=conduit collector.prometheus=tsdb checkpoint_replay_duration=149.75µs wal_replay_duration=332.625µs wbl_replay_duration=84ns chunk_snapshot_load_duration=0s mmap_chunk_replay_duration=14.916µs total_replay_duration=582.833µs
time=2026-08-02T15:36:44.642-07:00 level=DEBUG msg="Lookback delta is zero, setting to default value" test=archv2-parity tool=conduit-v1 collector=conduit type=conduit collector=conduit type=conduit collector.prometheus="query engine" value=5m0s
time=2026-08-02T15:36:44.643-07:00 level=DEBUG msg="Executing command" command="/usr/local/bin/docker compose -f ./tools/compose-conduit-v2.yml config --format json"
time=2026-08-02T15:36:44.769-07:00 level=INFO msg="Replaying on-disk memory mappable chunks if any" test=archv2-parity tool=conduit-v2 collector=conduit type=conduit collector=conduit type=conduit collector.prometheus=tsdb
time=2026-08-02T15:36:44.769-07:00 level=INFO msg="On-disk memory mappable chunks replay completed" test=archv2-parity tool=conduit-v2 collector=conduit type=conduit collector=conduit type=conduit collector.prometheus=tsdb duration=22.667µs
time=2026-08-02T15:36:44.769-07:00 level=INFO msg="Replaying WAL, this may take a while" test=archv2-parity tool=conduit-v2 collector=conduit type=conduit collector=conduit type=conduit collector.prometheus=tsdb
time=2026-08-02T15:36:44.769-07:00 level=INFO msg="WAL segment loaded" test=archv2-parity tool=conduit-v2 collector=conduit type=conduit collector=conduit type=conduit collector.prometheus=tsdb segment=0 maxSegment=0
time=2026-08-02T15:36:44.769-07:00 level=INFO msg="WAL replay completed" test=archv2-parity tool=conduit-v2 collector=conduit type=conduit collector=conduit type=conduit collector.prometheus=tsdb checkpoint_replay_duration=175.917µs wal_replay_duration=287.959µs wbl_replay_duration=167ns chunk_snapshot_load_duration=0s mmap_chunk_replay_duration=22.667µs total_replay_duration=644.166µs
time=2026-08-02T15:36:44.773-07:00 level=DEBUG msg="Lookback delta is zero, setting to default value" test=archv2-parity tool=conduit-v2 collector=conduit type=conduit collector=conduit type=conduit collector.prometheus="query engine" value=5m0s
time=2026-08-02T15:36:44.773-07:00 level=INFO msg="Running step" test=archv2-parity tool=conduit-v1 step=pre-infrastructure
time=2026-08-02T15:36:44.774-07:00 level=INFO msg="Pulling docker images for tool containers" test=archv2-parity tool=conduit-v1 step=pre-infrastructure containers=[benchi-conduit]
time=2026-08-02T15:36:44.774-07:00 level=DEBUG msg="Executing command" command="/usr/local/bin/docker compose -f ./tools/compose-conduit-v1.yml pull"
time=2026-08-02T15:36:44.887-07:00 level=INFO msg="Pulling docker images for hooks" test=archv2-parity tool=conduit-v1 step=pre-infrastructure images=[]
time=2026-08-02T15:36:44.887-07:00 level=DEBUG msg="Running hooks" test=archv2-parity tool=conduit-v1 step=pre-infrastructure count=0
time=2026-08-02T15:36:44.887-07:00 level=INFO msg="Step successful" test=archv2-parity tool=conduit-v1 step=pre-infrastructure
time=2026-08-02T15:36:44.887-07:00 level=INFO msg="Running step" test=archv2-parity tool=conduit-v1 step=infrastructure
time=2026-08-02T15:36:44.887-07:00 level=INFO msg="No infrastructure to start" test=archv2-parity tool=conduit-v1 step=infrastructure
time=2026-08-02T15:36:44.887-07:00 level=INFO msg="Step successful" test=archv2-parity tool=conduit-v1 step=infrastructure
time=2026-08-02T15:36:44.887-07:00 level=INFO msg="Running step" test=archv2-parity tool=conduit-v1 step=post-infrastructure
time=2026-08-02T15:36:44.887-07:00 level=DEBUG msg="Running hooks" test=archv2-parity tool=conduit-v1 step=post-infrastructure count=0
time=2026-08-02T15:36:44.887-07:00 level=INFO msg="Step successful" test=archv2-parity tool=conduit-v1 step=post-infrastructure
time=2026-08-02T15:36:44.888-07:00 level=INFO msg="Running step" test=archv2-parity tool=conduit-v1 step=pre-tool
time=2026-08-02T15:36:44.888-07:00 level=DEBUG msg="Running hooks" test=archv2-parity tool=conduit-v1 step=pre-tool count=0
time=2026-08-02T15:36:44.888-07:00 level=INFO msg="Step successful" test=archv2-parity tool=conduit-v1 step=pre-tool
time=2026-08-02T15:36:44.889-07:00 level=INFO msg="Running step" test=archv2-parity tool=conduit-v1 step=tool
time=2026-08-02T15:36:44.889-07:00 level=INFO msg="Waiting for container status to be healthy" test=archv2-parity tool=conduit-v1 step=tool container=benchi-conduit status=N/A
time=2026-08-02T15:36:44.889-07:00 level=DEBUG msg="Executing command" command="/usr/local/bin/docker compose -f ./tools/compose-conduit-v1.yml up"
time=2026-08-02T15:36:45.274-07:00 level=DEBUG msg="Inspecting container" model=container-monitor name=benchi-conduit
time=2026-08-02T15:36:45.893-07:00 level=DEBUG msg="Inspecting container" model=container-monitor name=benchi-conduit
time=2026-08-02T15:36:45.899-07:00 level=DEBUG msg="Inspected container" test=archv2-parity tool=conduit-v1 step=tool container=benchi-conduit response="{ContainerJSONBase:0x14000217ce0 Mounts:[{Type:bind Name: Source:/Users/devarisbrown/Code/projects/conduit/benchi/archv2-parity/pipeline.yml Destination:/app/pipelines/pipeline.yml Driver: Mode:rw RW:true Propagation:rprivate}] Config:0x14000001180 NetworkSettings:0x140000c6300 ImageManifestDescriptor:<nil>}" state="{Status:running Running:true Paused:false Restarting:false OOMKilled:false Dead:false Pid:63656 ExitCode:0 Error: StartedAt:2026-08-02T22:36:45.452845052Z FinishedAt:0001-01-01T00:00:00Z Health:<nil>}"
time=2026-08-02T15:36:45.899-07:00 level=INFO msg="Container is running (consider adding a health check!)" test=archv2-parity tool=conduit-v1 step=tool container=/benchi-conduit
time=2026-08-02T15:36:45.899-07:00 level=INFO msg="Tools started" test=archv2-parity tool=conduit-v1 step=tool
time=2026-08-02T15:36:45.899-07:00 level=INFO msg="Step successful" test=archv2-parity tool=conduit-v1 step=tool
time=2026-08-02T15:36:45.900-07:00 level=INFO msg="Running step" test=archv2-parity tool=conduit-v1 step=post-tool
time=2026-08-02T15:36:45.900-07:00 level=DEBUG msg="Running hooks" test=archv2-parity tool=conduit-v1 step=post-tool count=0
time=2026-08-02T15:36:45.900-07:00 level=INFO msg="Step successful" test=archv2-parity tool=conduit-v1 step=post-tool
time=2026-08-02T15:36:45.900-07:00 level=INFO msg="Running step" test=archv2-parity tool=conduit-v1 step=pre-test
time=2026-08-02T15:36:45.900-07:00 level=DEBUG msg="Running hooks" test=archv2-parity tool=conduit-v1 step=pre-test count=0
time=2026-08-02T15:36:45.900-07:00 level=INFO msg="Step successful" test=archv2-parity tool=conduit-v1 step=pre-test
time=2026-08-02T15:36:45.903-07:00 level=INFO msg="Running step" test=archv2-parity tool=conduit-v1 step=test
time=2026-08-02T15:36:45.903-07:00 level=INFO msg="Running collector" test=archv2-parity tool=conduit-v1 step=test name=conduit type=conduit
time=2026-08-02T15:36:45.904-07:00 level=INFO msg="Running collector" test=archv2-parity tool=conduit-v1 step=test name=docker type=docker
time=2026-08-02T15:36:45.904-07:00 level=INFO msg="Test in progress" test=archv2-parity tool=conduit-v1 step=test time-left=1m0s
time=2026-08-02T15:36:45.904-07:00 level=DEBUG msg="Collecting stats" test=archv2-parity tool=conduit-v1 collector=docker type=docker collector=docker type=docker container=benchi-conduit
time=2026-08-02T15:36:46.408-07:00 level=DEBUG msg="Inspecting container" model=container-monitor name=benchi-conduit
time=2026-08-02T15:36:46.904-07:00 level=DEBUG msg="promql query logged" test=archv2-parity tool=conduit-v1 collector=conduit type=conduit collector=conduit type=conduit params="map[end:2026-08-02T22:36:46.904Z query:rate(conduit_pipeline_execution_duration_seconds_count{pipeline_name=\"archv2-parity\"}[2s]) start:2026-08-02T22:36:45.904Z step:1]" stats="&{Timings:{EvalTotalTime:0.000161208 ResultSortTime:5.42e-07 QueryPreparationTime:2.4875e-05 InnerEvalTime:0.000113708 ExecQueueTime:4.083e-06 ExecTotalTime:0.000168084} Samples:0x140011e51a0}" spanID=0000000000000000
time=2026-08-02T15:36:46.904-07:00 level=DEBUG msg="No data returned from query" test=archv2-parity tool=conduit-v1 collector=conduit type=conduit collector=conduit type=conduit
time=2026-08-02T15:36:46.905-07:00 level=DEBUG msg="promql query logged" test=archv2-parity tool=conduit-v1 collector=conduit type=conduit collector=conduit type=conduit params="map[end:2026-08-02T22:36:46.904Z query:rate(conduit_connector_bytes_sum{pipeline_name=\"archv2-parity\",type=\"source\"}[2s])/1048576 start:2026-08-02T22:36:45.904Z step:1]" stats="&{Timings:{EvalTotalTime:8.1959e-05 ResultSortTime:1.25e-07 QueryPreparationTime:9.834e-06 InnerEvalTime:5.8958e-05 ExecQueueTime:1.459e-06 ExecTotalTime:8.5333e-05} Samples:0x140011e5800}" spanID=0000000000000000
time=2026-08-02T15:36:46.905-07:00 level=DEBUG msg="No data returned from query" test=archv2-parity tool=conduit-v1 collector=conduit type=conduit collector=conduit type=conduit
time=2026-08-02T15:36:46.905-07:00 level=DEBUG msg="promql query logged" test=archv2-parity tool=conduit-v1 collector=conduit type=conduit collector=conduit type=conduit params="map[end:2026-08-02T22:36:46.905Z query:rate(conduit_connector_bytes_sum{pipeline_name=\"archv2-parity\",type=\"destination\"}[2s])/1048576 start:2026-08-02T22:36:45.904Z step:1]" stats="&{Timings:{EvalTotalTime:2.0958e-05 ResultSortTime:1.25e-07 QueryPreparationTime:5.667e-06 InnerEvalTime:1.225e-05 ExecQueueTime:8.34e-07 ExecTotalTime:2.3e-05} Samples:0x140011e5e60}" spanID=0000000000000000
time=2026-08-02T15:36:46.905-07:00 level=DEBUG msg="No data returned from query" test=archv2-parity tool=conduit-v1 collector=conduit type=conduit collector=conduit type=conduit
time=2026-08-02T15:36:46.919-07:00 level=DEBUG msg="Inspecting container" model=container-monitor name=benchi-conduit
time=2026-08-02T15:36:47.428-07:00 level=DEBUG msg="Inspecting container" model=container-monitor name=benchi-conduit
time=2026-08-02T15:36:47.904-07:00 level=DEBUG msg="promql query logged" test=archv2-parity tool=conduit-v1 collector=conduit type=conduit collector=conduit type=conduit params="map[end:2026-08-02T22:36:47.904Z query:rate(conduit_pipeline_execution_duration_seconds_count{pipeline_name=\"archv2-parity\"}[2s]) start:2026-08-02T22:36:45.904Z step:1]" stats="&{Timings:{EvalTotalTime:0.000162916 ResultSortTime:1.416e-06 QueryPreparationTime:4.625e-05 InnerEvalTime:0.000105417 ExecQueueTime:6.334e-06 ExecTotalTime:0.000175} Samples:0x14000bdc7e0}" spanID=0000000000000000
time=2026-08-02T15:36:47.904-07:00 level=DEBUG msg="Query returned data" test=archv2-parity tool=conduit-v1 collector=conduit type=conduit collector=conduit type=conduit name=msg-rate-per-second[archv2-parity] series-count=1 last-value=28581
time=2026-08-02T15:36:47.905-07:00 level=DEBUG msg="promql query logged" test=archv2-parity tool=conduit-v1 collector=conduit type=conduit collector=conduit type=conduit params="map[end:2026-08-02T22:36:47.905Z query:rate(conduit_connector_bytes_sum{pipeline_name=\"archv2-parity\",type=\"source\"}[2s])/1048576 start:2026-08-02T22:36:45.904Z step:1]" stats="&{Timings:{EvalTotalTime:0.000307833 ResultSortTime:7.92e-07 QueryPreparationTime:1.8083e-05 InnerEvalTime:0.000278291 ExecQueueTime:2.208e-06 ExecTotalTime:0.000314709} Samples:0x14000bdced0}" spanID=0000000000000000
time=2026-08-02T15:36:47.905-07:00 level=DEBUG msg="Query returned data" test=archv2-parity tool=conduit-v1 collector=conduit type=conduit collector=conduit type=conduit name=msg-megabytes-in-per-second[archv2-parity] series-count=1 last-value=0.8065462112426758
time=2026-08-02T15:36:47.905-07:00 level=DEBUG msg="promql query logged" test=archv2-parity tool=conduit-v1 collector=conduit type=conduit collector=conduit type=conduit params="map[end:2026-08-02T22:36:47.905Z query:rate(conduit_connector_bytes_sum{pipeline_name=\"archv2-parity\",type=\"destination\"}[2s])/1048576 start:2026-08-02T22:36:45.904Z step:1]" stats="&{Timings:{EvalTotalTime:5.4e-05 ResultSortTime:8.4e-08 QueryPreparationTime:1.4083e-05 InnerEvalTime:3.525e-05 ExecQueueTime:1.958e-06 ExecTotalTime:5.7667e-05} Samples:0x14000bdd530}" spanID=0000000000000000
time=2026-08-02T15:36:47.908-07:00 level=DEBUG msg="Query returned data" test=archv2-parity tool=conduit-v1 collector=conduit type=conduit collector=conduit type=conduit name=msg-megabytes-out-per-second[archv2-parity] series-count=1 last-value=0.8065462112426758
time=2026-08-02T15:36:47.939-07:00 level=DEBUG msg="Inspecting container" model=container-monitor name=benchi-conduit
time=2026-08-02T15:36:48.449-07:00 level=DEBUG msg="Inspecting container" model=container-monitor name=benchi-conduit
time=2026-08-02T15:36:48.905-07:00 level=DEBUG msg="promql query logged" test=archv2-parity tool=conduit-v1 collector=conduit type=conduit collector=conduit type=conduit params="map[end:2026-08-02T22:36:48.905Z query:rate(conduit_pipeline_execution_duration_seconds_count{pipeline_name=\"archv2-parity\"}[2s]) start:2026-08-02T22:36:45.904Z step:1]" stats="&{Timings:{EvalTotalTime:0.000111792 ResultSortTime:5.42e-07 QueryPreparationTime:2.8833e-05 InnerEvalTime:6.2958e-05 ExecQueueTime:7.875e-06 ExecTotalTime:0.000122042} Samples:0x14000bddbf0}" spanID=0000000000000000
time=2026-08-02T15:36:48.905-07:00 level=DEBUG msg="Query returned data" test=archv2-parity tool=conduit-v1 collector=conduit type=conduit collector=conduit type=conduit name=msg-rate-per-second[archv2-parity] series-count=1 last-value=30131
time=2026-08-02T15:36:48.906-07:00 level=DEBUG msg="promql query logged" test=archv2-parity tool=conduit-v1 collector=conduit type=conduit collector=conduit type=conduit params="map[end:2026-08-02T22:36:48.905Z query:rate(conduit_connector_bytes_sum{pipeline_name=\"archv2-parity\",type=\"source\"}[2s])/1048576 start:2026-08-02T22:36:45.904Z step:1]" stats="&{Timings:{EvalTotalTime:0.000255042 ResultSortTime:8.75e-07 QueryPreparationTime:2.2583e-05 InnerEvalTime:0.000193916 ExecQueueTime:1.501e-06 ExecTotalTime:0.000261833} Samples:0x14000a000f0}" spanID=0000000000000000
time=2026-08-02T15:36:48.906-07:00 level=DEBUG msg="Query returned data" test=archv2-parity tool=conduit-v1 collector=conduit type=conduit collector=conduit type=conduit name=msg-megabytes-in-per-second[archv2-parity] series-count=1 last-value=0.852391242980957
time=2026-08-02T15:36:48.906-07:00 level=DEBUG msg="promql query logged" test=archv2-parity tool=conduit-v1 collector=conduit type=conduit collector=conduit type=conduit params="map[end:2026-08-02T22:36:48.906Z query:rate(conduit_connector_bytes_sum{pipeline_name=\"archv2-parity\",type=\"destination\"}[2s])/1048576 start:2026-08-02T22:36:45.904Z step:1]" stats="&{Timings:{EvalTotalTime:6.9791e-05 ResultSortTime:2.92e-07 QueryPreparationTime:2.1458e-05 InnerEvalTime:4.2083e-05 ExecQueueTime:1.167e-06 ExecTotalTime:7.4166e-05} Samples:0x14000a00750}" spanID=0000000000000000
time=2026-08-02T15:36:48.906-07:00 level=DEBUG msg="Query returned data" test=archv2-parity tool=conduit-v1 collector=conduit type=conduit collector=conduit type=conduit name=msg-megabytes-out-per-second[archv2-parity] series-count=1 last-value=0.852391242980957
time=2026-08-02T15:36:48.955-07:00 level=DEBUG msg="Inspecting container" model=container-monitor name=benchi-conduit
time=2026-08-02T15:36:49.469-07:00 level=DEBUG msg="Inspecting container" model=container-monitor name=benchi-conduit
time=2026-08-02T15:36:49.904-07:00 level=DEBUG msg="promql query logged" test=archv2-parity tool=conduit-v1 collector=conduit type=conduit collector=conduit type=conduit params="map[end:2026-08-02T22:36:49.904Z query:rate(conduit_pipeline_execution_duration_seconds_count{pipeline_name=\"archv2-parity\"}[2s]) start:2026-08-02T22:36:45.904Z step:1]" stats="&{Timings:{EvalTotalTime:4.6667e-05 ResultSortTime:4.16e-07 QueryPreparationTime:1.5e-05 InnerEvalTime:2.6708e-05 ExecQueueTime:2.417e-06 ExecTotalTime:5.1583e-05} Samples:0x14000a01ad0}" spanID=0000000000000000
time=2026-08-02T15:36:49.904-07:00 level=DEBUG msg="Query returned data" test=archv2-parity tool=conduit-v1 collector=conduit type=conduit collector=conduit type=conduit name=msg-rate-per-second[archv2-parity] series-count=1 last-value=28173
time=2026-08-02T15:36:49.904-07:00 level=DEBUG msg="promql query logged" test=archv2-parity tool=conduit-v1 collector=conduit type=conduit collector=conduit type=conduit params="map[end:2026-08-02T22:36:49.904Z query:rate(conduit_connector_bytes_sum{pipeline_name=\"archv2-parity\",type=\"source\"}[2s])/1048576 start:2026-08-02T22:36:45.904Z step:1]" stats="&{Timings:{EvalTotalTime:4.3291e-05 ResultSortTime:1.66e-07 QueryPreparationTime:8.917e-06 InnerEvalTime:2.9375e-05 ExecQueueTime:1.293e-06 ExecTotalTime:4.7166e-05} Samples:0x14000b081e0}" spanID=0000000000000000
time=2026-08-02T15:36:49.904-07:00 level=DEBUG msg="Query returned data" test=archv2-parity tool=conduit-v1 collector=conduit type=conduit collector=conduit type=conduit name=msg-megabytes-in-per-second[archv2-parity] series-count=1 last-value=0.7950553894042969
time=2026-08-02T15:36:49.904-07:00 level=DEBUG msg="promql query logged" test=archv2-parity tool=conduit-v1 collector=conduit type=conduit collector=conduit type=conduit params="map[end:2026-08-02T22:36:49.904Z query:rate(conduit_connector_bytes_sum{pipeline_name=\"archv2-parity\",type=\"destination\"}[2s])/1048576 start:2026-08-02T22:36:45.904Z step:1]" stats="&{Timings:{EvalTotalTime:2.5125e-05 ResultSortTime:1.66e-07 QueryPreparationTime:6.75e-06 InnerEvalTime:1.525e-05 ExecQueueTime:8.75e-07 ExecTotalTime:2.7375e-05} Samples:0x14000b08840}" spanID=0000000000000000
time=2026-08-02T15:36:49.904-07:00 level=DEBUG msg="Query returned data" test=archv2-parity tool=conduit-v1 collector=conduit type=conduit collector=conduit type=conduit name=msg-megabytes-out-per-second[archv2-parity] series-count=1 last-value=0.7950811386108398
time=2026-08-02T15:36:49.997-07:00 level=DEBUG msg="Inspecting container" model=container-monitor name=benchi-conduit
time=2026-08-02T15:36:50.513-07:00 level=DEBUG msg="Inspecting container" model=container-monitor name=benchi-conduit
time=2026-08-02T15:36:50.904-07:00 level=INFO msg="Test in progress" test=archv2-parity tool=conduit-v1 step=test time-left=55s
time=2026-08-02T15:36:50.904-07:00 level=DEBUG msg="promql query logged" test=archv2-parity tool=conduit-v1 collector=conduit type=conduit collector=conduit type=conduit params="map[end:2026-08-02T22:36:50.904Z query:rate(conduit_pipeline_execution_duration_seconds_count{pipeline_name=\"archv2-parity\"}[2s]) start:2026-08-02T22:36:45.904Z step:1]" stats="&{Timings:{EvalTotalTime:7.625e-05 ResultSortTime:4.59e-07 QueryPreparationTime:1.6917e-05 InnerEvalTime:5.3208e-05 ExecQueueTime:2.833e-06 ExecTotalTime:8.2417e-05} Samples:0x14000b09170}" spanID=0000000000000000
time=2026-08-02T15:36:50.904-07:00 level=DEBUG msg="Query returned data" test=archv2-parity tool=conduit-v1 collector=conduit type=conduit collector=conduit type=conduit name=msg-rate-per-second[archv2-parity] series-count=1 last-value=28062
time=2026-08-02T15:36:50.904-07:00 level=DEBUG msg="promql query logged" test=archv2-parity tool=conduit-v1 collector=conduit type=conduit collector=conduit type=conduit params="map[end:2026-08-02T22:36:50.904Z query:rate(conduit_connector_bytes_sum{pipeline_name=\"archv2-parity\",type=\"source\"}[2s])/1048576 start:2026-08-02T22:36:45.904Z step:1]" stats="&{Timings:{EvalTotalTime:4.6125e-05 ResultSortTime:1.67e-07 QueryPreparationTime:1.2417e-05 InnerEvalTime:2.9292e-05 ExecQueueTime:1.001e-06 ExecTotalTime:4.9417e-05} Samples:0x14000fb41b0}" spanID=0000000000000000
time=2026-08-02T15:36:50.904-07:00 level=DEBUG msg="Query returned data" test=archv2-parity tool=conduit-v1 collector=conduit type=conduit collector=conduit type=conduit name=msg-megabytes-in-per-second[archv2-parity] series-count=1 last-value=0.7928695678710938
time=2026-08-02T15:36:50.904-07:00 level=DEBUG msg="promql query logged" test=archv2-parity tool=conduit-v1 collector=conduit type=conduit collector=conduit type=conduit params="map[end:2026-08-02T22:36:50.904Z query:rate(conduit_connector_bytes_sum{pipeline_name=\"archv2-parity\",type=\"destination\"}[2s])/1048576 start:2026-08-02T22:36:45.904Z step:1]" stats="&{Timings:{EvalTotalTime:5.3292e-05 ResultSortTime:1.25e-07 QueryPreparationTime:1.0083e-05 InnerEvalTime:3.85e-05 ExecQueueTime:1e-06 ExecTotalTime:7.0833e-05} Samples:0x14000fb53b0}" spanID=0000000000000000
time=2026-08-02T15:36:50.904-07:00 level=DEBUG msg="Query returned data" test=archv2-parity tool=conduit-v1 collector=conduit type=conduit collector=conduit type=conduit name=msg-megabytes-out-per-second[archv2-parity] series-count=1 last-value=0.7928438186645508
time=2026-08-02T15:36:51.025-07:00 level=DEBUG msg="Inspecting container" model=container-monitor name=benchi-conduit
time=2026-08-02T15:36:51.531-07:00 level=DEBUG msg="Inspecting container" model=container-monitor name=benchi-conduit
time=2026-08-02T15:36:51.905-07:00 level=DEBUG msg="promql query logged" test=archv2-parity tool=conduit-v1 collector=conduit type=conduit collector=conduit type=conduit params="map[end:2026-08-02T22:36:51.905Z query:rate(conduit_pipeline_execution_duration_seconds_count{pipeline_name=\"archv2-parity\"}[2s]) start:2026-08-02T22:36:45.904Z step:1]" stats="&{Timings:{EvalTotalTime:8.9417e-05 ResultSortTime:4.58e-07 QueryPreparationTime:1.9167e-05 InnerEvalTime:6.3916e-05 ExecQueueTime:5.291e-06 ExecTotalTime:9.5875e-05} Samples:0x14000fc87e0}" spanID=0000000000000000
time=2026-08-02T15:36:51.905-07:00 level=DEBUG msg="Query returned data" test=archv2-parity tool=conduit-v1 collector=conduit type=conduit collector=conduit type=conduit name=msg-rate-per-second[archv2-parity] series-count=1 last-value=29614
time=2026-08-02T15:36:51.905-07:00 level=DEBUG msg="promql query logged" test=archv2-parity tool=conduit-v1 collector=conduit type=conduit collector=conduit type=conduit params="map[end:2026-08-02T22:36:51.905Z query:rate(conduit_connector_bytes_sum{pipeline_name=\"archv2-parity\",type=\"source\"}[2s])/1048576 start:2026-08-02T22:36:45.904Z step:1]" stats="&{Timings:{EvalTotalTime:4.325e-05 ResultSortTime:1.25e-07 QueryPreparationTime:9.709e-06 InnerEvalTime:2.95e-05 ExecQueueTime:9.59e-07 ExecTotalTime:4.6167e-05} Samples:0x14000fc8e40}" spanID=0000000000000000
time=2026-08-02T15:36:51.905-07:00 level=DEBUG msg="Query returned data" test=archv2-parity tool=conduit-v1 collector=conduit type=conduit collector=conduit type=conduit name=msg-megabytes-in-per-second[archv2-parity] series-count=1 last-value=0.8369626998901367
time=2026-08-02T15:36:51.905-07:00 level=DEBUG msg="promql query logged" test=archv2-parity tool=conduit-v1 collector=conduit type=conduit collector=conduit type=conduit params="map[end:2026-08-02T22:36:51.905Z query:rate(conduit_connector_bytes_sum{pipeline_name=\"archv2-parity\",type=\"destination\"}[2s])/1048576 start:2026-08-02T22:36:45.904Z step:1]" stats="&{Timings:{EvalTotalTime:4.1916e-05 ResultSortTime:1.25e-07 QueryPreparationTime:6.5e-06 InnerEvalTime:3.225e-05 ExecQueueTime:7.08e-07 ExecTotalTime:4.4417e-05} Samples:0x14000fc94d0}" spanID=0000000000000000
time=2026-08-02T15:36:51.906-07:00 level=DEBUG msg="Query returned data" test=archv2-parity tool=conduit-v1 collector=conduit type=conduit collector=conduit type=conduit name=msg-megabytes-out-per-second[archv2-parity] series-count=1 last-value=0.8369626998901367
time=2026-08-02T15:36:52.039-07:00 level=DEBUG msg="Inspecting container" model=container-monitor name=benchi-conduit
time=2026-08-02T15:36:52.544-07:00 level=DEBUG msg="Inspecting container" model=container-monitor name=benchi-conduit
time=2026-08-02T15:36:52.905-07:00 level=DEBUG msg="promql query logged" test=archv2-parity tool=conduit-v1 collector=conduit type=conduit collector=conduit type=conduit params="map[end:2026-08-02T22:36:52.905Z query:rate(conduit_pipeline_execution_duration_seconds_count{pipeline_name=\"archv2-parity\"}[2s]) start:2026-08-02T22:36:45.904Z step:1]" stats="&{Timings:{EvalTotalTime:5.4291e-05 ResultSortTime:4.16e-07 QueryPreparationTime:1.4042e-05 InnerEvalTime:3.5542e-05 ExecQueueTime:2.292e-06 ExecTotalTime:5.9e-05} Samples:0x140011e4c90}" spanID=0000000000000000
time=2026-08-02T15:36:52.905-07:00 level=DEBUG msg="Query returned data" test=archv2-parity tool=conduit-v1 collector=conduit type=conduit collector=conduit type=conduit name=msg-rate-per-second[archv2-parity] series-count=1 last-value=30356
time=2026-08-02T15:36:52.905-07:00 level=DEBUG msg="promql query logged" test=archv2-parity tool=conduit-v1 collector=conduit type=conduit collector=conduit type=conduit params="map[end:2026-08-02T22:36:52.905Z query:rate(conduit_connector_bytes_sum{pipeline_name=\"archv2-parity\",type=\"source\"}[2s])/1048576 start:2026-08-02T22:36:45.904Z step:1]" stats="&{Timings:{EvalTotalTime:3.6167e-05 ResultSortTime:1.67e-07 QueryPreparationTime:8.5e-06 InnerEvalTime:2.4416e-05 ExecQueueTime:8.34e-07 ExecTotalTime:3.8542e-05} Samples:0x140011e5350}" spanID=0000000000000000
time=2026-08-02T15:36:52.905-07:00 level=DEBUG msg="Query returned data" test=archv2-parity tool=conduit-v1 collector=conduit type=conduit collector=conduit type=conduit name=msg-megabytes-in-per-second[archv2-parity] series-count=1 last-value=0.8567819595336914
time=2026-08-02T15:36:52.905-07:00 level=DEBUG msg="promql query logged" test=archv2-parity tool=conduit-v1 collector=conduit type=conduit collector=conduit type=conduit params="map[end:2026-08-02T22:36:52.905Z query:rate(conduit_connector_bytes_sum{pipeline_name=\"archv2-parity\",type=\"destination\"}[2s])/1048576 start:2026-08-02T22:36:45.904Z step:1]" stats="&{Timings:{EvalTotalTime:3.5833e-05 ResultSortTime:8.3e-08 QueryPreparationTime:1.6959e-05 InnerEvalTime:1.5834e-05 ExecQueueTime:6.25e-07 ExecTotalTime:3.775e-05} Samples:0x140011e5a70}" spanID=0000000000000000
time=2026-08-02T15:36:52.905-07:00 level=DEBUG msg="Query returned data" test=archv2-parity tool=conduit-v1 collector=conduit type=conduit collector=conduit type=conduit name=msg-megabytes-out-per-second[archv2-parity] series-count=1 last-value=0.8567819595336914
time=2026-08-02T15:36:53.054-07:00 level=DEBUG msg="Inspecting container" model=container-monitor name=benchi-conduit
time=2026-08-02T15:36:53.561-07:00 level=DEBUG msg="Inspecting container" model=container-monitor name=benchi-conduit
time=2026-08-02T15:36:53.906-07:00 level=DEBUG msg="promql query logged" test=archv2-parity tool=conduit-v1 collector=conduit type=conduit collector=conduit type=conduit params="map[end:2026-08-02T22:36:53.906Z query:rate(conduit_pipeline_execution_duration_seconds_count{pipeline_name=\"archv2-parity\"}[2s]) start:2026-08-02T22:36:45.904Z step:1]" stats="&{Timings:{EvalTotalTime:6.1292e-05 ResultSortTime:3.34e-07 QueryPreparationTime:1.6875e-05 InnerEvalTime:3.9084e-05 ExecQueueTime:2.166e-06 ExecTotalTime:6.6291e-05} Samples:0x14001164810}" spanID=0000000000000000
time=2026-08-02T15:36:53.906-07:00 level=DEBUG msg="Query returned data" test=archv2-parity tool=conduit-v1 collector=conduit type=conduit collector=conduit type=conduit name=msg-rate-per-second[archv2-parity] series-count=1 last-value=30941
time=2026-08-02T15:36:53.906-07:00 level=DEBUG msg="promql query logged" test=archv2-parity tool=conduit-v1 collector=conduit type=conduit collector=conduit type=conduit params="map[end:2026-08-02T22:36:53.906Z query:rate(conduit_connector_bytes_sum{pipeline_name=\"archv2-parity\",type=\"source\"}[2s])/1048576 start:2026-08-02T22:36:45.904Z step:1]" stats="&{Timings:{EvalTotalTime:4.9125e-05 ResultSortTime:1.25e-07 QueryPreparationTime:1.7625e-05 InnerEvalTime:2.7875e-05 ExecQueueTime:8.33e-07 ExecTotalTime:5.1834e-05} Samples:0x14001164ea0}" spanID=0000000000000000
time=2026-08-02T15:36:53.906-07:00 level=DEBUG msg="Query returned data" test=archv2-parity tool=conduit-v1 collector=conduit type=conduit collector=conduit type=conduit name=msg-megabytes-in-per-second[archv2-parity] series-count=1 last-value=0.874110221862793
time=2026-08-02T15:36:53.906-07:00 level=DEBUG msg="promql query logged" test=archv2-parity tool=conduit-v1 collector=conduit type=conduit collector=conduit type=conduit params="map[end:2026-08-02T22:36:53.906Z query:rate(conduit_connector_bytes_sum{pipeline_name=\"archv2-parity\",type=\"destination\"}[2s])/1048576 start:2026-08-02T22:36:45.904Z step:1]" stats="&{Timings:{EvalTotalTime:2.6875e-05 ResultSortTime:1.25e-07 QueryPreparationTime:7.083e-06 InnerEvalTime:1.6834e-05 ExecQueueTime:7.5e-07 ExecTotalTime:2.8917e-05} Samples:0x14001165500}" spanID=0000000000000000
time=2026-08-02T15:36:53.906-07:00 level=DEBUG msg="Query returned data" test=archv2-parity tool=conduit-v1 collector=conduit type=conduit collector=conduit type=conduit name=msg-megabytes-out-per-second[archv2-parity] series-count=1 last-value=0.8741741180419922
time=2026-08-02T15:36:54.066-07:00 level=DEBUG msg="Inspecting container" model=container-monitor name=benchi-conduit
time=2026-08-02T15:36:54.576-07:00 level=DEBUG msg="Inspecting container" model=container-monitor name=benchi-conduit
time=2026-08-02T15:36:54.904-07:00 level=DEBUG msg="promql query logged" test=archv2-parity tool=conduit-v1 collector=conduit type=conduit collector=conduit type=conduit params="map[end:2026-08-02T22:36:54.904Z query:rate(conduit_pipeline_execution_duration_seconds_count{pipeline_name=\"archv2-parity\"}[2s]) start:2026-08-02T22:36:45.904Z step:1]" stats="&{Timings:{EvalTotalTime:0.000100833 ResultSortTime:9.17e-07 QueryPreparationTime:3.1167e-05 InnerEvalTime:5.9625e-05 ExecQueueTime:5.625e-06 ExecTotalTime:0.000161708} Samples:0x140012ea330}" spanID=0000000000000000
time=2026-08-02T15:36:54.905-07:00 level=DEBUG msg="Query returned data" test=archv2-parity tool=conduit-v1 collector=conduit type=conduit collector=conduit type=conduit name=msg-rate-per-second[archv2-parity] series-count=1 last-value=30216
time=2026-08-02T15:36:54.905-07:00 level=DEBUG msg="promql query logged" test=archv2-parity tool=conduit-v1 collector=conduit type=conduit collector=conduit type=conduit params="map[end:2026-08-02T22:36:54.905Z query:rate(conduit_connector_bytes_sum{pipeline_name=\"archv2-parity\",type=\"source\"}[2s])/1048576 start:2026-08-02T22:36:45.904Z step:1]" stats="&{Timings:{EvalTotalTime:0.000100125 ResultSortTime:3.33e-07 QueryPreparationTime:1.3958e-05 InnerEvalTime:4.9041e-05 ExecQueueTime:1.708e-06 ExecTotalTime:0.0001045} Samples:0x140012ea990}" spanID=0000000000000000
time=2026-08-02T15:36:54.905-07:00 level=DEBUG msg="Query returned data" test=archv2-parity tool=conduit-v1 collector=conduit type=conduit collector=conduit type=conduit name=msg-megabytes-in-per-second[archv2-parity] series-count=1 last-value=0.853053092956543
time=2026-08-02T15:36:54.905-07:00 level=DEBUG msg="promql query logged" test=archv2-parity tool=conduit-v1 collector=conduit type=conduit collector=conduit type=conduit params="map[end:2026-08-02T22:36:54.905Z query:rate(conduit_connector_bytes_sum{pipeline_name=\"archv2-parity\",type=\"destination\"}[2s])/1048576 start:2026-08-02T22:36:45.904Z step:1]" stats="&{Timings:{EvalTotalTime:4.4917e-05 ResultSortTime:2.08e-07 QueryPreparationTime:9.125e-06 InnerEvalTime:3.1833e-05 ExecQueueTime:1.25e-06 ExecTotalTime:4.8375e-05} Samples:0x140012eaff0}" spanID=0000000000000000
time=2026-08-02T15:36:54.905-07:00 level=DEBUG msg="Query returned data" test=archv2-parity tool=conduit-v1 collector=conduit type=conduit collector=conduit type=conduit name=msg-megabytes-out-per-second[archv2-parity] series-count=1 last-value=0.8529891967773438
time=2026-08-02T15:36:55.084-07:00 level=DEBUG msg="Inspecting container" model=container-monitor name=benchi-conduit
time=2026-08-02T15:36:55.598-07:00 level=DEBUG msg="Inspecting container" model=container-monitor name=benchi-conduit
time=2026-08-02T15:36:55.906-07:00 level=INFO msg="Test in progress" test=archv2-parity tool=conduit-v1 step=test time-left=50s
time=2026-08-02T15:36:55.906-07:00 level=DEBUG msg="promql query logged" test=archv2-parity tool=conduit-v1 collector=conduit type=conduit collector=conduit type=conduit params="map[end:2026-08-02T22:36:55.906Z query:rate(conduit_pipeline_execution_duration_seconds_count{pipeline_name=\"archv2-parity\"}[2s]) start:2026-08-02T22:36:45.904Z step:1]" stats="&{Timings:{EvalTotalTime:6.65e-05 ResultSortTime:5.41e-07 QueryPreparationTime:2.2959e-05 InnerEvalTime:3.7708e-05 ExecQueueTime:2.25e-06 ExecTotalTime:7.1709e-05} Samples:0x1400103a600}" spanID=0000000000000000
time=2026-08-02T15:36:55.906-07:00 level=DEBUG msg="Query returned data" test=archv2-parity tool=conduit-v1 collector=conduit type=conduit collector=conduit type=conduit name=msg-rate-per-second[archv2-parity] series-count=1 last-value=28786
time=2026-08-02T15:36:55.906-07:00 level=DEBUG msg="promql query logged" test=archv2-parity tool=conduit-v1 collector=conduit type=conduit collector=conduit type=conduit params="map[end:2026-08-02T22:36:55.906Z query:rate(conduit_connector_bytes_sum{pipeline_name=\"archv2-parity\",type=\"source\"}[2s])/1048576 start:2026-08-02T22:36:45.904Z step:1]" stats="&{Timings:{EvalTotalTime:4.9083e-05 ResultSortTime:1.25e-07 QueryPreparationTime:7.167e-06 InnerEvalTime:3.85e-05 ExecQueueTime:9.17e-07 ExecTotalTime:5.1791e-05} Samples:0x1400103ac90}" spanID=0000000000000000
time=2026-08-02T15:36:55.906-07:00 level=DEBUG msg="Query returned data" test=archv2-parity tool=conduit-v1 collector=conduit type=conduit collector=conduit type=conduit name=msg-megabytes-in-per-second[archv2-parity] series-count=1 last-value=0.8119478225708008
time=2026-08-02T15:36:55.906-07:00 level=DEBUG msg="promql query logged" test=archv2-parity tool=conduit-v1 collector=conduit type=conduit collector=conduit type=conduit params="map[end:2026-08-02T22:36:55.906Z query:rate(conduit_connector_bytes_sum{pipeline_name=\"archv2-parity\",type=\"destination\"}[2s])/1048576 start:2026-08-02T22:36:45.904Z step:1]" stats="&{Timings:{EvalTotalTime:2.9375e-05 ResultSortTime:1.25e-07 QueryPreparationTime:4.667e-06 InnerEvalTime:1.9416e-05 ExecQueueTime:6.67e-07 ExecTotalTime:3.1459e-05} Samples:0x1400103b2f0}" spanID=0000000000000000
time=2026-08-02T15:36:55.906-07:00 level=DEBUG msg="Query returned data" test=archv2-parity tool=conduit-v1 collector=conduit type=conduit collector=conduit type=conduit name=msg-megabytes-out-per-second[archv2-parity] series-count=1 last-value=0.8119478225708008
time=2026-08-02T15:36:56.104-07:00 level=DEBUG msg="Inspecting container" model=container-monitor name=benchi-conduit
time=2026-08-02T15:36:56.616-07:00 level=DEBUG msg="Inspecting container" model=container-monitor name=benchi-conduit
time=2026-08-02T15:36:56.904-07:00 level=DEBUG msg="promql query logged" test=archv2-parity tool=conduit-v1 collector=conduit type=conduit collector=conduit type=conduit params="map[end:2026-08-02T22:36:56.904Z query:rate(conduit_pipeline_execution_duration_seconds_count{pipeline_name=\"archv2-parity\"}[2s]) start:2026-08-02T22:36:45.904Z step:1]" stats="&{Timings:{EvalTotalTime:6.375e-05 ResultSortTime:2.91e-07 QueryPreparationTime:2.0166e-05 InnerEvalTime:3.6875e-05 ExecQueueTime:2.25e-06 ExecTotalTime:6.8167e-05} Samples:0x1400130afc0}" spanID=0000000000000000
time=2026-08-02T15:36:56.904-07:00 level=DEBUG msg="Query returned data" test=archv2-parity tool=conduit-v1 collector=conduit type=conduit collector=conduit type=conduit name=msg-rate-per-second[archv2-parity] series-count=1 last-value=28921
time=2026-08-02T15:36:56.904-07:00 level=DEBUG msg="promql query logged" test=archv2-parity tool=conduit-v1 collector=conduit type=conduit collector=conduit type=conduit params="map[end:2026-08-02T22:36:56.904Z query:rate(conduit_connector_bytes_sum{pipeline_name=\"archv2-parity\",type=\"source\"}[2s])/1048576 start:2026-08-02T22:36:45.904Z step:1]" stats="&{Timings:{EvalTotalTime:4.575e-05 ResultSortTime:1.25e-07 QueryPreparationTime:6.458e-06 InnerEvalTime:2.8125e-05 ExecQueueTime:7.92e-07 ExecTotalTime:4.8167e-05} Samples:0x1400130b650}" spanID=0000000000000000
time=2026-08-02T15:36:56.904-07:00 level=DEBUG msg="Query returned data" test=archv2-parity tool=conduit-v1 collector=conduit type=conduit collector=conduit type=conduit name=msg-megabytes-in-per-second[archv2-parity] series-count=1 last-value=0.8171577453613281
time=2026-08-02T15:36:56.904-07:00 level=DEBUG msg="promql query logged" test=archv2-parity tool=conduit-v1 collector=conduit type=conduit collector=conduit type=conduit params="map[end:2026-08-02T22:36:56.904Z query:rate(conduit_connector_bytes_sum{pipeline_name=\"archv2-parity\",type=\"destination\"}[2s])/1048576 start:2026-08-02T22:36:45.904Z step:1]" stats="&{Timings:{EvalTotalTime:2.5916e-05 ResultSortTime:1.25e-07 QueryPreparationTime:4.375e-06 InnerEvalTime:1.8375e-05 ExecQueueTime:6.25e-07 ExecTotalTime:3.2542e-05} Samples:0x1400130bcb0}" spanID=0000000000000000
time=2026-08-02T15:36:56.904-07:00 level=DEBUG msg="Query returned data" test=archv2-parity tool=conduit-v1 collector=conduit type=conduit collector=conduit type=conduit name=msg-megabytes-out-per-second[archv2-parity] series-count=1 last-value=0.8171577453613281
time=2026-08-02T15:36:57.129-07:00 level=DEBUG msg="Inspecting container" model=container-monitor name=benchi-conduit
time=2026-08-02T15:36:57.638-07:00 level=DEBUG msg="Inspecting container" model=container-monitor name=benchi-conduit
time=2026-08-02T15:36:57.905-07:00 level=DEBUG msg="promql query logged" test=archv2-parity tool=conduit-v1 collector=conduit type=conduit collector=conduit type=conduit params="map[end:2026-08-02T22:36:57.905Z query:rate(conduit_pipeline_execution_duration_seconds_count{pipeline_name=\"archv2-parity\"}[2s]) start:2026-08-02T22:36:45.904Z step:1]" stats="&{Timings:{EvalTotalTime:9.1625e-05 ResultSortTime:7.92e-07 QueryPreparationTime:3.4083e-05 InnerEvalTime:4.9083e-05 ExecQueueTime:4.374e-06 ExecTotalTime:0.000101292} Samples:0x14001399170}" spanID=0000000000000000
time=2026-08-02T15:36:57.905-07:00 level=DEBUG msg="Query returned data" test=archv2-parity tool=conduit-v1 collector=conduit type=conduit collector=conduit type=conduit name=msg-rate-per-second[archv2-parity] series-count=1 last-value=30317
time=2026-08-02T15:36:57.906-07:00 level=DEBUG msg="promql query logged" test=archv2-parity tool=conduit-v1 collector=conduit type=conduit collector=conduit type=conduit params="map[end:2026-08-02T22:36:57.905Z query:rate(conduit_connector_bytes_sum{pipeline_name=\"archv2-parity\",type=\"source\"}[2s])/1048576 start:2026-08-02T22:36:45.904Z step:1]" stats="&{Timings:{EvalTotalTime:8.9375e-05 ResultSortTime:2.5e-07 QueryPreparationTime:1.6458e-05 InnerEvalTime:6.6916e-05 ExecQueueTime:1.541e-06 ExecTotalTime:9.4791e-05} Samples:0x140013997d0}" spanID=0000000000000000
time=2026-08-02T15:36:57.906-07:00 level=DEBUG msg="Query returned data" test=archv2-parity tool=conduit-v1 collector=conduit type=conduit collector=conduit type=conduit name=msg-megabytes-in-per-second[archv2-parity] series-count=1 last-value=0.8572759628295898
time=2026-08-02T15:36:57.906-07:00 level=DEBUG msg="promql query logged" test=archv2-parity tool=conduit-v1 collector=conduit type=conduit collector=conduit type=conduit params="map[end:2026-08-02T22:36:57.906Z query:rate(conduit_connector_bytes_sum{pipeline_name=\"archv2-parity\",type=\"destination\"}[2s])/1048576 start:2026-08-02T22:36:45.904Z step:1]" stats="&{Timings:{EvalTotalTime:6.9083e-05 ResultSortTime:2.09e-07 QueryPreparationTime:2.9917e-05 InnerEvalTime:3.4667e-05 ExecQueueTime:1.375e-06 ExecTotalTime:7.3708e-05} Samples:0x14001399e30}" spanID=0000000000000000
time=2026-08-02T15:36:57.906-07:00 level=DEBUG msg="Query returned data" test=archv2-parity tool=conduit-v1 collector=conduit type=conduit collector=conduit type=conduit name=msg-megabytes-out-per-second[archv2-parity] series-count=1 last-value=0.8572759628295898
time=2026-08-02T15:36:58.146-07:00 level=DEBUG msg="Inspecting container" model=container-monitor name=benchi-conduit
time=2026-08-02T15:36:58.660-07:00 level=DEBUG msg="Inspecting container" model=container-monitor name=benchi-conduit
time=2026-08-02T15:36:58.905-07:00 level=DEBUG msg="promql query logged" test=archv2-parity tool=conduit-v1 collector=conduit type=conduit collector=conduit type=conduit params="map[end:2026-08-02T22:36:58.905Z query:rate(conduit_pipeline_execution_duration_seconds_count{pipeline_name=\"archv2-parity\"}[2s]) start:2026-08-02T22:36:45.904Z step:1]" stats="&{Timings:{EvalTotalTime:6.8584e-05 ResultSortTime:2.91e-07 QueryPreparationTime:2.8625e-05 InnerEvalTime:3.2875e-05 ExecQueueTime:2.583e-06 ExecTotalTime:7.4416e-05} Samples:0x14001534930}" spanID=0000000000000000
time=2026-08-02T15:36:58.905-07:00 level=DEBUG msg="Query returned data" test=archv2-parity tool=conduit-v1 collector=conduit type=conduit collector=conduit type=conduit name=msg-rate-per-second[archv2-parity] series-count=1 last-value=28089
time=2026-08-02T15:36:58.905-07:00 level=DEBUG msg="promql query logged" test=archv2-parity tool=conduit-v1 collector=conduit type=conduit collector=conduit type=conduit params="map[end:2026-08-02T22:36:58.905Z query:rate(conduit_connector_bytes_sum{pipeline_name=\"archv2-parity\",type=\"source\"}[2s])/1048576 start:2026-08-02T22:36:45.904Z step:1]" stats="&{Timings:{EvalTotalTime:5.5667e-05 ResultSortTime:1.25e-07 QueryPreparationTime:7.625e-06 InnerEvalTime:4.4541e-05 ExecQueueTime:1.25e-06 ExecTotalTime:5.8417e-05} Samples:0x14001534f90}" spanID=0000000000000000
time=2026-08-02T15:36:58.905-07:00 level=DEBUG msg="Query returned data" test=archv2-parity tool=conduit-v1 collector=conduit type=conduit collector=conduit type=conduit name=msg-megabytes-in-per-second[archv2-parity] series-count=1 last-value=0.7941122055053711
time=2026-08-02T15:36:58.905-07:00 level=DEBUG msg="promql query logged" test=archv2-parity tool=conduit-v1 collector=conduit type=conduit collector=conduit type=conduit params="map[end:2026-08-02T22:36:58.905Z query:rate(conduit_connector_bytes_sum{pipeline_name=\"archv2-parity\",type=\"destination\"}[2s])/1048576 start:2026-08-02T22:36:45.904Z step:1]" stats="&{Timings:{EvalTotalTime:2.95e-05 ResultSortTime:1.25e-07 QueryPreparationTime:4.459e-06 InnerEvalTime:1.9958e-05 ExecQueueTime:6.25e-07 ExecTotalTime:3.1625e-05} Samples:0x140015355f0}" spanID=0000000000000000
time=2026-08-02T15:36:58.905-07:00 level=DEBUG msg="Query returned data" test=archv2-parity tool=conduit-v1 collector=conduit type=conduit collector=conduit type=conduit name=msg-megabytes-out-per-second[archv2-parity] series-count=1 last-value=0.7941465377807617
time=2026-08-02T15:36:59.165-07:00 level=DEBUG msg="Inspecting container" model=container-monitor name=benchi-conduit
time=2026-08-02T15:36:59.671-07:00 level=DEBUG msg="Inspecting container" model=container-monitor name=benchi-conduit
time=2026-08-02T15:36:59.905-07:00 level=DEBUG msg="promql query logged" test=archv2-parity tool=conduit-v1 collector=conduit type=conduit collector=conduit type=conduit params="map[end:2026-08-02T22:36:59.904Z query:rate(conduit_pipeline_execution_duration_seconds_count{pipeline_name=\"archv2-parity\"}[2s]) start:2026-08-02T22:36:45.904Z step:1]" stats="&{Timings:{EvalTotalTime:0.000105709 ResultSortTime:3.75e-07 QueryPreparationTime:2.4708e-05 InnerEvalTime:4.7792e-05 ExecQueueTime:3.708e-06 ExecTotalTime:0.000112375} Samples:0x140015ce3f0}" spanID=0000000000000000
time=2026-08-02T15:36:59.905-07:00 level=DEBUG msg="Query returned data" test=archv2-parity tool=conduit-v1 collector=conduit type=conduit collector=conduit type=conduit name=msg-rate-per-second[archv2-parity] series-count=1 last-value=31007
time=2026-08-02T15:36:59.905-07:00 level=DEBUG msg="promql query logged" test=archv2-parity tool=conduit-v1 collector=conduit type=conduit collector=conduit type=conduit params="map[end:2026-08-02T22:36:59.905Z query:rate(conduit_connector_bytes_sum{pipeline_name=\"archv2-parity\",type=\"source\"}[2s])/1048576 start:2026-08-02T22:36:45.904Z step:1]" stats="&{Timings:{EvalTotalTime:0.000114166 ResultSortTime:4.58e-07 QueryPreparationTime:1.525e-05 InnerEvalTime:9.3042e-05 ExecQueueTime:1.875e-06 ExecTotalTime:0.00011875} Samples:0x140015cea50}" spanID=0000000000000000
time=2026-08-02T15:36:59.905-07:00 level=DEBUG msg="Query returned data" test=archv2-parity tool=conduit-v1 collector=conduit type=conduit collector=conduit type=conduit name=msg-megabytes-in-per-second[archv2-parity] series-count=1 last-value=0.876129150390625
time=2026-08-02T15:36:59.905-07:00 level=DEBUG msg="promql query logged" test=archv2-parity tool=conduit-v1 collector=conduit type=conduit collector=conduit type=conduit params="map[end:2026-08-02T22:36:59.905Z query:rate(conduit_connector_bytes_sum{pipeline_name=\"archv2-parity\",type=\"destination\"}[2s])/1048576 start:2026-08-02T22:36:45.904Z step:1]" stats="&{Timings:{EvalTotalTime:7.6791e-05 ResultSortTime:2.5e-07 QueryPreparationTime:9.625e-06 InnerEvalTime:6.2625e-05 ExecQueueTime:1.167e-06 ExecTotalTime:8.0375e-05} Samples:0x140015cf0b0}" spanID=0000000000000000
time=2026-08-02T15:36:59.905-07:00 level=DEBUG msg="Query returned data" test=archv2-parity tool=conduit-v1 collector=conduit type=conduit collector=conduit type=conduit name=msg-megabytes-out-per-second[archv2-parity] series-count=1 last-value=0.8761215209960938
time=2026-08-02T15:37:00.181-07:00 level=DEBUG msg="Inspecting container" model=container-monitor name=benchi-conduit
time=2026-08-02T15:37:00.701-07:00 level=DEBUG msg="Inspecting container" model=container-monitor name=benchi-conduit
time=2026-08-02T15:37:00.904-07:00 level=INFO msg="Test in progress" test=archv2-parity tool=conduit-v1 step=test time-left=45s
time=2026-08-02T15:37:00.905-07:00 level=DEBUG msg="promql query logged" test=archv2-parity tool=conduit-v1 collector=conduit type=conduit collector=conduit type=conduit params="map[end:2026-08-02T22:37:00.905Z query:rate(conduit_pipeline_execution_duration_seconds_count{pipeline_name=\"archv2-parity\"}[2s]) start:2026-08-02T22:36:45.904Z step:1]" stats="&{Timings:{EvalTotalTime:0.000129416 ResultSortTime:3.75e-07 QueryPreparationTime:5.15e-05 InnerEvalTime:6.9125e-05 ExecQueueTime:2.376e-06 ExecTotalTime:0.000135167} Samples:0x140015f75f0}" spanID=0000000000000000
time=2026-08-02T15:37:00.905-07:00 level=DEBUG msg="Query returned data" test=archv2-parity tool=conduit-v1 collector=conduit type=conduit collector=conduit type=conduit name=msg-rate-per-second[archv2-parity] series-count=1 last-value=26939
time=2026-08-02T15:37:00.905-07:00 level=DEBUG msg="promql query logged" test=archv2-parity tool=conduit-v1 collector=conduit type=conduit collector=conduit type=conduit params="map[end:2026-08-02T22:37:00.905Z query:rate(conduit_connector_bytes_sum{pipeline_name=\"archv2-parity\",type=\"source\"}[2s])/1048576 start:2026-08-02T22:36:45.904Z step:1]" stats="&{Timings:{EvalTotalTime:4.6875e-05 ResultSortTime:2.09e-07 QueryPreparationTime:1.25e-05 InnerEvalTime:3.1e-05 ExecQueueTime:2.208e-06 ExecTotalTime:0.000108916} Samples:0x140015f7c50}" spanID=0000000000000000
time=2026-08-02T15:37:00.905-07:00 level=DEBUG msg="Query returned data" test=archv2-parity tool=conduit-v1 collector=conduit type=conduit collector=conduit type=conduit name=msg-megabytes-in-per-second[archv2-parity] series-count=1 last-value=0.7625703811645508
time=2026-08-02T15:37:00.905-07:00 level=DEBUG msg="promql query logged" test=archv2-parity tool=conduit-v1 collector=conduit type=conduit collector=conduit type=conduit params="map[end:2026-08-02T22:37:00.905Z query:rate(conduit_connector_bytes_sum{pipeline_name=\"archv2-parity\",type=\"destination\"}[2s])/1048576 start:2026-08-02T22:36:45.904Z step:1]" stats="&{Timings:{EvalTotalTime:2.2167e-05 ResultSortTime:1.25e-07 QueryPreparationTime:5.75e-06 InnerEvalTime:1.4584e-05 ExecQueueTime:6.26e-07 ExecTotalTime:2.3625e-05} Samples:0x140016c0330}" spanID=0000000000000000
time=2026-08-02T15:37:00.905-07:00 level=DEBUG msg="Query returned data" test=archv2-parity tool=conduit-v1 collector=conduit type=conduit collector=conduit type=conduit name=msg-megabytes-out-per-second[archv2-parity] series-count=1 last-value=0.7625436782836914
time=2026-08-02T15:37:01.217-07:00 level=DEBUG msg="Inspecting container" model=container-monitor name=benchi-conduit
time=2026-08-02T15:37:01.722-07:00 level=DEBUG msg="Inspecting container" model=container-monitor name=benchi-conduit
time=2026-08-02T15:37:01.906-07:00 level=DEBUG msg="promql query logged" test=archv2-parity tool=conduit-v1 collector=conduit type=conduit collector=conduit type=conduit params="map[end:2026-08-02T22:37:01.906Z query:rate(conduit_pipeline_execution_duration_seconds_count{pipeline_name=\"archv2-parity\"}[2s]) start:2026-08-02T22:36:45.904Z step:1]" stats="&{Timings:{EvalTotalTime:0.000136334 ResultSortTime:2.5e-07 QueryPreparationTime:9.6084e-05 InnerEvalTime:3.2792e-05 ExecQueueTime:2.583e-06 ExecTotalTime:0.000141167} Samples:0x140016c0ff0}" spanID=0000000000000000
time=2026-08-02T15:37:01.909-07:00 level=DEBUG msg="Query returned data" test=archv2-parity tool=conduit-v1 collector=conduit type=conduit collector=conduit type=conduit name=msg-rate-per-second[archv2-parity] series-count=1 last-value=28991
time=2026-08-02T15:37:01.909-07:00 level=DEBUG msg="promql query logged" test=archv2-parity tool=conduit-v1 collector=conduit type=conduit collector=conduit type=conduit params="map[end:2026-08-02T22:37:01.909Z query:rate(conduit_connector_bytes_sum{pipeline_name=\"archv2-parity\",type=\"source\"}[2s])/1048576 start:2026-08-02T22:36:45.904Z step:1]" stats="&{Timings:{EvalTotalTime:5.95e-05 ResultSortTime:1.67e-07 QueryPreparationTime:8.208e-06 InnerEvalTime:4.875e-05 ExecQueueTime:1.375e-06 ExecTotalTime:6.2167e-05} Samples:0x140016c16b0}" spanID=0000000000000000
time=2026-08-02T15:37:01.909-07:00 level=DEBUG msg="Query returned data" test=archv2-parity tool=conduit-v1 collector=conduit type=conduit collector=conduit type=conduit name=msg-megabytes-in-per-second[archv2-parity] series-count=1 last-value=0.8198690414428711
time=2026-08-02T15:37:01.909-07:00 level=DEBUG msg="promql query logged" test=archv2-parity tool=conduit-v1 collector=conduit type=conduit collector=conduit type=conduit params="map[end:2026-08-02T22:37:01.909Z query:rate(conduit_connector_bytes_sum{pipeline_name=\"archv2-parity\",type=\"destination\"}[2s])/1048576 start:2026-08-02T22:36:45.904Z step:1]" stats="&{Timings:{EvalTotalTime:1.9875e-05 ResultSortTime:8.3e-08 QueryPreparationTime:3.333e-06 InnerEvalTime:1.4667e-05 ExecQueueTime:5e-07 ExecTotalTime:2.1291e-05} Samples:0x140016c1d10}" spanID=0000000000000000
time=2026-08-02T15:37:01.909-07:00 level=DEBUG msg="Query returned data" test=archv2-parity tool=conduit-v1 collector=conduit type=conduit collector=conduit type=conduit name=msg-megabytes-out-per-second[archv2-parity] series-count=1 last-value=0.8198690414428711
time=2026-08-02T15:37:02.247-07:00 level=DEBUG msg="Inspecting container" model=container-monitor name=benchi-conduit
time=2026-08-02T15:37:02.756-07:00 level=DEBUG msg="Inspecting container" model=container-monitor name=benchi-conduit
time=2026-08-02T15:37:02.906-07:00 level=DEBUG msg="promql query logged" test=archv2-parity tool=conduit-v1 collector=conduit type=conduit collector=conduit type=conduit params="map[end:2026-08-02T22:37:02.906Z query:rate(conduit_pipeline_execution_duration_seconds_count{pipeline_name=\"archv2-parity\"}[2s]) start:2026-08-02T22:36:45.904Z step:1]" stats="&{Timings:{EvalTotalTime:4.8167e-05 ResultSortTime:4.17e-07 QueryPreparationTime:1.3708e-05 InnerEvalTime:2.9042e-05 ExecQueueTime:2.75e-06 ExecTotalTime:5.5667e-05} Samples:0x140017952c0}" spanID=0000000000000000
time=2026-08-02T15:37:02.906-07:00 level=DEBUG msg="Query returned data" test=archv2-parity tool=conduit-v1 collector=conduit type=conduit collector=conduit type=conduit name=msg-rate-per-second[archv2-parity] series-count=1 last-value=27870
time=2026-08-02T15:37:02.907-07:00 level=DEBUG msg="promql query logged" test=archv2-parity tool=conduit-v1 collector=conduit type=conduit collector=conduit type=conduit params="map[end:2026-08-02T22:37:02.907Z query:rate(conduit_connector_bytes_sum{pipeline_name=\"archv2-parity\",type=\"source\"}[2s])/1048576 start:2026-08-02T22:36:45.904Z step:1]" stats="&{Timings:{EvalTotalTime:5.4959e-05 ResultSortTime:2.5e-07 QueryPreparationTime:1.1167e-05 InnerEvalTime:3.9542e-05 ExecQueueTime:1.75e-06 ExecTotalTime:5.9209e-05} Samples:0x14001795920}" spanID=0000000000000000
time=2026-08-02T15:37:02.907-07:00 level=DEBUG msg="Query returned data" test=archv2-parity tool=conduit-v1 collector=conduit type=conduit collector=conduit type=conduit name=msg-megabytes-in-per-second[archv2-parity] series-count=1 last-value=0.7863712310791016
time=2026-08-02T15:37:02.907-07:00 level=DEBUG msg="promql query logged" test=archv2-parity tool=conduit-v1 collector=conduit type=conduit collector=conduit type=conduit params="map[end:2026-08-02T22:37:02.907Z query:rate(conduit_connector_bytes_sum{pipeline_name=\"archv2-parity\",type=\"destination\"}[2s])/1048576 start:2026-08-02T22:36:45.904Z step:1]" stats="&{Timings:{EvalTotalTime:3.4583e-05 ResultSortTime:1.67e-07 QueryPreparationTime:5.625e-06 InnerEvalTime:2.5333e-05 ExecQueueTime:9.57e-07 ExecTotalTime:3.7e-05} Samples:0x1400060a060}" spanID=0000000000000000
time=2026-08-02T15:37:02.907-07:00 level=DEBUG msg="Query returned data" test=archv2-parity tool=conduit-v1 collector=conduit type=conduit collector=conduit type=conduit name=msg-megabytes-out-per-second[archv2-parity] series-count=1 last-value=0.7863950729370117
time=2026-08-02T15:37:03.261-07:00 level=DEBUG msg="Inspecting container" model=container-monitor name=benchi-conduit
time=2026-08-02T15:37:03.771-07:00 level=DEBUG msg="Inspecting container" model=container-monitor name=benchi-conduit
time=2026-08-02T15:37:03.906-07:00 level=DEBUG msg="promql query logged" test=archv2-parity tool=conduit-v1 collector=conduit type=conduit collector=conduit type=conduit params="map[end:2026-08-02T22:37:03.905Z query:rate(conduit_pipeline_execution_duration_seconds_count{pipeline_name=\"archv2-parity\"}[2s]) start:2026-08-02T22:36:45.904Z step:1]" stats="&{Timings:{EvalTotalTime:9.7625e-05 ResultSortTime:1.125e-06 QueryPreparationTime:3.2e-05 InnerEvalTime:5.5917e-05 ExecQueueTime:5.583e-06 ExecTotalTime:0.000113875} Samples:0x14001201ad0}" spanID=0000000000000000
time=2026-08-02T15:37:03.906-07:00 level=DEBUG msg="Query returned data" test=archv2-parity tool=conduit-v1 collector=conduit type=conduit collector=conduit type=conduit name=msg-rate-per-second[archv2-parity] series-count=1 last-value=25290
time=2026-08-02T15:37:03.906-07:00 level=DEBUG msg="promql query logged" test=archv2-parity tool=conduit-v1 collector=conduit type=conduit collector=conduit type=conduit params="map[end:2026-08-02T22:37:03.906Z query:rate(conduit_connector_bytes_sum{pipeline_name=\"archv2-parity\",type=\"source\"}[2s])/1048576 start:2026-08-02T22:36:45.904Z step:1]" stats="&{Timings:{EvalTotalTime:0.000176333 ResultSortTime:2.5e-07 QueryPreparationTime:2.5834e-05 InnerEvalTime:0.000144584 ExecQueueTime:1.709e-06 ExecTotalTime:0.000181667} Samples:0x14000b081b0}" spanID=0000000000000000
time=2026-08-02T15:37:03.906-07:00 level=DEBUG msg="Query returned data" test=archv2-parity tool=conduit-v1 collector=conduit type=conduit collector=conduit type=conduit name=msg-megabytes-in-per-second[archv2-parity] series-count=1 last-value=0.7150983810424805
time=2026-08-02T15:37:03.906-07:00 level=DEBUG msg="promql query logged" test=archv2-parity tool=conduit-v1 collector=conduit type=conduit collector=conduit type=conduit params="map[end:2026-08-02T22:37:03.906Z query:rate(conduit_connector_bytes_sum{pipeline_name=\"archv2-parity\",type=\"destination\"}[2s])/1048576 start:2026-08-02T22:36:45.904Z step:1]" stats="&{Timings:{EvalTotalTime:5.9958e-05 ResultSortTime:2.09e-07 QueryPreparationTime:1.4375e-05 InnerEvalTime:4.1167e-05 ExecQueueTime:2.001e-06 ExecTotalTime:6.3792e-05} Samples:0x14000b08810}" spanID=0000000000000000
time=2026-08-02T15:37:03.907-07:00 level=DEBUG msg="Query returned data" test=archv2-parity tool=conduit-v1 collector=conduit type=conduit collector=conduit type=conduit name=msg-megabytes-out-per-second[archv2-parity] series-count=1 last-value=0.7150745391845703
time=2026-08-02T15:37:04.284-07:00 level=DEBUG msg="Inspecting container" model=container-monitor name=benchi-conduit
time=2026-08-02T15:37:04.802-07:00 level=DEBUG msg="Inspecting container" model=container-monitor name=benchi-conduit
time=2026-08-02T15:37:04.905-07:00 level=DEBUG msg="promql query logged" test=archv2-parity tool=conduit-v1 collector=conduit type=conduit collector=conduit type=conduit params="map[end:2026-08-02T22:37:04.905Z query:rate(conduit_pipeline_execution_duration_seconds_count{pipeline_name=\"archv2-parity\"}[2s]) start:2026-08-02T22:36:45.904Z step:1]" stats="&{Timings:{EvalTotalTime:5.6958e-05 ResultSortTime:3.75e-07 QueryPreparationTime:1.4584e-05 InnerEvalTime:3.5333e-05 ExecQueueTime:2.333e-06 ExecTotalTime:6.15e-05} Samples:0x14000ee08d0}" spanID=0000000000000000
time=2026-08-02T15:37:04.905-07:00 level=DEBUG msg="Query returned data" test=archv2-parity tool=conduit-v1 collector=conduit type=conduit collector=conduit type=conduit name=msg-rate-per-second[archv2-parity] series-count=1 last-value=27320
time=2026-08-02T15:37:04.905-07:00 level=DEBUG msg="promql query logged" test=archv2-parity tool=conduit-v1 collector=conduit type=conduit collector=conduit type=conduit params="map[end:2026-08-02T22:37:04.905Z query:rate(conduit_connector_bytes_sum{pipeline_name=\"archv2-parity\",type=\"source\"}[2s])/1048576 start:2026-08-02T22:36:45.904Z step:1]" stats="&{Timings:{EvalTotalTime:4.2167e-05 ResultSortTime:1.66e-07 QueryPreparationTime:6.416e-06 InnerEvalTime:3.1875e-05 ExecQueueTime:8.75e-07 ExecTotalTime:4.4416e-05} Samples:0x14000ee0f60}" spanID=0000000000000000
time=2026-08-02T15:37:04.905-07:00 level=DEBUG msg="Query returned data" test=archv2-parity tool=conduit-v1 collector=conduit type=conduit collector=conduit type=conduit name=msg-megabytes-in-per-second[archv2-parity] series-count=1 last-value=0.7721691131591797
time=2026-08-02T15:37:04.905-07:00 level=DEBUG msg="promql query logged" test=archv2-parity tool=conduit-v1 collector=conduit type=conduit collector=conduit type=conduit params="map[end:2026-08-02T22:37:04.905Z query:rate(conduit_connector_bytes_sum{pipeline_name=\"archv2-parity\",type=\"destination\"}[2s])/1048576 start:2026-08-02T22:36:45.904Z step:1]" stats="&{Timings:{EvalTotalTime:3.2375e-05 ResultSortTime:1.25e-07 QueryPreparationTime:4.333e-06 InnerEvalTime:2.3542e-05 ExecQueueTime:5.83e-07 ExecTotalTime:3.4333e-05} Samples:0x14000fb4120}" spanID=0000000000000000
time=2026-08-02T15:37:04.905-07:00 level=DEBUG msg="Query returned data" test=archv2-parity tool=conduit-v1 collector=conduit type=conduit collector=conduit type=conduit name=msg-megabytes-out-per-second[archv2-parity] series-count=1 last-value=0.7721691131591797
time=2026-08-02T15:37:05.310-07:00 level=DEBUG msg="Inspecting container" model=container-monitor name=benchi-conduit
time=2026-08-02T15:37:05.817-07:00 level=DEBUG msg="Inspecting container" model=container-monitor name=benchi-conduit
time=2026-08-02T15:37:05.905-07:00 level=INFO msg="Test in progress" test=archv2-parity tool=conduit-v1 step=test time-left=40s
time=2026-08-02T15:37:05.905-07:00 level=DEBUG msg="promql query logged" test=archv2-parity tool=conduit-v1 collector=conduit type=conduit collector=conduit type=conduit params="map[end:2026-08-02T22:37:05.905Z query:rate(conduit_pipeline_execution_duration_seconds_count{pipeline_name=\"archv2-parity\"}[2s]) start:2026-08-02T22:36:45.904Z step:1]" stats="&{Timings:{EvalTotalTime:5.5292e-05 ResultSortTime:3.75e-07 QueryPreparationTime:2.175e-05 InnerEvalTime:2.8583e-05 ExecQueueTime:2.042e-06 ExecTotalTime:5.9666e-05} Samples:0x14000fc9ef0}" spanID=0000000000000000
time=2026-08-02T15:37:05.905-07:00 level=DEBUG msg="Query returned data" test=archv2-parity tool=conduit-v1 collector=conduit type=conduit collector=conduit type=conduit name=msg-rate-per-second[archv2-parity] series-count=1 last-value=31455
time=2026-08-02T15:37:05.905-07:00 level=DEBUG msg="promql query logged" test=archv2-parity tool=conduit-v1 collector=conduit type=conduit collector=conduit type=conduit params="map[end:2026-08-02T22:37:05.905Z query:rate(conduit_connector_bytes_sum{pipeline_name=\"archv2-parity\",type=\"source\"}[2s])/1048576 start:2026-08-02T22:36:45.904Z step:1]" stats="&{Timings:{EvalTotalTime:4.2459e-05 ResultSortTime:1.25e-07 QueryPreparationTime:6.083e-06 InnerEvalTime:3.3125e-05 ExecQueueTime:7.08e-07 ExecTotalTime:4.45e-05} Samples:0x14000f78c00}" spanID=0000000000000000
time=2026-08-02T15:37:05.905-07:00 level=DEBUG msg="Query returned data" test=archv2-parity tool=conduit-v1 collector=conduit type=conduit collector=conduit type=conduit name=msg-megabytes-in-per-second[archv2-parity] series-count=1 last-value=0.8886556625366211
time=2026-08-02T15:37:05.905-07:00 level=DEBUG msg="promql query logged" test=archv2-parity tool=conduit-v1 collector=conduit type=conduit collector=conduit type=conduit params="map[end:2026-08-02T22:37:05.905Z query:rate(conduit_connector_bytes_sum{pipeline_name=\"archv2-parity\",type=\"destination\"}[2s])/1048576 start:2026-08-02T22:36:45.904Z step:1]" stats="&{Timings:{EvalTotalTime:3.1333e-05 ResultSortTime:1.25e-07 QueryPreparationTime:4.292e-06 InnerEvalTime:2.3417e-05 ExecQueueTime:7.08e-07 ExecTotalTime:3.3417e-05} Samples:0x140009fc2d0}" spanID=0000000000000000
time=2026-08-02T15:37:05.905-07:00 level=DEBUG msg="Query returned data" test=archv2-parity tool=conduit-v1 collector=conduit type=conduit collector=conduit type=conduit name=msg-megabytes-out-per-second[archv2-parity] series-count=1 last-value=0.8886556625366211
time=2026-08-02T15:37:06.326-07:00 level=DEBUG msg="Inspecting container" model=container-monitor name=benchi-conduit
time=2026-08-02T15:37:06.833-07:00 level=DEBUG msg="Inspecting container" model=container-monitor name=benchi-conduit
time=2026-08-02T15:37:06.919-07:00 level=DEBUG msg="promql query logged" test=archv2-parity tool=conduit-v1 collector=conduit type=conduit collector=conduit type=conduit params="map[end:2026-08-02T22:37:06.918Z query:rate(conduit_pipeline_execution_duration_seconds_count{pipeline_name=\"archv2-parity\"}[2s]) start:2026-08-02T22:36:45.904Z step:1]" stats="&{Timings:{EvalTotalTime:0.00069075 ResultSortTime:8.33e-07 QueryPreparationTime:2.2541e-05 InnerEvalTime:7.0709e-05 ExecQueueTime:4.126e-06 ExecTotalTime:0.000700459} Samples:0x1400130a1b0}" spanID=0000000000000000
time=2026-08-02T15:37:06.920-07:00 level=DEBUG msg="Query returned data" test=archv2-parity tool=conduit-v1 collector=conduit type=conduit collector=conduit type=conduit name=msg-rate-per-second[archv2-parity] series-count=1 last-value=32490
time=2026-08-02T15:37:06.920-07:00 level=DEBUG msg="promql query logged" test=archv2-parity tool=conduit-v1 collector=conduit type=conduit collector=conduit type=conduit params="map[end:2026-08-02T22:37:06.920Z query:rate(conduit_connector_bytes_sum{pipeline_name=\"archv2-parity\",type=\"source\"}[2s])/1048576 start:2026-08-02T22:36:45.904Z step:1]" stats="&{Timings:{EvalTotalTime:8.2125e-05 ResultSortTime:3.75e-07 QueryPreparationTime:1.65e-05 InnerEvalTime:5.9917e-05 ExecQueueTime:2.874e-06 ExecTotalTime:8.7333e-05} Samples:0x1400130a810}" spanID=0000000000000000
time=2026-08-02T15:37:06.920-07:00 level=DEBUG msg="Query returned data" test=archv2-parity tool=conduit-v1 collector=conduit type=conduit collector=conduit type=conduit name=msg-megabytes-in-per-second[archv2-parity] series-count=1 last-value=0.9180736541748047
time=2026-08-02T15:37:06.920-07:00 level=DEBUG msg="promql query logged" test=archv2-parity tool=conduit-v1 collector=conduit type=conduit collector=conduit type=conduit params="map[end:2026-08-02T22:37:06.920Z query:rate(conduit_connector_bytes_sum{pipeline_name=\"archv2-parity\",type=\"destination\"}[2s])/1048576 start:2026-08-02T22:36:45.904Z step:1]" stats="&{Timings:{EvalTotalTime:6.35e-05 ResultSortTime:2.5e-07 QueryPreparationTime:1.2792e-05 InnerEvalTime:4.4917e-05 ExecQueueTime:1.541e-06 ExecTotalTime:6.7958e-05} Samples:0x1400130aea0}" spanID=0000000000000000
time=2026-08-02T15:37:06.920-07:00 level=DEBUG msg="Query returned data" test=archv2-parity tool=conduit-v1 collector=conduit type=conduit collector=conduit type=conduit name=msg-megabytes-out-per-second[archv2-parity] series-count=1 last-value=0.9180736541748047
time=2026-08-02T15:37:07.343-07:00 level=DEBUG msg="Inspecting container" model=container-monitor name=benchi-conduit
time=2026-08-02T15:37:07.860-07:00 level=DEBUG msg="Inspecting container" model=container-monitor name=benchi-conduit
time=2026-08-02T15:37:07.910-07:00 level=DEBUG msg="promql query logged" test=archv2-parity tool=conduit-v1 collector=conduit type=conduit collector=conduit type=conduit params="map[end:2026-08-02T22:37:07.910Z query:rate(conduit_pipeline_execution_duration_seconds_count{pipeline_name=\"archv2-parity\"}[2s]) start:2026-08-02T22:36:45.904Z step:1]" stats="&{Timings:{EvalTotalTime:4.7375e-05 ResultSortTime:5e-07 QueryPreparationTime:1.4667e-05 InnerEvalTime:2.7791e-05 ExecQueueTime:1.917e-06 ExecTotalTime:5.1625e-05} Samples:0x14001165680}" spanID=0000000000000000
time=2026-08-02T15:37:07.910-07:00 level=DEBUG msg="Query returned data" test=archv2-parity tool=conduit-v1 collector=conduit type=conduit collector=conduit type=conduit name=msg-rate-per-second[archv2-parity] series-count=1 last-value=27204
time=2026-08-02T15:37:07.910-07:00 level=DEBUG msg="promql query logged" test=archv2-parity tool=conduit-v1 collector=conduit type=conduit collector=conduit type=conduit params="map[end:2026-08-02T22:37:07.910Z query:rate(conduit_connector_bytes_sum{pipeline_name=\"archv2-parity\",type=\"source\"}[2s])/1048576 start:2026-08-02T22:36:45.904Z step:1]" stats="&{Timings:{EvalTotalTime:4.9208e-05 ResultSortTime:1.25e-07 QueryPreparationTime:6.583e-06 InnerEvalTime:3.375e-05 ExecQueueTime:8.76e-07 ExecTotalTime:5.1625e-05} Samples:0x14001165ce0}" spanID=0000000000000000
time=2026-08-02T15:37:07.910-07:00 level=DEBUG msg="Query returned data" test=archv2-parity tool=conduit-v1 collector=conduit type=conduit collector=conduit type=conduit name=msg-megabytes-in-per-second[archv2-parity] series-count=1 last-value=0.7689428329467773
time=2026-08-02T15:37:07.910-07:00 level=DEBUG msg="promql query logged" test=archv2-parity tool=conduit-v1 collector=conduit type=conduit collector=conduit type=conduit params="map[end:2026-08-02T22:37:07.910Z query:rate(conduit_connector_bytes_sum{pipeline_name=\"archv2-parity\",type=\"destination\"}[2s])/1048576 start:2026-08-02T22:36:45.904Z step:1]" stats="&{Timings:{EvalTotalTime:3.6208e-05 ResultSortTime:1.25e-07 QueryPreparationTime:6.458e-06 InnerEvalTime:2.5708e-05 ExecQueueTime:7.5e-07 ExecTotalTime:3.8333e-05} Samples:0x140013e63c0}" spanID=0000000000000000
time=2026-08-02T15:37:07.910-07:00 level=DEBUG msg="Query returned data" test=archv2-parity tool=conduit-v1 collector=conduit type=conduit collector=conduit type=conduit name=msg-megabytes-out-per-second[archv2-parity] series-count=1 last-value=0.7689428329467773
time=2026-08-02T15:37:08.373-07:00 level=DEBUG msg="Inspecting container" model=container-monitor name=benchi-conduit
time=2026-08-02T15:37:08.884-07:00 level=DEBUG msg="Inspecting container" model=container-monitor name=benchi-conduit
time=2026-08-02T15:37:08.906-07:00 level=DEBUG msg="promql query logged" test=archv2-parity tool=conduit-v1 collector=conduit type=conduit collector=conduit type=conduit params="map[end:2026-08-02T22:37:08.906Z query:rate(conduit_pipeline_execution_duration_seconds_count{pipeline_name=\"archv2-parity\"}[2s]) start:2026-08-02T22:36:45.904Z step:1]" stats="&{Timings:{EvalTotalTime:5.25e-05 ResultSortTime:4.58e-07 QueryPreparationTime:1.5958e-05 InnerEvalTime:3.0792e-05 ExecQueueTime:2.416e-06 ExecTotalTime:5.775e-05} Samples:0x14001535f20}" spanID=0000000000000000
time=2026-08-02T15:37:08.906-07:00 level=DEBUG msg="Query returned data" test=archv2-parity tool=conduit-v1 collector=conduit type=conduit collector=conduit type=conduit name=msg-rate-per-second[archv2-parity] series-count=1 last-value=28400
time=2026-08-02T15:37:08.906-07:00 level=DEBUG msg="promql query logged" test=archv2-parity tool=conduit-v1 collector=conduit type=conduit collector=conduit type=conduit params="map[end:2026-08-02T22:37:08.906Z query:rate(conduit_connector_bytes_sum{pipeline_name=\"archv2-parity\",type=\"source\"}[2s])/1048576 start:2026-08-02T22:36:45.904Z step:1]" stats="&{Timings:{EvalTotalTime:5.7542e-05 ResultSortTime:2.08e-07 QueryPreparationTime:1.0333e-05 InnerEvalTime:4.2417e-05 ExecQueueTime:1.708e-06 ExecTotalTime:6.2209e-05} Samples:0x14001148630}" spanID=0000000000000000
time=2026-08-02T15:37:08.906-07:00 level=DEBUG msg="Query returned data" test=archv2-parity tool=conduit-v1 collector=conduit type=conduit collector=conduit type=conduit name=msg-megabytes-in-per-second[archv2-parity] series-count=1 last-value=0.8015632629394531
time=2026-08-02T15:37:08.906-07:00 level=DEBUG msg="promql query logged" test=archv2-parity tool=conduit-v1 collector=conduit type=conduit collector=conduit type=conduit params="map[end:2026-08-02T22:37:08.906Z query:rate(conduit_connector_bytes_sum{pipeline_name=\"archv2-parity\",type=\"destination\"}[2s])/1048576 start:2026-08-02T22:36:45.904Z step:1]" stats="&{Timings:{EvalTotalTime:3.85e-05 ResultSortTime:1.25e-07 QueryPreparationTime:6e-06 InnerEvalTime:2.8917e-05 ExecQueueTime:1.043e-06 ExecTotalTime:4.4541e-05} Samples:0x14001148c90}" spanID=0000000000000000
time=2026-08-02T15:37:08.906-07:00 level=DEBUG msg="Query returned data" test=archv2-parity tool=conduit-v1 collector=conduit type=conduit collector=conduit type=conduit name=msg-megabytes-out-per-second[archv2-parity] series-count=1 last-value=0.8015632629394531
time=2026-08-02T15:37:09.389-07:00 level=DEBUG msg="Inspecting container" model=container-monitor name=benchi-conduit
time=2026-08-02T15:37:09.895-07:00 level=DEBUG msg="Inspecting container" model=container-monitor name=benchi-conduit
time=2026-08-02T15:37:09.904-07:00 level=DEBUG msg="promql query logged" test=archv2-parity tool=conduit-v1 collector=conduit type=conduit collector=conduit type=conduit params="map[end:2026-08-02T22:37:09.904Z query:rate(conduit_pipeline_execution_duration_seconds_count{pipeline_name=\"archv2-parity\"}[2s]) start:2026-08-02T22:36:45.904Z step:1]" stats="&{Timings:{EvalTotalTime:0.000100958 ResultSortTime:8.33e-07 QueryPreparationTime:3.0291e-05 InnerEvalTime:6.0083e-05 ExecQueueTime:6.542e-06 ExecTotalTime:0.000111333} Samples:0x140013e76b0}" spanID=0000000000000000
time=2026-08-02T15:37:09.904-07:00 level=DEBUG msg="Query returned data" test=archv2-parity tool=conduit-v1 collector=conduit type=conduit collector=conduit type=conduit name=msg-rate-per-second[archv2-parity] series-count=1 last-value=30091
time=2026-08-02T15:37:09.904-07:00 level=DEBUG msg="promql query logged" test=archv2-parity tool=conduit-v1 collector=conduit type=conduit collector=conduit type=conduit params="map[end:2026-08-02T22:37:09.904Z query:rate(conduit_connector_bytes_sum{pipeline_name=\"archv2-parity\",type=\"source\"}[2s])/1048576 start:2026-08-02T22:36:45.904Z step:1]" stats="&{Timings:{EvalTotalTime:0.000105041 ResultSortTime:2.92e-07 QueryPreparationTime:1.4917e-05 InnerEvalTime:8.3708e-05 ExecQueueTime:1.542e-06 ExecTotalTime:0.000110542} Samples:0x140013e7e00}" spanID=0000000000000000
time=2026-08-02T15:37:09.905-07:00 level=DEBUG msg="Query returned data" test=archv2-parity tool=conduit-v1 collector=conduit type=conduit collector=conduit type=conduit name=msg-megabytes-in-per-second[archv2-parity] series-count=1 last-value=0.8509311676025391
time=2026-08-02T15:37:09.905-07:00 level=DEBUG msg="promql query logged" test=archv2-parity tool=conduit-v1 collector=conduit type=conduit collector=conduit type=conduit params="map[end:2026-08-02T22:37:09.905Z query:rate(conduit_connector_bytes_sum{pipeline_name=\"archv2-parity\",type=\"destination\"}[2s])/1048576 start:2026-08-02T22:36:45.904Z step:1]" stats="&{Timings:{EvalTotalTime:8.5541e-05 ResultSortTime:5.42e-07 QueryPreparationTime:2.0208e-05 InnerEvalTime:5.8292e-05 ExecQueueTime:2.292e-06 ExecTotalTime:9.2209e-05} Samples:0x140012304e0}" spanID=0000000000000000
time=2026-08-02T15:37:09.905-07:00 level=DEBUG msg="Query returned data" test=archv2-parity tool=conduit-v1 collector=conduit type=conduit collector=conduit type=conduit name=msg-megabytes-out-per-second[archv2-parity] series-count=1 last-value=0.8509311676025391
time=2026-08-02T15:37:10.405-07:00 level=DEBUG msg="Inspecting container" model=container-monitor name=benchi-conduit
time=2026-08-02T15:37:10.904-07:00 level=INFO msg="Test in progress" test=archv2-parity tool=conduit-v1 step=test time-left=35s
time=2026-08-02T15:37:10.905-07:00 level=DEBUG msg="promql query logged" test=archv2-parity tool=conduit-v1 collector=conduit type=conduit collector=conduit type=conduit params="map[end:2026-08-02T22:37:10.904Z query:rate(conduit_pipeline_execution_duration_seconds_count{pipeline_name=\"archv2-parity\"}[2s]) start:2026-08-02T22:36:45.904Z step:1]" stats="&{Timings:{EvalTotalTime:0.00010175 ResultSortTime:2.833e-06 QueryPreparationTime:3.1916e-05 InnerEvalTime:5.8292e-05 ExecQueueTime:4.625e-06 ExecTotalTime:0.000109708} Samples:0x1400134a060}" spanID=0000000000000000
time=2026-08-02T15:37:10.905-07:00 level=DEBUG msg="Query returned data" test=archv2-parity tool=conduit-v1 collector=conduit type=conduit collector=conduit type=conduit name=msg-rate-per-second[archv2-parity] series-count=1 last-value=29855
time=2026-08-02T15:37:10.905-07:00 level=DEBUG msg="promql query logged" test=archv2-parity tool=conduit-v1 collector=conduit type=conduit collector=conduit type=conduit params="map[end:2026-08-02T22:37:10.905Z query:rate(conduit_connector_bytes_sum{pipeline_name=\"archv2-parity\",type=\"source\"}[2s])/1048576 start:2026-08-02T22:36:45.904Z step:1]" stats="&{Timings:{EvalTotalTime:6.4125e-05 ResultSortTime:2.92e-07 QueryPreparationTime:1.0125e-05 InnerEvalTime:5.0542e-05 ExecQueueTime:8.34e-07 ExecTotalTime:6.75e-05} Samples:0x1400134a6c0}" spanID=0000000000000000
time=2026-08-02T15:37:10.905-07:00 level=DEBUG msg="Query returned data" test=archv2-parity tool=conduit-v1 collector=conduit type=conduit collector=conduit type=conduit name=msg-megabytes-in-per-second[archv2-parity] series-count=1 last-value=0.8436613082885742
time=2026-08-02T15:37:10.905-07:00 level=DEBUG msg="promql query logged" test=archv2-parity tool=conduit-v1 collector=conduit type=conduit collector=conduit type=conduit params="map[end:2026-08-02T22:37:10.905Z query:rate(conduit_connector_bytes_sum{pipeline_name=\"archv2-parity\",type=\"destination\"}[2s])/1048576 start:2026-08-02T22:36:45.904Z step:1]" stats="&{Timings:{EvalTotalTime:4.3958e-05 ResultSortTime:1.25e-07 QueryPreparationTime:6e-06 InnerEvalTime:3.475e-05 ExecQueueTime:9.99e-07 ExecTotalTime:4.625e-05} Samples:0x1400134ad20}" spanID=0000000000000000
time=2026-08-02T15:37:10.905-07:00 level=DEBUG msg="Query returned data" test=archv2-parity tool=conduit-v1 collector=conduit type=conduit collector=conduit type=conduit name=msg-megabytes-out-per-second[archv2-parity] series-count=1 last-value=0.8436613082885742
time=2026-08-02T15:37:10.915-07:00 level=DEBUG msg="Inspecting container" model=container-monitor name=benchi-conduit
time=2026-08-02T15:37:11.421-07:00 level=DEBUG msg="Inspecting container" model=container-monitor name=benchi-conduit
time=2026-08-02T15:37:11.905-07:00 level=DEBUG msg="promql query logged" test=archv2-parity tool=conduit-v1 collector=conduit type=conduit collector=conduit type=conduit params="map[end:2026-08-02T22:37:11.904Z query:rate(conduit_pipeline_execution_duration_seconds_count{pipeline_name=\"archv2-parity\"}[2s]) start:2026-08-02T22:36:45.904Z step:1]" stats="&{Timings:{EvalTotalTime:0.000115917 ResultSortTime:8.75e-07 QueryPreparationTime:3.4542e-05 InnerEvalTime:7.1417e-05 ExecQueueTime:4.292e-06 ExecTotalTime:0.000124041} Samples:0x140013c4930}" spanID=0000000000000000
time=2026-08-02T15:37:11.905-07:00 level=DEBUG msg="Query returned data" test=archv2-parity tool=conduit-v1 collector=conduit type=conduit collector=conduit type=conduit name=msg-rate-per-second[archv2-parity] series-count=1 last-value=29586
time=2026-08-02T15:37:11.905-07:00 level=DEBUG msg="promql query logged" test=archv2-parity tool=conduit-v1 collector=conduit type=conduit collector=conduit type=conduit params="map[end:2026-08-02T22:37:11.905Z query:rate(conduit_connector_bytes_sum{pipeline_name=\"archv2-parity\",type=\"source\"}[2s])/1048576 start:2026-08-02T22:36:45.904Z step:1]" stats="&{Timings:{EvalTotalTime:8.5458e-05 ResultSortTime:5e-07 QueryPreparationTime:1.2333e-05 InnerEvalTime:6.7667e-05 ExecQueueTime:9.59e-07 ExecTotalTime:8.9e-05} Samples:0x140013c4fc0}" spanID=0000000000000000
time=2026-08-02T15:37:11.905-07:00 level=DEBUG msg="Query returned data" test=archv2-parity tool=conduit-v1 collector=conduit type=conduit collector=conduit type=conduit name=msg-megabytes-in-per-second[archv2-parity] series-count=1 last-value=0.8348627090454102
time=2026-08-02T15:37:11.905-07:00 level=DEBUG msg="promql query logged" test=archv2-parity tool=conduit-v1 collector=conduit type=conduit collector=conduit type=conduit params="map[end:2026-08-02T22:37:11.905Z query:rate(conduit_connector_bytes_sum{pipeline_name=\"archv2-parity\",type=\"destination\"}[2s])/1048576 start:2026-08-02T22:36:45.904Z step:1]" stats="&{Timings:{EvalTotalTime:4.7417e-05 ResultSortTime:1.25e-07 QueryPreparationTime:7.125e-06 InnerEvalTime:3.4667e-05 ExecQueueTime:1.084e-06 ExecTotalTime:4.9583e-05} Samples:0x140013c5620}" spanID=0000000000000000
time=2026-08-02T15:37:11.905-07:00 level=DEBUG msg="Query returned data" test=archv2-parity tool=conduit-v1 collector=conduit type=conduit collector=conduit type=conduit name=msg-megabytes-out-per-second[archv2-parity] series-count=1 last-value=0.8348627090454102
time=2026-08-02T15:37:11.925-07:00 level=DEBUG msg="Inspecting container" model=container-monitor name=benchi-conduit
time=2026-08-02T15:37:12.438-07:00 level=DEBUG msg="Inspecting container" model=container-monitor name=benchi-conduit
time=2026-08-02T15:37:12.904-07:00 level=DEBUG msg="promql query logged" test=archv2-parity tool=conduit-v1 collector=conduit type=conduit collector=conduit type=conduit params="map[end:2026-08-02T22:37:12.904Z query:rate(conduit_pipeline_execution_duration_seconds_count{pipeline_name=\"archv2-parity\"}[2s]) start:2026-08-02T22:36:45.904Z step:1]" stats="&{Timings:{EvalTotalTime:0.000100792 ResultSortTime:1.042e-06 QueryPreparationTime:3.1042e-05 InnerEvalTime:5.9958e-05 ExecQueueTime:6.959e-06 ExecTotalTime:0.000112416} Samples:0x140013fce40}" spanID=0000000000000000
time=2026-08-02T15:37:12.904-07:00 level=DEBUG msg="Query returned data" test=archv2-parity tool=conduit-v1 collector=conduit type=conduit collector=conduit type=conduit name=msg-rate-per-second[archv2-parity] series-count=1 last-value=28662
time=2026-08-02T15:37:12.905-07:00 level=DEBUG msg="promql query logged" test=archv2-parity tool=conduit-v1 collector=conduit type=conduit collector=conduit type=conduit params="map[end:2026-08-02T22:37:12.904Z query:rate(conduit_connector_bytes_sum{pipeline_name=\"archv2-parity\",type=\"source\"}[2s])/1048576 start:2026-08-02T22:36:45.904Z step:1]" stats="&{Timings:{EvalTotalTime:0.000292375 ResultSortTime:5.83e-07 QueryPreparationTime:2.6625e-05 InnerEvalTime:0.000253417 ExecQueueTime:1.0999e-05 ExecTotalTime:0.000307792} Samples:0x140013fd4a0}" spanID=0000000000000000
time=2026-08-02T15:37:12.905-07:00 level=DEBUG msg="Query returned data" test=archv2-parity tool=conduit-v1 collector=conduit type=conduit collector=conduit type=conduit name=msg-megabytes-in-per-second[archv2-parity] series-count=1 last-value=0.8111600875854492
time=2026-08-02T15:37:12.905-07:00 level=DEBUG msg="promql query logged" test=archv2-parity tool=conduit-v1 collector=conduit type=conduit collector=conduit type=conduit params="map[end:2026-08-02T22:37:12.905Z query:rate(conduit_connector_bytes_sum{pipeline_name=\"archv2-parity\",type=\"destination\"}[2s])/1048576 start:2026-08-02T22:36:45.904Z step:1]" stats="&{Timings:{EvalTotalTime:9.0042e-05 ResultSortTime:2.5e-07 QueryPreparationTime:2.1084e-05 InnerEvalTime:5.8125e-05 ExecQueueTime:2.166e-06 ExecTotalTime:9.55e-05} Samples:0x140013fdb00}" spanID=0000000000000000
time=2026-08-02T15:37:12.905-07:00 level=DEBUG msg="Query returned data" test=archv2-parity tool=conduit-v1 collector=conduit type=conduit collector=conduit type=conduit name=msg-megabytes-out-per-second[archv2-parity] series-count=1 last-value=0.8111600875854492
time=2026-08-02T15:37:12.943-07:00 level=DEBUG msg="Inspecting container" model=container-monitor name=benchi-conduit
time=2026-08-02T15:37:13.451-07:00 level=DEBUG msg="Inspecting container" model=container-monitor name=benchi-conduit
time=2026-08-02T15:37:13.908-07:00 level=DEBUG msg="promql query logged" test=archv2-parity tool=conduit-v1 collector=conduit type=conduit collector=conduit type=conduit params="map[end:2026-08-02T22:37:13.907Z query:rate(conduit_pipeline_execution_duration_seconds_count{pipeline_name=\"archv2-parity\"}[2s]) start:2026-08-02T22:36:45.904Z step:1]" stats="&{Timings:{EvalTotalTime:7.6917e-05 ResultSortTime:6.67e-07 QueryPreparationTime:1.9042e-05 InnerEvalTime:4.3667e-05 ExecQueueTime:3.959e-06 ExecTotalTime:8.3416e-05} Samples:0x1400141f560}" spanID=0000000000000000
time=2026-08-02T15:37:13.908-07:00 level=DEBUG msg="Query returned data" test=archv2-parity tool=conduit-v1 collector=conduit type=conduit collector=conduit type=conduit name=msg-rate-per-second[archv2-parity] series-count=1 last-value=29514
time=2026-08-02T15:37:13.908-07:00 level=DEBUG msg="promql query logged" test=archv2-parity tool=conduit-v1 collector=conduit type=conduit collector=conduit type=conduit params="map[end:2026-08-02T22:37:13.908Z query:rate(conduit_connector_bytes_sum{pipeline_name=\"archv2-parity\",type=\"source\"}[2s])/1048576 start:2026-08-02T22:36:45.904Z step:1]" stats="&{Timings:{EvalTotalTime:9.375e-05 ResultSortTime:3.34e-07 QueryPreparationTime:7.333e-06 InnerEvalTime:8.2458e-05 ExecQueueTime:7.5e-07 ExecTotalTime:9.65e-05} Samples:0x1400141fbc0}" spanID=0000000000000000
time=2026-08-02T15:37:13.908-07:00 level=DEBUG msg="Query returned data" test=archv2-parity tool=conduit-v1 collector=conduit type=conduit collector=conduit type=conduit name=msg-megabytes-in-per-second[archv2-parity] series-count=1 last-value=0.8329811096191406
time=2026-08-02T15:37:13.908-07:00 level=DEBUG msg="promql query logged" test=archv2-parity tool=conduit-v1 collector=conduit type=conduit collector=conduit type=conduit params="map[end:2026-08-02T22:37:13.908Z query:rate(conduit_connector_bytes_sum{pipeline_name=\"archv2-parity\",type=\"destination\"}[2s])/1048576 start:2026-08-02T22:36:45.904Z step:1]" stats="&{Timings:{EvalTotalTime:4.375e-05 ResultSortTime:1.67e-07 QueryPreparationTime:5.375e-06 InnerEvalTime:3.5292e-05 ExecQueueTime:7.92e-07 ExecTotalTime:4.6125e-05} Samples:0x140014522a0}" spanID=0000000000000000
time=2026-08-02T15:37:13.908-07:00 level=DEBUG msg="Query returned data" test=archv2-parity tool=conduit-v1 collector=conduit type=conduit collector=conduit type=conduit name=msg-megabytes-out-per-second[archv2-parity] series-count=1 last-value=0.8329811096191406
time=2026-08-02T15:37:13.954-07:00 level=DEBUG msg="Inspecting container" model=container-monitor name=benchi-conduit
time=2026-08-02T15:37:14.466-07:00 level=DEBUG msg="Inspecting container" model=container-monitor name=benchi-conduit
time=2026-08-02T15:37:14.905-07:00 level=DEBUG msg="promql query logged" test=archv2-parity tool=conduit-v1 collector=conduit type=conduit collector=conduit type=conduit params="map[end:2026-08-02T22:37:14.905Z query:rate(conduit_pipeline_execution_duration_seconds_count{pipeline_name=\"archv2-parity\"}[2s]) start:2026-08-02T22:36:45.904Z step:1]" stats="&{Timings:{EvalTotalTime:0.000101541 ResultSortTime:1.125e-06 QueryPreparationTime:3.2041e-05 InnerEvalTime:6.0375e-05 ExecQueueTime:5.166e-06 ExecTotalTime:0.0001105} Samples:0x14001453c50}" spanID=0000000000000000
time=2026-08-02T15:37:14.905-07:00 level=DEBUG msg="Query returned data" test=archv2-parity tool=conduit-v1 collector=conduit type=conduit collector=conduit type=conduit name=msg-rate-per-second[archv2-parity] series-count=1 last-value=32890
time=2026-08-02T15:37:14.905-07:00 level=DEBUG msg="promql query logged" test=archv2-parity tool=conduit-v1 collector=conduit type=conduit collector=conduit type=conduit params="map[end:2026-08-02T22:37:14.905Z query:rate(conduit_connector_bytes_sum{pipeline_name=\"archv2-parity\",type=\"source\"}[2s])/1048576 start:2026-08-02T22:36:45.904Z step:1]" stats="&{Timings:{EvalTotalTime:0.000111625 ResultSortTime:4.16e-07 QueryPreparationTime:1.8458e-05 InnerEvalTime:8.3833e-05 ExecQueueTime:1.875e-06 ExecTotalTime:0.00011775} Samples:0x14001594330}" spanID=0000000000000000
time=2026-08-02T15:37:14.905-07:00 level=DEBUG msg="Query returned data" test=archv2-parity tool=conduit-v1 collector=conduit type=conduit collector=conduit type=conduit name=msg-megabytes-in-per-second[archv2-parity] series-count=1 last-value=0.9290800094604492
time=2026-08-02T15:37:14.906-07:00 level=DEBUG msg="promql query logged" test=archv2-parity tool=conduit-v1 collector=conduit type=conduit collector=conduit type=conduit params="map[end:2026-08-02T22:37:14.905Z query:rate(conduit_connector_bytes_sum{pipeline_name=\"archv2-parity\",type=\"destination\"}[2s])/1048576 start:2026-08-02T22:36:45.904Z step:1]" stats="&{Timings:{EvalTotalTime:6.5417e-05 ResultSortTime:8.3e-08 QueryPreparationTime:1.1e-05 InnerEvalTime:4.9292e-05 ExecQueueTime:1.667e-06 ExecTotalTime:6.9458e-05} Samples:0x14001594990}" spanID=0000000000000000
time=2026-08-02T15:37:14.906-07:00 level=DEBUG msg="Query returned data" test=archv2-parity tool=conduit-v1 collector=conduit type=conduit collector=conduit type=conduit name=msg-megabytes-out-per-second[archv2-parity] series-count=1 last-value=0.9290800094604492
time=2026-08-02T15:37:14.971-07:00 level=DEBUG msg="Inspecting container" model=container-monitor name=benchi-conduit
time=2026-08-02T15:37:15.483-07:00 level=DEBUG msg="Inspecting container" model=container-monitor name=benchi-conduit
time=2026-08-02T15:37:15.904-07:00 level=INFO msg="Test in progress" test=archv2-parity tool=conduit-v1 step=test time-left=30s
time=2026-08-02T15:37:15.904-07:00 level=DEBUG msg="promql query logged" test=archv2-parity tool=conduit-v1 collector=conduit type=conduit collector=conduit type=conduit params="map[end:2026-08-02T22:37:15.904Z query:rate(conduit_pipeline_execution_duration_seconds_count{pipeline_name=\"archv2-parity\"}[2s]) start:2026-08-02T22:36:45.904Z step:1]" stats="&{Timings:{EvalTotalTime:4.6834e-05 ResultSortTime:4.17e-07 QueryPreparationTime:1.275e-05 InnerEvalTime:2.9292e-05 ExecQueueTime:1.959e-06 ExecTotalTime:5.125e-05} Samples:0x140016c43c0}" spanID=0000000000000000
time=2026-08-02T15:37:15.904-07:00 level=DEBUG msg="Query returned data" test=archv2-parity tool=conduit-v1 collector=conduit type=conduit collector=conduit type=conduit name=msg-rate-per-second[archv2-parity] series-count=1 last-value=29124
time=2026-08-02T15:37:15.904-07:00 level=DEBUG msg="promql query logged" test=archv2-parity tool=conduit-v1 collector=conduit type=conduit collector=conduit type=conduit params="map[end:2026-08-02T22:37:15.904Z query:rate(conduit_connector_bytes_sum{pipeline_name=\"archv2-parity\",type=\"source\"}[2s])/1048576 start:2026-08-02T22:36:45.904Z step:1]" stats="&{Timings:{EvalTotalTime:4.5875e-05 ResultSortTime:1.67e-07 QueryPreparationTime:5.958e-06 InnerEvalTime:3.675e-05 ExecQueueTime:7.5e-07 ExecTotalTime:4.8167e-05} Samples:0x140016c4a20}" spanID=0000000000000000
time=2026-08-02T15:37:15.904-07:00 level=DEBUG msg="Query returned data" test=archv2-parity tool=conduit-v1 collector=conduit type=conduit collector=conduit type=conduit name=msg-megabytes-in-per-second[archv2-parity] series-count=1 last-value=0.8224859237670898
time=2026-08-02T15:37:15.905-07:00 level=DEBUG msg="promql query logged" test=archv2-parity tool=conduit-v1 collector=conduit type=conduit collector=conduit type=conduit params="map[end:2026-08-02T22:37:15.904Z query:rate(conduit_connector_bytes_sum{pipeline_name=\"archv2-parity\",type=\"destination\"}[2s])/1048576 start:2026-08-02T22:36:45.904Z step:1]" stats="&{Timings:{EvalTotalTime:3.8e-05 ResultSortTime:8.4e-08 QueryPreparationTime:4.292e-06 InnerEvalTime:3.0583e-05 ExecQueueTime:6.66e-07 ExecTotalTime:3.9958e-05} Samples:0x140016c5080}" spanID=0000000000000000
time=2026-08-02T15:37:15.905-07:00 level=DEBUG msg="Query returned data" test=archv2-parity tool=conduit-v1 collector=conduit type=conduit collector=conduit type=conduit name=msg-megabytes-out-per-second[archv2-parity] series-count=1 last-value=0.8224859237670898
time=2026-08-02T15:37:15.987-07:00 level=DEBUG msg="Inspecting container" model=container-monitor name=benchi-conduit
time=2026-08-02T15:37:16.493-07:00 level=DEBUG msg="Inspecting container" model=container-monitor name=benchi-conduit
time=2026-08-02T15:37:16.904-07:00 level=DEBUG msg="promql query logged" test=archv2-parity tool=conduit-v1 collector=conduit type=conduit collector=conduit type=conduit params="map[end:2026-08-02T22:37:16.904Z query:rate(conduit_pipeline_execution_duration_seconds_count{pipeline_name=\"archv2-parity\"}[2s]) start:2026-08-02T22:36:45.904Z step:1]" stats="&{Timings:{EvalTotalTime:0.000175416 ResultSortTime:7.08e-07 QueryPreparationTime:3.4625e-05 InnerEvalTime:0.000128125 ExecQueueTime:4.875e-06 ExecTotalTime:0.000185542} Samples:0x140016e7a10}" spanID=0000000000000000
time=2026-08-02T15:37:16.904-07:00 level=DEBUG msg="Query returned data" test=archv2-parity tool=conduit-v1 collector=conduit type=conduit collector=conduit type=conduit name=msg-rate-per-second[archv2-parity] series-count=1 last-value=31817
time=2026-08-02T15:37:16.905-07:00 level=DEBUG msg="promql query logged" test=archv2-parity tool=conduit-v1 collector=conduit type=conduit collector=conduit type=conduit params="map[end:2026-08-02T22:37:16.905Z query:rate(conduit_connector_bytes_sum{pipeline_name=\"archv2-parity\",type=\"source\"}[2s])/1048576 start:2026-08-02T22:36:45.904Z step:1]" stats="&{Timings:{EvalTotalTime:0.000252958 ResultSortTime:8.33e-07 QueryPreparationTime:6.2583e-05 InnerEvalTime:0.000177875 ExecQueueTime:2.958e-06 ExecTotalTime:0.000262042} Samples:0x1400165a150}" spanID=0000000000000000
time=2026-08-02T15:37:16.906-07:00 level=DEBUG msg="Query returned data" test=archv2-parity tool=conduit-v1 collector=conduit type=conduit collector=conduit type=conduit name=msg-megabytes-in-per-second[archv2-parity] series-count=1 last-value=0.8998308181762695
time=2026-08-02T15:37:16.906-07:00 level=DEBUG msg="promql query logged" test=archv2-parity tool=conduit-v1 collector=conduit type=conduit collector=conduit type=conduit params="map[end:2026-08-02T22:37:16.906Z query:rate(conduit_connector_bytes_sum{pipeline_name=\"archv2-parity\",type=\"destination\"}[2s])/1048576 start:2026-08-02T22:36:45.904Z step:1]" stats="&{Timings:{EvalTotalTime:6.7125e-05 ResultSortTime:2.08e-07 QueryPreparationTime:1.2875e-05 InnerEvalTime:4.9e-05 ExecQueueTime:1.25e-06 ExecTotalTime:7.15e-05} Samples:0x1400165a810}" spanID=0000000000000000
time=2026-08-02T15:37:16.906-07:00 level=DEBUG msg="Query returned data" test=archv2-parity tool=conduit-v1 collector=conduit type=conduit collector=conduit type=conduit name=msg-megabytes-out-per-second[archv2-parity] series-count=1 last-value=0.8998308181762695
time=2026-08-02T15:37:17.001-07:00 level=DEBUG msg="Inspecting container" model=container-monitor name=benchi-conduit
time=2026-08-02T15:37:17.508-07:00 level=DEBUG msg="Inspecting container" model=container-monitor name=benchi-conduit
time=2026-08-02T15:37:17.905-07:00 level=DEBUG msg="promql query logged" test=archv2-parity tool=conduit-v1 collector=conduit type=conduit collector=conduit type=conduit params="map[end:2026-08-02T22:37:17.904Z query:rate(conduit_pipeline_execution_duration_seconds_count{pipeline_name=\"archv2-parity\"}[2s]) start:2026-08-02T22:36:45.904Z step:1]" stats="&{Timings:{EvalTotalTime:0.000179042 ResultSortTime:1.167e-06 QueryPreparationTime:3.5792e-05 InnerEvalTime:0.0001305 ExecQueueTime:4.5e-06 ExecTotalTime:0.000187917} Samples:0x140016c1830}" spanID=0000000000000000
time=2026-08-02T15:37:17.905-07:00 level=DEBUG msg="Query returned data" test=archv2-parity tool=conduit-v1 collector=conduit type=conduit collector=conduit type=conduit name=msg-rate-per-second[archv2-parity] series-count=1 last-value=31316
time=2026-08-02T15:37:17.905-07:00 level=DEBUG msg="promql query logged" test=archv2-parity tool=conduit-v1 collector=conduit type=conduit collector=conduit type=conduit params="map[end:2026-08-02T22:37:17.905Z query:rate(conduit_connector_bytes_sum{pipeline_name=\"archv2-parity\",type=\"source\"}[2s])/1048576 start:2026-08-02T22:36:45.904Z step:1]" stats="&{Timings:{EvalTotalTime:9.7917e-05 ResultSortTime:3.33e-07 QueryPreparationTime:1.7084e-05 InnerEvalTime:7.4125e-05 ExecQueueTime:1.834e-06 ExecTotalTime:0.000102667} Samples:0x140016c1ef0}" spanID=0000000000000000
time=2026-08-02T15:37:17.905-07:00 level=DEBUG msg="Query returned data" test=archv2-parity tool=conduit-v1 collector=conduit type=conduit collector=conduit type=conduit name=msg-megabytes-in-per-second[archv2-parity] series-count=1 last-value=0.8841714859008789
time=2026-08-02T15:37:17.905-07:00 level=DEBUG msg="promql query logged" test=archv2-parity tool=conduit-v1 collector=conduit type=conduit collector=conduit type=conduit params="map[end:2026-08-02T22:37:17.905Z query:rate(conduit_connector_bytes_sum{pipeline_name=\"archv2-parity\",type=\"destination\"}[2s])/1048576 start:2026-08-02T22:36:45.904Z step:1]" stats="&{Timings:{EvalTotalTime:6.4542e-05 ResultSortTime:2.09e-07 QueryPreparationTime:1.1791e-05 InnerEvalTime:4.8583e-05 ExecQueueTime:1.208e-06 ExecTotalTime:6.8959e-05} Samples:0x140016005d0}" spanID=0000000000000000
time=2026-08-02T15:37:17.905-07:00 level=DEBUG msg="Query returned data" test=archv2-parity tool=conduit-v1 collector=conduit type=conduit collector=conduit type=conduit name=msg-megabytes-out-per-second[archv2-parity] series-count=1 last-value=0.8842058181762695
time=2026-08-02T15:37:18.014-07:00 level=DEBUG msg="Inspecting container" model=container-monitor name=benchi-conduit
time=2026-08-02T15:37:18.523-07:00 level=DEBUG msg="Inspecting container" model=container-monitor name=benchi-conduit
time=2026-08-02T15:37:18.904-07:00 level=DEBUG msg="promql query logged" test=archv2-parity tool=conduit-v1 collector=conduit type=conduit collector=conduit type=conduit params="map[end:2026-08-02T22:37:18.904Z query:rate(conduit_pipeline_execution_duration_seconds_count{pipeline_name=\"archv2-parity\"}[2s]) start:2026-08-02T22:36:45.904Z step:1]" stats="&{Timings:{EvalTotalTime:7.8625e-05 ResultSortTime:5.41e-07 QueryPreparationTime:2.3667e-05 InnerEvalTime:4.8708e-05 ExecQueueTime:4.375e-06 ExecTotalTime:8.6333e-05} Samples:0x14001200c00}" spanID=0000000000000000
time=2026-08-02T15:37:18.905-07:00 level=DEBUG msg="Query returned data" test=archv2-parity tool=conduit-v1 collector=conduit type=conduit collector=conduit type=conduit name=msg-rate-per-second[archv2-parity] series-count=1 last-value=31034
time=2026-08-02T15:37:18.905-07:00 level=DEBUG msg="promql query logged" test=archv2-parity tool=conduit-v1 collector=conduit type=conduit collector=conduit type=conduit params="map[end:2026-08-02T22:37:18.905Z query:rate(conduit_connector_bytes_sum{pipeline_name=\"archv2-parity\",type=\"source\"}[2s])/1048576 start:2026-08-02T22:36:45.904Z step:1]" stats="&{Timings:{EvalTotalTime:5.6583e-05 ResultSortTime:3.75e-07 QueryPreparationTime:1.2208e-05 InnerEvalTime:4.0667e-05 ExecQueueTime:2.25e-06 ExecTotalTime:6.0125e-05} Samples:0x140012013b0}" spanID=0000000000000000
time=2026-08-02T15:37:18.905-07:00 level=DEBUG msg="Query returned data" test=archv2-parity tool=conduit-v1 collector=conduit type=conduit collector=conduit type=conduit name=msg-megabytes-in-per-second[archv2-parity] series-count=1 last-value=0.8772821426391602
time=2026-08-02T15:37:18.905-07:00 level=DEBUG msg="promql query logged" test=archv2-parity tool=conduit-v1 collector=conduit type=conduit collector=conduit type=conduit params="map[end:2026-08-02T22:37:18.905Z query:rate(conduit_connector_bytes_sum{pipeline_name=\"archv2-parity\",type=\"destination\"}[2s])/1048576 start:2026-08-02T22:36:45.904Z step:1]" stats="&{Timings:{EvalTotalTime:2.675e-05 ResultSortTime:4.1e-08 QueryPreparationTime:3.333e-06 InnerEvalTime:2.1416e-05 ExecQueueTime:6.25e-07 ExecTotalTime:2.85e-05} Samples:0x14001201a10}" spanID=0000000000000000
time=2026-08-02T15:37:18.905-07:00 level=DEBUG msg="Query returned data" test=archv2-parity tool=conduit-v1 collector=conduit type=conduit collector=conduit type=conduit name=msg-megabytes-out-per-second[archv2-parity] series-count=1 last-value=0.8772478103637695
time=2026-08-02T15:37:19.029-07:00 level=DEBUG msg="Inspecting container" model=container-monitor name=benchi-conduit
time=2026-08-02T15:37:19.544-07:00 level=DEBUG msg="Inspecting container" model=container-monitor name=benchi-conduit
time=2026-08-02T15:37:19.905-07:00 level=DEBUG msg="promql query logged" test=archv2-parity tool=conduit-v1 collector=conduit type=conduit collector=conduit type=conduit params="map[end:2026-08-02T22:37:19.904Z query:rate(conduit_pipeline_execution_duration_seconds_count{pipeline_name=\"archv2-parity\"}[2s]) start:2026-08-02T22:36:45.904Z step:1]" stats="&{Timings:{EvalTotalTime:0.000116459 ResultSortTime:5e-07 QueryPreparationTime:3.2459e-05 InnerEvalTime:7.4e-05 ExecQueueTime:5.125e-06 ExecTotalTime:0.000127} Samples:0x1400165b620}" spanID=0000000000000000
time=2026-08-02T15:37:19.905-07:00 level=DEBUG msg="Query returned data" test=archv2-parity tool=conduit-v1 collector=conduit type=conduit collector=conduit type=conduit name=msg-rate-per-second[archv2-parity] series-count=1 last-value=30970
time=2026-08-02T15:37:19.905-07:00 level=DEBUG msg="promql query logged" test=archv2-parity tool=conduit-v1 collector=conduit type=conduit collector=conduit type=conduit params="map[end:2026-08-02T22:37:19.905Z query:rate(conduit_connector_bytes_sum{pipeline_name=\"archv2-parity\",type=\"source\"}[2s])/1048576 start:2026-08-02T22:36:45.904Z step:1]" stats="&{Timings:{EvalTotalTime:0.000121958 ResultSortTime:5.42e-07 QueryPreparationTime:2.0416e-05 InnerEvalTime:8.9e-05 ExecQueueTime:3.251e-06 ExecTotalTime:0.000128375} Samples:0x1400165bc80}" spanID=0000000000000000
time=2026-08-02T15:37:19.906-07:00 level=DEBUG msg="Query returned data" test=archv2-parity tool=conduit-v1 collector=conduit type=conduit collector=conduit type=conduit name=msg-megabytes-in-per-second[archv2-parity] series-count=1 last-value=0.8750362396240234
time=2026-08-02T15:37:19.906-07:00 level=DEBUG msg="promql query logged" test=archv2-parity tool=conduit-v1 collector=conduit type=conduit collector=conduit type=conduit params="map[end:2026-08-02T22:37:19.906Z query:rate(conduit_connector_bytes_sum{pipeline_name=\"archv2-parity\",type=\"destination\"}[2s])/1048576 start:2026-08-02T22:36:45.904Z step:1]" stats="&{Timings:{EvalTotalTime:7.2333e-05 ResultSortTime:5.42e-07 QueryPreparationTime:1.4667e-05 InnerEvalTime:5.2125e-05 ExecQueueTime:1.375e-06 ExecTotalTime:7.6167e-05} Samples:0x140009fc360}" spanID=0000000000000000
time=2026-08-02T15:37:19.906-07:00 level=DEBUG msg="Query returned data" test=archv2-parity tool=conduit-v1 collector=conduit type=conduit collector=conduit type=conduit name=msg-megabytes-out-per-second[archv2-parity] series-count=1 last-value=0.8750362396240234
time=2026-08-02T15:37:20.050-07:00 level=DEBUG msg="Inspecting container" model=container-monitor name=benchi-conduit
time=2026-08-02T15:37:20.559-07:00 level=DEBUG msg="Inspecting container" model=container-monitor name=benchi-conduit
time=2026-08-02T15:37:20.904-07:00 level=INFO msg="Test in progress" test=archv2-parity tool=conduit-v1 step=test time-left=25s
time=2026-08-02T15:37:20.904-07:00 level=DEBUG msg="promql query logged" test=archv2-parity tool=conduit-v1 collector=conduit type=conduit collector=conduit type=conduit params="map[end:2026-08-02T22:37:20.904Z query:rate(conduit_pipeline_execution_duration_seconds_count{pipeline_name=\"archv2-parity\"}[2s]) start:2026-08-02T22:36:45.904Z step:1]" stats="&{Timings:{EvalTotalTime:6.0417e-05 ResultSortTime:3.33e-07 QueryPreparationTime:1.5875e-05 InnerEvalTime:3.8875e-05 ExecQueueTime:2.958e-06 ExecTotalTime:6.575e-05} Samples:0x140015340f0}" spanID=0000000000000000
time=2026-08-02T15:37:20.904-07:00 level=DEBUG msg="Query returned data" test=archv2-parity tool=conduit-v1 collector=conduit type=conduit collector=conduit type=conduit name=msg-rate-per-second[archv2-parity] series-count=1 last-value=29712
time=2026-08-02T15:37:20.904-07:00 level=DEBUG msg="promql query logged" test=archv2-parity tool=conduit-v1 collector=conduit type=conduit collector=conduit type=conduit params="map[end:2026-08-02T22:37:20.904Z query:rate(conduit_connector_bytes_sum{pipeline_name=\"archv2-parity\",type=\"source\"}[2s])/1048576 start:2026-08-02T22:36:45.904Z step:1]" stats="&{Timings:{EvalTotalTime:6.3e-05 ResultSortTime:2.08e-07 QueryPreparationTime:7.333e-06 InnerEvalTime:5.2292e-05 ExecQueueTime:7.5e-07 ExecTotalTime:6.6834e-05} Samples:0x14001534750}" spanID=0000000000000000
time=2026-08-02T15:37:20.904-07:00 level=DEBUG msg="Query returned data" test=archv2-parity tool=conduit-v1 collector=conduit type=conduit collector=conduit type=conduit name=msg-megabytes-in-per-second[archv2-parity] series-count=1 last-value=0.8401174545288086
time=2026-08-02T15:37:20.904-07:00 level=DEBUG msg="promql query logged" test=archv2-parity tool=conduit-v1 collector=conduit type=conduit collector=conduit type=conduit params="map[end:2026-08-02T22:37:20.904Z query:rate(conduit_connector_bytes_sum{pipeline_name=\"archv2-parity\",type=\"destination\"}[2s])/1048576 start:2026-08-02T22:36:45.904Z step:1]" stats="&{Timings:{EvalTotalTime:5.875e-05 ResultSortTime:1.66e-07 QueryPreparationTime:8.5e-06 InnerEvalTime:4.5959e-05 ExecQueueTime:1.041e-06 ExecTotalTime:6.2292e-05} Samples:0x140013e6270}" spanID=0000000000000000
time=2026-08-02T15:37:20.904-07:00 level=DEBUG msg="Query returned data" test=archv2-parity tool=conduit-v1 collector=conduit type=conduit collector=conduit type=conduit name=msg-megabytes-out-per-second[archv2-parity] series-count=1 last-value=0.8401174545288086
time=2026-08-02T15:37:21.073-07:00 level=DEBUG msg="Inspecting container" model=container-monitor name=benchi-conduit
time=2026-08-02T15:37:21.580-07:00 level=DEBUG msg="Inspecting container" model=container-monitor name=benchi-conduit
time=2026-08-02T15:37:21.905-07:00 level=DEBUG msg="promql query logged" test=archv2-parity tool=conduit-v1 collector=conduit type=conduit collector=conduit type=conduit params="map[end:2026-08-02T22:37:21.904Z query:rate(conduit_pipeline_execution_duration_seconds_count{pipeline_name=\"archv2-parity\"}[2s]) start:2026-08-02T22:36:45.904Z step:1]" stats="&{Timings:{EvalTotalTime:0.000481667 ResultSortTime:9.16e-07 QueryPreparationTime:3.2208e-05 InnerEvalTime:7.2875e-05 ExecQueueTime:4.126e-06 ExecTotalTime:0.000493625} Samples:0x140012a44e0}" spanID=0000000000000000
time=2026-08-02T15:37:21.905-07:00 level=DEBUG msg="Query returned data" test=archv2-parity tool=conduit-v1 collector=conduit type=conduit collector=conduit type=conduit name=msg-rate-per-second[archv2-parity] series-count=1 last-value=30268
time=2026-08-02T15:37:21.905-07:00 level=DEBUG msg="promql query logged" test=archv2-parity tool=conduit-v1 collector=conduit type=conduit collector=conduit type=conduit params="map[end:2026-08-02T22:37:21.905Z query:rate(conduit_connector_bytes_sum{pipeline_name=\"archv2-parity\",type=\"source\"}[2s])/1048576 start:2026-08-02T22:36:45.904Z step:1]" stats="&{Timings:{EvalTotalTime:9.4e-05 ResultSortTime:1.25e-07 QueryPreparationTime:1.8958e-05 InnerEvalTime:6.9166e-05 ExecQueueTime:2.124e-06 ExecTotalTime:9.9708e-05} Samples:0x140012a4b40}" spanID=0000000000000000
time=2026-08-02T15:37:21.905-07:00 level=DEBUG msg="Query returned data" test=archv2-parity tool=conduit-v1 collector=conduit type=conduit collector=conduit type=conduit name=msg-megabytes-in-per-second[archv2-parity] series-count=1 last-value=0.8539524078369141
time=2026-08-02T15:37:21.906-07:00 level=DEBUG msg="promql query logged" test=archv2-parity tool=conduit-v1 collector=conduit type=conduit collector=conduit type=conduit params="map[end:2026-08-02T22:37:21.906Z query:rate(conduit_connector_bytes_sum{pipeline_name=\"archv2-parity\",type=\"destination\"}[2s])/1048576 start:2026-08-02T22:36:45.904Z step:1]" stats="&{Timings:{EvalTotalTime:5.925e-05 ResultSortTime:2.08e-07 QueryPreparationTime:8.667e-06 InnerEvalTime:4.6125e-05 ExecQueueTime:1.583e-06 ExecTotalTime:6.2875e-05} Samples:0x140012a51a0}" spanID=0000000000000000
time=2026-08-02T15:37:21.906-07:00 level=DEBUG msg="Query returned data" test=archv2-parity tool=conduit-v1 collector=conduit type=conduit collector=conduit type=conduit name=msg-megabytes-out-per-second[archv2-parity] series-count=1 last-value=0.8539524078369141
time=2026-08-02T15:37:22.094-07:00 level=DEBUG msg="Inspecting container" model=container-monitor name=benchi-conduit
time=2026-08-02T15:37:22.600-07:00 level=DEBUG msg="Inspecting container" model=container-monitor name=benchi-conduit
time=2026-08-02T15:37:22.906-07:00 level=DEBUG msg="promql query logged" test=archv2-parity tool=conduit-v1 collector=conduit type=conduit collector=conduit type=conduit params="map[end:2026-08-02T22:37:22.906Z query:rate(conduit_pipeline_execution_duration_seconds_count{pipeline_name=\"archv2-parity\"}[2s]) start:2026-08-02T22:36:45.904Z step:1]" stats="&{Timings:{EvalTotalTime:0.000117583 ResultSortTime:8.75e-07 QueryPreparationTime:3.1084e-05 InnerEvalTime:7.6792e-05 ExecQueueTime:5.418e-06 ExecTotalTime:0.000128} Samples:0x1400141e9c0}" spanID=0000000000000000
time=2026-08-02T15:37:22.907-07:00 level=DEBUG msg="Query returned data" test=archv2-parity tool=conduit-v1 collector=conduit type=conduit collector=conduit type=conduit name=msg-rate-per-second[archv2-parity] series-count=1 last-value=29403
time=2026-08-02T15:37:22.907-07:00 level=DEBUG msg="promql query logged" test=archv2-parity tool=conduit-v1 collector=conduit type=conduit collector=conduit type=conduit params="map[end:2026-08-02T22:37:22.907Z query:rate(conduit_connector_bytes_sum{pipeline_name=\"archv2-parity\",type=\"source\"}[2s])/1048576 start:2026-08-02T22:36:45.904Z step:1]" stats="&{Timings:{EvalTotalTime:6.6292e-05 ResultSortTime:2.91e-07 QueryPreparationTime:1.5625e-05 InnerEvalTime:4.7542e-05 ExecQueueTime:2e-06 ExecTotalTime:6.9958e-05} Samples:0x1400141f110}" spanID=0000000000000000
time=2026-08-02T15:37:22.907-07:00 level=DEBUG msg="Query returned data" test=archv2-parity tool=conduit-v1 collector=conduit type=conduit collector=conduit type=conduit name=msg-megabytes-in-per-second[archv2-parity] series-count=1 last-value=0.8315105438232422
time=2026-08-02T15:37:22.907-07:00 level=DEBUG msg="promql query logged" test=archv2-parity tool=conduit-v1 collector=conduit type=conduit collector=conduit type=conduit params="map[end:2026-08-02T22:37:22.907Z query:rate(conduit_connector_bytes_sum{pipeline_name=\"archv2-parity\",type=\"destination\"}[2s])/1048576 start:2026-08-02T22:36:45.904Z step:1]" stats="&{Timings:{EvalTotalTime:2.6167e-05 ResultSortTime:8.4e-08 QueryPreparationTime:3.583e-06 InnerEvalTime:2.0833e-05 ExecQueueTime:5e-07 ExecTotalTime:2.9209e-05} Samples:0x1400141f770}" spanID=0000000000000000
time=2026-08-02T15:37:22.907-07:00 level=DEBUG msg="Query returned data" test=archv2-parity tool=conduit-v1 collector=conduit type=conduit collector=conduit type=conduit name=msg-megabytes-out-per-second[archv2-parity] series-count=1 last-value=0.8315105438232422
time=2026-08-02T15:37:23.110-07:00 level=DEBUG msg="Inspecting container" model=container-monitor name=benchi-conduit
time=2026-08-02T15:37:23.621-07:00 level=DEBUG msg="Inspecting container" model=container-monitor name=benchi-conduit
time=2026-08-02T15:37:23.904-07:00 level=DEBUG msg="promql query logged" test=archv2-parity tool=conduit-v1 collector=conduit type=conduit collector=conduit type=conduit params="map[end:2026-08-02T22:37:23.904Z query:rate(conduit_pipeline_execution_duration_seconds_count{pipeline_name=\"archv2-parity\"}[2s]) start:2026-08-02T22:36:45.904Z step:1]" stats="&{Timings:{EvalTotalTime:3.5834e-05 ResultSortTime:5e-07 QueryPreparationTime:9.75e-06 InnerEvalTime:1.9834e-05 ExecQueueTime:1.667e-06 ExecTotalTime:3.8959e-05} Samples:0x140011d2090}" spanID=0000000000000000
time=2026-08-02T15:37:23.904-07:00 level=DEBUG msg="Query returned data" test=archv2-parity tool=conduit-v1 collector=conduit type=conduit collector=conduit type=conduit name=msg-rate-per-second[archv2-parity] series-count=1 last-value=29138
time=2026-08-02T15:37:23.904-07:00 level=DEBUG msg="promql query logged" test=archv2-parity tool=conduit-v1 collector=conduit type=conduit collector=conduit type=conduit params="map[end:2026-08-02T22:37:23.904Z query:rate(conduit_connector_bytes_sum{pipeline_name=\"archv2-parity\",type=\"source\"}[2s])/1048576 start:2026-08-02T22:36:45.904Z step:1]" stats="&{Timings:{EvalTotalTime:3.0958e-05 ResultSortTime:4.2e-08 QueryPreparationTime:4.208e-06 InnerEvalTime:2.4958e-05 ExecQueueTime:5.01e-07 ExecTotalTime:3.225e-05} Samples:0x140011d26f0}" spanID=0000000000000000
time=2026-08-02T15:37:23.904-07:00 level=DEBUG msg="Query returned data" test=archv2-parity tool=conduit-v1 collector=conduit type=conduit collector=conduit type=conduit name=msg-megabytes-in-per-second[archv2-parity] series-count=1 last-value=0.8230962753295898
time=2026-08-02T15:37:23.904-07:00 level=DEBUG msg="promql query logged" test=archv2-parity tool=conduit-v1 collector=conduit type=conduit collector=conduit type=conduit params="map[end:2026-08-02T22:37:23.904Z query:rate(conduit_connector_bytes_sum{pipeline_name=\"archv2-parity\",type=\"destination\"}[2s])/1048576 start:2026-08-02T22:36:45.904Z step:1]" stats="&{Timings:{EvalTotalTime:2.5125e-05 ResultSortTime:8.4e-08 QueryPreparationTime:3.083e-06 InnerEvalTime:1.9708e-05 ExecQueueTime:3.75e-07 ExecTotalTime:2.6208e-05} Samples:0x140011d2d50}" spanID=0000000000000000
time=2026-08-02T15:37:23.904-07:00 level=DEBUG msg="Query returned data" test=archv2-parity tool=conduit-v1 collector=conduit type=conduit collector=conduit type=conduit name=msg-megabytes-out-per-second[archv2-parity] series-count=1 last-value=0.8230962753295898
time=2026-08-02T15:37:24.128-07:00 level=DEBUG msg="Inspecting container" model=container-monitor name=benchi-conduit
time=2026-08-02T15:37:24.642-07:00 level=DEBUG msg="Inspecting container" model=container-monitor name=benchi-conduit
time=2026-08-02T15:37:24.906-07:00 level=DEBUG msg="promql query logged" test=archv2-parity tool=conduit-v1 collector=conduit type=conduit collector=conduit type=conduit params="map[end:2026-08-02T22:37:24.906Z query:rate(conduit_pipeline_execution_duration_seconds_count{pipeline_name=\"archv2-parity\"}[2s]) start:2026-08-02T22:36:45.904Z step:1]" stats="&{Timings:{EvalTotalTime:7.025e-05 ResultSortTime:2.5e-07 QueryPreparationTime:3.0709e-05 InnerEvalTime:3.4416e-05 ExecQueueTime:2.084e-06 ExecTotalTime:7.5208e-05} Samples:0x140010787b0}" spanID=0000000000000000
time=2026-08-02T15:37:24.906-07:00 level=DEBUG msg="Query returned data" test=archv2-parity tool=conduit-v1 collector=conduit type=conduit collector=conduit type=conduit name=msg-rate-per-second[archv2-parity] series-count=1 last-value=32352
time=2026-08-02T15:37:24.906-07:00 level=DEBUG msg="promql query logged" test=archv2-parity tool=conduit-v1 collector=conduit type=conduit collector=conduit type=conduit params="map[end:2026-08-02T22:37:24.906Z query:rate(conduit_connector_bytes_sum{pipeline_name=\"archv2-parity\",type=\"source\"}[2s])/1048576 start:2026-08-02T22:36:45.904Z step:1]" stats="&{Timings:{EvalTotalTime:5.5875e-05 ResultSortTime:2.08e-07 QueryPreparationTime:6.583e-06 InnerEvalTime:4.5917e-05 ExecQueueTime:7.5e-07 ExecTotalTime:6.1167e-05} Samples:0x14001078e10}" spanID=0000000000000000
time=2026-08-02T15:37:24.906-07:00 level=DEBUG msg="Query returned data" test=archv2-parity tool=conduit-v1 collector=conduit type=conduit collector=conduit type=conduit name=msg-megabytes-in-per-second[archv2-parity] series-count=1 last-value=0.915440559387207
time=2026-08-02T15:37:24.906-07:00 level=DEBUG msg="promql query logged" test=archv2-parity tool=conduit-v1 collector=conduit type=conduit collector=conduit type=conduit params="map[end:2026-08-02T22:37:24.906Z query:rate(conduit_connector_bytes_sum{pipeline_name=\"archv2-parity\",type=\"destination\"}[2s])/1048576 start:2026-08-02T22:36:45.904Z step:1]" stats="&{Timings:{EvalTotalTime:4.1709e-05 ResultSortTime:1.25e-07 QueryPreparationTime:3.917e-06 InnerEvalTime:3.4875e-05 ExecQueueTime:6.25e-07 ExecTotalTime:4.3791e-05} Samples:0x14001079470}" spanID=0000000000000000
time=2026-08-02T15:37:24.906-07:00 level=DEBUG msg="Query returned data" test=archv2-parity tool=conduit-v1 collector=conduit type=conduit collector=conduit type=conduit name=msg-megabytes-out-per-second[archv2-parity] series-count=1 last-value=0.915440559387207
time=2026-08-02T15:37:25.145-07:00 level=DEBUG msg="Inspecting container" model=container-monitor name=benchi-conduit
time=2026-08-02T15:37:25.651-07:00 level=DEBUG msg="Inspecting container" model=container-monitor name=benchi-conduit
time=2026-08-02T15:37:25.904-07:00 level=DEBUG msg="promql query logged" test=archv2-parity tool=conduit-v1 collector=conduit type=conduit collector=conduit type=conduit params="map[end:2026-08-02T22:37:25.904Z query:rate(conduit_pipeline_execution_duration_seconds_count{pipeline_name=\"archv2-parity\"}[2s]) start:2026-08-02T22:36:45.904Z step:1]" stats="&{Timings:{EvalTotalTime:7.1292e-05 ResultSortTime:4.58e-07 QueryPreparationTime:1.4333e-05 InnerEvalTime:5.0667e-05 ExecQueueTime:2.291e-06 ExecTotalTime:7.6625e-05} Samples:0x1400130e720}" spanID=0000000000000000
time=2026-08-02T15:37:25.904-07:00 level=DEBUG msg="Query returned data" test=archv2-parity tool=conduit-v1 collector=conduit type=conduit collector=conduit type=conduit name=msg-rate-per-second[archv2-parity] series-count=1 last-value=31317
time=2026-08-02T15:37:25.904-07:00 level=INFO msg="Test in progress" test=archv2-parity tool=conduit-v1 step=test time-left=20s
time=2026-08-02T15:37:25.904-07:00 level=DEBUG msg="promql query logged" test=archv2-parity tool=conduit-v1 collector=conduit type=conduit collector=conduit type=conduit params="map[end:2026-08-02T22:37:25.904Z query:rate(conduit_connector_bytes_sum{pipeline_name=\"archv2-parity\",type=\"source\"}[2s])/1048576 start:2026-08-02T22:36:45.904Z step:1]" stats="&{Timings:{EvalTotalTime:6.4959e-05 ResultSortTime:2.91e-07 QueryPreparationTime:9.75e-06 InnerEvalTime:5.0292e-05 ExecQueueTime:1.042e-06 ExecTotalTime:6.8333e-05} Samples:0x1400130ed80}" spanID=0000000000000000
time=2026-08-02T15:37:25.904-07:00 level=DEBUG msg="Query returned data" test=archv2-parity tool=conduit-v1 collector=conduit type=conduit collector=conduit type=conduit name=msg-megabytes-in-per-second[archv2-parity] series-count=1 last-value=0.8850202560424805
time=2026-08-02T15:37:25.904-07:00 level=DEBUG msg="promql query logged" test=archv2-parity tool=conduit-v1 collector=conduit type=conduit collector=conduit type=conduit params="map[end:2026-08-02T22:37:25.904Z query:rate(conduit_connector_bytes_sum{pipeline_name=\"archv2-parity\",type=\"destination\"}[2s])/1048576 start:2026-08-02T22:36:45.904Z step:1]" stats="&{Timings:{EvalTotalTime:6.8417e-05 ResultSortTime:1.25e-07 QueryPreparationTime:5.5e-06 InnerEvalTime:5.9709e-05 ExecQueueTime:7.91e-07 ExecTotalTime:7.0917e-05} Samples:0x1400130f3e0}" spanID=0000000000000000
time=2026-08-02T15:37:25.905-07:00 level=DEBUG msg="Query returned data" test=archv2-parity tool=conduit-v1 collector=conduit type=conduit collector=conduit type=conduit name=msg-megabytes-out-per-second[archv2-parity] series-count=1 last-value=0.8850202560424805
time=2026-08-02T15:37:26.160-07:00 level=DEBUG msg="Inspecting container" model=container-monitor name=benchi-conduit
time=2026-08-02T15:37:26.668-07:00 level=DEBUG msg="Inspecting container" model=container-monitor name=benchi-conduit
time=2026-08-02T15:37:26.905-07:00 level=DEBUG msg="promql query logged" test=archv2-parity tool=conduit-v1 collector=conduit type=conduit collector=conduit type=conduit params="map[end:2026-08-02T22:37:26.905Z query:rate(conduit_pipeline_execution_duration_seconds_count{pipeline_name=\"archv2-parity\"}[2s]) start:2026-08-02T22:36:45.904Z step:1]" stats="&{Timings:{EvalTotalTime:0.000119708 ResultSortTime:1.125e-06 QueryPreparationTime:4.5e-05 InnerEvalTime:6.525e-05 ExecQueueTime:7.209e-06 ExecTotalTime:0.000130792} Samples:0x1400142e330}" spanID=0000000000000000
time=2026-08-02T15:37:26.905-07:00 level=DEBUG msg="Query returned data" test=archv2-parity tool=conduit-v1 collector=conduit type=conduit collector=conduit type=conduit name=msg-rate-per-second[archv2-parity] series-count=1 last-value=30738
time=2026-08-02T15:37:26.906-07:00 level=DEBUG msg="promql query logged" test=archv2-parity tool=conduit-v1 collector=conduit type=conduit collector=conduit type=conduit params="map[end:2026-08-02T22:37:26.905Z query:rate(conduit_connector_bytes_sum{pipeline_name=\"archv2-parity\",type=\"source\"}[2s])/1048576 start:2026-08-02T22:36:45.904Z step:1]" stats="&{Timings:{EvalTotalTime:0.000128458 ResultSortTime:3.34e-07 QueryPreparationTime:1.4667e-05 InnerEvalTime:0.000108375 ExecQueueTime:1.834e-06 ExecTotalTime:0.000132584} Samples:0x1400142e9c0}" spanID=0000000000000000
time=2026-08-02T15:37:26.906-07:00 level=DEBUG msg="Query returned data" test=archv2-parity tool=conduit-v1 collector=conduit type=conduit collector=conduit type=conduit name=msg-megabytes-in-per-second[archv2-parity] series-count=1 last-value=0.8686923980712891
time=2026-08-02T15:37:26.906-07:00 level=DEBUG msg="promql query logged" test=archv2-parity tool=conduit-v1 collector=conduit type=conduit collector=conduit type=conduit params="map[end:2026-08-02T22:37:26.906Z query:rate(conduit_connector_bytes_sum{pipeline_name=\"archv2-parity\",type=\"destination\"}[2s])/1048576 start:2026-08-02T22:36:45.904Z step:1]" stats="&{Timings:{EvalTotalTime:4.95e-05 ResultSortTime:1.25e-07 QueryPreparationTime:5.375e-06 InnerEvalTime:4.1083e-05 ExecQueueTime:6.25e-07 ExecTotalTime:5.1708e-05} Samples:0x1400142f020}" spanID=0000000000000000
time=2026-08-02T15:37:26.906-07:00 level=DEBUG msg="Query returned data" test=archv2-parity tool=conduit-v1 collector=conduit type=conduit collector=conduit type=conduit name=msg-megabytes-out-per-second[archv2-parity] series-count=1 last-value=0.8686923980712891
time=2026-08-02T15:37:27.172-07:00 level=DEBUG msg="Inspecting container" model=container-monitor name=benchi-conduit
time=2026-08-02T15:37:27.677-07:00 level=DEBUG msg="Inspecting container" model=container-monitor name=benchi-conduit
time=2026-08-02T15:37:27.906-07:00 level=DEBUG msg="promql query logged" test=archv2-parity tool=conduit-v1 collector=conduit type=conduit collector=conduit type=conduit params="map[end:2026-08-02T22:37:27.906Z query:rate(conduit_pipeline_execution_duration_seconds_count{pipeline_name=\"archv2-parity\"}[2s]) start:2026-08-02T22:36:45.904Z step:1]" stats="&{Timings:{EvalTotalTime:4.8583e-05 ResultSortTime:3.75e-07 QueryPreparationTime:1.325e-05 InnerEvalTime:3.075e-05 ExecQueueTime:2.416e-06 ExecTotalTime:5.2959e-05} Samples:0x140015854d0}" spanID=0000000000000000
time=2026-08-02T15:37:27.906-07:00 level=DEBUG msg="Query returned data" test=archv2-parity tool=conduit-v1 collector=conduit type=conduit collector=conduit type=conduit name=msg-rate-per-second[archv2-parity] series-count=1 last-value=29208
time=2026-08-02T15:37:27.906-07:00 level=DEBUG msg="promql query logged" test=archv2-parity tool=conduit-v1 collector=conduit type=conduit collector=conduit type=conduit params="map[end:2026-08-02T22:37:27.906Z query:rate(conduit_connector_bytes_sum{pipeline_name=\"archv2-parity\",type=\"source\"}[2s])/1048576 start:2026-08-02T22:36:45.904Z step:1]" stats="&{Timings:{EvalTotalTime:5.4583e-05 ResultSortTime:2.09e-07 QueryPreparationTime:6.75e-06 InnerEvalTime:4.4542e-05 ExecQueueTime:7.5e-07 ExecTotalTime:5.7125e-05} Samples:0x14001585b30}" spanID=0000000000000000
time=2026-08-02T15:37:27.906-07:00 level=DEBUG msg="Query returned data" test=archv2-parity tool=conduit-v1 collector=conduit type=conduit collector=conduit type=conduit name=msg-megabytes-in-per-second[archv2-parity] series-count=1 last-value=0.8252935409545898
time=2026-08-02T15:37:27.906-07:00 level=DEBUG msg="promql query logged" test=archv2-parity tool=conduit-v1 collector=conduit type=conduit collector=conduit type=conduit params="map[end:2026-08-02T22:37:27.906Z query:rate(conduit_connector_bytes_sum{pipeline_name=\"archv2-parity\",type=\"destination\"}[2s])/1048576 start:2026-08-02T22:36:45.904Z step:1]" stats="&{Timings:{EvalTotalTime:4.925e-05 ResultSortTime:1.25e-07 QueryPreparationTime:4.375e-06 InnerEvalTime:3.9208e-05 ExecQueueTime:6.67e-07 ExecTotalTime:5.1333e-05} Samples:0x140015a6210}" spanID=0000000000000000
time=2026-08-02T15:37:27.906-07:00 level=DEBUG msg="Query returned data" test=archv2-parity tool=conduit-v1 collector=conduit type=conduit collector=conduit type=conduit name=msg-megabytes-out-per-second[archv2-parity] series-count=1 last-value=0.8252935409545898
time=2026-08-02T15:37:28.195-07:00 level=DEBUG msg="Inspecting container" model=container-monitor name=benchi-conduit
time=2026-08-02T15:37:28.698-07:00 level=DEBUG msg="Inspecting container" model=container-monitor name=benchi-conduit
time=2026-08-02T15:37:28.907-07:00 level=DEBUG msg="promql query logged" test=archv2-parity tool=conduit-v1 collector=conduit type=conduit collector=conduit type=conduit params="map[end:2026-08-02T22:37:28.907Z query:rate(conduit_pipeline_execution_duration_seconds_count{pipeline_name=\"archv2-parity\"}[2s]) start:2026-08-02T22:36:45.904Z step:1]" stats="&{Timings:{EvalTotalTime:0.000126417 ResultSortTime:1.041e-06 QueryPreparationTime:3.15e-05 InnerEvalTime:6.7125e-05 ExecQueueTime:5.125e-06 ExecTotalTime:0.000137083} Samples:0x14001636ff0}" spanID=0000000000000000
time=2026-08-02T15:37:28.907-07:00 level=DEBUG msg="Query returned data" test=archv2-parity tool=conduit-v1 collector=conduit type=conduit collector=conduit type=conduit name=msg-rate-per-second[archv2-parity] series-count=1 last-value=32182
time=2026-08-02T15:37:28.908-07:00 level=DEBUG msg="promql query logged" test=archv2-parity tool=conduit-v1 collector=conduit type=conduit collector=conduit type=conduit params="map[end:2026-08-02T22:37:28.908Z query:rate(conduit_connector_bytes_sum{pipeline_name=\"archv2-parity\",type=\"source\"}[2s])/1048576 start:2026-08-02T22:36:45.904Z step:1]" stats="&{Timings:{EvalTotalTime:0.000101958 ResultSortTime:2.5e-07 QueryPreparationTime:1.5708e-05 InnerEvalTime:8.0416e-05 ExecQueueTime:1.917e-06 ExecTotalTime:0.000107917} Samples:0x14001637650}" spanID=0000000000000000
time=2026-08-02T15:37:28.908-07:00 level=DEBUG msg="Query returned data" test=archv2-parity tool=conduit-v1 collector=conduit type=conduit collector=conduit type=conduit name=msg-megabytes-in-per-second[archv2-parity] series-count=1 last-value=0.9093446731567383
time=2026-08-02T15:37:28.908-07:00 level=DEBUG msg="promql query logged" test=archv2-parity tool=conduit-v1 collector=conduit type=conduit collector=conduit type=conduit params="map[end:2026-08-02T22:37:28.908Z query:rate(conduit_connector_bytes_sum{pipeline_name=\"archv2-parity\",type=\"destination\"}[2s])/1048576 start:2026-08-02T22:36:45.904Z step:1]" stats="&{Timings:{EvalTotalTime:8.5792e-05 ResultSortTime:2.08e-07 QueryPreparationTime:1.0083e-05 InnerEvalTime:7.0875e-05 ExecQueueTime:1.125e-06 ExecTotalTime:9.1e-05} Samples:0x14001637cb0}" spanID=0000000000000000
time=2026-08-02T15:37:28.908-07:00 level=DEBUG msg="Query returned data" test=archv2-parity tool=conduit-v1 collector=conduit type=conduit collector=conduit type=conduit name=msg-megabytes-out-per-second[archv2-parity] series-count=1 last-value=0.9093446731567383
time=2026-08-02T15:37:29.207-07:00 level=DEBUG msg="Inspecting container" model=container-monitor name=benchi-conduit
time=2026-08-02T15:37:29.716-07:00 level=DEBUG msg="Inspecting container" model=container-monitor name=benchi-conduit
time=2026-08-02T15:37:29.905-07:00 level=DEBUG msg="promql query logged" test=archv2-parity tool=conduit-v1 collector=conduit type=conduit collector=conduit type=conduit params="map[end:2026-08-02T22:37:29.904Z query:rate(conduit_pipeline_execution_duration_seconds_count{pipeline_name=\"archv2-parity\"}[2s]) start:2026-08-02T22:36:45.904Z step:1]" stats="&{Timings:{EvalTotalTime:0.000115208 ResultSortTime:1.542e-06 QueryPreparationTime:3.3375e-05 InnerEvalTime:7.1167e-05 ExecQueueTime:5.667e-06 ExecTotalTime:0.000131} Samples:0x140016b8360}" spanID=0000000000000000
time=2026-08-02T15:37:29.905-07:00 level=DEBUG msg="Query returned data" test=archv2-parity tool=conduit-v1 collector=conduit type=conduit collector=conduit type=conduit name=msg-rate-per-second[archv2-parity] series-count=1 last-value=27037
time=2026-08-02T15:37:29.905-07:00 level=DEBUG msg="promql query logged" test=archv2-parity tool=conduit-v1 collector=conduit type=conduit collector=conduit type=conduit params="map[end:2026-08-02T22:37:29.905Z query:rate(conduit_connector_bytes_sum{pipeline_name=\"archv2-parity\",type=\"source\"}[2s])/1048576 start:2026-08-02T22:36:45.904Z step:1]" stats="&{Timings:{EvalTotalTime:0.000102125 ResultSortTime:5.83e-07 QueryPreparationTime:1.5666e-05 InnerEvalTime:7.9834e-05 ExecQueueTime:2e-06 ExecTotalTime:0.000107584} Samples:0x140016b89c0}" spanID=0000000000000000
time=2026-08-02T15:37:29.905-07:00 level=DEBUG msg="Query returned data" test=archv2-parity tool=conduit-v1 collector=conduit type=conduit collector=conduit type=conduit name=msg-megabytes-in-per-second[archv2-parity] series-count=1 last-value=0.7650585174560547
time=2026-08-02T15:37:29.906-07:00 level=DEBUG msg="promql query logged" test=archv2-parity tool=conduit-v1 collector=conduit type=conduit collector=conduit type=conduit params="map[end:2026-08-02T22:37:29.906Z query:rate(conduit_connector_bytes_sum{pipeline_name=\"archv2-parity\",type=\"destination\"}[2s])/1048576 start:2026-08-02T22:36:45.904Z step:1]" stats="&{Timings:{EvalTotalTime:7.4042e-05 ResultSortTime:3.33e-07 QueryPreparationTime:1.1584e-05 InnerEvalTime:5.6792e-05 ExecQueueTime:1.667e-06 ExecTotalTime:7.8542e-05} Samples:0x140016b9020}" spanID=0000000000000000
time=2026-08-02T15:37:29.906-07:00 level=DEBUG msg="Query returned data" test=archv2-parity tool=conduit-v1 collector=conduit type=conduit collector=conduit type=conduit name=msg-megabytes-out-per-second[archv2-parity] series-count=1 last-value=0.7650585174560547
time=2026-08-02T15:37:30.226-07:00 level=DEBUG msg="Inspecting container" model=container-monitor name=benchi-conduit
time=2026-08-02T15:37:30.733-07:00 level=DEBUG msg="Inspecting container" model=container-monitor name=benchi-conduit
time=2026-08-02T15:37:30.906-07:00 level=INFO msg="Test in progress" test=archv2-parity tool=conduit-v1 step=test time-left=15s
time=2026-08-02T15:37:30.906-07:00 level=DEBUG msg="promql query logged" test=archv2-parity tool=conduit-v1 collector=conduit type=conduit collector=conduit type=conduit params="map[end:2026-08-02T22:37:30.906Z query:rate(conduit_pipeline_execution_duration_seconds_count{pipeline_name=\"archv2-parity\"}[2s]) start:2026-08-02T22:36:45.904Z step:1]" stats="&{Timings:{EvalTotalTime:5.525e-05 ResultSortTime:3.75e-07 QueryPreparationTime:1.4166e-05 InnerEvalTime:3.5625e-05 ExecQueueTime:2.75e-06 ExecTotalTime:6.0875e-05} Samples:0x140016e7ef0}" spanID=0000000000000000
time=2026-08-02T15:37:30.906-07:00 level=DEBUG msg="Query returned data" test=archv2-parity tool=conduit-v1 collector=conduit type=conduit collector=conduit type=conduit name=msg-rate-per-second[archv2-parity] series-count=1 last-value=27934
time=2026-08-02T15:37:30.906-07:00 level=DEBUG msg="promql query logged" test=archv2-parity tool=conduit-v1 collector=conduit type=conduit collector=conduit type=conduit params="map[end:2026-08-02T22:37:30.906Z query:rate(conduit_connector_bytes_sum{pipeline_name=\"archv2-parity\",type=\"source\"}[2s])/1048576 start:2026-08-02T22:36:45.904Z step:1]" stats="&{Timings:{EvalTotalTime:0.000103542 ResultSortTime:2.5e-07 QueryPreparationTime:6.416e-06 InnerEvalTime:9.2417e-05 ExecQueueTime:1.5e-06 ExecTotalTime:0.000107708} Samples:0x14001230420}" spanID=0000000000000000
time=2026-08-02T15:37:30.906-07:00 level=DEBUG msg="Query returned data" test=archv2-parity tool=conduit-v1 collector=conduit type=conduit collector=conduit type=conduit name=msg-megabytes-in-per-second[archv2-parity] series-count=1 last-value=0.790104866027832
time=2026-08-02T15:37:30.906-07:00 level=DEBUG msg="promql query logged" test=archv2-parity tool=conduit-v1 collector=conduit type=conduit collector=conduit type=conduit params="map[end:2026-08-02T22:37:30.906Z query:rate(conduit_connector_bytes_sum{pipeline_name=\"archv2-parity\",type=\"destination\"}[2s])/1048576 start:2026-08-02T22:36:45.904Z step:1]" stats="&{Timings:{EvalTotalTime:5e-05 ResultSortTime:1.25e-07 QueryPreparationTime:5.375e-06 InnerEvalTime:4.0542e-05 ExecQueueTime:8.33e-07 ExecTotalTime:5.225e-05} Samples:0x14001230ab0}" spanID=0000000000000000
time=2026-08-02T15:37:30.906-07:00 level=DEBUG msg="Query returned data" test=archv2-parity tool=conduit-v1 collector=conduit type=conduit collector=conduit type=conduit name=msg-megabytes-out-per-second[archv2-parity] series-count=1 last-value=0.790104866027832
time=2026-08-02T15:37:31.243-07:00 level=DEBUG msg="Inspecting container" model=container-monitor name=benchi-conduit
time=2026-08-02T15:37:31.748-07:00 level=DEBUG msg="Inspecting container" model=container-monitor name=benchi-conduit
time=2026-08-02T15:37:31.904-07:00 level=DEBUG msg="promql query logged" test=archv2-parity tool=conduit-v1 collector=conduit type=conduit collector=conduit type=conduit params="map[end:2026-08-02T22:37:31.904Z query:rate(conduit_pipeline_execution_duration_seconds_count{pipeline_name=\"archv2-parity\"}[2s]) start:2026-08-02T22:36:45.904Z step:1]" stats="&{Timings:{EvalTotalTime:0.000107958 ResultSortTime:1.208e-06 QueryPreparationTime:3.3e-05 InnerEvalTime:6.4083e-05 ExecQueueTime:3.916e-06 ExecTotalTime:0.000115542} Samples:0x14000fb4cc0}" spanID=0000000000000000
time=2026-08-02T15:37:31.904-07:00 level=DEBUG msg="Query returned data" test=archv2-parity tool=conduit-v1 collector=conduit type=conduit collector=conduit type=conduit name=msg-rate-per-second[archv2-parity] series-count=1 last-value=27705
time=2026-08-02T15:37:31.904-07:00 level=DEBUG msg="promql query logged" test=archv2-parity tool=conduit-v1 collector=conduit type=conduit collector=conduit type=conduit params="map[end:2026-08-02T22:37:31.904Z query:rate(conduit_connector_bytes_sum{pipeline_name=\"archv2-parity\",type=\"source\"}[2s])/1048576 start:2026-08-02T22:36:45.904Z step:1]" stats="&{Timings:{EvalTotalTime:8.4291e-05 ResultSortTime:2.08e-07 QueryPreparationTime:1.0917e-05 InnerEvalTime:6.8916e-05 ExecQueueTime:1.334e-06 ExecTotalTime:8.7959e-05} Samples:0x14000fb58c0}" spanID=0000000000000000
time=2026-08-02T15:37:31.904-07:00 level=DEBUG msg="Query returned data" test=archv2-parity tool=conduit-v1 collector=conduit type=conduit collector=conduit type=conduit name=msg-megabytes-in-per-second[archv2-parity] series-count=1 last-value=0.7836847305297852
time=2026-08-02T15:37:31.905-07:00 level=DEBUG msg="promql query logged" test=archv2-parity tool=conduit-v1 collector=conduit type=conduit collector=conduit type=conduit params="map[end:2026-08-02T22:37:31.905Z query:rate(conduit_connector_bytes_sum{pipeline_name=\"archv2-parity\",type=\"destination\"}[2s])/1048576 start:2026-08-02T22:36:45.904Z step:1]" stats="&{Timings:{EvalTotalTime:5.0917e-05 ResultSortTime:1.25e-07 QueryPreparationTime:5.417e-06 InnerEvalTime:4.0792e-05 ExecQueueTime:6.26e-07 ExecTotalTime:5.4083e-05} Samples:0x14000ee03c0}" spanID=0000000000000000
time=2026-08-02T15:37:31.905-07:00 level=DEBUG msg="Query returned data" test=archv2-parity tool=conduit-v1 collector=conduit type=conduit collector=conduit type=conduit name=msg-megabytes-out-per-second[archv2-parity] series-count=1 last-value=0.7836847305297852
time=2026-08-02T15:37:32.265-07:00 level=DEBUG msg="Inspecting container" model=container-monitor name=benchi-conduit
time=2026-08-02T15:37:32.771-07:00 level=DEBUG msg="Inspecting container" model=container-monitor name=benchi-conduit
time=2026-08-02T15:37:32.904-07:00 level=DEBUG msg="promql query logged" test=archv2-parity tool=conduit-v1 collector=conduit type=conduit collector=conduit type=conduit params="map[end:2026-08-02T22:37:32.904Z query:rate(conduit_pipeline_execution_duration_seconds_count{pipeline_name=\"archv2-parity\"}[2s]) start:2026-08-02T22:36:45.904Z step:1]" stats="&{Timings:{EvalTotalTime:0.000113333 ResultSortTime:1.125e-06 QueryPreparationTime:3.1417e-05 InnerEvalTime:7.0625e-05 ExecQueueTime:4.792e-06 ExecTotalTime:0.000123708} Samples:0x14000f13bc0}" spanID=0000000000000000
time=2026-08-02T15:37:32.905-07:00 level=DEBUG msg="Query returned data" test=archv2-parity tool=conduit-v1 collector=conduit type=conduit collector=conduit type=conduit name=msg-rate-per-second[archv2-parity] series-count=1 last-value=28630
time=2026-08-02T15:37:32.906-07:00 level=DEBUG msg="promql query logged" test=archv2-parity tool=conduit-v1 collector=conduit type=conduit collector=conduit type=conduit params="map[end:2026-08-02T22:37:32.905Z query:rate(conduit_connector_bytes_sum{pipeline_name=\"archv2-parity\",type=\"source\"}[2s])/1048576 start:2026-08-02T22:36:45.904Z step:1]" stats="&{Timings:{EvalTotalTime:6.3542e-05 ResultSortTime:3.33e-07 QueryPreparationTime:1.25e-05 InnerEvalTime:4.8e-05 ExecQueueTime:2.124e-06 ExecTotalTime:6.9375e-05} Samples:0x140009a5920}" spanID=0000000000000000
time=2026-08-02T15:37:32.906-07:00 level=DEBUG msg="Query returned data" test=archv2-parity tool=conduit-v1 collector=conduit type=conduit collector=conduit type=conduit name=msg-megabytes-in-per-second[archv2-parity] series-count=1 last-value=0.8097467422485352
time=2026-08-02T15:37:32.906-07:00 level=DEBUG msg="promql query logged" test=archv2-parity tool=conduit-v1 collector=conduit type=conduit collector=conduit type=conduit params="map[end:2026-08-02T22:37:32.906Z query:rate(conduit_connector_bytes_sum{pipeline_name=\"archv2-parity\",type=\"destination\"}[2s])/1048576 start:2026-08-02T22:36:45.904Z step:1]" stats="&{Timings:{EvalTotalTime:2.9209e-05 ResultSortTime:6.25e-07 QueryPreparationTime:3e-06 InnerEvalTime:2.4041e-05 ExecQueueTime:5.01e-07 ExecTotalTime:3.0791e-05} Samples:0x140011e4cf0}" spanID=0000000000000000
time=2026-08-02T15:37:32.906-07:00 level=DEBUG msg="Query returned data" test=archv2-parity tool=conduit-v1 collector=conduit type=conduit collector=conduit type=conduit name=msg-megabytes-out-per-second[archv2-parity] series-count=1 last-value=0.8097467422485352
time=2026-08-02T15:37:33.277-07:00 level=DEBUG msg="Inspecting container" model=container-monitor name=benchi-conduit
time=2026-08-02T15:37:33.782-07:00 level=DEBUG msg="Inspecting container" model=container-monitor name=benchi-conduit
time=2026-08-02T15:37:33.905-07:00 level=DEBUG msg="promql query logged" test=archv2-parity tool=conduit-v1 collector=conduit type=conduit collector=conduit type=conduit params="map[end:2026-08-02T22:37:33.905Z query:rate(conduit_pipeline_execution_duration_seconds_count{pipeline_name=\"archv2-parity\"}[2s]) start:2026-08-02T22:36:45.904Z step:1]" stats="&{Timings:{EvalTotalTime:0.000154333 ResultSortTime:7.09e-07 QueryPreparationTime:2.2583e-05 InnerEvalTime:0.000119833 ExecQueueTime:3.083e-06 ExecTotalTime:0.000161208} Samples:0x140011d2c90}" spanID=0000000000000000
time=2026-08-02T15:37:33.905-07:00 level=DEBUG msg="Query returned data" test=archv2-parity tool=conduit-v1 collector=conduit type=conduit collector=conduit type=conduit name=msg-rate-per-second[archv2-parity] series-count=1 last-value=26591
time=2026-08-02T15:37:33.905-07:00 level=DEBUG msg="promql query logged" test=archv2-parity tool=conduit-v1 collector=conduit type=conduit collector=conduit type=conduit params="map[end:2026-08-02T22:37:33.905Z query:rate(conduit_connector_bytes_sum{pipeline_name=\"archv2-parity\",type=\"source\"}[2s])/1048576 start:2026-08-02T22:36:45.904Z step:1]" stats="&{Timings:{EvalTotalTime:7.4292e-05 ResultSortTime:1.67e-07 QueryPreparationTime:1.1375e-05 InnerEvalTime:5.8792e-05 ExecQueueTime:1.209e-06 ExecTotalTime:7.75e-05} Samples:0x140011d32f0}" spanID=0000000000000000
time=2026-08-02T15:37:33.906-07:00 level=DEBUG msg="Query returned data" test=archv2-parity tool=conduit-v1 collector=conduit type=conduit collector=conduit type=conduit name=msg-megabytes-in-per-second[archv2-parity] series-count=1 last-value=0.7524938583374023
time=2026-08-02T15:37:33.906-07:00 level=DEBUG msg="promql query logged" test=archv2-parity tool=conduit-v1 collector=conduit type=conduit collector=conduit type=conduit params="map[end:2026-08-02T22:37:33.906Z query:rate(conduit_connector_bytes_sum{pipeline_name=\"archv2-parity\",type=\"destination\"}[2s])/1048576 start:2026-08-02T22:36:45.904Z step:1]" stats="&{Timings:{EvalTotalTime:5.4166e-05 ResultSortTime:2.09e-07 QueryPreparationTime:6.833e-06 InnerEvalTime:4.3875e-05 ExecQueueTime:8.33e-07 ExecTotalTime:5.8e-05} Samples:0x140011d3950}" spanID=0000000000000000
time=2026-08-02T15:37:33.906-07:00 level=DEBUG msg="Query returned data" test=archv2-parity tool=conduit-v1 collector=conduit type=conduit collector=conduit type=conduit name=msg-megabytes-out-per-second[archv2-parity] series-count=1 last-value=0.7524938583374023
time=2026-08-02T15:37:34.290-07:00 level=DEBUG msg="Inspecting container" model=container-monitor name=benchi-conduit
time=2026-08-02T15:37:34.801-07:00 level=DEBUG msg="Inspecting container" model=container-monitor name=benchi-conduit
time=2026-08-02T15:37:34.904-07:00 level=DEBUG msg="promql query logged" test=archv2-parity tool=conduit-v1 collector=conduit type=conduit collector=conduit type=conduit params="map[end:2026-08-02T22:37:34.904Z query:rate(conduit_pipeline_execution_duration_seconds_count{pipeline_name=\"archv2-parity\"}[2s]) start:2026-08-02T22:36:45.904Z step:1]" stats="&{Timings:{EvalTotalTime:9.025e-05 ResultSortTime:6.67e-07 QueryPreparationTime:2.8583e-05 InnerEvalTime:5.3834e-05 ExecQueueTime:3.792e-06 ExecTotalTime:9.8709e-05} Samples:0x1400144ee10}" spanID=0000000000000000
time=2026-08-02T15:37:34.904-07:00 level=DEBUG msg="Query returned data" test=archv2-parity tool=conduit-v1 collector=conduit type=conduit collector=conduit type=conduit name=msg-rate-per-second[archv2-parity] series-count=1 last-value=27540
time=2026-08-02T15:37:34.905-07:00 level=DEBUG msg="promql query logged" test=archv2-parity tool=conduit-v1 collector=conduit type=conduit collector=conduit type=conduit params="map[end:2026-08-02T22:37:34.904Z query:rate(conduit_connector_bytes_sum{pipeline_name=\"archv2-parity\",type=\"source\"}[2s])/1048576 start:2026-08-02T22:36:45.904Z step:1]" stats="&{Timings:{EvalTotalTime:9.6e-05 ResultSortTime:2.5e-07 QueryPreparationTime:1.325e-05 InnerEvalTime:7.4333e-05 ExecQueueTime:1.791e-06 ExecTotalTime:0.000100542} Samples:0x1400144f470}" spanID=0000000000000000
time=2026-08-02T15:37:34.905-07:00 level=DEBUG msg="Query returned data" test=archv2-parity tool=conduit-v1 collector=conduit type=conduit collector=conduit type=conduit name=msg-megabytes-in-per-second[archv2-parity] series-count=1 last-value=0.779052734375
time=2026-08-02T15:37:34.905-07:00 level=DEBUG msg="promql query logged" test=archv2-parity tool=conduit-v1 collector=conduit type=conduit collector=conduit type=conduit params="map[end:2026-08-02T22:37:34.905Z query:rate(conduit_connector_bytes_sum{pipeline_name=\"archv2-parity\",type=\"destination\"}[2s])/1048576 start:2026-08-02T22:36:45.904Z step:1]" stats="&{Timings:{EvalTotalTime:7.3e-05 ResultSortTime:2.08e-07 QueryPreparationTime:9.084e-06 InnerEvalTime:5.925e-05 ExecQueueTime:1.166e-06 ExecTotalTime:7.6666e-05} Samples:0x1400144fad0}" spanID=0000000000000000
time=2026-08-02T15:37:34.905-07:00 level=DEBUG msg="Query returned data" test=archv2-parity tool=conduit-v1 collector=conduit type=conduit collector=conduit type=conduit name=msg-megabytes-out-per-second[archv2-parity] series-count=1 last-value=0.779052734375
time=2026-08-02T15:37:35.308-07:00 level=DEBUG msg="Inspecting container" model=container-monitor name=benchi-conduit
time=2026-08-02T15:37:35.817-07:00 level=DEBUG msg="Inspecting container" model=container-monitor name=benchi-conduit
time=2026-08-02T15:37:35.904-07:00 level=INFO msg="Test in progress" test=archv2-parity tool=conduit-v1 step=test time-left=10s
time=2026-08-02T15:37:35.904-07:00 level=DEBUG msg="promql query logged" test=archv2-parity tool=conduit-v1 collector=conduit type=conduit collector=conduit type=conduit params="map[end:2026-08-02T22:37:35.904Z query:rate(conduit_pipeline_execution_duration_seconds_count{pipeline_name=\"archv2-parity\"}[2s]) start:2026-08-02T22:36:45.904Z step:1]" stats="&{Timings:{EvalTotalTime:7.7208e-05 ResultSortTime:5.83e-07 QueryPreparationTime:2.1792e-05 InnerEvalTime:4.9291e-05 ExecQueueTime:2.792e-06 ExecTotalTime:8.35e-05} Samples:0x14000fe1890}" spanID=0000000000000000
time=2026-08-02T15:37:35.905-07:00 level=DEBUG msg="Query returned data" test=archv2-parity tool=conduit-v1 collector=conduit type=conduit collector=conduit type=conduit name=msg-rate-per-second[archv2-parity] series-count=1 last-value=31207
time=2026-08-02T15:37:35.905-07:00 level=DEBUG msg="promql query logged" test=archv2-parity tool=conduit-v1 collector=conduit type=conduit collector=conduit type=conduit params="map[end:2026-08-02T22:37:35.905Z query:rate(conduit_connector_bytes_sum{pipeline_name=\"archv2-parity\",type=\"source\"}[2s])/1048576 start:2026-08-02T22:36:45.904Z step:1]" stats="&{Timings:{EvalTotalTime:9.575e-05 ResultSortTime:3.75e-07 QueryPreparationTime:1.6292e-05 InnerEvalTime:7.4625e-05 ExecQueueTime:2.375e-06 ExecTotalTime:0.000100375} Samples:0x14000fe1f20}" spanID=0000000000000000
time=2026-08-02T15:37:35.905-07:00 level=DEBUG msg="Query returned data" test=archv2-parity tool=conduit-v1 collector=conduit type=conduit collector=conduit type=conduit name=msg-megabytes-in-per-second[archv2-parity] series-count=1 last-value=0.8833942413330078
time=2026-08-02T15:37:35.905-07:00 level=DEBUG msg="promql query logged" test=archv2-parity tool=conduit-v1 collector=conduit type=conduit collector=conduit type=conduit params="map[end:2026-08-02T22:37:35.905Z query:rate(conduit_connector_bytes_sum{pipeline_name=\"archv2-parity\",type=\"destination\"}[2s])/1048576 start:2026-08-02T22:36:45.904Z step:1]" stats="&{Timings:{EvalTotalTime:5.675e-05 ResultSortTime:1.25e-07 QueryPreparationTime:5.25e-06 InnerEvalTime:4.7083e-05 ExecQueueTime:8.75e-07 ExecTotalTime:5.9e-05} Samples:0x14000ff8600}" spanID=0000000000000000
time=2026-08-02T15:37:35.905-07:00 level=DEBUG msg="Query returned data" test=archv2-parity tool=conduit-v1 collector=conduit type=conduit collector=conduit type=conduit name=msg-megabytes-out-per-second[archv2-parity] series-count=1 last-value=0.8833942413330078
time=2026-08-02T15:37:36.327-07:00 level=DEBUG msg="Inspecting container" model=container-monitor name=benchi-conduit
time=2026-08-02T15:37:36.844-07:00 level=DEBUG msg="Inspecting container" model=container-monitor name=benchi-conduit
time=2026-08-02T15:37:36.905-07:00 level=DEBUG msg="promql query logged" test=archv2-parity tool=conduit-v1 collector=conduit type=conduit collector=conduit type=conduit params="map[end:2026-08-02T22:37:36.905Z query:rate(conduit_pipeline_execution_duration_seconds_count{pipeline_name=\"archv2-parity\"}[2s]) start:2026-08-02T22:36:45.904Z step:1]" stats="&{Timings:{EvalTotalTime:0.000109667 ResultSortTime:1.167e-06 QueryPreparationTime:3.4958e-05 InnerEvalTime:6.5125e-05 ExecQueueTime:5.125e-06 ExecTotalTime:0.000120542} Samples:0x14001126c90}" spanID=0000000000000000
time=2026-08-02T15:37:36.906-07:00 level=DEBUG msg="Query returned data" test=archv2-parity tool=conduit-v1 collector=conduit type=conduit collector=conduit type=conduit name=msg-rate-per-second[archv2-parity] series-count=1 last-value=30170
time=2026-08-02T15:37:36.906-07:00 level=DEBUG msg="promql query logged" test=archv2-parity tool=conduit-v1 collector=conduit type=conduit collector=conduit type=conduit params="map[end:2026-08-02T22:37:36.906Z query:rate(conduit_connector_bytes_sum{pipeline_name=\"archv2-parity\",type=\"source\"}[2s])/1048576 start:2026-08-02T22:36:45.904Z step:1]" stats="&{Timings:{EvalTotalTime:5.9917e-05 ResultSortTime:3.33e-07 QueryPreparationTime:1.0917e-05 InnerEvalTime:4.5958e-05 ExecQueueTime:1.375e-06 ExecTotalTime:6.4958e-05} Samples:0x140011272f0}" spanID=0000000000000000
time=2026-08-02T15:37:36.906-07:00 level=DEBUG msg="Query returned data" test=archv2-parity tool=conduit-v1 collector=conduit type=conduit collector=conduit type=conduit name=msg-megabytes-in-per-second[archv2-parity] series-count=1 last-value=0.8528499603271484
time=2026-08-02T15:37:36.906-07:00 level=DEBUG msg="promql query logged" test=archv2-parity tool=conduit-v1 collector=conduit type=conduit collector=conduit type=conduit params="map[end:2026-08-02T22:37:36.906Z query:rate(conduit_connector_bytes_sum{pipeline_name=\"archv2-parity\",type=\"destination\"}[2s])/1048576 start:2026-08-02T22:36:45.904Z step:1]" stats="&{Timings:{EvalTotalTime:3.675e-05 ResultSortTime:1.25e-07 QueryPreparationTime:6.291e-06 InnerEvalTime:2.8042e-05 ExecQueueTime:4.99e-07 ExecTotalTime:3.8e-05} Samples:0x14001127950}" spanID=0000000000000000
time=2026-08-02T15:37:36.906-07:00 level=DEBUG msg="Query returned data" test=archv2-parity tool=conduit-v1 collector=conduit type=conduit collector=conduit type=conduit name=msg-megabytes-out-per-second[archv2-parity] series-count=1 last-value=0.8528499603271484
time=2026-08-02T15:37:37.362-07:00 level=DEBUG msg="Inspecting container" model=container-monitor name=benchi-conduit
time=2026-08-02T15:37:37.867-07:00 level=DEBUG msg="Inspecting container" model=container-monitor name=benchi-conduit
time=2026-08-02T15:37:37.905-07:00 level=DEBUG msg="promql query logged" test=archv2-parity tool=conduit-v1 collector=conduit type=conduit collector=conduit type=conduit params="map[end:2026-08-02T22:37:37.905Z query:rate(conduit_pipeline_execution_duration_seconds_count{pipeline_name=\"archv2-parity\"}[2s]) start:2026-08-02T22:36:45.904Z step:1]" stats="&{Timings:{EvalTotalTime:0.000146583 ResultSortTime:6.25e-07 QueryPreparationTime:1.7083e-05 InnerEvalTime:0.0001205 ExecQueueTime:2.666e-06 ExecTotalTime:0.000153291} Samples:0x140012872f0}" spanID=0000000000000000
time=2026-08-02T15:37:37.905-07:00 level=DEBUG msg="Query returned data" test=archv2-parity tool=conduit-v1 collector=conduit type=conduit collector=conduit type=conduit name=msg-rate-per-second[archv2-parity] series-count=1 last-value=29653
time=2026-08-02T15:37:37.906-07:00 level=DEBUG msg="promql query logged" test=archv2-parity tool=conduit-v1 collector=conduit type=conduit collector=conduit type=conduit params="map[end:2026-08-02T22:37:37.905Z query:rate(conduit_connector_bytes_sum{pipeline_name=\"archv2-parity\",type=\"source\"}[2s])/1048576 start:2026-08-02T22:36:45.904Z step:1]" stats="&{Timings:{EvalTotalTime:8.3792e-05 ResultSortTime:2.92e-07 QueryPreparationTime:1.3292e-05 InnerEvalTime:6.6375e-05 ExecQueueTime:1.5e-06 ExecTotalTime:8.7042e-05} Samples:0x14001287950}" spanID=0000000000000000
time=2026-08-02T15:37:37.906-07:00 level=DEBUG msg="Query returned data" test=archv2-parity tool=conduit-v1 collector=conduit type=conduit collector=conduit type=conduit name=msg-megabytes-in-per-second[archv2-parity] series-count=1 last-value=0.8370857238769531
time=2026-08-02T15:37:37.906-07:00 level=DEBUG msg="promql query logged" test=archv2-parity tool=conduit-v1 collector=conduit type=conduit collector=conduit type=conduit params="map[end:2026-08-02T22:37:37.906Z query:rate(conduit_connector_bytes_sum{pipeline_name=\"archv2-parity\",type=\"destination\"}[2s])/1048576 start:2026-08-02T22:36:45.904Z step:1]" stats="&{Timings:{EvalTotalTime:7.725e-05 ResultSortTime:1.67e-07 QueryPreparationTime:6.792e-06 InnerEvalTime:6.675e-05 ExecQueueTime:7.91e-07 ExecTotalTime:7.9583e-05} Samples:0x1400129e030}" spanID=0000000000000000
time=2026-08-02T15:37:37.906-07:00 level=DEBUG msg="Query returned data" test=archv2-parity tool=conduit-v1 collector=conduit type=conduit collector=conduit type=conduit name=msg-megabytes-out-per-second[archv2-parity] series-count=1 last-value=0.8370857238769531
time=2026-08-02T15:37:38.379-07:00 level=DEBUG msg="Inspecting container" model=container-monitor name=benchi-conduit
time=2026-08-02T15:37:38.899-07:00 level=DEBUG msg="Inspecting container" model=container-monitor name=benchi-conduit
time=2026-08-02T15:37:38.906-07:00 level=DEBUG msg="promql query logged" test=archv2-parity tool=conduit-v1 collector=conduit type=conduit collector=conduit type=conduit params="map[end:2026-08-02T22:37:38.905Z query:rate(conduit_pipeline_execution_duration_seconds_count{pipeline_name=\"archv2-parity\"}[2s]) start:2026-08-02T22:36:45.904Z step:1]" stats="&{Timings:{EvalTotalTime:9.6125e-05 ResultSortTime:4.58e-07 QueryPreparationTime:2.4333e-05 InnerEvalTime:6.2792e-05 ExecQueueTime:3.666e-06 ExecTotalTime:0.000103583} Samples:0x14001323470}" spanID=0000000000000000
time=2026-08-02T15:37:38.906-07:00 level=DEBUG msg="Query returned data" test=archv2-parity tool=conduit-v1 collector=conduit type=conduit collector=conduit type=conduit name=msg-rate-per-second[archv2-parity] series-count=1 last-value=28756
time=2026-08-02T15:37:38.906-07:00 level=DEBUG msg="promql query logged" test=archv2-parity tool=conduit-v1 collector=conduit type=conduit collector=conduit type=conduit params="map[end:2026-08-02T22:37:38.906Z query:rate(conduit_connector_bytes_sum{pipeline_name=\"archv2-parity\",type=\"source\"}[2s])/1048576 start:2026-08-02T22:36:45.904Z step:1]" stats="&{Timings:{EvalTotalTime:0.0001165 ResultSortTime:3.75e-07 QueryPreparationTime:1.9667e-05 InnerEvalTime:8.8791e-05 ExecQueueTime:2.75e-06 ExecTotalTime:0.000126375} Samples:0x14001323ad0}" spanID=0000000000000000
time=2026-08-02T15:37:38.906-07:00 level=DEBUG msg="Query returned data" test=archv2-parity tool=conduit-v1 collector=conduit type=conduit collector=conduit type=conduit name=msg-megabytes-in-per-second[archv2-parity] series-count=1 last-value=0.8128757476806641
time=2026-08-02T15:37:38.907-07:00 level=DEBUG msg="promql query logged" test=archv2-parity tool=conduit-v1 collector=conduit type=conduit collector=conduit type=conduit params="map[end:2026-08-02T22:37:38.906Z query:rate(conduit_connector_bytes_sum{pipeline_name=\"archv2-parity\",type=\"destination\"}[2s])/1048576 start:2026-08-02T22:36:45.904Z step:1]" stats="&{Timings:{EvalTotalTime:0.000112375 ResultSortTime:3.75e-07 QueryPreparationTime:1.9292e-05 InnerEvalTime:8.5875e-05 ExecQueueTime:2.209e-06 ExecTotalTime:0.000120541} Samples:0x1400136c1b0}" spanID=0000000000000000
time=2026-08-02T15:37:38.907-07:00 level=DEBUG msg="Query returned data" test=archv2-parity tool=conduit-v1 collector=conduit type=conduit collector=conduit type=conduit name=msg-megabytes-out-per-second[archv2-parity] series-count=1 last-value=0.8129043579101562
time=2026-08-02T15:37:39.407-07:00 level=DEBUG msg="Inspecting container" model=container-monitor name=benchi-conduit
time=2026-08-02T15:37:39.904-07:00 level=DEBUG msg="promql query logged" test=archv2-parity tool=conduit-v1 collector=conduit type=conduit collector=conduit type=conduit params="map[end:2026-08-02T22:37:39.904Z query:rate(conduit_pipeline_execution_duration_seconds_count{pipeline_name=\"archv2-parity\"}[2s]) start:2026-08-02T22:36:45.904Z step:1]" stats="&{Timings:{EvalTotalTime:0.000115291 ResultSortTime:1.125e-06 QueryPreparationTime:3.5e-05 InnerEvalTime:6.8583e-05 ExecQueueTime:1.3917e-05 ExecTotalTime:0.000133875} Samples:0x140013e2210}" spanID=0000000000000000
time=2026-08-02T15:37:39.904-07:00 level=DEBUG msg="Query returned data" test=archv2-parity tool=conduit-v1 collector=conduit type=conduit collector=conduit type=conduit name=msg-rate-per-second[archv2-parity] series-count=1 last-value=28396
time=2026-08-02T15:37:39.905-07:00 level=DEBUG msg="promql query logged" test=archv2-parity tool=conduit-v1 collector=conduit type=conduit collector=conduit type=conduit params="map[end:2026-08-02T22:37:39.904Z query:rate(conduit_connector_bytes_sum{pipeline_name=\"archv2-parity\",type=\"source\"}[2s])/1048576 start:2026-08-02T22:36:45.904Z step:1]" stats="&{Timings:{EvalTotalTime:0.000124417 ResultSortTime:4.58e-07 QueryPreparationTime:2.3166e-05 InnerEvalTime:9.4084e-05 ExecQueueTime:2.875e-06 ExecTotalTime:0.000131583} Samples:0x140013e2870}" spanID=0000000000000000
time=2026-08-02T15:37:39.905-07:00 level=DEBUG msg="Query returned data" test=archv2-parity tool=conduit-v1 collector=conduit type=conduit collector=conduit type=conduit name=msg-megabytes-in-per-second[archv2-parity] series-count=1 last-value=0.8022317886352539
time=2026-08-02T15:37:39.905-07:00 level=DEBUG msg="promql query logged" test=archv2-parity tool=conduit-v1 collector=conduit type=conduit collector=conduit type=conduit params="map[end:2026-08-02T22:37:39.905Z query:rate(conduit_connector_bytes_sum{pipeline_name=\"archv2-parity\",type=\"destination\"}[2s])/1048576 start:2026-08-02T22:36:45.904Z step:1]" stats="&{Timings:{EvalTotalTime:8.7e-05 ResultSortTime:4.58e-07 QueryPreparationTime:1.075e-05 InnerEvalTime:6.825e-05 ExecQueueTime:1.583e-06 ExecTotalTime:9.2167e-05} Samples:0x140013e2ed0}" spanID=0000000000000000
time=2026-08-02T15:37:39.905-07:00 level=DEBUG msg="Query returned data" test=archv2-parity tool=conduit-v1 collector=conduit type=conduit collector=conduit type=conduit name=msg-megabytes-out-per-second[archv2-parity] series-count=1 last-value=0.8022031784057617
time=2026-08-02T15:37:39.913-07:00 level=DEBUG msg="Inspecting container" model=container-monitor name=benchi-conduit
time=2026-08-02T15:37:40.422-07:00 level=DEBUG msg="Inspecting container" model=container-monitor name=benchi-conduit
time=2026-08-02T15:37:40.904-07:00 level=INFO msg="Test in progress" test=archv2-parity tool=conduit-v1 step=test time-left=5s
time=2026-08-02T15:37:40.904-07:00 level=DEBUG msg="promql query logged" test=archv2-parity tool=conduit-v1 collector=conduit type=conduit collector=conduit type=conduit params="map[end:2026-08-02T22:37:40.904Z query:rate(conduit_pipeline_execution_duration_seconds_count{pipeline_name=\"archv2-parity\"}[2s]) start:2026-08-02T22:36:45.904Z step:1]" stats="&{Timings:{EvalTotalTime:0.00017575 ResultSortTime:8.34e-07 QueryPreparationTime:0.000111 InnerEvalTime:5.3667e-05 ExecQueueTime:2.75e-06 ExecTotalTime:0.000182875} Samples:0x1400149f860}" spanID=0000000000000000
time=2026-08-02T15:37:40.904-07:00 level=DEBUG msg="Query returned data" test=archv2-parity tool=conduit-v1 collector=conduit type=conduit collector=conduit type=conduit name=msg-rate-per-second[archv2-parity] series-count=1 last-value=30857
time=2026-08-02T15:37:40.904-07:00 level=DEBUG msg="promql query logged" test=archv2-parity tool=conduit-v1 collector=conduit type=conduit collector=conduit type=conduit params="map[end:2026-08-02T22:37:40.904Z query:rate(conduit_connector_bytes_sum{pipeline_name=\"archv2-parity\",type=\"source\"}[2s])/1048576 start:2026-08-02T22:36:45.904Z step:1]" stats="&{Timings:{EvalTotalTime:7.6125e-05 ResultSortTime:2.08e-07 QueryPreparationTime:1.0125e-05 InnerEvalTime:6.1e-05 ExecQueueTime:1.167e-06 ExecTotalTime:7.8917e-05} Samples:0x1400149fec0}" spanID=0000000000000000
time=2026-08-02T15:37:40.904-07:00 level=DEBUG msg="Query returned data" test=archv2-parity tool=conduit-v1 collector=conduit type=conduit collector=conduit type=conduit name=msg-megabytes-in-per-second[archv2-parity] series-count=1 last-value=0.8706235885620117
time=2026-08-02T15:37:40.904-07:00 level=DEBUG msg="promql query logged" test=archv2-parity tool=conduit-v1 collector=conduit type=conduit collector=conduit type=conduit params="map[end:2026-08-02T22:37:40.904Z query:rate(conduit_connector_bytes_sum{pipeline_name=\"archv2-parity\",type=\"destination\"}[2s])/1048576 start:2026-08-02T22:36:45.904Z step:1]" stats="&{Timings:{EvalTotalTime:5.9583e-05 ResultSortTime:1.25e-07 QueryPreparationTime:5.625e-06 InnerEvalTime:4.8583e-05 ExecQueueTime:2.292e-06 ExecTotalTime:6.225e-05} Samples:0x140014d25a0}" spanID=0000000000000000
time=2026-08-02T15:37:40.904-07:00 level=DEBUG msg="Query returned data" test=archv2-parity tool=conduit-v1 collector=conduit type=conduit collector=conduit type=conduit name=msg-megabytes-out-per-second[archv2-parity] series-count=1 last-value=0.8706235885620117
time=2026-08-02T15:37:40.927-07:00 level=DEBUG msg="Inspecting container" model=container-monitor name=benchi-conduit
time=2026-08-02T15:37:41.433-07:00 level=DEBUG msg="Inspecting container" model=container-monitor name=benchi-conduit
time=2026-08-02T15:37:41.905-07:00 level=DEBUG msg="promql query logged" test=archv2-parity tool=conduit-v1 collector=conduit type=conduit collector=conduit type=conduit params="map[end:2026-08-02T22:37:41.905Z query:rate(conduit_pipeline_execution_duration_seconds_count{pipeline_name=\"archv2-parity\"}[2s]) start:2026-08-02T22:36:45.904Z step:1]" stats="&{Timings:{EvalTotalTime:6.675e-05 ResultSortTime:6.67e-07 QueryPreparationTime:1.8125e-05 InnerEvalTime:4.2833e-05 ExecQueueTime:2.417e-06 ExecTotalTime:7.1833e-05} Samples:0x1400142c600}" spanID=0000000000000000
time=2026-08-02T15:37:41.905-07:00 level=DEBUG msg="Query returned data" test=archv2-parity tool=conduit-v1 collector=conduit type=conduit collector=conduit type=conduit name=msg-rate-per-second[archv2-parity] series-count=1 last-value=29037
time=2026-08-02T15:37:41.905-07:00 level=DEBUG msg="promql query logged" test=archv2-parity tool=conduit-v1 collector=conduit type=conduit collector=conduit type=conduit params="map[end:2026-08-02T22:37:41.905Z query:rate(conduit_connector_bytes_sum{pipeline_name=\"archv2-parity\",type=\"source\"}[2s])/1048576 start:2026-08-02T22:36:45.904Z step:1]" stats="&{Timings:{EvalTotalTime:6.8458e-05 ResultSortTime:1.25e-07 QueryPreparationTime:6.042e-06 InnerEvalTime:5.9375e-05 ExecQueueTime:7.08e-07 ExecTotalTime:7.075e-05} Samples:0x1400142cc60}" spanID=0000000000000000
time=2026-08-02T15:37:41.905-07:00 level=DEBUG msg="Query returned data" test=archv2-parity tool=conduit-v1 collector=conduit type=conduit collector=conduit type=conduit name=msg-megabytes-in-per-second[archv2-parity] series-count=1 last-value=0.8210420608520508
time=2026-08-02T15:37:41.905-07:00 level=DEBUG msg="promql query logged" test=archv2-parity tool=conduit-v1 collector=conduit type=conduit collector=conduit type=conduit params="map[end:2026-08-02T22:37:41.905Z query:rate(conduit_connector_bytes_sum{pipeline_name=\"archv2-parity\",type=\"destination\"}[2s])/1048576 start:2026-08-02T22:36:45.904Z step:1]" stats="&{Timings:{EvalTotalTime:5.6875e-05 ResultSortTime:2.09e-07 QueryPreparationTime:6.75e-06 InnerEvalTime:4.7292e-05 ExecQueueTime:7.5e-07 ExecTotalTime:5.8833e-05} Samples:0x1400142d2c0}" spanID=0000000000000000
time=2026-08-02T15:37:41.905-07:00 level=DEBUG msg="Query returned data" test=archv2-parity tool=conduit-v1 collector=conduit type=conduit collector=conduit type=conduit name=msg-megabytes-out-per-second[archv2-parity] series-count=1 last-value=0.8210420608520508
time=2026-08-02T15:37:41.937-07:00 level=DEBUG msg="Inspecting container" model=container-monitor name=benchi-conduit
time=2026-08-02T15:37:42.445-07:00 level=DEBUG msg="Inspecting container" model=container-monitor name=benchi-conduit
time=2026-08-02T15:37:42.904-07:00 level=DEBUG msg="promql query logged" test=archv2-parity tool=conduit-v1 collector=conduit type=conduit collector=conduit type=conduit params="map[end:2026-08-02T22:37:42.904Z query:rate(conduit_pipeline_execution_duration_seconds_count{pipeline_name=\"archv2-parity\"}[2s]) start:2026-08-02T22:36:45.904Z step:1]" stats="&{Timings:{EvalTotalTime:6.9541e-05 ResultSortTime:7.5e-07 QueryPreparationTime:1.9667e-05 InnerEvalTime:4.3625e-05 ExecQueueTime:2.709e-06 ExecTotalTime:7.4125e-05} Samples:0x140014f6a50}" spanID=0000000000000000
time=2026-08-02T15:37:42.905-07:00 level=DEBUG msg="Query returned data" test=archv2-parity tool=conduit-v1 collector=conduit type=conduit collector=conduit type=conduit name=msg-rate-per-second[archv2-parity] series-count=1 last-value=29637
time=2026-08-02T15:37:42.905-07:00 level=DEBUG msg="promql query logged" test=archv2-parity tool=conduit-v1 collector=conduit type=conduit collector=conduit type=conduit params="map[end:2026-08-02T22:37:42.905Z query:rate(conduit_connector_bytes_sum{pipeline_name=\"archv2-parity\",type=\"source\"}[2s])/1048576 start:2026-08-02T22:36:45.904Z step:1]" stats="&{Timings:{EvalTotalTime:8.1875e-05 ResultSortTime:2.09e-07 QueryPreparationTime:1.1083e-05 InnerEvalTime:6.6167e-05 ExecQueueTime:1.125e-06 ExecTotalTime:8.4833e-05} Samples:0x140014f70b0}" spanID=0000000000000000
time=2026-08-02T15:37:42.905-07:00 level=DEBUG msg="Query returned data" test=archv2-parity tool=conduit-v1 collector=conduit type=conduit collector=conduit type=conduit name=msg-megabytes-in-per-second[archv2-parity] series-count=1 last-value=0.8385038375854492
time=2026-08-02T15:37:42.905-07:00 level=DEBUG msg="promql query logged" test=archv2-parity tool=conduit-v1 collector=conduit type=conduit collector=conduit type=conduit params="map[end:2026-08-02T22:37:42.905Z query:rate(conduit_connector_bytes_sum{pipeline_name=\"archv2-parity\",type=\"destination\"}[2s])/1048576 start:2026-08-02T22:36:45.904Z step:1]" stats="&{Timings:{EvalTotalTime:6.6875e-05 ResultSortTime:2.09e-07 QueryPreparationTime:7.333e-06 InnerEvalTime:5.5625e-05 ExecQueueTime:1e-06 ExecTotalTime:6.9584e-05} Samples:0x140014f7710}" spanID=0000000000000000
time=2026-08-02T15:37:42.905-07:00 level=DEBUG msg="Query returned data" test=archv2-parity tool=conduit-v1 collector=conduit type=conduit collector=conduit type=conduit name=msg-megabytes-out-per-second[archv2-parity] series-count=1 last-value=0.8385038375854492
time=2026-08-02T15:37:42.954-07:00 level=DEBUG msg="Inspecting container" model=container-monitor name=benchi-conduit
time=2026-08-02T15:37:43.466-07:00 level=DEBUG msg="Inspecting container" model=container-monitor name=benchi-conduit
time=2026-08-02T15:37:43.904-07:00 level=DEBUG msg="promql query logged" test=archv2-parity tool=conduit-v1 collector=conduit type=conduit collector=conduit type=conduit params="map[end:2026-08-02T22:37:43.904Z query:rate(conduit_pipeline_execution_duration_seconds_count{pipeline_name=\"archv2-parity\"}[2s]) start:2026-08-02T22:36:45.904Z step:1]" stats="&{Timings:{EvalTotalTime:6.7167e-05 ResultSortTime:6.25e-07 QueryPreparationTime:1.8459e-05 InnerEvalTime:4.2166e-05 ExecQueueTime:3.208e-06 ExecTotalTime:7.3792e-05} Samples:0x1400164ccf0}" spanID=0000000000000000
time=2026-08-02T15:37:43.904-07:00 level=DEBUG msg="Query returned data" test=archv2-parity tool=conduit-v1 collector=conduit type=conduit collector=conduit type=conduit name=msg-rate-per-second[archv2-parity] series-count=1 last-value=30021
time=2026-08-02T15:37:43.905-07:00 level=DEBUG msg="promql query logged" test=archv2-parity tool=conduit-v1 collector=conduit type=conduit collector=conduit type=conduit params="map[end:2026-08-02T22:37:43.904Z query:rate(conduit_connector_bytes_sum{pipeline_name=\"archv2-parity\",type=\"source\"}[2s])/1048576 start:2026-08-02T22:36:45.904Z step:1]" stats="&{Timings:{EvalTotalTime:0.000141583 ResultSortTime:3.33e-07 QueryPreparationTime:8.834e-06 InnerEvalTime:0.000127459 ExecQueueTime:1.125e-06 ExecTotalTime:0.0001455} Samples:0x1400164d350}" spanID=0000000000000000
time=2026-08-02T15:37:43.905-07:00 level=DEBUG msg="Query returned data" test=archv2-parity tool=conduit-v1 collector=conduit type=conduit collector=conduit type=conduit name=msg-megabytes-in-per-second[archv2-parity] series-count=1 last-value=0.8473062515258789
time=2026-08-02T15:37:43.905-07:00 level=DEBUG msg="promql query logged" test=archv2-parity tool=conduit-v1 collector=conduit type=conduit collector=conduit type=conduit params="map[end:2026-08-02T22:37:43.905Z query:rate(conduit_connector_bytes_sum{pipeline_name=\"archv2-parity\",type=\"destination\"}[2s])/1048576 start:2026-08-02T22:36:45.904Z step:1]" stats="&{Timings:{EvalTotalTime:7.2041e-05 ResultSortTime:2.92e-07 QueryPreparationTime:9.75e-06 InnerEvalTime:5.7792e-05 ExecQueueTime:1.334e-06 ExecTotalTime:7.5083e-05} Samples:0x1400164d9b0}" spanID=0000000000000000
time=2026-08-02T15:37:43.905-07:00 level=DEBUG msg="Query returned data" test=archv2-parity tool=conduit-v1 collector=conduit type=conduit collector=conduit type=conduit name=msg-megabytes-out-per-second[archv2-parity] series-count=1 last-value=0.8473062515258789
time=2026-08-02T15:37:43.971-07:00 level=DEBUG msg="Inspecting container" model=container-monitor name=benchi-conduit
time=2026-08-02T15:37:44.482-07:00 level=DEBUG msg="Inspecting container" model=container-monitor name=benchi-conduit
time=2026-08-02T15:37:44.905-07:00 level=DEBUG msg="promql query logged" test=archv2-parity tool=conduit-v1 collector=conduit type=conduit collector=conduit type=conduit params="map[end:2026-08-02T22:37:44.905Z query:rate(conduit_pipeline_execution_duration_seconds_count{pipeline_name=\"archv2-parity\"}[2s]) start:2026-08-02T22:36:45.904Z step:1]" stats="&{Timings:{EvalTotalTime:7.5709e-05 ResultSortTime:7.08e-07 QueryPreparationTime:2.0542e-05 InnerEvalTime:4.8167e-05 ExecQueueTime:3.625e-06 ExecTotalTime:8.2208e-05} Samples:0x1400172ade0}" spanID=0000000000000000
time=2026-08-02T15:37:44.905-07:00 level=DEBUG msg="Query returned data" test=archv2-parity tool=conduit-v1 collector=conduit type=conduit collector=conduit type=conduit name=msg-rate-per-second[archv2-parity] series-count=1 last-value=30985
time=2026-08-02T15:37:44.905-07:00 level=DEBUG msg="promql query logged" test=archv2-parity tool=conduit-v1 collector=conduit type=conduit collector=conduit type=conduit params="map[end:2026-08-02T22:37:44.905Z query:rate(conduit_connector_bytes_sum{pipeline_name=\"archv2-parity\",type=\"source\"}[2s])/1048576 start:2026-08-02T22:36:45.904Z step:1]" stats="&{Timings:{EvalTotalTime:0.000126417 ResultSortTime:2.5e-07 QueryPreparationTime:1.15e-05 InnerEvalTime:0.000109417 ExecQueueTime:1.458e-06 ExecTotalTime:0.000130209} Samples:0x1400172b4a0}" spanID=0000000000000000
time=2026-08-02T15:37:44.905-07:00 level=DEBUG msg="Query returned data" test=archv2-parity tool=conduit-v1 collector=conduit type=conduit collector=conduit type=conduit name=msg-megabytes-in-per-second[archv2-parity] series-count=1 last-value=0.875950813293457
time=2026-08-02T15:37:44.905-07:00 level=DEBUG msg="promql query logged" test=archv2-parity tool=conduit-v1 collector=conduit type=conduit collector=conduit type=conduit params="map[end:2026-08-02T22:37:44.905Z query:rate(conduit_connector_bytes_sum{pipeline_name=\"archv2-parity\",type=\"destination\"}[2s])/1048576 start:2026-08-02T22:36:45.904Z step:1]" stats="&{Timings:{EvalTotalTime:6.9791e-05 ResultSortTime:1.66e-07 QueryPreparationTime:6.833e-06 InnerEvalTime:5.8792e-05 ExecQueueTime:1e-06 ExecTotalTime:7.2292e-05} Samples:0x1400172bb00}" spanID=0000000000000000
time=2026-08-02T15:37:44.905-07:00 level=DEBUG msg="Query returned data" test=archv2-parity tool=conduit-v1 collector=conduit type=conduit collector=conduit type=conduit name=msg-megabytes-out-per-second[archv2-parity] series-count=1 last-value=0.875950813293457
time=2026-08-02T15:37:44.986-07:00 level=DEBUG msg="Inspecting container" model=container-monitor name=benchi-conduit
time=2026-08-02T15:37:45.490-07:00 level=DEBUG msg="Inspecting container" model=container-monitor name=benchi-conduit
time=2026-08-02T15:37:45.904-07:00 level=INFO msg="Test in progress" test=archv2-parity tool=conduit-v1 step=test time-left=0s
time=2026-08-02T15:37:45.904-07:00 level=DEBUG msg="promql query logged" test=archv2-parity tool=conduit-v1 collector=conduit type=conduit collector=conduit type=conduit params="map[end:2026-08-02T22:37:45.904Z query:rate(conduit_pipeline_execution_duration_seconds_count{pipeline_name=\"archv2-parity\"}[2s]) start:2026-08-02T22:36:45.904Z step:1]" stats="&{Timings:{EvalTotalTime:6.7709e-05 ResultSortTime:4.17e-07 QueryPreparationTime:1.65e-05 InnerEvalTime:4.4958e-05 ExecQueueTime:2.625e-06 ExecTotalTime:7.3167e-05} Samples:0x140016b80f0}" spanID=0000000000000000
time=2026-08-02T15:37:45.904-07:00 level=DEBUG msg="Query returned data" test=archv2-parity tool=conduit-v1 collector=conduit type=conduit collector=conduit type=conduit name=msg-rate-per-second[archv2-parity] series-count=1 last-value=30483
time=2026-08-02T15:37:45.904-07:00 level=DEBUG msg="promql query logged" test=archv2-parity tool=conduit-v1 collector=conduit type=conduit collector=conduit type=conduit params="map[end:2026-08-02T22:37:45.904Z query:rate(conduit_connector_bytes_sum{pipeline_name=\"archv2-parity\",type=\"source\"}[2s])/1048576 start:2026-08-02T22:36:45.904Z step:1]" stats="&{Timings:{EvalTotalTime:0.000183 ResultSortTime:2.5e-07 QueryPreparationTime:1.0667e-05 InnerEvalTime:0.000167208 ExecQueueTime:1.25e-06 ExecTotalTime:0.000186709} Samples:0x14000fc9500}" spanID=0000000000000000
time=2026-08-02T15:37:45.905-07:00 level=DEBUG msg="Query returned data" test=archv2-parity tool=conduit-v1 collector=conduit type=conduit collector=conduit type=conduit name=msg-megabytes-in-per-second[archv2-parity] series-count=1 last-value=0.8604698181152344
time=2026-08-02T15:37:45.905-07:00 level=DEBUG msg="promql query logged" test=archv2-parity tool=conduit-v1 collector=conduit type=conduit collector=conduit type=conduit params="map[end:2026-08-02T22:37:45.905Z query:rate(conduit_connector_bytes_sum{pipeline_name=\"archv2-parity\",type=\"destination\"}[2s])/1048576 start:2026-08-02T22:36:45.904Z step:1]" stats="&{Timings:{EvalTotalTime:7.15e-05 ResultSortTime:1.67e-07 QueryPreparationTime:8.792e-06 InnerEvalTime:5.8541e-05 ExecQueueTime:1.334e-06 ExecTotalTime:7.4625e-05} Samples:0x14000fc9d10}" spanID=0000000000000000
time=2026-08-02T15:37:45.905-07:00 level=DEBUG msg="Query returned data" test=archv2-parity tool=conduit-v1 collector=conduit type=conduit collector=conduit type=conduit name=msg-megabytes-out-per-second[archv2-parity] series-count=1 last-value=0.8605566024780273
time=2026-08-02T15:37:45.996-07:00 level=DEBUG msg="Inspecting container" model=container-monitor name=benchi-conduit
time=2026-08-02T15:37:46.410-07:00 level=INFO msg="Step successful" test=archv2-parity tool=conduit-v1 step=test
time=2026-08-02T15:37:46.411-07:00 level=INFO msg="Running step" test=archv2-parity tool=conduit-v1 step=post-test
time=2026-08-02T15:37:46.411-07:00 level=INFO msg="Exporting metrics" test=archv2-parity tool=conduit-v1 step=post-test collector=conduit path=/Users/devarisbrown/Code/projects/conduit/benchi/archv2-parity/results/r1/archv2-parity_conduit-v1/conduit.csv
time=2026-08-02T15:37:46.411-07:00 level=INFO msg="Exporting metrics" test=archv2-parity tool=conduit-v1 step=post-test collector=docker path=/Users/devarisbrown/Code/projects/conduit/benchi/archv2-parity/results/r1/archv2-parity_conduit-v1/docker.csv
time=2026-08-02T15:37:46.412-07:00 level=DEBUG msg="Running hooks" test=archv2-parity tool=conduit-v1 step=post-test count=0
time=2026-08-02T15:37:46.412-07:00 level=INFO msg="Step successful" test=archv2-parity tool=conduit-v1 step=post-test
time=2026-08-02T15:37:46.412-07:00 level=INFO msg="Running step" test=archv2-parity tool=conduit-v1 step=pre-cleanup
time=2026-08-02T15:37:46.412-07:00 level=DEBUG msg="Running hooks" test=archv2-parity tool=conduit-v1 step=pre-cleanup count=0
time=2026-08-02T15:37:46.412-07:00 level=INFO msg="Step successful" test=archv2-parity tool=conduit-v1 step=pre-cleanup
time=2026-08-02T15:37:46.412-07:00 level=INFO msg="Running step" test=archv2-parity tool=conduit-v1 step=cleanup
time=2026-08-02T15:37:46.412-07:00 level=INFO msg="Stopping containers" test=archv2-parity tool=conduit-v1 step=tool
time=2026-08-02T15:37:46.412-07:00 level=DEBUG msg="Executing command" command="/usr/local/bin/docker compose -f ./tools/compose-conduit-v1.yml down"
time=2026-08-02T15:37:46.518-07:00 level=DEBUG msg="Inspecting container" model=container-monitor name=benchi-conduit
time=2026-08-02T15:37:46.782-07:00 level=INFO msg="Step successful" test=archv2-parity tool=conduit-v1 step=cleanup
time=2026-08-02T15:37:46.782-07:00 level=INFO msg="Running step" test=archv2-parity tool=conduit-v1 step=post-cleanup
time=2026-08-02T15:37:46.782-07:00 level=DEBUG msg="Running hooks" test=archv2-parity tool=conduit-v1 step=post-cleanup count=0
time=2026-08-02T15:37:46.782-07:00 level=INFO msg="Step successful" test=archv2-parity tool=conduit-v1 step=post-cleanup
time=2026-08-02T15:37:46.782-07:00 level=INFO msg="Running step" test=archv2-parity tool=conduit-v2 step=pre-infrastructure
time=2026-08-02T15:37:46.783-07:00 level=INFO msg="Pulling docker images for tool containers" test=archv2-parity tool=conduit-v2 step=pre-infrastructure containers=[benchi-conduit]
time=2026-08-02T15:37:46.783-07:00 level=DEBUG msg="Executing command" command="/usr/local/bin/docker compose -f ./tools/compose-conduit-v2.yml pull"
time=2026-08-02T15:37:46.884-07:00 level=INFO msg="Pulling docker images for hooks" test=archv2-parity tool=conduit-v2 step=pre-infrastructure images=[]
time=2026-08-02T15:37:46.884-07:00 level=DEBUG msg="Running hooks" test=archv2-parity tool=conduit-v2 step=pre-infrastructure count=0
time=2026-08-02T15:37:46.884-07:00 level=INFO msg="Step successful" test=archv2-parity tool=conduit-v2 step=pre-infrastructure
time=2026-08-02T15:37:46.884-07:00 level=INFO msg="Running step" test=archv2-parity tool=conduit-v2 step=infrastructure
time=2026-08-02T15:37:46.884-07:00 level=INFO msg="No infrastructure to start" test=archv2-parity tool=conduit-v2 step=infrastructure
time=2026-08-02T15:37:46.884-07:00 level=INFO msg="Step successful" test=archv2-parity tool=conduit-v2 step=infrastructure
time=2026-08-02T15:37:46.884-07:00 level=INFO msg="Running step" test=archv2-parity tool=conduit-v2 step=post-infrastructure
time=2026-08-02T15:37:46.885-07:00 level=DEBUG msg="Running hooks" test=archv2-parity tool=conduit-v2 step=post-infrastructure count=0
time=2026-08-02T15:37:46.885-07:00 level=INFO msg="Step successful" test=archv2-parity tool=conduit-v2 step=post-infrastructure
time=2026-08-02T15:37:46.885-07:00 level=INFO msg="Running step" test=archv2-parity tool=conduit-v2 step=pre-tool
time=2026-08-02T15:37:46.885-07:00 level=DEBUG msg="Running hooks" test=archv2-parity tool=conduit-v2 step=pre-tool count=0
time=2026-08-02T15:37:46.885-07:00 level=INFO msg="Step successful" test=archv2-parity tool=conduit-v2 step=pre-tool
time=2026-08-02T15:37:46.885-07:00 level=INFO msg="Running step" test=archv2-parity tool=conduit-v2 step=tool
time=2026-08-02T15:37:46.885-07:00 level=INFO msg="Waiting for container status to be healthy" test=archv2-parity tool=conduit-v2 step=tool container=benchi-conduit status=N/A
time=2026-08-02T15:37:46.885-07:00 level=DEBUG msg="Executing command" command="/usr/local/bin/docker compose -f ./tools/compose-conduit-v2.yml up"
time=2026-08-02T15:37:47.022-07:00 level=DEBUG msg="Inspecting container" model=container-monitor name=benchi-conduit
time=2026-08-02T15:37:47.025-07:00 level=DEBUG msg="Container not found" model=container-monitor name=benchi-conduit
time=2026-08-02T15:37:47.284-07:00 level=DEBUG msg="Inspecting container" model=container-monitor name=benchi-conduit
time=2026-08-02T15:37:47.790-07:00 level=DEBUG msg="Inspecting container" model=container-monitor name=benchi-conduit
time=2026-08-02T15:37:47.897-07:00 level=DEBUG msg="Inspected container" test=archv2-parity tool=conduit-v2 step=tool container=benchi-conduit response="{ContainerJSONBase:0x14000f42840 Mounts:[{Type:bind Name: Source:/Users/devarisbrown/Code/projects/conduit/benchi/archv2-parity/pipeline.yml Destination:/app/pipelines/pipeline.yml Driver: Mode:rw RW:true Propagation:rprivate}] Config:0x14000122140 NetworkSettings:0x140005dd300 ImageManifestDescriptor:<nil>}" state="{Status:running Running:true Paused:false Restarting:false OOMKilled:false Dead:false Pid:67131 ExitCode:0 Error: StartedAt:2026-08-02T22:37:47.080992803Z FinishedAt:0001-01-01T00:00:00Z Health:<nil>}"
time=2026-08-02T15:37:47.897-07:00 level=INFO msg="Container is running (consider adding a health check!)" test=archv2-parity tool=conduit-v2 step=tool container=/benchi-conduit
time=2026-08-02T15:37:47.897-07:00 level=INFO msg="Tools started" test=archv2-parity tool=conduit-v2 step=tool
time=2026-08-02T15:37:47.897-07:00 level=INFO msg="Step successful" test=archv2-parity tool=conduit-v2 step=tool
time=2026-08-02T15:37:47.898-07:00 level=INFO msg="Running step" test=archv2-parity tool=conduit-v2 step=post-tool
time=2026-08-02T15:37:47.898-07:00 level=DEBUG msg="Running hooks" test=archv2-parity tool=conduit-v2 step=post-tool count=0
time=2026-08-02T15:37:47.898-07:00 level=INFO msg="Step successful" test=archv2-parity tool=conduit-v2 step=post-tool
time=2026-08-02T15:37:47.898-07:00 level=INFO msg="Running step" test=archv2-parity tool=conduit-v2 step=pre-test
time=2026-08-02T15:37:47.898-07:00 level=DEBUG msg="Running hooks" test=archv2-parity tool=conduit-v2 step=pre-test count=0
time=2026-08-02T15:37:47.898-07:00 level=INFO msg="Step successful" test=archv2-parity tool=conduit-v2 step=pre-test
time=2026-08-02T15:37:47.898-07:00 level=INFO msg="Running step" test=archv2-parity tool=conduit-v2 step=test
time=2026-08-02T15:37:47.898-07:00 level=INFO msg="Running collector" test=archv2-parity tool=conduit-v2 step=test name=conduit type=conduit
time=2026-08-02T15:37:47.898-07:00 level=INFO msg="Running collector" test=archv2-parity tool=conduit-v2 step=test name=docker type=docker
time=2026-08-02T15:37:47.898-07:00 level=INFO msg="Test in progress" test=archv2-parity tool=conduit-v2 step=test time-left=1m0s
time=2026-08-02T15:37:47.898-07:00 level=DEBUG msg="Collecting stats" test=archv2-parity tool=conduit-v2 collector=docker type=docker collector=docker type=docker container=benchi-conduit
time=2026-08-02T15:37:48.306-07:00 level=DEBUG msg="Inspecting container" model=container-monitor name=benchi-conduit
time=2026-08-02T15:37:48.829-07:00 level=DEBUG msg="Inspecting container" model=container-monitor name=benchi-conduit
time=2026-08-02T15:37:48.899-07:00 level=DEBUG msg="promql query logged" test=archv2-parity tool=conduit-v2 collector=conduit type=conduit collector=conduit type=conduit params="map[end:2026-08-02T22:37:48.899Z query:rate(conduit_pipeline_execution_duration_seconds_count{pipeline_name=\"archv2-parity\"}[2s]) start:2026-08-02T22:37:47.898Z step:1]" stats="&{Timings:{EvalTotalTime:0.000159708 ResultSortTime:1.375e-06 QueryPreparationTime:3.1417e-05 InnerEvalTime:9.525e-05 ExecQueueTime:4.458e-06 ExecTotalTime:0.000170084} Samples:0x140010bc5d0}" spanID=0000000000000000
time=2026-08-02T15:37:48.900-07:00 level=DEBUG msg="No data returned from query" test=archv2-parity tool=conduit-v2 collector=conduit type=conduit collector=conduit type=conduit
time=2026-08-02T15:37:48.900-07:00 level=DEBUG msg="promql query logged" test=archv2-parity tool=conduit-v2 collector=conduit type=conduit collector=conduit type=conduit params="map[end:2026-08-02T22:37:48.900Z query:rate(conduit_connector_bytes_sum{pipeline_name=\"archv2-parity\",type=\"source\"}[2s])/1048576 start:2026-08-02T22:37:47.898Z step:1]" stats="&{Timings:{EvalTotalTime:8.3083e-05 ResultSortTime:3.33e-07 QueryPreparationTime:2.3042e-05 InnerEvalTime:5.5958e-05 ExecQueueTime:1.375e-06 ExecTotalTime:8.6e-05} Samples:0x140010bcc30}" spanID=0000000000000000
time=2026-08-02T15:37:48.900-07:00 level=DEBUG msg="No data returned from query" test=archv2-parity tool=conduit-v2 collector=conduit type=conduit collector=conduit type=conduit
time=2026-08-02T15:37:48.900-07:00 level=DEBUG msg="promql query logged" test=archv2-parity tool=conduit-v2 collector=conduit type=conduit collector=conduit type=conduit params="map[end:2026-08-02T22:37:48.900Z query:rate(conduit_connector_bytes_sum{pipeline_name=\"archv2-parity\",type=\"destination\"}[2s])/1048576 start:2026-08-02T22:37:47.898Z step:1]" stats="&{Timings:{EvalTotalTime:1.4042e-05 ResultSortTime:1.25e-07 QueryPreparationTime:4.125e-06 InnerEvalTime:7.958e-06 ExecQueueTime:6.26e-07 ExecTotalTime:1.55e-05} Samples:0x140010bd290}" spanID=0000000000000000
time=2026-08-02T15:37:48.900-07:00 level=DEBUG msg="No data returned from query" test=archv2-parity tool=conduit-v2 collector=conduit type=conduit collector=conduit type=conduit
time=2026-08-02T15:37:49.334-07:00 level=DEBUG msg="Inspecting container" model=container-monitor name=benchi-conduit
time=2026-08-02T15:37:49.840-07:00 level=DEBUG msg="Inspecting container" model=container-monitor name=benchi-conduit
time=2026-08-02T15:37:49.899-07:00 level=DEBUG msg="promql query logged" test=archv2-parity tool=conduit-v2 collector=conduit type=conduit collector=conduit type=conduit params="map[end:2026-08-02T22:37:49.899Z query:rate(conduit_pipeline_execution_duration_seconds_count{pipeline_name=\"archv2-parity\"}[2s]) start:2026-08-02T22:37:47.898Z step:1]" stats="&{Timings:{EvalTotalTime:0.000106583 ResultSortTime:5.41e-07 QueryPreparationTime:1.4375e-05 InnerEvalTime:8.4292e-05 ExecQueueTime:2.292e-06 ExecTotalTime:0.000111583} Samples:0x140012a6540}" spanID=0000000000000000
time=2026-08-02T15:37:49.899-07:00 level=DEBUG msg="Query returned data" test=archv2-parity tool=conduit-v2 collector=conduit type=conduit collector=conduit type=conduit name=msg-rate-per-second[archv2-parity] series-count=1 last-value=20780
time=2026-08-02T15:37:49.900-07:00 level=DEBUG msg="promql query logged" test=archv2-parity tool=conduit-v2 collector=conduit type=conduit collector=conduit type=conduit params="map[end:2026-08-02T22:37:49.900Z query:rate(conduit_connector_bytes_sum{pipeline_name=\"archv2-parity\",type=\"source\"}[2s])/1048576 start:2026-08-02T22:37:47.898Z step:1]" stats="&{Timings:{EvalTotalTime:3.9166e-05 ResultSortTime:1.66e-07 QueryPreparationTime:9.5e-06 InnerEvalTime:2.5875e-05 ExecQueueTime:2.792e-06 ExecTotalTime:4.2125e-05} Samples:0x140012a6bd0}" spanID=0000000000000000
time=2026-08-02T15:37:49.900-07:00 level=DEBUG msg="Query returned data" test=archv2-parity tool=conduit-v2 collector=conduit type=conduit collector=conduit type=conduit name=msg-megabytes-in-per-second[archv2-parity] series-count=1 last-value=0.5872106552124023
time=2026-08-02T15:37:49.900-07:00 level=DEBUG msg="promql query logged" test=archv2-parity tool=conduit-v2 collector=conduit type=conduit collector=conduit type=conduit params="map[end:2026-08-02T22:37:49.900Z query:rate(conduit_connector_bytes_sum{pipeline_name=\"archv2-parity\",type=\"destination\"}[2s])/1048576 start:2026-08-02T22:37:47.898Z step:1]" stats="&{Timings:{EvalTotalTime:4.725e-05 ResultSortTime:1.25e-07 QueryPreparationTime:1.9708e-05 InnerEvalTime:1.45e-05 ExecQueueTime:7.91e-07 ExecTotalTime:4.9541e-05} Samples:0x140012a7230}" spanID=0000000000000000
time=2026-08-02T15:37:49.900-07:00 level=DEBUG msg="Query returned data" test=archv2-parity tool=conduit-v2 collector=conduit type=conduit collector=conduit type=conduit name=msg-megabytes-out-per-second[archv2-parity] series-count=1 last-value=0.5871639251708984
time=2026-08-02T15:37:50.344-07:00 level=DEBUG msg="Inspecting container" model=container-monitor name=benchi-conduit
time=2026-08-02T15:37:50.849-07:00 level=DEBUG msg="Inspecting container" model=container-monitor name=benchi-conduit
time=2026-08-02T15:37:50.900-07:00 level=DEBUG msg="promql query logged" test=archv2-parity tool=conduit-v2 collector=conduit type=conduit collector=conduit type=conduit params="map[end:2026-08-02T22:37:50.900Z query:rate(conduit_pipeline_execution_duration_seconds_count{pipeline_name=\"archv2-parity\"}[2s]) start:2026-08-02T22:37:47.898Z step:1]" stats="&{Timings:{EvalTotalTime:4.3417e-05 ResultSortTime:4.58e-07 QueryPreparationTime:1.425e-05 InnerEvalTime:2.4083e-05 ExecQueueTime:2.208e-06 ExecTotalTime:4.7625e-05} Samples:0x1400131a540}" spanID=0000000000000000
time=2026-08-02T15:37:50.900-07:00 level=DEBUG msg="Query returned data" test=archv2-parity tool=conduit-v2 collector=conduit type=conduit collector=conduit type=conduit name=msg-rate-per-second[archv2-parity] series-count=1 last-value=24187
time=2026-08-02T15:37:50.900-07:00 level=DEBUG msg="promql query logged" test=archv2-parity tool=conduit-v2 collector=conduit type=conduit collector=conduit type=conduit params="map[end:2026-08-02T22:37:50.900Z query:rate(conduit_connector_bytes_sum{pipeline_name=\"archv2-parity\",type=\"source\"}[2s])/1048576 start:2026-08-02T22:37:47.898Z step:1]" stats="&{Timings:{EvalTotalTime:3.1083e-05 ResultSortTime:2.08e-07 QueryPreparationTime:6.584e-06 InnerEvalTime:2.1291e-05 ExecQueueTime:8.33e-07 ExecTotalTime:3.3667e-05} Samples:0x1400131abd0}" spanID=0000000000000000
time=2026-08-02T15:37:50.900-07:00 level=DEBUG msg="Query returned data" test=archv2-parity tool=conduit-v2 collector=conduit type=conduit collector=conduit type=conduit name=msg-megabytes-in-per-second[archv2-parity] series-count=1 last-value=0.6831035614013672
time=2026-08-02T15:37:50.900-07:00 level=DEBUG msg="promql query logged" test=archv2-parity tool=conduit-v2 collector=conduit type=conduit collector=conduit type=conduit params="map[end:2026-08-02T22:37:50.900Z query:rate(conduit_connector_bytes_sum{pipeline_name=\"archv2-parity\",type=\"destination\"}[2s])/1048576 start:2026-08-02T22:37:47.898Z step:1]" stats="&{Timings:{EvalTotalTime:2.9792e-05 ResultSortTime:1.25e-07 QueryPreparationTime:4e-06 InnerEvalTime:2.2917e-05 ExecQueueTime:6.25e-07 ExecTotalTime:3.1791e-05} Samples:0x1400131b230}" spanID=0000000000000000
time=2026-08-02T15:37:50.900-07:00 level=DEBUG msg="Query returned data" test=archv2-parity tool=conduit-v2 collector=conduit type=conduit collector=conduit type=conduit name=msg-megabytes-out-per-second[archv2-parity] series-count=1 last-value=0.6830482482910156
time=2026-08-02T15:37:51.353-07:00 level=DEBUG msg="Inspecting container" model=container-monitor name=benchi-conduit
time=2026-08-02T15:37:51.859-07:00 level=DEBUG msg="Inspecting container" model=container-monitor name=benchi-conduit
time=2026-08-02T15:37:51.900-07:00 level=DEBUG msg="promql query logged" test=archv2-parity tool=conduit-v2 collector=conduit type=conduit collector=conduit type=conduit params="map[end:2026-08-02T22:37:51.900Z query:rate(conduit_pipeline_execution_duration_seconds_count{pipeline_name=\"archv2-parity\"}[2s]) start:2026-08-02T22:37:47.898Z step:1]" stats="&{Timings:{EvalTotalTime:9.0375e-05 ResultSortTime:1.083e-06 QueryPreparationTime:3.0959e-05 InnerEvalTime:5.0708e-05 ExecQueueTime:4.75e-06 ExecTotalTime:9.8291e-05} Samples:0x14001380ed0}" spanID=0000000000000000
time=2026-08-02T15:37:51.900-07:00 level=DEBUG msg="Query returned data" test=archv2-parity tool=conduit-v2 collector=conduit type=conduit collector=conduit type=conduit name=msg-rate-per-second[archv2-parity] series-count=1 last-value=23505
time=2026-08-02T15:37:51.901-07:00 level=DEBUG msg="promql query logged" test=archv2-parity tool=conduit-v2 collector=conduit type=conduit collector=conduit type=conduit params="map[end:2026-08-02T22:37:51.901Z query:rate(conduit_connector_bytes_sum{pipeline_name=\"archv2-parity\",type=\"source\"}[2s])/1048576 start:2026-08-02T22:37:47.898Z step:1]" stats="&{Timings:{EvalTotalTime:5.6958e-05 ResultSortTime:1.66e-07 QueryPreparationTime:1.0417e-05 InnerEvalTime:4.3042e-05 ExecQueueTime:1.083e-06 ExecTotalTime:6.0541e-05} Samples:0x14001381530}" spanID=0000000000000000
time=2026-08-02T15:37:51.901-07:00 level=DEBUG msg="Query returned data" test=archv2-parity tool=conduit-v2 collector=conduit type=conduit collector=conduit type=conduit name=msg-megabytes-in-per-second[archv2-parity] series-count=1 last-value=0.6642217636108398
time=2026-08-02T15:37:51.901-07:00 level=DEBUG msg="promql query logged" test=archv2-parity tool=conduit-v2 collector=conduit type=conduit collector=conduit type=conduit params="map[end:2026-08-02T22:37:51.901Z query:rate(conduit_connector_bytes_sum{pipeline_name=\"archv2-parity\",type=\"destination\"}[2s])/1048576 start:2026-08-02T22:37:47.898Z step:1]" stats="&{Timings:{EvalTotalTime:3.1167e-05 ResultSortTime:2.667e-06 QueryPreparationTime:5.083e-06 InnerEvalTime:2.05e-05 ExecQueueTime:1.0625e-05 ExecTotalTime:4.35e-05} Samples:0x14001381b90}" spanID=0000000000000000
time=2026-08-02T15:37:51.901-07:00 level=DEBUG msg="Query returned data" test=archv2-parity tool=conduit-v2 collector=conduit type=conduit collector=conduit type=conduit name=msg-megabytes-out-per-second[archv2-parity] series-count=1 last-value=0.6642122268676758
time=2026-08-02T15:37:52.368-07:00 level=DEBUG msg="Inspecting container" model=container-monitor name=benchi-conduit
time=2026-08-02T15:37:52.871-07:00 level=DEBUG msg="Inspecting container" model=container-monitor name=benchi-conduit
time=2026-08-02T15:37:52.899-07:00 level=INFO msg="Test in progress" test=archv2-parity tool=conduit-v2 step=test time-left=55s
time=2026-08-02T15:37:52.900-07:00 level=DEBUG msg="promql query logged" test=archv2-parity tool=conduit-v2 collector=conduit type=conduit collector=conduit type=conduit params="map[end:2026-08-02T22:37:52.900Z query:rate(conduit_pipeline_execution_duration_seconds_count{pipeline_name=\"archv2-parity\"}[2s]) start:2026-08-02T22:37:47.898Z step:1]" stats="&{Timings:{EvalTotalTime:7.425e-05 ResultSortTime:4.58e-07 QueryPreparationTime:1.7417e-05 InnerEvalTime:5.0333e-05 ExecQueueTime:2.25e-06 ExecTotalTime:8.0292e-05} Samples:0x1400100fe00}" spanID=0000000000000000
time=2026-08-02T15:37:52.900-07:00 level=DEBUG msg="Query returned data" test=archv2-parity tool=conduit-v2 collector=conduit type=conduit collector=conduit type=conduit name=msg-rate-per-second[archv2-parity] series-count=1 last-value=22666
time=2026-08-02T15:37:52.900-07:00 level=DEBUG msg="promql query logged" test=archv2-parity tool=conduit-v2 collector=conduit type=conduit collector=conduit type=conduit params="map[end:2026-08-02T22:37:52.900Z query:rate(conduit_connector_bytes_sum{pipeline_name=\"archv2-parity\",type=\"source\"}[2s])/1048576 start:2026-08-02T22:37:47.898Z step:1]" stats="&{Timings:{EvalTotalTime:4.0125e-05 ResultSortTime:1.66e-07 QueryPreparationTime:8.333e-06 InnerEvalTime:2.7792e-05 ExecQueueTime:1.083e-06 ExecTotalTime:4.2917e-05} Samples:0x14001432510}" spanID=0000000000000000
time=2026-08-02T15:37:52.900-07:00 level=DEBUG msg="Query returned data" test=archv2-parity tool=conduit-v2 collector=conduit type=conduit collector=conduit type=conduit name=msg-megabytes-in-per-second[archv2-parity] series-count=1 last-value=0.6409330368041992
time=2026-08-02T15:37:52.900-07:00 level=DEBUG msg="promql query logged" test=archv2-parity tool=conduit-v2 collector=conduit type=conduit collector=conduit type=conduit params="map[end:2026-08-02T22:37:52.900Z query:rate(conduit_connector_bytes_sum{pipeline_name=\"archv2-parity\",type=\"destination\"}[2s])/1048576 start:2026-08-02T22:37:47.898Z step:1]" stats="&{Timings:{EvalTotalTime:2.7584e-05 ResultSortTime:1.67e-07 QueryPreparationTime:7.5e-06 InnerEvalTime:1.6875e-05 ExecQueueTime:8.75e-07 ExecTotalTime:3.05e-05} Samples:0x14001432b70}" spanID=0000000000000000
time=2026-08-02T15:37:52.900-07:00 level=DEBUG msg="Query returned data" test=archv2-parity tool=conduit-v2 collector=conduit type=conduit collector=conduit type=conduit name=msg-megabytes-out-per-second[archv2-parity] series-count=1 last-value=0.6409683227539062
time=2026-08-02T15:37:53.375-07:00 level=DEBUG msg="Inspecting container" model=container-monitor name=benchi-conduit
time=2026-08-02T15:37:53.886-07:00 level=DEBUG msg="Inspecting container" model=container-monitor name=benchi-conduit
time=2026-08-02T15:37:53.900-07:00 level=DEBUG msg="promql query logged" test=archv2-parity tool=conduit-v2 collector=conduit type=conduit collector=conduit type=conduit params="map[end:2026-08-02T22:37:53.898Z query:rate(conduit_pipeline_execution_duration_seconds_count{pipeline_name=\"archv2-parity\"}[2s]) start:2026-08-02T22:37:47.898Z step:1]" stats="&{Timings:{EvalTotalTime:0.001950666 ResultSortTime:7.08e-07 QueryPreparationTime:0.001893709 InnerEvalTime:4.3125e-05 ExecQueueTime:3.625e-06 ExecTotalTime:0.001957917} Samples:0x14001433b60}" spanID=0000000000000000
time=2026-08-02T15:37:53.901-07:00 level=DEBUG msg="Query returned data" test=archv2-parity tool=conduit-v2 collector=conduit type=conduit collector=conduit type=conduit name=msg-rate-per-second[archv2-parity] series-count=1 last-value=21800
time=2026-08-02T15:37:53.901-07:00 level=DEBUG msg="promql query logged" test=archv2-parity tool=conduit-v2 collector=conduit type=conduit collector=conduit type=conduit params="map[end:2026-08-02T22:37:53.901Z query:rate(conduit_connector_bytes_sum{pipeline_name=\"archv2-parity\",type=\"source\"}[2s])/1048576 start:2026-08-02T22:37:47.898Z step:1]" stats="&{Timings:{EvalTotalTime:4.5333e-05 ResultSortTime:8.3e-08 QueryPreparationTime:6.417e-06 InnerEvalTime:3.675e-05 ExecQueueTime:9.17e-07 ExecTotalTime:4.7208e-05} Samples:0x14001478240}" spanID=0000000000000000
time=2026-08-02T15:37:53.901-07:00 level=DEBUG msg="Query returned data" test=archv2-parity tool=conduit-v2 collector=conduit type=conduit collector=conduit type=conduit name=msg-megabytes-in-per-second[archv2-parity] series-count=1 last-value=0.6162958145141602
time=2026-08-02T15:37:53.901-07:00 level=DEBUG msg="promql query logged" test=archv2-parity tool=conduit-v2 collector=conduit type=conduit collector=conduit type=conduit params="map[end:2026-08-02T22:37:53.901Z query:rate(conduit_connector_bytes_sum{pipeline_name=\"archv2-parity\",type=\"destination\"}[2s])/1048576 start:2026-08-02T22:37:47.898Z step:1]" stats="&{Timings:{EvalTotalTime:2.3833e-05 ResultSortTime:1.67e-07 QueryPreparationTime:2.833e-06 InnerEvalTime:1.9292e-05 ExecQueueTime:5.43e-07 ExecTotalTime:2.5042e-05} Samples:0x140014788a0}" spanID=0000000000000000
time=2026-08-02T15:37:53.901-07:00 level=DEBUG msg="Query returned data" test=archv2-parity tool=conduit-v2 collector=conduit type=conduit collector=conduit type=conduit name=msg-megabytes-out-per-second[archv2-parity] series-count=1 last-value=0.6162958145141602
time=2026-08-02T15:37:54.398-07:00 level=DEBUG msg="Inspecting container" model=container-monitor name=benchi-conduit
time=2026-08-02T15:37:54.899-07:00 level=DEBUG msg="promql query logged" test=archv2-parity tool=conduit-v2 collector=conduit type=conduit collector=conduit type=conduit params="map[end:2026-08-02T22:37:54.899Z query:rate(conduit_pipeline_execution_duration_seconds_count{pipeline_name=\"archv2-parity\"}[2s]) start:2026-08-02T22:37:47.898Z step:1]" stats="&{Timings:{EvalTotalTime:7.6042e-05 ResultSortTime:6.25e-07 QueryPreparationTime:2.3375e-05 InnerEvalTime:4.5208e-05 ExecQueueTime:3.792e-06 ExecTotalTime:8.2291e-05} Samples:0x140015096b0}" spanID=0000000000000000
time=2026-08-02T15:37:54.899-07:00 level=DEBUG msg="Query returned data" test=archv2-parity tool=conduit-v2 collector=conduit type=conduit collector=conduit type=conduit name=msg-rate-per-second[archv2-parity] series-count=1 last-value=22630
time=2026-08-02T15:37:54.899-07:00 level=DEBUG msg="promql query logged" test=archv2-parity tool=conduit-v2 collector=conduit type=conduit collector=conduit type=conduit params="map[end:2026-08-02T22:37:54.899Z query:rate(conduit_connector_bytes_sum{pipeline_name=\"archv2-parity\",type=\"source\"}[2s])/1048576 start:2026-08-02T22:37:47.898Z step:1]" stats="&{Timings:{EvalTotalTime:4.1625e-05 ResultSortTime:2.09e-07 QueryPreparationTime:7.5e-06 InnerEvalTime:3.0833e-05 ExecQueueTime:1e-06 ExecTotalTime:4.475e-05} Samples:0x14001509d10}" spanID=0000000000000000
time=2026-08-02T15:37:54.899-07:00 level=DEBUG msg="Query returned data" test=archv2-parity tool=conduit-v2 collector=conduit type=conduit collector=conduit type=conduit name=msg-megabytes-in-per-second[archv2-parity] series-count=1 last-value=0.6391191482543945
time=2026-08-02T15:37:54.899-07:00 level=DEBUG msg="promql query logged" test=archv2-parity tool=conduit-v2 collector=conduit type=conduit collector=conduit type=conduit params="map[end:2026-08-02T22:37:54.899Z query:rate(conduit_connector_bytes_sum{pipeline_name=\"archv2-parity\",type=\"destination\"}[2s])/1048576 start:2026-08-02T22:37:47.898Z step:1]" stats="&{Timings:{EvalTotalTime:3.9958e-05 ResultSortTime:1.67e-07 QueryPreparationTime:4.75e-06 InnerEvalTime:1.8084e-05 ExecQueueTime:7.92e-07 ExecTotalTime:4.3292e-05} Samples:0x140016863f0}" spanID=0000000000000000
time=2026-08-02T15:37:54.899-07:00 level=DEBUG msg="Query returned data" test=archv2-parity tool=conduit-v2 collector=conduit type=conduit collector=conduit type=conduit name=msg-megabytes-out-per-second[archv2-parity] series-count=1 last-value=0.6392040252685547
time=2026-08-02T15:37:54.906-07:00 level=DEBUG msg="Inspecting container" model=container-monitor name=benchi-conduit
time=2026-08-02T15:37:55.413-07:00 level=DEBUG msg="Inspecting container" model=container-monitor name=benchi-conduit
time=2026-08-02T15:37:55.899-07:00 level=DEBUG msg="promql query logged" test=archv2-parity tool=conduit-v2 collector=conduit type=conduit collector=conduit type=conduit params="map[end:2026-08-02T22:37:55.899Z query:rate(conduit_pipeline_execution_duration_seconds_count{pipeline_name=\"archv2-parity\"}[2s]) start:2026-08-02T22:37:47.898Z step:1]" stats="&{Timings:{EvalTotalTime:0.000279584 ResultSortTime:1.042e-06 QueryPreparationTime:7.8541e-05 InnerEvalTime:0.0001675 ExecQueueTime:4.917e-06 ExecTotalTime:0.00028875} Samples:0x14001479920}" spanID=0000000000000000
time=2026-08-02T15:37:55.899-07:00 level=DEBUG msg="Query returned data" test=archv2-parity tool=conduit-v2 collector=conduit type=conduit collector=conduit type=conduit name=msg-rate-per-second[archv2-parity] series-count=1 last-value=20412
time=2026-08-02T15:37:55.900-07:00 level=DEBUG msg="promql query logged" test=archv2-parity tool=conduit-v2 collector=conduit type=conduit collector=conduit type=conduit params="map[end:2026-08-02T22:37:55.899Z query:rate(conduit_connector_bytes_sum{pipeline_name=\"archv2-parity\",type=\"source\"}[2s])/1048576 start:2026-08-02T22:37:47.898Z step:1]" stats="&{Timings:{EvalTotalTime:0.000149875 ResultSortTime:1e-06 QueryPreparationTime:1.575e-05 InnerEvalTime:7.2583e-05 ExecQueueTime:2.041e-06 ExecTotalTime:0.000156667} Samples:0x140015b8000}" spanID=0000000000000000
time=2026-08-02T15:37:55.900-07:00 level=DEBUG msg="Query returned data" test=archv2-parity tool=conduit-v2 collector=conduit type=conduit collector=conduit type=conduit name=msg-megabytes-in-per-second[archv2-parity] series-count=1 last-value=0.5784912109375
time=2026-08-02T15:37:55.900-07:00 level=DEBUG msg="promql query logged" test=archv2-parity tool=conduit-v2 collector=conduit type=conduit collector=conduit type=conduit params="map[end:2026-08-02T22:37:55.900Z query:rate(conduit_connector_bytes_sum{pipeline_name=\"archv2-parity\",type=\"destination\"}[2s])/1048576 start:2026-08-02T22:37:47.898Z step:1]" stats="&{Timings:{EvalTotalTime:0.000205 ResultSortTime:3.34e-07 QueryPreparationTime:8e-06 InnerEvalTime:0.000192333 ExecQueueTime:1e-06 ExecTotalTime:0.000208708} Samples:0x140015b8660}" spanID=0000000000000000
time=2026-08-02T15:37:55.900-07:00 level=DEBUG msg="Query returned data" test=archv2-parity tool=conduit-v2 collector=conduit type=conduit collector=conduit type=conduit name=msg-megabytes-out-per-second[archv2-parity] series-count=1 last-value=0.578434944152832
time=2026-08-02T15:37:55.921-07:00 level=DEBUG msg="Inspecting container" model=container-monitor name=benchi-conduit
time=2026-08-02T15:37:56.434-07:00 level=DEBUG msg="Inspecting container" model=container-monitor name=benchi-conduit
time=2026-08-02T15:37:56.900-07:00 level=DEBUG msg="promql query logged" test=archv2-parity tool=conduit-v2 collector=conduit type=conduit collector=conduit type=conduit params="map[end:2026-08-02T22:37:56.900Z query:rate(conduit_pipeline_execution_duration_seconds_count{pipeline_name=\"archv2-parity\"}[2s]) start:2026-08-02T22:37:47.898Z step:1]" stats="&{Timings:{EvalTotalTime:7.0458e-05 ResultSortTime:5.83e-07 QueryPreparationTime:2.125e-05 InnerEvalTime:4.125e-05 ExecQueueTime:2.333e-06 ExecTotalTime:7.5541e-05} Samples:0x140013eef90}" spanID=0000000000000000
time=2026-08-02T15:37:56.900-07:00 level=DEBUG msg="Query returned data" test=archv2-parity tool=conduit-v2 collector=conduit type=conduit collector=conduit type=conduit name=msg-rate-per-second[archv2-parity] series-count=1 last-value=21644
time=2026-08-02T15:37:56.900-07:00 level=DEBUG msg="promql query logged" test=archv2-parity tool=conduit-v2 collector=conduit type=conduit collector=conduit type=conduit params="map[end:2026-08-02T22:37:56.900Z query:rate(conduit_connector_bytes_sum{pipeline_name=\"archv2-parity\",type=\"source\"}[2s])/1048576 start:2026-08-02T22:37:47.898Z step:1]" stats="&{Timings:{EvalTotalTime:0.000135916 ResultSortTime:3.75e-07 QueryPreparationTime:7.916e-06 InnerEvalTime:0.000122333 ExecQueueTime:1.167e-06 ExecTotalTime:0.000139666} Samples:0x140013ef650}" spanID=0000000000000000
time=2026-08-02T15:37:56.900-07:00 level=DEBUG msg="Query returned data" test=archv2-parity tool=conduit-v2 collector=conduit type=conduit collector=conduit type=conduit name=msg-megabytes-in-per-second[archv2-parity] series-count=1 last-value=0.6095962524414062
time=2026-08-02T15:37:56.900-07:00 level=DEBUG msg="promql query logged" test=archv2-parity tool=conduit-v2 collector=conduit type=conduit collector=conduit type=conduit params="map[end:2026-08-02T22:37:56.900Z query:rate(conduit_connector_bytes_sum{pipeline_name=\"archv2-parity\",type=\"destination\"}[2s])/1048576 start:2026-08-02T22:37:47.898Z step:1]" stats="&{Timings:{EvalTotalTime:3.3959e-05 ResultSortTime:1.67e-07 QueryPreparationTime:9.166e-06 InnerEvalTime:2.1459e-05 ExecQueueTime:1.292e-06 ExecTotalTime:3.6667e-05} Samples:0x140013efcb0}" spanID=0000000000000000
time=2026-08-02T15:37:56.900-07:00 level=DEBUG msg="Query returned data" test=archv2-parity tool=conduit-v2 collector=conduit type=conduit collector=conduit type=conduit name=msg-megabytes-out-per-second[archv2-parity] series-count=1 last-value=0.6095342636108398
time=2026-08-02T15:37:56.938-07:00 level=DEBUG msg="Inspecting container" model=container-monitor name=benchi-conduit
time=2026-08-02T15:37:57.445-07:00 level=DEBUG msg="Inspecting container" model=container-monitor name=benchi-conduit
time=2026-08-02T15:37:57.899-07:00 level=INFO msg="Test in progress" test=archv2-parity tool=conduit-v2 step=test time-left=50s
time=2026-08-02T15:37:57.899-07:00 level=DEBUG msg="promql query logged" test=archv2-parity tool=conduit-v2 collector=conduit type=conduit collector=conduit type=conduit params="map[end:2026-08-02T22:37:57.899Z query:rate(conduit_pipeline_execution_duration_seconds_count{pipeline_name=\"archv2-parity\"}[2s]) start:2026-08-02T22:37:47.898Z step:1]" stats="&{Timings:{EvalTotalTime:4.9167e-05 ResultSortTime:3.75e-07 QueryPreparationTime:1.525e-05 InnerEvalTime:2.8584e-05 ExecQueueTime:2.792e-06 ExecTotalTime:5.525e-05} Samples:0x140015b9410}" spanID=0000000000000000
time=2026-08-02T15:37:57.899-07:00 level=DEBUG msg="Query returned data" test=archv2-parity tool=conduit-v2 collector=conduit type=conduit collector=conduit type=conduit name=msg-rate-per-second[archv2-parity] series-count=1 last-value=20913
time=2026-08-02T15:37:57.899-07:00 level=DEBUG msg="promql query logged" test=archv2-parity tool=conduit-v2 collector=conduit type=conduit collector=conduit type=conduit params="map[end:2026-08-02T22:37:57.899Z query:rate(conduit_connector_bytes_sum{pipeline_name=\"archv2-parity\",type=\"source\"}[2s])/1048576 start:2026-08-02T22:37:47.898Z step:1]" stats="&{Timings:{EvalTotalTime:4.8625e-05 ResultSortTime:2.5e-07 QueryPreparationTime:9.75e-06 InnerEvalTime:3.4833e-05 ExecQueueTime:1.167e-06 ExecTotalTime:5.1625e-05} Samples:0x140016b8c60}" spanID=0000000000000000
time=2026-08-02T15:37:57.899-07:00 level=DEBUG msg="Query returned data" test=archv2-parity tool=conduit-v2 collector=conduit type=conduit collector=conduit type=conduit name=msg-megabytes-in-per-second[archv2-parity] series-count=1 last-value=0.5913324356079102
time=2026-08-02T15:37:57.899-07:00 level=DEBUG msg="promql query logged" test=archv2-parity tool=conduit-v2 collector=conduit type=conduit collector=conduit type=conduit params="map[end:2026-08-02T22:37:57.899Z query:rate(conduit_connector_bytes_sum{pipeline_name=\"archv2-parity\",type=\"destination\"}[2s])/1048576 start:2026-08-02T22:37:47.898Z step:1]" stats="&{Timings:{EvalTotalTime:2.825e-05 ResultSortTime:1.67e-07 QueryPreparationTime:5.459e-06 InnerEvalTime:1.9541e-05 ExecQueueTime:7.49e-07 ExecTotalTime:3.0417e-05} Samples:0x140016b92c0}" spanID=0000000000000000
time=2026-08-02T15:37:57.899-07:00 level=DEBUG msg="Query returned data" test=archv2-parity tool=conduit-v2 collector=conduit type=conduit collector=conduit type=conduit name=msg-megabytes-out-per-second[archv2-parity] series-count=1 last-value=0.5913362503051758
time=2026-08-02T15:37:57.955-07:00 level=DEBUG msg="Inspecting container" model=container-monitor name=benchi-conduit
time=2026-08-02T15:37:58.462-07:00 level=DEBUG msg="Inspecting container" model=container-monitor name=benchi-conduit
time=2026-08-02T15:37:58.970-07:00 level=DEBUG msg="promql query logged" test=archv2-parity tool=conduit-v2 collector=conduit type=conduit collector=conduit type=conduit params="map[end:2026-08-02T22:37:58.970Z query:rate(conduit_pipeline_execution_duration_seconds_count{pipeline_name=\"archv2-parity\"}[2s]) start:2026-08-02T22:37:47.898Z step:1]" stats="&{Timings:{EvalTotalTime:3.1125e-05 ResultSortTime:3.33e-07 QueryPreparationTime:8.917e-06 InnerEvalTime:1.8542e-05 ExecQueueTime:1.501e-06 ExecTotalTime:3.425e-05} Samples:0x14000fa91d0}" spanID=0000000000000000
time=2026-08-02T15:37:58.970-07:00 level=DEBUG msg="Query returned data" test=archv2-parity tool=conduit-v2 collector=conduit type=conduit collector=conduit type=conduit name=msg-rate-per-second[archv2-parity] series-count=1 last-value=23551
time=2026-08-02T15:37:58.970-07:00 level=DEBUG msg="promql query logged" test=archv2-parity tool=conduit-v2 collector=conduit type=conduit collector=conduit type=conduit params="map[end:2026-08-02T22:37:58.970Z query:rate(conduit_connector_bytes_sum{pipeline_name=\"archv2-parity\",type=\"source\"}[2s])/1048576 start:2026-08-02T22:37:47.898Z step:1]" stats="&{Timings:{EvalTotalTime:2.4875e-05 ResultSortTime:1.25e-07 QueryPreparationTime:4.333e-06 InnerEvalTime:1.8458e-05 ExecQueueTime:5.42e-07 ExecTotalTime:2.6416e-05} Samples:0x14000fa9e60}" spanID=0000000000000000
time=2026-08-02T15:37:58.970-07:00 level=DEBUG msg="Query returned data" test=archv2-parity tool=conduit-v2 collector=conduit type=conduit collector=conduit type=conduit name=msg-megabytes-in-per-second[archv2-parity] series-count=1 last-value=0.6661701202392578
time=2026-08-02T15:37:58.970-07:00 level=DEBUG msg="promql query logged" test=archv2-parity tool=conduit-v2 collector=conduit type=conduit collector=conduit type=conduit params="map[end:2026-08-02T22:37:58.970Z query:rate(conduit_connector_bytes_sum{pipeline_name=\"archv2-parity\",type=\"destination\"}[2s])/1048576 start:2026-08-02T22:37:47.898Z step:1]" stats="&{Timings:{EvalTotalTime:1.6042e-05 ResultSortTime:1.66e-07 QueryPreparationTime:2.625e-06 InnerEvalTime:1.1583e-05 ExecQueueTime:4.17e-07 ExecTotalTime:1.725e-05} Samples:0x14000fb4ed0}" spanID=0000000000000000
time=2026-08-02T15:37:58.970-07:00 level=DEBUG msg="Query returned data" test=archv2-parity tool=conduit-v2 collector=conduit type=conduit collector=conduit type=conduit name=msg-megabytes-out-per-second[archv2-parity] series-count=1 last-value=0.6662263870239258
time=2026-08-02T15:37:58.973-07:00 level=DEBUG msg="Inspecting container" model=container-monitor name=benchi-conduit
time=2026-08-02T15:37:59.479-07:00 level=DEBUG msg="Inspecting container" model=container-monitor name=benchi-conduit
time=2026-08-02T15:37:59.898-07:00 level=DEBUG msg="promql query logged" test=archv2-parity tool=conduit-v2 collector=conduit type=conduit collector=conduit type=conduit params="map[end:2026-08-02T22:37:59.898Z query:rate(conduit_pipeline_execution_duration_seconds_count{pipeline_name=\"archv2-parity\"}[2s]) start:2026-08-02T22:37:47.898Z step:1]" stats="&{Timings:{EvalTotalTime:3.0583e-05 ResultSortTime:3.33e-07 QueryPreparationTime:8.917e-06 InnerEvalTime:1.8375e-05 ExecQueueTime:1.667e-06 ExecTotalTime:3.4e-05} Samples:0x1400172aed0}" spanID=0000000000000000
time=2026-08-02T15:37:59.898-07:00 level=DEBUG msg="Query returned data" test=archv2-parity tool=conduit-v2 collector=conduit type=conduit collector=conduit type=conduit name=msg-rate-per-second[archv2-parity] series-count=1 last-value=38966
time=2026-08-02T15:37:59.899-07:00 level=DEBUG msg="promql query logged" test=archv2-parity tool=conduit-v2 collector=conduit type=conduit collector=conduit type=conduit params="map[end:2026-08-02T22:37:59.898Z query:rate(conduit_connector_bytes_sum{pipeline_name=\"archv2-parity\",type=\"source\"}[2s])/1048576 start:2026-08-02T22:37:47.898Z step:1]" stats="&{Timings:{EvalTotalTime:2.4667e-05 ResultSortTime:8.4e-08 QueryPreparationTime:5.417e-06 InnerEvalTime:1.7334e-05 ExecQueueTime:5.41e-07 ExecTotalTime:2.6042e-05} Samples:0x1400172b530}" spanID=0000000000000000
time=2026-08-02T15:37:59.899-07:00 level=DEBUG msg="Query returned data" test=archv2-parity tool=conduit-v2 collector=conduit type=conduit collector=conduit type=conduit name=msg-megabytes-in-per-second[archv2-parity] series-count=1 last-value=1.0997600555419922
time=2026-08-02T15:37:59.899-07:00 level=DEBUG msg="promql query logged" test=archv2-parity tool=conduit-v2 collector=conduit type=conduit collector=conduit type=conduit params="map[end:2026-08-02T22:37:59.899Z query:rate(conduit_connector_bytes_sum{pipeline_name=\"archv2-parity\",type=\"destination\"}[2s])/1048576 start:2026-08-02T22:37:47.898Z step:1]" stats="&{Timings:{EvalTotalTime:1.6375e-05 ResultSortTime:8.3e-08 QueryPreparationTime:2.708e-06 InnerEvalTime:1.2e-05 ExecQueueTime:4.58e-07 ExecTotalTime:1.7583e-05} Samples:0x1400172bb90}" spanID=0000000000000000
time=2026-08-02T15:37:59.899-07:00 level=DEBUG msg="Query returned data" test=archv2-parity tool=conduit-v2 collector=conduit type=conduit collector=conduit type=conduit name=msg-megabytes-out-per-second[archv2-parity] series-count=1 last-value=1.0997333526611328
time=2026-08-02T15:37:59.982-07:00 level=DEBUG msg="Inspecting container" model=container-monitor name=benchi-conduit
time=2026-08-02T15:38:00.489-07:00 level=DEBUG msg="Inspecting container" model=container-monitor name=benchi-conduit
time=2026-08-02T15:38:00.898-07:00 level=DEBUG msg="promql query logged" test=archv2-parity tool=conduit-v2 collector=conduit type=conduit collector=conduit type=conduit params="map[end:2026-08-02T22:38:00.898Z query:rate(conduit_pipeline_execution_duration_seconds_count{pipeline_name=\"archv2-parity\"}[2s]) start:2026-08-02T22:37:47.898Z step:1]" stats="&{Timings:{EvalTotalTime:3.5041e-05 ResultSortTime:3.34e-07 QueryPreparationTime:1.1208e-05 InnerEvalTime:2.0583e-05 ExecQueueTime:1.542e-06 ExecTotalTime:3.8291e-05} Samples:0x140011e5d10}" spanID=0000000000000000
time=2026-08-02T15:38:00.898-07:00 level=DEBUG msg="Query returned data" test=archv2-parity tool=conduit-v2 collector=conduit type=conduit collector=conduit type=conduit name=msg-rate-per-second[archv2-parity] series-count=1 last-value=41886
time=2026-08-02T15:38:00.899-07:00 level=DEBUG msg="promql query logged" test=archv2-parity tool=conduit-v2 collector=conduit type=conduit collector=conduit type=conduit params="map[end:2026-08-02T22:38:00.898Z query:rate(conduit_connector_bytes_sum{pipeline_name=\"archv2-parity\",type=\"source\"}[2s])/1048576 start:2026-08-02T22:37:47.898Z step:1]" stats="&{Timings:{EvalTotalTime:2.7666e-05 ResultSortTime:1.25e-07 QueryPreparationTime:3.917e-06 InnerEvalTime:2.1708e-05 ExecQueueTime:5.83e-07 ExecTotalTime:3.025e-05} Samples:0x140009a5920}" spanID=0000000000000000
time=2026-08-02T15:38:00.899-07:00 level=DEBUG msg="Query returned data" test=archv2-parity tool=conduit-v2 collector=conduit type=conduit collector=conduit type=conduit name=msg-megabytes-in-per-second[archv2-parity] series-count=1 last-value=1.1822004318237305
time=2026-08-02T15:38:00.899-07:00 level=DEBUG msg="promql query logged" test=archv2-parity tool=conduit-v2 collector=conduit type=conduit collector=conduit type=conduit params="map[end:2026-08-02T22:38:00.899Z query:rate(conduit_connector_bytes_sum{pipeline_name=\"archv2-parity\",type=\"destination\"}[2s])/1048576 start:2026-08-02T22:37:47.898Z step:1]" stats="&{Timings:{EvalTotalTime:1.7583e-05 ResultSortTime:8.4e-08 QueryPreparationTime:2.917e-06 InnerEvalTime:1.2333e-05 ExecQueueTime:5.41e-07 ExecTotalTime:1.8834e-05} Samples:0x140009fc030}" spanID=0000000000000000
time=2026-08-02T15:38:00.899-07:00 level=DEBUG msg="Query returned data" test=archv2-parity tool=conduit-v2 collector=conduit type=conduit collector=conduit type=conduit name=msg-megabytes-out-per-second[archv2-parity] series-count=1 last-value=1.1822004318237305
time=2026-08-02T15:38:00.995-07:00 level=DEBUG msg="Inspecting container" model=container-monitor name=benchi-conduit
time=2026-08-02T15:38:01.498-07:00 level=DEBUG msg="Inspecting container" model=container-monitor name=benchi-conduit
time=2026-08-02T15:38:01.907-07:00 level=DEBUG msg="promql query logged" test=archv2-parity tool=conduit-v2 collector=conduit type=conduit collector=conduit type=conduit params="map[end:2026-08-02T22:38:01.907Z query:rate(conduit_pipeline_execution_duration_seconds_count{pipeline_name=\"archv2-parity\"}[2s]) start:2026-08-02T22:37:47.898Z step:1]" stats="&{Timings:{EvalTotalTime:3.2458e-05 ResultSortTime:3.75e-07 QueryPreparationTime:1.05e-05 InnerEvalTime:1.9125e-05 ExecQueueTime:1.625e-06 ExecTotalTime:3.5833e-05} Samples:0x140009fdb90}" spanID=0000000000000000
time=2026-08-02T15:38:01.907-07:00 level=DEBUG msg="Query returned data" test=archv2-parity tool=conduit-v2 collector=conduit type=conduit collector=conduit type=conduit name=msg-rate-per-second[archv2-parity] series-count=1 last-value=42592.81437125748
time=2026-08-02T15:38:01.907-07:00 level=DEBUG msg="promql query logged" test=archv2-parity tool=conduit-v2 collector=conduit type=conduit collector=conduit type=conduit params="map[end:2026-08-02T22:38:01.907Z query:rate(conduit_connector_bytes_sum{pipeline_name=\"archv2-parity\",type=\"source\"}[2s])/1048576 start:2026-08-02T22:37:47.898Z step:1]" stats="&{Timings:{EvalTotalTime:2.4667e-05 ResultSortTime:8.3e-08 QueryPreparationTime:4.458e-06 InnerEvalTime:1.8167e-05 ExecQueueTime:5.42e-07 ExecTotalTime:2.6834e-05} Samples:0x14000ee0300}" spanID=0000000000000000
time=2026-08-02T15:38:01.907-07:00 level=DEBUG msg="Query returned data" test=archv2-parity tool=conduit-v2 collector=conduit type=conduit collector=conduit type=conduit name=msg-megabytes-in-per-second[archv2-parity] series-count=1 last-value=1.2030782337912065
time=2026-08-02T15:38:01.907-07:00 level=DEBUG msg="promql query logged" test=archv2-parity tool=conduit-v2 collector=conduit type=conduit collector=conduit type=conduit params="map[end:2026-08-02T22:38:01.907Z query:rate(conduit_connector_bytes_sum{pipeline_name=\"archv2-parity\",type=\"destination\"}[2s])/1048576 start:2026-08-02T22:37:47.898Z step:1]" stats="&{Timings:{EvalTotalTime:1.7416e-05 ResultSortTime:8.3e-08 QueryPreparationTime:2.625e-06 InnerEvalTime:1.3042e-05 ExecQueueTime:3.75e-07 ExecTotalTime:1.9584e-05} Samples:0x14000ee0960}" spanID=0000000000000000
time=2026-08-02T15:38:01.907-07:00 level=DEBUG msg="Query returned data" test=archv2-parity tool=conduit-v2 collector=conduit type=conduit collector=conduit type=conduit name=msg-megabytes-out-per-second[archv2-parity] series-count=1 last-value=1.2031134493098763
time=2026-08-02T15:38:02.004-07:00 level=DEBUG msg="Inspecting container" model=container-monitor name=benchi-conduit
time=2026-08-02T15:38:02.541-07:00 level=DEBUG msg="Inspecting container" model=container-monitor name=benchi-conduit
time=2026-08-02T15:38:02.900-07:00 level=INFO msg="Test in progress" test=archv2-parity tool=conduit-v2 step=test time-left=45s
time=2026-08-02T15:38:02.900-07:00 level=DEBUG msg="promql query logged" test=archv2-parity tool=conduit-v2 collector=conduit type=conduit collector=conduit type=conduit params="map[end:2026-08-02T22:38:02.900Z query:rate(conduit_pipeline_execution_duration_seconds_count{pipeline_name=\"archv2-parity\"}[2s]) start:2026-08-02T22:37:47.898Z step:1]" stats="&{Timings:{EvalTotalTime:3.2291e-05 ResultSortTime:3.33e-07 QueryPreparationTime:9.875e-06 InnerEvalTime:1.8916e-05 ExecQueueTime:1.666e-06 ExecTotalTime:3.5792e-05} Samples:0x14000ff87b0}" spanID=0000000000000000
time=2026-08-02T15:38:02.900-07:00 level=DEBUG msg="Query returned data" test=archv2-parity tool=conduit-v2 collector=conduit type=conduit collector=conduit type=conduit name=msg-rate-per-second[archv2-parity] series-count=1 last-value=30143.68932038835
time=2026-08-02T15:38:02.900-07:00 level=DEBUG msg="promql query logged" test=archv2-parity tool=conduit-v2 collector=conduit type=conduit collector=conduit type=conduit params="map[end:2026-08-02T22:38:02.900Z query:rate(conduit_connector_bytes_sum{pipeline_name=\"archv2-parity\",type=\"source\"}[2s])/1048576 start:2026-08-02T22:37:47.898Z step:1]" stats="&{Timings:{EvalTotalTime:2.5917e-05 ResultSortTime:1.67e-07 QueryPreparationTime:4.208e-06 InnerEvalTime:1.9416e-05 ExecQueueTime:5.83e-07 ExecTotalTime:2.7375e-05} Samples:0x14000ff8e10}" spanID=0000000000000000
time=2026-08-02T15:38:02.900-07:00 level=DEBUG msg="Query returned data" test=archv2-parity tool=conduit-v2 collector=conduit type=conduit collector=conduit type=conduit name=msg-megabytes-in-per-second[archv2-parity] series-count=1 last-value=0.8507904497165124
time=2026-08-02T15:38:02.900-07:00 level=DEBUG msg="promql query logged" test=archv2-parity tool=conduit-v2 collector=conduit type=conduit collector=conduit type=conduit params="map[end:2026-08-02T22:38:02.900Z query:rate(conduit_connector_bytes_sum{pipeline_name=\"archv2-parity\",type=\"destination\"}[2s])/1048576 start:2026-08-02T22:37:47.898Z step:1]" stats="&{Timings:{EvalTotalTime:1.7875e-05 ResultSortTime:8.3e-08 QueryPreparationTime:2.708e-06 InnerEvalTime:1.3375e-05 ExecQueueTime:4.59e-07 ExecTotalTime:1.9375e-05} Samples:0x14000ff9470}" spanID=0000000000000000
time=2026-08-02T15:38:02.900-07:00 level=DEBUG msg="Query returned data" test=archv2-parity tool=conduit-v2 collector=conduit type=conduit collector=conduit type=conduit name=msg-megabytes-out-per-second[archv2-parity] series-count=1 last-value=0.850784894332145
time=2026-08-02T15:38:03.107-07:00 level=DEBUG msg="Inspecting container" model=container-monitor name=benchi-conduit
time=2026-08-02T15:38:03.617-07:00 level=DEBUG msg="Inspecting container" model=container-monitor name=benchi-conduit
time=2026-08-02T15:38:03.901-07:00 level=DEBUG msg="promql query logged" test=archv2-parity tool=conduit-v2 collector=conduit type=conduit collector=conduit type=conduit params="map[end:2026-08-02T22:38:03.900Z query:rate(conduit_pipeline_execution_duration_seconds_count{pipeline_name=\"archv2-parity\"}[2s]) start:2026-08-02T22:37:47.898Z step:1]" stats="&{Timings:{EvalTotalTime:3.1917e-05 ResultSortTime:4.17e-07 QueryPreparationTime:9.709e-06 InnerEvalTime:1.9375e-05 ExecQueueTime:1.417e-06 ExecTotalTime:3.5458e-05} Samples:0x140014f6000}" spanID=0000000000000000
time=2026-08-02T15:38:03.901-07:00 level=DEBUG msg="Query returned data" test=archv2-parity tool=conduit-v2 collector=conduit type=conduit collector=conduit type=conduit name=msg-rate-per-second[archv2-parity] series-count=1 last-value=32835.7438016529
time=2026-08-02T15:38:03.901-07:00 level=DEBUG msg="promql query logged" test=archv2-parity tool=conduit-v2 collector=conduit type=conduit collector=conduit type=conduit params="map[end:2026-08-02T22:38:03.901Z query:rate(conduit_connector_bytes_sum{pipeline_name=\"archv2-parity\",type=\"source\"}[2s])/1048576 start:2026-08-02T22:37:47.898Z step:1]" stats="&{Timings:{EvalTotalTime:2.6084e-05 ResultSortTime:8.3e-08 QueryPreparationTime:4.208e-06 InnerEvalTime:1.9333e-05 ExecQueueTime:5.42e-07 ExecTotalTime:2.7458e-05} Samples:0x140014f6660}" spanID=0000000000000000
time=2026-08-02T15:38:03.901-07:00 level=DEBUG msg="Query returned data" test=archv2-parity tool=conduit-v2 collector=conduit type=conduit collector=conduit type=conduit name=msg-megabytes-in-per-second[archv2-parity] series-count=1 last-value=0.928784204908639
time=2026-08-02T15:38:03.901-07:00 level=DEBUG msg="promql query logged" test=archv2-parity tool=conduit-v2 collector=conduit type=conduit collector=conduit type=conduit params="map[end:2026-08-02T22:38:03.901Z query:rate(conduit_connector_bytes_sum{pipeline_name=\"archv2-parity\",type=\"destination\"}[2s])/1048576 start:2026-08-02T22:37:47.898Z step:1]" stats="&{Timings:{EvalTotalTime:1.8833e-05 ResultSortTime:8.3e-08 QueryPreparationTime:2.708e-06 InnerEvalTime:1.4375e-05 ExecQueueTime:4.59e-07 ExecTotalTime:2.025e-05} Samples:0x140014f6cc0}" spanID=0000000000000000
time=2026-08-02T15:38:03.901-07:00 level=DEBUG msg="Query returned data" test=archv2-parity tool=conduit-v2 collector=conduit type=conduit collector=conduit type=conduit name=msg-megabytes-out-per-second[archv2-parity] series-count=1 last-value=0.9287753381019782
time=2026-08-02T15:38:04.130-07:00 level=DEBUG msg="Inspecting container" model=container-monitor name=benchi-conduit
time=2026-08-02T15:38:04.637-07:00 level=DEBUG msg="Inspecting container" model=container-monitor name=benchi-conduit
time=2026-08-02T15:38:04.900-07:00 level=DEBUG msg="promql query logged" test=archv2-parity tool=conduit-v2 collector=conduit type=conduit collector=conduit type=conduit params="map[end:2026-08-02T22:38:04.900Z query:rate(conduit_pipeline_execution_duration_seconds_count{pipeline_name=\"archv2-parity\"}[2s]) start:2026-08-02T22:37:47.898Z step:1]" stats="&{Timings:{EvalTotalTime:3.5375e-05 ResultSortTime:3.33e-07 QueryPreparationTime:1.2708e-05 InnerEvalTime:1.975e-05 ExecQueueTime:1.917e-06 ExecTotalTime:3.8417e-05} Samples:0x1400142d9e0}" spanID=0000000000000000
time=2026-08-02T15:38:04.901-07:00 level=DEBUG msg="Query returned data" test=archv2-parity tool=conduit-v2 collector=conduit type=conduit collector=conduit type=conduit name=msg-rate-per-second[archv2-parity] series-count=1 last-value=33227
time=2026-08-02T15:38:04.901-07:00 level=DEBUG msg="promql query logged" test=archv2-parity tool=conduit-v2 collector=conduit type=conduit collector=conduit type=conduit params="map[end:2026-08-02T22:38:04.901Z query:rate(conduit_connector_bytes_sum{pipeline_name=\"archv2-parity\",type=\"source\"}[2s])/1048576 start:2026-08-02T22:37:47.898Z step:1]" stats="&{Timings:{EvalTotalTime:2.8084e-05 ResultSortTime:1.25e-07 QueryPreparationTime:5.125e-06 InnerEvalTime:2.0208e-05 ExecQueueTime:5.84e-07 ExecTotalTime:2.9542e-05} Samples:0x14001237770}" spanID=0000000000000000
time=2026-08-02T15:38:04.901-07:00 level=DEBUG msg="Query returned data" test=archv2-parity tool=conduit-v2 collector=conduit type=conduit collector=conduit type=conduit name=msg-megabytes-in-per-second[archv2-parity] series-count=1 last-value=0.939457893371582
time=2026-08-02T15:38:04.901-07:00 level=DEBUG msg="promql query logged" test=archv2-parity tool=conduit-v2 collector=conduit type=conduit collector=conduit type=conduit params="map[end:2026-08-02T22:38:04.901Z query:rate(conduit_connector_bytes_sum{pipeline_name=\"archv2-parity\",type=\"destination\"}[2s])/1048576 start:2026-08-02T22:37:47.898Z step:1]" stats="&{Timings:{EvalTotalTime:1.875e-05 ResultSortTime:4.16e-07 QueryPreparationTime:2.709e-06 InnerEvalTime:1.4e-05 ExecQueueTime:3.75e-07 ExecTotalTime:1.9875e-05} Samples:0x140012a6060}" spanID=0000000000000000
time=2026-08-02T15:38:04.901-07:00 level=DEBUG msg="Query returned data" test=archv2-parity tool=conduit-v2 collector=conduit type=conduit collector=conduit type=conduit name=msg-megabytes-out-per-second[archv2-parity] series-count=1 last-value=0.9394893646240234
time=2026-08-02T15:38:05.151-07:00 level=DEBUG msg="Inspecting container" model=container-monitor name=benchi-conduit
time=2026-08-02T15:38:05.663-07:00 level=DEBUG msg="Inspecting container" model=container-monitor name=benchi-conduit
time=2026-08-02T15:38:05.899-07:00 level=DEBUG msg="promql query logged" test=archv2-parity tool=conduit-v2 collector=conduit type=conduit collector=conduit type=conduit params="map[end:2026-08-02T22:38:05.899Z query:rate(conduit_pipeline_execution_duration_seconds_count{pipeline_name=\"archv2-parity\"}[2s]) start:2026-08-02T22:37:47.898Z step:1]" stats="&{Timings:{EvalTotalTime:3.9375e-05 ResultSortTime:3.75e-07 QueryPreparationTime:9.417e-06 InnerEvalTime:2.6708e-05 ExecQueueTime:1.292e-06 ExecTotalTime:4.275e-05} Samples:0x1400100e840}" spanID=0000000000000000
time=2026-08-02T15:38:05.899-07:00 level=DEBUG msg="Query returned data" test=archv2-parity tool=conduit-v2 collector=conduit type=conduit collector=conduit type=conduit name=msg-rate-per-second[archv2-parity] series-count=1 last-value=36206
time=2026-08-02T15:38:05.899-07:00 level=DEBUG msg="promql query logged" test=archv2-parity tool=conduit-v2 collector=conduit type=conduit collector=conduit type=conduit params="map[end:2026-08-02T22:38:05.899Z query:rate(conduit_connector_bytes_sum{pipeline_name=\"archv2-parity\",type=\"source\"}[2s])/1048576 start:2026-08-02T22:37:47.898Z step:1]" stats="&{Timings:{EvalTotalTime:4.1167e-05 ResultSortTime:8.4e-08 QueryPreparationTime:4.208e-06 InnerEvalTime:3.4625e-05 ExecQueueTime:5.42e-07 ExecTotalTime:4.2666e-05} Samples:0x1400100eea0}" spanID=0000000000000000
time=2026-08-02T15:38:05.899-07:00 level=DEBUG msg="Query returned data" test=archv2-parity tool=conduit-v2 collector=conduit type=conduit collector=conduit type=conduit name=msg-megabytes-in-per-second[archv2-parity] series-count=1 last-value=1.0216941833496094
time=2026-08-02T15:38:05.899-07:00 level=DEBUG msg="promql query logged" test=archv2-parity tool=conduit-v2 collector=conduit type=conduit collector=conduit type=conduit params="map[end:2026-08-02T22:38:05.899Z query:rate(conduit_connector_bytes_sum{pipeline_name=\"archv2-parity\",type=\"destination\"}[2s])/1048576 start:2026-08-02T22:37:47.898Z step:1]" stats="&{Timings:{EvalTotalTime:1.875e-05 ResultSortTime:8.3e-08 QueryPreparationTime:2.667e-06 InnerEvalTime:1.45e-05 ExecQueueTime:4.59e-07 ExecTotalTime:2.0042e-05} Samples:0x1400100f620}" spanID=0000000000000000
time=2026-08-02T15:38:05.899-07:00 level=DEBUG msg="Query returned data" test=archv2-parity tool=conduit-v2 collector=conduit type=conduit collector=conduit type=conduit name=msg-megabytes-out-per-second[archv2-parity] series-count=1 last-value=1.020181655883789
time=2026-08-02T15:38:06.167-07:00 level=DEBUG msg="Inspecting container" model=container-monitor name=benchi-conduit
time=2026-08-02T15:38:06.671-07:00 level=DEBUG msg="Inspecting container" model=container-monitor name=benchi-conduit
time=2026-08-02T15:38:06.899-07:00 level=DEBUG msg="promql query logged" test=archv2-parity tool=conduit-v2 collector=conduit type=conduit collector=conduit type=conduit params="map[end:2026-08-02T22:38:06.898Z query:rate(conduit_pipeline_execution_duration_seconds_count{pipeline_name=\"archv2-parity\"}[2s]) start:2026-08-02T22:37:47.898Z step:1]" stats="&{Timings:{EvalTotalTime:3.6e-05 ResultSortTime:3.33e-07 QueryPreparationTime:9.541e-06 InnerEvalTime:2.0459e-05 ExecQueueTime:1.167e-06 ExecTotalTime:3.9167e-05} Samples:0x1400131b6b0}" spanID=0000000000000000
time=2026-08-02T15:38:06.899-07:00 level=DEBUG msg="Query returned data" test=archv2-parity tool=conduit-v2 collector=conduit type=conduit collector=conduit type=conduit name=msg-rate-per-second[archv2-parity] series-count=1 last-value=43941
time=2026-08-02T15:38:06.899-07:00 level=DEBUG msg="promql query logged" test=archv2-parity tool=conduit-v2 collector=conduit type=conduit collector=conduit type=conduit params="map[end:2026-08-02T22:38:06.899Z query:rate(conduit_connector_bytes_sum{pipeline_name=\"archv2-parity\",type=\"source\"}[2s])/1048576 start:2026-08-02T22:37:47.898Z step:1]" stats="&{Timings:{EvalTotalTime:2.7583e-05 ResultSortTime:1.25e-07 QueryPreparationTime:4.209e-06 InnerEvalTime:2.1125e-05 ExecQueueTime:5e-07 ExecTotalTime:2.9083e-05} Samples:0x1400131bd10}" spanID=0000000000000000
time=2026-08-02T15:38:06.899-07:00 level=DEBUG msg="Query returned data" test=archv2-parity tool=conduit-v2 collector=conduit type=conduit collector=conduit type=conduit name=msg-megabytes-in-per-second[archv2-parity] series-count=1 last-value=1.2404565811157227
time=2026-08-02T15:38:06.899-07:00 level=DEBUG msg="promql query logged" test=archv2-parity tool=conduit-v2 collector=conduit type=conduit collector=conduit type=conduit params="map[end:2026-08-02T22:38:06.899Z query:rate(conduit_connector_bytes_sum{pipeline_name=\"archv2-parity\",type=\"destination\"}[2s])/1048576 start:2026-08-02T22:37:47.898Z step:1]" stats="&{Timings:{EvalTotalTime:2.0917e-05 ResultSortTime:8.3e-08 QueryPreparationTime:3.042e-06 InnerEvalTime:1.6084e-05 ExecQueueTime:2.333e-06 ExecTotalTime:2.4666e-05} Samples:0x140013804e0}" spanID=0000000000000000
time=2026-08-02T15:38:06.899-07:00 level=DEBUG msg="Query returned data" test=archv2-parity tool=conduit-v2 collector=conduit type=conduit collector=conduit type=conduit name=msg-megabytes-out-per-second[archv2-parity] series-count=1 last-value=1.2419166564941406
time=2026-08-02T15:38:07.173-07:00 level=DEBUG msg="Inspecting container" model=container-monitor name=benchi-conduit
time=2026-08-02T15:38:07.676-07:00 level=DEBUG msg="Inspecting container" model=container-monitor name=benchi-conduit
time=2026-08-02T15:38:07.900-07:00 level=INFO msg="Test in progress" test=archv2-parity tool=conduit-v2 step=test time-left=40s
time=2026-08-02T15:38:07.901-07:00 level=DEBUG msg="promql query logged" test=archv2-parity tool=conduit-v2 collector=conduit type=conduit collector=conduit type=conduit params="map[end:2026-08-02T22:38:07.900Z query:rate(conduit_pipeline_execution_duration_seconds_count{pipeline_name=\"archv2-parity\"}[2s]) start:2026-08-02T22:37:47.898Z step:1]" stats="&{Timings:{EvalTotalTime:3.2875e-05 ResultSortTime:3.75e-07 QueryPreparationTime:1.0584e-05 InnerEvalTime:1.9583e-05 ExecQueueTime:1.333e-06 ExecTotalTime:3.5667e-05} Samples:0x14001508990}" spanID=0000000000000000
time=2026-08-02T15:38:07.901-07:00 level=DEBUG msg="Query returned data" test=archv2-parity tool=conduit-v2 collector=conduit type=conduit collector=conduit type=conduit name=msg-rate-per-second[archv2-parity] series-count=1 last-value=47284.86055776892
time=2026-08-02T15:38:07.901-07:00 level=DEBUG msg="promql query logged" test=archv2-parity tool=conduit-v2 collector=conduit type=conduit collector=conduit type=conduit params="map[end:2026-08-02T22:38:07.901Z query:rate(conduit_connector_bytes_sum{pipeline_name=\"archv2-parity\",type=\"source\"}[2s])/1048576 start:2026-08-02T22:37:47.898Z step:1]" stats="&{Timings:{EvalTotalTime:2.6459e-05 ResultSortTime:8.3e-08 QueryPreparationTime:4e-06 InnerEvalTime:2.0584e-05 ExecQueueTime:4.17e-07 ExecTotalTime:2.7958e-05} Samples:0x14001509020}" spanID=0000000000000000
time=2026-08-02T15:38:07.901-07:00 level=DEBUG msg="Query returned data" test=archv2-parity tool=conduit-v2 collector=conduit type=conduit collector=conduit type=conduit name=msg-megabytes-in-per-second[archv2-parity] series-count=1 last-value=1.3355040455244451
time=2026-08-02T15:38:07.901-07:00 level=DEBUG msg="promql query logged" test=archv2-parity tool=conduit-v2 collector=conduit type=conduit collector=conduit type=conduit params="map[end:2026-08-02T22:38:07.901Z query:rate(conduit_connector_bytes_sum{pipeline_name=\"archv2-parity\",type=\"destination\"}[2s])/1048576 start:2026-08-02T22:37:47.898Z step:1]" stats="&{Timings:{EvalTotalTime:1.9333e-05 ResultSortTime:1.25e-07 QueryPreparationTime:2.709e-06 InnerEvalTime:1.4334e-05 ExecQueueTime:5e-07 ExecTotalTime:2.0542e-05} Samples:0x14001509680}" spanID=0000000000000000
time=2026-08-02T15:38:07.901-07:00 level=DEBUG msg="Query returned data" test=archv2-parity tool=conduit-v2 collector=conduit type=conduit collector=conduit type=conduit name=msg-megabytes-out-per-second[archv2-parity] series-count=1 last-value=1.3355325417689594
time=2026-08-02T15:38:08.179-07:00 level=DEBUG msg="Inspecting container" model=container-monitor name=benchi-conduit
time=2026-08-02T15:38:08.682-07:00 level=DEBUG msg="Inspecting container" model=container-monitor name=benchi-conduit
time=2026-08-02T15:38:08.903-07:00 level=DEBUG msg="promql query logged" test=archv2-parity tool=conduit-v2 collector=conduit type=conduit collector=conduit type=conduit params="map[end:2026-08-02T22:38:08.903Z query:rate(conduit_pipeline_execution_duration_seconds_count{pipeline_name=\"archv2-parity\"}[2s]) start:2026-08-02T22:37:47.898Z step:1]" stats="&{Timings:{EvalTotalTime:3.9292e-05 ResultSortTime:4.16e-07 QueryPreparationTime:1.5125e-05 InnerEvalTime:2.0917e-05 ExecQueueTime:1.416e-06 ExecTotalTime:4.35e-05} Samples:0x14001692210}" spanID=0000000000000000
time=2026-08-02T15:38:08.903-07:00 level=DEBUG msg="Query returned data" test=archv2-parity tool=conduit-v2 collector=conduit type=conduit collector=conduit type=conduit name=msg-rate-per-second[archv2-parity] series-count=1 last-value=41193.77510040161
time=2026-08-02T15:38:08.903-07:00 level=DEBUG msg="promql query logged" test=archv2-parity tool=conduit-v2 collector=conduit type=conduit collector=conduit type=conduit params="map[end:2026-08-02T22:38:08.903Z query:rate(conduit_connector_bytes_sum{pipeline_name=\"archv2-parity\",type=\"source\"}[2s])/1048576 start:2026-08-02T22:37:47.898Z step:1]" stats="&{Timings:{EvalTotalTime:3.4083e-05 ResultSortTime:1.66e-07 QueryPreparationTime:7.417e-06 InnerEvalTime:2.4542e-05 ExecQueueTime:6.25e-07 ExecTotalTime:3.5542e-05} Samples:0x14001692870}" spanID=0000000000000000
time=2026-08-02T15:38:08.903-07:00 level=DEBUG msg="Query returned data" test=archv2-parity tool=conduit-v2 collector=conduit type=conduit collector=conduit type=conduit name=msg-megabytes-in-per-second[archv2-parity] series-count=1 last-value=1.164111746362893
time=2026-08-02T15:38:08.903-07:00 level=DEBUG msg="promql query logged" test=archv2-parity tool=conduit-v2 collector=conduit type=conduit collector=conduit type=conduit params="map[end:2026-08-02T22:38:08.903Z query:rate(conduit_connector_bytes_sum{pipeline_name=\"archv2-parity\",type=\"destination\"}[2s])/1048576 start:2026-08-02T22:37:47.898Z step:1]" stats="&{Timings:{EvalTotalTime:2.6292e-05 ResultSortTime:1.25e-07 QueryPreparationTime:3.167e-06 InnerEvalTime:1.6917e-05 ExecQueueTime:5.42e-07 ExecTotalTime:2.7667e-05} Samples:0x14001692ed0}" spanID=0000000000000000
time=2026-08-02T15:38:08.903-07:00 level=DEBUG msg="Query returned data" test=archv2-parity tool=conduit-v2 collector=conduit type=conduit collector=conduit type=conduit name=msg-megabytes-out-per-second[archv2-parity] series-count=1 last-value=1.1640830212328808
time=2026-08-02T15:38:09.187-07:00 level=DEBUG msg="Inspecting container" model=container-monitor name=benchi-conduit
time=2026-08-02T15:38:09.691-07:00 level=DEBUG msg="Inspecting container" model=container-monitor name=benchi-conduit
time=2026-08-02T15:38:09.913-07:00 level=DEBUG msg="promql query logged" test=archv2-parity tool=conduit-v2 collector=conduit type=conduit collector=conduit type=conduit params="map[end:2026-08-02T22:38:09.913Z query:rate(conduit_pipeline_execution_duration_seconds_count{pipeline_name=\"archv2-parity\"}[2s]) start:2026-08-02T22:37:47.898Z step:1]" stats="&{Timings:{EvalTotalTime:6.5875e-05 ResultSortTime:4.17e-07 QueryPreparationTime:1.4167e-05 InnerEvalTime:2.9e-05 ExecQueueTime:1.959e-06 ExecTotalTime:7.0167e-05} Samples:0x140015ec510}" spanID=0000000000000000
time=2026-08-02T15:38:09.913-07:00 level=DEBUG msg="Query returned data" test=archv2-parity tool=conduit-v2 collector=conduit type=conduit collector=conduit type=conduit name=msg-rate-per-second[archv2-parity] series-count=1 last-value=40445
time=2026-08-02T15:38:09.913-07:00 level=DEBUG msg="promql query logged" test=archv2-parity tool=conduit-v2 collector=conduit type=conduit collector=conduit type=conduit params="map[end:2026-08-02T22:38:09.913Z query:rate(conduit_connector_bytes_sum{pipeline_name=\"archv2-parity\",type=\"source\"}[2s])/1048576 start:2026-08-02T22:37:47.898Z step:1]" stats="&{Timings:{EvalTotalTime:4.3125e-05 ResultSortTime:1.25e-07 QueryPreparationTime:6.041e-06 InnerEvalTime:3.3792e-05 ExecQueueTime:7.5e-07 ExecTotalTime:4.6333e-05} Samples:0x140015ecb70}" spanID=0000000000000000
time=2026-08-02T15:38:09.913-07:00 level=DEBUG msg="Query returned data" test=archv2-parity tool=conduit-v2 collector=conduit type=conduit collector=conduit type=conduit name=msg-megabytes-in-per-second[archv2-parity] series-count=1 last-value=1.143381118774414
time=2026-08-02T15:38:09.913-07:00 level=DEBUG msg="promql query logged" test=archv2-parity tool=conduit-v2 collector=conduit type=conduit collector=conduit type=conduit params="map[end:2026-08-02T22:38:09.913Z query:rate(conduit_connector_bytes_sum{pipeline_name=\"archv2-parity\",type=\"destination\"}[2s])/1048576 start:2026-08-02T22:37:47.898Z step:1]" stats="&{Timings:{EvalTotalTime:3.2084e-05 ResultSortTime:1.25e-07 QueryPreparationTime:3.792e-06 InnerEvalTime:2.5333e-05 ExecQueueTime:6.26e-07 ExecTotalTime:3.4e-05} Samples:0x140015ed1d0}" spanID=0000000000000000
time=2026-08-02T15:38:09.913-07:00 level=DEBUG msg="Query returned data" test=archv2-parity tool=conduit-v2 collector=conduit type=conduit collector=conduit type=conduit name=msg-megabytes-out-per-second[archv2-parity] series-count=1 last-value=1.1434040069580078
time=2026-08-02T15:38:10.196-07:00 level=DEBUG msg="Inspecting container" model=container-monitor name=benchi-conduit
time=2026-08-02T15:38:10.704-07:00 level=DEBUG msg="Inspecting container" model=container-monitor name=benchi-conduit
time=2026-08-02T15:38:10.916-07:00 level=DEBUG msg="promql query logged" test=archv2-parity tool=conduit-v2 collector=conduit type=conduit collector=conduit type=conduit params="map[end:2026-08-02T22:38:10.916Z query:rate(conduit_pipeline_execution_duration_seconds_count{pipeline_name=\"archv2-parity\"}[2s]) start:2026-08-02T22:37:47.898Z step:1]" stats="&{Timings:{EvalTotalTime:7.0417e-05 ResultSortTime:5e-07 QueryPreparationTime:1.4416e-05 InnerEvalTime:4.7542e-05 ExecQueueTime:1.958e-06 ExecTotalTime:7.45e-05} Samples:0x140017281b0}" spanID=0000000000000000
time=2026-08-02T15:38:10.916-07:00 level=DEBUG msg="Query returned data" test=archv2-parity tool=conduit-v2 collector=conduit type=conduit collector=conduit type=conduit name=msg-rate-per-second[archv2-parity] series-count=1 last-value=41649.01960784313
time=2026-08-02T15:38:10.916-07:00 level=DEBUG msg="promql query logged" test=archv2-parity tool=conduit-v2 collector=conduit type=conduit collector=conduit type=conduit params="map[end:2026-08-02T22:38:10.916Z query:rate(conduit_connector_bytes_sum{pipeline_name=\"archv2-parity\",type=\"source\"}[2s])/1048576 start:2026-08-02T22:37:47.898Z step:1]" stats="&{Timings:{EvalTotalTime:4.4375e-05 ResultSortTime:2.08e-07 QueryPreparationTime:9.125e-06 InnerEvalTime:2.8541e-05 ExecQueueTime:1.375e-06 ExecTotalTime:4.7166e-05} Samples:0x14001728810}" spanID=0000000000000000
time=2026-08-02T15:38:10.916-07:00 level=DEBUG msg="Query returned data" test=archv2-parity tool=conduit-v2 collector=conduit type=conduit collector=conduit type=conduit name=msg-megabytes-in-per-second[archv2-parity] series-count=1 last-value=1.17647040124033
time=2026-08-02T15:38:10.916-07:00 level=DEBUG msg="promql query logged" test=archv2-parity tool=conduit-v2 collector=conduit type=conduit collector=conduit type=conduit params="map[end:2026-08-02T22:38:10.916Z query:rate(conduit_connector_bytes_sum{pipeline_name=\"archv2-parity\",type=\"destination\"}[2s])/1048576 start:2026-08-02T22:37:47.898Z step:1]" stats="&{Timings:{EvalTotalTime:2.2584e-05 ResultSortTime:1.25e-07 QueryPreparationTime:3.959e-06 InnerEvalTime:1.675e-05 ExecQueueTime:5.84e-07 ExecTotalTime:2.3958e-05} Samples:0x14001728e70}" spanID=0000000000000000
time=2026-08-02T15:38:10.916-07:00 level=DEBUG msg="Query returned data" test=archv2-parity tool=conduit-v2 collector=conduit type=conduit collector=conduit type=conduit name=msg-megabytes-out-per-second[archv2-parity] series-count=1 last-value=1.17644796184465
time=2026-08-02T15:38:11.224-07:00 level=DEBUG msg="Inspecting container" model=container-monitor name=benchi-conduit
time=2026-08-02T15:38:11.735-07:00 level=DEBUG msg="Inspecting container" model=container-monitor name=benchi-conduit
time=2026-08-02T15:38:11.913-07:00 level=DEBUG msg="promql query logged" test=archv2-parity tool=conduit-v2 collector=conduit type=conduit collector=conduit type=conduit params="map[end:2026-08-02T22:38:11.912Z query:rate(conduit_pipeline_execution_duration_seconds_count{pipeline_name=\"archv2-parity\"}[2s]) start:2026-08-02T22:37:47.898Z step:1]" stats="&{Timings:{EvalTotalTime:5.1625e-05 ResultSortTime:3.75e-07 QueryPreparationTime:1.4416e-05 InnerEvalTime:3.1833e-05 ExecQueueTime:2.249e-06 ExecTotalTime:5.6708e-05} Samples:0x140017294a0}" spanID=0000000000000000
time=2026-08-02T15:38:11.913-07:00 level=DEBUG msg="Query returned data" test=archv2-parity tool=conduit-v2 collector=conduit type=conduit collector=conduit type=conduit name=msg-rate-per-second[archv2-parity] series-count=1 last-value=40116.32653061225
time=2026-08-02T15:38:11.913-07:00 level=DEBUG msg="promql query logged" test=archv2-parity tool=conduit-v2 collector=conduit type=conduit collector=conduit type=conduit params="map[end:2026-08-02T22:38:11.913Z query:rate(conduit_connector_bytes_sum{pipeline_name=\"archv2-parity\",type=\"source\"}[2s])/1048576 start:2026-08-02T22:37:47.898Z step:1]" stats="&{Timings:{EvalTotalTime:6.1708e-05 ResultSortTime:2.92e-07 QueryPreparationTime:8.375e-06 InnerEvalTime:4.9625e-05 ExecQueueTime:1.041e-06 ExecTotalTime:6.4541e-05} Samples:0x14001729b00}" spanID=0000000000000000
time=2026-08-02T15:38:11.913-07:00 level=DEBUG msg="Query returned data" test=archv2-parity tool=conduit-v2 collector=conduit type=conduit collector=conduit type=conduit name=msg-megabytes-in-per-second[archv2-parity] series-count=1 last-value=1.1331772317691726
time=2026-08-02T15:38:11.913-07:00 level=DEBUG msg="promql query logged" test=archv2-parity tool=conduit-v2 collector=conduit type=conduit collector=conduit type=conduit params="map[end:2026-08-02T22:38:11.913Z query:rate(conduit_connector_bytes_sum{pipeline_name=\"archv2-parity\",type=\"destination\"}[2s])/1048576 start:2026-08-02T22:37:47.898Z step:1]" stats="&{Timings:{EvalTotalTime:5.7667e-05 ResultSortTime:2.08e-07 QueryPreparationTime:4.208e-06 InnerEvalTime:5.0334e-05 ExecQueueTime:5.83e-07 ExecTotalTime:5.9625e-05} Samples:0x140017521e0}" spanID=0000000000000000
time=2026-08-02T15:38:11.913-07:00 level=DEBUG msg="Query returned data" test=archv2-parity tool=conduit-v2 collector=conduit type=conduit collector=conduit type=conduit name=msg-megabytes-out-per-second[archv2-parity] series-count=1 last-value=1.1331499839315609
time=2026-08-02T15:38:12.263-07:00 level=DEBUG msg="Inspecting container" model=container-monitor name=benchi-conduit
time=2026-08-02T15:38:12.768-07:00 level=DEBUG msg="Inspecting container" model=container-monitor name=benchi-conduit
time=2026-08-02T15:38:12.900-07:00 level=DEBUG msg="promql query logged" test=archv2-parity tool=conduit-v2 collector=conduit type=conduit collector=conduit type=conduit params="map[end:2026-08-02T22:38:12.900Z query:rate(conduit_pipeline_execution_duration_seconds_count{pipeline_name=\"archv2-parity\"}[2s]) start:2026-08-02T22:37:47.898Z step:1]" stats="&{Timings:{EvalTotalTime:4.1917e-05 ResultSortTime:3.75e-07 QueryPreparationTime:9.541e-06 InnerEvalTime:2.0958e-05 ExecQueueTime:1.5e-06 ExecTotalTime:4.5e-05} Samples:0x1400147fe30}" spanID=0000000000000000
time=2026-08-02T15:38:12.900-07:00 level=DEBUG msg="Query returned data" test=archv2-parity tool=conduit-v2 collector=conduit type=conduit collector=conduit type=conduit name=msg-rate-per-second[archv2-parity] series-count=1 last-value=39331.3373253493
time=2026-08-02T15:38:12.900-07:00 level=DEBUG msg="promql query logged" test=archv2-parity tool=conduit-v2 collector=conduit type=conduit collector=conduit type=conduit params="map[end:2026-08-02T22:38:12.900Z query:rate(conduit_connector_bytes_sum{pipeline_name=\"archv2-parity\",type=\"source\"}[2s])/1048576 start:2026-08-02T22:37:47.898Z step:1]" stats="&{Timings:{EvalTotalTime:3.2167e-05 ResultSortTime:1.25e-07 QueryPreparationTime:7.709e-06 InnerEvalTime:2.2416e-05 ExecQueueTime:5.84e-07 ExecTotalTime:3.3625e-05} Samples:0x14001932510}" spanID=0000000000000000
time=2026-08-02T15:38:12.900-07:00 level=DEBUG msg="Query returned data" test=archv2-parity tool=conduit-v2 collector=conduit type=conduit collector=conduit type=conduit name=msg-megabytes-in-per-second[archv2-parity] series-count=1 last-value=1.1123011925977146
time=2026-08-02T15:38:12.900-07:00 level=DEBUG msg="promql query logged" test=archv2-parity tool=conduit-v2 collector=conduit type=conduit collector=conduit type=conduit params="map[end:2026-08-02T22:38:12.900Z query:rate(conduit_connector_bytes_sum{pipeline_name=\"archv2-parity\",type=\"destination\"}[2s])/1048576 start:2026-08-02T22:37:47.898Z step:1]" stats="&{Timings:{EvalTotalTime:0.000166417 ResultSortTime:2.08e-07 QueryPreparationTime:2.708e-06 InnerEvalTime:0.000159916 ExecQueueTime:4.58e-07 ExecTotalTime:0.000168459} Samples:0x14001932bd0}" spanID=0000000000000000
time=2026-08-02T15:38:12.900-07:00 level=DEBUG msg="Query returned data" test=archv2-parity tool=conduit-v2 collector=conduit type=conduit collector=conduit type=conduit name=msg-megabytes-out-per-second[archv2-parity] series-count=1 last-value=1.1123535399903317
time=2026-08-02T15:38:12.903-07:00 level=INFO msg="Test in progress" test=archv2-parity tool=conduit-v2 step=test time-left=35s
time=2026-08-02T15:38:13.273-07:00 level=DEBUG msg="Inspecting container" model=container-monitor name=benchi-conduit
time=2026-08-02T15:38:13.776-07:00 level=DEBUG msg="Inspecting container" model=container-monitor name=benchi-conduit
time=2026-08-02T15:38:13.898-07:00 level=DEBUG msg="promql query logged" test=archv2-parity tool=conduit-v2 collector=conduit type=conduit collector=conduit type=conduit params="map[end:2026-08-02T22:38:13.898Z query:rate(conduit_pipeline_execution_duration_seconds_count{pipeline_name=\"archv2-parity\"}[2s]) start:2026-08-02T22:37:47.898Z step:1]" stats="&{Timings:{EvalTotalTime:3.375e-05 ResultSortTime:1e-06 QueryPreparationTime:9.834e-06 InnerEvalTime:2.025e-05 ExecQueueTime:1.334e-06 ExecTotalTime:3.6791e-05} Samples:0x140005d0c00}" spanID=0000000000000000
time=2026-08-02T15:38:13.898-07:00 level=DEBUG msg="Query returned data" test=archv2-parity tool=conduit-v2 collector=conduit type=conduit collector=conduit type=conduit name=msg-rate-per-second[archv2-parity] series-count=1 last-value=43970.94188376753
time=2026-08-02T15:38:13.899-07:00 level=DEBUG msg="promql query logged" test=archv2-parity tool=conduit-v2 collector=conduit type=conduit collector=conduit type=conduit params="map[end:2026-08-02T22:38:13.898Z query:rate(conduit_connector_bytes_sum{pipeline_name=\"archv2-parity\",type=\"source\"}[2s])/1048576 start:2026-08-02T22:37:47.898Z step:1]" stats="&{Timings:{EvalTotalTime:4.9792e-05 ResultSortTime:8.3e-08 QueryPreparationTime:4.542e-06 InnerEvalTime:4.2584e-05 ExecQueueTime:5.83e-07 ExecTotalTime:5.15e-05} Samples:0x140016b8300}" spanID=0000000000000000
time=2026-08-02T15:38:13.899-07:00 level=DEBUG msg="Query returned data" test=archv2-parity tool=conduit-v2 collector=conduit type=conduit collector=conduit type=conduit name=msg-megabytes-in-per-second[archv2-parity] series-count=1 last-value=1.243819693525234
time=2026-08-02T15:38:13.899-07:00 level=DEBUG msg="promql query logged" test=archv2-parity tool=conduit-v2 collector=conduit type=conduit collector=conduit type=conduit params="map[end:2026-08-02T22:38:13.899Z query:rate(conduit_connector_bytes_sum{pipeline_name=\"archv2-parity\",type=\"destination\"}[2s])/1048576 start:2026-08-02T22:37:47.898Z step:1]" stats="&{Timings:{EvalTotalTime:2.1084e-05 ResultSortTime:8.3e-08 QueryPreparationTime:2.667e-06 InnerEvalTime:1.675e-05 ExecQueueTime:4.17e-07 ExecTotalTime:2.2292e-05} Samples:0x140016b8b40}" spanID=0000000000000000
time=2026-08-02T15:38:13.899-07:00 level=DEBUG msg="Query returned data" test=archv2-parity tool=conduit-v2 collector=conduit type=conduit collector=conduit type=conduit name=msg-megabytes-out-per-second[archv2-parity] series-count=1 last-value=1.2437938927170746
time=2026-08-02T15:38:14.279-07:00 level=DEBUG msg="Inspecting container" model=container-monitor name=benchi-conduit
time=2026-08-02T15:38:14.783-07:00 level=DEBUG msg="Inspecting container" model=container-monitor name=benchi-conduit
time=2026-08-02T15:38:14.898-07:00 level=DEBUG msg="promql query logged" test=archv2-parity tool=conduit-v2 collector=conduit type=conduit collector=conduit type=conduit params="map[end:2026-08-02T22:38:14.898Z query:rate(conduit_pipeline_execution_duration_seconds_count{pipeline_name=\"archv2-parity\"}[2s]) start:2026-08-02T22:37:47.898Z step:1]" stats="&{Timings:{EvalTotalTime:3.1792e-05 ResultSortTime:3.33e-07 QueryPreparationTime:9.167e-06 InnerEvalTime:1.9667e-05 ExecQueueTime:1.458e-06 ExecTotalTime:3.5458e-05} Samples:0x140015b86c0}" spanID=0000000000000000
time=2026-08-02T15:38:14.898-07:00 level=DEBUG msg="Query returned data" test=archv2-parity tool=conduit-v2 collector=conduit type=conduit collector=conduit type=conduit name=msg-rate-per-second[archv2-parity] series-count=1 last-value=45891
time=2026-08-02T15:38:14.899-07:00 level=DEBUG msg="promql query logged" test=archv2-parity tool=conduit-v2 collector=conduit type=conduit collector=conduit type=conduit params="map[end:2026-08-02T22:38:14.898Z query:rate(conduit_connector_bytes_sum{pipeline_name=\"archv2-parity\",type=\"source\"}[2s])/1048576 start:2026-08-02T22:37:47.898Z step:1]" stats="&{Timings:{EvalTotalTime:2.9666e-05 ResultSortTime:8.3e-08 QueryPreparationTime:4.125e-06 InnerEvalTime:2.2916e-05 ExecQueueTime:5.41e-07 ExecTotalTime:3.1041e-05} Samples:0x140015b8d20}" spanID=0000000000000000
time=2026-08-02T15:38:14.899-07:00 level=DEBUG msg="Query returned data" test=archv2-parity tool=conduit-v2 collector=conduit type=conduit collector=conduit type=conduit name=msg-megabytes-in-per-second[archv2-parity] series-count=1 last-value=1.2973508834838867
time=2026-08-02T15:38:14.899-07:00 level=DEBUG msg="promql query logged" test=archv2-parity tool=conduit-v2 collector=conduit type=conduit collector=conduit type=conduit params="map[end:2026-08-02T22:38:14.899Z query:rate(conduit_connector_bytes_sum{pipeline_name=\"archv2-parity\",type=\"destination\"}[2s])/1048576 start:2026-08-02T22:37:47.898Z step:1]" stats="&{Timings:{EvalTotalTime:2.1958e-05 ResultSortTime:8.3e-08 QueryPreparationTime:2.917e-06 InnerEvalTime:1.7209e-05 ExecQueueTime:4.17e-07 ExecTotalTime:2.3208e-05} Samples:0x140015b9380}" spanID=0000000000000000
time=2026-08-02T15:38:14.899-07:00 level=DEBUG msg="Query returned data" test=archv2-parity tool=conduit-v2 collector=conduit type=conduit collector=conduit type=conduit name=msg-megabytes-out-per-second[archv2-parity] series-count=1 last-value=1.297372817993164
time=2026-08-02T15:38:15.285-07:00 level=DEBUG msg="Inspecting container" model=container-monitor name=benchi-conduit
time=2026-08-02T15:38:15.795-07:00 level=DEBUG msg="Inspecting container" model=container-monitor name=benchi-conduit
time=2026-08-02T15:38:15.904-07:00 level=DEBUG msg="promql query logged" test=archv2-parity tool=conduit-v2 collector=conduit type=conduit collector=conduit type=conduit params="map[end:2026-08-02T22:38:15.904Z query:rate(conduit_pipeline_execution_duration_seconds_count{pipeline_name=\"archv2-parity\"}[2s]) start:2026-08-02T22:37:47.898Z step:1]" stats="&{Timings:{EvalTotalTime:4.0375e-05 ResultSortTime:3.75e-07 QueryPreparationTime:1.1791e-05 InnerEvalTime:2.5042e-05 ExecQueueTime:1.25e-06 ExecTotalTime:4.4e-05} Samples:0x14000fb5830}" spanID=0000000000000000
time=2026-08-02T15:38:15.904-07:00 level=DEBUG msg="Query returned data" test=archv2-parity tool=conduit-v2 collector=conduit type=conduit collector=conduit type=conduit name=msg-rate-per-second[archv2-parity] series-count=1 last-value=46510.42701092354
time=2026-08-02T15:38:15.904-07:00 level=DEBUG msg="promql query logged" test=archv2-parity tool=conduit-v2 collector=conduit type=conduit collector=conduit type=conduit params="map[end:2026-08-02T22:38:15.904Z query:rate(conduit_connector_bytes_sum{pipeline_name=\"archv2-parity\",type=\"source\"}[2s])/1048576 start:2026-08-02T22:37:47.898Z step:1]" stats="&{Timings:{EvalTotalTime:3.0625e-05 ResultSortTime:1.25e-07 QueryPreparationTime:4.416e-06 InnerEvalTime:2.3334e-05 ExecQueueTime:5.41e-07 ExecTotalTime:3.2e-05} Samples:0x14000f12840}" spanID=0000000000000000
time=2026-08-02T15:38:15.904-07:00 level=DEBUG msg="Query returned data" test=archv2-parity tool=conduit-v2 collector=conduit type=conduit collector=conduit type=conduit name=msg-megabytes-in-per-second[archv2-parity] series-count=1 last-value=1.3135069058218447
time=2026-08-02T15:38:15.904-07:00 level=DEBUG msg="promql query logged" test=archv2-parity tool=conduit-v2 collector=conduit type=conduit collector=conduit type=conduit params="map[end:2026-08-02T22:38:15.904Z query:rate(conduit_connector_bytes_sum{pipeline_name=\"archv2-parity\",type=\"destination\"}[2s])/1048576 start:2026-08-02T22:37:47.898Z step:1]" stats="&{Timings:{EvalTotalTime:2.2667e-05 ResultSortTime:8.3e-08 QueryPreparationTime:2.625e-06 InnerEvalTime:1.7291e-05 ExecQueueTime:4.58e-07 ExecTotalTime:2.3792e-05} Samples:0x14000f12fc0}" spanID=0000000000000000
time=2026-08-02T15:38:15.904-07:00 level=DEBUG msg="Query returned data" test=archv2-parity tool=conduit-v2 collector=conduit type=conduit collector=conduit type=conduit name=msg-megabytes-out-per-second[archv2-parity] series-count=1 last-value=1.3135087999118475
time=2026-08-02T15:38:16.299-07:00 level=DEBUG msg="Inspecting container" model=container-monitor name=benchi-conduit
time=2026-08-02T15:38:16.807-07:00 level=DEBUG msg="Inspecting container" model=container-monitor name=benchi-conduit
time=2026-08-02T15:38:16.909-07:00 level=DEBUG msg="promql query logged" test=archv2-parity tool=conduit-v2 collector=conduit type=conduit collector=conduit type=conduit params="map[end:2026-08-02T22:38:16.909Z query:rate(conduit_pipeline_execution_duration_seconds_count{pipeline_name=\"archv2-parity\"}[2s]) start:2026-08-02T22:37:47.898Z step:1]" stats="&{Timings:{EvalTotalTime:3.3792e-05 ResultSortTime:3.33e-07 QueryPreparationTime:1.0958e-05 InnerEvalTime:1.9833e-05 ExecQueueTime:1.25e-06 ExecTotalTime:3.7042e-05} Samples:0x14000fc9650}" spanID=0000000000000000
time=2026-08-02T15:38:16.909-07:00 level=DEBUG msg="Query returned data" test=archv2-parity tool=conduit-v2 collector=conduit type=conduit collector=conduit type=conduit name=msg-rate-per-second[archv2-parity] series-count=1 last-value=44524.67270896274
time=2026-08-02T15:38:16.909-07:00 level=DEBUG msg="promql query logged" test=archv2-parity tool=conduit-v2 collector=conduit type=conduit collector=conduit type=conduit params="map[end:2026-08-02T22:38:16.909Z query:rate(conduit_connector_bytes_sum{pipeline_name=\"archv2-parity\",type=\"source\"}[2s])/1048576 start:2026-08-02T22:37:47.898Z step:1]" stats="&{Timings:{EvalTotalTime:2.9917e-05 ResultSortTime:1.25e-07 QueryPreparationTime:4.125e-06 InnerEvalTime:2.3791e-05 ExecQueueTime:5.41e-07 ExecTotalTime:3.1375e-05} Samples:0x14000fc9e60}" spanID=0000000000000000
time=2026-08-02T15:38:16.909-07:00 level=DEBUG msg="Query returned data" test=archv2-parity tool=conduit-v2 collector=conduit type=conduit collector=conduit type=conduit name=msg-megabytes-in-per-second[archv2-parity] series-count=1 last-value=1.2571146601036356
time=2026-08-02T15:38:16.909-07:00 level=DEBUG msg="promql query logged" test=archv2-parity tool=conduit-v2 collector=conduit type=conduit collector=conduit type=conduit params="map[end:2026-08-02T22:38:16.909Z query:rate(conduit_connector_bytes_sum{pipeline_name=\"archv2-parity\",type=\"destination\"}[2s])/1048576 start:2026-08-02T22:37:47.898Z step:1]" stats="&{Timings:{EvalTotalTime:2.3208e-05 ResultSortTime:8.3e-08 QueryPreparationTime:2.75e-06 InnerEvalTime:1.8833e-05 ExecQueueTime:3.75e-07 ExecTotalTime:2.525e-05} Samples:0x14000f78ae0}" spanID=0000000000000000
time=2026-08-02T15:38:16.909-07:00 level=DEBUG msg="Query returned data" test=archv2-parity tool=conduit-v2 collector=conduit type=conduit collector=conduit type=conduit name=msg-megabytes-out-per-second[archv2-parity] series-count=1 last-value=1.2571156205007317
time=2026-08-02T15:38:17.311-07:00 level=DEBUG msg="Inspecting container" model=container-monitor name=benchi-conduit
time=2026-08-02T15:38:17.816-07:00 level=DEBUG msg="Inspecting container" model=container-monitor name=benchi-conduit
time=2026-08-02T15:38:17.901-07:00 level=DEBUG msg="promql query logged" test=archv2-parity tool=conduit-v2 collector=conduit type=conduit collector=conduit type=conduit params="map[end:2026-08-02T22:38:17.901Z query:rate(conduit_pipeline_execution_duration_seconds_count{pipeline_name=\"archv2-parity\"}[2s]) start:2026-08-02T22:37:47.898Z step:1]" stats="&{Timings:{EvalTotalTime:3.6292e-05 ResultSortTime:2.92e-07 QueryPreparationTime:1.0292e-05 InnerEvalTime:2.275e-05 ExecQueueTime:1.375e-06 ExecTotalTime:3.9459e-05} Samples:0x140016e7aa0}" spanID=0000000000000000
time=2026-08-02T15:38:17.901-07:00 level=DEBUG msg="Query returned data" test=archv2-parity tool=conduit-v2 collector=conduit type=conduit collector=conduit type=conduit name=msg-rate-per-second[archv2-parity] series-count=1 last-value=39118.226600985225
time=2026-08-02T15:38:17.901-07:00 level=DEBUG msg="promql query logged" test=archv2-parity tool=conduit-v2 collector=conduit type=conduit collector=conduit type=conduit params="map[end:2026-08-02T22:38:17.901Z query:rate(conduit_connector_bytes_sum{pipeline_name=\"archv2-parity\",type=\"source\"}[2s])/1048576 start:2026-08-02T22:37:47.898Z step:1]" stats="&{Timings:{EvalTotalTime:3.075e-05 ResultSortTime:1.25e-07 QueryPreparationTime:4.125e-06 InnerEvalTime:2.4792e-05 ExecQueueTime:5.83e-07 ExecTotalTime:3.2125e-05} Samples:0x140014f61e0}" spanID=0000000000000000
time=2026-08-02T15:38:17.901-07:00 level=DEBUG msg="Query returned data" test=archv2-parity tool=conduit-v2 collector=conduit type=conduit collector=conduit type=conduit name=msg-megabytes-in-per-second[archv2-parity] series-count=1 last-value=1.104986256566541
time=2026-08-02T15:38:17.901-07:00 level=DEBUG msg="promql query logged" test=archv2-parity tool=conduit-v2 collector=conduit type=conduit collector=conduit type=conduit params="map[end:2026-08-02T22:38:17.901Z query:rate(conduit_connector_bytes_sum{pipeline_name=\"archv2-parity\",type=\"destination\"}[2s])/1048576 start:2026-08-02T22:37:47.898Z step:1]" stats="&{Timings:{EvalTotalTime:2.2791e-05 ResultSortTime:4.1e-08 QueryPreparationTime:2.75e-06 InnerEvalTime:1.7667e-05 ExecQueueTime:4.58e-07 ExecTotalTime:2.4041e-05} Samples:0x140014f6840}" spanID=0000000000000000
time=2026-08-02T15:38:17.901-07:00 level=DEBUG msg="Query returned data" test=archv2-parity tool=conduit-v2 collector=conduit type=conduit collector=conduit type=conduit name=msg-megabytes-out-per-second[archv2-parity] series-count=1 last-value=1.1049843774053263
time=2026-08-02T15:38:17.901-07:00 level=INFO msg="Test in progress" test=archv2-parity tool=conduit-v2 step=test time-left=30s
time=2026-08-02T15:38:18.329-07:00 level=DEBUG msg="Inspecting container" model=container-monitor name=benchi-conduit
time=2026-08-02T15:38:18.836-07:00 level=DEBUG msg="Inspecting container" model=container-monitor name=benchi-conduit
time=2026-08-02T15:38:18.908-07:00 level=DEBUG msg="promql query logged" test=archv2-parity tool=conduit-v2 collector=conduit type=conduit collector=conduit type=conduit params="map[end:2026-08-02T22:38:18.908Z query:rate(conduit_pipeline_execution_duration_seconds_count{pipeline_name=\"archv2-parity\"}[2s]) start:2026-08-02T22:37:47.898Z step:1]" stats="&{Timings:{EvalTotalTime:5.3917e-05 ResultSortTime:5e-07 QueryPreparationTime:1.5625e-05 InnerEvalTime:3.3e-05 ExecQueueTime:2.208e-06 ExecTotalTime:5.8291e-05} Samples:0x14001718660}" spanID=0000000000000000
time=2026-08-02T15:38:18.908-07:00 level=DEBUG msg="Query returned data" test=archv2-parity tool=conduit-v2 collector=conduit type=conduit collector=conduit type=conduit name=msg-rate-per-second[archv2-parity] series-count=1 last-value=40940.22289766971
time=2026-08-02T15:38:18.909-07:00 level=DEBUG msg="promql query logged" test=archv2-parity tool=conduit-v2 collector=conduit type=conduit collector=conduit type=conduit params="map[end:2026-08-02T22:38:18.908Z query:rate(conduit_connector_bytes_sum{pipeline_name=\"archv2-parity\",type=\"source\"}[2s])/1048576 start:2026-08-02T22:37:47.898Z step:1]" stats="&{Timings:{EvalTotalTime:5.275e-05 ResultSortTime:2.08e-07 QueryPreparationTime:6.833e-06 InnerEvalTime:4.2625e-05 ExecQueueTime:7.5e-07 ExecTotalTime:5.575e-05} Samples:0x14001718de0}" spanID=0000000000000000
time=2026-08-02T15:38:18.909-07:00 level=DEBUG msg="Query returned data" test=archv2-parity tool=conduit-v2 collector=conduit type=conduit collector=conduit type=conduit name=msg-megabytes-in-per-second[archv2-parity] series-count=1 last-value=1.1570842553537788
time=2026-08-02T15:38:18.909-07:00 level=DEBUG msg="promql query logged" test=archv2-parity tool=conduit-v2 collector=conduit type=conduit collector=conduit type=conduit params="map[end:2026-08-02T22:38:18.909Z query:rate(conduit_connector_bytes_sum{pipeline_name=\"archv2-parity\",type=\"destination\"}[2s])/1048576 start:2026-08-02T22:37:47.898Z step:1]" stats="&{Timings:{EvalTotalTime:3.7583e-05 ResultSortTime:8.4e-08 QueryPreparationTime:4.333e-06 InnerEvalTime:3.05e-05 ExecQueueTime:7.07e-07 ExecTotalTime:3.9833e-05} Samples:0x14001719440}" spanID=0000000000000000
time=2026-08-02T15:38:18.909-07:00 level=DEBUG msg="Query returned data" test=archv2-parity tool=conduit-v2 collector=conduit type=conduit collector=conduit type=conduit name=msg-megabytes-out-per-second[archv2-parity] series-count=1 last-value=1.157091019001413
time=2026-08-02T15:38:19.360-07:00 level=DEBUG msg="Inspecting container" model=container-monitor name=benchi-conduit
time=2026-08-02T15:38:19.865-07:00 level=DEBUG msg="Inspecting container" model=container-monitor name=benchi-conduit
time=2026-08-02T15:38:19.899-07:00 level=DEBUG msg="promql query logged" test=archv2-parity tool=conduit-v2 collector=conduit type=conduit collector=conduit type=conduit params="map[end:2026-08-02T22:38:19.898Z query:rate(conduit_pipeline_execution_duration_seconds_count{pipeline_name=\"archv2-parity\"}[2s]) start:2026-08-02T22:37:47.898Z step:1]" stats="&{Timings:{EvalTotalTime:3.3167e-05 ResultSortTime:2.92e-07 QueryPreparationTime:9.416e-06 InnerEvalTime:2.0834e-05 ExecQueueTime:1.417e-06 ExecTotalTime:3.6208e-05} Samples:0x1400164d830}" spanID=0000000000000000
time=2026-08-02T15:38:19.899-07:00 level=DEBUG msg="Query returned data" test=archv2-parity tool=conduit-v2 collector=conduit type=conduit collector=conduit type=conduit name=msg-rate-per-second[archv2-parity] series-count=1 last-value=41865.73146292585
time=2026-08-02T15:38:19.899-07:00 level=DEBUG msg="promql query logged" test=archv2-parity tool=conduit-v2 collector=conduit type=conduit collector=conduit type=conduit params="map[end:2026-08-02T22:38:19.899Z query:rate(conduit_connector_bytes_sum{pipeline_name=\"archv2-parity\",type=\"source\"}[2s])/1048576 start:2026-08-02T22:37:47.898Z step:1]" stats="&{Timings:{EvalTotalTime:3.1125e-05 ResultSortTime:8.3e-08 QueryPreparationTime:3.875e-06 InnerEvalTime:2.5458e-05 ExecQueueTime:5.42e-07 ExecTotalTime:3.25e-05} Samples:0x140010bc660}" spanID=0000000000000000
time=2026-08-02T15:38:19.899-07:00 level=DEBUG msg="Query returned data" test=archv2-parity tool=conduit-v2 collector=conduit type=conduit collector=conduit type=conduit name=msg-megabytes-in-per-second[archv2-parity] series-count=1 last-value=1.1828915628498207
time=2026-08-02T15:38:19.899-07:00 level=DEBUG msg="promql query logged" test=archv2-parity tool=conduit-v2 collector=conduit type=conduit collector=conduit type=conduit params="map[end:2026-08-02T22:38:19.899Z query:rate(conduit_connector_bytes_sum{pipeline_name=\"archv2-parity\",type=\"destination\"}[2s])/1048576 start:2026-08-02T22:37:47.898Z step:1]" stats="&{Timings:{EvalTotalTime:2.3583e-05 ResultSortTime:8.4e-08 QueryPreparationTime:2.583e-06 InnerEvalTime:1.9e-05 ExecQueueTime:3.74e-07 ExecTotalTime:2.475e-05} Samples:0x140010bccc0}" spanID=0000000000000000
time=2026-08-02T15:38:19.899-07:00 level=DEBUG msg="Query returned data" test=archv2-parity tool=conduit-v2 collector=conduit type=conduit collector=conduit type=conduit name=msg-megabytes-out-per-second[archv2-parity] series-count=1 last-value=1.1828896516788459
time=2026-08-02T15:38:20.371-07:00 level=DEBUG msg="Inspecting container" model=container-monitor name=benchi-conduit
time=2026-08-02T15:38:20.880-07:00 level=DEBUG msg="Inspecting container" model=container-monitor name=benchi-conduit
time=2026-08-02T15:38:20.903-07:00 level=DEBUG msg="promql query logged" test=archv2-parity tool=conduit-v2 collector=conduit type=conduit collector=conduit type=conduit params="map[end:2026-08-02T22:38:20.903Z query:rate(conduit_pipeline_execution_duration_seconds_count{pipeline_name=\"archv2-parity\"}[2s]) start:2026-08-02T22:37:47.898Z step:1]" stats="&{Timings:{EvalTotalTime:3.8125e-05 ResultSortTime:4.58e-07 QueryPreparationTime:1.0125e-05 InnerEvalTime:2.4792e-05 ExecQueueTime:1.834e-06 ExecTotalTime:4.1708e-05} Samples:0x14001728960}" spanID=0000000000000000
time=2026-08-02T15:38:20.903-07:00 level=DEBUG msg="Query returned data" test=archv2-parity tool=conduit-v2 collector=conduit type=conduit collector=conduit type=conduit name=msg-rate-per-second[archv2-parity] series-count=1 last-value=43237.95761078998
time=2026-08-02T15:38:20.903-07:00 level=DEBUG msg="promql query logged" test=archv2-parity tool=conduit-v2 collector=conduit type=conduit collector=conduit type=conduit params="map[end:2026-08-02T22:38:20.903Z query:rate(conduit_connector_bytes_sum{pipeline_name=\"archv2-parity\",type=\"source\"}[2s])/1048576 start:2026-08-02T22:37:47.898Z step:1]" stats="&{Timings:{EvalTotalTime:3.3584e-05 ResultSortTime:1.25e-07 QueryPreparationTime:4.208e-06 InnerEvalTime:2.7292e-05 ExecQueueTime:6.25e-07 ExecTotalTime:3.525e-05} Samples:0x14001728fc0}" spanID=0000000000000000
time=2026-08-02T15:38:20.903-07:00 level=DEBUG msg="Query returned data" test=archv2-parity tool=conduit-v2 collector=conduit type=conduit collector=conduit type=conduit name=msg-megabytes-in-per-second[archv2-parity] series-count=1 last-value=1.2217532692617075
time=2026-08-02T15:38:20.903-07:00 level=DEBUG msg="promql query logged" test=archv2-parity tool=conduit-v2 collector=conduit type=conduit collector=conduit type=conduit params="map[end:2026-08-02T22:38:20.903Z query:rate(conduit_connector_bytes_sum{pipeline_name=\"archv2-parity\",type=\"destination\"}[2s])/1048576 start:2026-08-02T22:37:47.898Z step:1]" stats="&{Timings:{EvalTotalTime:2.3542e-05 ResultSortTime:1.25e-07 QueryPreparationTime:2.583e-06 InnerEvalTime:1.9333e-05 ExecQueueTime:5.41e-07 ExecTotalTime:2.475e-05} Samples:0x14001729620}" spanID=0000000000000000
time=2026-08-02T15:38:20.903-07:00 level=DEBUG msg="Query returned data" test=archv2-parity tool=conduit-v2 collector=conduit type=conduit collector=conduit type=conduit name=msg-megabytes-out-per-second[archv2-parity] series-count=1 last-value=1.2217266251815766
time=2026-08-02T15:38:21.384-07:00 level=DEBUG msg="Inspecting container" model=container-monitor name=benchi-conduit
time=2026-08-02T15:38:21.887-07:00 level=DEBUG msg="Inspecting container" model=container-monitor name=benchi-conduit
time=2026-08-02T15:38:21.911-07:00 level=DEBUG msg="promql query logged" test=archv2-parity tool=conduit-v2 collector=conduit type=conduit collector=conduit type=conduit params="map[end:2026-08-02T22:38:21.911Z query:rate(conduit_pipeline_execution_duration_seconds_count{pipeline_name=\"archv2-parity\"}[2s]) start:2026-08-02T22:37:47.898Z step:1]" stats="&{Timings:{EvalTotalTime:3.1917e-05 ResultSortTime:3.33e-07 QueryPreparationTime:8.416e-06 InnerEvalTime:2.0584e-05 ExecQueueTime:8.74e-07 ExecTotalTime:3.4333e-05} Samples:0x14001138660}" spanID=0000000000000000
time=2026-08-02T15:38:21.911-07:00 level=DEBUG msg="Query returned data" test=archv2-parity tool=conduit-v2 collector=conduit type=conduit collector=conduit type=conduit name=msg-rate-per-second[archv2-parity] series-count=1 last-value=38932.238193018486
time=2026-08-02T15:38:21.911-07:00 level=DEBUG msg="promql query logged" test=archv2-parity tool=conduit-v2 collector=conduit type=conduit collector=conduit type=conduit params="map[end:2026-08-02T22:38:21.911Z query:rate(conduit_connector_bytes_sum{pipeline_name=\"archv2-parity\",type=\"source\"}[2s])/1048576 start:2026-08-02T22:37:47.898Z step:1]" stats="&{Timings:{EvalTotalTime:3.275e-05 ResultSortTime:8.4e-08 QueryPreparationTime:4.833e-06 InnerEvalTime:2.5666e-05 ExecQueueTime:5.42e-07 ExecTotalTime:3.4166e-05} Samples:0x14001138cc0}" spanID=0000000000000000
time=2026-08-02T15:38:21.911-07:00 level=DEBUG msg="Query returned data" test=archv2-parity tool=conduit-v2 collector=conduit type=conduit collector=conduit type=conduit name=msg-megabytes-in-per-second[archv2-parity] series-count=1 last-value=1.1002415259515972
time=2026-08-02T15:38:21.911-07:00 level=DEBUG msg="promql query logged" test=archv2-parity tool=conduit-v2 collector=conduit type=conduit collector=conduit type=conduit params="map[end:2026-08-02T22:38:21.911Z query:rate(conduit_connector_bytes_sum{pipeline_name=\"archv2-parity\",type=\"destination\"}[2s])/1048576 start:2026-08-02T22:37:47.898Z step:1]" stats="&{Timings:{EvalTotalTime:2.5958e-05 ResultSortTime:1.67e-07 QueryPreparationTime:2.958e-06 InnerEvalTime:2.1042e-05 ExecQueueTime:4.16e-07 ExecTotalTime:2.7042e-05} Samples:0x14001139320}" spanID=0000000000000000
time=2026-08-02T15:38:21.911-07:00 level=DEBUG msg="Query returned data" test=archv2-parity tool=conduit-v2 collector=conduit type=conduit collector=conduit type=conduit name=msg-megabytes-out-per-second[archv2-parity] series-count=1 last-value=1.1003247521496409
time=2026-08-02T15:38:22.398-07:00 level=DEBUG msg="Inspecting container" model=container-monitor name=benchi-conduit
time=2026-08-02T15:38:22.899-07:00 level=INFO msg="Test in progress" test=archv2-parity tool=conduit-v2 step=test time-left=25s
time=2026-08-02T15:38:22.900-07:00 level=DEBUG msg="promql query logged" test=archv2-parity tool=conduit-v2 collector=conduit type=conduit collector=conduit type=conduit params="map[end:2026-08-02T22:38:22.899Z query:rate(conduit_pipeline_execution_duration_seconds_count{pipeline_name=\"archv2-parity\"}[2s]) start:2026-08-02T22:37:47.898Z step:1]" stats="&{Timings:{EvalTotalTime:8.325e-05 ResultSortTime:3.75e-07 QueryPreparationTime:4.125e-05 InnerEvalTime:3.5125e-05 ExecQueueTime:2.375e-06 ExecTotalTime:8.8208e-05} Samples:0x14001693200}" spanID=0000000000000000
time=2026-08-02T15:38:22.900-07:00 level=DEBUG msg="Query returned data" test=archv2-parity tool=conduit-v2 collector=conduit type=conduit collector=conduit type=conduit name=msg-rate-per-second[archv2-parity] series-count=1 last-value=35055.66801619433
time=2026-08-02T15:38:22.900-07:00 level=DEBUG msg="promql query logged" test=archv2-parity tool=conduit-v2 collector=conduit type=conduit collector=conduit type=conduit params="map[end:2026-08-02T22:38:22.900Z query:rate(conduit_connector_bytes_sum{pipeline_name=\"archv2-parity\",type=\"source\"}[2s])/1048576 start:2026-08-02T22:37:47.898Z step:1]" stats="&{Timings:{EvalTotalTime:5.3e-05 ResultSortTime:1.67e-07 QueryPreparationTime:6.667e-06 InnerEvalTime:4.275e-05 ExecQueueTime:1.125e-06 ExecTotalTime:5.5667e-05} Samples:0x14001693860}" spanID=0000000000000000
time=2026-08-02T15:38:22.900-07:00 level=DEBUG msg="Query returned data" test=archv2-parity tool=conduit-v2 collector=conduit type=conduit collector=conduit type=conduit name=msg-megabytes-in-per-second[archv2-parity] series-count=1 last-value=0.9910085423272631
time=2026-08-02T15:38:22.900-07:00 level=DEBUG msg="promql query logged" test=archv2-parity tool=conduit-v2 collector=conduit type=conduit collector=conduit type=conduit params="map[end:2026-08-02T22:38:22.900Z query:rate(conduit_connector_bytes_sum{pipeline_name=\"archv2-parity\",type=\"destination\"}[2s])/1048576 start:2026-08-02T22:37:47.898Z step:1]" stats="&{Timings:{EvalTotalTime:4.1541e-05 ResultSortTime:1.25e-07 QueryPreparationTime:5.333e-06 InnerEvalTime:3.3125e-05 ExecQueueTime:7.92e-07 ExecTotalTime:4.4875e-05} Samples:0x14001693ec0}" spanID=0000000000000000
time=2026-08-02T15:38:22.900-07:00 level=DEBUG msg="Query returned data" test=archv2-parity tool=conduit-v2 collector=conduit type=conduit collector=conduit type=conduit name=msg-megabytes-out-per-second[archv2-parity] series-count=1 last-value=0.9909515921403522
time=2026-08-02T15:38:22.921-07:00 level=DEBUG msg="Inspecting container" model=container-monitor name=benchi-conduit
time=2026-08-02T15:38:23.427-07:00 level=DEBUG msg="Inspecting container" model=container-monitor name=benchi-conduit
time=2026-08-02T15:38:23.899-07:00 level=DEBUG msg="promql query logged" test=archv2-parity tool=conduit-v2 collector=conduit type=conduit collector=conduit type=conduit params="map[end:2026-08-02T22:38:23.899Z query:rate(conduit_pipeline_execution_duration_seconds_count{pipeline_name=\"archv2-parity\"}[2s]) start:2026-08-02T22:37:47.898Z step:1]" stats="&{Timings:{EvalTotalTime:5.0291e-05 ResultSortTime:3.75e-07 QueryPreparationTime:1.4125e-05 InnerEvalTime:3.1375e-05 ExecQueueTime:2.5e-06 ExecTotalTime:5.5666e-05} Samples:0x140012a25a0}" spanID=0000000000000000
time=2026-08-02T15:38:23.899-07:00 level=DEBUG msg="Query returned data" test=archv2-parity tool=conduit-v2 collector=conduit type=conduit collector=conduit type=conduit name=msg-rate-per-second[archv2-parity] series-count=1 last-value=36040
time=2026-08-02T15:38:23.899-07:00 level=DEBUG msg="promql query logged" test=archv2-parity tool=conduit-v2 collector=conduit type=conduit collector=conduit type=conduit params="map[end:2026-08-02T22:38:23.899Z query:rate(conduit_connector_bytes_sum{pipeline_name=\"archv2-parity\",type=\"source\"}[2s])/1048576 start:2026-08-02T22:37:47.898Z step:1]" stats="&{Timings:{EvalTotalTime:5.5667e-05 ResultSortTime:2.09e-07 QueryPreparationTime:7.875e-06 InnerEvalTime:4.4333e-05 ExecQueueTime:8.33e-07 ExecTotalTime:5.8291e-05} Samples:0x140012a2c00}" spanID=0000000000000000
time=2026-08-02T15:38:23.899-07:00 level=DEBUG msg="Query returned data" test=archv2-parity tool=conduit-v2 collector=conduit type=conduit collector=conduit type=conduit name=msg-megabytes-in-per-second[archv2-parity] series-count=1 last-value=1.017587661743164
time=2026-08-02T15:38:23.899-07:00 level=DEBUG msg="promql query logged" test=archv2-parity tool=conduit-v2 collector=conduit type=conduit collector=conduit type=conduit params="map[end:2026-08-02T22:38:23.899Z query:rate(conduit_connector_bytes_sum{pipeline_name=\"archv2-parity\",type=\"destination\"}[2s])/1048576 start:2026-08-02T22:37:47.898Z step:1]" stats="&{Timings:{EvalTotalTime:4.2542e-05 ResultSortTime:1.25e-07 QueryPreparationTime:4.334e-06 InnerEvalTime:3.5333e-05 ExecQueueTime:7.08e-07 ExecTotalTime:4.4542e-05} Samples:0x140012a3260}" spanID=0000000000000000
time=2026-08-02T15:38:23.899-07:00 level=DEBUG msg="Query returned data" test=archv2-parity tool=conduit-v2 collector=conduit type=conduit collector=conduit type=conduit name=msg-megabytes-out-per-second[archv2-parity] series-count=1 last-value=1.0176458358764648
time=2026-08-02T15:38:23.946-07:00 level=DEBUG msg="Inspecting container" model=container-monitor name=benchi-conduit
time=2026-08-02T15:38:24.452-07:00 level=DEBUG msg="Inspecting container" model=container-monitor name=benchi-conduit
time=2026-08-02T15:38:24.900-07:00 level=DEBUG msg="promql query logged" test=archv2-parity tool=conduit-v2 collector=conduit type=conduit collector=conduit type=conduit params="map[end:2026-08-02T22:38:24.900Z query:rate(conduit_pipeline_execution_duration_seconds_count{pipeline_name=\"archv2-parity\"}[2s]) start:2026-08-02T22:37:47.898Z step:1]" stats="&{Timings:{EvalTotalTime:4.975e-05 ResultSortTime:3.75e-07 QueryPreparationTime:1.4416e-05 InnerEvalTime:3.0625e-05 ExecQueueTime:3.625e-06 ExecTotalTime:5.4375e-05} Samples:0x14001402e10}" spanID=0000000000000000
time=2026-08-02T15:38:24.900-07:00 level=DEBUG msg="Query returned data" test=archv2-parity tool=conduit-v2 collector=conduit type=conduit collector=conduit type=conduit name=msg-rate-per-second[archv2-parity] series-count=1 last-value=37635.72854291417
time=2026-08-02T15:38:24.900-07:00 level=DEBUG msg="promql query logged" test=archv2-parity tool=conduit-v2 collector=conduit type=conduit collector=conduit type=conduit params="map[end:2026-08-02T22:38:24.900Z query:rate(conduit_connector_bytes_sum{pipeline_name=\"archv2-parity\",type=\"source\"}[2s])/1048576 start:2026-08-02T22:37:47.898Z step:1]" stats="&{Timings:{EvalTotalTime:5.2334e-05 ResultSortTime:1.25e-07 QueryPreparationTime:5.875e-06 InnerEvalTime:4.3334e-05 ExecQueueTime:7.51e-07 ExecTotalTime:5.5917e-05} Samples:0x14001403470}" spanID=0000000000000000
time=2026-08-02T15:38:24.900-07:00 level=DEBUG msg="Query returned data" test=archv2-parity tool=conduit-v2 collector=conduit type=conduit collector=conduit type=conduit name=msg-megabytes-in-per-second[archv2-parity] series-count=1 last-value=1.0636181174638029
time=2026-08-02T15:38:24.901-07:00 level=DEBUG msg="promql query logged" test=archv2-parity tool=conduit-v2 collector=conduit type=conduit collector=conduit type=conduit params="map[end:2026-08-02T22:38:24.900Z query:rate(conduit_connector_bytes_sum{pipeline_name=\"archv2-parity\",type=\"destination\"}[2s])/1048576 start:2026-08-02T22:37:47.898Z step:1]" stats="&{Timings:{EvalTotalTime:4.1666e-05 ResultSortTime:1.25e-07 QueryPreparationTime:5.125e-06 InnerEvalTime:3.3708e-05 ExecQueueTime:6.67e-07 ExecTotalTime:4.3583e-05} Samples:0x14001403ad0}" spanID=0000000000000000
time=2026-08-02T15:38:24.901-07:00 level=DEBUG msg="Query returned data" test=archv2-parity tool=conduit-v2 collector=conduit type=conduit collector=conduit type=conduit name=msg-megabytes-out-per-second[archv2-parity] series-count=1 last-value=1.0635714806958347
time=2026-08-02T15:38:24.955-07:00 level=DEBUG msg="Inspecting container" model=container-monitor name=benchi-conduit
time=2026-08-02T15:38:25.459-07:00 level=DEBUG msg="Inspecting container" model=container-monitor name=benchi-conduit
time=2026-08-02T15:38:25.899-07:00 level=DEBUG msg="promql query logged" test=archv2-parity tool=conduit-v2 collector=conduit type=conduit collector=conduit type=conduit params="map[end:2026-08-02T22:38:25.899Z query:rate(conduit_pipeline_execution_duration_seconds_count{pipeline_name=\"archv2-parity\"}[2s]) start:2026-08-02T22:37:47.898Z step:1]" stats="&{Timings:{EvalTotalTime:5.2125e-05 ResultSortTime:2.92e-07 QueryPreparationTime:1.4375e-05 InnerEvalTime:3.2e-05 ExecQueueTime:1.958e-06 ExecTotalTime:6.575e-05} Samples:0x140014989c0}" spanID=0000000000000000
time=2026-08-02T15:38:25.899-07:00 level=DEBUG msg="Query returned data" test=archv2-parity tool=conduit-v2 collector=conduit type=conduit collector=conduit type=conduit name=msg-rate-per-second[archv2-parity] series-count=1 last-value=38008.01603206412
time=2026-08-02T15:38:25.899-07:00 level=DEBUG msg="promql query logged" test=archv2-parity tool=conduit-v2 collector=conduit type=conduit collector=conduit type=conduit params="map[end:2026-08-02T22:38:25.899Z query:rate(conduit_connector_bytes_sum{pipeline_name=\"archv2-parity\",type=\"source\"}[2s])/1048576 start:2026-08-02T22:37:47.898Z step:1]" stats="&{Timings:{EvalTotalTime:5.4625e-05 ResultSortTime:1.25e-07 QueryPreparationTime:6.25e-06 InnerEvalTime:4.5125e-05 ExecQueueTime:1e-06 ExecTotalTime:5.7125e-05} Samples:0x14001499020}" spanID=0000000000000000
time=2026-08-02T15:38:25.899-07:00 level=DEBUG msg="Query returned data" test=archv2-parity tool=conduit-v2 collector=conduit type=conduit collector=conduit type=conduit name=msg-megabytes-in-per-second[archv2-parity] series-count=1 last-value=1.0755697567620592
time=2026-08-02T15:38:25.899-07:00 level=DEBUG msg="promql query logged" test=archv2-parity tool=conduit-v2 collector=conduit type=conduit collector=conduit type=conduit params="map[end:2026-08-02T22:38:25.899Z query:rate(conduit_connector_bytes_sum{pipeline_name=\"archv2-parity\",type=\"destination\"}[2s])/1048576 start:2026-08-02T22:37:47.898Z step:1]" stats="&{Timings:{EvalTotalTime:4.6417e-05 ResultSortTime:1.25e-07 QueryPreparationTime:4.375e-06 InnerEvalTime:3.8917e-05 ExecQueueTime:7.08e-07 ExecTotalTime:4.8375e-05} Samples:0x14001499680}" spanID=0000000000000000
time=2026-08-02T15:38:25.899-07:00 level=DEBUG msg="Query returned data" test=archv2-parity tool=conduit-v2 collector=conduit type=conduit collector=conduit type=conduit name=msg-megabytes-out-per-second[archv2-parity] series-count=1 last-value=1.0755334445135387
time=2026-08-02T15:38:25.966-07:00 level=DEBUG msg="Inspecting container" model=container-monitor name=benchi-conduit
time=2026-08-02T15:38:26.470-07:00 level=DEBUG msg="Inspecting container" model=container-monitor name=benchi-conduit
time=2026-08-02T15:38:26.899-07:00 level=DEBUG msg="promql query logged" test=archv2-parity tool=conduit-v2 collector=conduit type=conduit collector=conduit type=conduit params="map[end:2026-08-02T22:38:26.899Z query:rate(conduit_pipeline_execution_duration_seconds_count{pipeline_name=\"archv2-parity\"}[2s]) start:2026-08-02T22:37:47.898Z step:1]" stats="&{Timings:{EvalTotalTime:3.9375e-05 ResultSortTime:4.58e-07 QueryPreparationTime:1.0541e-05 InnerEvalTime:2.5041e-05 ExecQueueTime:2.542e-06 ExecTotalTime:4.3125e-05} Samples:0x14001379b90}" spanID=0000000000000000
time=2026-08-02T15:38:26.899-07:00 level=DEBUG msg="Query returned data" test=archv2-parity tool=conduit-v2 collector=conduit type=conduit collector=conduit type=conduit name=msg-rate-per-second[archv2-parity] series-count=1 last-value=39514
time=2026-08-02T15:38:26.899-07:00 level=DEBUG msg="promql query logged" test=archv2-parity tool=conduit-v2 collector=conduit type=conduit collector=conduit type=conduit params="map[end:2026-08-02T22:38:26.899Z query:rate(conduit_connector_bytes_sum{pipeline_name=\"archv2-parity\",type=\"source\"}[2s])/1048576 start:2026-08-02T22:37:47.898Z step:1]" stats="&{Timings:{EvalTotalTime:3.6875e-05 ResultSortTime:8.4e-08 QueryPreparationTime:4.375e-06 InnerEvalTime:3.0417e-05 ExecQueueTime:5.01e-07 ExecTotalTime:3.8292e-05} Samples:0x140015c8270}" spanID=0000000000000000
time=2026-08-02T15:38:26.899-07:00 level=DEBUG msg="Query returned data" test=archv2-parity tool=conduit-v2 collector=conduit type=conduit collector=conduit type=conduit name=msg-megabytes-in-per-second[archv2-parity] series-count=1 last-value=1.1156444549560547
time=2026-08-02T15:38:26.899-07:00 level=DEBUG msg="promql query logged" test=archv2-parity tool=conduit-v2 collector=conduit type=conduit collector=conduit type=conduit params="map[end:2026-08-02T22:38:26.899Z query:rate(conduit_connector_bytes_sum{pipeline_name=\"archv2-parity\",type=\"destination\"}[2s])/1048576 start:2026-08-02T22:37:47.898Z step:1]" stats="&{Timings:{EvalTotalTime:2.8166e-05 ResultSortTime:8.3e-08 QueryPreparationTime:2.834e-06 InnerEvalTime:2.35e-05 ExecQueueTime:5.84e-07 ExecTotalTime:2.9667e-05} Samples:0x140015c88d0}" spanID=0000000000000000
time=2026-08-02T15:38:26.899-07:00 level=DEBUG msg="Query returned data" test=archv2-parity tool=conduit-v2 collector=conduit type=conduit collector=conduit type=conduit name=msg-megabytes-out-per-second[archv2-parity] series-count=1 last-value=1.1156730651855469
time=2026-08-02T15:38:26.975-07:00 level=DEBUG msg="Inspecting container" model=container-monitor name=benchi-conduit
time=2026-08-02T15:38:27.477-07:00 level=DEBUG msg="Inspecting container" model=container-monitor name=benchi-conduit
time=2026-08-02T15:38:27.898-07:00 level=INFO msg="Test in progress" test=archv2-parity tool=conduit-v2 step=test time-left=20s
time=2026-08-02T15:38:27.899-07:00 level=DEBUG msg="promql query logged" test=archv2-parity tool=conduit-v2 collector=conduit type=conduit collector=conduit type=conduit params="map[end:2026-08-02T22:38:27.898Z query:rate(conduit_pipeline_execution_duration_seconds_count{pipeline_name=\"archv2-parity\"}[2s]) start:2026-08-02T22:37:47.898Z step:1]" stats="&{Timings:{EvalTotalTime:5.1542e-05 ResultSortTime:4.59e-07 QueryPreparationTime:1.4167e-05 InnerEvalTime:3.2667e-05 ExecQueueTime:2.042e-06 ExecTotalTime:5.6292e-05} Samples:0x140014f4420}" spanID=0000000000000000
time=2026-08-02T15:38:27.899-07:00 level=DEBUG msg="Query returned data" test=archv2-parity tool=conduit-v2 collector=conduit type=conduit collector=conduit type=conduit name=msg-rate-per-second[archv2-parity] series-count=1 last-value=43841.475573280164
time=2026-08-02T15:38:27.899-07:00 level=DEBUG msg="promql query logged" test=archv2-parity tool=conduit-v2 collector=conduit type=conduit collector=conduit type=conduit params="map[end:2026-08-02T22:38:27.899Z query:rate(conduit_connector_bytes_sum{pipeline_name=\"archv2-parity\",type=\"source\"}[2s])/1048576 start:2026-08-02T22:37:47.898Z step:1]" stats="&{Timings:{EvalTotalTime:5.7917e-05 ResultSortTime:2.5e-07 QueryPreparationTime:6.5e-06 InnerEvalTime:4.7375e-05 ExecQueueTime:6.67e-07 ExecTotalTime:6.2917e-05} Samples:0x140014f4a80}" spanID=0000000000000000
time=2026-08-02T15:38:27.899-07:00 level=DEBUG msg="Query returned data" test=archv2-parity tool=conduit-v2 collector=conduit type=conduit collector=conduit type=conduit name=msg-megabytes-in-per-second[archv2-parity] series-count=1 last-value=1.2387345105795895
time=2026-08-02T15:38:27.899-07:00 level=DEBUG msg="promql query logged" test=archv2-parity tool=conduit-v2 collector=conduit type=conduit collector=conduit type=conduit params="map[end:2026-08-02T22:38:27.899Z query:rate(conduit_connector_bytes_sum{pipeline_name=\"archv2-parity\",type=\"destination\"}[2s])/1048576 start:2026-08-02T22:37:47.898Z step:1]" stats="&{Timings:{EvalTotalTime:6.9875e-05 ResultSortTime:1.25e-07 QueryPreparationTime:3.875e-06 InnerEvalTime:6.2916e-05 ExecQueueTime:6.66e-07 ExecTotalTime:7.1875e-05} Samples:0x140014f50e0}" spanID=0000000000000000
time=2026-08-02T15:38:27.899-07:00 level=DEBUG msg="Query returned data" test=archv2-parity tool=conduit-v2 collector=conduit type=conduit collector=conduit type=conduit name=msg-megabytes-out-per-second[archv2-parity] series-count=1 last-value=1.2387326089358877
time=2026-08-02T15:38:27.983-07:00 level=DEBUG msg="Inspecting container" model=container-monitor name=benchi-conduit
time=2026-08-02T15:38:28.486-07:00 level=DEBUG msg="Inspecting container" model=container-monitor name=benchi-conduit
time=2026-08-02T15:38:28.898-07:00 level=DEBUG msg="promql query logged" test=archv2-parity tool=conduit-v2 collector=conduit type=conduit collector=conduit type=conduit params="map[end:2026-08-02T22:38:28.898Z query:rate(conduit_pipeline_execution_duration_seconds_count{pipeline_name=\"archv2-parity\"}[2s]) start:2026-08-02T22:37:47.898Z step:1]" stats="&{Timings:{EvalTotalTime:5.2917e-05 ResultSortTime:5.42e-07 QueryPreparationTime:1.4208e-05 InnerEvalTime:3.4084e-05 ExecQueueTime:3.126e-06 ExecTotalTime:5.8625e-05} Samples:0x14001713b60}" spanID=0000000000000000
time=2026-08-02T15:38:28.899-07:00 level=DEBUG msg="Query returned data" test=archv2-parity tool=conduit-v2 collector=conduit type=conduit collector=conduit type=conduit name=msg-rate-per-second[archv2-parity] series-count=1 last-value=35147.85214785215
time=2026-08-02T15:38:28.899-07:00 level=DEBUG msg="promql query logged" test=archv2-parity tool=conduit-v2 collector=conduit type=conduit collector=conduit type=conduit params="map[end:2026-08-02T22:38:28.899Z query:rate(conduit_connector_bytes_sum{pipeline_name=\"archv2-parity\",type=\"source\"}[2s])/1048576 start:2026-08-02T22:37:47.898Z step:1]" stats="&{Timings:{EvalTotalTime:7.3291e-05 ResultSortTime:2.09e-07 QueryPreparationTime:1.775e-05 InnerEvalTime:5.1875e-05 ExecQueueTime:1.208e-06 ExecTotalTime:7.625e-05} Samples:0x14001894240}" spanID=0000000000000000
time=2026-08-02T15:38:28.899-07:00 level=DEBUG msg="Query returned data" test=archv2-parity tool=conduit-v2 collector=conduit type=conduit collector=conduit type=conduit name=msg-megabytes-in-per-second[archv2-parity] series-count=1 last-value=0.9929750349138168
time=2026-08-02T15:38:28.899-07:00 level=DEBUG msg="promql query logged" test=archv2-parity tool=conduit-v2 collector=conduit type=conduit collector=conduit type=conduit params="map[end:2026-08-02T22:38:28.899Z query:rate(conduit_connector_bytes_sum{pipeline_name=\"archv2-parity\",type=\"destination\"}[2s])/1048576 start:2026-08-02T22:37:47.898Z step:1]" stats="&{Timings:{EvalTotalTime:4.6458e-05 ResultSortTime:1.67e-07 QueryPreparationTime:4.292e-06 InnerEvalTime:3.9375e-05 ExecQueueTime:7.08e-07 ExecTotalTime:4.8541e-05} Samples:0x140018948a0}" spanID=0000000000000000
time=2026-08-02T15:38:28.899-07:00 level=DEBUG msg="Query returned data" test=archv2-parity tool=conduit-v2 collector=conduit type=conduit collector=conduit type=conduit name=msg-megabytes-out-per-second[archv2-parity] series-count=1 last-value=0.9929483587091621
time=2026-08-02T15:38:28.991-07:00 level=DEBUG msg="Inspecting container" model=container-monitor name=benchi-conduit
time=2026-08-02T15:38:29.497-07:00 level=DEBUG msg="Inspecting container" model=container-monitor name=benchi-conduit
time=2026-08-02T15:38:29.938-07:00 level=DEBUG msg="promql query logged" test=archv2-parity tool=conduit-v2 collector=conduit type=conduit collector=conduit type=conduit params="map[end:2026-08-02T22:38:29.938Z query:rate(conduit_pipeline_execution_duration_seconds_count{pipeline_name=\"archv2-parity\"}[2s]) start:2026-08-02T22:37:47.898Z step:1]" stats="&{Timings:{EvalTotalTime:5.7667e-05 ResultSortTime:5.41e-07 QueryPreparationTime:1.5583e-05 InnerEvalTime:3.6833e-05 ExecQueueTime:2.667e-06 ExecTotalTime:6.3e-05} Samples:0x140018a0510}" spanID=0000000000000000
time=2026-08-02T15:38:29.938-07:00 level=DEBUG msg="Query returned data" test=archv2-parity tool=conduit-v2 collector=conduit type=conduit collector=conduit type=conduit name=msg-rate-per-second[archv2-parity] series-count=1 last-value=31215.705765407554
time=2026-08-02T15:38:29.938-07:00 level=DEBUG msg="promql query logged" test=archv2-parity tool=conduit-v2 collector=conduit type=conduit collector=conduit type=conduit params="map[end:2026-08-02T22:38:29.938Z query:rate(conduit_connector_bytes_sum{pipeline_name=\"archv2-parity\",type=\"source\"}[2s])/1048576 start:2026-08-02T22:37:47.898Z step:1]" stats="&{Timings:{EvalTotalTime:0.000116916 ResultSortTime:2.92e-07 QueryPreparationTime:7.708e-06 InnerEvalTime:0.00010375 ExecQueueTime:1e-06 ExecTotalTime:0.000119959} Samples:0x140018a0bd0}" spanID=0000000000000000
time=2026-08-02T15:38:29.938-07:00 level=DEBUG msg="Query returned data" test=archv2-parity tool=conduit-v2 collector=conduit type=conduit collector=conduit type=conduit name=msg-megabytes-in-per-second[archv2-parity] series-count=1 last-value=0.8823260161322106
time=2026-08-02T15:38:29.939-07:00 level=DEBUG msg="promql query logged" test=archv2-parity tool=conduit-v2 collector=conduit type=conduit collector=conduit type=conduit params="map[end:2026-08-02T22:38:29.938Z query:rate(conduit_connector_bytes_sum{pipeline_name=\"archv2-parity\",type=\"destination\"}[2s])/1048576 start:2026-08-02T22:37:47.898Z step:1]" stats="&{Timings:{EvalTotalTime:5.9375e-05 ResultSortTime:2.09e-07 QueryPreparationTime:1.0459e-05 InnerEvalTime:4.5375e-05 ExecQueueTime:1.209e-06 ExecTotalTime:6.1875e-05} Samples:0x140018a1230}" spanID=0000000000000000
time=2026-08-02T15:38:29.939-07:00 level=DEBUG msg="Query returned data" test=archv2-parity tool=conduit-v2 collector=conduit type=conduit collector=conduit type=conduit name=msg-megabytes-out-per-second[archv2-parity] series-count=1 last-value=0.8823459238465691
time=2026-08-02T15:38:30.011-07:00 level=DEBUG msg="Inspecting container" model=container-monitor name=benchi-conduit
time=2026-08-02T15:38:30.517-07:00 level=DEBUG msg="Inspecting container" model=container-monitor name=benchi-conduit
time=2026-08-02T15:38:30.909-07:00 level=DEBUG msg="promql query logged" test=archv2-parity tool=conduit-v2 collector=conduit type=conduit collector=conduit type=conduit params="map[end:2026-08-02T22:38:30.909Z query:rate(conduit_pipeline_execution_duration_seconds_count{pipeline_name=\"archv2-parity\"}[2s]) start:2026-08-02T22:37:47.898Z step:1]" stats="&{Timings:{EvalTotalTime:3.575e-05 ResultSortTime:3.33e-07 QueryPreparationTime:9.292e-06 InnerEvalTime:2.3583e-05 ExecQueueTime:1.375e-06 ExecTotalTime:3.8875e-05} Samples:0x14000fa8e40}" spanID=0000000000000000
time=2026-08-02T15:38:30.909-07:00 level=DEBUG msg="Query returned data" test=archv2-parity tool=conduit-v2 collector=conduit type=conduit collector=conduit type=conduit name=msg-rate-per-second[archv2-parity] series-count=1 last-value=38185.48387096774
time=2026-08-02T15:38:30.909-07:00 level=DEBUG msg="promql query logged" test=archv2-parity tool=conduit-v2 collector=conduit type=conduit collector=conduit type=conduit params="map[end:2026-08-02T22:38:30.909Z query:rate(conduit_connector_bytes_sum{pipeline_name=\"archv2-parity\",type=\"source\"}[2s])/1048576 start:2026-08-02T22:37:47.898Z step:1]" stats="&{Timings:{EvalTotalTime:3.55e-05 ResultSortTime:1.25e-07 QueryPreparationTime:4.084e-06 InnerEvalTime:2.9458e-05 ExecQueueTime:4.58e-07 ExecTotalTime:3.6917e-05} Samples:0x14000fa9a70}" spanID=0000000000000000
time=2026-08-02T15:38:30.909-07:00 level=DEBUG msg="Query returned data" test=archv2-parity tool=conduit-v2 collector=conduit type=conduit collector=conduit type=conduit name=msg-megabytes-in-per-second[archv2-parity] series-count=1 last-value=1.0786056518554688
time=2026-08-02T15:38:30.909-07:00 level=DEBUG msg="promql query logged" test=archv2-parity tool=conduit-v2 collector=conduit type=conduit collector=conduit type=conduit params="map[end:2026-08-02T22:38:30.909Z query:rate(conduit_connector_bytes_sum{pipeline_name=\"archv2-parity\",type=\"destination\"}[2s])/1048576 start:2026-08-02T22:37:47.898Z step:1]" stats="&{Timings:{EvalTotalTime:2.7542e-05 ResultSortTime:4.2e-08 QueryPreparationTime:2.75e-06 InnerEvalTime:2.3083e-05 ExecQueueTime:4.17e-07 ExecTotalTime:2.8709e-05} Samples:0x14000fb4d50}" spanID=0000000000000000
time=2026-08-02T15:38:30.909-07:00 level=DEBUG msg="Query returned data" test=archv2-parity tool=conduit-v2 collector=conduit type=conduit collector=conduit type=conduit name=msg-megabytes-out-per-second[archv2-parity] series-count=1 last-value=1.0786162268730901
time=2026-08-02T15:38:31.021-07:00 level=DEBUG msg="Inspecting container" model=container-monitor name=benchi-conduit
time=2026-08-02T15:38:31.529-07:00 level=DEBUG msg="Inspecting container" model=container-monitor name=benchi-conduit
time=2026-08-02T15:38:31.901-07:00 level=DEBUG msg="promql query logged" test=archv2-parity tool=conduit-v2 collector=conduit type=conduit collector=conduit type=conduit params="map[end:2026-08-02T22:38:31.901Z query:rate(conduit_pipeline_execution_duration_seconds_count{pipeline_name=\"archv2-parity\"}[2s]) start:2026-08-02T22:37:47.898Z step:1]" stats="&{Timings:{EvalTotalTime:6.1416e-05 ResultSortTime:4.58e-07 QueryPreparationTime:1.5833e-05 InnerEvalTime:3.775e-05 ExecQueueTime:2.458e-06 ExecTotalTime:0.000113833} Samples:0x140013ef0b0}" spanID=0000000000000000
time=2026-08-02T15:38:31.901-07:00 level=DEBUG msg="Query returned data" test=archv2-parity tool=conduit-v2 collector=conduit type=conduit collector=conduit type=conduit name=msg-rate-per-second[archv2-parity] series-count=1 last-value=30533.333333333336
time=2026-08-02T15:38:31.901-07:00 level=DEBUG msg="promql query logged" test=archv2-parity tool=conduit-v2 collector=conduit type=conduit collector=conduit type=conduit params="map[end:2026-08-02T22:38:31.901Z query:rate(conduit_connector_bytes_sum{pipeline_name=\"archv2-parity\",type=\"source\"}[2s])/1048576 start:2026-08-02T22:37:47.898Z step:1]" stats="&{Timings:{EvalTotalTime:6.975e-05 ResultSortTime:2.92e-07 QueryPreparationTime:9.75e-06 InnerEvalTime:5.5667e-05 ExecQueueTime:1.458e-06 ExecTotalTime:7.325e-05} Samples:0x140013ef740}" spanID=0000000000000000
time=2026-08-02T15:38:31.901-07:00 level=DEBUG msg="Query returned data" test=archv2-parity tool=conduit-v2 collector=conduit type=conduit collector=conduit type=conduit name=msg-megabytes-in-per-second[archv2-parity] series-count=1 last-value=0.8641845551296253
time=2026-08-02T15:38:31.906-07:00 level=DEBUG msg="promql query logged" test=archv2-parity tool=conduit-v2 collector=conduit type=conduit collector=conduit type=conduit params="map[end:2026-08-02T22:38:31.901Z query:rate(conduit_connector_bytes_sum{pipeline_name=\"archv2-parity\",type=\"destination\"}[2s])/1048576 start:2026-08-02T22:37:47.898Z step:1]" stats="&{Timings:{EvalTotalTime:0.005029333 ResultSortTime:5e-07 QueryPreparationTime:5.834e-06 InnerEvalTime:0.005016375 ExecQueueTime:1e-06 ExecTotalTime:0.005069583} Samples:0x140013efda0}" spanID=0000000000000000
time=2026-08-02T15:38:31.907-07:00 level=DEBUG msg="Query returned data" test=archv2-parity tool=conduit-v2 collector=conduit type=conduit collector=conduit type=conduit name=msg-megabytes-out-per-second[archv2-parity] series-count=1 last-value=0.8641304661385456
time=2026-08-02T15:38:32.039-07:00 level=DEBUG msg="Inspecting container" model=container-monitor name=benchi-conduit
time=2026-08-02T15:38:32.898-07:00 level=INFO msg="Test in progress" test=archv2-parity tool=conduit-v2 step=test time-left=15s
time=2026-08-02T15:38:32.899-07:00 level=DEBUG msg="promql query logged" test=archv2-parity tool=conduit-v2 collector=conduit type=conduit collector=conduit type=conduit params="map[end:2026-08-02T22:38:32.899Z query:rate(conduit_pipeline_execution_duration_seconds_count{pipeline_name=\"archv2-parity\"}[2s]) start:2026-08-02T22:37:47.898Z step:1]" stats="&{Timings:{EvalTotalTime:5.5125e-05 ResultSortTime:5.83e-07 QueryPreparationTime:1.4e-05 InnerEvalTime:3.5875e-05 ExecQueueTime:2.543e-06 ExecTotalTime:6.0208e-05} Samples:0x140016e7ec0}" spanID=0000000000000000
time=2026-08-02T15:38:32.900-07:00 level=DEBUG msg="Query returned data" test=archv2-parity tool=conduit-v2 collector=conduit type=conduit collector=conduit type=conduit name=msg-rate-per-second[archv2-parity] series-count=1 last-value=17274.924471299095
time=2026-08-02T15:38:32.900-07:00 level=DEBUG msg="promql query logged" test=archv2-parity tool=conduit-v2 collector=conduit type=conduit collector=conduit type=conduit params="map[end:2026-08-02T22:38:32.900Z query:rate(conduit_connector_bytes_sum{pipeline_name=\"archv2-parity\",type=\"source\"}[2s])/1048576 start:2026-08-02T22:37:47.898Z step:1]" stats="&{Timings:{EvalTotalTime:0.00012275 ResultSortTime:2.92e-07 QueryPreparationTime:4.8625e-05 InnerEvalTime:6.6833e-05 ExecQueueTime:3.375e-06 ExecTotalTime:0.000127959} Samples:0x140014f65a0}" spanID=0000000000000000
time=2026-08-02T15:38:32.900-07:00 level=DEBUG msg="Query returned data" test=archv2-parity tool=conduit-v2 collector=conduit type=conduit collector=conduit type=conduit name=msg-megabytes-in-per-second[archv2-parity] series-count=1 last-value=0.4881496755978372
time=2026-08-02T15:38:32.900-07:00 level=DEBUG msg="promql query logged" test=archv2-parity tool=conduit-v2 collector=conduit type=conduit collector=conduit type=conduit params="map[end:2026-08-02T22:38:32.900Z query:rate(conduit_connector_bytes_sum{pipeline_name=\"archv2-parity\",type=\"destination\"}[2s])/1048576 start:2026-08-02T22:37:47.898Z step:1]" stats="&{Timings:{EvalTotalTime:5.9667e-05 ResultSortTime:2.5e-07 QueryPreparationTime:7.75e-06 InnerEvalTime:4.8083e-05 ExecQueueTime:1.543e-06 ExecTotalTime:6.3583e-05} Samples:0x140014f6c00}" spanID=0000000000000000
time=2026-08-02T15:38:32.900-07:00 level=DEBUG msg="Query returned data" test=archv2-parity tool=conduit-v2 collector=conduit type=conduit collector=conduit type=conduit name=msg-megabytes-out-per-second[archv2-parity] series-count=1 last-value=0.4881496755978372
time=2026-08-02T15:38:33.006-07:00 level=DEBUG msg="Inspecting container" model=container-monitor name=benchi-conduit
time=2026-08-02T15:38:33.522-07:00 level=DEBUG msg="Inspecting container" model=container-monitor name=benchi-conduit
time=2026-08-02T15:38:33.900-07:00 level=DEBUG msg="promql query logged" test=archv2-parity tool=conduit-v2 collector=conduit type=conduit collector=conduit type=conduit params="map[end:2026-08-02T22:38:33.900Z query:rate(conduit_pipeline_execution_duration_seconds_count{pipeline_name=\"archv2-parity\"}[2s]) start:2026-08-02T22:37:47.898Z step:1]" stats="&{Timings:{EvalTotalTime:0.000143708 ResultSortTime:1.042e-06 QueryPreparationTime:2.9833e-05 InnerEvalTime:6.5333e-05 ExecQueueTime:5.209e-06 ExecTotalTime:0.000154084} Samples:0x14000ff8030}" spanID=0000000000000000
time=2026-08-02T15:38:33.900-07:00 level=DEBUG msg="Query returned data" test=archv2-parity tool=conduit-v2 collector=conduit type=conduit collector=conduit type=conduit name=msg-rate-per-second[archv2-parity] series-count=1 last-value=21265
time=2026-08-02T15:38:33.900-07:00 level=DEBUG msg="promql query logged" test=archv2-parity tool=conduit-v2 collector=conduit type=conduit collector=conduit type=conduit params="map[end:2026-08-02T22:38:33.900Z query:rate(conduit_connector_bytes_sum{pipeline_name=\"archv2-parity\",type=\"source\"}[2s])/1048576 start:2026-08-02T22:37:47.898Z step:1]" stats="&{Timings:{EvalTotalTime:8.5958e-05 ResultSortTime:2.5e-07 QueryPreparationTime:1.4791e-05 InnerEvalTime:6.65e-05 ExecQueueTime:2.208e-06 ExecTotalTime:9.0208e-05} Samples:0x14000ff8690}" spanID=0000000000000000
time=2026-08-02T15:38:33.901-07:00 level=DEBUG msg="Query returned data" test=archv2-parity tool=conduit-v2 collector=conduit type=conduit collector=conduit type=conduit name=msg-megabytes-in-per-second[archv2-parity] series-count=1 last-value=0.6008100509643555
time=2026-08-02T15:38:33.901-07:00 level=DEBUG msg="promql query logged" test=archv2-parity tool=conduit-v2 collector=conduit type=conduit collector=conduit type=conduit params="map[end:2026-08-02T22:38:33.901Z query:rate(conduit_connector_bytes_sum{pipeline_name=\"archv2-parity\",type=\"destination\"}[2s])/1048576 start:2026-08-02T22:37:47.898Z step:1]" stats="&{Timings:{EvalTotalTime:7.0333e-05 ResultSortTime:2.5e-07 QueryPreparationTime:1.1042e-05 InnerEvalTime:5.5208e-05 ExecQueueTime:1.125e-06 ExecTotalTime:7.3083e-05} Samples:0x14000ff8cf0}" spanID=0000000000000000
time=2026-08-02T15:38:33.901-07:00 level=DEBUG msg="Query returned data" test=archv2-parity tool=conduit-v2 collector=conduit type=conduit collector=conduit type=conduit name=msg-megabytes-out-per-second[archv2-parity] series-count=1 last-value=0.600865364074707
time=2026-08-02T15:38:34.036-07:00 level=DEBUG msg="Inspecting container" model=container-monitor name=benchi-conduit
time=2026-08-02T15:38:34.545-07:00 level=DEBUG msg="Inspecting container" model=container-monitor name=benchi-conduit
time=2026-08-02T15:38:34.899-07:00 level=DEBUG msg="promql query logged" test=archv2-parity tool=conduit-v2 collector=conduit type=conduit collector=conduit type=conduit params="map[end:2026-08-02T22:38:34.899Z query:rate(conduit_pipeline_execution_duration_seconds_count{pipeline_name=\"archv2-parity\"}[2s]) start:2026-08-02T22:37:47.898Z step:1]" stats="&{Timings:{EvalTotalTime:8.0917e-05 ResultSortTime:1.125e-06 QueryPreparationTime:2.4416e-05 InnerEvalTime:4.9083e-05 ExecQueueTime:3.666e-06 ExecTotalTime:8.7833e-05} Samples:0x1400125cd20}" spanID=0000000000000000
time=2026-08-02T15:38:34.899-07:00 level=DEBUG msg="Query returned data" test=archv2-parity tool=conduit-v2 collector=conduit type=conduit collector=conduit type=conduit name=msg-rate-per-second[archv2-parity] series-count=1 last-value=19038
time=2026-08-02T15:38:34.899-07:00 level=DEBUG msg="promql query logged" test=archv2-parity tool=conduit-v2 collector=conduit type=conduit collector=conduit type=conduit params="map[end:2026-08-02T22:38:34.899Z query:rate(conduit_connector_bytes_sum{pipeline_name=\"archv2-parity\",type=\"source\"}[2s])/1048576 start:2026-08-02T22:37:47.898Z step:1]" stats="&{Timings:{EvalTotalTime:8.65e-05 ResultSortTime:3.33e-07 QueryPreparationTime:1.1375e-05 InnerEvalTime:7.0208e-05 ExecQueueTime:1.458e-06 ExecTotalTime:9.1042e-05} Samples:0x1400125d380}" spanID=0000000000000000
time=2026-08-02T15:38:34.899-07:00 level=DEBUG msg="Query returned data" test=archv2-parity tool=conduit-v2 collector=conduit type=conduit collector=conduit type=conduit name=msg-megabytes-in-per-second[archv2-parity] series-count=1 last-value=0.5379533767700195
time=2026-08-02T15:38:34.899-07:00 level=DEBUG msg="promql query logged" test=archv2-parity tool=conduit-v2 collector=conduit type=conduit collector=conduit type=conduit params="map[end:2026-08-02T22:38:34.899Z query:rate(conduit_connector_bytes_sum{pipeline_name=\"archv2-parity\",type=\"destination\"}[2s])/1048576 start:2026-08-02T22:37:47.898Z step:1]" stats="&{Timings:{EvalTotalTime:5.85e-05 ResultSortTime:1.25e-07 QueryPreparationTime:7e-06 InnerEvalTime:4.8291e-05 ExecQueueTime:1.125e-06 ExecTotalTime:6.125e-05} Samples:0x1400125d9e0}" spanID=0000000000000000
time=2026-08-02T15:38:34.899-07:00 level=DEBUG msg="Query returned data" test=archv2-parity tool=conduit-v2 collector=conduit type=conduit collector=conduit type=conduit name=msg-megabytes-out-per-second[archv2-parity] series-count=1 last-value=0.5380048751831055
time=2026-08-02T15:38:35.055-07:00 level=DEBUG msg="Inspecting container" model=container-monitor name=benchi-conduit
time=2026-08-02T15:38:35.564-07:00 level=DEBUG msg="Inspecting container" model=container-monitor name=benchi-conduit
time=2026-08-02T15:38:35.899-07:00 level=DEBUG msg="promql query logged" test=archv2-parity tool=conduit-v2 collector=conduit type=conduit collector=conduit type=conduit params="map[end:2026-08-02T22:38:35.898Z query:rate(conduit_pipeline_execution_duration_seconds_count{pipeline_name=\"archv2-parity\"}[2s]) start:2026-08-02T22:37:47.898Z step:1]" stats="&{Timings:{EvalTotalTime:5.4125e-05 ResultSortTime:3.75e-07 QueryPreparationTime:1.4875e-05 InnerEvalTime:3.4667e-05 ExecQueueTime:2.625e-06 ExecTotalTime:5.9042e-05} Samples:0x14001379b30}" spanID=0000000000000000
time=2026-08-02T15:38:35.899-07:00 level=DEBUG msg="Query returned data" test=archv2-parity tool=conduit-v2 collector=conduit type=conduit collector=conduit type=conduit name=msg-rate-per-second[archv2-parity] series-count=1 last-value=19468.127490039842
time=2026-08-02T15:38:35.899-07:00 level=DEBUG msg="promql query logged" test=archv2-parity tool=conduit-v2 collector=conduit type=conduit collector=conduit type=conduit params="map[end:2026-08-02T22:38:35.899Z query:rate(conduit_connector_bytes_sum{pipeline_name=\"archv2-parity\",type=\"source\"}[2s])/1048576 start:2026-08-02T22:37:47.898Z step:1]" stats="&{Timings:{EvalTotalTime:6.8166e-05 ResultSortTime:2.08e-07 QueryPreparationTime:1.0334e-05 InnerEvalTime:5.4459e-05 ExecQueueTime:1.209e-06 ExecTotalTime:7.1083e-05} Samples:0x14001894210}" spanID=0000000000000000
time=2026-08-02T15:38:35.899-07:00 level=DEBUG msg="Query returned data" test=archv2-parity tool=conduit-v2 collector=conduit type=conduit collector=conduit type=conduit name=msg-megabytes-in-per-second[archv2-parity] series-count=1 last-value=0.5500924539756015
time=2026-08-02T15:38:35.899-07:00 level=DEBUG msg="promql query logged" test=archv2-parity tool=conduit-v2 collector=conduit type=conduit collector=conduit type=conduit params="map[end:2026-08-02T22:38:35.899Z query:rate(conduit_connector_bytes_sum{pipeline_name=\"archv2-parity\",type=\"destination\"}[2s])/1048576 start:2026-08-02T22:37:47.898Z step:1]" stats="&{Timings:{EvalTotalTime:5.1084e-05 ResultSortTime:1.67e-07 QueryPreparationTime:4.958e-06 InnerEvalTime:4.3125e-05 ExecQueueTime:6.66e-07 ExecTotalTime:5.3209e-05} Samples:0x140018949c0}" spanID=0000000000000000
time=2026-08-02T15:38:35.899-07:00 level=DEBUG msg="Query returned data" test=archv2-parity tool=conduit-v2 collector=conduit type=conduit collector=conduit type=conduit name=msg-megabytes-out-per-second[archv2-parity] series-count=1 last-value=0.5500373612362075
time=2026-08-02T15:38:36.077-07:00 level=DEBUG msg="Inspecting container" model=container-monitor name=benchi-conduit
time=2026-08-02T15:38:36.583-07:00 level=DEBUG msg="Inspecting container" model=container-monitor name=benchi-conduit
time=2026-08-02T15:38:36.899-07:00 level=DEBUG msg="promql query logged" test=archv2-parity tool=conduit-v2 collector=conduit type=conduit collector=conduit type=conduit params="map[end:2026-08-02T22:38:36.899Z query:rate(conduit_pipeline_execution_duration_seconds_count{pipeline_name=\"archv2-parity\"}[2s]) start:2026-08-02T22:37:47.898Z step:1]" stats="&{Timings:{EvalTotalTime:5.7708e-05 ResultSortTime:4.17e-07 QueryPreparationTime:1.6e-05 InnerEvalTime:3.6167e-05 ExecQueueTime:2.458e-06 ExecTotalTime:6.325e-05} Samples:0x14001138840}" spanID=0000000000000000
time=2026-08-02T15:38:36.899-07:00 level=DEBUG msg="Query returned data" test=archv2-parity tool=conduit-v2 collector=conduit type=conduit collector=conduit type=conduit name=msg-rate-per-second[archv2-parity] series-count=1 last-value=20946
time=2026-08-02T15:38:36.899-07:00 level=DEBUG msg="promql query logged" test=archv2-parity tool=conduit-v2 collector=conduit type=conduit collector=conduit type=conduit params="map[end:2026-08-02T22:38:36.899Z query:rate(conduit_connector_bytes_sum{pipeline_name=\"archv2-parity\",type=\"source\"}[2s])/1048576 start:2026-08-02T22:37:47.898Z step:1]" stats="&{Timings:{EvalTotalTime:7.2542e-05 ResultSortTime:2.5e-07 QueryPreparationTime:1.0875e-05 InnerEvalTime:5.7375e-05 ExecQueueTime:1.125e-06 ExecTotalTime:7.6e-05} Samples:0x14001138ea0}" spanID=0000000000000000
time=2026-08-02T15:38:36.899-07:00 level=DEBUG msg="Query returned data" test=archv2-parity tool=conduit-v2 collector=conduit type=conduit collector=conduit type=conduit name=msg-megabytes-in-per-second[archv2-parity] series-count=1 last-value=0.5918245315551758
time=2026-08-02T15:38:36.899-07:00 level=DEBUG msg="promql query logged" test=archv2-parity tool=conduit-v2 collector=conduit type=conduit collector=conduit type=conduit params="map[end:2026-08-02T22:38:36.899Z query:rate(conduit_connector_bytes_sum{pipeline_name=\"archv2-parity\",type=\"destination\"}[2s])/1048576 start:2026-08-02T22:37:47.898Z step:1]" stats="&{Timings:{EvalTotalTime:6.0417e-05 ResultSortTime:1.67e-07 QueryPreparationTime:6.125e-06 InnerEvalTime:5.0666e-05 ExecQueueTime:7.92e-07 ExecTotalTime:6.4125e-05} Samples:0x14001139500}" spanID=0000000000000000
time=2026-08-02T15:38:36.899-07:00 level=DEBUG msg="Query returned data" test=archv2-parity tool=conduit-v2 collector=conduit type=conduit collector=conduit type=conduit name=msg-megabytes-out-per-second[archv2-parity] series-count=1 last-value=0.5918235778808594
time=2026-08-02T15:38:37.089-07:00 level=DEBUG msg="Inspecting container" model=container-monitor name=benchi-conduit
time=2026-08-02T15:38:37.596-07:00 level=DEBUG msg="Inspecting container" model=container-monitor name=benchi-conduit
time=2026-08-02T15:38:37.899-07:00 level=INFO msg="Test in progress" test=archv2-parity tool=conduit-v2 step=test time-left=10s
time=2026-08-02T15:38:37.900-07:00 level=DEBUG msg="promql query logged" test=archv2-parity tool=conduit-v2 collector=conduit type=conduit collector=conduit type=conduit params="map[end:2026-08-02T22:38:37.900Z query:rate(conduit_pipeline_execution_duration_seconds_count{pipeline_name=\"archv2-parity\"}[2s]) start:2026-08-02T22:37:47.898Z step:1]" stats="&{Timings:{EvalTotalTime:8.0375e-05 ResultSortTime:5.84e-07 QueryPreparationTime:2.2458e-05 InnerEvalTime:5.0375e-05 ExecQueueTime:3.042e-06 ExecTotalTime:8.675e-05} Samples:0x14001069b30}" spanID=0000000000000000
time=2026-08-02T15:38:37.900-07:00 level=DEBUG msg="Query returned data" test=archv2-parity tool=conduit-v2 collector=conduit type=conduit collector=conduit type=conduit name=msg-rate-per-second[archv2-parity] series-count=1 last-value=19257.0281124498
time=2026-08-02T15:38:37.900-07:00 level=DEBUG msg="promql query logged" test=archv2-parity tool=conduit-v2 collector=conduit type=conduit collector=conduit type=conduit params="map[end:2026-08-02T22:38:37.900Z query:rate(conduit_connector_bytes_sum{pipeline_name=\"archv2-parity\",type=\"source\"}[2s])/1048576 start:2026-08-02T22:37:47.898Z step:1]" stats="&{Timings:{EvalTotalTime:8.1041e-05 ResultSortTime:2.5e-07 QueryPreparationTime:1.0333e-05 InnerEvalTime:6.6625e-05 ExecQueueTime:1.209e-06 ExecTotalTime:8.4042e-05} Samples:0x14001284210}" spanID=0000000000000000
time=2026-08-02T15:38:37.900-07:00 level=DEBUG msg="Query returned data" test=archv2-parity tool=conduit-v2 collector=conduit type=conduit collector=conduit type=conduit name=msg-megabytes-in-per-second[archv2-parity] series-count=1 last-value=0.5437877762269783
time=2026-08-02T15:38:37.900-07:00 level=DEBUG msg="promql query logged" test=archv2-parity tool=conduit-v2 collector=conduit type=conduit collector=conduit type=conduit params="map[end:2026-08-02T22:38:37.900Z query:rate(conduit_connector_bytes_sum{pipeline_name=\"archv2-parity\",type=\"destination\"}[2s])/1048576 start:2026-08-02T22:37:47.898Z step:1]" stats="&{Timings:{EvalTotalTime:5.7375e-05 ResultSortTime:8.3e-08 QueryPreparationTime:5.292e-06 InnerEvalTime:4.8084e-05 ExecQueueTime:7.5e-07 ExecTotalTime:5.9625e-05} Samples:0x14001284870}" spanID=0000000000000000
time=2026-08-02T15:38:37.900-07:00 level=DEBUG msg="Query returned data" test=archv2-parity tool=conduit-v2 collector=conduit type=conduit collector=conduit type=conduit name=msg-megabytes-out-per-second[archv2-parity] series-count=1 last-value=0.5437609661056335
time=2026-08-02T15:38:38.108-07:00 level=DEBUG msg="Inspecting container" model=container-monitor name=benchi-conduit
time=2026-08-02T15:38:38.612-07:00 level=DEBUG msg="Inspecting container" model=container-monitor name=benchi-conduit
time=2026-08-02T15:38:38.901-07:00 level=DEBUG msg="promql query logged" test=archv2-parity tool=conduit-v2 collector=conduit type=conduit collector=conduit type=conduit params="map[end:2026-08-02T22:38:38.901Z query:rate(conduit_pipeline_execution_duration_seconds_count{pipeline_name=\"archv2-parity\"}[2s]) start:2026-08-02T22:37:47.898Z step:1]" stats="&{Timings:{EvalTotalTime:3.5458e-05 ResultSortTime:3.75e-07 QueryPreparationTime:9.667e-06 InnerEvalTime:2.3167e-05 ExecQueueTime:1.667e-06 ExecTotalTime:3.8875e-05} Samples:0x14001285d40}" spanID=0000000000000000
time=2026-08-02T15:38:38.901-07:00 level=DEBUG msg="Query returned data" test=archv2-parity tool=conduit-v2 collector=conduit type=conduit collector=conduit type=conduit name=msg-rate-per-second[archv2-parity] series-count=1 last-value=21632
time=2026-08-02T15:38:38.901-07:00 level=DEBUG msg="promql query logged" test=archv2-parity tool=conduit-v2 collector=conduit type=conduit collector=conduit type=conduit params="map[end:2026-08-02T22:38:38.901Z query:rate(conduit_connector_bytes_sum{pipeline_name=\"archv2-parity\",type=\"source\"}[2s])/1048576 start:2026-08-02T22:37:47.898Z step:1]" stats="&{Timings:{EvalTotalTime:6.2083e-05 ResultSortTime:8.3e-08 QueryPreparationTime:4.417e-06 InnerEvalTime:5.5334e-05 ExecQueueTime:3.708e-06 ExecTotalTime:6.6875e-05} Samples:0x140012bc420}" spanID=0000000000000000
time=2026-08-02T15:38:38.901-07:00 level=DEBUG msg="Query returned data" test=archv2-parity tool=conduit-v2 collector=conduit type=conduit collector=conduit type=conduit name=msg-megabytes-in-per-second[archv2-parity] series-count=1 last-value=0.6101827621459961
time=2026-08-02T15:38:38.901-07:00 level=DEBUG msg="promql query logged" test=archv2-parity tool=conduit-v2 collector=conduit type=conduit collector=conduit type=conduit params="map[end:2026-08-02T22:38:38.901Z query:rate(conduit_connector_bytes_sum{pipeline_name=\"archv2-parity\",type=\"destination\"}[2s])/1048576 start:2026-08-02T22:37:47.898Z step:1]" stats="&{Timings:{EvalTotalTime:3.2e-05 ResultSortTime:1.25e-07 QueryPreparationTime:2.667e-06 InnerEvalTime:2.7583e-05 ExecQueueTime:4.17e-07 ExecTotalTime:3.325e-05} Samples:0x140012bca80}" spanID=0000000000000000
time=2026-08-02T15:38:38.901-07:00 level=DEBUG msg="Query returned data" test=archv2-parity tool=conduit-v2 collector=conduit type=conduit collector=conduit type=conduit name=msg-megabytes-out-per-second[archv2-parity] series-count=1 last-value=0.6101827621459961
time=2026-08-02T15:38:39.120-07:00 level=DEBUG msg="Inspecting container" model=container-monitor name=benchi-conduit
time=2026-08-02T15:38:39.625-07:00 level=DEBUG msg="Inspecting container" model=container-monitor name=benchi-conduit
time=2026-08-02T15:38:39.899-07:00 level=DEBUG msg="promql query logged" test=archv2-parity tool=conduit-v2 collector=conduit type=conduit collector=conduit type=conduit params="map[end:2026-08-02T22:38:39.898Z query:rate(conduit_pipeline_execution_duration_seconds_count{pipeline_name=\"archv2-parity\"}[2s]) start:2026-08-02T22:37:47.898Z step:1]" stats="&{Timings:{EvalTotalTime:7.125e-05 ResultSortTime:4.59e-07 QueryPreparationTime:1.95e-05 InnerEvalTime:4.5709e-05 ExecQueueTime:3.209e-06 ExecTotalTime:7.775e-05} Samples:0x1400137ecc0}" spanID=0000000000000000
time=2026-08-02T15:38:39.899-07:00 level=DEBUG msg="Query returned data" test=archv2-parity tool=conduit-v2 collector=conduit type=conduit collector=conduit type=conduit name=msg-rate-per-second[archv2-parity] series-count=1 last-value=20432
time=2026-08-02T15:38:39.899-07:00 level=DEBUG msg="promql query logged" test=archv2-parity tool=conduit-v2 collector=conduit type=conduit collector=conduit type=conduit params="map[end:2026-08-02T22:38:39.899Z query:rate(conduit_connector_bytes_sum{pipeline_name=\"archv2-parity\",type=\"source\"}[2s])/1048576 start:2026-08-02T22:37:47.898Z step:1]" stats="&{Timings:{EvalTotalTime:7.7292e-05 ResultSortTime:3.33e-07 QueryPreparationTime:7.958e-06 InnerEvalTime:6.4833e-05 ExecQueueTime:1.084e-06 ExecTotalTime:8.0292e-05} Samples:0x1400137f350}" spanID=0000000000000000
time=2026-08-02T15:38:39.899-07:00 level=DEBUG msg="Query returned data" test=archv2-parity tool=conduit-v2 collector=conduit type=conduit collector=conduit type=conduit name=msg-megabytes-in-per-second[archv2-parity] series-count=1 last-value=0.5766239166259766
time=2026-08-02T15:38:39.899-07:00 level=DEBUG msg="promql query logged" test=archv2-parity tool=conduit-v2 collector=conduit type=conduit collector=conduit type=conduit params="map[end:2026-08-02T22:38:39.899Z query:rate(conduit_connector_bytes_sum{pipeline_name=\"archv2-parity\",type=\"destination\"}[2s])/1048576 start:2026-08-02T22:37:47.898Z step:1]" stats="&{Timings:{EvalTotalTime:5.9375e-05 ResultSortTime:2.5e-07 QueryPreparationTime:6.333e-06 InnerEvalTime:4.9041e-05 ExecQueueTime:8.33e-07 ExecTotalTime:6.2e-05} Samples:0x1400137f9b0}" spanID=0000000000000000
time=2026-08-02T15:38:39.899-07:00 level=DEBUG msg="Query returned data" test=archv2-parity tool=conduit-v2 collector=conduit type=conduit collector=conduit type=conduit name=msg-megabytes-out-per-second[archv2-parity] series-count=1 last-value=0.5766525268554688
time=2026-08-02T15:38:40.138-07:00 level=DEBUG msg="Inspecting container" model=container-monitor name=benchi-conduit
time=2026-08-02T15:38:40.647-07:00 level=DEBUG msg="Inspecting container" model=container-monitor name=benchi-conduit
time=2026-08-02T15:38:40.899-07:00 level=DEBUG msg="promql query logged" test=archv2-parity tool=conduit-v2 collector=conduit type=conduit collector=conduit type=conduit params="map[end:2026-08-02T22:38:40.898Z query:rate(conduit_pipeline_execution_duration_seconds_count{pipeline_name=\"archv2-parity\"}[2s]) start:2026-08-02T22:37:47.898Z step:1]" stats="&{Timings:{EvalTotalTime:5.8417e-05 ResultSortTime:4.17e-07 QueryPreparationTime:1.5958e-05 InnerEvalTime:3.7125e-05 ExecQueueTime:2.958e-06 ExecTotalTime:6.4125e-05} Samples:0x1400144bf50}" spanID=0000000000000000
time=2026-08-02T15:38:40.899-07:00 level=DEBUG msg="Query returned data" test=archv2-parity tool=conduit-v2 collector=conduit type=conduit collector=conduit type=conduit name=msg-rate-per-second[archv2-parity] series-count=1 last-value=20633
time=2026-08-02T15:38:40.899-07:00 level=DEBUG msg="promql query logged" test=archv2-parity tool=conduit-v2 collector=conduit type=conduit collector=conduit type=conduit params="map[end:2026-08-02T22:38:40.899Z query:rate(conduit_connector_bytes_sum{pipeline_name=\"archv2-parity\",type=\"source\"}[2s])/1048576 start:2026-08-02T22:37:47.898Z step:1]" stats="&{Timings:{EvalTotalTime:6.5208e-05 ResultSortTime:1.66e-07 QueryPreparationTime:6.209e-06 InnerEvalTime:5.575e-05 ExecQueueTime:7.09e-07 ExecTotalTime:6.7583e-05} Samples:0x1400147e630}" spanID=0000000000000000
time=2026-08-02T15:38:40.899-07:00 level=DEBUG msg="Query returned data" test=archv2-parity tool=conduit-v2 collector=conduit type=conduit collector=conduit type=conduit name=msg-megabytes-in-per-second[archv2-parity] series-count=1 last-value=0.5827512741088867
time=2026-08-02T15:38:40.899-07:00 level=DEBUG msg="promql query logged" test=archv2-parity tool=conduit-v2 collector=conduit type=conduit collector=conduit type=conduit params="map[end:2026-08-02T22:38:40.899Z query:rate(conduit_connector_bytes_sum{pipeline_name=\"archv2-parity\",type=\"destination\"}[2s])/1048576 start:2026-08-02T22:37:47.898Z step:1]" stats="&{Timings:{EvalTotalTime:5.3e-05 ResultSortTime:1.67e-07 QueryPreparationTime:4.625e-06 InnerEvalTime:4.5458e-05 ExecQueueTime:7.5e-07 ExecTotalTime:5.5125e-05} Samples:0x1400147ec90}" spanID=0000000000000000
time=2026-08-02T15:38:40.899-07:00 level=DEBUG msg="Query returned data" test=archv2-parity tool=conduit-v2 collector=conduit type=conduit collector=conduit type=conduit name=msg-megabytes-out-per-second[archv2-parity] series-count=1 last-value=0.5827474594116211
time=2026-08-02T15:38:41.151-07:00 level=DEBUG msg="Inspecting container" model=container-monitor name=benchi-conduit
time=2026-08-02T15:38:41.662-07:00 level=DEBUG msg="Inspecting container" model=container-monitor name=benchi-conduit
time=2026-08-02T15:38:41.899-07:00 level=DEBUG msg="promql query logged" test=archv2-parity tool=conduit-v2 collector=conduit type=conduit collector=conduit type=conduit params="map[end:2026-08-02T22:38:41.899Z query:rate(conduit_pipeline_execution_duration_seconds_count{pipeline_name=\"archv2-parity\"}[2s]) start:2026-08-02T22:37:47.898Z step:1]" stats="&{Timings:{EvalTotalTime:5.9208e-05 ResultSortTime:5e-07 QueryPreparationTime:1.4583e-05 InnerEvalTime:3.5208e-05 ExecQueueTime:2.458e-06 ExecTotalTime:6.5e-05} Samples:0x140016014d0}" spanID=0000000000000000
time=2026-08-02T15:38:41.899-07:00 level=DEBUG msg="Query returned data" test=archv2-parity tool=conduit-v2 collector=conduit type=conduit collector=conduit type=conduit name=msg-rate-per-second[archv2-parity] series-count=1 last-value=21077
time=2026-08-02T15:38:41.899-07:00 level=DEBUG msg="promql query logged" test=archv2-parity tool=conduit-v2 collector=conduit type=conduit collector=conduit type=conduit params="map[end:2026-08-02T22:38:41.899Z query:rate(conduit_connector_bytes_sum{pipeline_name=\"archv2-parity\",type=\"source\"}[2s])/1048576 start:2026-08-02T22:37:47.898Z step:1]" stats="&{Timings:{EvalTotalTime:7.1e-05 ResultSortTime:1.25e-07 QueryPreparationTime:7.625e-06 InnerEvalTime:5.925e-05 ExecQueueTime:1e-06 ExecTotalTime:7.3917e-05} Samples:0x14001601b30}" spanID=0000000000000000
time=2026-08-02T15:38:41.899-07:00 level=DEBUG msg="Query returned data" test=archv2-parity tool=conduit-v2 collector=conduit type=conduit collector=conduit type=conduit name=msg-megabytes-in-per-second[archv2-parity] series-count=1 last-value=0.5961503982543945
time=2026-08-02T15:38:41.899-07:00 level=DEBUG msg="promql query logged" test=archv2-parity tool=conduit-v2 collector=conduit type=conduit collector=conduit type=conduit params="map[end:2026-08-02T22:38:41.899Z query:rate(conduit_connector_bytes_sum{pipeline_name=\"archv2-parity\",type=\"destination\"}[2s])/1048576 start:2026-08-02T22:37:47.898Z step:1]" stats="&{Timings:{EvalTotalTime:5.9875e-05 ResultSortTime:2.91e-07 QueryPreparationTime:5.417e-06 InnerEvalTime:5.1083e-05 ExecQueueTime:7.09e-07 ExecTotalTime:6.2292e-05} Samples:0x14001624210}" spanID=0000000000000000
time=2026-08-02T15:38:41.899-07:00 level=DEBUG msg="Query returned data" test=archv2-parity tool=conduit-v2 collector=conduit type=conduit collector=conduit type=conduit name=msg-megabytes-out-per-second[archv2-parity] series-count=1 last-value=0.5961570739746094
time=2026-08-02T15:38:42.169-07:00 level=DEBUG msg="Inspecting container" model=container-monitor name=benchi-conduit
time=2026-08-02T15:38:42.675-07:00 level=DEBUG msg="Inspecting container" model=container-monitor name=benchi-conduit
time=2026-08-02T15:38:42.900-07:00 level=INFO msg="Test in progress" test=archv2-parity tool=conduit-v2 step=test time-left=5s
time=2026-08-02T15:38:42.900-07:00 level=DEBUG msg="promql query logged" test=archv2-parity tool=conduit-v2 collector=conduit type=conduit collector=conduit type=conduit params="map[end:2026-08-02T22:38:42.900Z query:rate(conduit_pipeline_execution_duration_seconds_count{pipeline_name=\"archv2-parity\"}[2s]) start:2026-08-02T22:37:47.898Z step:1]" stats="&{Timings:{EvalTotalTime:6.2875e-05 ResultSortTime:2.92e-07 QueryPreparationTime:1.5625e-05 InnerEvalTime:3.9e-05 ExecQueueTime:2.209e-06 ExecTotalTime:6.7625e-05} Samples:0x140015df050}" spanID=0000000000000000
time=2026-08-02T15:38:42.900-07:00 level=DEBUG msg="Query returned data" test=archv2-parity tool=conduit-v2 collector=conduit type=conduit collector=conduit type=conduit name=msg-rate-per-second[archv2-parity] series-count=1 last-value=20518
time=2026-08-02T15:38:42.900-07:00 level=DEBUG msg="promql query logged" test=archv2-parity tool=conduit-v2 collector=conduit type=conduit collector=conduit type=conduit params="map[end:2026-08-02T22:38:42.900Z query:rate(conduit_connector_bytes_sum{pipeline_name=\"archv2-parity\",type=\"source\"}[2s])/1048576 start:2026-08-02T22:37:47.898Z step:1]" stats="&{Timings:{EvalTotalTime:6.7e-05 ResultSortTime:2.08e-07 QueryPreparationTime:6.875e-06 InnerEvalTime:5.6833e-05 ExecQueueTime:7.92e-07 ExecTotalTime:6.9334e-05} Samples:0x140015df6b0}" spanID=0000000000000000
time=2026-08-02T15:38:42.900-07:00 level=DEBUG msg="Query returned data" test=archv2-parity tool=conduit-v2 collector=conduit type=conduit collector=conduit type=conduit name=msg-megabytes-in-per-second[archv2-parity] series-count=1 last-value=0.5792827606201172
time=2026-08-02T15:38:42.900-07:00 level=DEBUG msg="promql query logged" test=archv2-parity tool=conduit-v2 collector=conduit type=conduit collector=conduit type=conduit params="map[end:2026-08-02T22:38:42.900Z query:rate(conduit_connector_bytes_sum{pipeline_name=\"archv2-parity\",type=\"destination\"}[2s])/1048576 start:2026-08-02T22:37:47.898Z step:1]" stats="&{Timings:{EvalTotalTime:5.5917e-05 ResultSortTime:1.25e-07 QueryPreparationTime:4.5e-06 InnerEvalTime:4.8584e-05 ExecQueueTime:7.09e-07 ExecTotalTime:5.7958e-05} Samples:0x140015dfd10}" spanID=0000000000000000
time=2026-08-02T15:38:42.900-07:00 level=DEBUG msg="Query returned data" test=archv2-parity tool=conduit-v2 collector=conduit type=conduit collector=conduit type=conduit name=msg-megabytes-out-per-second[archv2-parity] series-count=1 last-value=0.5792770385742188
time=2026-08-02T15:38:43.185-07:00 level=DEBUG msg="Inspecting container" model=container-monitor name=benchi-conduit
time=2026-08-02T15:38:43.694-07:00 level=DEBUG msg="Inspecting container" model=container-monitor name=benchi-conduit
time=2026-08-02T15:38:43.900-07:00 level=DEBUG msg="promql query logged" test=archv2-parity tool=conduit-v2 collector=conduit type=conduit collector=conduit type=conduit params="map[end:2026-08-02T22:38:43.900Z query:rate(conduit_pipeline_execution_duration_seconds_count{pipeline_name=\"archv2-parity\"}[2s]) start:2026-08-02T22:37:47.898Z step:1]" stats="&{Timings:{EvalTotalTime:5.5542e-05 ResultSortTime:4.58e-07 QueryPreparationTime:1.4542e-05 InnerEvalTime:3.5417e-05 ExecQueueTime:2.501e-06 ExecTotalTime:6.0708e-05} Samples:0x1400126ef60}" spanID=0000000000000000
time=2026-08-02T15:38:43.900-07:00 level=DEBUG msg="Query returned data" test=archv2-parity tool=conduit-v2 collector=conduit type=conduit collector=conduit type=conduit name=msg-rate-per-second[archv2-parity] series-count=1 last-value=21278
time=2026-08-02T15:38:43.900-07:00 level=DEBUG msg="promql query logged" test=archv2-parity tool=conduit-v2 collector=conduit type=conduit collector=conduit type=conduit params="map[end:2026-08-02T22:38:43.900Z query:rate(conduit_connector_bytes_sum{pipeline_name=\"archv2-parity\",type=\"source\"}[2s])/1048576 start:2026-08-02T22:37:47.898Z step:1]" stats="&{Timings:{EvalTotalTime:0.000139166 ResultSortTime:3.34e-07 QueryPreparationTime:5.4208e-05 InnerEvalTime:7.6083e-05 ExecQueueTime:1.125e-06 ExecTotalTime:0.000149916} Samples:0x1400126f5c0}" spanID=0000000000000000
time=2026-08-02T15:38:43.901-07:00 level=DEBUG msg="Query returned data" test=archv2-parity tool=conduit-v2 collector=conduit type=conduit collector=conduit type=conduit name=msg-megabytes-in-per-second[archv2-parity] series-count=1 last-value=0.6006259918212891
time=2026-08-02T15:38:43.901-07:00 level=DEBUG msg="promql query logged" test=archv2-parity tool=conduit-v2 collector=conduit type=conduit collector=conduit type=conduit params="map[end:2026-08-02T22:38:43.901Z query:rate(conduit_connector_bytes_sum{pipeline_name=\"archv2-parity\",type=\"destination\"}[2s])/1048576 start:2026-08-02T22:37:47.898Z step:1]" stats="&{Timings:{EvalTotalTime:6.1417e-05 ResultSortTime:1.67e-07 QueryPreparationTime:7.792e-06 InnerEvalTime:5.0125e-05 ExecQueueTime:1.375e-06 ExecTotalTime:6.4333e-05} Samples:0x1400126fc20}" spanID=0000000000000000
time=2026-08-02T15:38:43.901-07:00 level=DEBUG msg="Query returned data" test=archv2-parity tool=conduit-v2 collector=conduit type=conduit collector=conduit type=conduit name=msg-megabytes-out-per-second[archv2-parity] series-count=1 last-value=0.6005678176879883
time=2026-08-02T15:38:44.198-07:00 level=DEBUG msg="Inspecting container" model=container-monitor name=benchi-conduit
time=2026-08-02T15:38:44.705-07:00 level=DEBUG msg="Inspecting container" model=container-monitor name=benchi-conduit
time=2026-08-02T15:38:44.899-07:00 level=DEBUG msg="promql query logged" test=archv2-parity tool=conduit-v2 collector=conduit type=conduit collector=conduit type=conduit params="map[end:2026-08-02T22:38:44.898Z query:rate(conduit_pipeline_execution_duration_seconds_count{pipeline_name=\"archv2-parity\"}[2s]) start:2026-08-02T22:37:47.898Z step:1]" stats="&{Timings:{EvalTotalTime:8.7292e-05 ResultSortTime:6.25e-07 QueryPreparationTime:2.6042e-05 InnerEvalTime:4.9667e-05 ExecQueueTime:3.708e-06 ExecTotalTime:9.3792e-05} Samples:0x1400186c570}" spanID=0000000000000000
time=2026-08-02T15:38:44.899-07:00 level=DEBUG msg="Query returned data" test=archv2-parity tool=conduit-v2 collector=conduit type=conduit collector=conduit type=conduit name=msg-rate-per-second[archv2-parity] series-count=1 last-value=20974
time=2026-08-02T15:38:44.899-07:00 level=DEBUG msg="promql query logged" test=archv2-parity tool=conduit-v2 collector=conduit type=conduit collector=conduit type=conduit params="map[end:2026-08-02T22:38:44.899Z query:rate(conduit_connector_bytes_sum{pipeline_name=\"archv2-parity\",type=\"source\"}[2s])/1048576 start:2026-08-02T22:37:47.898Z step:1]" stats="&{Timings:{EvalTotalTime:8.1792e-05 ResultSortTime:2.5e-07 QueryPreparationTime:1e-05 InnerEvalTime:6.7917e-05 ExecQueueTime:1.333e-06 ExecTotalTime:8.4375e-05} Samples:0x1400186cbd0}" spanID=0000000000000000
time=2026-08-02T15:38:44.899-07:00 level=DEBUG msg="Query returned data" test=archv2-parity tool=conduit-v2 collector=conduit type=conduit collector=conduit type=conduit name=msg-megabytes-in-per-second[archv2-parity] series-count=1 last-value=0.5937385559082031
time=2026-08-02T15:38:44.899-07:00 level=DEBUG msg="promql query logged" test=archv2-parity tool=conduit-v2 collector=conduit type=conduit collector=conduit type=conduit params="map[end:2026-08-02T22:38:44.899Z query:rate(conduit_connector_bytes_sum{pipeline_name=\"archv2-parity\",type=\"destination\"}[2s])/1048576 start:2026-08-02T22:37:47.898Z step:1]" stats="&{Timings:{EvalTotalTime:5.9459e-05 ResultSortTime:8.4e-08 QueryPreparationTime:7.5e-06 InnerEvalTime:4.925e-05 ExecQueueTime:7.91e-07 ExecTotalTime:6.1375e-05} Samples:0x1400186d230}" spanID=0000000000000000
time=2026-08-02T15:38:44.899-07:00 level=DEBUG msg="Query returned data" test=archv2-parity tool=conduit-v2 collector=conduit type=conduit collector=conduit type=conduit name=msg-megabytes-out-per-second[archv2-parity] series-count=1 last-value=0.5938005447387695
time=2026-08-02T15:38:45.211-07:00 level=DEBUG msg="Inspecting container" model=container-monitor name=benchi-conduit
time=2026-08-02T15:38:45.717-07:00 level=DEBUG msg="Inspecting container" model=container-monitor name=benchi-conduit
time=2026-08-02T15:38:45.901-07:00 level=DEBUG msg="promql query logged" test=archv2-parity tool=conduit-v2 collector=conduit type=conduit collector=conduit type=conduit params="map[end:2026-08-02T22:38:45.900Z query:rate(conduit_pipeline_execution_duration_seconds_count{pipeline_name=\"archv2-parity\"}[2s]) start:2026-08-02T22:37:47.898Z step:1]" stats="&{Timings:{EvalTotalTime:0.000390208 ResultSortTime:5.42e-07 QueryPreparationTime:1.6791e-05 InnerEvalTime:0.000364292 ExecQueueTime:2.292e-06 ExecTotalTime:0.000395042} Samples:0x140018cd8c0}" spanID=0000000000000000
time=2026-08-02T15:38:45.901-07:00 level=DEBUG msg="Query returned data" test=archv2-parity tool=conduit-v2 collector=conduit type=conduit collector=conduit type=conduit name=msg-rate-per-second[archv2-parity] series-count=1 last-value=19793
time=2026-08-02T15:38:45.901-07:00 level=DEBUG msg="promql query logged" test=archv2-parity tool=conduit-v2 collector=conduit type=conduit collector=conduit type=conduit params="map[end:2026-08-02T22:38:45.901Z query:rate(conduit_connector_bytes_sum{pipeline_name=\"archv2-parity\",type=\"source\"}[2s])/1048576 start:2026-08-02T22:37:47.898Z step:1]" stats="&{Timings:{EvalTotalTime:7.3875e-05 ResultSortTime:1.25e-07 QueryPreparationTime:8.083e-06 InnerEvalTime:6.2458e-05 ExecQueueTime:1.25e-06 ExecTotalTime:7.5667e-05} Samples:0x14000b08090}" spanID=0000000000000000
time=2026-08-02T15:38:45.901-07:00 level=DEBUG msg="Query returned data" test=archv2-parity tool=conduit-v2 collector=conduit type=conduit collector=conduit type=conduit name=msg-megabytes-in-per-second[archv2-parity] series-count=1 last-value=0.5599765777587891
time=2026-08-02T15:38:45.901-07:00 level=DEBUG msg="promql query logged" test=archv2-parity tool=conduit-v2 collector=conduit type=conduit collector=conduit type=conduit params="map[end:2026-08-02T22:38:45.901Z query:rate(conduit_connector_bytes_sum{pipeline_name=\"archv2-parity\",type=\"destination\"}[2s])/1048576 start:2026-08-02T22:37:47.898Z step:1]" stats="&{Timings:{EvalTotalTime:3.3875e-05 ResultSortTime:4.1e-08 QueryPreparationTime:3.042e-06 InnerEvalTime:2.8875e-05 ExecQueueTime:5e-07 ExecTotalTime:3.525e-05} Samples:0x14000b086f0}" spanID=0000000000000000
time=2026-08-02T15:38:45.901-07:00 level=DEBUG msg="Query returned data" test=archv2-parity tool=conduit-v2 collector=conduit type=conduit collector=conduit type=conduit name=msg-megabytes-out-per-second[archv2-parity] series-count=1 last-value=0.5599470138549805
time=2026-08-02T15:38:46.232-07:00 level=DEBUG msg="Inspecting container" model=container-monitor name=benchi-conduit
time=2026-08-02T15:38:46.749-07:00 level=DEBUG msg="Inspecting container" model=container-monitor name=benchi-conduit
time=2026-08-02T15:38:46.900-07:00 level=DEBUG msg="promql query logged" test=archv2-parity tool=conduit-v2 collector=conduit type=conduit collector=conduit type=conduit params="map[end:2026-08-02T22:38:46.899Z query:rate(conduit_pipeline_execution_duration_seconds_count{pipeline_name=\"archv2-parity\"}[2s]) start:2026-08-02T22:37:47.898Z step:1]" stats="&{Timings:{EvalTotalTime:6.575e-05 ResultSortTime:6.66e-07 QueryPreparationTime:1.8417e-05 InnerEvalTime:4.1041e-05 ExecQueueTime:2.667e-06 ExecTotalTime:7.0625e-05} Samples:0x14001753080}" spanID=0000000000000000
time=2026-08-02T15:38:46.900-07:00 level=DEBUG msg="Query returned data" test=archv2-parity tool=conduit-v2 collector=conduit type=conduit collector=conduit type=conduit name=msg-rate-per-second[archv2-parity] series-count=1 last-value=18694
time=2026-08-02T15:38:46.900-07:00 level=DEBUG msg="promql query logged" test=archv2-parity tool=conduit-v2 collector=conduit type=conduit collector=conduit type=conduit params="map[end:2026-08-02T22:38:46.900Z query:rate(conduit_connector_bytes_sum{pipeline_name=\"archv2-parity\",type=\"source\"}[2s])/1048576 start:2026-08-02T22:37:47.898Z step:1]" stats="&{Timings:{EvalTotalTime:9.0458e-05 ResultSortTime:2.92e-07 QueryPreparationTime:1.125e-05 InnerEvalTime:7.1083e-05 ExecQueueTime:1.249e-06 ExecTotalTime:9.4125e-05} Samples:0x140013eee70}" spanID=0000000000000000
time=2026-08-02T15:38:46.900-07:00 level=DEBUG msg="Query returned data" test=archv2-parity tool=conduit-v2 collector=conduit type=conduit collector=conduit type=conduit name=msg-megabytes-in-per-second[archv2-parity] series-count=1 last-value=0.52813720703125
time=2026-08-02T15:38:46.900-07:00 level=DEBUG msg="promql query logged" test=archv2-parity tool=conduit-v2 collector=conduit type=conduit collector=conduit type=conduit params="map[end:2026-08-02T22:38:46.900Z query:rate(conduit_connector_bytes_sum{pipeline_name=\"archv2-parity\",type=\"destination\"}[2s])/1048576 start:2026-08-02T22:37:47.898Z step:1]" stats="&{Timings:{EvalTotalTime:9.9959e-05 ResultSortTime:3.34e-07 QueryPreparationTime:6.334e-06 InnerEvalTime:8.725e-05 ExecQueueTime:8.34e-07 ExecTotalTime:0.000103375} Samples:0x140013ef530}" spanID=0000000000000000
time=2026-08-02T15:38:46.900-07:00 level=DEBUG msg="Query returned data" test=archv2-parity tool=conduit-v2 collector=conduit type=conduit collector=conduit type=conduit name=msg-megabytes-out-per-second[archv2-parity] series-count=1 last-value=0.5282173156738281
time=2026-08-02T15:38:47.264-07:00 level=DEBUG msg="Inspecting container" model=container-monitor name=benchi-conduit
time=2026-08-02T15:38:47.768-07:00 level=DEBUG msg="Inspecting container" model=container-monitor name=benchi-conduit
time=2026-08-02T15:38:47.898-07:00 level=INFO msg="Test in progress" test=archv2-parity tool=conduit-v2 step=test time-left=0s
time=2026-08-02T15:38:47.899-07:00 level=DEBUG msg="promql query logged" test=archv2-parity tool=conduit-v2 collector=conduit type=conduit collector=conduit type=conduit params="map[end:2026-08-02T22:38:47.898Z query:rate(conduit_pipeline_execution_duration_seconds_count{pipeline_name=\"archv2-parity\"}[2s]) start:2026-08-02T22:37:47.898Z step:1]" stats="&{Timings:{EvalTotalTime:0.000105792 ResultSortTime:7.5e-07 QueryPreparationTime:3.1083e-05 InnerEvalTime:6.7334e-05 ExecQueueTime:4.333e-06 ExecTotalTime:0.000113209} Samples:0x140016e7080}" spanID=0000000000000000
time=2026-08-02T15:38:47.899-07:00 level=DEBUG msg="Query returned data" test=archv2-parity tool=conduit-v2 collector=conduit type=conduit collector=conduit type=conduit name=msg-rate-per-second[archv2-parity] series-count=1 last-value=20978
time=2026-08-02T15:38:47.899-07:00 level=DEBUG msg="promql query logged" test=archv2-parity tool=conduit-v2 collector=conduit type=conduit collector=conduit type=conduit params="map[end:2026-08-02T22:38:47.899Z query:rate(conduit_connector_bytes_sum{pipeline_name=\"archv2-parity\",type=\"source\"}[2s])/1048576 start:2026-08-02T22:37:47.898Z step:1]" stats="&{Timings:{EvalTotalTime:9.6875e-05 ResultSortTime:2.08e-07 QueryPreparationTime:9.542e-06 InnerEvalTime:8.2625e-05 ExecQueueTime:8.75e-07 ExecTotalTime:9.9375e-05} Samples:0x140016e76e0}" spanID=0000000000000000
time=2026-08-02T15:38:47.899-07:00 level=DEBUG msg="Query returned data" test=archv2-parity tool=conduit-v2 collector=conduit type=conduit collector=conduit type=conduit name=msg-megabytes-in-per-second[archv2-parity] series-count=1 last-value=0.592193603515625
time=2026-08-02T15:38:47.899-07:00 level=DEBUG msg="promql query logged" test=archv2-parity tool=conduit-v2 collector=conduit type=conduit collector=conduit type=conduit params="map[end:2026-08-02T22:38:47.899Z query:rate(conduit_connector_bytes_sum{pipeline_name=\"archv2-parity\",type=\"destination\"}[2s])/1048576 start:2026-08-02T22:37:47.898Z step:1]" stats="&{Timings:{EvalTotalTime:6.2667e-05 ResultSortTime:1.25e-07 QueryPreparationTime:6.25e-06 InnerEvalTime:5.2875e-05 ExecQueueTime:7.92e-07 ExecTotalTime:6.5209e-05} Samples:0x140016e7d70}" spanID=0000000000000000
time=2026-08-02T15:38:47.899-07:00 level=DEBUG msg="Query returned data" test=archv2-parity tool=conduit-v2 collector=conduit type=conduit collector=conduit type=conduit name=msg-megabytes-out-per-second[archv2-parity] series-count=1 last-value=0.5920591354370117
time=2026-08-02T15:38:48.274-07:00 level=DEBUG msg="Inspecting container" model=container-monitor name=benchi-conduit
time=2026-08-02T15:38:48.407-07:00 level=INFO msg="Step successful" test=archv2-parity tool=conduit-v2 step=test
time=2026-08-02T15:38:48.408-07:00 level=INFO msg="Running step" test=archv2-parity tool=conduit-v2 step=post-test
time=2026-08-02T15:38:48.408-07:00 level=INFO msg="Exporting metrics" test=archv2-parity tool=conduit-v2 step=post-test collector=conduit path=/Users/devarisbrown/Code/projects/conduit/benchi/archv2-parity/results/r1/archv2-parity_conduit-v2/conduit.csv
time=2026-08-02T15:38:48.408-07:00 level=INFO msg="Exporting metrics" test=archv2-parity tool=conduit-v2 step=post-test collector=docker path=/Users/devarisbrown/Code/projects/conduit/benchi/archv2-parity/results/r1/archv2-parity_conduit-v2/docker.csv
time=2026-08-02T15:38:48.409-07:00 level=DEBUG msg="Running hooks" test=archv2-parity tool=conduit-v2 step=post-test count=0
time=2026-08-02T15:38:48.409-07:00 level=INFO msg="Step successful" test=archv2-parity tool=conduit-v2 step=post-test
time=2026-08-02T15:38:48.409-07:00 level=INFO msg="Running step" test=archv2-parity tool=conduit-v2 step=pre-cleanup
time=2026-08-02T15:38:48.409-07:00 level=DEBUG msg="Running hooks" test=archv2-parity tool=conduit-v2 step=pre-cleanup count=0
time=2026-08-02T15:38:48.409-07:00 level=INFO msg="Step successful" test=archv2-parity tool=conduit-v2 step=pre-cleanup
time=2026-08-02T15:38:48.409-07:00 level=INFO msg="Running step" test=archv2-parity tool=conduit-v2 step=cleanup
time=2026-08-02T15:38:48.409-07:00 level=INFO msg="Stopping containers" test=archv2-parity tool=conduit-v2 step=tool
time=2026-08-02T15:38:48.409-07:00 level=DEBUG msg="Executing command" command="/usr/local/bin/docker compose -f ./tools/compose-conduit-v2.yml down"
time=2026-08-02T15:38:48.741-07:00 level=INFO msg="Step successful" test=archv2-parity tool=conduit-v2 step=cleanup
time=2026-08-02T15:38:48.742-07:00 level=INFO msg="Running step" test=archv2-parity tool=conduit-v2 step=post-cleanup
time=2026-08-02T15:38:48.742-07:00 level=DEBUG msg="Running hooks" test=archv2-parity tool=conduit-v2 step=post-cleanup count=0
time=2026-08-02T15:38:48.742-07:00 level=INFO msg="Step successful" test=archv2-parity tool=conduit-v2 step=post-cleanup
time=2026-08-02T15:38:48.742-07:00 level=INFO msg="Exporting aggregated metrics" path=/Users/devarisbrown/Code/projects/conduit/benchi/archv2-parity/results/r1/aggregated-results.csv
time=2026-08-02T15:38:48.743-07:00 level=INFO msg="Removing docker network" network=benchi
time=2026-08-02T15:38:48.743-07:00 level=INFO msg="Removing network" network=benchi
time=2026-08-02T15:38:48.781-07:00 level=DEBUG msg="Inspecting container" model=container-monitor name=benchi-conduit
time=2026-08-02T15:38:48.784-07:00 level=DEBUG msg="Container not found" model=container-monitor name=benchi-conduit
time=2026-08-02T15:38:48.955-07:00 level=INFO msg="Network removed" network=benchi
