time=2026-08-02T15:45:25.736-07:00 level=INFO msg="Results directory" path=/Users/devarisbrown/Code/projects/conduit/benchi/archv2-nxm/results/r2
time=2026-08-02T15:45:25.737-07:00 level=INFO msg="Config file" path=/Users/devarisbrown/Code/projects/conduit/benchi/archv2-nxm/bench.yml
time=2026-08-02T15:45:25.737-07:00 level=INFO msg="Parsed config" path=/Users/devarisbrown/Code/projects/conduit/benchi/archv2-nxm/bench.yml
time=2026-08-02T15:45:25.737-07:00 level=INFO msg="Creating docker client"
time=2026-08-02T15:45:25.739-07:00 level=INFO msg="Creating docker network" network=benchi
time=2026-08-02T15:45:25.751-07:00 level=INFO msg="Docker network not found, creating it" network=benchi
time=2026-08-02T15:45:26.823-07:00 level=INFO msg="Network created" network-id=41baea23bb63f206e5b45e610fee8085587396013a69e9938923c8213c0001df
time=2026-08-02T15:45:26.828-07:00 level=INFO msg="Using network" network=benchi network-id=41baea23bb63f206e5b45e610fee8085587396013a69e9938923c8213c0001df
time=2026-08-02T15:45:26.829-07:00 level=DEBUG msg="Executing command" command="/usr/local/bin/docker compose -f ./tools/compose-conduit-v1.yml config --format json"
time=2026-08-02T15:45:26.920-07:00 level=INFO msg="Replaying on-disk memory mappable chunks if any" test=archv2-nxm tool=conduit-v1 collector=conduit type=conduit collector=conduit type=conduit collector.prometheus=tsdb
time=2026-08-02T15:45:26.920-07:00 level=INFO msg="On-disk memory mappable chunks replay completed" test=archv2-nxm tool=conduit-v1 collector=conduit type=conduit collector=conduit type=conduit collector.prometheus=tsdb duration=2µs
time=2026-08-02T15:45:26.920-07:00 level=INFO msg="Replaying WAL, this may take a while" test=archv2-nxm tool=conduit-v1 collector=conduit type=conduit collector=conduit type=conduit collector.prometheus=tsdb
time=2026-08-02T15:45:26.922-07:00 level=INFO msg="WAL segment loaded" test=archv2-nxm tool=conduit-v1 collector=conduit type=conduit collector=conduit type=conduit collector.prometheus=tsdb segment=0 maxSegment=0
time=2026-08-02T15:45:26.922-07:00 level=INFO msg="WAL replay completed" test=archv2-nxm tool=conduit-v1 collector=conduit type=conduit collector=conduit type=conduit collector.prometheus=tsdb checkpoint_replay_duration=210.375µs wal_replay_duration=1.766917ms wbl_replay_duration=41ns chunk_snapshot_load_duration=0s mmap_chunk_replay_duration=2µs total_replay_duration=2.392958ms
time=2026-08-02T15:45:26.957-07:00 level=DEBUG msg="Lookback delta is zero, setting to default value" test=archv2-nxm tool=conduit-v1 collector=conduit type=conduit collector=conduit type=conduit collector.prometheus="query engine" value=5m0s
time=2026-08-02T15:45:26.958-07:00 level=DEBUG msg="Executing command" command="/usr/local/bin/docker compose -f ./tools/compose-conduit-v2.yml config --format json"
time=2026-08-02T15:45:27.058-07:00 level=INFO msg="Replaying on-disk memory mappable chunks if any" test=archv2-nxm tool=conduit-v2 collector=conduit type=conduit collector=conduit type=conduit collector.prometheus=tsdb
time=2026-08-02T15:45:27.058-07:00 level=INFO msg="On-disk memory mappable chunks replay completed" test=archv2-nxm tool=conduit-v2 collector=conduit type=conduit collector=conduit type=conduit collector.prometheus=tsdb duration=1.458µs
time=2026-08-02T15:45:27.058-07:00 level=INFO msg="Replaying WAL, this may take a while" test=archv2-nxm tool=conduit-v2 collector=conduit type=conduit collector=conduit type=conduit collector.prometheus=tsdb
time=2026-08-02T15:45:27.058-07:00 level=INFO msg="WAL segment loaded" test=archv2-nxm tool=conduit-v2 collector=conduit type=conduit collector=conduit type=conduit collector.prometheus=tsdb segment=0 maxSegment=0
time=2026-08-02T15:45:27.059-07:00 level=INFO msg="WAL replay completed" test=archv2-nxm tool=conduit-v2 collector=conduit type=conduit collector=conduit type=conduit collector.prometheus=tsdb checkpoint_replay_duration=151.417µs wal_replay_duration=438.375µs wbl_replay_duration=208ns chunk_snapshot_load_duration=0s mmap_chunk_replay_duration=1.458µs total_replay_duration=678.291µs
time=2026-08-02T15:45:27.068-07:00 level=DEBUG msg="Lookback delta is zero, setting to default value" test=archv2-nxm tool=conduit-v2 collector=conduit type=conduit collector=conduit type=conduit collector.prometheus="query engine" value=5m0s
time=2026-08-02T15:45:27.068-07:00 level=INFO msg="Running step" test=archv2-nxm tool=conduit-v1 step=pre-infrastructure
time=2026-08-02T15:45:27.068-07:00 level=INFO msg="Pulling docker images for tool containers" test=archv2-nxm tool=conduit-v1 step=pre-infrastructure containers=[benchi-conduit]
time=2026-08-02T15:45:27.069-07:00 level=DEBUG msg="Executing command" command="/usr/local/bin/docker compose -f ./tools/compose-conduit-v1.yml pull"
time=2026-08-02T15:45:27.215-07:00 level=INFO msg="Pulling docker images for hooks" test=archv2-nxm tool=conduit-v1 step=pre-infrastructure images=[]
time=2026-08-02T15:45:27.215-07:00 level=DEBUG msg="Running hooks" test=archv2-nxm tool=conduit-v1 step=pre-infrastructure count=0
time=2026-08-02T15:45:27.215-07:00 level=INFO msg="Step successful" test=archv2-nxm tool=conduit-v1 step=pre-infrastructure
time=2026-08-02T15:45:27.215-07:00 level=INFO msg="Running step" test=archv2-nxm tool=conduit-v1 step=infrastructure
time=2026-08-02T15:45:27.215-07:00 level=INFO msg="No infrastructure to start" test=archv2-nxm tool=conduit-v1 step=infrastructure
time=2026-08-02T15:45:27.216-07:00 level=INFO msg="Step successful" test=archv2-nxm tool=conduit-v1 step=infrastructure
time=2026-08-02T15:45:27.216-07:00 level=INFO msg="Running step" test=archv2-nxm tool=conduit-v1 step=post-infrastructure
time=2026-08-02T15:45:27.216-07:00 level=DEBUG msg="Running hooks" test=archv2-nxm tool=conduit-v1 step=post-infrastructure count=0
time=2026-08-02T15:45:27.216-07:00 level=INFO msg="Step successful" test=archv2-nxm tool=conduit-v1 step=post-infrastructure
time=2026-08-02T15:45:27.216-07:00 level=INFO msg="Running step" test=archv2-nxm tool=conduit-v1 step=pre-tool
time=2026-08-02T15:45:27.216-07:00 level=DEBUG msg="Running hooks" test=archv2-nxm tool=conduit-v1 step=pre-tool count=0
time=2026-08-02T15:45:27.216-07:00 level=INFO msg="Step successful" test=archv2-nxm tool=conduit-v1 step=pre-tool
time=2026-08-02T15:45:27.216-07:00 level=INFO msg="Running step" test=archv2-nxm tool=conduit-v1 step=tool
time=2026-08-02T15:45:27.216-07:00 level=INFO msg="Waiting for container status to be healthy" test=archv2-nxm tool=conduit-v1 step=tool container=benchi-conduit status=N/A
time=2026-08-02T15:45:27.216-07:00 level=DEBUG msg="Executing command" command="/usr/local/bin/docker compose -f ./tools/compose-conduit-v1.yml up"
time=2026-08-02T15:45:27.568-07:00 level=DEBUG msg="Inspecting container" model=container-monitor name=benchi-conduit
time=2026-08-02T15:45:28.231-07:00 level=DEBUG msg="Inspected container" test=archv2-nxm tool=conduit-v1 step=tool container=benchi-conduit response="{ContainerJSONBase:0x140005f6b00 Mounts:[{Type:bind Name: Source:/Users/devarisbrown/Code/projects/conduit/benchi/archv2-nxm/pipeline.yml Destination:/app/pipelines/pipeline.yml Driver: Mode:rw RW:true Propagation:rprivate}] Config:0x14000171180 NetworkSettings:0x140005d4600 ImageManifestDescriptor:<nil>}" state="{Status:running Running:true Paused:false Restarting:false OOMKilled:false Dead:false Pid:93567 ExitCode:0 Error: StartedAt:2026-08-02T22:45:27.564459585Z FinishedAt:0001-01-01T00:00:00Z Health:<nil>}"
time=2026-08-02T15:45:28.231-07:00 level=INFO msg="Container is running (consider adding a health check!)" test=archv2-nxm tool=conduit-v1 step=tool container=/benchi-conduit
time=2026-08-02T15:45:28.231-07:00 level=INFO msg="Tools started" test=archv2-nxm tool=conduit-v1 step=tool
time=2026-08-02T15:45:28.231-07:00 level=INFO msg="Step successful" test=archv2-nxm tool=conduit-v1 step=tool
time=2026-08-02T15:45:28.231-07:00 level=INFO msg="Running step" test=archv2-nxm tool=conduit-v1 step=post-tool
time=2026-08-02T15:45:28.231-07:00 level=DEBUG msg="Running hooks" test=archv2-nxm tool=conduit-v1 step=post-tool count=0
time=2026-08-02T15:45:28.231-07:00 level=INFO msg="Step successful" test=archv2-nxm tool=conduit-v1 step=post-tool
time=2026-08-02T15:45:28.232-07:00 level=INFO msg="Running step" test=archv2-nxm tool=conduit-v1 step=pre-test
time=2026-08-02T15:45:28.232-07:00 level=DEBUG msg="Running hooks" test=archv2-nxm tool=conduit-v1 step=pre-test count=0
time=2026-08-02T15:45:28.232-07:00 level=INFO msg="Step successful" test=archv2-nxm tool=conduit-v1 step=pre-test
time=2026-08-02T15:45:28.232-07:00 level=INFO msg="Running step" test=archv2-nxm tool=conduit-v1 step=test
time=2026-08-02T15:45:28.232-07:00 level=INFO msg="Running collector" test=archv2-nxm tool=conduit-v1 step=test name=docker type=docker
time=2026-08-02T15:45:28.232-07:00 level=INFO msg="Running collector" test=archv2-nxm tool=conduit-v1 step=test name=conduit type=conduit
time=2026-08-02T15:45:28.232-07:00 level=DEBUG msg="Collecting stats" test=archv2-nxm tool=conduit-v1 collector=docker type=docker collector=docker type=docker container=benchi-conduit
time=2026-08-02T15:45:28.232-07:00 level=INFO msg="Test in progress" test=archv2-nxm tool=conduit-v1 step=test time-left=1m0s
time=2026-08-02T15:45:28.356-07:00 level=DEBUG msg="Inspecting container" model=container-monitor name=benchi-conduit
time=2026-08-02T15:45:28.878-07:00 level=DEBUG msg="Inspecting container" model=container-monitor name=benchi-conduit
time=2026-08-02T15:45:29.233-07:00 level=DEBUG msg="promql query logged" test=archv2-nxm tool=conduit-v1 collector=conduit type=conduit collector=conduit type=conduit params="map[end:2026-08-02T22:45:29.233Z query:rate(conduit_pipeline_execution_duration_seconds_count{pipeline_name=\"archv2-nxm\"}[2s]) start:2026-08-02T22:45:28.232Z step:1]" stats="&{Timings:{EvalTotalTime:0.00012175 ResultSortTime:4.17e-07 QueryPreparationTime:2.5583e-05 InnerEvalTime:6.4958e-05 ExecQueueTime:2.541e-06 ExecTotalTime:0.000127209} Samples:0x14000ad6e40}" spanID=0000000000000000
time=2026-08-02T15:45:29.233-07:00 level=DEBUG msg="No data returned from query" test=archv2-nxm tool=conduit-v1 collector=conduit type=conduit collector=conduit type=conduit
time=2026-08-02T15:45:29.233-07:00 level=DEBUG msg="promql query logged" test=archv2-nxm tool=conduit-v1 collector=conduit type=conduit collector=conduit type=conduit params="map[end:2026-08-02T22:45:29.233Z query:rate(conduit_connector_bytes_sum{pipeline_name=\"archv2-nxm\",type=\"source\"}[2s])/1048576 start:2026-08-02T22:45:28.232Z step:1]" stats="&{Timings:{EvalTotalTime:7.7916e-05 ResultSortTime:1.25e-07 QueryPreparationTime:7.583e-06 InnerEvalTime:6.6458e-05 ExecQueueTime:8.76e-07 ExecTotalTime:8.025e-05} Samples:0x14000ad7500}" spanID=0000000000000000
time=2026-08-02T15:45:29.233-07:00 level=DEBUG msg="No data returned from query" test=archv2-nxm tool=conduit-v1 collector=conduit type=conduit collector=conduit type=conduit
time=2026-08-02T15:45:29.233-07:00 level=DEBUG msg="promql query logged" test=archv2-nxm tool=conduit-v1 collector=conduit type=conduit collector=conduit type=conduit params="map[end:2026-08-02T22:45:29.233Z query:rate(conduit_connector_bytes_sum{pipeline_name=\"archv2-nxm\",type=\"destination\"}[2s])/1048576 start:2026-08-02T22:45:28.232Z step:1]" stats="&{Timings:{EvalTotalTime:2.0625e-05 ResultSortTime:1.67e-07 QueryPreparationTime:5.084e-06 InnerEvalTime:1.2542e-05 ExecQueueTime:7.91e-07 ExecTotalTime:2.2666e-05} Samples:0x14000ad7bc0}" spanID=0000000000000000
time=2026-08-02T15:45:29.233-07:00 level=DEBUG msg="No data returned from query" test=archv2-nxm tool=conduit-v1 collector=conduit type=conduit collector=conduit type=conduit
time=2026-08-02T15:45:29.398-07:00 level=DEBUG msg="Inspecting container" model=container-monitor name=benchi-conduit
time=2026-08-02T15:45:29.917-07:00 level=DEBUG msg="Inspecting container" model=container-monitor name=benchi-conduit
time=2026-08-02T15:45:30.233-07:00 level=DEBUG msg="promql query logged" test=archv2-nxm tool=conduit-v1 collector=conduit type=conduit collector=conduit type=conduit params="map[end:2026-08-02T22:45:30.233Z query:rate(conduit_pipeline_execution_duration_seconds_count{pipeline_name=\"archv2-nxm\"}[2s]) start:2026-08-02T22:45:28.232Z step:1]" stats="&{Timings:{EvalTotalTime:6.0583e-05 ResultSortTime:5.41e-07 QueryPreparationTime:2.6417e-05 InnerEvalTime:2.7333e-05 ExecQueueTime:2.208e-06 ExecTotalTime:6.5917e-05} Samples:0x14001180990}" spanID=0000000000000000
time=2026-08-02T15:45:30.233-07:00 level=DEBUG msg="Query returned data" test=archv2-nxm tool=conduit-v1 collector=conduit type=conduit collector=conduit type=conduit name=msg-rate-per-second[archv2-nxm] series-count=1 last-value=16804
time=2026-08-02T15:45:30.233-07:00 level=DEBUG msg="promql query logged" test=archv2-nxm tool=conduit-v1 collector=conduit type=conduit collector=conduit type=conduit params="map[end:2026-08-02T22:45:30.233Z query:rate(conduit_connector_bytes_sum{pipeline_name=\"archv2-nxm\",type=\"source\"}[2s])/1048576 start:2026-08-02T22:45:28.232Z step:1]" stats="&{Timings:{EvalTotalTime:4.4459e-05 ResultSortTime:8.75e-07 QueryPreparationTime:8.166e-06 InnerEvalTime:2.8875e-05 ExecQueueTime:1.209e-06 ExecTotalTime:4.7208e-05} Samples:0x140011810b0}" spanID=0000000000000000
time=2026-08-02T15:45:30.233-07:00 level=WARN msg="Query returned multiple series, only first will be used" test=archv2-nxm tool=conduit-v1 collector=conduit type=conduit collector=conduit type=conduit series-count=2
time=2026-08-02T15:45:30.234-07:00 level=DEBUG msg="Query returned data" test=archv2-nxm tool=conduit-v1 collector=conduit type=conduit collector=conduit type=conduit name=msg-megabytes-in-per-second[archv2-nxm] series-count=1 last-value=0.23520278930664062
time=2026-08-02T15:45:30.234-07:00 level=DEBUG msg="promql query logged" test=archv2-nxm tool=conduit-v1 collector=conduit type=conduit collector=conduit type=conduit params="map[end:2026-08-02T22:45:30.234Z query:rate(conduit_connector_bytes_sum{pipeline_name=\"archv2-nxm\",type=\"destination\"}[2s])/1048576 start:2026-08-02T22:45:28.232Z step:1]" stats="&{Timings:{EvalTotalTime:5.5083e-05 ResultSortTime:7.08e-07 QueryPreparationTime:8.666e-06 InnerEvalTime:3.6542e-05 ExecQueueTime:1.2376e-05 ExecTotalTime:6.9833e-05} Samples:0x140010aa4b0}" spanID=0000000000000000
time=2026-08-02T15:45:30.234-07:00 level=WARN msg="Query returned multiple series, only first will be used" test=archv2-nxm tool=conduit-v1 collector=conduit type=conduit collector=conduit type=conduit series-count=2
time=2026-08-02T15:45:30.234-07:00 level=DEBUG msg="Query returned data" test=archv2-nxm tool=conduit-v1 collector=conduit type=conduit collector=conduit type=conduit name=msg-megabytes-out-per-second[archv2-nxm] series-count=1 last-value=0.47492218017578125
time=2026-08-02T15:45:30.431-07:00 level=DEBUG msg="Inspecting container" model=container-monitor name=benchi-conduit
time=2026-08-02T15:45:30.954-07:00 level=DEBUG msg="Inspecting container" model=container-monitor name=benchi-conduit
time=2026-08-02T15:45:31.233-07:00 level=DEBUG msg="promql query logged" test=archv2-nxm tool=conduit-v1 collector=conduit type=conduit collector=conduit type=conduit params="map[end:2026-08-02T22:45:31.233Z query:rate(conduit_pipeline_execution_duration_seconds_count{pipeline_name=\"archv2-nxm\"}[2s]) start:2026-08-02T22:45:28.232Z step:1]" stats="&{Timings:{EvalTotalTime:8.0833e-05 ResultSortTime:5.42e-07 QueryPreparationTime:4.1833e-05 InnerEvalTime:2.9292e-05 ExecQueueTime:2.291e-06 ExecTotalTime:8.5917e-05} Samples:0x140010aab40}" spanID=0000000000000000
time=2026-08-02T15:45:31.233-07:00 level=DEBUG msg="Query returned data" test=archv2-nxm tool=conduit-v1 collector=conduit type=conduit collector=conduit type=conduit name=msg-rate-per-second[archv2-nxm] series-count=1 last-value=16428
time=2026-08-02T15:45:31.233-07:00 level=DEBUG msg="promql query logged" test=archv2-nxm tool=conduit-v1 collector=conduit type=conduit collector=conduit type=conduit params="map[end:2026-08-02T22:45:31.233Z query:rate(conduit_connector_bytes_sum{pipeline_name=\"archv2-nxm\",type=\"source\"}[2s])/1048576 start:2026-08-02T22:45:28.232Z step:1]" stats="&{Timings:{EvalTotalTime:4.5583e-05 ResultSortTime:7.92e-07 QueryPreparationTime:8.875e-06 InnerEvalTime:2.7375e-05 ExecQueueTime:1.375e-06 ExecTotalTime:4.825e-05} Samples:0x140010ab200}" spanID=0000000000000000
time=2026-08-02T15:45:31.233-07:00 level=WARN msg="Query returned multiple series, only first will be used" test=archv2-nxm tool=conduit-v1 collector=conduit type=conduit collector=conduit type=conduit series-count=2
time=2026-08-02T15:45:31.233-07:00 level=DEBUG msg="Query returned data" test=archv2-nxm tool=conduit-v1 collector=conduit type=conduit collector=conduit type=conduit name=msg-megabytes-in-per-second[archv2-nxm] series-count=1 last-value=0.23010730743408203
time=2026-08-02T15:45:31.233-07:00 level=DEBUG msg="promql query logged" test=archv2-nxm tool=conduit-v1 collector=conduit type=conduit collector=conduit type=conduit params="map[end:2026-08-02T22:45:31.233Z query:rate(conduit_connector_bytes_sum{pipeline_name=\"archv2-nxm\",type=\"destination\"}[2s])/1048576 start:2026-08-02T22:45:28.232Z step:1]" stats="&{Timings:{EvalTotalTime:1.875e-05 ResultSortTime:2.08e-07 QueryPreparationTime:3.583e-06 InnerEvalTime:1.3166e-05 ExecQueueTime:5e-07 ExecTotalTime:2.0291e-05} Samples:0x140010aba40}" spanID=0000000000000000
time=2026-08-02T15:45:31.234-07:00 level=WARN msg="Query returned multiple series, only first will be used" test=archv2-nxm tool=conduit-v1 collector=conduit type=conduit collector=conduit type=conduit series-count=2
time=2026-08-02T15:45:31.234-07:00 level=DEBUG msg="Query returned data" test=archv2-nxm tool=conduit-v1 collector=conduit type=conduit collector=conduit type=conduit name=msg-megabytes-out-per-second[archv2-nxm] series-count=1 last-value=0.463836669921875
time=2026-08-02T15:45:31.470-07:00 level=DEBUG msg="Inspecting container" model=container-monitor name=benchi-conduit
time=2026-08-02T15:45:31.982-07:00 level=DEBUG msg="Inspecting container" model=container-monitor name=benchi-conduit
time=2026-08-02T15:45:32.233-07:00 level=DEBUG msg="promql query logged" test=archv2-nxm tool=conduit-v1 collector=conduit type=conduit collector=conduit type=conduit params="map[end:2026-08-02T22:45:32.233Z query:rate(conduit_pipeline_execution_duration_seconds_count{pipeline_name=\"archv2-nxm\"}[2s]) start:2026-08-02T22:45:28.232Z step:1]" stats="&{Timings:{EvalTotalTime:5.6209e-05 ResultSortTime:3.75e-07 QueryPreparationTime:1.425e-05 InnerEvalTime:3.6083e-05 ExecQueueTime:1.8708e-05 ExecTotalTime:7.8334e-05} Samples:0x14001019710}" spanID=0000000000000000
time=2026-08-02T15:45:32.234-07:00 level=DEBUG msg="Query returned data" test=archv2-nxm tool=conduit-v1 collector=conduit type=conduit collector=conduit type=conduit name=msg-rate-per-second[archv2-nxm] series-count=1 last-value=15766
time=2026-08-02T15:45:32.234-07:00 level=DEBUG msg="promql query logged" test=archv2-nxm tool=conduit-v1 collector=conduit type=conduit collector=conduit type=conduit params="map[end:2026-08-02T22:45:32.234Z query:rate(conduit_connector_bytes_sum{pipeline_name=\"archv2-nxm\",type=\"source\"}[2s])/1048576 start:2026-08-02T22:45:28.232Z step:1]" stats="&{Timings:{EvalTotalTime:4.425e-05 ResultSortTime:8.75e-07 QueryPreparationTime:8.541e-06 InnerEvalTime:3.1125e-05 ExecQueueTime:1.625e-06 ExecTotalTime:5.8416e-05} Samples:0x14001019dd0}" spanID=0000000000000000
time=2026-08-02T15:45:32.234-07:00 level=WARN msg="Query returned multiple series, only first will be used" test=archv2-nxm tool=conduit-v1 collector=conduit type=conduit collector=conduit type=conduit series-count=2
time=2026-08-02T15:45:32.234-07:00 level=DEBUG msg="Query returned data" test=archv2-nxm tool=conduit-v1 collector=conduit type=conduit collector=conduit type=conduit name=msg-megabytes-in-per-second[archv2-nxm] series-count=1 last-value=0.22046947479248047
time=2026-08-02T15:45:32.234-07:00 level=DEBUG msg="promql query logged" test=archv2-nxm tool=conduit-v1 collector=conduit type=conduit collector=conduit type=conduit params="map[end:2026-08-02T22:45:32.234Z query:rate(conduit_connector_bytes_sum{pipeline_name=\"archv2-nxm\",type=\"destination\"}[2s])/1048576 start:2026-08-02T22:45:28.232Z step:1]" stats="&{Timings:{EvalTotalTime:3.65e-05 ResultSortTime:3.75e-07 QueryPreparationTime:7.125e-06 InnerEvalTime:2.5417e-05 ExecQueueTime:1.042e-06 ExecTotalTime:3.9125e-05} Samples:0x14001262750}" spanID=0000000000000000
time=2026-08-02T15:45:32.234-07:00 level=WARN msg="Query returned multiple series, only first will be used" test=archv2-nxm tool=conduit-v1 collector=conduit type=conduit collector=conduit type=conduit series-count=2
time=2026-08-02T15:45:32.234-07:00 level=DEBUG msg="Query returned data" test=archv2-nxm tool=conduit-v1 collector=conduit type=conduit collector=conduit type=conduit name=msg-megabytes-out-per-second[archv2-nxm] series-count=1 last-value=0.4454164505004883
time=2026-08-02T15:45:32.511-07:00 level=DEBUG msg="Inspecting container" model=container-monitor name=benchi-conduit
time=2026-08-02T15:45:33.018-07:00 level=DEBUG msg="Inspecting container" model=container-monitor name=benchi-conduit
time=2026-08-02T15:45:33.234-07:00 level=DEBUG msg="promql query logged" test=archv2-nxm tool=conduit-v1 collector=conduit type=conduit collector=conduit type=conduit params="map[end:2026-08-02T22:45:33.234Z query:rate(conduit_pipeline_execution_duration_seconds_count{pipeline_name=\"archv2-nxm\"}[2s]) start:2026-08-02T22:45:28.232Z step:1]" stats="&{Timings:{EvalTotalTime:6.9459e-05 ResultSortTime:4.59e-07 QueryPreparationTime:1.7583e-05 InnerEvalTime:3.9458e-05 ExecQueueTime:2.667e-06 ExecTotalTime:7.4709e-05} Samples:0x140010e58c0}" spanID=0000000000000000
time=2026-08-02T15:45:33.234-07:00 level=DEBUG msg="Query returned data" test=archv2-nxm tool=conduit-v1 collector=conduit type=conduit collector=conduit type=conduit name=msg-rate-per-second[archv2-nxm] series-count=1 last-value=14965
time=2026-08-02T15:45:33.235-07:00 level=DEBUG msg="promql query logged" test=archv2-nxm tool=conduit-v1 collector=conduit type=conduit collector=conduit type=conduit params="map[end:2026-08-02T22:45:33.234Z query:rate(conduit_connector_bytes_sum{pipeline_name=\"archv2-nxm\",type=\"source\"}[2s])/1048576 start:2026-08-02T22:45:28.232Z step:1]" stats="&{Timings:{EvalTotalTime:8.5333e-05 ResultSortTime:9.59e-07 QueryPreparationTime:4.1916e-05 InnerEvalTime:3.8e-05 ExecQueueTime:1.707e-06 ExecTotalTime:8.9125e-05} Samples:0x140012f6000}" spanID=0000000000000000
time=2026-08-02T15:45:33.235-07:00 level=WARN msg="Query returned multiple series, only first will be used" test=archv2-nxm tool=conduit-v1 collector=conduit type=conduit collector=conduit type=conduit series-count=2
time=2026-08-02T15:45:33.235-07:00 level=DEBUG msg="Query returned data" test=archv2-nxm tool=conduit-v1 collector=conduit type=conduit collector=conduit type=conduit name=msg-megabytes-in-per-second[archv2-nxm] series-count=1 last-value=0.21079063415527344
time=2026-08-02T15:45:33.235-07:00 level=DEBUG msg="promql query logged" test=archv2-nxm tool=conduit-v1 collector=conduit type=conduit collector=conduit type=conduit params="map[end:2026-08-02T22:45:33.235Z query:rate(conduit_connector_bytes_sum{pipeline_name=\"archv2-nxm\",type=\"destination\"}[2s])/1048576 start:2026-08-02T22:45:28.232Z step:1]" stats="&{Timings:{EvalTotalTime:4.0084e-05 ResultSortTime:5.42e-07 QueryPreparationTime:7.125e-06 InnerEvalTime:2.9e-05 ExecQueueTime:1.041e-06 ExecTotalTime:4.3125e-05} Samples:0x140012634d0}" spanID=0000000000000000
time=2026-08-02T15:45:33.236-07:00 level=WARN msg="Query returned multiple series, only first will be used" test=archv2-nxm tool=conduit-v1 collector=conduit type=conduit collector=conduit type=conduit series-count=2
time=2026-08-02T15:45:33.235-07:00 level=INFO msg="Test in progress" test=archv2-nxm tool=conduit-v1 step=test time-left=55s
time=2026-08-02T15:45:33.237-07:00 level=DEBUG msg="Query returned data" test=archv2-nxm tool=conduit-v1 collector=conduit type=conduit collector=conduit type=conduit name=msg-megabytes-out-per-second[archv2-nxm] series-count=1 last-value=0.4217662811279297
time=2026-08-02T15:45:33.534-07:00 level=DEBUG msg="Inspecting container" model=container-monitor name=benchi-conduit
time=2026-08-02T15:45:34.046-07:00 level=DEBUG msg="Inspecting container" model=container-monitor name=benchi-conduit
time=2026-08-02T15:45:34.233-07:00 level=DEBUG msg="promql query logged" test=archv2-nxm tool=conduit-v1 collector=conduit type=conduit collector=conduit type=conduit params="map[end:2026-08-02T22:45:34.233Z query:rate(conduit_pipeline_execution_duration_seconds_count{pipeline_name=\"archv2-nxm\"}[2s]) start:2026-08-02T22:45:28.232Z step:1]" stats="&{Timings:{EvalTotalTime:5.9916e-05 ResultSortTime:3.75e-07 QueryPreparationTime:1.3459e-05 InnerEvalTime:2.5375e-05 ExecQueueTime:2.708e-06 ExecTotalTime:6.5e-05} Samples:0x140011179b0}" spanID=0000000000000000
time=2026-08-02T15:45:34.233-07:00 level=DEBUG msg="Query returned data" test=archv2-nxm tool=conduit-v1 collector=conduit type=conduit collector=conduit type=conduit name=msg-rate-per-second[archv2-nxm] series-count=1 last-value=15085
time=2026-08-02T15:45:34.233-07:00 level=DEBUG msg="promql query logged" test=archv2-nxm tool=conduit-v1 collector=conduit type=conduit collector=conduit type=conduit params="map[end:2026-08-02T22:45:34.233Z query:rate(conduit_connector_bytes_sum{pipeline_name=\"archv2-nxm\",type=\"source\"}[2s])/1048576 start:2026-08-02T22:45:28.232Z step:1]" stats="&{Timings:{EvalTotalTime:5.9458e-05 ResultSortTime:7.09e-07 QueryPreparationTime:1.9333e-05 InnerEvalTime:3.5792e-05 ExecQueueTime:8.33e-07 ExecTotalTime:6.1667e-05} Samples:0x140014a4120}" spanID=0000000000000000
time=2026-08-02T15:45:34.233-07:00 level=WARN msg="Query returned multiple series, only first will be used" test=archv2-nxm tool=conduit-v1 collector=conduit type=conduit collector=conduit type=conduit series-count=2
time=2026-08-02T15:45:34.234-07:00 level=DEBUG msg="Query returned data" test=archv2-nxm tool=conduit-v1 collector=conduit type=conduit collector=conduit type=conduit name=msg-megabytes-in-per-second[archv2-nxm] series-count=1 last-value=0.21777820587158203
time=2026-08-02T15:45:34.234-07:00 level=DEBUG msg="promql query logged" test=archv2-nxm tool=conduit-v1 collector=conduit type=conduit collector=conduit type=conduit params="map[end:2026-08-02T22:45:34.234Z query:rate(conduit_connector_bytes_sum{pipeline_name=\"archv2-nxm\",type=\"destination\"}[2s])/1048576 start:2026-08-02T22:45:28.232Z step:1]" stats="&{Timings:{EvalTotalTime:3.1292e-05 ResultSortTime:3.34e-07 QueryPreparationTime:5.625e-06 InnerEvalTime:2.2333e-05 ExecQueueTime:8.75e-07 ExecTotalTime:3.3625e-05} Samples:0x140014a4a20}" spanID=0000000000000000
time=2026-08-02T15:45:34.234-07:00 level=WARN msg="Query returned multiple series, only first will be used" test=archv2-nxm tool=conduit-v1 collector=conduit type=conduit collector=conduit type=conduit series-count=2
time=2026-08-02T15:45:34.234-07:00 level=DEBUG msg="Query returned data" test=archv2-nxm tool=conduit-v1 collector=conduit type=conduit collector=conduit type=conduit name=msg-megabytes-out-per-second[archv2-nxm] series-count=1 last-value=0.4265270233154297
time=2026-08-02T15:45:34.565-07:00 level=DEBUG msg="Inspecting container" model=container-monitor name=benchi-conduit
time=2026-08-02T15:45:35.088-07:00 level=DEBUG msg="Inspecting container" model=container-monitor name=benchi-conduit
time=2026-08-02T15:45:35.235-07:00 level=DEBUG msg="promql query logged" test=archv2-nxm tool=conduit-v1 collector=conduit type=conduit collector=conduit type=conduit params="map[end:2026-08-02T22:45:35.235Z query:rate(conduit_pipeline_execution_duration_seconds_count{pipeline_name=\"archv2-nxm\"}[2s]) start:2026-08-02T22:45:28.232Z step:1]" stats="&{Timings:{EvalTotalTime:6.4792e-05 ResultSortTime:3.75e-07 QueryPreparationTime:3.35e-05 InnerEvalTime:2.6041e-05 ExecQueueTime:1.875e-06 ExecTotalTime:6.8958e-05} Samples:0x140014a4cf0}" spanID=0000000000000000
time=2026-08-02T15:45:35.235-07:00 level=DEBUG msg="Query returned data" test=archv2-nxm tool=conduit-v1 collector=conduit type=conduit collector=conduit type=conduit name=msg-rate-per-second[archv2-nxm] series-count=1 last-value=15933
time=2026-08-02T15:45:35.235-07:00 level=DEBUG msg="promql query logged" test=archv2-nxm tool=conduit-v1 collector=conduit type=conduit collector=conduit type=conduit params="map[end:2026-08-02T22:45:35.235Z query:rate(conduit_connector_bytes_sum{pipeline_name=\"archv2-nxm\",type=\"source\"}[2s])/1048576 start:2026-08-02T22:45:28.232Z step:1]" stats="&{Timings:{EvalTotalTime:7.7542e-05 ResultSortTime:1.041e-06 QueryPreparationTime:7.209e-06 InnerEvalTime:6.575e-05 ExecQueueTime:7.92e-07 ExecTotalTime:8e-05} Samples:0x140014a54a0}" spanID=0000000000000000
time=2026-08-02T15:45:35.235-07:00 level=WARN msg="Query returned multiple series, only first will be used" test=archv2-nxm tool=conduit-v1 collector=conduit type=conduit collector=conduit type=conduit series-count=2
time=2026-08-02T15:45:35.235-07:00 level=DEBUG msg="Query returned data" test=archv2-nxm tool=conduit-v1 collector=conduit type=conduit collector=conduit type=conduit name=msg-megabytes-in-per-second[archv2-nxm] series-count=1 last-value=0.2260732650756836
time=2026-08-02T15:45:35.235-07:00 level=DEBUG msg="promql query logged" test=archv2-nxm tool=conduit-v1 collector=conduit type=conduit collector=conduit type=conduit params="map[end:2026-08-02T22:45:35.235Z query:rate(conduit_connector_bytes_sum{pipeline_name=\"archv2-nxm\",type=\"destination\"}[2s])/1048576 start:2026-08-02T22:45:28.232Z step:1]" stats="&{Timings:{EvalTotalTime:3.5708e-05 ResultSortTime:4.58e-07 QueryPreparationTime:6.583e-06 InnerEvalTime:2.5542e-05 ExecQueueTime:8.75e-07 ExecTotalTime:3.8166e-05} Samples:0x140014a5e60}" spanID=0000000000000000
time=2026-08-02T15:45:35.235-07:00 level=WARN msg="Query returned multiple series, only first will be used" test=archv2-nxm tool=conduit-v1 collector=conduit type=conduit collector=conduit type=conduit series-count=2
time=2026-08-02T15:45:35.235-07:00 level=DEBUG msg="Query returned data" test=archv2-nxm tool=conduit-v1 collector=conduit type=conduit collector=conduit type=conduit name=msg-megabytes-out-per-second[archv2-nxm] series-count=1 last-value=0.4510478973388672
time=2026-08-02T15:45:35.600-07:00 level=DEBUG msg="Inspecting container" model=container-monitor name=benchi-conduit
time=2026-08-02T15:45:36.131-07:00 level=DEBUG msg="Inspecting container" model=container-monitor name=benchi-conduit
time=2026-08-02T15:45:36.234-07:00 level=DEBUG msg="promql query logged" test=archv2-nxm tool=conduit-v1 collector=conduit type=conduit collector=conduit type=conduit params="map[end:2026-08-02T22:45:36.234Z query:rate(conduit_pipeline_execution_duration_seconds_count{pipeline_name=\"archv2-nxm\"}[2s]) start:2026-08-02T22:45:28.232Z step:1]" stats="&{Timings:{EvalTotalTime:3.2417e-05 ResultSortTime:3.33e-07 QueryPreparationTime:1.0042e-05 InnerEvalTime:1.9292e-05 ExecQueueTime:1.958e-06 ExecTotalTime:3.5709e-05} Samples:0x140012f7230}" spanID=0000000000000000
time=2026-08-02T15:45:36.235-07:00 level=DEBUG msg="Query returned data" test=archv2-nxm tool=conduit-v1 collector=conduit type=conduit collector=conduit type=conduit name=msg-rate-per-second[archv2-nxm] series-count=1 last-value=14288
time=2026-08-02T15:45:36.235-07:00 level=DEBUG msg="promql query logged" test=archv2-nxm tool=conduit-v1 collector=conduit type=conduit collector=conduit type=conduit params="map[end:2026-08-02T22:45:36.235Z query:rate(conduit_connector_bytes_sum{pipeline_name=\"archv2-nxm\",type=\"source\"}[2s])/1048576 start:2026-08-02T22:45:28.232Z step:1]" stats="&{Timings:{EvalTotalTime:2.5083e-05 ResultSortTime:5e-07 QueryPreparationTime:3.959e-06 InnerEvalTime:1.8959e-05 ExecQueueTime:5.41e-07 ExecTotalTime:2.6417e-05} Samples:0x140012f7aa0}" spanID=0000000000000000
time=2026-08-02T15:45:36.235-07:00 level=WARN msg="Query returned multiple series, only first will be used" test=archv2-nxm tool=conduit-v1 collector=conduit type=conduit collector=conduit type=conduit series-count=2
time=2026-08-02T15:45:36.235-07:00 level=DEBUG msg="Query returned data" test=archv2-nxm tool=conduit-v1 collector=conduit type=conduit collector=conduit type=conduit name=msg-megabytes-in-per-second[archv2-nxm] series-count=1 last-value=0.20307636260986328
time=2026-08-02T15:45:36.235-07:00 level=DEBUG msg="promql query logged" test=archv2-nxm tool=conduit-v1 collector=conduit type=conduit collector=conduit type=conduit params="map[end:2026-08-02T22:45:36.235Z query:rate(conduit_connector_bytes_sum{pipeline_name=\"archv2-nxm\",type=\"destination\"}[2s])/1048576 start:2026-08-02T22:45:28.232Z step:1]" stats="&{Timings:{EvalTotalTime:3.4917e-05 ResultSortTime:2.92e-07 QueryPreparationTime:5.25e-06 InnerEvalTime:2.7042e-05 ExecQueueTime:9.58e-07 ExecTotalTime:3.7084e-05} Samples:0x14001262cc0}" spanID=0000000000000000
time=2026-08-02T15:45:36.235-07:00 level=WARN msg="Query returned multiple series, only first will be used" test=archv2-nxm tool=conduit-v1 collector=conduit type=conduit collector=conduit type=conduit series-count=2
time=2026-08-02T15:45:36.235-07:00 level=DEBUG msg="Query returned data" test=archv2-nxm tool=conduit-v1 collector=conduit type=conduit collector=conduit type=conduit name=msg-megabytes-out-per-second[archv2-nxm] series-count=1 last-value=0.4037284851074219
time=2026-08-02T15:45:36.666-07:00 level=DEBUG msg="Inspecting container" model=container-monitor name=benchi-conduit
time=2026-08-02T15:45:37.175-07:00 level=DEBUG msg="Inspecting container" model=container-monitor name=benchi-conduit
time=2026-08-02T15:45:37.234-07:00 level=DEBUG msg="promql query logged" test=archv2-nxm tool=conduit-v1 collector=conduit type=conduit collector=conduit type=conduit params="map[end:2026-08-02T22:45:37.234Z query:rate(conduit_pipeline_execution_duration_seconds_count{pipeline_name=\"archv2-nxm\"}[2s]) start:2026-08-02T22:45:28.232Z step:1]" stats="&{Timings:{EvalTotalTime:5.1958e-05 ResultSortTime:4.58e-07 QueryPreparationTime:1.45e-05 InnerEvalTime:3.2208e-05 ExecQueueTime:2.292e-06 ExecTotalTime:5.6833e-05} Samples:0x140007fc570}" spanID=0000000000000000
time=2026-08-02T15:45:37.235-07:00 level=DEBUG msg="Query returned data" test=archv2-nxm tool=conduit-v1 collector=conduit type=conduit collector=conduit type=conduit name=msg-rate-per-second[archv2-nxm] series-count=1 last-value=13864
time=2026-08-02T15:45:37.235-07:00 level=DEBUG msg="promql query logged" test=archv2-nxm tool=conduit-v1 collector=conduit type=conduit collector=conduit type=conduit params="map[end:2026-08-02T22:45:37.235Z query:rate(conduit_connector_bytes_sum{pipeline_name=\"archv2-nxm\",type=\"source\"}[2s])/1048576 start:2026-08-02T22:45:28.232Z step:1]" stats="&{Timings:{EvalTotalTime:4.9625e-05 ResultSortTime:8.75e-07 QueryPreparationTime:6.625e-06 InnerEvalTime:3.7625e-05 ExecQueueTime:8.75e-07 ExecTotalTime:5.2041e-05} Samples:0x140007fcc30}" spanID=0000000000000000
time=2026-08-02T15:45:37.235-07:00 level=WARN msg="Query returned multiple series, only first will be used" test=archv2-nxm tool=conduit-v1 collector=conduit type=conduit collector=conduit type=conduit series-count=2
time=2026-08-02T15:45:37.235-07:00 level=DEBUG msg="Query returned data" test=archv2-nxm tool=conduit-v1 collector=conduit type=conduit collector=conduit type=conduit name=msg-megabytes-in-per-second[archv2-nxm] series-count=1 last-value=0.19574928283691406
time=2026-08-02T15:45:37.235-07:00 level=DEBUG msg="promql query logged" test=archv2-nxm tool=conduit-v1 collector=conduit type=conduit collector=conduit type=conduit params="map[end:2026-08-02T22:45:37.235Z query:rate(conduit_connector_bytes_sum{pipeline_name=\"archv2-nxm\",type=\"destination\"}[2s])/1048576 start:2026-08-02T22:45:28.232Z step:1]" stats="&{Timings:{EvalTotalTime:4.5917e-05 ResultSortTime:5e-07 QueryPreparationTime:9.75e-06 InnerEvalTime:3.1708e-05 ExecQueueTime:1.208e-06 ExecTotalTime:4.9834e-05} Samples:0x140007fd5f0}" spanID=0000000000000000
time=2026-08-02T15:45:37.235-07:00 level=WARN msg="Query returned multiple series, only first will be used" test=archv2-nxm tool=conduit-v1 collector=conduit type=conduit collector=conduit type=conduit series-count=2
time=2026-08-02T15:45:37.235-07:00 level=DEBUG msg="Query returned data" test=archv2-nxm tool=conduit-v1 collector=conduit type=conduit collector=conduit type=conduit name=msg-megabytes-out-per-second[archv2-nxm] series-count=1 last-value=0.3913459777832031
time=2026-08-02T15:45:37.691-07:00 level=DEBUG msg="Inspecting container" model=container-monitor name=benchi-conduit
time=2026-08-02T15:45:38.208-07:00 level=DEBUG msg="Inspecting container" model=container-monitor name=benchi-conduit
time=2026-08-02T15:45:38.233-07:00 level=DEBUG msg="promql query logged" test=archv2-nxm tool=conduit-v1 collector=conduit type=conduit collector=conduit type=conduit params="map[end:2026-08-02T22:45:38.233Z query:rate(conduit_pipeline_execution_duration_seconds_count{pipeline_name=\"archv2-nxm\"}[2s]) start:2026-08-02T22:45:28.232Z step:1]" stats="&{Timings:{EvalTotalTime:5.2291e-05 ResultSortTime:5e-07 QueryPreparationTime:1.6084e-05 InnerEvalTime:3.0791e-05 ExecQueueTime:2.625e-06 ExecTotalTime:5.7208e-05} Samples:0x14000f6c0f0}" spanID=0000000000000000
time=2026-08-02T15:45:38.234-07:00 level=DEBUG msg="Query returned data" test=archv2-nxm tool=conduit-v1 collector=conduit type=conduit collector=conduit type=conduit name=msg-rate-per-second[archv2-nxm] series-count=1 last-value=15055
time=2026-08-02T15:45:38.234-07:00 level=DEBUG msg="promql query logged" test=archv2-nxm tool=conduit-v1 collector=conduit type=conduit collector=conduit type=conduit params="map[end:2026-08-02T22:45:38.234Z query:rate(conduit_connector_bytes_sum{pipeline_name=\"archv2-nxm\",type=\"source\"}[2s])/1048576 start:2026-08-02T22:45:28.232Z step:1]" stats="&{Timings:{EvalTotalTime:4.5333e-05 ResultSortTime:8.34e-07 QueryPreparationTime:6.916e-06 InnerEvalTime:3.3958e-05 ExecQueueTime:1e-06 ExecTotalTime:4.7958e-05} Samples:0x14000f6d710}" spanID=0000000000000000
time=2026-08-02T15:45:38.234-07:00 level=WARN msg="Query returned multiple series, only first will be used" test=archv2-nxm tool=conduit-v1 collector=conduit type=conduit collector=conduit type=conduit series-count=2
time=2026-08-02T15:45:38.234-07:00 level=DEBUG msg="Query returned data" test=archv2-nxm tool=conduit-v1 collector=conduit type=conduit collector=conduit type=conduit name=msg-megabytes-in-per-second[archv2-nxm] series-count=1 last-value=0.21189308166503906
time=2026-08-02T15:45:38.234-07:00 level=DEBUG msg="promql query logged" test=archv2-nxm tool=conduit-v1 collector=conduit type=conduit collector=conduit type=conduit params="map[end:2026-08-02T22:45:38.234Z query:rate(conduit_connector_bytes_sum{pipeline_name=\"archv2-nxm\",type=\"destination\"}[2s])/1048576 start:2026-08-02T22:45:28.232Z step:1]" stats="&{Timings:{EvalTotalTime:3.95e-05 ResultSortTime:3.75e-07 QueryPreparationTime:6.708e-06 InnerEvalTime:2.9209e-05 ExecQueueTime:8.34e-07 ExecTotalTime:4.1875e-05} Samples:0x140005de2d0}" spanID=0000000000000000
time=2026-08-02T15:45:38.234-07:00 level=WARN msg="Query returned multiple series, only first will be used" test=archv2-nxm tool=conduit-v1 collector=conduit type=conduit collector=conduit type=conduit series-count=2
time=2026-08-02T15:45:38.234-07:00 level=DEBUG msg="Query returned data" test=archv2-nxm tool=conduit-v1 collector=conduit type=conduit collector=conduit type=conduit name=msg-megabytes-out-per-second[archv2-nxm] series-count=1 last-value=0.4265270233154297
time=2026-08-02T15:45:38.234-07:00 level=INFO msg="Test in progress" test=archv2-nxm tool=conduit-v1 step=test time-left=50s
time=2026-08-02T15:45:38.725-07:00 level=DEBUG msg="Inspecting container" model=container-monitor name=benchi-conduit
time=2026-08-02T15:45:39.234-07:00 level=DEBUG msg="promql query logged" test=archv2-nxm tool=conduit-v1 collector=conduit type=conduit collector=conduit type=conduit params="map[end:2026-08-02T22:45:39.233Z query:rate(conduit_pipeline_execution_duration_seconds_count{pipeline_name=\"archv2-nxm\"}[2s]) start:2026-08-02T22:45:28.232Z step:1]" stats="&{Timings:{EvalTotalTime:5.05e-05 ResultSortTime:3.75e-07 QueryPreparationTime:1.5208e-05 InnerEvalTime:2.9958e-05 ExecQueueTime:2.25e-06 ExecTotalTime:5.5e-05} Samples:0x14001599dd0}" spanID=0000000000000000
time=2026-08-02T15:45:39.234-07:00 level=DEBUG msg="Query returned data" test=archv2-nxm tool=conduit-v1 collector=conduit type=conduit collector=conduit type=conduit name=msg-rate-per-second[archv2-nxm] series-count=1 last-value=15607
time=2026-08-02T15:45:39.234-07:00 level=DEBUG msg="promql query logged" test=archv2-nxm tool=conduit-v1 collector=conduit type=conduit collector=conduit type=conduit params="map[end:2026-08-02T22:45:39.234Z query:rate(conduit_connector_bytes_sum{pipeline_name=\"archv2-nxm\",type=\"source\"}[2s])/1048576 start:2026-08-02T22:45:28.232Z step:1]" stats="&{Timings:{EvalTotalTime:4.8375e-05 ResultSortTime:7.91e-07 QueryPreparationTime:7.041e-06 InnerEvalTime:3.5667e-05 ExecQueueTime:8.75e-07 ExecTotalTime:5.1e-05} Samples:0x14000ab4c00}" spanID=0000000000000000
time=2026-08-02T15:45:39.234-07:00 level=WARN msg="Query returned multiple series, only first will be used" test=archv2-nxm tool=conduit-v1 collector=conduit type=conduit collector=conduit type=conduit series-count=2
time=2026-08-02T15:45:39.234-07:00 level=DEBUG msg="Query returned data" test=archv2-nxm tool=conduit-v1 collector=conduit type=conduit collector=conduit type=conduit name=msg-megabytes-in-per-second[archv2-nxm] series-count=1 last-value=0.2173480987548828
time=2026-08-02T15:45:39.234-07:00 level=DEBUG msg="promql query logged" test=archv2-nxm tool=conduit-v1 collector=conduit type=conduit collector=conduit type=conduit params="map[end:2026-08-02T22:45:39.234Z query:rate(conduit_connector_bytes_sum{pipeline_name=\"archv2-nxm\",type=\"destination\"}[2s])/1048576 start:2026-08-02T22:45:28.232Z step:1]" stats="&{Timings:{EvalTotalTime:4.1333e-05 ResultSortTime:3.34e-07 QueryPreparationTime:6.583e-06 InnerEvalTime:3.0917e-05 ExecQueueTime:6.67e-07 ExecTotalTime:4.3625e-05} Samples:0x14000abe690}" spanID=0000000000000000
time=2026-08-02T15:45:39.234-07:00 level=WARN msg="Query returned multiple series, only first will be used" test=archv2-nxm tool=conduit-v1 collector=conduit type=conduit collector=conduit type=conduit series-count=2
time=2026-08-02T15:45:39.234-07:00 level=DEBUG msg="Query returned data" test=archv2-nxm tool=conduit-v1 collector=conduit type=conduit collector=conduit type=conduit name=msg-megabytes-out-per-second[archv2-nxm] series-count=1 last-value=0.44141387939453125
time=2026-08-02T15:45:39.236-07:00 level=DEBUG msg="Inspecting container" model=container-monitor name=benchi-conduit
time=2026-08-02T15:45:39.755-07:00 level=DEBUG msg="Inspecting container" model=container-monitor name=benchi-conduit
time=2026-08-02T15:45:40.233-07:00 level=DEBUG msg="promql query logged" test=archv2-nxm tool=conduit-v1 collector=conduit type=conduit collector=conduit type=conduit params="map[end:2026-08-02T22:45:40.233Z query:rate(conduit_pipeline_execution_duration_seconds_count{pipeline_name=\"archv2-nxm\"}[2s]) start:2026-08-02T22:45:28.232Z step:1]" stats="&{Timings:{EvalTotalTime:4.8166e-05 ResultSortTime:3.75e-07 QueryPreparationTime:1.3625e-05 InnerEvalTime:2.9417e-05 ExecQueueTime:2.375e-06 ExecTotalTime:5.2708e-05} Samples:0x14001074120}" spanID=0000000000000000
time=2026-08-02T15:45:40.233-07:00 level=DEBUG msg="Query returned data" test=archv2-nxm tool=conduit-v1 collector=conduit type=conduit collector=conduit type=conduit name=msg-rate-per-second[archv2-nxm] series-count=1 last-value=13976
time=2026-08-02T15:45:40.233-07:00 level=DEBUG msg="promql query logged" test=archv2-nxm tool=conduit-v1 collector=conduit type=conduit collector=conduit type=conduit params="map[end:2026-08-02T22:45:40.233Z query:rate(conduit_connector_bytes_sum{pipeline_name=\"archv2-nxm\",type=\"source\"}[2s])/1048576 start:2026-08-02T22:45:28.232Z step:1]" stats="&{Timings:{EvalTotalTime:6.0542e-05 ResultSortTime:8.33e-07 QueryPreparationTime:1.1291e-05 InnerEvalTime:4.3416e-05 ExecQueueTime:1.333e-06 ExecTotalTime:6.4834e-05} Samples:0x140010747e0}" spanID=0000000000000000
time=2026-08-02T15:45:40.233-07:00 level=WARN msg="Query returned multiple series, only first will be used" test=archv2-nxm tool=conduit-v1 collector=conduit type=conduit collector=conduit type=conduit series-count=2
time=2026-08-02T15:45:40.233-07:00 level=DEBUG msg="Query returned data" test=archv2-nxm tool=conduit-v1 collector=conduit type=conduit collector=conduit type=conduit name=msg-megabytes-in-per-second[archv2-nxm] series-count=1 last-value=0.20004558563232422
time=2026-08-02T15:45:40.234-07:00 level=DEBUG msg="promql query logged" test=archv2-nxm tool=conduit-v1 collector=conduit type=conduit collector=conduit type=conduit params="map[end:2026-08-02T22:45:40.233Z query:rate(conduit_connector_bytes_sum{pipeline_name=\"archv2-nxm\",type=\"destination\"}[2s])/1048576 start:2026-08-02T22:45:28.232Z step:1]" stats="&{Timings:{EvalTotalTime:4.4083e-05 ResultSortTime:4.59e-07 QueryPreparationTime:7.25e-06 InnerEvalTime:3.2958e-05 ExecQueueTime:8.75e-07 ExecTotalTime:4.6834e-05} Samples:0x1400066d110}" spanID=0000000000000000
time=2026-08-02T15:45:40.234-07:00 level=WARN msg="Query returned multiple series, only first will be used" test=archv2-nxm tool=conduit-v1 collector=conduit type=conduit collector=conduit type=conduit series-count=2
time=2026-08-02T15:45:40.234-07:00 level=DEBUG msg="Query returned data" test=archv2-nxm tool=conduit-v1 collector=conduit type=conduit collector=conduit type=conduit name=msg-megabytes-out-per-second[archv2-nxm] series-count=1 last-value=0.3950204849243164
time=2026-08-02T15:45:40.276-07:00 level=DEBUG msg="Inspecting container" model=container-monitor name=benchi-conduit
time=2026-08-02T15:45:40.786-07:00 level=DEBUG msg="Inspecting container" model=container-monitor name=benchi-conduit
time=2026-08-02T15:45:41.234-07:00 level=DEBUG msg="promql query logged" test=archv2-nxm tool=conduit-v1 collector=conduit type=conduit collector=conduit type=conduit params="map[end:2026-08-02T22:45:41.233Z query:rate(conduit_pipeline_execution_duration_seconds_count{pipeline_name=\"archv2-nxm\"}[2s]) start:2026-08-02T22:45:28.232Z step:1]" stats="&{Timings:{EvalTotalTime:5e-05 ResultSortTime:3.75e-07 QueryPreparationTime:1.5875e-05 InnerEvalTime:2.8958e-05 ExecQueueTime:2.5e-06 ExecTotalTime:5.45e-05} Samples:0x140010aa180}" spanID=0000000000000000
time=2026-08-02T15:45:41.234-07:00 level=DEBUG msg="Query returned data" test=archv2-nxm tool=conduit-v1 collector=conduit type=conduit collector=conduit type=conduit name=msg-rate-per-second[archv2-nxm] series-count=1 last-value=14987
time=2026-08-02T15:45:41.235-07:00 level=DEBUG msg="promql query logged" test=archv2-nxm tool=conduit-v1 collector=conduit type=conduit collector=conduit type=conduit params="map[end:2026-08-02T22:45:41.234Z query:rate(conduit_connector_bytes_sum{pipeline_name=\"archv2-nxm\",type=\"source\"}[2s])/1048576 start:2026-08-02T22:45:28.232Z step:1]" stats="&{Timings:{EvalTotalTime:0.001012667 ResultSortTime:1.25e-06 QueryPreparationTime:7.25e-06 InnerEvalTime:0.000997875 ExecQueueTime:1.042e-06 ExecTotalTime:0.0010165} Samples:0x140010aa870}" spanID=0000000000000000
time=2026-08-02T15:45:41.235-07:00 level=WARN msg="Query returned multiple series, only first will be used" test=archv2-nxm tool=conduit-v1 collector=conduit type=conduit collector=conduit type=conduit series-count=2
time=2026-08-02T15:45:41.235-07:00 level=DEBUG msg="Query returned data" test=archv2-nxm tool=conduit-v1 collector=conduit type=conduit collector=conduit type=conduit name=msg-megabytes-in-per-second[archv2-nxm] series-count=1 last-value=0.21921253204345703
time=2026-08-02T15:45:41.235-07:00 level=DEBUG msg="promql query logged" test=archv2-nxm tool=conduit-v1 collector=conduit type=conduit collector=conduit type=conduit params="map[end:2026-08-02T22:45:41.235Z query:rate(conduit_connector_bytes_sum{pipeline_name=\"archv2-nxm\",type=\"destination\"}[2s])/1048576 start:2026-08-02T22:45:28.232Z step:1]" stats="&{Timings:{EvalTotalTime:7.075e-05 ResultSortTime:5e-07 QueryPreparationTime:9.542e-06 InnerEvalTime:5.65e-05 ExecQueueTime:1.25e-06 ExecTotalTime:7.3958e-05} Samples:0x140010ab350}" spanID=0000000000000000
time=2026-08-02T15:45:41.235-07:00 level=WARN msg="Query returned multiple series, only first will be used" test=archv2-nxm tool=conduit-v1 collector=conduit type=conduit collector=conduit type=conduit series-count=2
time=2026-08-02T15:45:41.235-07:00 level=DEBUG msg="Query returned data" test=archv2-nxm tool=conduit-v1 collector=conduit type=conduit collector=conduit type=conduit name=msg-megabytes-out-per-second[archv2-nxm] series-count=1 last-value=0.42291927337646484
time=2026-08-02T15:45:41.317-07:00 level=DEBUG msg="Inspecting container" model=container-monitor name=benchi-conduit
time=2026-08-02T15:45:41.848-07:00 level=DEBUG msg="Inspecting container" model=container-monitor name=benchi-conduit
time=2026-08-02T15:45:42.235-07:00 level=DEBUG msg="promql query logged" test=archv2-nxm tool=conduit-v1 collector=conduit type=conduit collector=conduit type=conduit params="map[end:2026-08-02T22:45:42.235Z query:rate(conduit_pipeline_execution_duration_seconds_count{pipeline_name=\"archv2-nxm\"}[2s]) start:2026-08-02T22:45:28.232Z step:1]" stats="&{Timings:{EvalTotalTime:6.1041e-05 ResultSortTime:3.75e-07 QueryPreparationTime:2.7334e-05 InnerEvalTime:2.8667e-05 ExecQueueTime:2.583e-06 ExecTotalTime:6.5583e-05} Samples:0x140010e4960}" spanID=0000000000000000
time=2026-08-02T15:45:42.235-07:00 level=DEBUG msg="Query returned data" test=archv2-nxm tool=conduit-v1 collector=conduit type=conduit collector=conduit type=conduit name=msg-rate-per-second[archv2-nxm] series-count=1 last-value=14808
time=2026-08-02T15:45:42.235-07:00 level=DEBUG msg="promql query logged" test=archv2-nxm tool=conduit-v1 collector=conduit type=conduit collector=conduit type=conduit params="map[end:2026-08-02T22:45:42.235Z query:rate(conduit_connector_bytes_sum{pipeline_name=\"archv2-nxm\",type=\"source\"}[2s])/1048576 start:2026-08-02T22:45:28.232Z step:1]" stats="&{Timings:{EvalTotalTime:5.0625e-05 ResultSortTime:7.5e-07 QueryPreparationTime:8.125e-06 InnerEvalTime:3.825e-05 ExecQueueTime:8.75e-07 ExecTotalTime:5.3208e-05} Samples:0x140010e5020}" spanID=0000000000000000
time=2026-08-02T15:45:42.235-07:00 level=WARN msg="Query returned multiple series, only first will be used" test=archv2-nxm tool=conduit-v1 collector=conduit type=conduit collector=conduit type=conduit series-count=2
time=2026-08-02T15:45:42.235-07:00 level=DEBUG msg="Query returned data" test=archv2-nxm tool=conduit-v1 collector=conduit type=conduit collector=conduit type=conduit name=msg-megabytes-in-per-second[archv2-nxm] series-count=1 last-value=0.20656490325927734
time=2026-08-02T15:45:42.236-07:00 level=DEBUG msg="promql query logged" test=archv2-nxm tool=conduit-v1 collector=conduit type=conduit collector=conduit type=conduit params="map[end:2026-08-02T22:45:42.235Z query:rate(conduit_connector_bytes_sum{pipeline_name=\"archv2-nxm\",type=\"destination\"}[2s])/1048576 start:2026-08-02T22:45:28.232Z step:1]" stats="&{Timings:{EvalTotalTime:0.000199334 ResultSortTime:7.92e-07 QueryPreparationTime:5.917e-06 InnerEvalTime:0.000187125 ExecQueueTime:7.92e-07 ExecTotalTime:0.000203} Samples:0x140010e5740}" spanID=0000000000000000
time=2026-08-02T15:45:42.236-07:00 level=WARN msg="Query returned multiple series, only first will be used" test=archv2-nxm tool=conduit-v1 collector=conduit type=conduit collector=conduit type=conduit series-count=2
time=2026-08-02T15:45:42.236-07:00 level=DEBUG msg="Query returned data" test=archv2-nxm tool=conduit-v1 collector=conduit type=conduit collector=conduit type=conduit name=msg-megabytes-out-per-second[archv2-nxm] series-count=1 last-value=0.41785430908203125
time=2026-08-02T15:45:42.372-07:00 level=DEBUG msg="Inspecting container" model=container-monitor name=benchi-conduit
time=2026-08-02T15:45:42.877-07:00 level=DEBUG msg="Inspecting container" model=container-monitor name=benchi-conduit
time=2026-08-02T15:45:43.234-07:00 level=INFO msg="Test in progress" test=archv2-nxm tool=conduit-v1 step=test time-left=45s
time=2026-08-02T15:45:43.234-07:00 level=DEBUG msg="promql query logged" test=archv2-nxm tool=conduit-v1 collector=conduit type=conduit collector=conduit type=conduit params="map[end:2026-08-02T22:45:43.234Z query:rate(conduit_pipeline_execution_duration_seconds_count{pipeline_name=\"archv2-nxm\"}[2s]) start:2026-08-02T22:45:28.232Z step:1]" stats="&{Timings:{EvalTotalTime:0.000318459 ResultSortTime:4.58e-07 QueryPreparationTime:2.2458e-05 InnerEvalTime:0.000288583 ExecQueueTime:2.501e-06 ExecTotalTime:0.000323791} Samples:0x14001116fc0}" spanID=0000000000000000
time=2026-08-02T15:45:43.234-07:00 level=DEBUG msg="Query returned data" test=archv2-nxm tool=conduit-v1 collector=conduit type=conduit collector=conduit type=conduit name=msg-rate-per-second[archv2-nxm] series-count=1 last-value=15790
time=2026-08-02T15:45:43.234-07:00 level=DEBUG msg="promql query logged" test=archv2-nxm tool=conduit-v1 collector=conduit type=conduit collector=conduit type=conduit params="map[end:2026-08-02T22:45:43.234Z query:rate(conduit_connector_bytes_sum{pipeline_name=\"archv2-nxm\",type=\"source\"}[2s])/1048576 start:2026-08-02T22:45:28.232Z step:1]" stats="&{Timings:{EvalTotalTime:4.3333e-05 ResultSortTime:7.92e-07 QueryPreparationTime:9.291e-06 InnerEvalTime:3.0417e-05 ExecQueueTime:1.459e-06 ExecTotalTime:4.6e-05} Samples:0x14001117680}" spanID=0000000000000000
time=2026-08-02T15:45:43.234-07:00 level=WARN msg="Query returned multiple series, only first will be used" test=archv2-nxm tool=conduit-v1 collector=conduit type=conduit collector=conduit type=conduit series-count=2
time=2026-08-02T15:45:43.234-07:00 level=DEBUG msg="Query returned data" test=archv2-nxm tool=conduit-v1 collector=conduit type=conduit collector=conduit type=conduit name=msg-megabytes-in-per-second[archv2-nxm] series-count=1 last-value=0.22040653228759766
time=2026-08-02T15:45:43.235-07:00 level=DEBUG msg="promql query logged" test=archv2-nxm tool=conduit-v1 collector=conduit type=conduit collector=conduit type=conduit params="map[end:2026-08-02T22:45:43.234Z query:rate(conduit_connector_bytes_sum{pipeline_name=\"archv2-nxm\",type=\"destination\"}[2s])/1048576 start:2026-08-02T22:45:28.232Z step:1]" stats="&{Timings:{EvalTotalTime:6.3583e-05 ResultSortTime:6.25e-07 QueryPreparationTime:1.1792e-05 InnerEvalTime:4.5041e-05 ExecQueueTime:1.833e-06 ExecTotalTime:6.7708e-05} Samples:0x14001180e40}" spanID=0000000000000000
time=2026-08-02T15:45:43.235-07:00 level=WARN msg="Query returned multiple series, only first will be used" test=archv2-nxm tool=conduit-v1 collector=conduit type=conduit collector=conduit type=conduit series-count=2
time=2026-08-02T15:45:43.235-07:00 level=DEBUG msg="Query returned data" test=archv2-nxm tool=conduit-v1 collector=conduit type=conduit collector=conduit type=conduit name=msg-megabytes-out-per-second[archv2-nxm] series-count=1 last-value=0.44640541076660156
time=2026-08-02T15:45:43.389-07:00 level=DEBUG msg="Inspecting container" model=container-monitor name=benchi-conduit
time=2026-08-02T15:45:43.934-07:00 level=DEBUG msg="Inspecting container" model=container-monitor name=benchi-conduit
time=2026-08-02T15:45:44.236-07:00 level=DEBUG msg="promql query logged" test=archv2-nxm tool=conduit-v1 collector=conduit type=conduit collector=conduit type=conduit params="map[end:2026-08-02T22:45:44.236Z query:rate(conduit_pipeline_execution_duration_seconds_count{pipeline_name=\"archv2-nxm\"}[2s]) start:2026-08-02T22:45:28.232Z step:1]" stats="&{Timings:{EvalTotalTime:5.6e-05 ResultSortTime:3.75e-07 QueryPreparationTime:1.4417e-05 InnerEvalTime:3.65e-05 ExecQueueTime:2.333e-06 ExecTotalTime:6.4833e-05} Samples:0x1400130fe90}" spanID=0000000000000000
time=2026-08-02T15:45:44.236-07:00 level=DEBUG msg="Query returned data" test=archv2-nxm tool=conduit-v1 collector=conduit type=conduit collector=conduit type=conduit name=msg-rate-per-second[archv2-nxm] series-count=1 last-value=14972.11155378486
time=2026-08-02T15:45:44.236-07:00 level=DEBUG msg="promql query logged" test=archv2-nxm tool=conduit-v1 collector=conduit type=conduit collector=conduit type=conduit params="map[end:2026-08-02T22:45:44.236Z query:rate(conduit_connector_bytes_sum{pipeline_name=\"archv2-nxm\",type=\"source\"}[2s])/1048576 start:2026-08-02T22:45:28.232Z step:1]" stats="&{Timings:{EvalTotalTime:5.4167e-05 ResultSortTime:7.92e-07 QueryPreparationTime:8e-06 InnerEvalTime:4.2125e-05 ExecQueueTime:1.042e-06 ExecTotalTime:5.6792e-05} Samples:0x14000a465d0}" spanID=0000000000000000
time=2026-08-02T15:45:44.236-07:00 level=WARN msg="Query returned multiple series, only first will be used" test=archv2-nxm tool=conduit-v1 collector=conduit type=conduit collector=conduit type=conduit series-count=2
time=2026-08-02T15:45:44.236-07:00 level=DEBUG msg="Query returned data" test=archv2-nxm tool=conduit-v1 collector=conduit type=conduit collector=conduit type=conduit name=msg-megabytes-in-per-second[archv2-nxm] series-count=1 last-value=0.20883662767144315
time=2026-08-02T15:45:44.236-07:00 level=DEBUG msg="promql query logged" test=archv2-nxm tool=conduit-v1 collector=conduit type=conduit collector=conduit type=conduit params="map[end:2026-08-02T22:45:44.236Z query:rate(conduit_connector_bytes_sum{pipeline_name=\"archv2-nxm\",type=\"destination\"}[2s])/1048576 start:2026-08-02T22:45:28.232Z step:1]" stats="&{Timings:{EvalTotalTime:5.6875e-05 ResultSortTime:5.42e-07 QueryPreparationTime:6.916e-06 InnerEvalTime:4.6125e-05 ExecQueueTime:9.17e-07 ExecTotalTime:5.9458e-05} Samples:0x14000a46c90}" spanID=0000000000000000
time=2026-08-02T15:45:44.236-07:00 level=WARN msg="Query returned multiple series, only first will be used" test=archv2-nxm tool=conduit-v1 collector=conduit type=conduit collector=conduit type=conduit series-count=2
time=2026-08-02T15:45:44.236-07:00 level=DEBUG msg="Query returned data" test=archv2-nxm tool=conduit-v1 collector=conduit type=conduit collector=conduit type=conduit name=msg-megabytes-out-per-second[archv2-nxm] series-count=1 last-value=0.4232224240246047
time=2026-08-02T15:45:44.450-07:00 level=DEBUG msg="Inspecting container" model=container-monitor name=benchi-conduit
time=2026-08-02T15:45:44.955-07:00 level=DEBUG msg="Inspecting container" model=container-monitor name=benchi-conduit
time=2026-08-02T15:45:45.235-07:00 level=DEBUG msg="promql query logged" test=archv2-nxm tool=conduit-v1 collector=conduit type=conduit collector=conduit type=conduit params="map[end:2026-08-02T22:45:45.235Z query:rate(conduit_pipeline_execution_duration_seconds_count{pipeline_name=\"archv2-nxm\"}[2s]) start:2026-08-02T22:45:28.232Z step:1]" stats="&{Timings:{EvalTotalTime:5.1542e-05 ResultSortTime:3.75e-07 QueryPreparationTime:1.4875e-05 InnerEvalTime:3.1042e-05 ExecQueueTime:2.541e-06 ExecTotalTime:6.8417e-05} Samples:0x1400162f230}" spanID=0000000000000000
time=2026-08-02T15:45:45.236-07:00 level=DEBUG msg="Query returned data" test=archv2-nxm tool=conduit-v1 collector=conduit type=conduit collector=conduit type=conduit name=msg-rate-per-second[archv2-nxm] series-count=1 last-value=15357.429718875503
time=2026-08-02T15:45:45.236-07:00 level=DEBUG msg="promql query logged" test=archv2-nxm tool=conduit-v1 collector=conduit type=conduit collector=conduit type=conduit params="map[end:2026-08-02T22:45:45.236Z query:rate(conduit_connector_bytes_sum{pipeline_name=\"archv2-nxm\",type=\"source\"}[2s])/1048576 start:2026-08-02T22:45:28.232Z step:1]" stats="&{Timings:{EvalTotalTime:7.8791e-05 ResultSortTime:7.92e-07 QueryPreparationTime:1.0458e-05 InnerEvalTime:6.3625e-05 ExecQueueTime:1.792e-06 ExecTotalTime:8.2334e-05} Samples:0x1400162f8f0}" spanID=0000000000000000
time=2026-08-02T15:45:45.236-07:00 level=WARN msg="Query returned multiple series, only first will be used" test=archv2-nxm tool=conduit-v1 collector=conduit type=conduit collector=conduit type=conduit series-count=2
time=2026-08-02T15:45:45.237-07:00 level=DEBUG msg="Query returned data" test=archv2-nxm tool=conduit-v1 collector=conduit type=conduit collector=conduit type=conduit name=msg-megabytes-in-per-second[archv2-nxm] series-count=1 last-value=0.21444650060201745
time=2026-08-02T15:45:45.237-07:00 level=DEBUG msg="promql query logged" test=archv2-nxm tool=conduit-v1 collector=conduit type=conduit collector=conduit type=conduit params="map[end:2026-08-02T22:45:45.237Z query:rate(conduit_connector_bytes_sum{pipeline_name=\"archv2-nxm\",type=\"destination\"}[2s])/1048576 start:2026-08-02T22:45:28.232Z step:1]" stats="&{Timings:{EvalTotalTime:4.9167e-05 ResultSortTime:5e-07 QueryPreparationTime:1.0291e-05 InnerEvalTime:3.5125e-05 ExecQueueTime:1e-06 ExecTotalTime:5.1667e-05} Samples:0x14001666570}" spanID=0000000000000000
time=2026-08-02T15:45:45.237-07:00 level=WARN msg="Query returned multiple series, only first will be used" test=archv2-nxm tool=conduit-v1 collector=conduit type=conduit collector=conduit type=conduit series-count=2
time=2026-08-02T15:45:45.237-07:00 level=DEBUG msg="Query returned data" test=archv2-nxm tool=conduit-v1 collector=conduit type=conduit collector=conduit type=conduit name=msg-megabytes-out-per-second[archv2-nxm] series-count=1 last-value=0.43397734921620074
time=2026-08-02T15:45:45.482-07:00 level=DEBUG msg="Inspecting container" model=container-monitor name=benchi-conduit
time=2026-08-02T15:45:46.022-07:00 level=DEBUG msg="Inspecting container" model=container-monitor name=benchi-conduit
time=2026-08-02T15:45:46.234-07:00 level=DEBUG msg="promql query logged" test=archv2-nxm tool=conduit-v1 collector=conduit type=conduit collector=conduit type=conduit params="map[end:2026-08-02T22:45:46.234Z query:rate(conduit_pipeline_execution_duration_seconds_count{pipeline_name=\"archv2-nxm\"}[2s]) start:2026-08-02T22:45:28.232Z step:1]" stats="&{Timings:{EvalTotalTime:4.6208e-05 ResultSortTime:3.75e-07 QueryPreparationTime:9.5e-06 InnerEvalTime:3.0958e-05 ExecQueueTime:1.583e-06 ExecTotalTime:5.0125e-05} Samples:0x140016c68a0}" spanID=0000000000000000
time=2026-08-02T15:45:46.234-07:00 level=DEBUG msg="Query returned data" test=archv2-nxm tool=conduit-v1 collector=conduit type=conduit collector=conduit type=conduit name=msg-rate-per-second[archv2-nxm] series-count=1 last-value=14656
time=2026-08-02T15:45:46.234-07:00 level=DEBUG msg="promql query logged" test=archv2-nxm tool=conduit-v1 collector=conduit type=conduit collector=conduit type=conduit params="map[end:2026-08-02T22:45:46.234Z query:rate(conduit_connector_bytes_sum{pipeline_name=\"archv2-nxm\",type=\"source\"}[2s])/1048576 start:2026-08-02T22:45:28.232Z step:1]" stats="&{Timings:{EvalTotalTime:3.6125e-05 ResultSortTime:6.25e-07 QueryPreparationTime:4.208e-06 InnerEvalTime:2.9333e-05 ExecQueueTime:5.42e-07 ExecTotalTime:3.7667e-05} Samples:0x140016c6f60}" spanID=0000000000000000
time=2026-08-02T15:45:46.234-07:00 level=WARN msg="Query returned multiple series, only first will be used" test=archv2-nxm tool=conduit-v1 collector=conduit type=conduit collector=conduit type=conduit series-count=2
time=2026-08-02T15:45:46.234-07:00 level=DEBUG msg="Query returned data" test=archv2-nxm tool=conduit-v1 collector=conduit type=conduit collector=conduit type=conduit name=msg-megabytes-in-per-second[archv2-nxm] series-count=1 last-value=0.21193599700927734
time=2026-08-02T15:45:46.234-07:00 level=DEBUG msg="promql query logged" test=archv2-nxm tool=conduit-v1 collector=conduit type=conduit collector=conduit type=conduit params="map[end:2026-08-02T22:45:46.234Z query:rate(conduit_connector_bytes_sum{pipeline_name=\"archv2-nxm\",type=\"destination\"}[2s])/1048576 start:2026-08-02T22:45:28.232Z step:1]" stats="&{Timings:{EvalTotalTime:2.525e-05 ResultSortTime:2.09e-07 QueryPreparationTime:3.125e-06 InnerEvalTime:2.0083e-05 ExecQueueTime:5.42e-07 ExecTotalTime:2.65e-05} Samples:0x140016c7b60}" spanID=0000000000000000
time=2026-08-02T15:45:46.234-07:00 level=WARN msg="Query returned multiple series, only first will be used" test=archv2-nxm tool=conduit-v1 collector=conduit type=conduit collector=conduit type=conduit series-count=2
time=2026-08-02T15:45:46.234-07:00 level=DEBUG msg="Query returned data" test=archv2-nxm tool=conduit-v1 collector=conduit type=conduit collector=conduit type=conduit name=msg-megabytes-out-per-second[archv2-nxm] series-count=1 last-value=0.4143714904785156
time=2026-08-02T15:45:46.548-07:00 level=DEBUG msg="Inspecting container" model=container-monitor name=benchi-conduit
time=2026-08-02T15:45:47.072-07:00 level=DEBUG msg="Inspecting container" model=container-monitor name=benchi-conduit
time=2026-08-02T15:45:47.235-07:00 level=DEBUG msg="promql query logged" test=archv2-nxm tool=conduit-v1 collector=conduit type=conduit collector=conduit type=conduit params="map[end:2026-08-02T22:45:47.235Z query:rate(conduit_pipeline_execution_duration_seconds_count{pipeline_name=\"archv2-nxm\"}[2s]) start:2026-08-02T22:45:28.232Z step:1]" stats="&{Timings:{EvalTotalTime:6.4625e-05 ResultSortTime:3.75e-07 QueryPreparationTime:1.4167e-05 InnerEvalTime:2.8166e-05 ExecQueueTime:2.25e-06 ExecTotalTime:6.8791e-05} Samples:0x140017a8f30}" spanID=0000000000000000
time=2026-08-02T15:45:47.235-07:00 level=DEBUG msg="Query returned data" test=archv2-nxm tool=conduit-v1 collector=conduit type=conduit collector=conduit type=conduit name=msg-rate-per-second[archv2-nxm] series-count=1 last-value=15958.12562313061
time=2026-08-02T15:45:47.235-07:00 level=DEBUG msg="promql query logged" test=archv2-nxm tool=conduit-v1 collector=conduit type=conduit collector=conduit type=conduit params="map[end:2026-08-02T22:45:47.235Z query:rate(conduit_connector_bytes_sum{pipeline_name=\"archv2-nxm\",type=\"source\"}[2s])/1048576 start:2026-08-02T22:45:28.232Z step:1]" stats="&{Timings:{EvalTotalTime:6.3166e-05 ResultSortTime:8.33e-07 QueryPreparationTime:7.458e-06 InnerEvalTime:5.1375e-05 ExecQueueTime:1.125e-06 ExecTotalTime:6.6042e-05} Samples:0x140016fb500}" spanID=0000000000000000
time=2026-08-02T15:45:47.235-07:00 level=WARN msg="Query returned multiple series, only first will be used" test=archv2-nxm tool=conduit-v1 collector=conduit type=conduit collector=conduit type=conduit series-count=2
time=2026-08-02T15:45:47.235-07:00 level=DEBUG msg="Query returned data" test=archv2-nxm tool=conduit-v1 collector=conduit type=conduit collector=conduit type=conduit name=msg-megabytes-in-per-second[archv2-nxm] series-count=1 last-value=0.2199678810857467
time=2026-08-02T15:45:47.235-07:00 level=DEBUG msg="promql query logged" test=archv2-nxm tool=conduit-v1 collector=conduit type=conduit collector=conduit type=conduit params="map[end:2026-08-02T22:45:47.235Z query:rate(conduit_connector_bytes_sum{pipeline_name=\"archv2-nxm\",type=\"destination\"}[2s])/1048576 start:2026-08-02T22:45:28.232Z step:1]" stats="&{Timings:{EvalTotalTime:6.1458e-05 ResultSortTime:7.5e-07 QueryPreparationTime:8.375e-06 InnerEvalTime:4.8625e-05 ExecQueueTime:1.167e-06 ExecTotalTime:6.45e-05} Samples:0x140017a95c0}" spanID=0000000000000000
time=2026-08-02T15:45:47.235-07:00 level=WARN msg="Query returned multiple series, only first will be used" test=archv2-nxm tool=conduit-v1 collector=conduit type=conduit collector=conduit type=conduit series-count=2
time=2026-08-02T15:45:47.236-07:00 level=DEBUG msg="Query returned data" test=archv2-nxm tool=conduit-v1 collector=conduit type=conduit collector=conduit type=conduit name=msg-megabytes-out-per-second[archv2-nxm] series-count=1 last-value=0.4503757860938669
time=2026-08-02T15:45:47.584-07:00 level=DEBUG msg="Inspecting container" model=container-monitor name=benchi-conduit
time=2026-08-02T15:45:48.100-07:00 level=DEBUG msg="Inspecting container" model=container-monitor name=benchi-conduit
time=2026-08-02T15:45:48.234-07:00 level=DEBUG msg="promql query logged" test=archv2-nxm tool=conduit-v1 collector=conduit type=conduit collector=conduit type=conduit params="map[end:2026-08-02T22:45:48.234Z query:rate(conduit_pipeline_execution_duration_seconds_count{pipeline_name=\"archv2-nxm\"}[2s]) start:2026-08-02T22:45:28.232Z step:1]" stats="&{Timings:{EvalTotalTime:4.8916e-05 ResultSortTime:3.75e-07 QueryPreparationTime:1.4291e-05 InnerEvalTime:2.9458e-05 ExecQueueTime:2.334e-06 ExecTotalTime:5.3333e-05} Samples:0x140011803f0}" spanID=0000000000000000
time=2026-08-02T15:45:48.234-07:00 level=DEBUG msg="Query returned data" test=archv2-nxm tool=conduit-v1 collector=conduit type=conduit collector=conduit type=conduit name=msg-rate-per-second[archv2-nxm] series-count=1 last-value=15279.839518555667
time=2026-08-02T15:45:48.234-07:00 level=DEBUG msg="promql query logged" test=archv2-nxm tool=conduit-v1 collector=conduit type=conduit collector=conduit type=conduit params="map[end:2026-08-02T22:45:48.234Z query:rate(conduit_connector_bytes_sum{pipeline_name=\"archv2-nxm\",type=\"source\"}[2s])/1048576 start:2026-08-02T22:45:28.232Z step:1]" stats="&{Timings:{EvalTotalTime:8.3417e-05 ResultSortTime:7.5e-07 QueryPreparationTime:6.875e-06 InnerEvalTime:7.25e-05 ExecQueueTime:7.08e-07 ExecTotalTime:8.5875e-05} Samples:0x14001180bd0}" spanID=0000000000000000
time=2026-08-02T15:45:48.234-07:00 level=WARN msg="Query returned multiple series, only first will be used" test=archv2-nxm tool=conduit-v1 collector=conduit type=conduit collector=conduit type=conduit series-count=2
time=2026-08-02T15:45:48.234-07:00 level=INFO msg="Test in progress" test=archv2-nxm tool=conduit-v1 step=test time-left=40s
time=2026-08-02T15:45:48.234-07:00 level=DEBUG msg="Query returned data" test=archv2-nxm tool=conduit-v1 collector=conduit type=conduit collector=conduit type=conduit name=msg-megabytes-in-per-second[archv2-nxm] series-count=1 last-value=0.20534511554683582
time=2026-08-02T15:45:48.234-07:00 level=DEBUG msg="promql query logged" test=archv2-nxm tool=conduit-v1 collector=conduit type=conduit collector=conduit type=conduit params="map[end:2026-08-02T22:45:48.234Z query:rate(conduit_connector_bytes_sum{pipeline_name=\"archv2-nxm\",type=\"destination\"}[2s])/1048576 start:2026-08-02T22:45:28.232Z step:1]" stats="&{Timings:{EvalTotalTime:5.0541e-05 ResultSortTime:5e-07 QueryPreparationTime:7.166e-06 InnerEvalTime:3.95e-05 ExecQueueTime:9.17e-07 ExecTotalTime:5.3084e-05} Samples:0x14001181860}" spanID=0000000000000000
time=2026-08-02T15:45:48.234-07:00 level=WARN msg="Query returned multiple series, only first will be used" test=archv2-nxm tool=conduit-v1 collector=conduit type=conduit collector=conduit type=conduit series-count=2
time=2026-08-02T15:45:48.234-07:00 level=DEBUG msg="Query returned data" test=archv2-nxm tool=conduit-v1 collector=conduit type=conduit collector=conduit type=conduit name=msg-megabytes-out-per-second[archv2-nxm] series-count=1 last-value=0.4312492301734304
time=2026-08-02T15:45:48.626-07:00 level=DEBUG msg="Inspecting container" model=container-monitor name=benchi-conduit
time=2026-08-02T15:45:49.178-07:00 level=DEBUG msg="Inspecting container" model=container-monitor name=benchi-conduit
time=2026-08-02T15:45:49.238-07:00 level=DEBUG msg="promql query logged" test=archv2-nxm tool=conduit-v1 collector=conduit type=conduit collector=conduit type=conduit params="map[end:2026-08-02T22:45:49.238Z query:rate(conduit_pipeline_execution_duration_seconds_count{pipeline_name=\"archv2-nxm\"}[2s]) start:2026-08-02T22:45:28.232Z step:1]" stats="&{Timings:{EvalTotalTime:4.9083e-05 ResultSortTime:3.75e-07 QueryPreparationTime:1.3375e-05 InnerEvalTime:3.0667e-05 ExecQueueTime:2.167e-06 ExecTotalTime:5.5375e-05} Samples:0x140017654a0}" spanID=0000000000000000
time=2026-08-02T15:45:49.239-07:00 level=DEBUG msg="Query returned data" test=archv2-nxm tool=conduit-v1 collector=conduit type=conduit collector=conduit type=conduit name=msg-rate-per-second[archv2-nxm] series-count=1 last-value=15326
time=2026-08-02T15:45:49.239-07:00 level=DEBUG msg="promql query logged" test=archv2-nxm tool=conduit-v1 collector=conduit type=conduit collector=conduit type=conduit params="map[end:2026-08-02T22:45:49.239Z query:rate(conduit_connector_bytes_sum{pipeline_name=\"archv2-nxm\",type=\"source\"}[2s])/1048576 start:2026-08-02T22:45:28.232Z step:1]" stats="&{Timings:{EvalTotalTime:5.65e-05 ResultSortTime:9.17e-07 QueryPreparationTime:7.083e-06 InnerEvalTime:4.45e-05 ExecQueueTime:8.34e-07 ExecTotalTime:5.9583e-05} Samples:0x14001765b60}" spanID=0000000000000000
time=2026-08-02T15:45:49.239-07:00 level=WARN msg="Query returned multiple series, only first will be used" test=archv2-nxm tool=conduit-v1 collector=conduit type=conduit collector=conduit type=conduit series-count=2
time=2026-08-02T15:45:49.239-07:00 level=DEBUG msg="Query returned data" test=archv2-nxm tool=conduit-v1 collector=conduit type=conduit collector=conduit type=conduit name=msg-megabytes-in-per-second[archv2-nxm] series-count=1 last-value=0.21546268463134766
time=2026-08-02T15:45:49.239-07:00 level=DEBUG msg="promql query logged" test=archv2-nxm tool=conduit-v1 collector=conduit type=conduit collector=conduit type=conduit params="map[end:2026-08-02T22:45:49.239Z query:rate(conduit_connector_bytes_sum{pipeline_name=\"archv2-nxm\",type=\"destination\"}[2s])/1048576 start:2026-08-02T22:45:28.232Z step:1]" stats="&{Timings:{EvalTotalTime:5.2042e-05 ResultSortTime:4.58e-07 QueryPreparationTime:6.292e-06 InnerEvalTime:4.2e-05 ExecQueueTime:9.17e-07 ExecTotalTime:5.4458e-05} Samples:0x140012f68a0}" spanID=0000000000000000
time=2026-08-02T15:45:49.239-07:00 level=WARN msg="Query returned multiple series, only first will be used" test=archv2-nxm tool=conduit-v1 collector=conduit type=conduit collector=conduit type=conduit series-count=2
time=2026-08-02T15:45:49.239-07:00 level=DEBUG msg="Query returned data" test=archv2-nxm tool=conduit-v1 collector=conduit type=conduit collector=conduit type=conduit name=msg-megabytes-out-per-second[archv2-nxm] series-count=1 last-value=0.43332576751708984
time=2026-08-02T15:45:49.691-07:00 level=DEBUG msg="Inspecting container" model=container-monitor name=benchi-conduit
time=2026-08-02T15:45:50.232-07:00 level=DEBUG msg="Inspecting container" model=container-monitor name=benchi-conduit
time=2026-08-02T15:45:50.233-07:00 level=DEBUG msg="promql query logged" test=archv2-nxm tool=conduit-v1 collector=conduit type=conduit collector=conduit type=conduit params="map[end:2026-08-02T22:45:50.233Z query:rate(conduit_pipeline_execution_duration_seconds_count{pipeline_name=\"archv2-nxm\"}[2s]) start:2026-08-02T22:45:28.232Z step:1]" stats="&{Timings:{EvalTotalTime:5.4959e-05 ResultSortTime:4.16e-07 QueryPreparationTime:1.6583e-05 InnerEvalTime:3.2208e-05 ExecQueueTime:2.167e-06 ExecTotalTime:5.9e-05} Samples:0x140012623f0}" spanID=0000000000000000
time=2026-08-02T15:45:50.233-07:00 level=DEBUG msg="Query returned data" test=archv2-nxm tool=conduit-v1 collector=conduit type=conduit collector=conduit type=conduit name=msg-rate-per-second[archv2-nxm] series-count=1 last-value=15613
time=2026-08-02T15:45:50.233-07:00 level=DEBUG msg="promql query logged" test=archv2-nxm tool=conduit-v1 collector=conduit type=conduit collector=conduit type=conduit params="map[end:2026-08-02T22:45:50.233Z query:rate(conduit_connector_bytes_sum{pipeline_name=\"archv2-nxm\",type=\"source\"}[2s])/1048576 start:2026-08-02T22:45:28.232Z step:1]" stats="&{Timings:{EvalTotalTime:0.000108625 ResultSortTime:7.08e-07 QueryPreparationTime:7.541e-06 InnerEvalTime:9.5e-05 ExecQueueTime:9.17e-07 ExecTotalTime:0.000111292} Samples:0x14001262bd0}" spanID=0000000000000000
time=2026-08-02T15:45:50.233-07:00 level=WARN msg="Query returned multiple series, only first will be used" test=archv2-nxm tool=conduit-v1 collector=conduit type=conduit collector=conduit type=conduit series-count=2
time=2026-08-02T15:45:50.233-07:00 level=DEBUG msg="Query returned data" test=archv2-nxm tool=conduit-v1 collector=conduit type=conduit collector=conduit type=conduit name=msg-megabytes-in-per-second[archv2-nxm] series-count=1 last-value=0.2215719223022461
time=2026-08-02T15:45:50.234-07:00 level=DEBUG msg="promql query logged" test=archv2-nxm tool=conduit-v1 collector=conduit type=conduit collector=conduit type=conduit params="map[end:2026-08-02T22:45:50.234Z query:rate(conduit_connector_bytes_sum{pipeline_name=\"archv2-nxm\",type=\"destination\"}[2s])/1048576 start:2026-08-02T22:45:28.232Z step:1]" stats="&{Timings:{EvalTotalTime:4.6292e-05 ResultSortTime:5.41e-07 QueryPreparationTime:7.375e-06 InnerEvalTime:3.45e-05 ExecQueueTime:1.417e-06 ExecTotalTime:4.8917e-05} Samples:0x140012f7740}" spanID=0000000000000000
time=2026-08-02T15:45:50.234-07:00 level=WARN msg="Query returned multiple series, only first will be used" test=archv2-nxm tool=conduit-v1 collector=conduit type=conduit collector=conduit type=conduit series-count=2
time=2026-08-02T15:45:50.234-07:00 level=DEBUG msg="Query returned data" test=archv2-nxm tool=conduit-v1 collector=conduit type=conduit collector=conduit type=conduit name=msg-megabytes-out-per-second[archv2-nxm] series-count=1 last-value=0.44182395935058594
time=2026-08-02T15:45:50.741-07:00 level=DEBUG msg="Inspecting container" model=container-monitor name=benchi-conduit
time=2026-08-02T15:45:51.235-07:00 level=DEBUG msg="promql query logged" test=archv2-nxm tool=conduit-v1 collector=conduit type=conduit collector=conduit type=conduit params="map[end:2026-08-02T22:45:51.235Z query:rate(conduit_pipeline_execution_duration_seconds_count{pipeline_name=\"archv2-nxm\"}[2s]) start:2026-08-02T22:45:28.232Z step:1]" stats="&{Timings:{EvalTotalTime:5.2541e-05 ResultSortTime:3.75e-07 QueryPreparationTime:1.6833e-05 InnerEvalTime:3.0166e-05 ExecQueueTime:2.5e-06 ExecTotalTime:5.8625e-05} Samples:0x14000f6d560}" spanID=0000000000000000
time=2026-08-02T15:45:51.235-07:00 level=DEBUG msg="Query returned data" test=archv2-nxm tool=conduit-v1 collector=conduit type=conduit collector=conduit type=conduit name=msg-rate-per-second[archv2-nxm] series-count=1 last-value=14513
time=2026-08-02T15:45:51.235-07:00 level=DEBUG msg="promql query logged" test=archv2-nxm tool=conduit-v1 collector=conduit type=conduit collector=conduit type=conduit params="map[end:2026-08-02T22:45:51.235Z query:rate(conduit_connector_bytes_sum{pipeline_name=\"archv2-nxm\",type=\"source\"}[2s])/1048576 start:2026-08-02T22:45:28.232Z step:1]" stats="&{Timings:{EvalTotalTime:6.9541e-05 ResultSortTime:9.17e-07 QueryPreparationTime:9.916e-06 InnerEvalTime:5.4e-05 ExecQueueTime:1.541e-06 ExecTotalTime:7.3166e-05} Samples:0x14000f6dd40}" spanID=0000000000000000
time=2026-08-02T15:45:51.235-07:00 level=WARN msg="Query returned multiple series, only first will be used" test=archv2-nxm tool=conduit-v1 collector=conduit type=conduit collector=conduit type=conduit series-count=2
time=2026-08-02T15:45:51.236-07:00 level=DEBUG msg="Query returned data" test=archv2-nxm tool=conduit-v1 collector=conduit type=conduit collector=conduit type=conduit name=msg-megabytes-in-per-second[archv2-nxm] series-count=1 last-value=0.20456314086914062
time=2026-08-02T15:45:51.236-07:00 level=DEBUG msg="promql query logged" test=archv2-nxm tool=conduit-v1 collector=conduit type=conduit collector=conduit type=conduit params="map[end:2026-08-02T22:45:51.236Z query:rate(conduit_connector_bytes_sum{pipeline_name=\"archv2-nxm\",type=\"destination\"}[2s])/1048576 start:2026-08-02T22:45:28.232Z step:1]" stats="&{Timings:{EvalTotalTime:7.05e-05 ResultSortTime:7.09e-07 QueryPreparationTime:1.0542e-05 InnerEvalTime:5.5125e-05 ExecQueueTime:1.334e-06 ExecTotalTime:7.4084e-05} Samples:0x14000f41560}" spanID=0000000000000000
time=2026-08-02T15:45:51.236-07:00 level=WARN msg="Query returned multiple series, only first will be used" test=archv2-nxm tool=conduit-v1 collector=conduit type=conduit collector=conduit type=conduit series-count=2
time=2026-08-02T15:45:51.236-07:00 level=DEBUG msg="Query returned data" test=archv2-nxm tool=conduit-v1 collector=conduit type=conduit collector=conduit type=conduit name=msg-megabytes-out-per-second[archv2-nxm] series-count=1 last-value=0.410125732421875
time=2026-08-02T15:45:51.254-07:00 level=DEBUG msg="Inspecting container" model=container-monitor name=benchi-conduit
time=2026-08-02T15:45:51.760-07:00 level=DEBUG msg="Inspecting container" model=container-monitor name=benchi-conduit
time=2026-08-02T15:45:52.235-07:00 level=DEBUG msg="promql query logged" test=archv2-nxm tool=conduit-v1 collector=conduit type=conduit collector=conduit type=conduit params="map[end:2026-08-02T22:45:52.235Z query:rate(conduit_pipeline_execution_duration_seconds_count{pipeline_name=\"archv2-nxm\"}[2s]) start:2026-08-02T22:45:28.232Z step:1]" stats="&{Timings:{EvalTotalTime:5.2542e-05 ResultSortTime:4.17e-07 QueryPreparationTime:1.5e-05 InnerEvalTime:3.1375e-05 ExecQueueTime:2.459e-06 ExecTotalTime:5.6875e-05} Samples:0x14000ffdd10}" spanID=0000000000000000
time=2026-08-02T15:45:52.236-07:00 level=DEBUG msg="Query returned data" test=archv2-nxm tool=conduit-v1 collector=conduit type=conduit collector=conduit type=conduit name=msg-rate-per-second[archv2-nxm] series-count=1 last-value=14349
time=2026-08-02T15:45:52.236-07:00 level=DEBUG msg="promql query logged" test=archv2-nxm tool=conduit-v1 collector=conduit type=conduit collector=conduit type=conduit params="map[end:2026-08-02T22:45:52.236Z query:rate(conduit_connector_bytes_sum{pipeline_name=\"archv2-nxm\",type=\"source\"}[2s])/1048576 start:2026-08-02T22:45:28.232Z step:1]" stats="&{Timings:{EvalTotalTime:6.5042e-05 ResultSortTime:8.33e-07 QueryPreparationTime:7.208e-06 InnerEvalTime:5.275e-05 ExecQueueTime:1e-06 ExecTotalTime:6.8542e-05} Samples:0x14000ad64b0}" spanID=0000000000000000
time=2026-08-02T15:45:52.236-07:00 level=WARN msg="Query returned multiple series, only first will be used" test=archv2-nxm tool=conduit-v1 collector=conduit type=conduit collector=conduit type=conduit series-count=2
time=2026-08-02T15:45:52.236-07:00 level=DEBUG msg="Query returned data" test=archv2-nxm tool=conduit-v1 collector=conduit type=conduit collector=conduit type=conduit name=msg-megabytes-in-per-second[archv2-nxm] series-count=1 last-value=0.20720577239990234
time=2026-08-02T15:45:52.236-07:00 level=DEBUG msg="promql query logged" test=archv2-nxm tool=conduit-v1 collector=conduit type=conduit collector=conduit type=conduit params="map[end:2026-08-02T22:45:52.236Z query:rate(conduit_connector_bytes_sum{pipeline_name=\"archv2-nxm\",type=\"destination\"}[2s])/1048576 start:2026-08-02T22:45:28.232Z step:1]" stats="&{Timings:{EvalTotalTime:5.1167e-05 ResultSortTime:5.42e-07 QueryPreparationTime:7.958e-06 InnerEvalTime:3.9875e-05 ExecQueueTime:1.666e-06 ExecTotalTime:5.375e-05} Samples:0x140005deab0}" spanID=0000000000000000
time=2026-08-02T15:45:52.236-07:00 level=WARN msg="Query returned multiple series, only first will be used" test=archv2-nxm tool=conduit-v1 collector=conduit type=conduit collector=conduit type=conduit series-count=2
time=2026-08-02T15:45:52.236-07:00 level=DEBUG msg="Query returned data" test=archv2-nxm tool=conduit-v1 collector=conduit type=conduit collector=conduit type=conduit name=msg-megabytes-out-per-second[archv2-nxm] series-count=1 last-value=0.4054126739501953
time=2026-08-02T15:45:52.275-07:00 level=DEBUG msg="Inspecting container" model=container-monitor name=benchi-conduit
time=2026-08-02T15:45:52.832-07:00 level=DEBUG msg="Inspecting container" model=container-monitor name=benchi-conduit
time=2026-08-02T15:45:53.233-07:00 level=DEBUG msg="promql query logged" test=archv2-nxm tool=conduit-v1 collector=conduit type=conduit collector=conduit type=conduit params="map[end:2026-08-02T22:45:53.232Z query:rate(conduit_pipeline_execution_duration_seconds_count{pipeline_name=\"archv2-nxm\"}[2s]) start:2026-08-02T22:45:28.232Z step:1]" stats="&{Timings:{EvalTotalTime:5.1375e-05 ResultSortTime:3.75e-07 QueryPreparationTime:1.6541e-05 InnerEvalTime:2.9792e-05 ExecQueueTime:2.251e-06 ExecTotalTime:5.575e-05} Samples:0x14000ad7920}" spanID=0000000000000000
time=2026-08-02T15:45:53.233-07:00 level=DEBUG msg="Query returned data" test=archv2-nxm tool=conduit-v1 collector=conduit type=conduit collector=conduit type=conduit name=msg-rate-per-second[archv2-nxm] series-count=1 last-value=15130
time=2026-08-02T15:45:53.233-07:00 level=INFO msg="Test in progress" test=archv2-nxm tool=conduit-v1 step=test time-left=35s
time=2026-08-02T15:45:53.233-07:00 level=DEBUG msg="promql query logged" test=archv2-nxm tool=conduit-v1 collector=conduit type=conduit collector=conduit type=conduit params="map[end:2026-08-02T22:45:53.233Z query:rate(conduit_connector_bytes_sum{pipeline_name=\"archv2-nxm\",type=\"source\"}[2s])/1048576 start:2026-08-02T22:45:28.232Z step:1]" stats="&{Timings:{EvalTotalTime:0.000458834 ResultSortTime:1.75e-06 QueryPreparationTime:0.000334375 InnerEvalTime:0.000111667 ExecQueueTime:9.16e-07 ExecTotalTime:0.000462333} Samples:0x140015da060}" spanID=0000000000000000
time=2026-08-02T15:45:53.233-07:00 level=WARN msg="Query returned multiple series, only first will be used" test=archv2-nxm tool=conduit-v1 collector=conduit type=conduit collector=conduit type=conduit series-count=2
time=2026-08-02T15:45:53.233-07:00 level=DEBUG msg="Query returned data" test=archv2-nxm tool=conduit-v1 collector=conduit type=conduit collector=conduit type=conduit name=msg-megabytes-in-per-second[archv2-nxm] series-count=1 last-value=0.21394920349121094
time=2026-08-02T15:45:53.234-07:00 level=DEBUG msg="promql query logged" test=archv2-nxm tool=conduit-v1 collector=conduit type=conduit collector=conduit type=conduit params="map[end:2026-08-02T22:45:53.233Z query:rate(conduit_connector_bytes_sum{pipeline_name=\"archv2-nxm\",type=\"destination\"}[2s])/1048576 start:2026-08-02T22:45:28.232Z step:1]" stats="&{Timings:{EvalTotalTime:6.6584e-05 ResultSortTime:5e-07 QueryPreparationTime:8.208e-06 InnerEvalTime:5.4167e-05 ExecQueueTime:1e-06 ExecTotalTime:6.9584e-05} Samples:0x140014170b0}" spanID=0000000000000000
time=2026-08-02T15:45:53.234-07:00 level=WARN msg="Query returned multiple series, only first will be used" test=archv2-nxm tool=conduit-v1 collector=conduit type=conduit collector=conduit type=conduit series-count=2
time=2026-08-02T15:45:53.234-07:00 level=DEBUG msg="Query returned data" test=archv2-nxm tool=conduit-v1 collector=conduit type=conduit collector=conduit type=conduit name=msg-megabytes-out-per-second[archv2-nxm] series-count=1 last-value=0.42682743072509766
time=2026-08-02T15:45:53.340-07:00 level=DEBUG msg="Inspecting container" model=container-monitor name=benchi-conduit
time=2026-08-02T15:45:53.853-07:00 level=DEBUG msg="Inspecting container" model=container-monitor name=benchi-conduit
time=2026-08-02T15:45:54.234-07:00 level=DEBUG msg="promql query logged" test=archv2-nxm tool=conduit-v1 collector=conduit type=conduit collector=conduit type=conduit params="map[end:2026-08-02T22:45:54.234Z query:rate(conduit_pipeline_execution_duration_seconds_count{pipeline_name=\"archv2-nxm\"}[2s]) start:2026-08-02T22:45:28.232Z step:1]" stats="&{Timings:{EvalTotalTime:4.9125e-05 ResultSortTime:3.75e-07 QueryPreparationTime:1.5458e-05 InnerEvalTime:2.8917e-05 ExecQueueTime:2.625e-06 ExecTotalTime:5.3541e-05} Samples:0x14001417e00}" spanID=0000000000000000
time=2026-08-02T15:45:54.235-07:00 level=DEBUG msg="Query returned data" test=archv2-nxm tool=conduit-v1 collector=conduit type=conduit collector=conduit type=conduit name=msg-rate-per-second[archv2-nxm] series-count=1 last-value=15089
time=2026-08-02T15:45:54.235-07:00 level=DEBUG msg="promql query logged" test=archv2-nxm tool=conduit-v1 collector=conduit type=conduit collector=conduit type=conduit params="map[end:2026-08-02T22:45:54.235Z query:rate(conduit_connector_bytes_sum{pipeline_name=\"archv2-nxm\",type=\"source\"}[2s])/1048576 start:2026-08-02T22:45:28.232Z step:1]" stats="&{Timings:{EvalTotalTime:7.9416e-05 ResultSortTime:9.59e-07 QueryPreparationTime:1.75e-05 InnerEvalTime:5.5708e-05 ExecQueueTime:1.083e-06 ExecTotalTime:8.225e-05} Samples:0x140014e8540}" spanID=0000000000000000
time=2026-08-02T15:45:54.235-07:00 level=WARN msg="Query returned multiple series, only first will be used" test=archv2-nxm tool=conduit-v1 collector=conduit type=conduit collector=conduit type=conduit series-count=2
time=2026-08-02T15:45:54.235-07:00 level=DEBUG msg="Query returned data" test=archv2-nxm tool=conduit-v1 collector=conduit type=conduit collector=conduit type=conduit name=msg-megabytes-in-per-second[archv2-nxm] series-count=1 last-value=0.21507835388183594
time=2026-08-02T15:45:54.235-07:00 level=DEBUG msg="promql query logged" test=archv2-nxm tool=conduit-v1 collector=conduit type=conduit collector=conduit type=conduit params="map[end:2026-08-02T22:45:54.235Z query:rate(conduit_connector_bytes_sum{pipeline_name=\"archv2-nxm\",type=\"destination\"}[2s])/1048576 start:2026-08-02T22:45:28.232Z step:1]" stats="&{Timings:{EvalTotalTime:7.0083e-05 ResultSortTime:7.5e-07 QueryPreparationTime:9.125e-06 InnerEvalTime:5.6416e-05 ExecQueueTime:1.458e-06 ExecTotalTime:7.3334e-05} Samples:0x14000a47350}" spanID=0000000000000000
time=2026-08-02T15:45:54.235-07:00 level=WARN msg="Query returned multiple series, only first will be used" test=archv2-nxm tool=conduit-v1 collector=conduit type=conduit collector=conduit type=conduit series-count=2
time=2026-08-02T15:45:54.235-07:00 level=DEBUG msg="Query returned data" test=archv2-nxm tool=conduit-v1 collector=conduit type=conduit collector=conduit type=conduit name=msg-megabytes-out-per-second[archv2-nxm] series-count=1 last-value=0.4262571334838867
time=2026-08-02T15:45:54.379-07:00 level=DEBUG msg="Inspecting container" model=container-monitor name=benchi-conduit
time=2026-08-02T15:45:54.886-07:00 level=DEBUG msg="Inspecting container" model=container-monitor name=benchi-conduit
time=2026-08-02T15:45:55.234-07:00 level=DEBUG msg="promql query logged" test=archv2-nxm tool=conduit-v1 collector=conduit type=conduit collector=conduit type=conduit params="map[end:2026-08-02T22:45:55.234Z query:rate(conduit_pipeline_execution_duration_seconds_count{pipeline_name=\"archv2-nxm\"}[2s]) start:2026-08-02T22:45:28.232Z step:1]" stats="&{Timings:{EvalTotalTime:5.4417e-05 ResultSortTime:4.59e-07 QueryPreparationTime:1.625e-05 InnerEvalTime:3.2333e-05 ExecQueueTime:2.0541e-05 ExecTotalTime:7.8583e-05} Samples:0x140010f04e0}" spanID=0000000000000000
time=2026-08-02T15:45:55.234-07:00 level=DEBUG msg="Query returned data" test=archv2-nxm tool=conduit-v1 collector=conduit type=conduit collector=conduit type=conduit name=msg-rate-per-second[archv2-nxm] series-count=1 last-value=15674
time=2026-08-02T15:45:55.234-07:00 level=DEBUG msg="promql query logged" test=archv2-nxm tool=conduit-v1 collector=conduit type=conduit collector=conduit type=conduit params="map[end:2026-08-02T22:45:55.234Z query:rate(conduit_connector_bytes_sum{pipeline_name=\"archv2-nxm\",type=\"source\"}[2s])/1048576 start:2026-08-02T22:45:28.232Z step:1]" stats="&{Timings:{EvalTotalTime:8.8041e-05 ResultSortTime:1e-06 QueryPreparationTime:2e-05 InnerEvalTime:6.2625e-05 ExecQueueTime:1.708e-06 ExecTotalTime:9.3792e-05} Samples:0x140010f0ba0}" spanID=0000000000000000
time=2026-08-02T15:45:55.234-07:00 level=WARN msg="Query returned multiple series, only first will be used" test=archv2-nxm tool=conduit-v1 collector=conduit type=conduit collector=conduit type=conduit series-count=2
time=2026-08-02T15:45:55.234-07:00 level=DEBUG msg="Query returned data" test=archv2-nxm tool=conduit-v1 collector=conduit type=conduit collector=conduit type=conduit name=msg-megabytes-in-per-second[archv2-nxm] series-count=1 last-value=0.22182083129882812
time=2026-08-02T15:45:55.234-07:00 level=DEBUG msg="promql query logged" test=archv2-nxm tool=conduit-v1 collector=conduit type=conduit collector=conduit type=conduit params="map[end:2026-08-02T22:45:55.234Z query:rate(conduit_connector_bytes_sum{pipeline_name=\"archv2-nxm\",type=\"destination\"}[2s])/1048576 start:2026-08-02T22:45:28.232Z step:1]" stats="&{Timings:{EvalTotalTime:8.4375e-05 ResultSortTime:6.67e-07 QueryPreparationTime:8.125e-06 InnerEvalTime:6.9834e-05 ExecQueueTime:1.084e-06 ExecTotalTime:8.7792e-05} Samples:0x140010f19e0}" spanID=0000000000000000
time=2026-08-02T15:45:55.235-07:00 level=WARN msg="Query returned multiple series, only first will be used" test=archv2-nxm tool=conduit-v1 collector=conduit type=conduit collector=conduit type=conduit series-count=2
time=2026-08-02T15:45:55.235-07:00 level=DEBUG msg="Query returned data" test=archv2-nxm tool=conduit-v1 collector=conduit type=conduit collector=conduit type=conduit name=msg-megabytes-out-per-second[archv2-nxm] series-count=1 last-value=0.44373512268066406
time=2026-08-02T15:45:55.394-07:00 level=DEBUG msg="Inspecting container" model=container-monitor name=benchi-conduit
time=2026-08-02T15:45:55.910-07:00 level=DEBUG msg="Inspecting container" model=container-monitor name=benchi-conduit
time=2026-08-02T15:45:56.237-07:00 level=DEBUG msg="promql query logged" test=archv2-nxm tool=conduit-v1 collector=conduit type=conduit collector=conduit type=conduit params="map[end:2026-08-02T22:45:56.237Z query:rate(conduit_pipeline_execution_duration_seconds_count{pipeline_name=\"archv2-nxm\"}[2s]) start:2026-08-02T22:45:28.232Z step:1]" stats="&{Timings:{EvalTotalTime:5.1916e-05 ResultSortTime:5e-07 QueryPreparationTime:2.575e-05 InnerEvalTime:2.2792e-05 ExecQueueTime:2.459e-06 ExecTotalTime:5.6417e-05} Samples:0x14001604c30}" spanID=0000000000000000
time=2026-08-02T15:45:56.237-07:00 level=DEBUG msg="Query returned data" test=archv2-nxm tool=conduit-v1 collector=conduit type=conduit collector=conduit type=conduit name=msg-rate-per-second[archv2-nxm] series-count=1 last-value=15420
time=2026-08-02T15:45:56.238-07:00 level=DEBUG msg="promql query logged" test=archv2-nxm tool=conduit-v1 collector=conduit type=conduit collector=conduit type=conduit params="map[end:2026-08-02T22:45:56.237Z query:rate(conduit_connector_bytes_sum{pipeline_name=\"archv2-nxm\",type=\"source\"}[2s])/1048576 start:2026-08-02T22:45:28.232Z step:1]" stats="&{Timings:{EvalTotalTime:4.2833e-05 ResultSortTime:5e-07 QueryPreparationTime:8.334e-06 InnerEvalTime:3.1334e-05 ExecQueueTime:7.08e-07 ExecTotalTime:4.4583e-05} Samples:0x140016052f0}" spanID=0000000000000000
time=2026-08-02T15:45:56.238-07:00 level=WARN msg="Query returned multiple series, only first will be used" test=archv2-nxm tool=conduit-v1 collector=conduit type=conduit collector=conduit type=conduit series-count=2
time=2026-08-02T15:45:56.238-07:00 level=DEBUG msg="Query returned data" test=archv2-nxm tool=conduit-v1 collector=conduit type=conduit collector=conduit type=conduit name=msg-megabytes-in-per-second[archv2-nxm] series-count=1 last-value=0.21886157989501953
time=2026-08-02T15:45:56.238-07:00 level=DEBUG msg="promql query logged" test=archv2-nxm tool=conduit-v1 collector=conduit type=conduit collector=conduit type=conduit params="map[end:2026-08-02T22:45:56.238Z query:rate(conduit_connector_bytes_sum{pipeline_name=\"archv2-nxm\",type=\"destination\"}[2s])/1048576 start:2026-08-02T22:45:28.232Z step:1]" stats="&{Timings:{EvalTotalTime:4.5458e-05 ResultSortTime:3.34e-07 QueryPreparationTime:5.292e-06 InnerEvalTime:3.75e-05 ExecQueueTime:1.084e-06 ExecTotalTime:4.7916e-05} Samples:0x1400156a630}" spanID=0000000000000000
time=2026-08-02T15:45:56.238-07:00 level=WARN msg="Query returned multiple series, only first will be used" test=archv2-nxm tool=conduit-v1 collector=conduit type=conduit collector=conduit type=conduit series-count=2
time=2026-08-02T15:45:56.238-07:00 level=DEBUG msg="Query returned data" test=archv2-nxm tool=conduit-v1 collector=conduit type=conduit collector=conduit type=conduit name=msg-megabytes-out-per-second[archv2-nxm] series-count=1 last-value=0.4359130859375
time=2026-08-02T15:45:56.439-07:00 level=DEBUG msg="Inspecting container" model=container-monitor name=benchi-conduit
time=2026-08-02T15:45:56.946-07:00 level=DEBUG msg="Inspecting container" model=container-monitor name=benchi-conduit
time=2026-08-02T15:45:57.234-07:00 level=DEBUG msg="promql query logged" test=archv2-nxm tool=conduit-v1 collector=conduit type=conduit collector=conduit type=conduit params="map[end:2026-08-02T22:45:57.234Z query:rate(conduit_pipeline_execution_duration_seconds_count{pipeline_name=\"archv2-nxm\"}[2s]) start:2026-08-02T22:45:28.232Z step:1]" stats="&{Timings:{EvalTotalTime:3.5542e-05 ResultSortTime:3.75e-07 QueryPreparationTime:1.0292e-05 InnerEvalTime:2.2042e-05 ExecQueueTime:1.917e-06 ExecTotalTime:4.1375e-05} Samples:0x1400135fc50}" spanID=0000000000000000
time=2026-08-02T15:45:57.234-07:00 level=DEBUG msg="Query returned data" test=archv2-nxm tool=conduit-v1 collector=conduit type=conduit collector=conduit type=conduit name=msg-rate-per-second[archv2-nxm] series-count=1 last-value=14651
time=2026-08-02T15:45:57.234-07:00 level=DEBUG msg="promql query logged" test=archv2-nxm tool=conduit-v1 collector=conduit type=conduit collector=conduit type=conduit params="map[end:2026-08-02T22:45:57.234Z query:rate(conduit_connector_bytes_sum{pipeline_name=\"archv2-nxm\",type=\"source\"}[2s])/1048576 start:2026-08-02T22:45:28.232Z step:1]" stats="&{Timings:{EvalTotalTime:4.2417e-05 ResultSortTime:5.42e-07 QueryPreparationTime:4.917e-06 InnerEvalTime:3.4916e-05 ExecQueueTime:7.08e-07 ExecTotalTime:4.4084e-05} Samples:0x14001796390}" spanID=0000000000000000
time=2026-08-02T15:45:57.234-07:00 level=WARN msg="Query returned multiple series, only first will be used" test=archv2-nxm tool=conduit-v1 collector=conduit type=conduit collector=conduit type=conduit series-count=2
time=2026-08-02T15:45:57.234-07:00 level=DEBUG msg="Query returned data" test=archv2-nxm tool=conduit-v1 collector=conduit type=conduit collector=conduit type=conduit name=msg-megabytes-in-per-second[archv2-nxm] series-count=1 last-value=0.2047100067138672
time=2026-08-02T15:45:57.234-07:00 level=DEBUG msg="promql query logged" test=archv2-nxm tool=conduit-v1 collector=conduit type=conduit collector=conduit type=conduit params="map[end:2026-08-02T22:45:57.234Z query:rate(conduit_connector_bytes_sum{pipeline_name=\"archv2-nxm\",type=\"destination\"}[2s])/1048576 start:2026-08-02T22:45:28.232Z step:1]" stats="&{Timings:{EvalTotalTime:3.3333e-05 ResultSortTime:2.92e-07 QueryPreparationTime:3.208e-06 InnerEvalTime:2.7958e-05 ExecQueueTime:5.42e-07 ExecTotalTime:3.4584e-05} Samples:0x140014c1d70}" spanID=0000000000000000
time=2026-08-02T15:45:57.234-07:00 level=WARN msg="Query returned multiple series, only first will be used" test=archv2-nxm tool=conduit-v1 collector=conduit type=conduit collector=conduit type=conduit series-count=2
time=2026-08-02T15:45:57.234-07:00 level=DEBUG msg="Query returned data" test=archv2-nxm tool=conduit-v1 collector=conduit type=conduit collector=conduit type=conduit name=msg-megabytes-out-per-second[archv2-nxm] series-count=1 last-value=0.4140167236328125
time=2026-08-02T15:45:57.489-07:00 level=DEBUG msg="Inspecting container" model=container-monitor name=benchi-conduit
time=2026-08-02T15:45:58.002-07:00 level=DEBUG msg="Inspecting container" model=container-monitor name=benchi-conduit
time=2026-08-02T15:45:58.233-07:00 level=DEBUG msg="promql query logged" test=archv2-nxm tool=conduit-v1 collector=conduit type=conduit collector=conduit type=conduit params="map[end:2026-08-02T22:45:58.233Z query:rate(conduit_pipeline_execution_duration_seconds_count{pipeline_name=\"archv2-nxm\"}[2s]) start:2026-08-02T22:45:28.232Z step:1]" stats="&{Timings:{EvalTotalTime:3.3375e-05 ResultSortTime:3.33e-07 QueryPreparationTime:9.667e-06 InnerEvalTime:2.075e-05 ExecQueueTime:2e-06 ExecTotalTime:3.7792e-05} Samples:0x14001814c90}" spanID=0000000000000000
time=2026-08-02T15:45:58.233-07:00 level=DEBUG msg="Query returned data" test=archv2-nxm tool=conduit-v1 collector=conduit type=conduit collector=conduit type=conduit name=msg-rate-per-second[archv2-nxm] series-count=1 last-value=14972
time=2026-08-02T15:45:58.233-07:00 level=DEBUG msg="promql query logged" test=archv2-nxm tool=conduit-v1 collector=conduit type=conduit collector=conduit type=conduit params="map[end:2026-08-02T22:45:58.233Z query:rate(conduit_connector_bytes_sum{pipeline_name=\"archv2-nxm\",type=\"source\"}[2s])/1048576 start:2026-08-02T22:45:28.232Z step:1]" stats="&{Timings:{EvalTotalTime:4.0583e-05 ResultSortTime:5.42e-07 QueryPreparationTime:4.292e-06 InnerEvalTime:3.3875e-05 ExecQueueTime:5.83e-07 ExecTotalTime:4.2e-05} Samples:0x14001815350}" spanID=0000000000000000
time=2026-08-02T15:45:58.233-07:00 level=WARN msg="Query returned multiple series, only first will be used" test=archv2-nxm tool=conduit-v1 collector=conduit type=conduit collector=conduit type=conduit series-count=2
time=2026-08-02T15:45:58.233-07:00 level=INFO msg="Test in progress" test=archv2-nxm tool=conduit-v1 step=test time-left=30s
time=2026-08-02T15:45:58.234-07:00 level=DEBUG msg="Query returned data" test=archv2-nxm tool=conduit-v1 collector=conduit type=conduit collector=conduit type=conduit name=msg-megabytes-in-per-second[archv2-nxm] series-count=1 last-value=0.21360492706298828
time=2026-08-02T15:45:58.235-07:00 level=DEBUG msg="promql query logged" test=archv2-nxm tool=conduit-v1 collector=conduit type=conduit collector=conduit type=conduit params="map[end:2026-08-02T22:45:58.234Z query:rate(conduit_connector_bytes_sum{pipeline_name=\"archv2-nxm\",type=\"destination\"}[2s])/1048576 start:2026-08-02T22:45:28.232Z step:1]" stats="&{Timings:{EvalTotalTime:9.3208e-05 ResultSortTime:3.75e-07 QueryPreparationTime:1.2e-05 InnerEvalTime:7.7792e-05 ExecQueueTime:1.125e-06 ExecTotalTime:9.6292e-05} Samples:0x14001a0a6f0}" spanID=0000000000000000
time=2026-08-02T15:45:58.235-07:00 level=WARN msg="Query returned multiple series, only first will be used" test=archv2-nxm tool=conduit-v1 collector=conduit type=conduit collector=conduit type=conduit series-count=2
time=2026-08-02T15:45:58.235-07:00 level=DEBUG msg="Query returned data" test=archv2-nxm tool=conduit-v1 collector=conduit type=conduit collector=conduit type=conduit name=msg-megabytes-out-per-second[archv2-nxm] series-count=1 last-value=0.42344093322753906
time=2026-08-02T15:45:58.516-07:00 level=DEBUG msg="Inspecting container" model=container-monitor name=benchi-conduit
time=2026-08-02T15:45:59.021-07:00 level=DEBUG msg="Inspecting container" model=container-monitor name=benchi-conduit
time=2026-08-02T15:45:59.235-07:00 level=DEBUG msg="promql query logged" test=archv2-nxm tool=conduit-v1 collector=conduit type=conduit collector=conduit type=conduit params="map[end:2026-08-02T22:45:59.234Z query:rate(conduit_pipeline_execution_duration_seconds_count{pipeline_name=\"archv2-nxm\"}[2s]) start:2026-08-02T22:45:28.232Z step:1]" stats="&{Timings:{EvalTotalTime:8.8958e-05 ResultSortTime:5e-07 QueryPreparationTime:1.675e-05 InnerEvalTime:6.2e-05 ExecQueueTime:2.458e-06 ExecTotalTime:9.4583e-05} Samples:0x14001814630}" spanID=0000000000000000
time=2026-08-02T15:45:59.235-07:00 level=DEBUG msg="Query returned data" test=archv2-nxm tool=conduit-v1 collector=conduit type=conduit collector=conduit type=conduit name=msg-rate-per-second[archv2-nxm] series-count=1 last-value=16119
time=2026-08-02T15:45:59.235-07:00 level=DEBUG msg="promql query logged" test=archv2-nxm tool=conduit-v1 collector=conduit type=conduit collector=conduit type=conduit params="map[end:2026-08-02T22:45:59.235Z query:rate(conduit_connector_bytes_sum{pipeline_name=\"archv2-nxm\",type=\"source\"}[2s])/1048576 start:2026-08-02T22:45:28.232Z step:1]" stats="&{Timings:{EvalTotalTime:4.9292e-05 ResultSortTime:6.25e-07 QueryPreparationTime:7.125e-06 InnerEvalTime:3.9125e-05 ExecQueueTime:1.124e-06 ExecTotalTime:5.1208e-05} Samples:0x14001814e40}" spanID=0000000000000000
time=2026-08-02T15:45:59.235-07:00 level=WARN msg="Query returned multiple series, only first will be used" test=archv2-nxm tool=conduit-v1 collector=conduit type=conduit collector=conduit type=conduit series-count=2
time=2026-08-02T15:45:59.235-07:00 level=DEBUG msg="Query returned data" test=archv2-nxm tool=conduit-v1 collector=conduit type=conduit collector=conduit type=conduit name=msg-megabytes-in-per-second[archv2-nxm] series-count=1 last-value=0.22653865814208984
time=2026-08-02T15:45:59.235-07:00 level=DEBUG msg="promql query logged" test=archv2-nxm tool=conduit-v1 collector=conduit type=conduit collector=conduit type=conduit params="map[end:2026-08-02T22:45:59.235Z query:rate(conduit_connector_bytes_sum{pipeline_name=\"archv2-nxm\",type=\"destination\"}[2s])/1048576 start:2026-08-02T22:45:28.232Z step:1]" stats="&{Timings:{EvalTotalTime:3.4708e-05 ResultSortTime:2.5e-07 QueryPreparationTime:3.417e-06 InnerEvalTime:2.925e-05 ExecQueueTime:6.24e-07 ExecTotalTime:3.6083e-05} Samples:0x14001815cb0}" spanID=0000000000000000
time=2026-08-02T15:45:59.235-07:00 level=WARN msg="Query returned multiple series, only first will be used" test=archv2-nxm tool=conduit-v1 collector=conduit type=conduit collector=conduit type=conduit series-count=2
time=2026-08-02T15:45:59.235-07:00 level=DEBUG msg="Query returned data" test=archv2-nxm tool=conduit-v1 collector=conduit type=conduit collector=conduit type=conduit name=msg-megabytes-out-per-second[archv2-nxm] series-count=1 last-value=0.45511913299560547
time=2026-08-02T15:45:59.566-07:00 level=DEBUG msg="Inspecting container" model=container-monitor name=benchi-conduit
time=2026-08-02T15:46:00.105-07:00 level=DEBUG msg="Inspecting container" model=container-monitor name=benchi-conduit
time=2026-08-02T15:46:00.234-07:00 level=DEBUG msg="promql query logged" test=archv2-nxm tool=conduit-v1 collector=conduit type=conduit collector=conduit type=conduit params="map[end:2026-08-02T22:46:00.234Z query:rate(conduit_pipeline_execution_duration_seconds_count{pipeline_name=\"archv2-nxm\"}[2s]) start:2026-08-02T22:45:28.232Z step:1]" stats="&{Timings:{EvalTotalTime:4.875e-05 ResultSortTime:3.75e-07 QueryPreparationTime:1.3709e-05 InnerEvalTime:3e-05 ExecQueueTime:2.542e-06 ExecTotalTime:5.3041e-05} Samples:0x14001181980}" spanID=0000000000000000
time=2026-08-02T15:46:00.234-07:00 level=DEBUG msg="Query returned data" test=archv2-nxm tool=conduit-v1 collector=conduit type=conduit collector=conduit type=conduit name=msg-rate-per-second[archv2-nxm] series-count=1 last-value=15933
time=2026-08-02T15:46:00.234-07:00 level=DEBUG msg="promql query logged" test=archv2-nxm tool=conduit-v1 collector=conduit type=conduit collector=conduit type=conduit params="map[end:2026-08-02T22:46:00.234Z query:rate(conduit_connector_bytes_sum{pipeline_name=\"archv2-nxm\",type=\"source\"}[2s])/1048576 start:2026-08-02T22:45:28.232Z step:1]" stats="&{Timings:{EvalTotalTime:6.7292e-05 ResultSortTime:6.25e-07 QueryPreparationTime:6.583e-06 InnerEvalTime:5.7125e-05 ExecQueueTime:9.59e-07 ExecTotalTime:6.9916e-05} Samples:0x140017640f0}" spanID=0000000000000000
time=2026-08-02T15:46:00.234-07:00 level=WARN msg="Query returned multiple series, only first will be used" test=archv2-nxm tool=conduit-v1 collector=conduit type=conduit collector=conduit type=conduit series-count=2
time=2026-08-02T15:46:00.235-07:00 level=DEBUG msg="Query returned data" test=archv2-nxm tool=conduit-v1 collector=conduit type=conduit collector=conduit type=conduit name=msg-megabytes-in-per-second[archv2-nxm] series-count=1 last-value=0.22861766815185547
time=2026-08-02T15:46:00.235-07:00 level=DEBUG msg="promql query logged" test=archv2-nxm tool=conduit-v1 collector=conduit type=conduit collector=conduit type=conduit params="map[end:2026-08-02T22:46:00.235Z query:rate(conduit_connector_bytes_sum{pipeline_name=\"archv2-nxm\",type=\"destination\"}[2s])/1048576 start:2026-08-02T22:45:28.232Z step:1]" stats="&{Timings:{EvalTotalTime:0.000164709 ResultSortTime:7.09e-07 QueryPreparationTime:7.083e-06 InnerEvalTime:0.000151458 ExecQueueTime:9.17e-07 ExecTotalTime:0.000169458} Samples:0x14001764ff0}" spanID=0000000000000000
time=2026-08-02T15:46:00.235-07:00 level=WARN msg="Query returned multiple series, only first will be used" test=archv2-nxm tool=conduit-v1 collector=conduit type=conduit collector=conduit type=conduit series-count=2
time=2026-08-02T15:46:00.235-07:00 level=DEBUG msg="Query returned data" test=archv2-nxm tool=conduit-v1 collector=conduit type=conduit collector=conduit type=conduit name=msg-megabytes-out-per-second[archv2-nxm] series-count=1 last-value=0.44920825958251953
time=2026-08-02T15:46:00.636-07:00 level=DEBUG msg="Inspecting container" model=container-monitor name=benchi-conduit
time=2026-08-02T15:46:01.144-07:00 level=DEBUG msg="Inspecting container" model=container-monitor name=benchi-conduit
time=2026-08-02T15:46:01.235-07:00 level=DEBUG msg="promql query logged" test=archv2-nxm tool=conduit-v1 collector=conduit type=conduit collector=conduit type=conduit params="map[end:2026-08-02T22:46:01.234Z query:rate(conduit_pipeline_execution_duration_seconds_count{pipeline_name=\"archv2-nxm\"}[2s]) start:2026-08-02T22:45:28.232Z step:1]" stats="&{Timings:{EvalTotalTime:0.000157917 ResultSortTime:5e-07 QueryPreparationTime:0.000113625 InnerEvalTime:3.5542e-05 ExecQueueTime:2.125e-06 ExecTotalTime:0.000163125} Samples:0x14000980630}" spanID=0000000000000000
time=2026-08-02T15:46:01.235-07:00 level=DEBUG msg="Query returned data" test=archv2-nxm tool=conduit-v1 collector=conduit type=conduit collector=conduit type=conduit name=msg-rate-per-second[archv2-nxm] series-count=1 last-value=13301
time=2026-08-02T15:46:01.235-07:00 level=DEBUG msg="promql query logged" test=archv2-nxm tool=conduit-v1 collector=conduit type=conduit collector=conduit type=conduit params="map[end:2026-08-02T22:46:01.235Z query:rate(conduit_connector_bytes_sum{pipeline_name=\"archv2-nxm\",type=\"source\"}[2s])/1048576 start:2026-08-02T22:45:28.232Z step:1]" stats="&{Timings:{EvalTotalTime:0.000116042 ResultSortTime:1e-06 QueryPreparationTime:9.958e-06 InnerEvalTime:0.000100958 ExecQueueTime:1.417e-06 ExecTotalTime:0.000119625} Samples:0x140007fca50}" spanID=0000000000000000
time=2026-08-02T15:46:01.235-07:00 level=WARN msg="Query returned multiple series, only first will be used" test=archv2-nxm tool=conduit-v1 collector=conduit type=conduit collector=conduit type=conduit series-count=2
time=2026-08-02T15:46:01.236-07:00 level=DEBUG msg="Query returned data" test=archv2-nxm tool=conduit-v1 collector=conduit type=conduit collector=conduit type=conduit name=msg-megabytes-in-per-second[archv2-nxm] series-count=1 last-value=0.19235610961914062
time=2026-08-02T15:46:01.236-07:00 level=DEBUG msg="promql query logged" test=archv2-nxm tool=conduit-v1 collector=conduit type=conduit collector=conduit type=conduit params="map[end:2026-08-02T22:46:01.236Z query:rate(conduit_connector_bytes_sum{pipeline_name=\"archv2-nxm\",type=\"destination\"}[2s])/1048576 start:2026-08-02T22:45:28.232Z step:1]" stats="&{Timings:{EvalTotalTime:6.7292e-05 ResultSortTime:5e-07 QueryPreparationTime:7.459e-06 InnerEvalTime:5.5167e-05 ExecQueueTime:1.043e-06 ExecTotalTime:6.9959e-05} Samples:0x140007fda40}" spanID=0000000000000000
time=2026-08-02T15:46:01.236-07:00 level=WARN msg="Query returned multiple series, only first will be used" test=archv2-nxm tool=conduit-v1 collector=conduit type=conduit collector=conduit type=conduit series-count=2
time=2026-08-02T15:46:01.236-07:00 level=DEBUG msg="Query returned data" test=archv2-nxm tool=conduit-v1 collector=conduit type=conduit collector=conduit type=conduit name=msg-megabytes-out-per-second[archv2-nxm] series-count=1 last-value=0.3757772445678711
time=2026-08-02T15:46:01.660-07:00 level=DEBUG msg="Inspecting container" model=container-monitor name=benchi-conduit
time=2026-08-02T15:46:02.189-07:00 level=DEBUG msg="Inspecting container" model=container-monitor name=benchi-conduit
time=2026-08-02T15:46:02.237-07:00 level=DEBUG msg="promql query logged" test=archv2-nxm tool=conduit-v1 collector=conduit type=conduit collector=conduit type=conduit params="map[end:2026-08-02T22:46:02.237Z query:rate(conduit_pipeline_execution_duration_seconds_count{pipeline_name=\"archv2-nxm\"}[2s]) start:2026-08-02T22:45:28.232Z step:1]" stats="&{Timings:{EvalTotalTime:7.8125e-05 ResultSortTime:5.84e-07 QueryPreparationTime:1.5042e-05 InnerEvalTime:5.5667e-05 ExecQueueTime:2.541e-06 ExecTotalTime:8.2375e-05} Samples:0x14000abe870}" spanID=0000000000000000
time=2026-08-02T15:46:02.237-07:00 level=DEBUG msg="Query returned data" test=archv2-nxm tool=conduit-v1 collector=conduit type=conduit collector=conduit type=conduit name=msg-rate-per-second[archv2-nxm] series-count=1 last-value=13998
time=2026-08-02T15:46:02.238-07:00 level=DEBUG msg="promql query logged" test=archv2-nxm tool=conduit-v1 collector=conduit type=conduit collector=conduit type=conduit params="map[end:2026-08-02T22:46:02.237Z query:rate(conduit_connector_bytes_sum{pipeline_name=\"archv2-nxm\",type=\"source\"}[2s])/1048576 start:2026-08-02T22:45:28.232Z step:1]" stats="&{Timings:{EvalTotalTime:7.7167e-05 ResultSortTime:9.17e-07 QueryPreparationTime:8.459e-06 InnerEvalTime:6.4417e-05 ExecQueueTime:1.25e-06 ExecTotalTime:7.9959e-05} Samples:0x14000abf890}" spanID=0000000000000000
time=2026-08-02T15:46:02.238-07:00 level=WARN msg="Query returned multiple series, only first will be used" test=archv2-nxm tool=conduit-v1 collector=conduit type=conduit collector=conduit type=conduit series-count=2
time=2026-08-02T15:46:02.238-07:00 level=DEBUG msg="Query returned data" test=archv2-nxm tool=conduit-v1 collector=conduit type=conduit collector=conduit type=conduit name=msg-megabytes-in-per-second[archv2-nxm] series-count=1 last-value=0.19947528839111328
time=2026-08-02T15:46:02.238-07:00 level=DEBUG msg="promql query logged" test=archv2-nxm tool=conduit-v1 collector=conduit type=conduit collector=conduit type=conduit params="map[end:2026-08-02T22:46:02.238Z query:rate(conduit_connector_bytes_sum{pipeline_name=\"archv2-nxm\",type=\"destination\"}[2s])/1048576 start:2026-08-02T22:45:28.232Z step:1]" stats="&{Timings:{EvalTotalTime:7.2792e-05 ResultSortTime:4.59e-07 QueryPreparationTime:7.666e-06 InnerEvalTime:6.1042e-05 ExecQueueTime:1.084e-06 ExecTotalTime:7.575e-05} Samples:0x14000f41530}" spanID=0000000000000000
time=2026-08-02T15:46:02.238-07:00 level=WARN msg="Query returned multiple series, only first will be used" test=archv2-nxm tool=conduit-v1 collector=conduit type=conduit collector=conduit type=conduit series-count=2
time=2026-08-02T15:46:02.238-07:00 level=DEBUG msg="Query returned data" test=archv2-nxm tool=conduit-v1 collector=conduit type=conduit collector=conduit type=conduit name=msg-megabytes-out-per-second[archv2-nxm] series-count=1 last-value=0.3956317901611328
time=2026-08-02T15:46:02.736-07:00 level=DEBUG msg="Inspecting container" model=container-monitor name=benchi-conduit
time=2026-08-02T15:46:03.233-07:00 level=INFO msg="Test in progress" test=archv2-nxm tool=conduit-v1 step=test time-left=25s
time=2026-08-02T15:46:03.233-07:00 level=DEBUG msg="promql query logged" test=archv2-nxm tool=conduit-v1 collector=conduit type=conduit collector=conduit type=conduit params="map[end:2026-08-02T22:46:03.233Z query:rate(conduit_pipeline_execution_duration_seconds_count{pipeline_name=\"archv2-nxm\"}[2s]) start:2026-08-02T22:45:28.232Z step:1]" stats="&{Timings:{EvalTotalTime:0.000135333 ResultSortTime:1.292e-06 QueryPreparationTime:1.0958e-05 InnerEvalTime:2.2917e-05 ExecQueueTime:2.042e-06 ExecTotalTime:0.000141542} Samples:0x140015996b0}" spanID=0000000000000000
time=2026-08-02T15:46:03.233-07:00 level=DEBUG msg="Query returned data" test=archv2-nxm tool=conduit-v1 collector=conduit type=conduit collector=conduit type=conduit name=msg-rate-per-second[archv2-nxm] series-count=1 last-value=15496
time=2026-08-02T15:46:03.234-07:00 level=DEBUG msg="promql query logged" test=archv2-nxm tool=conduit-v1 collector=conduit type=conduit collector=conduit type=conduit params="map[end:2026-08-02T22:46:03.234Z query:rate(conduit_connector_bytes_sum{pipeline_name=\"archv2-nxm\",type=\"source\"}[2s])/1048576 start:2026-08-02T22:45:28.232Z step:1]" stats="&{Timings:{EvalTotalTime:0.000142542 ResultSortTime:1e-06 QueryPreparationTime:8.625e-06 InnerEvalTime:5.9125e-05 ExecQueueTime:1.125e-06 ExecTotalTime:0.0001455} Samples:0x14001599d70}" spanID=0000000000000000
time=2026-08-02T15:46:03.234-07:00 level=WARN msg="Query returned multiple series, only first will be used" test=archv2-nxm tool=conduit-v1 collector=conduit type=conduit collector=conduit type=conduit series-count=2
time=2026-08-02T15:46:03.234-07:00 level=DEBUG msg="Query returned data" test=archv2-nxm tool=conduit-v1 collector=conduit type=conduit collector=conduit type=conduit name=msg-megabytes-in-per-second[archv2-nxm] series-count=1 last-value=0.21864700317382812
time=2026-08-02T15:46:03.234-07:00 level=DEBUG msg="promql query logged" test=archv2-nxm tool=conduit-v1 collector=conduit type=conduit collector=conduit type=conduit params="map[end:2026-08-02T22:46:03.234Z query:rate(conduit_connector_bytes_sum{pipeline_name=\"archv2-nxm\",type=\"destination\"}[2s])/1048576 start:2026-08-02T22:45:28.232Z step:1]" stats="&{Timings:{EvalTotalTime:0.000228 ResultSortTime:3.33e-07 QueryPreparationTime:5.583e-06 InnerEvalTime:0.0002195 ExecQueueTime:7.09e-07 ExecTotalTime:0.000230959} Samples:0x14001074e70}" spanID=0000000000000000
time=2026-08-02T15:46:03.234-07:00 level=WARN msg="Query returned multiple series, only first will be used" test=archv2-nxm tool=conduit-v1 collector=conduit type=conduit collector=conduit type=conduit series-count=2
time=2026-08-02T15:46:03.234-07:00 level=DEBUG msg="Query returned data" test=archv2-nxm tool=conduit-v1 collector=conduit type=conduit collector=conduit type=conduit name=msg-megabytes-out-per-second[archv2-nxm] series-count=1 last-value=0.43787384033203125
time=2026-08-02T15:46:03.257-07:00 level=DEBUG msg="Inspecting container" model=container-monitor name=benchi-conduit
time=2026-08-02T15:46:03.780-07:00 level=DEBUG msg="Inspecting container" model=container-monitor name=benchi-conduit
time=2026-08-02T15:46:04.235-07:00 level=DEBUG msg="promql query logged" test=archv2-nxm tool=conduit-v1 collector=conduit type=conduit collector=conduit type=conduit params="map[end:2026-08-02T22:46:04.235Z query:rate(conduit_pipeline_execution_duration_seconds_count{pipeline_name=\"archv2-nxm\"}[2s]) start:2026-08-02T22:45:28.232Z step:1]" stats="&{Timings:{EvalTotalTime:3.9625e-05 ResultSortTime:5.41e-07 QueryPreparationTime:1.0875e-05 InnerEvalTime:2.5083e-05 ExecQueueTime:2.166e-06 ExecTotalTime:4.4083e-05} Samples:0x14000abba10}" spanID=0000000000000000
time=2026-08-02T15:46:04.235-07:00 level=DEBUG msg="Query returned data" test=archv2-nxm tool=conduit-v1 collector=conduit type=conduit collector=conduit type=conduit name=msg-rate-per-second[archv2-nxm] series-count=1 last-value=14395
time=2026-08-02T15:46:04.235-07:00 level=DEBUG msg="promql query logged" test=archv2-nxm tool=conduit-v1 collector=conduit type=conduit collector=conduit type=conduit params="map[end:2026-08-02T22:46:04.235Z query:rate(conduit_connector_bytes_sum{pipeline_name=\"archv2-nxm\",type=\"source\"}[2s])/1048576 start:2026-08-02T22:45:28.232Z step:1]" stats="&{Timings:{EvalTotalTime:4.7834e-05 ResultSortTime:7.09e-07 QueryPreparationTime:4.5e-06 InnerEvalTime:3.9625e-05 ExecQueueTime:7.5e-07 ExecTotalTime:4.9458e-05} Samples:0x140016aa180}" spanID=0000000000000000
time=2026-08-02T15:46:04.235-07:00 level=WARN msg="Query returned multiple series, only first will be used" test=archv2-nxm tool=conduit-v1 collector=conduit type=conduit collector=conduit type=conduit series-count=2
time=2026-08-02T15:46:04.236-07:00 level=DEBUG msg="Query returned data" test=archv2-nxm tool=conduit-v1 collector=conduit type=conduit collector=conduit type=conduit name=msg-megabytes-in-per-second[archv2-nxm] series-count=1 last-value=0.1992197036743164
time=2026-08-02T15:46:04.236-07:00 level=DEBUG msg="promql query logged" test=archv2-nxm tool=conduit-v1 collector=conduit type=conduit collector=conduit type=conduit params="map[end:2026-08-02T22:46:04.236Z query:rate(conduit_connector_bytes_sum{pipeline_name=\"archv2-nxm\",type=\"destination\"}[2s])/1048576 start:2026-08-02T22:45:28.232Z step:1]" stats="&{Timings:{EvalTotalTime:3.6458e-05 ResultSortTime:2.08e-07 QueryPreparationTime:3.333e-06 InnerEvalTime:3.1208e-05 ExecQueueTime:5.42e-07 ExecTotalTime:3.8e-05} Samples:0x140016ab3e0}" spanID=0000000000000000
time=2026-08-02T15:46:04.236-07:00 level=WARN msg="Query returned multiple series, only first will be used" test=archv2-nxm tool=conduit-v1 collector=conduit type=conduit collector=conduit type=conduit series-count=2
time=2026-08-02T15:46:04.236-07:00 level=DEBUG msg="Query returned data" test=archv2-nxm tool=conduit-v1 collector=conduit type=conduit collector=conduit type=conduit name=msg-megabytes-out-per-second[archv2-nxm] series-count=1 last-value=0.4061260223388672
time=2026-08-02T15:46:04.290-07:00 level=DEBUG msg="Inspecting container" model=container-monitor name=benchi-conduit
time=2026-08-02T15:46:04.802-07:00 level=DEBUG msg="Inspecting container" model=container-monitor name=benchi-conduit
time=2026-08-02T15:46:05.236-07:00 level=DEBUG msg="promql query logged" test=archv2-nxm tool=conduit-v1 collector=conduit type=conduit collector=conduit type=conduit params="map[end:2026-08-02T22:46:05.236Z query:rate(conduit_pipeline_execution_duration_seconds_count{pipeline_name=\"archv2-nxm\"}[2s]) start:2026-08-02T22:45:28.232Z step:1]" stats="&{Timings:{EvalTotalTime:3.9e-05 ResultSortTime:5e-07 QueryPreparationTime:1.0916e-05 InnerEvalTime:2.45e-05 ExecQueueTime:2.084e-06 ExecTotalTime:4.2625e-05} Samples:0x1400107e9f0}" spanID=0000000000000000
time=2026-08-02T15:46:05.236-07:00 level=DEBUG msg="Query returned data" test=archv2-nxm tool=conduit-v1 collector=conduit type=conduit collector=conduit type=conduit name=msg-rate-per-second[archv2-nxm] series-count=1 last-value=15888
time=2026-08-02T15:46:05.237-07:00 level=DEBUG msg="promql query logged" test=archv2-nxm tool=conduit-v1 collector=conduit type=conduit collector=conduit type=conduit params="map[end:2026-08-02T22:46:05.236Z query:rate(conduit_connector_bytes_sum{pipeline_name=\"archv2-nxm\",type=\"source\"}[2s])/1048576 start:2026-08-02T22:45:28.232Z step:1]" stats="&{Timings:{EvalTotalTime:5.3667e-05 ResultSortTime:5.83e-07 QueryPreparationTime:7.25e-06 InnerEvalTime:4.3167e-05 ExecQueueTime:7.92e-07 ExecTotalTime:5.6542e-05} Samples:0x1400107f0b0}" spanID=0000000000000000
time=2026-08-02T15:46:05.237-07:00 level=WARN msg="Query returned multiple series, only first will be used" test=archv2-nxm tool=conduit-v1 collector=conduit type=conduit collector=conduit type=conduit series-count=2
time=2026-08-02T15:46:05.237-07:00 level=DEBUG msg="Query returned data" test=archv2-nxm tool=conduit-v1 collector=conduit type=conduit collector=conduit type=conduit name=msg-megabytes-in-per-second[archv2-nxm] series-count=1 last-value=0.22782135009765625
time=2026-08-02T15:46:05.237-07:00 level=DEBUG msg="promql query logged" test=archv2-nxm tool=conduit-v1 collector=conduit type=conduit collector=conduit type=conduit params="map[end:2026-08-02T22:46:05.237Z query:rate(conduit_connector_bytes_sum{pipeline_name=\"archv2-nxm\",type=\"destination\"}[2s])/1048576 start:2026-08-02T22:45:28.232Z step:1]" stats="&{Timings:{EvalTotalTime:4.2083e-05 ResultSortTime:2.5e-07 QueryPreparationTime:3.542e-06 InnerEvalTime:3.6584e-05 ExecQueueTime:5.41e-07 ExecTotalTime:4.3792e-05} Samples:0x14001342210}" spanID=0000000000000000
time=2026-08-02T15:46:05.237-07:00 level=WARN msg="Query returned multiple series, only first will be used" test=archv2-nxm tool=conduit-v1 collector=conduit type=conduit collector=conduit type=conduit series-count=2
time=2026-08-02T15:46:05.237-07:00 level=DEBUG msg="Query returned data" test=archv2-nxm tool=conduit-v1 collector=conduit type=conduit collector=conduit type=conduit name=msg-megabytes-out-per-second[archv2-nxm] series-count=1 last-value=0.4481391906738281
time=2026-08-02T15:46:05.320-07:00 level=DEBUG msg="Inspecting container" model=container-monitor name=benchi-conduit
time=2026-08-02T15:46:05.825-07:00 level=DEBUG msg="Inspecting container" model=container-monitor name=benchi-conduit
time=2026-08-02T15:46:06.236-07:00 level=DEBUG msg="promql query logged" test=archv2-nxm tool=conduit-v1 collector=conduit type=conduit collector=conduit type=conduit params="map[end:2026-08-02T22:46:06.235Z query:rate(conduit_pipeline_execution_duration_seconds_count{pipeline_name=\"archv2-nxm\"}[2s]) start:2026-08-02T22:45:28.232Z step:1]" stats="&{Timings:{EvalTotalTime:3.4291e-05 ResultSortTime:4.58e-07 QueryPreparationTime:9.625e-06 InnerEvalTime:2.1541e-05 ExecQueueTime:1.916e-06 ExecTotalTime:3.775e-05} Samples:0x140013def60}" spanID=0000000000000000
time=2026-08-02T15:46:06.236-07:00 level=DEBUG msg="Query returned data" test=archv2-nxm tool=conduit-v1 collector=conduit type=conduit collector=conduit type=conduit name=msg-rate-per-second[archv2-nxm] series-count=1 last-value=14428.429423459245
time=2026-08-02T15:46:06.236-07:00 level=DEBUG msg="promql query logged" test=archv2-nxm tool=conduit-v1 collector=conduit type=conduit collector=conduit type=conduit params="map[end:2026-08-02T22:46:06.236Z query:rate(conduit_connector_bytes_sum{pipeline_name=\"archv2-nxm\",type=\"source\"}[2s])/1048576 start:2026-08-02T22:45:28.232Z step:1]" stats="&{Timings:{EvalTotalTime:7.3416e-05 ResultSortTime:6.25e-07 QueryPreparationTime:4.541e-06 InnerEvalTime:6.5833e-05 ExecQueueTime:5.83e-07 ExecTotalTime:7.5166e-05} Samples:0x140013df620}" spanID=0000000000000000
time=2026-08-02T15:46:06.236-07:00 level=WARN msg="Query returned multiple series, only first will be used" test=archv2-nxm tool=conduit-v1 collector=conduit type=conduit collector=conduit type=conduit series-count=2
time=2026-08-02T15:46:06.236-07:00 level=DEBUG msg="Query returned data" test=archv2-nxm tool=conduit-v1 collector=conduit type=conduit collector=conduit type=conduit name=msg-megabytes-in-per-second[archv2-nxm] series-count=1 last-value=0.206254348603205
time=2026-08-02T15:46:06.236-07:00 level=DEBUG msg="promql query logged" test=archv2-nxm tool=conduit-v1 collector=conduit type=conduit collector=conduit type=conduit params="map[end:2026-08-02T22:46:06.236Z query:rate(conduit_connector_bytes_sum{pipeline_name=\"archv2-nxm\",type=\"destination\"}[2s])/1048576 start:2026-08-02T22:45:28.232Z step:1]" stats="&{Timings:{EvalTotalTime:9.0833e-05 ResultSortTime:5e-07 QueryPreparationTime:2.917e-06 InnerEvalTime:8.3583e-05 ExecQueueTime:4.59e-07 ExecTotalTime:9.2917e-05} Samples:0x140014067e0}" spanID=0000000000000000
time=2026-08-02T15:46:06.236-07:00 level=WARN msg="Query returned multiple series, only first will be used" test=archv2-nxm tool=conduit-v1 collector=conduit type=conduit collector=conduit type=conduit series-count=2
time=2026-08-02T15:46:06.236-07:00 level=DEBUG msg="Query returned data" test=archv2-nxm tool=conduit-v1 collector=conduit type=conduit collector=conduit type=conduit name=msg-megabytes-out-per-second[archv2-nxm] series-count=1 last-value=0.40787114774730526
time=2026-08-02T15:46:06.344-07:00 level=DEBUG msg="Inspecting container" model=container-monitor name=benchi-conduit
time=2026-08-02T15:46:06.856-07:00 level=DEBUG msg="Inspecting container" model=container-monitor name=benchi-conduit
time=2026-08-02T15:46:07.233-07:00 level=DEBUG msg="promql query logged" test=archv2-nxm tool=conduit-v1 collector=conduit type=conduit collector=conduit type=conduit params="map[end:2026-08-02T22:46:07.233Z query:rate(conduit_pipeline_execution_duration_seconds_count{pipeline_name=\"archv2-nxm\"}[2s]) start:2026-08-02T22:45:28.232Z step:1]" stats="&{Timings:{EvalTotalTime:5.3333e-05 ResultSortTime:4.17e-07 QueryPreparationTime:1.3542e-05 InnerEvalTime:3.2666e-05 ExecQueueTime:2.5e-06 ExecTotalTime:5.7459e-05} Samples:0x14001545980}" spanID=0000000000000000
time=2026-08-02T15:46:07.233-07:00 level=DEBUG msg="Query returned data" test=archv2-nxm tool=conduit-v1 collector=conduit type=conduit collector=conduit type=conduit name=msg-rate-per-second[archv2-nxm] series-count=1 last-value=16169.50852557673
time=2026-08-02T15:46:07.233-07:00 level=DEBUG msg="promql query logged" test=archv2-nxm tool=conduit-v1 collector=conduit type=conduit collector=conduit type=conduit params="map[end:2026-08-02T22:46:07.233Z query:rate(conduit_connector_bytes_sum{pipeline_name=\"archv2-nxm\",type=\"source\"}[2s])/1048576 start:2026-08-02T22:45:28.232Z step:1]" stats="&{Timings:{EvalTotalTime:7.675e-05 ResultSortTime:9.16e-07 QueryPreparationTime:6.584e-06 InnerEvalTime:6.6042e-05 ExecQueueTime:7.91e-07 ExecTotalTime:7.9166e-05} Samples:0x140015780c0}" spanID=0000000000000000
time=2026-08-02T15:46:07.233-07:00 level=WARN msg="Query returned multiple series, only first will be used" test=archv2-nxm tool=conduit-v1 collector=conduit type=conduit collector=conduit type=conduit series-count=2
time=2026-08-02T15:46:07.234-07:00 level=DEBUG msg="Query returned data" test=archv2-nxm tool=conduit-v1 collector=conduit type=conduit collector=conduit type=conduit name=msg-megabytes-in-per-second[archv2-nxm] series-count=1 last-value=0.23014925666893257
time=2026-08-02T15:46:07.234-07:00 level=DEBUG msg="promql query logged" test=archv2-nxm tool=conduit-v1 collector=conduit type=conduit collector=conduit type=conduit params="map[end:2026-08-02T22:46:07.234Z query:rate(conduit_connector_bytes_sum{pipeline_name=\"archv2-nxm\",type=\"destination\"}[2s])/1048576 start:2026-08-02T22:45:28.232Z step:1]" stats="&{Timings:{EvalTotalTime:6.925e-05 ResultSortTime:4.58e-07 QueryPreparationTime:5.834e-06 InnerEvalTime:5.8833e-05 ExecQueueTime:7.5e-07 ExecTotalTime:7.1416e-05} Samples:0x14001579200}" spanID=0000000000000000
time=2026-08-02T15:46:07.234-07:00 level=WARN msg="Query returned multiple series, only first will be used" test=archv2-nxm tool=conduit-v1 collector=conduit type=conduit collector=conduit type=conduit series-count=2
time=2026-08-02T15:46:07.234-07:00 level=DEBUG msg="Query returned data" test=archv2-nxm tool=conduit-v1 collector=conduit type=conduit collector=conduit type=conduit name=msg-megabytes-out-per-second[archv2-nxm] series-count=1 last-value=0.4567468656580092
time=2026-08-02T15:46:07.369-07:00 level=DEBUG msg="Inspecting container" model=container-monitor name=benchi-conduit
time=2026-08-02T15:46:07.879-07:00 level=DEBUG msg="Inspecting container" model=container-monitor name=benchi-conduit
time=2026-08-02T15:46:08.233-07:00 level=INFO msg="Test in progress" test=archv2-nxm tool=conduit-v1 step=test time-left=20s
time=2026-08-02T15:46:08.233-07:00 level=DEBUG msg="promql query logged" test=archv2-nxm tool=conduit-v1 collector=conduit type=conduit collector=conduit type=conduit params="map[end:2026-08-02T22:46:08.233Z query:rate(conduit_pipeline_execution_duration_seconds_count{pipeline_name=\"archv2-nxm\"}[2s]) start:2026-08-02T22:45:28.232Z step:1]" stats="&{Timings:{EvalTotalTime:3.8625e-05 ResultSortTime:4.58e-07 QueryPreparationTime:1.075e-05 InnerEvalTime:2.4333e-05 ExecQueueTime:1.917e-06 ExecTotalTime:4.2167e-05} Samples:0x140015e1b60}" spanID=0000000000000000
time=2026-08-02T15:46:08.233-07:00 level=DEBUG msg="Query returned data" test=archv2-nxm tool=conduit-v1 collector=conduit type=conduit collector=conduit type=conduit name=msg-rate-per-second[archv2-nxm] series-count=1 last-value=15747.241725175527
time=2026-08-02T15:46:08.233-07:00 level=DEBUG msg="promql query logged" test=archv2-nxm tool=conduit-v1 collector=conduit type=conduit collector=conduit type=conduit params="map[end:2026-08-02T22:46:08.233Z query:rate(conduit_connector_bytes_sum{pipeline_name=\"archv2-nxm\",type=\"source\"}[2s])/1048576 start:2026-08-02T22:45:28.232Z step:1]" stats="&{Timings:{EvalTotalTime:4.8209e-05 ResultSortTime:6.67e-07 QueryPreparationTime:4.209e-06 InnerEvalTime:4.1333e-05 ExecQueueTime:5.83e-07 ExecTotalTime:5.0625e-05} Samples:0x1400160c2a0}" spanID=0000000000000000
time=2026-08-02T15:46:08.233-07:00 level=WARN msg="Query returned multiple series, only first will be used" test=archv2-nxm tool=conduit-v1 collector=conduit type=conduit collector=conduit type=conduit series-count=2
time=2026-08-02T15:46:08.233-07:00 level=DEBUG msg="Query returned data" test=archv2-nxm tool=conduit-v1 collector=conduit type=conduit collector=conduit type=conduit name=msg-megabytes-in-per-second[archv2-nxm] series-count=1 last-value=0.22882444330060495
time=2026-08-02T15:46:08.233-07:00 level=DEBUG msg="promql query logged" test=archv2-nxm tool=conduit-v1 collector=conduit type=conduit collector=conduit type=conduit params="map[end:2026-08-02T22:46:08.233Z query:rate(conduit_connector_bytes_sum{pipeline_name=\"archv2-nxm\",type=\"destination\"}[2s])/1048576 start:2026-08-02T22:45:28.232Z step:1]" stats="&{Timings:{EvalTotalTime:5.2458e-05 ResultSortTime:3.33e-07 QueryPreparationTime:5.792e-06 InnerEvalTime:4.3416e-05 ExecQueueTime:7.5e-07 ExecTotalTime:5.5167e-05} Samples:0x140014374a0}" spanID=0000000000000000
time=2026-08-02T15:46:08.233-07:00 level=WARN msg="Query returned multiple series, only first will be used" test=archv2-nxm tool=conduit-v1 collector=conduit type=conduit collector=conduit type=conduit series-count=2
time=2026-08-02T15:46:08.233-07:00 level=DEBUG msg="Query returned data" test=archv2-nxm tool=conduit-v1 collector=conduit type=conduit collector=conduit type=conduit name=msg-megabytes-out-per-second[archv2-nxm] series-count=1 last-value=0.4444036225497782
time=2026-08-02T15:46:08.407-07:00 level=DEBUG msg="Inspecting container" model=container-monitor name=benchi-conduit
time=2026-08-02T15:46:08.912-07:00 level=DEBUG msg="Inspecting container" model=container-monitor name=benchi-conduit
time=2026-08-02T15:46:09.234-07:00 level=DEBUG msg="promql query logged" test=archv2-nxm tool=conduit-v1 collector=conduit type=conduit collector=conduit type=conduit params="map[end:2026-08-02T22:46:09.234Z query:rate(conduit_pipeline_execution_duration_seconds_count{pipeline_name=\"archv2-nxm\"}[2s]) start:2026-08-02T22:45:28.232Z step:1]" stats="&{Timings:{EvalTotalTime:3.425e-05 ResultSortTime:3.34e-07 QueryPreparationTime:9.541e-06 InnerEvalTime:2.1833e-05 ExecQueueTime:1.459e-06 ExecTotalTime:3.7e-05} Samples:0x14001741530}" spanID=0000000000000000
time=2026-08-02T15:46:09.234-07:00 level=DEBUG msg="Query returned data" test=archv2-nxm tool=conduit-v1 collector=conduit type=conduit collector=conduit type=conduit name=msg-rate-per-second[archv2-nxm] series-count=1 last-value=17265
time=2026-08-02T15:46:09.234-07:00 level=DEBUG msg="promql query logged" test=archv2-nxm tool=conduit-v1 collector=conduit type=conduit collector=conduit type=conduit params="map[end:2026-08-02T22:46:09.234Z query:rate(conduit_connector_bytes_sum{pipeline_name=\"archv2-nxm\",type=\"source\"}[2s])/1048576 start:2026-08-02T22:45:28.232Z step:1]" stats="&{Timings:{EvalTotalTime:0.000104417 ResultSortTime:6.25e-07 QueryPreparationTime:4.208e-06 InnerEvalTime:9.6375e-05 ExecQueueTime:7.08e-07 ExecTotalTime:0.000106791} Samples:0x14001741c50}" spanID=0000000000000000
time=2026-08-02T15:46:09.234-07:00 level=WARN msg="Query returned multiple series, only first will be used" test=archv2-nxm tool=conduit-v1 collector=conduit type=conduit collector=conduit type=conduit series-count=2
time=2026-08-02T15:46:09.234-07:00 level=DEBUG msg="Query returned data" test=archv2-nxm tool=conduit-v1 collector=conduit type=conduit collector=conduit type=conduit name=msg-megabytes-in-per-second[archv2-nxm] series-count=1 last-value=0.24471569061279297
time=2026-08-02T15:46:09.234-07:00 level=DEBUG msg="promql query logged" test=archv2-nxm tool=conduit-v1 collector=conduit type=conduit collector=conduit type=conduit params="map[end:2026-08-02T22:46:09.234Z query:rate(conduit_connector_bytes_sum{pipeline_name=\"archv2-nxm\",type=\"destination\"}[2s])/1048576 start:2026-08-02T22:45:28.232Z step:1]" stats="&{Timings:{EvalTotalTime:5.2375e-05 ResultSortTime:3.34e-07 QueryPreparationTime:5.5e-06 InnerEvalTime:4.4167e-05 ExecQueueTime:1.583e-06 ExecTotalTime:5.5333e-05} Samples:0x14001472c60}" spanID=0000000000000000
time=2026-08-02T15:46:09.234-07:00 level=WARN msg="Query returned multiple series, only first will be used" test=archv2-nxm tool=conduit-v1 collector=conduit type=conduit collector=conduit type=conduit series-count=2
time=2026-08-02T15:46:09.234-07:00 level=DEBUG msg="Query returned data" test=archv2-nxm tool=conduit-v1 collector=conduit type=conduit collector=conduit type=conduit name=msg-megabytes-out-per-second[archv2-nxm] series-count=1 last-value=0.48796653747558594
time=2026-08-02T15:46:09.418-07:00 level=DEBUG msg="Inspecting container" model=container-monitor name=benchi-conduit
time=2026-08-02T15:46:09.920-07:00 level=DEBUG msg="Inspecting container" model=container-monitor name=benchi-conduit
time=2026-08-02T15:46:10.233-07:00 level=DEBUG msg="promql query logged" test=archv2-nxm tool=conduit-v1 collector=conduit type=conduit collector=conduit type=conduit params="map[end:2026-08-02T22:46:10.233Z query:rate(conduit_pipeline_execution_duration_seconds_count{pipeline_name=\"archv2-nxm\"}[2s]) start:2026-08-02T22:45:28.232Z step:1]" stats="&{Timings:{EvalTotalTime:5.5625e-05 ResultSortTime:3.75e-07 QueryPreparationTime:1.45e-05 InnerEvalTime:3.625e-05 ExecQueueTime:2.291e-06 ExecTotalTime:5.975e-05} Samples:0x140016049c0}" spanID=0000000000000000
time=2026-08-02T15:46:10.233-07:00 level=DEBUG msg="Query returned data" test=archv2-nxm tool=conduit-v1 collector=conduit type=conduit collector=conduit type=conduit name=msg-rate-per-second[archv2-nxm] series-count=1 last-value=24914
time=2026-08-02T15:46:10.233-07:00 level=DEBUG msg="promql query logged" test=archv2-nxm tool=conduit-v1 collector=conduit type=conduit collector=conduit type=conduit params="map[end:2026-08-02T22:46:10.233Z query:rate(conduit_connector_bytes_sum{pipeline_name=\"archv2-nxm\",type=\"source\"}[2s])/1048576 start:2026-08-02T22:45:28.232Z step:1]" stats="&{Timings:{EvalTotalTime:7.8417e-05 ResultSortTime:7.08e-07 QueryPreparationTime:7e-06 InnerEvalTime:6.7416e-05 ExecQueueTime:8.34e-07 ExecTotalTime:8.1125e-05} Samples:0x140016050b0}" spanID=0000000000000000
time=2026-08-02T15:46:10.233-07:00 level=WARN msg="Query returned multiple series, only first will be used" test=archv2-nxm tool=conduit-v1 collector=conduit type=conduit collector=conduit type=conduit series-count=2
time=2026-08-02T15:46:10.233-07:00 level=DEBUG msg="Query returned data" test=archv2-nxm tool=conduit-v1 collector=conduit type=conduit collector=conduit type=conduit name=msg-megabytes-in-per-second[archv2-nxm] series-count=1 last-value=0.34801673889160156
time=2026-08-02T15:46:10.233-07:00 level=DEBUG msg="promql query logged" test=archv2-nxm tool=conduit-v1 collector=conduit type=conduit collector=conduit type=conduit params="map[end:2026-08-02T22:46:10.233Z query:rate(conduit_connector_bytes_sum{pipeline_name=\"archv2-nxm\",type=\"destination\"}[2s])/1048576 start:2026-08-02T22:45:28.232Z step:1]" stats="&{Timings:{EvalTotalTime:7.8875e-05 ResultSortTime:5.83e-07 QueryPreparationTime:7.875e-06 InnerEvalTime:6.7e-05 ExecQueueTime:1.125e-06 ExecTotalTime:8.1958e-05} Samples:0x14001985ad0}" spanID=0000000000000000
time=2026-08-02T15:46:10.233-07:00 level=WARN msg="Query returned multiple series, only first will be used" test=archv2-nxm tool=conduit-v1 collector=conduit type=conduit collector=conduit type=conduit series-count=2
time=2026-08-02T15:46:10.233-07:00 level=DEBUG msg="Query returned data" test=archv2-nxm tool=conduit-v1 collector=conduit type=conduit collector=conduit type=conduit name=msg-megabytes-out-per-second[archv2-nxm] series-count=1 last-value=0.7048101425170898
time=2026-08-02T15:46:10.424-07:00 level=DEBUG msg="Inspecting container" model=container-monitor name=benchi-conduit
time=2026-08-02T15:46:10.931-07:00 level=DEBUG msg="Inspecting container" model=container-monitor name=benchi-conduit
time=2026-08-02T15:46:11.234-07:00 level=DEBUG msg="promql query logged" test=archv2-nxm tool=conduit-v1 collector=conduit type=conduit collector=conduit type=conduit params="map[end:2026-08-02T22:46:11.234Z query:rate(conduit_pipeline_execution_duration_seconds_count{pipeline_name=\"archv2-nxm\"}[2s]) start:2026-08-02T22:45:28.232Z step:1]" stats="&{Timings:{EvalTotalTime:5.2333e-05 ResultSortTime:3.75e-07 QueryPreparationTime:1.3458e-05 InnerEvalTime:3.4083e-05 ExecQueueTime:2.291e-06 ExecTotalTime:5.9208e-05} Samples:0x140007fd5c0}" spanID=0000000000000000
time=2026-08-02T15:46:11.235-07:00 level=DEBUG msg="Query returned data" test=archv2-nxm tool=conduit-v1 collector=conduit type=conduit collector=conduit type=conduit name=msg-rate-per-second[archv2-nxm] series-count=1 last-value=19768
time=2026-08-02T15:46:11.235-07:00 level=DEBUG msg="promql query logged" test=archv2-nxm tool=conduit-v1 collector=conduit type=conduit collector=conduit type=conduit params="map[end:2026-08-02T22:46:11.235Z query:rate(conduit_connector_bytes_sum{pipeline_name=\"archv2-nxm\",type=\"source\"}[2s])/1048576 start:2026-08-02T22:45:28.232Z step:1]" stats="&{Timings:{EvalTotalTime:8.325e-05 ResultSortTime:8.75e-07 QueryPreparationTime:5.291e-06 InnerEvalTime:7.3875e-05 ExecQueueTime:7.08e-07 ExecTotalTime:8.5375e-05} Samples:0x140007fdc80}" spanID=0000000000000000
time=2026-08-02T15:46:11.235-07:00 level=WARN msg="Query returned multiple series, only first will be used" test=archv2-nxm tool=conduit-v1 collector=conduit type=conduit collector=conduit type=conduit series-count=2
time=2026-08-02T15:46:11.235-07:00 level=DEBUG msg="Query returned data" test=archv2-nxm tool=conduit-v1 collector=conduit type=conduit collector=conduit type=conduit name=msg-megabytes-in-per-second[archv2-nxm] series-count=1 last-value=0.2745676040649414
time=2026-08-02T15:46:11.235-07:00 level=DEBUG msg="promql query logged" test=archv2-nxm tool=conduit-v1 collector=conduit type=conduit collector=conduit type=conduit params="map[end:2026-08-02T22:46:11.235Z query:rate(conduit_connector_bytes_sum{pipeline_name=\"archv2-nxm\",type=\"destination\"}[2s])/1048576 start:2026-08-02T22:45:28.232Z step:1]" stats="&{Timings:{EvalTotalTime:6.3625e-05 ResultSortTime:6.25e-07 QueryPreparationTime:9.042e-06 InnerEvalTime:5.0875e-05 ExecQueueTime:1.25e-06 ExecTotalTime:6.6458e-05} Samples:0x1400066c270}" spanID=0000000000000000
time=2026-08-02T15:46:11.235-07:00 level=WARN msg="Query returned multiple series, only first will be used" test=archv2-nxm tool=conduit-v1 collector=conduit type=conduit collector=conduit type=conduit series-count=2
time=2026-08-02T15:46:11.235-07:00 level=DEBUG msg="Query returned data" test=archv2-nxm tool=conduit-v1 collector=conduit type=conduit collector=conduit type=conduit name=msg-megabytes-out-per-second[archv2-nxm] series-count=1 last-value=0.5590181350708008
time=2026-08-02T15:46:11.434-07:00 level=DEBUG msg="Inspecting container" model=container-monitor name=benchi-conduit
time=2026-08-02T15:46:11.937-07:00 level=DEBUG msg="Inspecting container" model=container-monitor name=benchi-conduit
time=2026-08-02T15:46:12.234-07:00 level=DEBUG msg="promql query logged" test=archv2-nxm tool=conduit-v1 collector=conduit type=conduit collector=conduit type=conduit params="map[end:2026-08-02T22:46:12.234Z query:rate(conduit_pipeline_execution_duration_seconds_count{pipeline_name=\"archv2-nxm\"}[2s]) start:2026-08-02T22:45:28.232Z step:1]" stats="&{Timings:{EvalTotalTime:5.2833e-05 ResultSortTime:3.75e-07 QueryPreparationTime:1.45e-05 InnerEvalTime:3.325e-05 ExecQueueTime:2.125e-06 ExecTotalTime:5.7083e-05} Samples:0x1400066db00}" spanID=0000000000000000
time=2026-08-02T15:46:12.234-07:00 level=DEBUG msg="Query returned data" test=archv2-nxm tool=conduit-v1 collector=conduit type=conduit collector=conduit type=conduit name=msg-rate-per-second[archv2-nxm] series-count=1 last-value=21358
time=2026-08-02T15:46:12.234-07:00 level=DEBUG msg="promql query logged" test=archv2-nxm tool=conduit-v1 collector=conduit type=conduit collector=conduit type=conduit params="map[end:2026-08-02T22:46:12.234Z query:rate(conduit_connector_bytes_sum{pipeline_name=\"archv2-nxm\",type=\"source\"}[2s])/1048576 start:2026-08-02T22:45:28.232Z step:1]" stats="&{Timings:{EvalTotalTime:7.7917e-05 ResultSortTime:7.5e-07 QueryPreparationTime:6.375e-06 InnerEvalTime:6.775e-05 ExecQueueTime:9.17e-07 ExecTotalTime:8.025e-05} Samples:0x14000abb1a0}" spanID=0000000000000000
time=2026-08-02T15:46:12.234-07:00 level=WARN msg="Query returned multiple series, only first will be used" test=archv2-nxm tool=conduit-v1 collector=conduit type=conduit collector=conduit type=conduit series-count=2
time=2026-08-02T15:46:12.234-07:00 level=DEBUG msg="Query returned data" test=archv2-nxm tool=conduit-v1 collector=conduit type=conduit collector=conduit type=conduit name=msg-megabytes-in-per-second[archv2-nxm] series-count=1 last-value=0.3025045394897461
time=2026-08-02T15:46:12.234-07:00 level=DEBUG msg="promql query logged" test=archv2-nxm tool=conduit-v1 collector=conduit type=conduit collector=conduit type=conduit params="map[end:2026-08-02T22:46:12.234Z query:rate(conduit_connector_bytes_sum{pipeline_name=\"archv2-nxm\",type=\"destination\"}[2s])/1048576 start:2026-08-02T22:45:28.232Z step:1]" stats="&{Timings:{EvalTotalTime:9.0542e-05 ResultSortTime:4.16e-07 QueryPreparationTime:6.917e-06 InnerEvalTime:7.975e-05 ExecQueueTime:1.167e-06 ExecTotalTime:9.3541e-05} Samples:0x140016aa1b0}" spanID=0000000000000000
time=2026-08-02T15:46:12.234-07:00 level=WARN msg="Query returned multiple series, only first will be used" test=archv2-nxm tool=conduit-v1 collector=conduit type=conduit collector=conduit type=conduit series-count=2
time=2026-08-02T15:46:12.234-07:00 level=DEBUG msg="Query returned data" test=archv2-nxm tool=conduit-v1 collector=conduit type=conduit collector=conduit type=conduit name=msg-megabytes-out-per-second[archv2-nxm] series-count=1 last-value=0.6042518615722656
time=2026-08-02T15:46:12.443-07:00 level=DEBUG msg="Inspecting container" model=container-monitor name=benchi-conduit
time=2026-08-02T15:46:12.955-07:00 level=DEBUG msg="Inspecting container" model=container-monitor name=benchi-conduit
time=2026-08-02T15:46:13.234-07:00 level=INFO msg="Test in progress" test=archv2-nxm tool=conduit-v1 step=test time-left=15s
time=2026-08-02T15:46:13.234-07:00 level=DEBUG msg="promql query logged" test=archv2-nxm tool=conduit-v1 collector=conduit type=conduit collector=conduit type=conduit params="map[end:2026-08-02T22:46:13.234Z query:rate(conduit_pipeline_execution_duration_seconds_count{pipeline_name=\"archv2-nxm\"}[2s]) start:2026-08-02T22:45:28.232Z step:1]" stats="&{Timings:{EvalTotalTime:5.4167e-05 ResultSortTime:3.75e-07 QueryPreparationTime:1.4e-05 InnerEvalTime:3.5334e-05 ExecQueueTime:2.333e-06 ExecTotalTime:5.8584e-05} Samples:0x14001436db0}" spanID=0000000000000000
time=2026-08-02T15:46:13.234-07:00 level=DEBUG msg="Query returned data" test=archv2-nxm tool=conduit-v1 collector=conduit type=conduit collector=conduit type=conduit name=msg-rate-per-second[archv2-nxm] series-count=1 last-value=20201
time=2026-08-02T15:46:13.235-07:00 level=DEBUG msg="promql query logged" test=archv2-nxm tool=conduit-v1 collector=conduit type=conduit collector=conduit type=conduit params="map[end:2026-08-02T22:46:13.234Z query:rate(conduit_connector_bytes_sum{pipeline_name=\"archv2-nxm\",type=\"source\"}[2s])/1048576 start:2026-08-02T22:45:28.232Z step:1]" stats="&{Timings:{EvalTotalTime:7.9833e-05 ResultSortTime:6.25e-07 QueryPreparationTime:6e-06 InnerEvalTime:6.8542e-05 ExecQueueTime:7.09e-07 ExecTotalTime:8.2e-05} Samples:0x14001437770}" spanID=0000000000000000
time=2026-08-02T15:46:13.235-07:00 level=WARN msg="Query returned multiple series, only first will be used" test=archv2-nxm tool=conduit-v1 collector=conduit type=conduit collector=conduit type=conduit series-count=2
time=2026-08-02T15:46:13.235-07:00 level=DEBUG msg="Query returned data" test=archv2-nxm tool=conduit-v1 collector=conduit type=conduit collector=conduit type=conduit name=msg-megabytes-in-per-second[archv2-nxm] series-count=1 last-value=0.2828178405761719
time=2026-08-02T15:46:13.235-07:00 level=DEBUG msg="promql query logged" test=archv2-nxm tool=conduit-v1 collector=conduit type=conduit collector=conduit type=conduit params="map[end:2026-08-02T22:46:13.235Z query:rate(conduit_connector_bytes_sum{pipeline_name=\"archv2-nxm\",type=\"destination\"}[2s])/1048576 start:2026-08-02T22:45:28.232Z step:1]" stats="&{Timings:{EvalTotalTime:8.9083e-05 ResultSortTime:6.25e-07 QueryPreparationTime:1.0083e-05 InnerEvalTime:7.4542e-05 ExecQueueTime:1.041e-06 ExecTotalTime:9.2166e-05} Samples:0x140015e1440}" spanID=0000000000000000
time=2026-08-02T15:46:13.235-07:00 level=WARN msg="Query returned multiple series, only first will be used" test=archv2-nxm tool=conduit-v1 collector=conduit type=conduit collector=conduit type=conduit series-count=2
time=2026-08-02T15:46:13.235-07:00 level=DEBUG msg="Query returned data" test=archv2-nxm tool=conduit-v1 collector=conduit type=conduit collector=conduit type=conduit name=msg-megabytes-out-per-second[archv2-nxm] series-count=1 last-value=0.5704889297485352
time=2026-08-02T15:46:13.462-07:00 level=DEBUG msg="Inspecting container" model=container-monitor name=benchi-conduit
time=2026-08-02T15:46:13.973-07:00 level=DEBUG msg="Inspecting container" model=container-monitor name=benchi-conduit
time=2026-08-02T15:46:14.234-07:00 level=DEBUG msg="promql query logged" test=archv2-nxm tool=conduit-v1 collector=conduit type=conduit collector=conduit type=conduit params="map[end:2026-08-02T22:46:14.234Z query:rate(conduit_pipeline_execution_duration_seconds_count{pipeline_name=\"archv2-nxm\"}[2s]) start:2026-08-02T22:45:28.232Z step:1]" stats="&{Timings:{EvalTotalTime:5.4042e-05 ResultSortTime:3.75e-07 QueryPreparationTime:1.3333e-05 InnerEvalTime:3.5041e-05 ExecQueueTime:2.417e-06 ExecTotalTime:5.8375e-05} Samples:0x140012c9b30}" spanID=0000000000000000
time=2026-08-02T15:46:14.234-07:00 level=DEBUG msg="Query returned data" test=archv2-nxm tool=conduit-v1 collector=conduit type=conduit collector=conduit type=conduit name=msg-rate-per-second[archv2-nxm] series-count=1 last-value=20214
time=2026-08-02T15:46:14.234-07:00 level=DEBUG msg="promql query logged" test=archv2-nxm tool=conduit-v1 collector=conduit type=conduit collector=conduit type=conduit params="map[end:2026-08-02T22:46:14.234Z query:rate(conduit_connector_bytes_sum{pipeline_name=\"archv2-nxm\",type=\"source\"}[2s])/1048576 start:2026-08-02T22:45:28.232Z step:1]" stats="&{Timings:{EvalTotalTime:8.3084e-05 ResultSortTime:7.5e-07 QueryPreparationTime:6.375e-06 InnerEvalTime:7.2792e-05 ExecQueueTime:7.91e-07 ExecTotalTime:8.55e-05} Samples:0x140012e6270}" spanID=0000000000000000
time=2026-08-02T15:46:14.234-07:00 level=WARN msg="Query returned multiple series, only first will be used" test=archv2-nxm tool=conduit-v1 collector=conduit type=conduit collector=conduit type=conduit series-count=2
time=2026-08-02T15:46:14.234-07:00 level=DEBUG msg="Query returned data" test=archv2-nxm tool=conduit-v1 collector=conduit type=conduit collector=conduit type=conduit name=msg-megabytes-in-per-second[archv2-nxm] series-count=1 last-value=0.28456687927246094
time=2026-08-02T15:46:14.234-07:00 level=DEBUG msg="promql query logged" test=archv2-nxm tool=conduit-v1 collector=conduit type=conduit collector=conduit type=conduit params="map[end:2026-08-02T22:46:14.234Z query:rate(conduit_connector_bytes_sum{pipeline_name=\"archv2-nxm\",type=\"destination\"}[2s])/1048576 start:2026-08-02T22:45:28.232Z step:1]" stats="&{Timings:{EvalTotalTime:8.6208e-05 ResultSortTime:5.83e-07 QueryPreparationTime:9.708e-06 InnerEvalTime:7.2333e-05 ExecQueueTime:1.208e-06 ExecTotalTime:8.9333e-05} Samples:0x14001053a10}" spanID=0000000000000000
time=2026-08-02T15:46:14.235-07:00 level=WARN msg="Query returned multiple series, only first will be used" test=archv2-nxm tool=conduit-v1 collector=conduit type=conduit collector=conduit type=conduit series-count=2
time=2026-08-02T15:46:14.235-07:00 level=DEBUG msg="Query returned data" test=archv2-nxm tool=conduit-v1 collector=conduit type=conduit collector=conduit type=conduit name=msg-megabytes-out-per-second[archv2-nxm] series-count=1 last-value=0.5714883804321289
time=2026-08-02T15:46:14.477-07:00 level=DEBUG msg="Inspecting container" model=container-monitor name=benchi-conduit
time=2026-08-02T15:46:14.982-07:00 level=DEBUG msg="Inspecting container" model=container-monitor name=benchi-conduit
time=2026-08-02T15:46:15.233-07:00 level=DEBUG msg="promql query logged" test=archv2-nxm tool=conduit-v1 collector=conduit type=conduit collector=conduit type=conduit params="map[end:2026-08-02T22:46:15.233Z query:rate(conduit_pipeline_execution_duration_seconds_count{pipeline_name=\"archv2-nxm\"}[2s]) start:2026-08-02T22:45:28.232Z step:1]" stats="&{Timings:{EvalTotalTime:5.5041e-05 ResultSortTime:3.75e-07 QueryPreparationTime:1.4458e-05 InnerEvalTime:3.5625e-05 ExecQueueTime:2.125e-06 ExecTotalTime:5.9375e-05} Samples:0x14001462a20}" spanID=0000000000000000
time=2026-08-02T15:46:15.233-07:00 level=DEBUG msg="Query returned data" test=archv2-nxm tool=conduit-v1 collector=conduit type=conduit collector=conduit type=conduit name=msg-rate-per-second[archv2-nxm] series-count=1 last-value=20061
time=2026-08-02T15:46:15.233-07:00 level=DEBUG msg="promql query logged" test=archv2-nxm tool=conduit-v1 collector=conduit type=conduit collector=conduit type=conduit params="map[end:2026-08-02T22:46:15.233Z query:rate(conduit_connector_bytes_sum{pipeline_name=\"archv2-nxm\",type=\"source\"}[2s])/1048576 start:2026-08-02T22:45:28.232Z step:1]" stats="&{Timings:{EvalTotalTime:8.775e-05 ResultSortTime:7.5e-07 QueryPreparationTime:8.75e-06 InnerEvalTime:7.425e-05 ExecQueueTime:8.33e-07 ExecTotalTime:9.2083e-05} Samples:0x140014630e0}" spanID=0000000000000000
time=2026-08-02T15:46:15.233-07:00 level=WARN msg="Query returned multiple series, only first will be used" test=archv2-nxm tool=conduit-v1 collector=conduit type=conduit collector=conduit type=conduit series-count=2
time=2026-08-02T15:46:15.233-07:00 level=DEBUG msg="Query returned data" test=archv2-nxm tool=conduit-v1 collector=conduit type=conduit collector=conduit type=conduit name=msg-megabytes-in-per-second[archv2-nxm] series-count=1 last-value=0.28449440002441406
time=2026-08-02T15:46:15.233-07:00 level=DEBUG msg="promql query logged" test=archv2-nxm tool=conduit-v1 collector=conduit type=conduit collector=conduit type=conduit params="map[end:2026-08-02T22:46:15.233Z query:rate(conduit_connector_bytes_sum{pipeline_name=\"archv2-nxm\",type=\"destination\"}[2s])/1048576 start:2026-08-02T22:45:28.232Z step:1]" stats="&{Timings:{EvalTotalTime:8.9125e-05 ResultSortTime:5e-07 QueryPreparationTime:8.583e-06 InnerEvalTime:7.5875e-05 ExecQueueTime:1.041e-06 ExecTotalTime:9.2458e-05} Samples:0x140013b0ba0}" spanID=0000000000000000
time=2026-08-02T15:46:15.233-07:00 level=WARN msg="Query returned multiple series, only first will be used" test=archv2-nxm tool=conduit-v1 collector=conduit type=conduit collector=conduit type=conduit series-count=2
time=2026-08-02T15:46:15.233-07:00 level=DEBUG msg="Query returned data" test=archv2-nxm tool=conduit-v1 collector=conduit type=conduit collector=conduit type=conduit name=msg-megabytes-out-per-second[archv2-nxm] series-count=1 last-value=0.5668010711669922
time=2026-08-02T15:46:15.493-07:00 level=DEBUG msg="Inspecting container" model=container-monitor name=benchi-conduit
time=2026-08-02T15:46:16.005-07:00 level=DEBUG msg="Inspecting container" model=container-monitor name=benchi-conduit
time=2026-08-02T15:46:16.233-07:00 level=DEBUG msg="promql query logged" test=archv2-nxm tool=conduit-v1 collector=conduit type=conduit collector=conduit type=conduit params="map[end:2026-08-02T22:46:16.232Z query:rate(conduit_pipeline_execution_duration_seconds_count{pipeline_name=\"archv2-nxm\"}[2s]) start:2026-08-02T22:45:28.232Z step:1]" stats="&{Timings:{EvalTotalTime:7.4958e-05 ResultSortTime:5.83e-07 QueryPreparationTime:1.4667e-05 InnerEvalTime:3.6708e-05 ExecQueueTime:2.584e-06 ExecTotalTime:7.9916e-05} Samples:0x14001366960}" spanID=0000000000000000
time=2026-08-02T15:46:16.233-07:00 level=DEBUG msg="Query returned data" test=archv2-nxm tool=conduit-v1 collector=conduit type=conduit collector=conduit type=conduit name=msg-rate-per-second[archv2-nxm] series-count=1 last-value=20125
time=2026-08-02T15:46:16.233-07:00 level=DEBUG msg="promql query logged" test=archv2-nxm tool=conduit-v1 collector=conduit type=conduit collector=conduit type=conduit params="map[end:2026-08-02T22:46:16.233Z query:rate(conduit_connector_bytes_sum{pipeline_name=\"archv2-nxm\",type=\"source\"}[2s])/1048576 start:2026-08-02T22:45:28.232Z step:1]" stats="&{Timings:{EvalTotalTime:9.1e-05 ResultSortTime:1.125e-06 QueryPreparationTime:9.5e-06 InnerEvalTime:7.6625e-05 ExecQueueTime:1.166e-06 ExecTotalTime:9.4125e-05} Samples:0x14001367020}" spanID=0000000000000000
time=2026-08-02T15:46:16.233-07:00 level=WARN msg="Query returned multiple series, only first will be used" test=archv2-nxm tool=conduit-v1 collector=conduit type=conduit collector=conduit type=conduit series-count=2
time=2026-08-02T15:46:16.233-07:00 level=DEBUG msg="Query returned data" test=archv2-nxm tool=conduit-v1 collector=conduit type=conduit collector=conduit type=conduit name=msg-megabytes-in-per-second[archv2-nxm] series-count=1 last-value=0.280914306640625
time=2026-08-02T15:46:16.233-07:00 level=DEBUG msg="promql query logged" test=archv2-nxm tool=conduit-v1 collector=conduit type=conduit collector=conduit type=conduit params="map[end:2026-08-02T22:46:16.233Z query:rate(conduit_connector_bytes_sum{pipeline_name=\"archv2-nxm\",type=\"destination\"}[2s])/1048576 start:2026-08-02T22:45:28.232Z step:1]" stats="&{Timings:{EvalTotalTime:9.575e-05 ResultSortTime:5e-07 QueryPreparationTime:9.875e-06 InnerEvalTime:8.1292e-05 ExecQueueTime:1.333e-06 ExecTotalTime:9.9292e-05} Samples:0x140014c7dd0}" spanID=0000000000000000
time=2026-08-02T15:46:16.233-07:00 level=WARN msg="Query returned multiple series, only first will be used" test=archv2-nxm tool=conduit-v1 collector=conduit type=conduit collector=conduit type=conduit series-count=2
time=2026-08-02T15:46:16.234-07:00 level=DEBUG msg="Query returned data" test=archv2-nxm tool=conduit-v1 collector=conduit type=conduit collector=conduit type=conduit name=msg-megabytes-out-per-second[archv2-nxm] series-count=1 last-value=0.5686140060424805
time=2026-08-02T15:46:16.517-07:00 level=DEBUG msg="Inspecting container" model=container-monitor name=benchi-conduit
time=2026-08-02T15:46:17.024-07:00 level=DEBUG msg="Inspecting container" model=container-monitor name=benchi-conduit
time=2026-08-02T15:46:17.234-07:00 level=DEBUG msg="promql query logged" test=archv2-nxm tool=conduit-v1 collector=conduit type=conduit collector=conduit type=conduit params="map[end:2026-08-02T22:46:17.234Z query:rate(conduit_pipeline_execution_duration_seconds_count{pipeline_name=\"archv2-nxm\"}[2s]) start:2026-08-02T22:45:28.232Z step:1]" stats="&{Timings:{EvalTotalTime:5.6834e-05 ResultSortTime:5.41e-07 QueryPreparationTime:1.375e-05 InnerEvalTime:3.75e-05 ExecQueueTime:2.459e-06 ExecTotalTime:6.175e-05} Samples:0x140016525a0}" spanID=0000000000000000
time=2026-08-02T15:46:17.234-07:00 level=DEBUG msg="Query returned data" test=archv2-nxm tool=conduit-v1 collector=conduit type=conduit collector=conduit type=conduit name=msg-rate-per-second[archv2-nxm] series-count=1 last-value=19604
time=2026-08-02T15:46:17.234-07:00 level=DEBUG msg="promql query logged" test=archv2-nxm tool=conduit-v1 collector=conduit type=conduit collector=conduit type=conduit params="map[end:2026-08-02T22:46:17.234Z query:rate(conduit_connector_bytes_sum{pipeline_name=\"archv2-nxm\",type=\"source\"}[2s])/1048576 start:2026-08-02T22:45:28.232Z step:1]" stats="&{Timings:{EvalTotalTime:9.6833e-05 ResultSortTime:8.75e-07 QueryPreparationTime:8.166e-06 InnerEvalTime:8.3834e-05 ExecQueueTime:1.167e-06 ExecTotalTime:9.9875e-05} Samples:0x14001652c60}" spanID=0000000000000000
time=2026-08-02T15:46:17.234-07:00 level=WARN msg="Query returned multiple series, only first will be used" test=archv2-nxm tool=conduit-v1 collector=conduit type=conduit collector=conduit type=conduit series-count=2
time=2026-08-02T15:46:17.234-07:00 level=DEBUG msg="Query returned data" test=archv2-nxm tool=conduit-v1 collector=conduit type=conduit collector=conduit type=conduit name=msg-megabytes-in-per-second[archv2-nxm] series-count=1 last-value=0.27915477752685547
time=2026-08-02T15:46:17.235-07:00 level=DEBUG msg="promql query logged" test=archv2-nxm tool=conduit-v1 collector=conduit type=conduit collector=conduit type=conduit params="map[end:2026-08-02T22:46:17.234Z query:rate(conduit_connector_bytes_sum{pipeline_name=\"archv2-nxm\",type=\"destination\"}[2s])/1048576 start:2026-08-02T22:45:28.232Z step:1]" stats="&{Timings:{EvalTotalTime:9.075e-05 ResultSortTime:5.42e-07 QueryPreparationTime:8.417e-06 InnerEvalTime:7.775e-05 ExecQueueTime:1.333e-06 ExecTotalTime:9.5583e-05} Samples:0x140015e53b0}" spanID=0000000000000000
time=2026-08-02T15:46:17.235-07:00 level=WARN msg="Query returned multiple series, only first will be used" test=archv2-nxm tool=conduit-v1 collector=conduit type=conduit collector=conduit type=conduit series-count=2
time=2026-08-02T15:46:17.235-07:00 level=DEBUG msg="Query returned data" test=archv2-nxm tool=conduit-v1 collector=conduit type=conduit collector=conduit type=conduit name=msg-megabytes-out-per-second[archv2-nxm] series-count=1 last-value=0.5540800094604492
time=2026-08-02T15:46:17.542-07:00 level=DEBUG msg="Inspecting container" model=container-monitor name=benchi-conduit
time=2026-08-02T15:46:18.054-07:00 level=DEBUG msg="Inspecting container" model=container-monitor name=benchi-conduit
time=2026-08-02T15:46:18.234-07:00 level=INFO msg="Test in progress" test=archv2-nxm tool=conduit-v1 step=test time-left=10s
time=2026-08-02T15:46:18.235-07:00 level=DEBUG msg="promql query logged" test=archv2-nxm tool=conduit-v1 collector=conduit type=conduit collector=conduit type=conduit params="map[end:2026-08-02T22:46:18.234Z query:rate(conduit_pipeline_execution_duration_seconds_count{pipeline_name=\"archv2-nxm\"}[2s]) start:2026-08-02T22:45:28.232Z step:1]" stats="&{Timings:{EvalTotalTime:6.1041e-05 ResultSortTime:1.791e-06 QueryPreparationTime:1.5542e-05 InnerEvalTime:3.8292e-05 ExecQueueTime:2.709e-06 ExecTotalTime:6.8083e-05} Samples:0x14001766b40}" spanID=0000000000000000
time=2026-08-02T15:46:18.235-07:00 level=DEBUG msg="Query returned data" test=archv2-nxm tool=conduit-v1 collector=conduit type=conduit collector=conduit type=conduit name=msg-rate-per-second[archv2-nxm] series-count=1 last-value=20113
time=2026-08-02T15:46:18.235-07:00 level=DEBUG msg="promql query logged" test=archv2-nxm tool=conduit-v1 collector=conduit type=conduit collector=conduit type=conduit params="map[end:2026-08-02T22:46:18.235Z query:rate(conduit_connector_bytes_sum{pipeline_name=\"archv2-nxm\",type=\"source\"}[2s])/1048576 start:2026-08-02T22:45:28.232Z step:1]" stats="&{Timings:{EvalTotalTime:0.00012225 ResultSortTime:1.167e-06 QueryPreparationTime:1.1458e-05 InnerEvalTime:0.0001055 ExecQueueTime:9.58e-07 ExecTotalTime:0.00012525} Samples:0x14001767200}" spanID=0000000000000000
time=2026-08-02T15:46:18.235-07:00 level=WARN msg="Query returned multiple series, only first will be used" test=archv2-nxm tool=conduit-v1 collector=conduit type=conduit collector=conduit type=conduit series-count=2
time=2026-08-02T15:46:18.235-07:00 level=DEBUG msg="Query returned data" test=archv2-nxm tool=conduit-v1 collector=conduit type=conduit collector=conduit type=conduit name=msg-megabytes-in-per-second[archv2-nxm] series-count=1 last-value=0.2819814682006836
time=2026-08-02T15:46:18.235-07:00 level=DEBUG msg="promql query logged" test=archv2-nxm tool=conduit-v1 collector=conduit type=conduit collector=conduit type=conduit params="map[end:2026-08-02T22:46:18.235Z query:rate(conduit_connector_bytes_sum{pipeline_name=\"archv2-nxm\",type=\"destination\"}[2s])/1048576 start:2026-08-02T22:45:28.232Z step:1]" stats="&{Timings:{EvalTotalTime:0.000106208 ResultSortTime:5.42e-07 QueryPreparationTime:1.2542e-05 InnerEvalTime:8.8291e-05 ExecQueueTime:1.334e-06 ExecTotalTime:0.000109666} Samples:0x140013e8fc0}" spanID=0000000000000000
time=2026-08-02T15:46:18.235-07:00 level=WARN msg="Query returned multiple series, only first will be used" test=archv2-nxm tool=conduit-v1 collector=conduit type=conduit collector=conduit type=conduit series-count=2
time=2026-08-02T15:46:18.235-07:00 level=DEBUG msg="Query returned data" test=archv2-nxm tool=conduit-v1 collector=conduit type=conduit collector=conduit type=conduit name=msg-megabytes-out-per-second[archv2-nxm] series-count=1 last-value=0.5678548812866211
time=2026-08-02T15:46:18.561-07:00 level=DEBUG msg="Inspecting container" model=container-monitor name=benchi-conduit
time=2026-08-02T15:46:19.069-07:00 level=DEBUG msg="Inspecting container" model=container-monitor name=benchi-conduit
time=2026-08-02T15:46:19.233-07:00 level=DEBUG msg="promql query logged" test=archv2-nxm tool=conduit-v1 collector=conduit type=conduit collector=conduit type=conduit params="map[end:2026-08-02T22:46:19.233Z query:rate(conduit_pipeline_execution_duration_seconds_count{pipeline_name=\"archv2-nxm\"}[2s]) start:2026-08-02T22:45:28.232Z step:1]" stats="&{Timings:{EvalTotalTime:5.4667e-05 ResultSortTime:4.17e-07 QueryPreparationTime:1.3875e-05 InnerEvalTime:3.5709e-05 ExecQueueTime:2.375e-06 ExecTotalTime:5.875e-05} Samples:0x14001984510}" spanID=0000000000000000
time=2026-08-02T15:46:19.233-07:00 level=DEBUG msg="Query returned data" test=archv2-nxm tool=conduit-v1 collector=conduit type=conduit collector=conduit type=conduit name=msg-rate-per-second[archv2-nxm] series-count=1 last-value=20293
time=2026-08-02T15:46:19.233-07:00 level=DEBUG msg="promql query logged" test=archv2-nxm tool=conduit-v1 collector=conduit type=conduit collector=conduit type=conduit params="map[end:2026-08-02T22:46:19.233Z query:rate(conduit_connector_bytes_sum{pipeline_name=\"archv2-nxm\",type=\"source\"}[2s])/1048576 start:2026-08-02T22:45:28.232Z step:1]" stats="&{Timings:{EvalTotalTime:0.000137958 ResultSortTime:7.5e-07 QueryPreparationTime:2.2208e-05 InnerEvalTime:0.000109958 ExecQueueTime:1.25e-06 ExecTotalTime:0.00014075} Samples:0x140014731a0}" spanID=0000000000000000
time=2026-08-02T15:46:19.233-07:00 level=WARN msg="Query returned multiple series, only first will be used" test=archv2-nxm tool=conduit-v1 collector=conduit type=conduit collector=conduit type=conduit series-count=2
time=2026-08-02T15:46:19.233-07:00 level=DEBUG msg="Query returned data" test=archv2-nxm tool=conduit-v1 collector=conduit type=conduit collector=conduit type=conduit name=msg-megabytes-in-per-second[archv2-nxm] series-count=1 last-value=0.28694629669189453
time=2026-08-02T15:46:19.233-07:00 level=DEBUG msg="promql query logged" test=archv2-nxm tool=conduit-v1 collector=conduit type=conduit collector=conduit type=conduit params="map[end:2026-08-02T22:46:19.233Z query:rate(conduit_connector_bytes_sum{pipeline_name=\"archv2-nxm\",type=\"destination\"}[2s])/1048576 start:2026-08-02T22:45:28.232Z step:1]" stats="&{Timings:{EvalTotalTime:9.3375e-05 ResultSortTime:5.42e-07 QueryPreparationTime:8.792e-06 InnerEvalTime:8.0292e-05 ExecQueueTime:1.166e-06 ExecTotalTime:9.6541e-05} Samples:0x14001490720}" spanID=0000000000000000
time=2026-08-02T15:46:19.234-07:00 level=WARN msg="Query returned multiple series, only first will be used" test=archv2-nxm tool=conduit-v1 collector=conduit type=conduit collector=conduit type=conduit series-count=2
time=2026-08-02T15:46:19.234-07:00 level=DEBUG msg="Query returned data" test=archv2-nxm tool=conduit-v1 collector=conduit type=conduit collector=conduit type=conduit name=msg-megabytes-out-per-second[archv2-nxm] series-count=1 last-value=0.574284553527832
time=2026-08-02T15:46:19.573-07:00 level=DEBUG msg="Inspecting container" model=container-monitor name=benchi-conduit
time=2026-08-02T15:46:20.078-07:00 level=DEBUG msg="Inspecting container" model=container-monitor name=benchi-conduit
time=2026-08-02T15:46:20.233-07:00 level=DEBUG msg="promql query logged" test=archv2-nxm tool=conduit-v1 collector=conduit type=conduit collector=conduit type=conduit params="map[end:2026-08-02T22:46:20.233Z query:rate(conduit_pipeline_execution_duration_seconds_count{pipeline_name=\"archv2-nxm\"}[2s]) start:2026-08-02T22:45:28.232Z step:1]" stats="&{Timings:{EvalTotalTime:5.2292e-05 ResultSortTime:3.75e-07 QueryPreparationTime:1.3459e-05 InnerEvalTime:3.3709e-05 ExecQueueTime:2.667e-06 ExecTotalTime:5.6917e-05} Samples:0x14001985d40}" spanID=0000000000000000
time=2026-08-02T15:46:20.233-07:00 level=DEBUG msg="Query returned data" test=archv2-nxm tool=conduit-v1 collector=conduit type=conduit collector=conduit type=conduit name=msg-rate-per-second[archv2-nxm] series-count=1 last-value=21757
time=2026-08-02T15:46:20.234-07:00 level=DEBUG msg="promql query logged" test=archv2-nxm tool=conduit-v1 collector=conduit type=conduit collector=conduit type=conduit params="map[end:2026-08-02T22:46:20.233Z query:rate(conduit_connector_bytes_sum{pipeline_name=\"archv2-nxm\",type=\"source\"}[2s])/1048576 start:2026-08-02T22:45:28.232Z step:1]" stats="&{Timings:{EvalTotalTime:8.6667e-05 ResultSortTime:8.33e-07 QueryPreparationTime:6.666e-06 InnerEvalTime:7.5833e-05 ExecQueueTime:2.708e-06 ExecTotalTime:9.2083e-05} Samples:0x14000f40780}" spanID=0000000000000000
time=2026-08-02T15:46:20.234-07:00 level=WARN msg="Query returned multiple series, only first will be used" test=archv2-nxm tool=conduit-v1 collector=conduit type=conduit collector=conduit type=conduit series-count=2
time=2026-08-02T15:46:20.234-07:00 level=DEBUG msg="Query returned data" test=archv2-nxm tool=conduit-v1 collector=conduit type=conduit collector=conduit type=conduit name=msg-megabytes-in-per-second[archv2-nxm] series-count=1 last-value=0.3072090148925781
time=2026-08-02T15:46:20.234-07:00 level=DEBUG msg="promql query logged" test=archv2-nxm tool=conduit-v1 collector=conduit type=conduit collector=conduit type=conduit params="map[end:2026-08-02T22:46:20.234Z query:rate(conduit_connector_bytes_sum{pipeline_name=\"archv2-nxm\",type=\"destination\"}[2s])/1048576 start:2026-08-02T22:45:28.232Z step:1]" stats="&{Timings:{EvalTotalTime:9.5542e-05 ResultSortTime:4.16e-07 QueryPreparationTime:7.875e-06 InnerEvalTime:8.375e-05 ExecQueueTime:1.166e-06 ExecTotalTime:9.8375e-05} Samples:0x140007fcf60}" spanID=0000000000000000
time=2026-08-02T15:46:20.234-07:00 level=WARN msg="Query returned multiple series, only first will be used" test=archv2-nxm tool=conduit-v1 collector=conduit type=conduit collector=conduit type=conduit series-count=2
time=2026-08-02T15:46:20.234-07:00 level=DEBUG msg="Query returned data" test=archv2-nxm tool=conduit-v1 collector=conduit type=conduit collector=conduit type=conduit name=msg-megabytes-out-per-second[archv2-nxm] series-count=1 last-value=0.6149473190307617
time=2026-08-02T15:46:20.585-07:00 level=DEBUG msg="Inspecting container" model=container-monitor name=benchi-conduit
time=2026-08-02T15:46:21.097-07:00 level=DEBUG msg="Inspecting container" model=container-monitor name=benchi-conduit
time=2026-08-02T15:46:21.233-07:00 level=DEBUG msg="promql query logged" test=archv2-nxm tool=conduit-v1 collector=conduit type=conduit collector=conduit type=conduit params="map[end:2026-08-02T22:46:21.233Z query:rate(conduit_pipeline_execution_duration_seconds_count{pipeline_name=\"archv2-nxm\"}[2s]) start:2026-08-02T22:45:28.232Z step:1]" stats="&{Timings:{EvalTotalTime:3.5625e-05 ResultSortTime:3.33e-07 QueryPreparationTime:8.917e-06 InnerEvalTime:2.25e-05 ExecQueueTime:1.667e-06 ExecTotalTime:3.8583e-05} Samples:0x14000f6c780}" spanID=0000000000000000
time=2026-08-02T15:46:21.233-07:00 level=DEBUG msg="Query returned data" test=archv2-nxm tool=conduit-v1 collector=conduit type=conduit collector=conduit type=conduit name=msg-rate-per-second[archv2-nxm] series-count=1 last-value=21040
time=2026-08-02T15:46:21.233-07:00 level=DEBUG msg="promql query logged" test=archv2-nxm tool=conduit-v1 collector=conduit type=conduit collector=conduit type=conduit params="map[end:2026-08-02T22:46:21.233Z query:rate(conduit_connector_bytes_sum{pipeline_name=\"archv2-nxm\",type=\"source\"}[2s])/1048576 start:2026-08-02T22:45:28.232Z step:1]" stats="&{Timings:{EvalTotalTime:5.5709e-05 ResultSortTime:5.84e-07 QueryPreparationTime:3.916e-06 InnerEvalTime:4.8625e-05 ExecQueueTime:5.42e-07 ExecTotalTime:5.7083e-05} Samples:0x14000f6d800}" spanID=0000000000000000
time=2026-08-02T15:46:21.233-07:00 level=WARN msg="Query returned multiple series, only first will be used" test=archv2-nxm tool=conduit-v1 collector=conduit type=conduit collector=conduit type=conduit series-count=2
time=2026-08-02T15:46:21.233-07:00 level=DEBUG msg="Query returned data" test=archv2-nxm tool=conduit-v1 collector=conduit type=conduit collector=conduit type=conduit name=msg-megabytes-in-per-second[archv2-nxm] series-count=1 last-value=0.29398250579833984
time=2026-08-02T15:46:21.233-07:00 level=DEBUG msg="promql query logged" test=archv2-nxm tool=conduit-v1 collector=conduit type=conduit collector=conduit type=conduit params="map[end:2026-08-02T22:46:21.233Z query:rate(conduit_connector_bytes_sum{pipeline_name=\"archv2-nxm\",type=\"destination\"}[2s])/1048576 start:2026-08-02T22:45:28.232Z step:1]" stats="&{Timings:{EvalTotalTime:5.725e-05 ResultSortTime:2.91e-07 QueryPreparationTime:6e-06 InnerEvalTime:4.85e-05 ExecQueueTime:7.91e-07 ExecTotalTime:5.9334e-05} Samples:0x140016aa990}" spanID=0000000000000000
time=2026-08-02T15:46:21.233-07:00 level=WARN msg="Query returned multiple series, only first will be used" test=archv2-nxm tool=conduit-v1 collector=conduit type=conduit collector=conduit type=conduit series-count=2
time=2026-08-02T15:46:21.233-07:00 level=DEBUG msg="Query returned data" test=archv2-nxm tool=conduit-v1 collector=conduit type=conduit collector=conduit type=conduit name=msg-megabytes-out-per-second[archv2-nxm] series-count=1 last-value=0.5947294235229492
time=2026-08-02T15:46:21.601-07:00 level=DEBUG msg="Inspecting container" model=container-monitor name=benchi-conduit
time=2026-08-02T15:46:22.110-07:00 level=DEBUG msg="Inspecting container" model=container-monitor name=benchi-conduit
time=2026-08-02T15:46:22.233-07:00 level=DEBUG msg="promql query logged" test=archv2-nxm tool=conduit-v1 collector=conduit type=conduit collector=conduit type=conduit params="map[end:2026-08-02T22:46:22.233Z query:rate(conduit_pipeline_execution_duration_seconds_count{pipeline_name=\"archv2-nxm\"}[2s]) start:2026-08-02T22:45:28.232Z step:1]" stats="&{Timings:{EvalTotalTime:3.8041e-05 ResultSortTime:5e-07 QueryPreparationTime:1.0042e-05 InnerEvalTime:2.4875e-05 ExecQueueTime:1.583e-06 ExecTotalTime:4.1416e-05} Samples:0x140016aec30}" spanID=0000000000000000
time=2026-08-02T15:46:22.233-07:00 level=DEBUG msg="Query returned data" test=archv2-nxm tool=conduit-v1 collector=conduit type=conduit collector=conduit type=conduit name=msg-rate-per-second[archv2-nxm] series-count=1 last-value=24316
time=2026-08-02T15:46:22.233-07:00 level=DEBUG msg="promql query logged" test=archv2-nxm tool=conduit-v1 collector=conduit type=conduit collector=conduit type=conduit params="map[end:2026-08-02T22:46:22.233Z query:rate(conduit_connector_bytes_sum{pipeline_name=\"archv2-nxm\",type=\"source\"}[2s])/1048576 start:2026-08-02T22:45:28.232Z step:1]" stats="&{Timings:{EvalTotalTime:5.6917e-05 ResultSortTime:6.25e-07 QueryPreparationTime:4.791e-06 InnerEvalTime:4.8333e-05 ExecQueueTime:6.66e-07 ExecTotalTime:5.8458e-05} Samples:0x140016af2f0}" spanID=0000000000000000
time=2026-08-02T15:46:22.233-07:00 level=WARN msg="Query returned multiple series, only first will be used" test=archv2-nxm tool=conduit-v1 collector=conduit type=conduit collector=conduit type=conduit series-count=2
time=2026-08-02T15:46:22.233-07:00 level=DEBUG msg="Query returned data" test=archv2-nxm tool=conduit-v1 collector=conduit type=conduit collector=conduit type=conduit name=msg-megabytes-in-per-second[archv2-nxm] series-count=1 last-value=0.3464202880859375
time=2026-08-02T15:46:22.233-07:00 level=DEBUG msg="promql query logged" test=archv2-nxm tool=conduit-v1 collector=conduit type=conduit collector=conduit type=conduit params="map[end:2026-08-02T22:46:22.233Z query:rate(conduit_connector_bytes_sum{pipeline_name=\"archv2-nxm\",type=\"destination\"}[2s])/1048576 start:2026-08-02T22:45:28.232Z step:1]" stats="&{Timings:{EvalTotalTime:5.9041e-05 ResultSortTime:2.92e-07 QueryPreparationTime:5.5e-06 InnerEvalTime:5.0917e-05 ExecQueueTime:9.16e-07 ExecTotalTime:6.125e-05} Samples:0x14001075cb0}" spanID=0000000000000000
time=2026-08-02T15:46:22.233-07:00 level=WARN msg="Query returned multiple series, only first will be used" test=archv2-nxm tool=conduit-v1 collector=conduit type=conduit collector=conduit type=conduit series-count=2
time=2026-08-02T15:46:22.233-07:00 level=DEBUG msg="Query returned data" test=archv2-nxm tool=conduit-v1 collector=conduit type=conduit collector=conduit type=conduit name=msg-megabytes-out-per-second[archv2-nxm] series-count=1 last-value=0.6867837905883789
time=2026-08-02T15:46:22.617-07:00 level=DEBUG msg="Inspecting container" model=container-monitor name=benchi-conduit
time=2026-08-02T15:46:23.120-07:00 level=DEBUG msg="Inspecting container" model=container-monitor name=benchi-conduit
time=2026-08-02T15:46:23.234-07:00 level=DEBUG msg="promql query logged" test=archv2-nxm tool=conduit-v1 collector=conduit type=conduit collector=conduit type=conduit params="map[end:2026-08-02T22:46:23.234Z query:rate(conduit_pipeline_execution_duration_seconds_count{pipeline_name=\"archv2-nxm\"}[2s]) start:2026-08-02T22:45:28.232Z step:1]" stats="&{Timings:{EvalTotalTime:5.4375e-05 ResultSortTime:5e-07 QueryPreparationTime:1.3792e-05 InnerEvalTime:3.3709e-05 ExecQueueTime:2.333e-06 ExecTotalTime:5.9041e-05} Samples:0x14001125830}" spanID=0000000000000000
time=2026-08-02T15:46:23.234-07:00 level=DEBUG msg="Query returned data" test=archv2-nxm tool=conduit-v1 collector=conduit type=conduit collector=conduit type=conduit name=msg-rate-per-second[archv2-nxm] series-count=1 last-value=24131
time=2026-08-02T15:46:23.234-07:00 level=INFO msg="Test in progress" test=archv2-nxm tool=conduit-v1 step=test time-left=5s
time=2026-08-02T15:46:23.234-07:00 level=DEBUG msg="promql query logged" test=archv2-nxm tool=conduit-v1 collector=conduit type=conduit collector=conduit type=conduit params="map[end:2026-08-02T22:46:23.234Z query:rate(conduit_connector_bytes_sum{pipeline_name=\"archv2-nxm\",type=\"source\"}[2s])/1048576 start:2026-08-02T22:45:28.232Z step:1]" stats="&{Timings:{EvalTotalTime:0.000109334 ResultSortTime:7.08e-07 QueryPreparationTime:1.4625e-05 InnerEvalTime:9.0417e-05 ExecQueueTime:8.33e-07 ExecTotalTime:0.00011175} Samples:0x14001125ef0}" spanID=0000000000000000
time=2026-08-02T15:46:23.234-07:00 level=WARN msg="Query returned multiple series, only first will be used" test=archv2-nxm tool=conduit-v1 collector=conduit type=conduit collector=conduit type=conduit series-count=2
time=2026-08-02T15:46:23.234-07:00 level=DEBUG msg="Query returned data" test=archv2-nxm tool=conduit-v1 collector=conduit type=conduit collector=conduit type=conduit name=msg-megabytes-in-per-second[archv2-nxm] series-count=1 last-value=0.34140586853027344
time=2026-08-02T15:46:23.234-07:00 level=DEBUG msg="promql query logged" test=archv2-nxm tool=conduit-v1 collector=conduit type=conduit collector=conduit type=conduit params="map[end:2026-08-02T22:46:23.234Z query:rate(conduit_connector_bytes_sum{pipeline_name=\"archv2-nxm\",type=\"destination\"}[2s])/1048576 start:2026-08-02T22:45:28.232Z step:1]" stats="&{Timings:{EvalTotalTime:6.4791e-05 ResultSortTime:4.58e-07 QueryPreparationTime:7.083e-06 InnerEvalTime:5.4625e-05 ExecQueueTime:1.125e-06 ExecTotalTime:6.7208e-05} Samples:0x1400116e660}" spanID=0000000000000000
time=2026-08-02T15:46:23.234-07:00 level=WARN msg="Query returned multiple series, only first will be used" test=archv2-nxm tool=conduit-v1 collector=conduit type=conduit collector=conduit type=conduit series-count=2
time=2026-08-02T15:46:23.234-07:00 level=DEBUG msg="Query returned data" test=archv2-nxm tool=conduit-v1 collector=conduit type=conduit collector=conduit type=conduit name=msg-megabytes-out-per-second[archv2-nxm] series-count=1 last-value=0.682621955871582
time=2026-08-02T15:46:23.626-07:00 level=DEBUG msg="Inspecting container" model=container-monitor name=benchi-conduit
time=2026-08-02T15:46:24.131-07:00 level=DEBUG msg="Inspecting container" model=container-monitor name=benchi-conduit
time=2026-08-02T15:46:24.233-07:00 level=DEBUG msg="promql query logged" test=archv2-nxm tool=conduit-v1 collector=conduit type=conduit collector=conduit type=conduit params="map[end:2026-08-02T22:46:24.233Z query:rate(conduit_pipeline_execution_duration_seconds_count{pipeline_name=\"archv2-nxm\"}[2s]) start:2026-08-02T22:45:28.232Z step:1]" stats="&{Timings:{EvalTotalTime:5.8083e-05 ResultSortTime:2.92e-07 QueryPreparationTime:1.4083e-05 InnerEvalTime:3.8375e-05 ExecQueueTime:3.626e-06 ExecTotalTime:6.7041e-05} Samples:0x140011e60f0}" spanID=0000000000000000
time=2026-08-02T15:46:24.233-07:00 level=DEBUG msg="Query returned data" test=archv2-nxm tool=conduit-v1 collector=conduit type=conduit collector=conduit type=conduit name=msg-rate-per-second[archv2-nxm] series-count=1 last-value=18902.29312063809
time=2026-08-02T15:46:24.233-07:00 level=DEBUG msg="promql query logged" test=archv2-nxm tool=conduit-v1 collector=conduit type=conduit collector=conduit type=conduit params="map[end:2026-08-02T22:46:24.233Z query:rate(conduit_connector_bytes_sum{pipeline_name=\"archv2-nxm\",type=\"source\"}[2s])/1048576 start:2026-08-02T22:45:28.232Z step:1]" stats="&{Timings:{EvalTotalTime:0.000100584 ResultSortTime:9.59e-07 QueryPreparationTime:8.5e-06 InnerEvalTime:8.7042e-05 ExecQueueTime:8.75e-07 ExecTotalTime:0.000103459} Samples:0x140011e67b0}" spanID=0000000000000000
time=2026-08-02T15:46:24.233-07:00 level=WARN msg="Query returned multiple series, only first will be used" test=archv2-nxm tool=conduit-v1 collector=conduit type=conduit collector=conduit type=conduit series-count=2
time=2026-08-02T15:46:24.233-07:00 level=DEBUG msg="Query returned data" test=archv2-nxm tool=conduit-v1 collector=conduit type=conduit collector=conduit type=conduit name=msg-megabytes-in-per-second[archv2-nxm] series-count=1 last-value=0.2753589588290792
time=2026-08-02T15:46:24.234-07:00 level=DEBUG msg="promql query logged" test=archv2-nxm tool=conduit-v1 collector=conduit type=conduit collector=conduit type=conduit params="map[end:2026-08-02T22:46:24.233Z query:rate(conduit_connector_bytes_sum{pipeline_name=\"archv2-nxm\",type=\"destination\"}[2s])/1048576 start:2026-08-02T22:45:28.232Z step:1]" stats="&{Timings:{EvalTotalTime:0.000105375 ResultSortTime:6.25e-07 QueryPreparationTime:9.75e-06 InnerEvalTime:9.0417e-05 ExecQueueTime:1.251e-06 ExecTotalTime:0.000108959} Samples:0x140012b6d20}" spanID=0000000000000000
time=2026-08-02T15:46:24.234-07:00 level=WARN msg="Query returned multiple series, only first will be used" test=archv2-nxm tool=conduit-v1 collector=conduit type=conduit collector=conduit type=conduit series-count=2
time=2026-08-02T15:46:24.234-07:00 level=DEBUG msg="Query returned data" test=archv2-nxm tool=conduit-v1 collector=conduit type=conduit collector=conduit type=conduit name=msg-megabytes-out-per-second[archv2-nxm] series-count=1 last-value=0.5339359119905908
time=2026-08-02T15:46:24.651-07:00 level=DEBUG msg="Inspecting container" model=container-monitor name=benchi-conduit
time=2026-08-02T15:46:25.170-07:00 level=DEBUG msg="Inspecting container" model=container-monitor name=benchi-conduit
time=2026-08-02T15:46:25.233-07:00 level=DEBUG msg="promql query logged" test=archv2-nxm tool=conduit-v1 collector=conduit type=conduit collector=conduit type=conduit params="map[end:2026-08-02T22:46:25.233Z query:rate(conduit_pipeline_execution_duration_seconds_count{pipeline_name=\"archv2-nxm\"}[2s]) start:2026-08-02T22:45:28.232Z step:1]" stats="&{Timings:{EvalTotalTime:5.7083e-05 ResultSortTime:3.34e-07 QueryPreparationTime:1.3792e-05 InnerEvalTime:3.8e-05 ExecQueueTime:2.25e-06 ExecTotalTime:6.1791e-05} Samples:0x140012e9440}" spanID=0000000000000000
time=2026-08-02T15:46:25.233-07:00 level=DEBUG msg="Query returned data" test=archv2-nxm tool=conduit-v1 collector=conduit type=conduit collector=conduit type=conduit name=msg-rate-per-second[archv2-nxm] series-count=1 last-value=18683.049147442325
time=2026-08-02T15:46:25.233-07:00 level=DEBUG msg="promql query logged" test=archv2-nxm tool=conduit-v1 collector=conduit type=conduit collector=conduit type=conduit params="map[end:2026-08-02T22:46:25.233Z query:rate(conduit_connector_bytes_sum{pipeline_name=\"archv2-nxm\",type=\"source\"}[2s])/1048576 start:2026-08-02T22:45:28.232Z step:1]" stats="&{Timings:{EvalTotalTime:0.000426917 ResultSortTime:7.92e-07 QueryPreparationTime:7.542e-06 InnerEvalTime:0.000413458 ExecQueueTime:1.207e-06 ExecTotalTime:0.000430417} Samples:0x140012e9b00}" spanID=0000000000000000
time=2026-08-02T15:46:25.233-07:00 level=WARN msg="Query returned multiple series, only first will be used" test=archv2-nxm tool=conduit-v1 collector=conduit type=conduit collector=conduit type=conduit series-count=2
time=2026-08-02T15:46:25.233-07:00 level=DEBUG msg="Query returned data" test=archv2-nxm tool=conduit-v1 collector=conduit type=conduit collector=conduit type=conduit name=msg-megabytes-in-per-second[archv2-nxm] series-count=1 last-value=0.2653070294868982
time=2026-08-02T15:46:25.234-07:00 level=DEBUG msg="promql query logged" test=archv2-nxm tool=conduit-v1 collector=conduit type=conduit collector=conduit type=conduit params="map[end:2026-08-02T22:46:25.233Z query:rate(conduit_connector_bytes_sum{pipeline_name=\"archv2-nxm\",type=\"destination\"}[2s])/1048576 start:2026-08-02T22:45:28.232Z step:1]" stats="&{Timings:{EvalTotalTime:0.000106583 ResultSortTime:8.34e-07 QueryPreparationTime:1.2208e-05 InnerEvalTime:8.8583e-05 ExecQueueTime:1.708e-06 ExecTotalTime:0.000110625} Samples:0x14001311da0}" spanID=0000000000000000
time=2026-08-02T15:46:25.234-07:00 level=WARN msg="Query returned multiple series, only first will be used" test=archv2-nxm tool=conduit-v1 collector=conduit type=conduit collector=conduit type=conduit series-count=2
time=2026-08-02T15:46:25.234-07:00 level=DEBUG msg="Query returned data" test=archv2-nxm tool=conduit-v1 collector=conduit type=conduit collector=conduit type=conduit name=msg-megabytes-out-per-second[archv2-nxm] series-count=1 last-value=0.5288014081918607
time=2026-08-02T15:46:25.682-07:00 level=DEBUG msg="Inspecting container" model=container-monitor name=benchi-conduit
time=2026-08-02T15:46:26.188-07:00 level=DEBUG msg="Inspecting container" model=container-monitor name=benchi-conduit
time=2026-08-02T15:46:26.233-07:00 level=DEBUG msg="promql query logged" test=archv2-nxm tool=conduit-v1 collector=conduit type=conduit collector=conduit type=conduit params="map[end:2026-08-02T22:46:26.232Z query:rate(conduit_pipeline_execution_duration_seconds_count{pipeline_name=\"archv2-nxm\"}[2s]) start:2026-08-02T22:45:28.232Z step:1]" stats="&{Timings:{EvalTotalTime:5.3708e-05 ResultSortTime:3.75e-07 QueryPreparationTime:1.35e-05 InnerEvalTime:3.5125e-05 ExecQueueTime:2.501e-06 ExecTotalTime:5.7792e-05} Samples:0x140014774d0}" spanID=0000000000000000
time=2026-08-02T15:46:26.233-07:00 level=DEBUG msg="Query returned data" test=archv2-nxm tool=conduit-v1 collector=conduit type=conduit collector=conduit type=conduit name=msg-rate-per-second[archv2-nxm] series-count=1 last-value=20108
time=2026-08-02T15:46:26.233-07:00 level=DEBUG msg="promql query logged" test=archv2-nxm tool=conduit-v1 collector=conduit type=conduit collector=conduit type=conduit params="map[end:2026-08-02T22:46:26.233Z query:rate(conduit_connector_bytes_sum{pipeline_name=\"archv2-nxm\",type=\"source\"}[2s])/1048576 start:2026-08-02T22:45:28.232Z step:1]" stats="&{Timings:{EvalTotalTime:9.9584e-05 ResultSortTime:8.34e-07 QueryPreparationTime:7.417e-06 InnerEvalTime:8.7709e-05 ExecQueueTime:9.16e-07 ExecTotalTime:0.000103333} Samples:0x14001477b90}" spanID=0000000000000000
time=2026-08-02T15:46:26.233-07:00 level=WARN msg="Query returned multiple series, only first will be used" test=archv2-nxm tool=conduit-v1 collector=conduit type=conduit collector=conduit type=conduit series-count=2
time=2026-08-02T15:46:26.233-07:00 level=DEBUG msg="Query returned data" test=archv2-nxm tool=conduit-v1 collector=conduit type=conduit collector=conduit type=conduit name=msg-megabytes-in-per-second[archv2-nxm] series-count=1 last-value=0.2837839126586914
time=2026-08-02T15:46:26.233-07:00 level=DEBUG msg="promql query logged" test=archv2-nxm tool=conduit-v1 collector=conduit type=conduit collector=conduit type=conduit params="map[end:2026-08-02T22:46:26.233Z query:rate(conduit_connector_bytes_sum{pipeline_name=\"archv2-nxm\",type=\"destination\"}[2s])/1048576 start:2026-08-02T22:45:28.232Z step:1]" stats="&{Timings:{EvalTotalTime:0.000106625 ResultSortTime:4.16e-07 QueryPreparationTime:9.959e-06 InnerEvalTime:9.2084e-05 ExecQueueTime:1.375e-06 ExecTotalTime:0.000109875} Samples:0x140014994a0}" spanID=0000000000000000
time=2026-08-02T15:46:26.233-07:00 level=WARN msg="Query returned multiple series, only first will be used" test=archv2-nxm tool=conduit-v1 collector=conduit type=conduit collector=conduit type=conduit series-count=2
time=2026-08-02T15:46:26.234-07:00 level=DEBUG msg="Query returned data" test=archv2-nxm tool=conduit-v1 collector=conduit type=conduit collector=conduit type=conduit name=msg-megabytes-out-per-second[archv2-nxm] series-count=1 last-value=0.5687313079833984
time=2026-08-02T15:46:26.694-07:00 level=DEBUG msg="Inspecting container" model=container-monitor name=benchi-conduit
time=2026-08-02T15:46:27.203-07:00 level=DEBUG msg="Inspecting container" model=container-monitor name=benchi-conduit
time=2026-08-02T15:46:27.233-07:00 level=DEBUG msg="promql query logged" test=archv2-nxm tool=conduit-v1 collector=conduit type=conduit collector=conduit type=conduit params="map[end:2026-08-02T22:46:27.233Z query:rate(conduit_pipeline_execution_duration_seconds_count{pipeline_name=\"archv2-nxm\"}[2s]) start:2026-08-02T22:45:28.232Z step:1]" stats="&{Timings:{EvalTotalTime:5.725e-05 ResultSortTime:4.17e-07 QueryPreparationTime:1.4584e-05 InnerEvalTime:3.725e-05 ExecQueueTime:2.625e-06 ExecTotalTime:6.1917e-05} Samples:0x14001615560}" spanID=0000000000000000
time=2026-08-02T15:46:27.233-07:00 level=DEBUG msg="Query returned data" test=archv2-nxm tool=conduit-v1 collector=conduit type=conduit collector=conduit type=conduit name=msg-rate-per-second[archv2-nxm] series-count=1 last-value=18066
time=2026-08-02T15:46:27.233-07:00 level=DEBUG msg="promql query logged" test=archv2-nxm tool=conduit-v1 collector=conduit type=conduit collector=conduit type=conduit params="map[end:2026-08-02T22:46:27.233Z query:rate(conduit_connector_bytes_sum{pipeline_name=\"archv2-nxm\",type=\"source\"}[2s])/1048576 start:2026-08-02T22:45:28.232Z step:1]" stats="&{Timings:{EvalTotalTime:0.00010825 ResultSortTime:9.58e-07 QueryPreparationTime:8.208e-06 InnerEvalTime:9.5209e-05 ExecQueueTime:1.124e-06 ExecTotalTime:0.0001115} Samples:0x14001615c20}" spanID=0000000000000000
time=2026-08-02T15:46:27.233-07:00 level=WARN msg="Query returned multiple series, only first will be used" test=archv2-nxm tool=conduit-v1 collector=conduit type=conduit collector=conduit type=conduit series-count=2
time=2026-08-02T15:46:27.233-07:00 level=DEBUG msg="Query returned data" test=archv2-nxm tool=conduit-v1 collector=conduit type=conduit collector=conduit type=conduit name=msg-megabytes-in-per-second[archv2-nxm] series-count=1 last-value=0.2537403106689453
time=2026-08-02T15:46:27.234-07:00 level=DEBUG msg="promql query logged" test=archv2-nxm tool=conduit-v1 collector=conduit type=conduit collector=conduit type=conduit params="map[end:2026-08-02T22:46:27.233Z query:rate(conduit_connector_bytes_sum{pipeline_name=\"archv2-nxm\",type=\"destination\"}[2s])/1048576 start:2026-08-02T22:45:28.232Z step:1]" stats="&{Timings:{EvalTotalTime:9.2042e-05 ResultSortTime:5e-07 QueryPreparationTime:6.791e-06 InnerEvalTime:7.9667e-05 ExecQueueTime:8.34e-07 ExecTotalTime:9.4833e-05} Samples:0x1400162b320}" spanID=0000000000000000
time=2026-08-02T15:46:27.234-07:00 level=WARN msg="Query returned multiple series, only first will be used" test=archv2-nxm tool=conduit-v1 collector=conduit type=conduit collector=conduit type=conduit series-count=2
time=2026-08-02T15:46:27.234-07:00 level=DEBUG msg="Query returned data" test=archv2-nxm tool=conduit-v1 collector=conduit type=conduit collector=conduit type=conduit name=msg-megabytes-out-per-second[archv2-nxm] series-count=1 last-value=0.5102357864379883
time=2026-08-02T15:46:27.718-07:00 level=DEBUG msg="Inspecting container" model=container-monitor name=benchi-conduit
time=2026-08-02T15:46:28.225-07:00 level=DEBUG msg="Inspecting container" model=container-monitor name=benchi-conduit
time=2026-08-02T15:46:28.233-07:00 level=DEBUG msg="promql query logged" test=archv2-nxm tool=conduit-v1 collector=conduit type=conduit collector=conduit type=conduit params="map[end:2026-08-02T22:46:28.233Z query:rate(conduit_pipeline_execution_duration_seconds_count{pipeline_name=\"archv2-nxm\"}[2s]) start:2026-08-02T22:45:28.232Z step:1]" stats="&{Timings:{EvalTotalTime:5.7458e-05 ResultSortTime:5.42e-07 QueryPreparationTime:1.4625e-05 InnerEvalTime:3.7125e-05 ExecQueueTime:2.542e-06 ExecTotalTime:6.5917e-05} Samples:0x14001389d70}" spanID=0000000000000000
time=2026-08-02T15:46:28.233-07:00 level=DEBUG msg="Query returned data" test=archv2-nxm tool=conduit-v1 collector=conduit type=conduit collector=conduit type=conduit name=msg-rate-per-second[archv2-nxm] series-count=1 last-value=18120
time=2026-08-02T15:46:28.233-07:00 level=INFO msg="Test in progress" test=archv2-nxm tool=conduit-v1 step=test time-left=0s
time=2026-08-02T15:46:28.233-07:00 level=DEBUG msg="promql query logged" test=archv2-nxm tool=conduit-v1 collector=conduit type=conduit collector=conduit type=conduit params="map[end:2026-08-02T22:46:28.233Z query:rate(conduit_connector_bytes_sum{pipeline_name=\"archv2-nxm\",type=\"source\"}[2s])/1048576 start:2026-08-02T22:45:28.232Z step:1]" stats="&{Timings:{EvalTotalTime:0.000102084 ResultSortTime:7.5e-07 QueryPreparationTime:7.542e-06 InnerEvalTime:8.8208e-05 ExecQueueTime:1e-06 ExecTotalTime:0.000105708} Samples:0x140013ae4b0}" spanID=0000000000000000
time=2026-08-02T15:46:28.233-07:00 level=WARN msg="Query returned multiple series, only first will be used" test=archv2-nxm tool=conduit-v1 collector=conduit type=conduit collector=conduit type=conduit series-count=2
time=2026-08-02T15:46:28.233-07:00 level=DEBUG msg="Query returned data" test=archv2-nxm tool=conduit-v1 collector=conduit type=conduit collector=conduit type=conduit name=msg-megabytes-in-per-second[archv2-nxm] series-count=1 last-value=0.2551441192626953
time=2026-08-02T15:46:28.234-07:00 level=DEBUG msg="promql query logged" test=archv2-nxm tool=conduit-v1 collector=conduit type=conduit collector=conduit type=conduit params="map[end:2026-08-02T22:46:28.234Z query:rate(conduit_connector_bytes_sum{pipeline_name=\"archv2-nxm\",type=\"destination\"}[2s])/1048576 start:2026-08-02T22:45:28.232Z step:1]" stats="&{Timings:{EvalTotalTime:0.000102417 ResultSortTime:1.708e-06 QueryPreparationTime:8.834e-06 InnerEvalTime:8.7916e-05 ExecQueueTime:1.083e-06 ExecTotalTime:0.000105167} Samples:0x140013aeb70}" spanID=0000000000000000
time=2026-08-02T15:46:28.234-07:00 level=WARN msg="Query returned multiple series, only first will be used" test=archv2-nxm tool=conduit-v1 collector=conduit type=conduit collector=conduit type=conduit series-count=2
time=2026-08-02T15:46:28.234-07:00 level=DEBUG msg="Query returned data" test=archv2-nxm tool=conduit-v1 collector=conduit type=conduit collector=conduit type=conduit name=msg-megabytes-out-per-second[archv2-nxm] series-count=1 last-value=0.5124788284301758
time=2026-08-02T15:46:28.734-07:00 level=DEBUG msg="Inspecting container" model=container-monitor name=benchi-conduit
time=2026-08-02T15:46:28.740-07:00 level=INFO msg="Step successful" test=archv2-nxm tool=conduit-v1 step=test
time=2026-08-02T15:46:28.740-07:00 level=INFO msg="Running step" test=archv2-nxm tool=conduit-v1 step=post-test
time=2026-08-02T15:46:28.740-07:00 level=INFO msg="Exporting metrics" test=archv2-nxm tool=conduit-v1 step=post-test collector=docker path=/Users/devarisbrown/Code/projects/conduit/benchi/archv2-nxm/results/r2/archv2-nxm_conduit-v1/docker.csv
time=2026-08-02T15:46:28.740-07:00 level=INFO msg="Exporting metrics" test=archv2-nxm tool=conduit-v1 step=post-test collector=conduit path=/Users/devarisbrown/Code/projects/conduit/benchi/archv2-nxm/results/r2/archv2-nxm_conduit-v1/conduit.csv
time=2026-08-02T15:46:28.744-07:00 level=DEBUG msg="Running hooks" test=archv2-nxm tool=conduit-v1 step=post-test count=0
time=2026-08-02T15:46:28.744-07:00 level=INFO msg="Step successful" test=archv2-nxm tool=conduit-v1 step=post-test
time=2026-08-02T15:46:28.744-07:00 level=INFO msg="Running step" test=archv2-nxm tool=conduit-v1 step=pre-cleanup
time=2026-08-02T15:46:28.744-07:00 level=DEBUG msg="Running hooks" test=archv2-nxm tool=conduit-v1 step=pre-cleanup count=0
time=2026-08-02T15:46:28.744-07:00 level=INFO msg="Step successful" test=archv2-nxm tool=conduit-v1 step=pre-cleanup
time=2026-08-02T15:46:28.745-07:00 level=INFO msg="Running step" test=archv2-nxm tool=conduit-v1 step=cleanup
time=2026-08-02T15:46:28.745-07:00 level=INFO msg="Stopping containers" test=archv2-nxm tool=conduit-v1 step=tool
time=2026-08-02T15:46:28.745-07:00 level=DEBUG msg="Executing command" command="/usr/local/bin/docker compose -f ./tools/compose-conduit-v1.yml down"
time=2026-08-02T15:46:29.190-07:00 level=INFO msg="Step successful" test=archv2-nxm tool=conduit-v1 step=cleanup
time=2026-08-02T15:46:29.191-07:00 level=INFO msg="Running step" test=archv2-nxm tool=conduit-v1 step=post-cleanup
time=2026-08-02T15:46:29.195-07:00 level=DEBUG msg="Running hooks" test=archv2-nxm tool=conduit-v1 step=post-cleanup count=0
time=2026-08-02T15:46:29.195-07:00 level=INFO msg="Step successful" test=archv2-nxm tool=conduit-v1 step=post-cleanup
time=2026-08-02T15:46:29.195-07:00 level=INFO msg="Running step" test=archv2-nxm tool=conduit-v2 step=pre-infrastructure
time=2026-08-02T15:46:29.196-07:00 level=INFO msg="Pulling docker images for tool containers" test=archv2-nxm tool=conduit-v2 step=pre-infrastructure containers=[benchi-conduit]
time=2026-08-02T15:46:29.196-07:00 level=DEBUG msg="Executing command" command="/usr/local/bin/docker compose -f ./tools/compose-conduit-v2.yml pull"
time=2026-08-02T15:46:29.240-07:00 level=DEBUG msg="Inspecting container" model=container-monitor name=benchi-conduit
time=2026-08-02T15:46:29.246-07:00 level=DEBUG msg="Container not found" model=container-monitor name=benchi-conduit
time=2026-08-02T15:46:29.296-07:00 level=INFO msg="Pulling docker images for hooks" test=archv2-nxm tool=conduit-v2 step=pre-infrastructure images=[]
time=2026-08-02T15:46:29.296-07:00 level=DEBUG msg="Running hooks" test=archv2-nxm tool=conduit-v2 step=pre-infrastructure count=0
time=2026-08-02T15:46:29.296-07:00 level=INFO msg="Step successful" test=archv2-nxm tool=conduit-v2 step=pre-infrastructure
time=2026-08-02T15:46:29.296-07:00 level=INFO msg="Running step" test=archv2-nxm tool=conduit-v2 step=infrastructure
time=2026-08-02T15:46:29.296-07:00 level=INFO msg="No infrastructure to start" test=archv2-nxm tool=conduit-v2 step=infrastructure
time=2026-08-02T15:46:29.296-07:00 level=INFO msg="Step successful" test=archv2-nxm tool=conduit-v2 step=infrastructure
time=2026-08-02T15:46:29.296-07:00 level=INFO msg="Running step" test=archv2-nxm tool=conduit-v2 step=post-infrastructure
time=2026-08-02T15:46:29.296-07:00 level=DEBUG msg="Running hooks" test=archv2-nxm tool=conduit-v2 step=post-infrastructure count=0
time=2026-08-02T15:46:29.296-07:00 level=INFO msg="Step successful" test=archv2-nxm tool=conduit-v2 step=post-infrastructure
time=2026-08-02T15:46:29.296-07:00 level=INFO msg="Running step" test=archv2-nxm tool=conduit-v2 step=pre-tool
time=2026-08-02T15:46:29.296-07:00 level=DEBUG msg="Running hooks" test=archv2-nxm tool=conduit-v2 step=pre-tool count=0
time=2026-08-02T15:46:29.296-07:00 level=INFO msg="Step successful" test=archv2-nxm tool=conduit-v2 step=pre-tool
time=2026-08-02T15:46:29.296-07:00 level=INFO msg="Running step" test=archv2-nxm tool=conduit-v2 step=tool
time=2026-08-02T15:46:29.296-07:00 level=INFO msg="Waiting for container status to be healthy" test=archv2-nxm tool=conduit-v2 step=tool container=benchi-conduit status=N/A
time=2026-08-02T15:46:29.297-07:00 level=DEBUG msg="Executing command" command="/usr/local/bin/docker compose -f ./tools/compose-conduit-v2.yml up"
time=2026-08-02T15:46:29.696-07:00 level=DEBUG msg="Inspecting container" model=container-monitor name=benchi-conduit
time=2026-08-02T15:46:30.202-07:00 level=DEBUG msg="Inspecting container" model=container-monitor name=benchi-conduit
time=2026-08-02T15:46:30.303-07:00 level=DEBUG msg="Inspected container" test=archv2-nxm tool=conduit-v2 step=tool container=benchi-conduit response="{ContainerJSONBase:0x140001bcdc0 Mounts:[{Type:bind Name: Source:/Users/devarisbrown/Code/projects/conduit/benchi/archv2-nxm/pipeline.yml Destination:/app/pipelines/pipeline.yml Driver: Mode:rw RW:true Propagation:rprivate}] Config:0x1400021ab40 NetworkSettings:0x140001ce200 ImageManifestDescriptor:<nil>}" state="{Status:running Running:true Paused:false Restarting:false OOMKilled:false Dead:false Pid:97260 ExitCode:0 Error: StartedAt:2026-08-02T22:46:29.50349117Z FinishedAt:0001-01-01T00:00:00Z Health:<nil>}"
time=2026-08-02T15:46:30.303-07:00 level=INFO msg="Container is running (consider adding a health check!)" test=archv2-nxm tool=conduit-v2 step=tool container=/benchi-conduit
time=2026-08-02T15:46:30.303-07:00 level=INFO msg="Tools started" test=archv2-nxm tool=conduit-v2 step=tool
time=2026-08-02T15:46:30.303-07:00 level=INFO msg="Step successful" test=archv2-nxm tool=conduit-v2 step=tool
time=2026-08-02T15:46:30.303-07:00 level=INFO msg="Running step" test=archv2-nxm tool=conduit-v2 step=post-tool
time=2026-08-02T15:46:30.303-07:00 level=DEBUG msg="Running hooks" test=archv2-nxm tool=conduit-v2 step=post-tool count=0
time=2026-08-02T15:46:30.303-07:00 level=INFO msg="Step successful" test=archv2-nxm tool=conduit-v2 step=post-tool
time=2026-08-02T15:46:30.303-07:00 level=INFO msg="Running step" test=archv2-nxm tool=conduit-v2 step=pre-test
time=2026-08-02T15:46:30.303-07:00 level=DEBUG msg="Running hooks" test=archv2-nxm tool=conduit-v2 step=pre-test count=0
time=2026-08-02T15:46:30.303-07:00 level=INFO msg="Step successful" test=archv2-nxm tool=conduit-v2 step=pre-test
time=2026-08-02T15:46:30.303-07:00 level=INFO msg="Running step" test=archv2-nxm tool=conduit-v2 step=test
time=2026-08-02T15:46:30.304-07:00 level=INFO msg="Running collector" test=archv2-nxm tool=conduit-v2 step=test name=conduit type=conduit
time=2026-08-02T15:46:30.304-07:00 level=INFO msg="Running collector" test=archv2-nxm tool=conduit-v2 step=test name=docker type=docker
time=2026-08-02T15:46:30.304-07:00 level=INFO msg="Test in progress" test=archv2-nxm tool=conduit-v2 step=test time-left=1m0s
time=2026-08-02T15:46:30.304-07:00 level=DEBUG msg="Collecting stats" test=archv2-nxm tool=conduit-v2 collector=docker type=docker collector=docker type=docker container=benchi-conduit
time=2026-08-02T15:46:30.717-07:00 level=DEBUG msg="Inspecting container" model=container-monitor name=benchi-conduit
time=2026-08-02T15:46:31.226-07:00 level=DEBUG msg="Inspecting container" model=container-monitor name=benchi-conduit
time=2026-08-02T15:46:31.304-07:00 level=DEBUG msg="promql query logged" test=archv2-nxm tool=conduit-v2 collector=conduit type=conduit collector=conduit type=conduit params="map[end:2026-08-02T22:46:31.304Z query:rate(conduit_pipeline_execution_duration_seconds_count{pipeline_name=\"archv2-nxm\"}[2s]) start:2026-08-02T22:46:30.304Z step:1]" stats="&{Timings:{EvalTotalTime:7.775e-05 ResultSortTime:3.75e-07 QueryPreparationTime:1.7458e-05 InnerEvalTime:4.8167e-05 ExecQueueTime:2.125e-06 ExecTotalTime:8.1792e-05} Samples:0x140016fd2f0}" spanID=0000000000000000
time=2026-08-02T15:46:31.304-07:00 level=DEBUG msg="No data returned from query" test=archv2-nxm tool=conduit-v2 collector=conduit type=conduit collector=conduit type=conduit
time=2026-08-02T15:46:31.304-07:00 level=DEBUG msg="promql query logged" test=archv2-nxm tool=conduit-v2 collector=conduit type=conduit collector=conduit type=conduit params="map[end:2026-08-02T22:46:31.304Z query:rate(conduit_connector_bytes_sum{pipeline_name=\"archv2-nxm\",type=\"source\"}[2s])/1048576 start:2026-08-02T22:46:30.304Z step:1]" stats="&{Timings:{EvalTotalTime:5.6291e-05 ResultSortTime:1.25e-07 QueryPreparationTime:6.292e-06 InnerEvalTime:4.5292e-05 ExecQueueTime:7.92e-07 ExecTotalTime:5.8625e-05} Samples:0x140016fd9b0}" spanID=0000000000000000
time=2026-08-02T15:46:31.304-07:00 level=DEBUG msg="No data returned from query" test=archv2-nxm tool=conduit-v2 collector=conduit type=conduit collector=conduit type=conduit
time=2026-08-02T15:46:31.304-07:00 level=DEBUG msg="promql query logged" test=archv2-nxm tool=conduit-v2 collector=conduit type=conduit collector=conduit type=conduit params="map[end:2026-08-02T22:46:31.304Z query:rate(conduit_connector_bytes_sum{pipeline_name=\"archv2-nxm\",type=\"destination\"}[2s])/1048576 start:2026-08-02T22:46:30.304Z step:1]" stats="&{Timings:{EvalTotalTime:2.1208e-05 ResultSortTime:1.25e-07 QueryPreparationTime:4.584e-06 InnerEvalTime:1.3709e-05 ExecQueueTime:7.92e-07 ExecTotalTime:2.3209e-05} Samples:0x1400054a120}" spanID=0000000000000000
time=2026-08-02T15:46:31.304-07:00 level=DEBUG msg="No data returned from query" test=archv2-nxm tool=conduit-v2 collector=conduit type=conduit collector=conduit type=conduit
time=2026-08-02T15:46:31.737-07:00 level=DEBUG msg="Inspecting container" model=container-monitor name=benchi-conduit
time=2026-08-02T15:46:32.242-07:00 level=DEBUG msg="Inspecting container" model=container-monitor name=benchi-conduit
time=2026-08-02T15:46:32.304-07:00 level=DEBUG msg="promql query logged" test=archv2-nxm tool=conduit-v2 collector=conduit type=conduit collector=conduit type=conduit params="map[end:2026-08-02T22:46:32.304Z query:rate(conduit_pipeline_execution_duration_seconds_count{pipeline_name=\"archv2-nxm\"}[2s]) start:2026-08-02T22:46:30.304Z step:1]" stats="&{Timings:{EvalTotalTime:8.0667e-05 ResultSortTime:4.58e-07 QueryPreparationTime:3.5333e-05 InnerEvalTime:3.8625e-05 ExecQueueTime:2.291e-06 ExecTotalTime:8.5834e-05} Samples:0x140013cfc50}" spanID=0000000000000000
time=2026-08-02T15:46:32.304-07:00 level=DEBUG msg="Query returned data" test=archv2-nxm tool=conduit-v2 collector=conduit type=conduit collector=conduit type=conduit name=msg-rate-per-second[archv2-nxm] series-count=1 last-value=19412
time=2026-08-02T15:46:32.304-07:00 level=DEBUG msg="promql query logged" test=archv2-nxm tool=conduit-v2 collector=conduit type=conduit collector=conduit type=conduit params="map[end:2026-08-02T22:46:32.304Z query:rate(conduit_connector_bytes_sum{pipeline_name=\"archv2-nxm\",type=\"source\"}[2s])/1048576 start:2026-08-02T22:46:30.304Z step:1]" stats="&{Timings:{EvalTotalTime:9.0959e-05 ResultSortTime:1e-06 QueryPreparationTime:4.5292e-05 InnerEvalTime:4.075e-05 ExecQueueTime:1.083e-06 ExecTotalTime:9.4e-05} Samples:0x14000ab48d0}" spanID=0000000000000000
time=2026-08-02T15:46:32.304-07:00 level=WARN msg="Query returned multiple series, only first will be used" test=archv2-nxm tool=conduit-v2 collector=conduit type=conduit collector=conduit type=conduit series-count=2
time=2026-08-02T15:46:32.304-07:00 level=DEBUG msg="Query returned data" test=archv2-nxm tool=conduit-v2 collector=conduit type=conduit collector=conduit type=conduit name=msg-megabytes-in-per-second[archv2-nxm] series-count=1 last-value=0.27260494232177734
time=2026-08-02T15:46:32.305-07:00 level=DEBUG msg="promql query logged" test=archv2-nxm tool=conduit-v2 collector=conduit type=conduit collector=conduit type=conduit params="map[end:2026-08-02T22:46:32.304Z query:rate(conduit_connector_bytes_sum{pipeline_name=\"archv2-nxm\",type=\"destination\"}[2s])/1048576 start:2026-08-02T22:46:30.304Z step:1]" stats="&{Timings:{EvalTotalTime:6.0167e-05 ResultSortTime:7.08e-07 QueryPreparationTime:1.875e-05 InnerEvalTime:3.6833e-05 ExecQueueTime:1.083e-06 ExecTotalTime:6.325e-05} Samples:0x14001473920}" spanID=0000000000000000
time=2026-08-02T15:46:32.305-07:00 level=WARN msg="Query returned multiple series, only first will be used" test=archv2-nxm tool=conduit-v2 collector=conduit type=conduit collector=conduit type=conduit series-count=2
time=2026-08-02T15:46:32.305-07:00 level=DEBUG msg="Query returned data" test=archv2-nxm tool=conduit-v2 collector=conduit type=conduit collector=conduit type=conduit name=msg-megabytes-out-per-second[archv2-nxm] series-count=1 last-value=0.5477323532104492
time=2026-08-02T15:46:32.754-07:00 level=DEBUG msg="Inspecting container" model=container-monitor name=benchi-conduit
time=2026-08-02T15:46:33.261-07:00 level=DEBUG msg="Inspecting container" model=container-monitor name=benchi-conduit
time=2026-08-02T15:46:33.306-07:00 level=DEBUG msg="promql query logged" test=archv2-nxm tool=conduit-v2 collector=conduit type=conduit collector=conduit type=conduit params="map[end:2026-08-02T22:46:33.305Z query:rate(conduit_pipeline_execution_duration_seconds_count{pipeline_name=\"archv2-nxm\"}[2s]) start:2026-08-02T22:46:30.304Z step:1]" stats="&{Timings:{EvalTotalTime:0.000201708 ResultSortTime:8.34e-07 QueryPreparationTime:3.2834e-05 InnerEvalTime:0.000153583 ExecQueueTime:3.833e-06 ExecTotalTime:0.000210875} Samples:0x1400054b1d0}" spanID=0000000000000000
time=2026-08-02T15:46:33.306-07:00 level=DEBUG msg="Query returned data" test=archv2-nxm tool=conduit-v2 collector=conduit type=conduit collector=conduit type=conduit name=msg-rate-per-second[archv2-nxm] series-count=1 last-value=20261
time=2026-08-02T15:46:33.306-07:00 level=DEBUG msg="promql query logged" test=archv2-nxm tool=conduit-v2 collector=conduit type=conduit collector=conduit type=conduit params="map[end:2026-08-02T22:46:33.306Z query:rate(conduit_connector_bytes_sum{pipeline_name=\"archv2-nxm\",type=\"source\"}[2s])/1048576 start:2026-08-02T22:46:30.304Z step:1]" stats="&{Timings:{EvalTotalTime:0.000156875 ResultSortTime:1.75e-06 QueryPreparationTime:8.2917e-05 InnerEvalTime:6.025e-05 ExecQueueTime:1.334e-06 ExecTotalTime:0.000161292} Samples:0x1400054b8c0}" spanID=0000000000000000
time=2026-08-02T15:46:33.306-07:00 level=WARN msg="Query returned multiple series, only first will be used" test=archv2-nxm tool=conduit-v2 collector=conduit type=conduit collector=conduit type=conduit series-count=2
time=2026-08-02T15:46:33.306-07:00 level=DEBUG msg="Query returned data" test=archv2-nxm tool=conduit-v2 collector=conduit type=conduit collector=conduit type=conduit name=msg-megabytes-in-per-second[archv2-nxm] series-count=1 last-value=0.28423023223876953
time=2026-08-02T15:46:33.307-07:00 level=DEBUG msg="promql query logged" test=archv2-nxm tool=conduit-v2 collector=conduit type=conduit collector=conduit type=conduit params="map[end:2026-08-02T22:46:33.306Z query:rate(conduit_connector_bytes_sum{pipeline_name=\"archv2-nxm\",type=\"destination\"}[2s])/1048576 start:2026-08-02T22:46:30.304Z step:1]" stats="&{Timings:{EvalTotalTime:6.7875e-05 ResultSortTime:1.208e-06 QueryPreparationTime:1.425e-05 InnerEvalTime:4.7542e-05 ExecQueueTime:1.625e-06 ExecTotalTime:7.2458e-05} Samples:0x1400066c1e0}" spanID=0000000000000000
time=2026-08-02T15:46:33.307-07:00 level=WARN msg="Query returned multiple series, only first will be used" test=archv2-nxm tool=conduit-v2 collector=conduit type=conduit collector=conduit type=conduit series-count=2
time=2026-08-02T15:46:33.307-07:00 level=DEBUG msg="Query returned data" test=archv2-nxm tool=conduit-v2 collector=conduit type=conduit collector=conduit type=conduit name=msg-megabytes-out-per-second[archv2-nxm] series-count=1 last-value=0.5724248886108398
time=2026-08-02T15:46:33.772-07:00 level=DEBUG msg="Inspecting container" model=container-monitor name=benchi-conduit
time=2026-08-02T15:46:34.276-07:00 level=DEBUG msg="Inspecting container" model=container-monitor name=benchi-conduit
time=2026-08-02T15:46:34.304-07:00 level=DEBUG msg="promql query logged" test=archv2-nxm tool=conduit-v2 collector=conduit type=conduit collector=conduit type=conduit params="map[end:2026-08-02T22:46:34.304Z query:rate(conduit_pipeline_execution_duration_seconds_count{pipeline_name=\"archv2-nxm\"}[2s]) start:2026-08-02T22:46:30.304Z step:1]" stats="&{Timings:{EvalTotalTime:5.825e-05 ResultSortTime:6.25e-07 QueryPreparationTime:1.8584e-05 InnerEvalTime:3.2917e-05 ExecQueueTime:2.417e-06 ExecTotalTime:6.3167e-05} Samples:0x140007fcc60}" spanID=0000000000000000
time=2026-08-02T15:46:34.304-07:00 level=DEBUG msg="Query returned data" test=archv2-nxm tool=conduit-v2 collector=conduit type=conduit collector=conduit type=conduit name=msg-rate-per-second[archv2-nxm] series-count=1 last-value=18963
time=2026-08-02T15:46:34.304-07:00 level=DEBUG msg="promql query logged" test=archv2-nxm tool=conduit-v2 collector=conduit type=conduit collector=conduit type=conduit params="map[end:2026-08-02T22:46:34.304Z query:rate(conduit_connector_bytes_sum{pipeline_name=\"archv2-nxm\",type=\"source\"}[2s])/1048576 start:2026-08-02T22:46:30.304Z step:1]" stats="&{Timings:{EvalTotalTime:4.4042e-05 ResultSortTime:8.33e-07 QueryPreparationTime:6.708e-06 InnerEvalTime:3.1834e-05 ExecQueueTime:9.59e-07 ExecTotalTime:4.675e-05} Samples:0x140007fd320}" spanID=0000000000000000
time=2026-08-02T15:46:34.304-07:00 level=WARN msg="Query returned multiple series, only first will be used" test=archv2-nxm tool=conduit-v2 collector=conduit type=conduit collector=conduit type=conduit series-count=2
time=2026-08-02T15:46:34.304-07:00 level=DEBUG msg="Query returned data" test=archv2-nxm tool=conduit-v2 collector=conduit type=conduit collector=conduit type=conduit name=msg-megabytes-in-per-second[archv2-nxm] series-count=1 last-value=0.2654247283935547
time=2026-08-02T15:46:34.304-07:00 level=DEBUG msg="promql query logged" test=archv2-nxm tool=conduit-v2 collector=conduit type=conduit collector=conduit type=conduit params="map[end:2026-08-02T22:46:34.304Z query:rate(conduit_connector_bytes_sum{pipeline_name=\"archv2-nxm\",type=\"destination\"}[2s])/1048576 start:2026-08-02T22:46:30.304Z step:1]" stats="&{Timings:{EvalTotalTime:6.1208e-05 ResultSortTime:4.58e-07 QueryPreparationTime:8.334e-06 InnerEvalTime:4.8709e-05 ExecQueueTime:1.041e-06 ExecTotalTime:6.4417e-05} Samples:0x14000aba360}" spanID=0000000000000000
time=2026-08-02T15:46:34.304-07:00 level=WARN msg="Query returned multiple series, only first will be used" test=archv2-nxm tool=conduit-v2 collector=conduit type=conduit collector=conduit type=conduit series-count=2
time=2026-08-02T15:46:34.304-07:00 level=DEBUG msg="Query returned data" test=archv2-nxm tool=conduit-v2 collector=conduit type=conduit collector=conduit type=conduit name=msg-megabytes-out-per-second[archv2-nxm] series-count=1 last-value=0.5348348617553711
time=2026-08-02T15:46:34.783-07:00 level=DEBUG msg="Inspecting container" model=container-monitor name=benchi-conduit
time=2026-08-02T15:46:35.293-07:00 level=DEBUG msg="Inspecting container" model=container-monitor name=benchi-conduit
time=2026-08-02T15:46:35.304-07:00 level=INFO msg="Test in progress" test=archv2-nxm tool=conduit-v2 step=test time-left=55s
time=2026-08-02T15:46:35.304-07:00 level=DEBUG msg="promql query logged" test=archv2-nxm tool=conduit-v2 collector=conduit type=conduit collector=conduit type=conduit params="map[end:2026-08-02T22:46:35.304Z query:rate(conduit_pipeline_execution_duration_seconds_count{pipeline_name=\"archv2-nxm\"}[2s]) start:2026-08-02T22:46:30.304Z step:1]" stats="&{Timings:{EvalTotalTime:4.4875e-05 ResultSortTime:5e-07 QueryPreparationTime:1.2667e-05 InnerEvalTime:2.7542e-05 ExecQueueTime:2.042e-06 ExecTotalTime:4.8917e-05} Samples:0x14000f6dbc0}" spanID=0000000000000000
time=2026-08-02T15:46:35.304-07:00 level=DEBUG msg="Query returned data" test=archv2-nxm tool=conduit-v2 collector=conduit type=conduit collector=conduit type=conduit name=msg-rate-per-second[archv2-nxm] series-count=1 last-value=18730
time=2026-08-02T15:46:35.304-07:00 level=DEBUG msg="promql query logged" test=archv2-nxm tool=conduit-v2 collector=conduit type=conduit collector=conduit type=conduit params="map[end:2026-08-02T22:46:35.304Z query:rate(conduit_connector_bytes_sum{pipeline_name=\"archv2-nxm\",type=\"source\"}[2s])/1048576 start:2026-08-02T22:46:30.304Z step:1]" stats="&{Timings:{EvalTotalTime:7.4458e-05 ResultSortTime:1.167e-06 QueryPreparationTime:1.4958e-05 InnerEvalTime:5.2958e-05 ExecQueueTime:2.001e-06 ExecTotalTime:8.0459e-05} Samples:0x140016aa300}" spanID=0000000000000000
time=2026-08-02T15:46:35.304-07:00 level=WARN msg="Query returned multiple series, only first will be used" test=archv2-nxm tool=conduit-v2 collector=conduit type=conduit collector=conduit type=conduit series-count=2
time=2026-08-02T15:46:35.305-07:00 level=DEBUG msg="Query returned data" test=archv2-nxm tool=conduit-v2 collector=conduit type=conduit collector=conduit type=conduit name=msg-megabytes-in-per-second[archv2-nxm] series-count=1 last-value=0.26613426208496094
time=2026-08-02T15:46:35.305-07:00 level=DEBUG msg="promql query logged" test=archv2-nxm tool=conduit-v2 collector=conduit type=conduit collector=conduit type=conduit params="map[end:2026-08-02T22:46:35.305Z query:rate(conduit_connector_bytes_sum{pipeline_name=\"archv2-nxm\",type=\"destination\"}[2s])/1048576 start:2026-08-02T22:46:30.304Z step:1]" stats="&{Timings:{EvalTotalTime:3.4791e-05 ResultSortTime:6.25e-07 QueryPreparationTime:6.75e-06 InnerEvalTime:2.4833e-05 ExecQueueTime:1.042e-06 ExecTotalTime:3.7666e-05} Samples:0x14000abb830}" spanID=0000000000000000
time=2026-08-02T15:46:35.305-07:00 level=WARN msg="Query returned multiple series, only first will be used" test=archv2-nxm tool=conduit-v2 collector=conduit type=conduit collector=conduit type=conduit series-count=2
time=2026-08-02T15:46:35.305-07:00 level=DEBUG msg="Query returned data" test=archv2-nxm tool=conduit-v2 collector=conduit type=conduit collector=conduit type=conduit name=msg-megabytes-out-per-second[archv2-nxm] series-count=1 last-value=0.5293760299682617
time=2026-08-02T15:46:35.800-07:00 level=DEBUG msg="Inspecting container" model=container-monitor name=benchi-conduit
time=2026-08-02T15:46:36.304-07:00 level=DEBUG msg="promql query logged" test=archv2-nxm tool=conduit-v2 collector=conduit type=conduit collector=conduit type=conduit params="map[end:2026-08-02T22:46:36.304Z query:rate(conduit_pipeline_execution_duration_seconds_count{pipeline_name=\"archv2-nxm\"}[2s]) start:2026-08-02T22:46:30.304Z step:1]" stats="&{Timings:{EvalTotalTime:9.6833e-05 ResultSortTime:1.167e-06 QueryPreparationTime:3.1125e-05 InnerEvalTime:5.6209e-05 ExecQueueTime:4.083e-06 ExecTotalTime:0.000105625} Samples:0x140016ab140}" spanID=0000000000000000
time=2026-08-02T15:46:36.304-07:00 level=DEBUG msg="Query returned data" test=archv2-nxm tool=conduit-v2 collector=conduit type=conduit collector=conduit type=conduit name=msg-rate-per-second[archv2-nxm] series-count=1 last-value=18869
time=2026-08-02T15:46:36.305-07:00 level=DEBUG msg="promql query logged" test=archv2-nxm tool=conduit-v2 collector=conduit type=conduit collector=conduit type=conduit params="map[end:2026-08-02T22:46:36.304Z query:rate(conduit_connector_bytes_sum{pipeline_name=\"archv2-nxm\",type=\"source\"}[2s])/1048576 start:2026-08-02T22:46:30.304Z step:1]" stats="&{Timings:{EvalTotalTime:0.00015575 ResultSortTime:1.75e-06 QueryPreparationTime:6.7166e-05 InnerEvalTime:7.8459e-05 ExecQueueTime:2.374e-06 ExecTotalTime:0.000167583} Samples:0x140016ab800}" spanID=0000000000000000
time=2026-08-02T15:46:36.305-07:00 level=WARN msg="Query returned multiple series, only first will be used" test=archv2-nxm tool=conduit-v2 collector=conduit type=conduit collector=conduit type=conduit series-count=2
time=2026-08-02T15:46:36.305-07:00 level=DEBUG msg="Query returned data" test=archv2-nxm tool=conduit-v2 collector=conduit type=conduit collector=conduit type=conduit name=msg-megabytes-in-per-second[archv2-nxm] series-count=1 last-value=0.26576900482177734
time=2026-08-02T15:46:36.305-07:00 level=DEBUG msg="promql query logged" test=archv2-nxm tool=conduit-v2 collector=conduit type=conduit collector=conduit type=conduit params="map[end:2026-08-02T22:46:36.305Z query:rate(conduit_connector_bytes_sum{pipeline_name=\"archv2-nxm\",type=\"destination\"}[2s])/1048576 start:2026-08-02T22:46:30.304Z step:1]" stats="&{Timings:{EvalTotalTime:0.000143167 ResultSortTime:9.58e-07 QueryPreparationTime:3.2e-05 InnerEvalTime:5.8458e-05 ExecQueueTime:1.499e-06 ExecTotalTime:0.000150333} Samples:0x14001074840}" spanID=0000000000000000
time=2026-08-02T15:46:36.306-07:00 level=WARN msg="Query returned multiple series, only first will be used" test=archv2-nxm tool=conduit-v2 collector=conduit type=conduit collector=conduit type=conduit series-count=2
time=2026-08-02T15:46:36.306-07:00 level=DEBUG msg="Query returned data" test=archv2-nxm tool=conduit-v2 collector=conduit type=conduit collector=conduit type=conduit name=msg-megabytes-out-per-second[archv2-nxm] series-count=1 last-value=0.5327768325805664
time=2026-08-02T15:46:36.307-07:00 level=DEBUG msg="Inspecting container" model=container-monitor name=benchi-conduit
time=2026-08-02T15:46:36.817-07:00 level=DEBUG msg="Inspecting container" model=container-monitor name=benchi-conduit
time=2026-08-02T15:46:37.304-07:00 level=DEBUG msg="promql query logged" test=archv2-nxm tool=conduit-v2 collector=conduit type=conduit collector=conduit type=conduit params="map[end:2026-08-02T22:46:37.304Z query:rate(conduit_pipeline_execution_duration_seconds_count{pipeline_name=\"archv2-nxm\"}[2s]) start:2026-08-02T22:46:30.304Z step:1]" stats="&{Timings:{EvalTotalTime:5.8083e-05 ResultSortTime:4.58e-07 QueryPreparationTime:1.6542e-05 InnerEvalTime:3.3167e-05 ExecQueueTime:2.751e-06 ExecTotalTime:6.375e-05} Samples:0x14001204840}" spanID=0000000000000000
time=2026-08-02T15:46:37.304-07:00 level=DEBUG msg="Query returned data" test=archv2-nxm tool=conduit-v2 collector=conduit type=conduit collector=conduit type=conduit name=msg-rate-per-second[archv2-nxm] series-count=1 last-value=18647
time=2026-08-02T15:46:37.304-07:00 level=DEBUG msg="promql query logged" test=archv2-nxm tool=conduit-v2 collector=conduit type=conduit collector=conduit type=conduit params="map[end:2026-08-02T22:46:37.304Z query:rate(conduit_connector_bytes_sum{pipeline_name=\"archv2-nxm\",type=\"source\"}[2s])/1048576 start:2026-08-02T22:46:30.304Z step:1]" stats="&{Timings:{EvalTotalTime:5.2584e-05 ResultSortTime:1.167e-06 QueryPreparationTime:7.75e-06 InnerEvalTime:3.8333e-05 ExecQueueTime:1.126e-06 ExecTotalTime:5.5166e-05} Samples:0x14001204f00}" spanID=0000000000000000
time=2026-08-02T15:46:37.304-07:00 level=WARN msg="Query returned multiple series, only first will be used" test=archv2-nxm tool=conduit-v2 collector=conduit type=conduit collector=conduit type=conduit series-count=2
time=2026-08-02T15:46:37.304-07:00 level=DEBUG msg="Query returned data" test=archv2-nxm tool=conduit-v2 collector=conduit type=conduit collector=conduit type=conduit name=msg-megabytes-in-per-second[archv2-nxm] series-count=1 last-value=0.26122283935546875
time=2026-08-02T15:46:37.304-07:00 level=DEBUG msg="promql query logged" test=archv2-nxm tool=conduit-v2 collector=conduit type=conduit collector=conduit type=conduit params="map[end:2026-08-02T22:46:37.304Z query:rate(conduit_connector_bytes_sum{pipeline_name=\"archv2-nxm\",type=\"destination\"}[2s])/1048576 start:2026-08-02T22:46:30.304Z step:1]" stats="&{Timings:{EvalTotalTime:6.3666e-05 ResultSortTime:5e-07 QueryPreparationTime:2.1459e-05 InnerEvalTime:3.7375e-05 ExecQueueTime:1.167e-06 ExecTotalTime:6.6916e-05} Samples:0x14001125680}" spanID=0000000000000000
time=2026-08-02T15:46:37.304-07:00 level=WARN msg="Query returned multiple series, only first will be used" test=archv2-nxm tool=conduit-v2 collector=conduit type=conduit collector=conduit type=conduit series-count=2
time=2026-08-02T15:46:37.305-07:00 level=DEBUG msg="Query returned data" test=archv2-nxm tool=conduit-v2 collector=conduit type=conduit collector=conduit type=conduit name=msg-megabytes-out-per-second[archv2-nxm] series-count=1 last-value=0.5270223617553711
time=2026-08-02T15:46:37.326-07:00 level=DEBUG msg="Inspecting container" model=container-monitor name=benchi-conduit
time=2026-08-02T15:46:37.833-07:00 level=DEBUG msg="Inspecting container" model=container-monitor name=benchi-conduit
time=2026-08-02T15:46:38.304-07:00 level=DEBUG msg="promql query logged" test=archv2-nxm tool=conduit-v2 collector=conduit type=conduit collector=conduit type=conduit params="map[end:2026-08-02T22:46:38.304Z query:rate(conduit_pipeline_execution_duration_seconds_count{pipeline_name=\"archv2-nxm\"}[2s]) start:2026-08-02T22:46:30.304Z step:1]" stats="&{Timings:{EvalTotalTime:0.000100875 ResultSortTime:4.58e-07 QueryPreparationTime:3.0166e-05 InnerEvalTime:6.3459e-05 ExecQueueTime:4.126e-06 ExecTotalTime:0.00010825} Samples:0x14001125e30}" spanID=0000000000000000
time=2026-08-02T15:46:38.304-07:00 level=DEBUG msg="Query returned data" test=archv2-nxm tool=conduit-v2 collector=conduit type=conduit collector=conduit type=conduit name=msg-rate-per-second[archv2-nxm] series-count=1 last-value=17489
time=2026-08-02T15:46:38.305-07:00 level=DEBUG msg="promql query logged" test=archv2-nxm tool=conduit-v2 collector=conduit type=conduit collector=conduit type=conduit params="map[end:2026-08-02T22:46:38.304Z query:rate(conduit_connector_bytes_sum{pipeline_name=\"archv2-nxm\",type=\"source\"}[2s])/1048576 start:2026-08-02T22:46:30.304Z step:1]" stats="&{Timings:{EvalTotalTime:0.000122333 ResultSortTime:1.458e-06 QueryPreparationTime:4.8375e-05 InnerEvalTime:6.7292e-05 ExecQueueTime:1.875e-06 ExecTotalTime:0.000126916} Samples:0x1400162a5a0}" spanID=0000000000000000
time=2026-08-02T15:46:38.305-07:00 level=WARN msg="Query returned multiple series, only first will be used" test=archv2-nxm tool=conduit-v2 collector=conduit type=conduit collector=conduit type=conduit series-count=2
time=2026-08-02T15:46:38.305-07:00 level=DEBUG msg="Query returned data" test=archv2-nxm tool=conduit-v2 collector=conduit type=conduit collector=conduit type=conduit name=msg-megabytes-in-per-second[archv2-nxm] series-count=1 last-value=0.2449951171875
time=2026-08-02T15:46:38.305-07:00 level=DEBUG msg="promql query logged" test=archv2-nxm tool=conduit-v2 collector=conduit type=conduit collector=conduit type=conduit params="map[end:2026-08-02T22:46:38.305Z query:rate(conduit_connector_bytes_sum{pipeline_name=\"archv2-nxm\",type=\"destination\"}[2s])/1048576 start:2026-08-02T22:46:30.304Z step:1]" stats="&{Timings:{EvalTotalTime:7.9458e-05 ResultSortTime:1.084e-06 QueryPreparationTime:1.55e-05 InnerEvalTime:5.7416e-05 ExecQueueTime:2.25e-06 ExecTotalTime:8.4666e-05} Samples:0x14001499080}" spanID=0000000000000000
time=2026-08-02T15:46:38.305-07:00 level=WARN msg="Query returned multiple series, only first will be used" test=archv2-nxm tool=conduit-v2 collector=conduit type=conduit collector=conduit type=conduit series-count=2
time=2026-08-02T15:46:38.305-07:00 level=DEBUG msg="Query returned data" test=archv2-nxm tool=conduit-v2 collector=conduit type=conduit collector=conduit type=conduit name=msg-megabytes-out-per-second[archv2-nxm] series-count=1 last-value=0.4954862594604492
time=2026-08-02T15:46:38.344-07:00 level=DEBUG msg="Inspecting container" model=container-monitor name=benchi-conduit
time=2026-08-02T15:46:38.863-07:00 level=DEBUG msg="Inspecting container" model=container-monitor name=benchi-conduit
time=2026-08-02T15:46:39.304-07:00 level=DEBUG msg="promql query logged" test=archv2-nxm tool=conduit-v2 collector=conduit type=conduit collector=conduit type=conduit params="map[end:2026-08-02T22:46:39.304Z query:rate(conduit_pipeline_execution_duration_seconds_count{pipeline_name=\"archv2-nxm\"}[2s]) start:2026-08-02T22:46:30.304Z step:1]" stats="&{Timings:{EvalTotalTime:5.025e-05 ResultSortTime:5.84e-07 QueryPreparationTime:1.5208e-05 InnerEvalTime:2.9708e-05 ExecQueueTime:2.541e-06 ExecTotalTime:5.4916e-05} Samples:0x14001499c50}" spanID=0000000000000000
time=2026-08-02T15:46:39.304-07:00 level=DEBUG msg="Query returned data" test=archv2-nxm tool=conduit-v2 collector=conduit type=conduit collector=conduit type=conduit name=msg-rate-per-second[archv2-nxm] series-count=1 last-value=17952
time=2026-08-02T15:46:39.304-07:00 level=DEBUG msg="promql query logged" test=archv2-nxm tool=conduit-v2 collector=conduit type=conduit collector=conduit type=conduit params="map[end:2026-08-02T22:46:39.304Z query:rate(conduit_connector_bytes_sum{pipeline_name=\"archv2-nxm\",type=\"source\"}[2s])/1048576 start:2026-08-02T22:46:30.304Z step:1]" stats="&{Timings:{EvalTotalTime:5.0834e-05 ResultSortTime:9.16e-07 QueryPreparationTime:9.667e-06 InnerEvalTime:3.6833e-05 ExecQueueTime:9.17e-07 ExecTotalTime:5.3125e-05} Samples:0x140013ae390}" spanID=0000000000000000
time=2026-08-02T15:46:39.304-07:00 level=WARN msg="Query returned multiple series, only first will be used" test=archv2-nxm tool=conduit-v2 collector=conduit type=conduit collector=conduit type=conduit series-count=2
time=2026-08-02T15:46:39.304-07:00 level=DEBUG msg="Query returned data" test=archv2-nxm tool=conduit-v2 collector=conduit type=conduit collector=conduit type=conduit name=msg-megabytes-in-per-second[archv2-nxm] series-count=1 last-value=0.25249767303466797
time=2026-08-02T15:46:39.304-07:00 level=DEBUG msg="promql query logged" test=archv2-nxm tool=conduit-v2 collector=conduit type=conduit collector=conduit type=conduit params="map[end:2026-08-02T22:46:39.304Z query:rate(conduit_connector_bytes_sum{pipeline_name=\"archv2-nxm\",type=\"destination\"}[2s])/1048576 start:2026-08-02T22:46:30.304Z step:1]" stats="&{Timings:{EvalTotalTime:5.3583e-05 ResultSortTime:5.84e-07 QueryPreparationTime:9.041e-06 InnerEvalTime:3.925e-05 ExecQueueTime:1.333e-06 ExecTotalTime:5.6958e-05} Samples:0x14001690660}" spanID=0000000000000000
time=2026-08-02T15:46:39.304-07:00 level=WARN msg="Query returned multiple series, only first will be used" test=archv2-nxm tool=conduit-v2 collector=conduit type=conduit collector=conduit type=conduit series-count=2
time=2026-08-02T15:46:39.304-07:00 level=DEBUG msg="Query returned data" test=archv2-nxm tool=conduit-v2 collector=conduit type=conduit collector=conduit type=conduit name=msg-megabytes-out-per-second[archv2-nxm] series-count=1 last-value=0.5078420639038086
time=2026-08-02T15:46:39.370-07:00 level=DEBUG msg="Inspecting container" model=container-monitor name=benchi-conduit
time=2026-08-02T15:46:39.875-07:00 level=DEBUG msg="Inspecting container" model=container-monitor name=benchi-conduit
time=2026-08-02T15:46:40.304-07:00 level=INFO msg="Test in progress" test=archv2-nxm tool=conduit-v2 step=test time-left=50s
time=2026-08-02T15:46:40.304-07:00 level=DEBUG msg="promql query logged" test=archv2-nxm tool=conduit-v2 collector=conduit type=conduit collector=conduit type=conduit params="map[end:2026-08-02T22:46:40.304Z query:rate(conduit_pipeline_execution_duration_seconds_count{pipeline_name=\"archv2-nxm\"}[2s]) start:2026-08-02T22:46:30.304Z step:1]" stats="&{Timings:{EvalTotalTime:9.6083e-05 ResultSortTime:8.33e-07 QueryPreparationTime:2.9375e-05 InnerEvalTime:5.8041e-05 ExecQueueTime:4.376e-06 ExecTotalTime:0.000105042} Samples:0x14001389c50}" spanID=0000000000000000
time=2026-08-02T15:46:40.306-07:00 level=DEBUG msg="Query returned data" test=archv2-nxm tool=conduit-v2 collector=conduit type=conduit collector=conduit type=conduit name=msg-rate-per-second[archv2-nxm] series-count=1 last-value=19410
time=2026-08-02T15:46:40.307-07:00 level=DEBUG msg="promql query logged" test=archv2-nxm tool=conduit-v2 collector=conduit type=conduit collector=conduit type=conduit params="map[end:2026-08-02T22:46:40.306Z query:rate(conduit_connector_bytes_sum{pipeline_name=\"archv2-nxm\",type=\"source\"}[2s])/1048576 start:2026-08-02T22:46:30.304Z step:1]" stats="&{Timings:{EvalTotalTime:6.0791e-05 ResultSortTime:1.583e-06 QueryPreparationTime:1.5084e-05 InnerEvalTime:4.0792e-05 ExecQueueTime:1.417e-06 ExecTotalTime:6.4292e-05} Samples:0x1400165a360}" spanID=0000000000000000
time=2026-08-02T15:46:40.307-07:00 level=WARN msg="Query returned multiple series, only first will be used" test=archv2-nxm tool=conduit-v2 collector=conduit type=conduit collector=conduit type=conduit series-count=2
time=2026-08-02T15:46:40.307-07:00 level=DEBUG msg="Query returned data" test=archv2-nxm tool=conduit-v2 collector=conduit type=conduit collector=conduit type=conduit name=msg-megabytes-in-per-second[archv2-nxm] series-count=1 last-value=0.27245521545410156
time=2026-08-02T15:46:40.307-07:00 level=DEBUG msg="promql query logged" test=archv2-nxm tool=conduit-v2 collector=conduit type=conduit collector=conduit type=conduit params="map[end:2026-08-02T22:46:40.307Z query:rate(conduit_connector_bytes_sum{pipeline_name=\"archv2-nxm\",type=\"destination\"}[2s])/1048576 start:2026-08-02T22:46:30.304Z step:1]" stats="&{Timings:{EvalTotalTime:9.3875e-05 ResultSortTime:1.416e-06 QueryPreparationTime:1.9083e-05 InnerEvalTime:6.7e-05 ExecQueueTime:2.583e-06 ExecTotalTime:9.9e-05} Samples:0x1400066d290}" spanID=0000000000000000
time=2026-08-02T15:46:40.307-07:00 level=WARN msg="Query returned multiple series, only first will be used" test=archv2-nxm tool=conduit-v2 collector=conduit type=conduit collector=conduit type=conduit series-count=2
time=2026-08-02T15:46:40.307-07:00 level=DEBUG msg="Query returned data" test=archv2-nxm tool=conduit-v2 collector=conduit type=conduit collector=conduit type=conduit name=msg-megabytes-out-per-second[archv2-nxm] series-count=1 last-value=0.5484790802001953
time=2026-08-02T15:46:40.382-07:00 level=DEBUG msg="Inspecting container" model=container-monitor name=benchi-conduit
time=2026-08-02T15:46:40.888-07:00 level=DEBUG msg="Inspecting container" model=container-monitor name=benchi-conduit
time=2026-08-02T15:46:41.304-07:00 level=DEBUG msg="promql query logged" test=archv2-nxm tool=conduit-v2 collector=conduit type=conduit collector=conduit type=conduit params="map[end:2026-08-02T22:46:41.304Z query:rate(conduit_pipeline_execution_duration_seconds_count{pipeline_name=\"archv2-nxm\"}[2s]) start:2026-08-02T22:46:30.304Z step:1]" stats="&{Timings:{EvalTotalTime:5.75e-05 ResultSortTime:6.25e-07 QueryPreparationTime:1.7292e-05 InnerEvalTime:3.3834e-05 ExecQueueTime:2.875e-06 ExecTotalTime:6.3458e-05} Samples:0x140013af260}" spanID=0000000000000000
time=2026-08-02T15:46:41.304-07:00 level=DEBUG msg="Query returned data" test=archv2-nxm tool=conduit-v2 collector=conduit type=conduit collector=conduit type=conduit name=msg-rate-per-second[archv2-nxm] series-count=1 last-value=18491
time=2026-08-02T15:46:41.305-07:00 level=DEBUG msg="promql query logged" test=archv2-nxm tool=conduit-v2 collector=conduit type=conduit collector=conduit type=conduit params="map[end:2026-08-02T22:46:41.304Z query:rate(conduit_connector_bytes_sum{pipeline_name=\"archv2-nxm\",type=\"source\"}[2s])/1048576 start:2026-08-02T22:46:30.304Z step:1]" stats="&{Timings:{EvalTotalTime:8.2834e-05 ResultSortTime:8.34e-07 QueryPreparationTime:8.333e-06 InnerEvalTime:6.9666e-05 ExecQueueTime:1.125e-06 ExecTotalTime:8.6e-05} Samples:0x140013af950}" spanID=0000000000000000
time=2026-08-02T15:46:41.305-07:00 level=WARN msg="Query returned multiple series, only first will be used" test=archv2-nxm tool=conduit-v2 collector=conduit type=conduit collector=conduit type=conduit series-count=2
time=2026-08-02T15:46:41.305-07:00 level=DEBUG msg="Query returned data" test=archv2-nxm tool=conduit-v2 collector=conduit type=conduit collector=conduit type=conduit name=msg-megabytes-in-per-second[archv2-nxm] series-count=1 last-value=0.26157093048095703
time=2026-08-02T15:46:41.305-07:00 level=DEBUG msg="promql query logged" test=archv2-nxm tool=conduit-v2 collector=conduit type=conduit collector=conduit type=conduit params="map[end:2026-08-02T22:46:41.305Z query:rate(conduit_connector_bytes_sum{pipeline_name=\"archv2-nxm\",type=\"destination\"}[2s])/1048576 start:2026-08-02T22:46:30.304Z step:1]" stats="&{Timings:{EvalTotalTime:5.5666e-05 ResultSortTime:5.84e-07 QueryPreparationTime:9.75e-06 InnerEvalTime:4.1083e-05 ExecQueueTime:1.334e-06 ExecTotalTime:5.9875e-05} Samples:0x1400165af30}" spanID=0000000000000000
time=2026-08-02T15:46:41.305-07:00 level=WARN msg="Query returned multiple series, only first will be used" test=archv2-nxm tool=conduit-v2 collector=conduit type=conduit collector=conduit type=conduit series-count=2
time=2026-08-02T15:46:41.305-07:00 level=DEBUG msg="Query returned data" test=archv2-nxm tool=conduit-v2 collector=conduit type=conduit collector=conduit type=conduit name=msg-megabytes-out-per-second[archv2-nxm] series-count=1 last-value=0.5223159790039062
time=2026-08-02T15:46:41.405-07:00 level=DEBUG msg="Inspecting container" model=container-monitor name=benchi-conduit
time=2026-08-02T15:46:41.918-07:00 level=DEBUG msg="Inspecting container" model=container-monitor name=benchi-conduit
time=2026-08-02T15:46:42.304-07:00 level=DEBUG msg="promql query logged" test=archv2-nxm tool=conduit-v2 collector=conduit type=conduit collector=conduit type=conduit params="map[end:2026-08-02T22:46:42.304Z query:rate(conduit_pipeline_execution_duration_seconds_count{pipeline_name=\"archv2-nxm\"}[2s]) start:2026-08-02T22:46:30.304Z step:1]" stats="&{Timings:{EvalTotalTime:0.000106542 ResultSortTime:3.75e-07 QueryPreparationTime:2.3e-05 InnerEvalTime:7.675e-05 ExecQueueTime:3.917e-06 ExecTotalTime:0.000113042} Samples:0x140017249c0}" spanID=0000000000000000
time=2026-08-02T15:46:42.304-07:00 level=DEBUG msg="Query returned data" test=archv2-nxm tool=conduit-v2 collector=conduit type=conduit collector=conduit type=conduit name=msg-rate-per-second[archv2-nxm] series-count=1 last-value=17459.081836327343
time=2026-08-02T15:46:42.304-07:00 level=DEBUG msg="promql query logged" test=archv2-nxm tool=conduit-v2 collector=conduit type=conduit collector=conduit type=conduit params="map[end:2026-08-02T22:46:42.304Z query:rate(conduit_connector_bytes_sum{pipeline_name=\"archv2-nxm\",type=\"source\"}[2s])/1048576 start:2026-08-02T22:46:30.304Z step:1]" stats="&{Timings:{EvalTotalTime:6.1791e-05 ResultSortTime:1.083e-06 QueryPreparationTime:9.5e-06 InnerEvalTime:4.7375e-05 ExecQueueTime:1.125e-06 ExecTotalTime:6.4958e-05} Samples:0x140017250b0}" spanID=0000000000000000
time=2026-08-02T15:46:42.304-07:00 level=WARN msg="Query returned multiple series, only first will be used" test=archv2-nxm tool=conduit-v2 collector=conduit type=conduit collector=conduit type=conduit series-count=2
time=2026-08-02T15:46:42.304-07:00 level=DEBUG msg="Query returned data" test=archv2-nxm tool=conduit-v2 collector=conduit type=conduit collector=conduit type=conduit name=msg-megabytes-in-per-second[archv2-nxm] series-count=1 last-value=0.25004255557488536
time=2026-08-02T15:46:42.305-07:00 level=DEBUG msg="promql query logged" test=archv2-nxm tool=conduit-v2 collector=conduit type=conduit collector=conduit type=conduit params="map[end:2026-08-02T22:46:42.305Z query:rate(conduit_connector_bytes_sum{pipeline_name=\"archv2-nxm\",type=\"destination\"}[2s])/1048576 start:2026-08-02T22:46:30.304Z step:1]" stats="&{Timings:{EvalTotalTime:5.8166e-05 ResultSortTime:7.08e-07 QueryPreparationTime:9.792e-06 InnerEvalTime:4.3583e-05 ExecQueueTime:1.334e-06 ExecTotalTime:6.1542e-05} Samples:0x140016fc990}" spanID=0000000000000000
time=2026-08-02T15:46:42.305-07:00 level=WARN msg="Query returned multiple series, only first will be used" test=archv2-nxm tool=conduit-v2 collector=conduit type=conduit collector=conduit type=conduit series-count=2
time=2026-08-02T15:46:42.305-07:00 level=DEBUG msg="Query returned data" test=archv2-nxm tool=conduit-v2 collector=conduit type=conduit collector=conduit type=conduit name=msg-megabytes-out-per-second[archv2-nxm] series-count=1 last-value=0.49392049184102493
time=2026-08-02T15:46:42.430-07:00 level=DEBUG msg="Inspecting container" model=container-monitor name=benchi-conduit
time=2026-08-02T15:46:42.937-07:00 level=DEBUG msg="Inspecting container" model=container-monitor name=benchi-conduit
time=2026-08-02T15:46:43.304-07:00 level=DEBUG msg="promql query logged" test=archv2-nxm tool=conduit-v2 collector=conduit type=conduit collector=conduit type=conduit params="map[end:2026-08-02T22:46:43.304Z query:rate(conduit_pipeline_execution_duration_seconds_count{pipeline_name=\"archv2-nxm\"}[2s]) start:2026-08-02T22:46:30.304Z step:1]" stats="&{Timings:{EvalTotalTime:8.2125e-05 ResultSortTime:7.08e-07 QueryPreparationTime:2.3541e-05 InnerEvalTime:4.6584e-05 ExecQueueTime:4e-06 ExecTotalTime:9.0958e-05} Samples:0x140016fdb30}" spanID=0000000000000000
time=2026-08-02T15:46:43.304-07:00 level=DEBUG msg="Query returned data" test=archv2-nxm tool=conduit-v2 collector=conduit type=conduit collector=conduit type=conduit name=msg-rate-per-second[archv2-nxm] series-count=1 last-value=18488.97795591182
time=2026-08-02T15:46:43.304-07:00 level=DEBUG msg="promql query logged" test=archv2-nxm tool=conduit-v2 collector=conduit type=conduit collector=conduit type=conduit params="map[end:2026-08-02T22:46:43.304Z query:rate(conduit_connector_bytes_sum{pipeline_name=\"archv2-nxm\",type=\"source\"}[2s])/1048576 start:2026-08-02T22:46:30.304Z step:1]" stats="&{Timings:{EvalTotalTime:0.000152125 ResultSortTime:1.709e-06 QueryPreparationTime:1.9167e-05 InnerEvalTime:0.00012425 ExecQueueTime:2.25e-06 ExecTotalTime:0.000158666} Samples:0x14000ab4600}" spanID=0000000000000000
time=2026-08-02T15:46:43.304-07:00 level=WARN msg="Query returned multiple series, only first will be used" test=archv2-nxm tool=conduit-v2 collector=conduit type=conduit collector=conduit type=conduit series-count=2
time=2026-08-02T15:46:43.305-07:00 level=DEBUG msg="Query returned data" test=archv2-nxm tool=conduit-v2 collector=conduit type=conduit collector=conduit type=conduit name=msg-megabytes-in-per-second[archv2-nxm] series-count=1 last-value=0.2614768569120663
time=2026-08-02T15:46:43.305-07:00 level=DEBUG msg="promql query logged" test=archv2-nxm tool=conduit-v2 collector=conduit type=conduit collector=conduit type=conduit params="map[end:2026-08-02T22:46:43.305Z query:rate(conduit_connector_bytes_sum{pipeline_name=\"archv2-nxm\",type=\"destination\"}[2s])/1048576 start:2026-08-02T22:46:30.304Z step:1]" stats="&{Timings:{EvalTotalTime:8.2292e-05 ResultSortTime:1.125e-06 QueryPreparationTime:1.4334e-05 InnerEvalTime:6.1292e-05 ExecQueueTime:1.792e-06 ExecTotalTime:8.7542e-05} Samples:0x140013cf740}" spanID=0000000000000000
time=2026-08-02T15:46:43.305-07:00 level=WARN msg="Query returned multiple series, only first will be used" test=archv2-nxm tool=conduit-v2 collector=conduit type=conduit collector=conduit type=conduit series-count=2
time=2026-08-02T15:46:43.305-07:00 level=DEBUG msg="Query returned data" test=archv2-nxm tool=conduit-v2 collector=conduit type=conduit collector=conduit type=conduit name=msg-megabytes-out-per-second[archv2-nxm] series-count=1 last-value=0.5218108335812249
time=2026-08-02T15:46:43.441-07:00 level=DEBUG msg="Inspecting container" model=container-monitor name=benchi-conduit
time=2026-08-02T15:46:43.947-07:00 level=DEBUG msg="Inspecting container" model=container-monitor name=benchi-conduit
time=2026-08-02T15:46:44.304-07:00 level=DEBUG msg="promql query logged" test=archv2-nxm tool=conduit-v2 collector=conduit type=conduit collector=conduit type=conduit params="map[end:2026-08-02T22:46:44.304Z query:rate(conduit_pipeline_execution_duration_seconds_count{pipeline_name=\"archv2-nxm\"}[2s]) start:2026-08-02T22:46:30.304Z step:1]" stats="&{Timings:{EvalTotalTime:6.3375e-05 ResultSortTime:5.42e-07 QueryPreparationTime:2.175e-05 InnerEvalTime:3.4791e-05 ExecQueueTime:2.999e-06 ExecTotalTime:7.3916e-05} Samples:0x140014738c0}" spanID=0000000000000000
time=2026-08-02T15:46:44.304-07:00 level=DEBUG msg="Query returned data" test=archv2-nxm tool=conduit-v2 collector=conduit type=conduit collector=conduit type=conduit name=msg-rate-per-second[archv2-nxm] series-count=1 last-value=19447
time=2026-08-02T15:46:44.304-07:00 level=DEBUG msg="promql query logged" test=archv2-nxm tool=conduit-v2 collector=conduit type=conduit collector=conduit type=conduit params="map[end:2026-08-02T22:46:44.304Z query:rate(conduit_connector_bytes_sum{pipeline_name=\"archv2-nxm\",type=\"source\"}[2s])/1048576 start:2026-08-02T22:46:30.304Z step:1]" stats="&{Timings:{EvalTotalTime:6.2e-05 ResultSortTime:9.58e-07 QueryPreparationTime:8.667e-06 InnerEvalTime:4.8541e-05 ExecQueueTime:1.375e-06 ExecTotalTime:6.5167e-05} Samples:0x140007fc150}" spanID=0000000000000000
time=2026-08-02T15:46:44.304-07:00 level=WARN msg="Query returned multiple series, only first will be used" test=archv2-nxm tool=conduit-v2 collector=conduit type=conduit collector=conduit type=conduit series-count=2
time=2026-08-02T15:46:44.304-07:00 level=DEBUG msg="Query returned data" test=archv2-nxm tool=conduit-v2 collector=conduit type=conduit collector=conduit type=conduit name=msg-megabytes-in-per-second[archv2-nxm] series-count=1 last-value=0.27448368072509766
time=2026-08-02T15:46:44.305-07:00 level=DEBUG msg="promql query logged" test=archv2-nxm tool=conduit-v2 collector=conduit type=conduit collector=conduit type=conduit params="map[end:2026-08-02T22:46:44.305Z query:rate(conduit_connector_bytes_sum{pipeline_name=\"archv2-nxm\",type=\"destination\"}[2s])/1048576 start:2026-08-02T22:46:30.304Z step:1]" stats="&{Timings:{EvalTotalTime:5.0666e-05 ResultSortTime:6.25e-07 QueryPreparationTime:9.709e-06 InnerEvalTime:3.6375e-05 ExecQueueTime:1.166e-06 ExecTotalTime:5.3833e-05} Samples:0x140007fcf60}" spanID=0000000000000000
time=2026-08-02T15:46:44.305-07:00 level=WARN msg="Query returned multiple series, only first will be used" test=archv2-nxm tool=conduit-v2 collector=conduit type=conduit collector=conduit type=conduit series-count=2
time=2026-08-02T15:46:44.305-07:00 level=DEBUG msg="Query returned data" test=archv2-nxm tool=conduit-v2 collector=conduit type=conduit collector=conduit type=conduit name=msg-megabytes-out-per-second[archv2-nxm] series-count=1 last-value=0.5494928359985352
time=2026-08-02T15:46:44.473-07:00 level=DEBUG msg="Inspecting container" model=container-monitor name=benchi-conduit
time=2026-08-02T15:46:44.979-07:00 level=DEBUG msg="Inspecting container" model=container-monitor name=benchi-conduit
time=2026-08-02T15:46:45.304-07:00 level=INFO msg="Test in progress" test=archv2-nxm tool=conduit-v2 step=test time-left=45s
time=2026-08-02T15:46:45.304-07:00 level=DEBUG msg="promql query logged" test=archv2-nxm tool=conduit-v2 collector=conduit type=conduit collector=conduit type=conduit params="map[end:2026-08-02T22:46:45.304Z query:rate(conduit_pipeline_execution_duration_seconds_count{pipeline_name=\"archv2-nxm\"}[2s]) start:2026-08-02T22:46:30.304Z step:1]" stats="&{Timings:{EvalTotalTime:5.1542e-05 ResultSortTime:3.75e-07 QueryPreparationTime:1.6375e-05 InnerEvalTime:2.9834e-05 ExecQueueTime:2.291e-06 ExecTotalTime:5.5916e-05} Samples:0x140005deae0}" spanID=0000000000000000
time=2026-08-02T15:46:45.304-07:00 level=DEBUG msg="Query returned data" test=archv2-nxm tool=conduit-v2 collector=conduit type=conduit collector=conduit type=conduit name=msg-rate-per-second[archv2-nxm] series-count=1 last-value=19255
time=2026-08-02T15:46:45.305-07:00 level=DEBUG msg="promql query logged" test=archv2-nxm tool=conduit-v2 collector=conduit type=conduit collector=conduit type=conduit params="map[end:2026-08-02T22:46:45.304Z query:rate(conduit_connector_bytes_sum{pipeline_name=\"archv2-nxm\",type=\"source\"}[2s])/1048576 start:2026-08-02T22:46:30.304Z step:1]" stats="&{Timings:{EvalTotalTime:6.1125e-05 ResultSortTime:7.91e-07 QueryPreparationTime:9.208e-06 InnerEvalTime:4.7208e-05 ExecQueueTime:1.332e-06 ExecTotalTime:6.4375e-05} Samples:0x140005dfb30}" spanID=0000000000000000
time=2026-08-02T15:46:45.305-07:00 level=WARN msg="Query returned multiple series, only first will be used" test=archv2-nxm tool=conduit-v2 collector=conduit type=conduit collector=conduit type=conduit series-count=2
time=2026-08-02T15:46:45.305-07:00 level=DEBUG msg="Query returned data" test=archv2-nxm tool=conduit-v2 collector=conduit type=conduit collector=conduit type=conduit name=msg-megabytes-in-per-second[archv2-nxm] series-count=1 last-value=0.27266502380371094
time=2026-08-02T15:46:45.305-07:00 level=DEBUG msg="promql query logged" test=archv2-nxm tool=conduit-v2 collector=conduit type=conduit collector=conduit type=conduit params="map[end:2026-08-02T22:46:45.305Z query:rate(conduit_connector_bytes_sum{pipeline_name=\"archv2-nxm\",type=\"destination\"}[2s])/1048576 start:2026-08-02T22:46:30.304Z step:1]" stats="&{Timings:{EvalTotalTime:4.45e-05 ResultSortTime:5.42e-07 QueryPreparationTime:7.917e-06 InnerEvalTime:3.3292e-05 ExecQueueTime:1.041e-06 ExecTotalTime:4.7e-05} Samples:0x14001074720}" spanID=0000000000000000
time=2026-08-02T15:46:45.305-07:00 level=WARN msg="Query returned multiple series, only first will be used" test=archv2-nxm tool=conduit-v2 collector=conduit type=conduit collector=conduit type=conduit series-count=2
time=2026-08-02T15:46:45.305-07:00 level=DEBUG msg="Query returned data" test=archv2-nxm tool=conduit-v2 collector=conduit type=conduit collector=conduit type=conduit name=msg-megabytes-out-per-second[archv2-nxm] series-count=1 last-value=0.5444517135620117
time=2026-08-02T15:46:45.492-07:00 level=DEBUG msg="Inspecting container" model=container-monitor name=benchi-conduit
time=2026-08-02T15:46:45.998-07:00 level=DEBUG msg="Inspecting container" model=container-monitor name=benchi-conduit
time=2026-08-02T15:46:46.305-07:00 level=DEBUG msg="promql query logged" test=archv2-nxm tool=conduit-v2 collector=conduit type=conduit collector=conduit type=conduit params="map[end:2026-08-02T22:46:46.305Z query:rate(conduit_pipeline_execution_duration_seconds_count{pipeline_name=\"archv2-nxm\"}[2s]) start:2026-08-02T22:46:30.304Z step:1]" stats="&{Timings:{EvalTotalTime:5.0791e-05 ResultSortTime:3.75e-07 QueryPreparationTime:1.6417e-05 InnerEvalTime:2.95e-05 ExecQueueTime:2.207e-06 ExecTotalTime:5.4833e-05} Samples:0x14000abbc80}" spanID=0000000000000000
time=2026-08-02T15:46:46.305-07:00 level=DEBUG msg="Query returned data" test=archv2-nxm tool=conduit-v2 collector=conduit type=conduit collector=conduit type=conduit name=msg-rate-per-second[archv2-nxm] series-count=1 last-value=20607
time=2026-08-02T15:46:46.305-07:00 level=DEBUG msg="promql query logged" test=archv2-nxm tool=conduit-v2 collector=conduit type=conduit collector=conduit type=conduit params="map[end:2026-08-02T22:46:46.305Z query:rate(conduit_connector_bytes_sum{pipeline_name=\"archv2-nxm\",type=\"source\"}[2s])/1048576 start:2026-08-02T22:46:30.304Z step:1]" stats="&{Timings:{EvalTotalTime:5.35e-05 ResultSortTime:7.91e-07 QueryPreparationTime:7.792e-06 InnerEvalTime:4.1958e-05 ExecQueueTime:7.08e-07 ExecTotalTime:5.5708e-05} Samples:0x140016903c0}" spanID=0000000000000000
time=2026-08-02T15:46:46.305-07:00 level=WARN msg="Query returned multiple series, only first will be used" test=archv2-nxm tool=conduit-v2 collector=conduit type=conduit collector=conduit type=conduit series-count=2
time=2026-08-02T15:46:46.305-07:00 level=DEBUG msg="Query returned data" test=archv2-nxm tool=conduit-v2 collector=conduit type=conduit collector=conduit type=conduit name=msg-megabytes-in-per-second[archv2-nxm] series-count=1 last-value=0.2913379669189453
time=2026-08-02T15:46:46.306-07:00 level=DEBUG msg="promql query logged" test=archv2-nxm tool=conduit-v2 collector=conduit type=conduit collector=conduit type=conduit params="map[end:2026-08-02T22:46:46.305Z query:rate(conduit_connector_bytes_sum{pipeline_name=\"archv2-nxm\",type=\"destination\"}[2s])/1048576 start:2026-08-02T22:46:30.304Z step:1]" stats="&{Timings:{EvalTotalTime:6.7875e-05 ResultSortTime:5.42e-07 QueryPreparationTime:1.8792e-05 InnerEvalTime:4.4417e-05 ExecQueueTime:1.083e-06 ExecTotalTime:7.1125e-05} Samples:0x14001124ba0}" spanID=0000000000000000
time=2026-08-02T15:46:46.306-07:00 level=WARN msg="Query returned multiple series, only first will be used" test=archv2-nxm tool=conduit-v2 collector=conduit type=conduit collector=conduit type=conduit series-count=2
time=2026-08-02T15:46:46.306-07:00 level=DEBUG msg="Query returned data" test=archv2-nxm tool=conduit-v2 collector=conduit type=conduit collector=conduit type=conduit name=msg-megabytes-out-per-second[archv2-nxm] series-count=1 last-value=0.5823707580566406
time=2026-08-02T15:46:46.505-07:00 level=DEBUG msg="Inspecting container" model=container-monitor name=benchi-conduit
time=2026-08-02T15:46:47.012-07:00 level=DEBUG msg="Inspecting container" model=container-monitor name=benchi-conduit
time=2026-08-02T15:46:47.305-07:00 level=DEBUG msg="promql query logged" test=archv2-nxm tool=conduit-v2 collector=conduit type=conduit collector=conduit type=conduit params="map[end:2026-08-02T22:46:47.305Z query:rate(conduit_pipeline_execution_duration_seconds_count{pipeline_name=\"archv2-nxm\"}[2s]) start:2026-08-02T22:46:30.304Z step:1]" stats="&{Timings:{EvalTotalTime:4.8166e-05 ResultSortTime:3.75e-07 QueryPreparationTime:1.5875e-05 InnerEvalTime:2.7625e-05 ExecQueueTime:2.792e-06 ExecTotalTime:5.2833e-05} Samples:0x14001389110}" spanID=0000000000000000
time=2026-08-02T15:46:47.305-07:00 level=DEBUG msg="Query returned data" test=archv2-nxm tool=conduit-v2 collector=conduit type=conduit collector=conduit type=conduit name=msg-rate-per-second[archv2-nxm] series-count=1 last-value=19781
time=2026-08-02T15:46:47.305-07:00 level=DEBUG msg="promql query logged" test=archv2-nxm tool=conduit-v2 collector=conduit type=conduit collector=conduit type=conduit params="map[end:2026-08-02T22:46:47.305Z query:rate(conduit_connector_bytes_sum{pipeline_name=\"archv2-nxm\",type=\"source\"}[2s])/1048576 start:2026-08-02T22:46:30.304Z step:1]" stats="&{Timings:{EvalTotalTime:5.8917e-05 ResultSortTime:8.75e-07 QueryPreparationTime:8.459e-06 InnerEvalTime:4.575e-05 ExecQueueTime:1.333e-06 ExecTotalTime:6.3667e-05} Samples:0x14001389830}" spanID=0000000000000000
time=2026-08-02T15:46:47.305-07:00 level=WARN msg="Query returned multiple series, only first will be used" test=archv2-nxm tool=conduit-v2 collector=conduit type=conduit collector=conduit type=conduit series-count=2
time=2026-08-02T15:46:47.306-07:00 level=DEBUG msg="Query returned data" test=archv2-nxm tool=conduit-v2 collector=conduit type=conduit collector=conduit type=conduit name=msg-megabytes-in-per-second[archv2-nxm] series-count=1 last-value=0.27810001373291016
time=2026-08-02T15:46:47.306-07:00 level=DEBUG msg="promql query logged" test=archv2-nxm tool=conduit-v2 collector=conduit type=conduit collector=conduit type=conduit params="map[end:2026-08-02T22:46:47.306Z query:rate(conduit_connector_bytes_sum{pipeline_name=\"archv2-nxm\",type=\"destination\"}[2s])/1048576 start:2026-08-02T22:46:30.304Z step:1]" stats="&{Timings:{EvalTotalTime:5.9917e-05 ResultSortTime:5e-07 QueryPreparationTime:1.2041e-05 InnerEvalTime:4.3459e-05 ExecQueueTime:1.291e-06 ExecTotalTime:6.3209e-05} Samples:0x140013ea570}" spanID=0000000000000000
time=2026-08-02T15:46:47.306-07:00 level=WARN msg="Query returned multiple series, only first will be used" test=archv2-nxm tool=conduit-v2 collector=conduit type=conduit collector=conduit type=conduit series-count=2
time=2026-08-02T15:46:47.306-07:00 level=DEBUG msg="Query returned data" test=archv2-nxm tool=conduit-v2 collector=conduit type=conduit collector=conduit type=conduit name=msg-megabytes-out-per-second[archv2-nxm] series-count=1 last-value=0.5587301254272461
time=2026-08-02T15:46:47.538-07:00 level=DEBUG msg="Inspecting container" model=container-monitor name=benchi-conduit
time=2026-08-02T15:46:48.056-07:00 level=DEBUG msg="Inspecting container" model=container-monitor name=benchi-conduit
time=2026-08-02T15:46:48.304-07:00 level=DEBUG msg="promql query logged" test=archv2-nxm tool=conduit-v2 collector=conduit type=conduit collector=conduit type=conduit params="map[end:2026-08-02T22:46:48.304Z query:rate(conduit_pipeline_execution_duration_seconds_count{pipeline_name=\"archv2-nxm\"}[2s]) start:2026-08-02T22:46:30.304Z step:1]" stats="&{Timings:{EvalTotalTime:4.6875e-05 ResultSortTime:3.75e-07 QueryPreparationTime:1.3917e-05 InnerEvalTime:2.8084e-05 ExecQueueTime:2.209e-06 ExecTotalTime:5.1792e-05} Samples:0x140014b47b0}" spanID=0000000000000000
time=2026-08-02T15:46:48.304-07:00 level=DEBUG msg="Query returned data" test=archv2-nxm tool=conduit-v2 collector=conduit type=conduit collector=conduit type=conduit name=msg-rate-per-second[archv2-nxm] series-count=1 last-value=17236
time=2026-08-02T15:46:48.304-07:00 level=DEBUG msg="promql query logged" test=archv2-nxm tool=conduit-v2 collector=conduit type=conduit collector=conduit type=conduit params="map[end:2026-08-02T22:46:48.304Z query:rate(conduit_connector_bytes_sum{pipeline_name=\"archv2-nxm\",type=\"source\"}[2s])/1048576 start:2026-08-02T22:46:30.304Z step:1]" stats="&{Timings:{EvalTotalTime:5.2666e-05 ResultSortTime:7.92e-07 QueryPreparationTime:5.583e-06 InnerEvalTime:4.325e-05 ExecQueueTime:7.92e-07 ExecTotalTime:5.475e-05} Samples:0x140014b4e70}" spanID=0000000000000000
time=2026-08-02T15:46:48.304-07:00 level=WARN msg="Query returned multiple series, only first will be used" test=archv2-nxm tool=conduit-v2 collector=conduit type=conduit collector=conduit type=conduit series-count=2
time=2026-08-02T15:46:48.304-07:00 level=DEBUG msg="Query returned data" test=archv2-nxm tool=conduit-v2 collector=conduit type=conduit collector=conduit type=conduit name=msg-megabytes-in-per-second[archv2-nxm] series-count=1 last-value=0.24438095092773438
time=2026-08-02T15:46:48.304-07:00 level=DEBUG msg="promql query logged" test=archv2-nxm tool=conduit-v2 collector=conduit type=conduit collector=conduit type=conduit params="map[end:2026-08-02T22:46:48.304Z query:rate(conduit_connector_bytes_sum{pipeline_name=\"archv2-nxm\",type=\"destination\"}[2s])/1048576 start:2026-08-02T22:46:30.304Z step:1]" stats="&{Timings:{EvalTotalTime:4.55e-05 ResultSortTime:2.91e-07 QueryPreparationTime:6.5e-06 InnerEvalTime:3.5792e-05 ExecQueueTime:9.18e-07 ExecTotalTime:4.7875e-05} Samples:0x140014b5a70}" spanID=0000000000000000
time=2026-08-02T15:46:48.304-07:00 level=WARN msg="Query returned multiple series, only first will be used" test=archv2-nxm tool=conduit-v2 collector=conduit type=conduit collector=conduit type=conduit series-count=2
time=2026-08-02T15:46:48.305-07:00 level=DEBUG msg="Query returned data" test=archv2-nxm tool=conduit-v2 collector=conduit type=conduit collector=conduit type=conduit name=msg-megabytes-out-per-second[archv2-nxm] series-count=1 last-value=0.48832035064697266
time=2026-08-02T15:46:48.562-07:00 level=DEBUG msg="Inspecting container" model=container-monitor name=benchi-conduit
time=2026-08-02T15:46:49.082-07:00 level=DEBUG msg="Inspecting container" model=container-monitor name=benchi-conduit
time=2026-08-02T15:46:49.305-07:00 level=DEBUG msg="promql query logged" test=archv2-nxm tool=conduit-v2 collector=conduit type=conduit collector=conduit type=conduit params="map[end:2026-08-02T22:46:49.304Z query:rate(conduit_pipeline_execution_duration_seconds_count{pipeline_name=\"archv2-nxm\"}[2s]) start:2026-08-02T22:46:30.304Z step:1]" stats="&{Timings:{EvalTotalTime:4.9416e-05 ResultSortTime:5.42e-07 QueryPreparationTime:1.3334e-05 InnerEvalTime:3.0375e-05 ExecQueueTime:2.458e-06 ExecTotalTime:5.4709e-05} Samples:0x140014dce40}" spanID=0000000000000000
time=2026-08-02T15:46:49.305-07:00 level=DEBUG msg="Query returned data" test=archv2-nxm tool=conduit-v2 collector=conduit type=conduit collector=conduit type=conduit name=msg-rate-per-second[archv2-nxm] series-count=1 last-value=19268
time=2026-08-02T15:46:49.305-07:00 level=DEBUG msg="promql query logged" test=archv2-nxm tool=conduit-v2 collector=conduit type=conduit collector=conduit type=conduit params="map[end:2026-08-02T22:46:49.305Z query:rate(conduit_connector_bytes_sum{pipeline_name=\"archv2-nxm\",type=\"source\"}[2s])/1048576 start:2026-08-02T22:46:30.304Z step:1]" stats="&{Timings:{EvalTotalTime:6.1458e-05 ResultSortTime:7.91e-07 QueryPreparationTime:8.583e-06 InnerEvalTime:4.7875e-05 ExecQueueTime:1.25e-06 ExecTotalTime:6.4584e-05} Samples:0x140014dd500}" spanID=0000000000000000
time=2026-08-02T15:46:49.305-07:00 level=WARN msg="Query returned multiple series, only first will be used" test=archv2-nxm tool=conduit-v2 collector=conduit type=conduit collector=conduit type=conduit series-count=2
time=2026-08-02T15:46:49.305-07:00 level=DEBUG msg="Query returned data" test=archv2-nxm tool=conduit-v2 collector=conduit type=conduit collector=conduit type=conduit name=msg-megabytes-in-per-second[archv2-nxm] series-count=1 last-value=0.2722034454345703
time=2026-08-02T15:46:49.305-07:00 level=DEBUG msg="promql query logged" test=archv2-nxm tool=conduit-v2 collector=conduit type=conduit collector=conduit type=conduit params="map[end:2026-08-02T22:46:49.305Z query:rate(conduit_connector_bytes_sum{pipeline_name=\"archv2-nxm\",type=\"destination\"}[2s])/1048576 start:2026-08-02T22:46:30.304Z step:1]" stats="&{Timings:{EvalTotalTime:5.5333e-05 ResultSortTime:5.41e-07 QueryPreparationTime:8.583e-06 InnerEvalTime:4.2542e-05 ExecQueueTime:1.125e-06 ExecTotalTime:5.8167e-05} Samples:0x1400168e1e0}" spanID=0000000000000000
time=2026-08-02T15:46:49.305-07:00 level=WARN msg="Query returned multiple series, only first will be used" test=archv2-nxm tool=conduit-v2 collector=conduit type=conduit collector=conduit type=conduit series-count=2
time=2026-08-02T15:46:49.305-07:00 level=DEBUG msg="Query returned data" test=archv2-nxm tool=conduit-v2 collector=conduit type=conduit collector=conduit type=conduit name=msg-megabytes-out-per-second[archv2-nxm] series-count=1 last-value=0.5446310043334961
time=2026-08-02T15:46:49.595-07:00 level=DEBUG msg="Inspecting container" model=container-monitor name=benchi-conduit
time=2026-08-02T15:46:50.105-07:00 level=DEBUG msg="Inspecting container" model=container-monitor name=benchi-conduit
time=2026-08-02T15:46:50.304-07:00 level=INFO msg="Test in progress" test=archv2-nxm tool=conduit-v2 step=test time-left=40s
time=2026-08-02T15:46:50.304-07:00 level=DEBUG msg="promql query logged" test=archv2-nxm tool=conduit-v2 collector=conduit type=conduit collector=conduit type=conduit params="map[end:2026-08-02T22:46:50.304Z query:rate(conduit_pipeline_execution_duration_seconds_count{pipeline_name=\"archv2-nxm\"}[2s]) start:2026-08-02T22:46:30.304Z step:1]" stats="&{Timings:{EvalTotalTime:5.675e-05 ResultSortTime:4.17e-07 QueryPreparationTime:1.6292e-05 InnerEvalTime:3.2542e-05 ExecQueueTime:2.375e-06 ExecTotalTime:6.175e-05} Samples:0x14001601590}" spanID=0000000000000000
time=2026-08-02T15:46:50.304-07:00 level=DEBUG msg="Query returned data" test=archv2-nxm tool=conduit-v2 collector=conduit type=conduit collector=conduit type=conduit name=msg-rate-per-second[archv2-nxm] series-count=1 last-value=16840
time=2026-08-02T15:46:50.304-07:00 level=DEBUG msg="promql query logged" test=archv2-nxm tool=conduit-v2 collector=conduit type=conduit collector=conduit type=conduit params="map[end:2026-08-02T22:46:50.304Z query:rate(conduit_connector_bytes_sum{pipeline_name=\"archv2-nxm\",type=\"source\"}[2s])/1048576 start:2026-08-02T22:46:30.304Z step:1]" stats="&{Timings:{EvalTotalTime:6.1584e-05 ResultSortTime:8.75e-07 QueryPreparationTime:9e-06 InnerEvalTime:4.7625e-05 ExecQueueTime:1.125e-06 ExecTotalTime:6.5167e-05} Samples:0x14001601c50}" spanID=0000000000000000
time=2026-08-02T15:46:50.304-07:00 level=WARN msg="Query returned multiple series, only first will be used" test=archv2-nxm tool=conduit-v2 collector=conduit type=conduit collector=conduit type=conduit series-count=2
time=2026-08-02T15:46:50.304-07:00 level=DEBUG msg="Query returned data" test=archv2-nxm tool=conduit-v2 collector=conduit type=conduit collector=conduit type=conduit name=msg-megabytes-in-per-second[archv2-nxm] series-count=1 last-value=0.23894309997558594
time=2026-08-02T15:46:50.305-07:00 level=DEBUG msg="promql query logged" test=archv2-nxm tool=conduit-v2 collector=conduit type=conduit collector=conduit type=conduit params="map[end:2026-08-02T22:46:50.304Z query:rate(conduit_connector_bytes_sum{pipeline_name=\"archv2-nxm\",type=\"destination\"}[2s])/1048576 start:2026-08-02T22:46:30.304Z step:1]" stats="&{Timings:{EvalTotalTime:7.8708e-05 ResultSortTime:7.91e-07 QueryPreparationTime:1.0166e-05 InnerEvalTime:6.3458e-05 ExecQueueTime:1.292e-06 ExecTotalTime:8.2708e-05} Samples:0x14001754720}" spanID=0000000000000000
time=2026-08-02T15:46:50.305-07:00 level=WARN msg="Query returned multiple series, only first will be used" test=archv2-nxm tool=conduit-v2 collector=conduit type=conduit collector=conduit type=conduit series-count=2
time=2026-08-02T15:46:50.305-07:00 level=DEBUG msg="Query returned data" test=archv2-nxm tool=conduit-v2 collector=conduit type=conduit collector=conduit type=conduit name=msg-megabytes-out-per-second[archv2-nxm] series-count=1 last-value=0.47642040252685547
time=2026-08-02T15:46:50.615-07:00 level=DEBUG msg="Inspecting container" model=container-monitor name=benchi-conduit
time=2026-08-02T15:46:51.130-07:00 level=DEBUG msg="Inspecting container" model=container-monitor name=benchi-conduit
time=2026-08-02T15:46:51.305-07:00 level=DEBUG msg="promql query logged" test=archv2-nxm tool=conduit-v2 collector=conduit type=conduit collector=conduit type=conduit params="map[end:2026-08-02T22:46:51.305Z query:rate(conduit_pipeline_execution_duration_seconds_count{pipeline_name=\"archv2-nxm\"}[2s]) start:2026-08-02T22:46:30.304Z step:1]" stats="&{Timings:{EvalTotalTime:6.5416e-05 ResultSortTime:6.25e-07 QueryPreparationTime:1.8083e-05 InnerEvalTime:4.0458e-05 ExecQueueTime:2.834e-06 ExecTotalTime:7.1333e-05} Samples:0x140017c66c0}" spanID=0000000000000000
time=2026-08-02T15:46:51.305-07:00 level=DEBUG msg="Query returned data" test=archv2-nxm tool=conduit-v2 collector=conduit type=conduit collector=conduit type=conduit name=msg-rate-per-second[archv2-nxm] series-count=1 last-value=16472
time=2026-08-02T15:46:51.305-07:00 level=DEBUG msg="promql query logged" test=archv2-nxm tool=conduit-v2 collector=conduit type=conduit collector=conduit type=conduit params="map[end:2026-08-02T22:46:51.305Z query:rate(conduit_connector_bytes_sum{pipeline_name=\"archv2-nxm\",type=\"source\"}[2s])/1048576 start:2026-08-02T22:46:30.304Z step:1]" stats="&{Timings:{EvalTotalTime:6.7833e-05 ResultSortTime:1.083e-06 QueryPreparationTime:8.875e-06 InnerEvalTime:5.3958e-05 ExecQueueTime:1.458e-06 ExecTotalTime:7.1167e-05} Samples:0x140017c6d80}" spanID=0000000000000000
time=2026-08-02T15:46:51.306-07:00 level=WARN msg="Query returned multiple series, only first will be used" test=archv2-nxm tool=conduit-v2 collector=conduit type=conduit collector=conduit type=conduit series-count=2
time=2026-08-02T15:46:51.306-07:00 level=DEBUG msg="Query returned data" test=archv2-nxm tool=conduit-v2 collector=conduit type=conduit collector=conduit type=conduit name=msg-megabytes-in-per-second[archv2-nxm] series-count=1 last-value=0.23321151733398438
time=2026-08-02T15:46:51.306-07:00 level=DEBUG msg="promql query logged" test=archv2-nxm tool=conduit-v2 collector=conduit type=conduit collector=conduit type=conduit params="map[end:2026-08-02T22:46:51.306Z query:rate(conduit_connector_bytes_sum{pipeline_name=\"archv2-nxm\",type=\"destination\"}[2s])/1048576 start:2026-08-02T22:46:30.304Z step:1]" stats="&{Timings:{EvalTotalTime:7.0625e-05 ResultSortTime:6.66e-07 QueryPreparationTime:9.625e-06 InnerEvalTime:5.625e-05 ExecQueueTime:1.458e-06 ExecTotalTime:7.4625e-05} Samples:0x140016617d0}" spanID=0000000000000000
time=2026-08-02T15:46:51.306-07:00 level=WARN msg="Query returned multiple series, only first will be used" test=archv2-nxm tool=conduit-v2 collector=conduit type=conduit collector=conduit type=conduit series-count=2
time=2026-08-02T15:46:51.306-07:00 level=DEBUG msg="Query returned data" test=archv2-nxm tool=conduit-v2 collector=conduit type=conduit collector=conduit type=conduit name=msg-megabytes-out-per-second[archv2-nxm] series-count=1 last-value=0.46494483947753906
time=2026-08-02T15:46:51.655-07:00 level=DEBUG msg="Inspecting container" model=container-monitor name=benchi-conduit
time=2026-08-02T15:46:52.173-07:00 level=DEBUG msg="Inspecting container" model=container-monitor name=benchi-conduit
time=2026-08-02T15:46:52.305-07:00 level=DEBUG msg="promql query logged" test=archv2-nxm tool=conduit-v2 collector=conduit type=conduit collector=conduit type=conduit params="map[end:2026-08-02T22:46:52.305Z query:rate(conduit_pipeline_execution_duration_seconds_count{pipeline_name=\"archv2-nxm\"}[2s]) start:2026-08-02T22:46:30.304Z step:1]" stats="&{Timings:{EvalTotalTime:4.6875e-05 ResultSortTime:3.75e-07 QueryPreparationTime:1.3833e-05 InnerEvalTime:2.825e-05 ExecQueueTime:2.292e-06 ExecTotalTime:5.075e-05} Samples:0x14001922bd0}" spanID=0000000000000000
time=2026-08-02T15:46:52.305-07:00 level=DEBUG msg="Query returned data" test=archv2-nxm tool=conduit-v2 collector=conduit type=conduit collector=conduit type=conduit name=msg-rate-per-second[archv2-nxm] series-count=1 last-value=17678
time=2026-08-02T15:46:52.305-07:00 level=DEBUG msg="promql query logged" test=archv2-nxm tool=conduit-v2 collector=conduit type=conduit collector=conduit type=conduit params="map[end:2026-08-02T22:46:52.305Z query:rate(conduit_connector_bytes_sum{pipeline_name=\"archv2-nxm\",type=\"source\"}[2s])/1048576 start:2026-08-02T22:46:30.304Z step:1]" stats="&{Timings:{EvalTotalTime:7.2209e-05 ResultSortTime:7.09e-07 QueryPreparationTime:1.4042e-05 InnerEvalTime:5.2125e-05 ExecQueueTime:9.17e-07 ExecTotalTime:7.5667e-05} Samples:0x14001923290}" spanID=0000000000000000
time=2026-08-02T15:46:52.305-07:00 level=WARN msg="Query returned multiple series, only first will be used" test=archv2-nxm tool=conduit-v2 collector=conduit type=conduit collector=conduit type=conduit series-count=2
time=2026-08-02T15:46:52.305-07:00 level=DEBUG msg="Query returned data" test=archv2-nxm tool=conduit-v2 collector=conduit type=conduit collector=conduit type=conduit name=msg-megabytes-in-per-second[archv2-nxm] series-count=1 last-value=0.2512483596801758
time=2026-08-02T15:46:52.306-07:00 level=DEBUG msg="promql query logged" test=archv2-nxm tool=conduit-v2 collector=conduit type=conduit collector=conduit type=conduit params="map[end:2026-08-02T22:46:52.306Z query:rate(conduit_connector_bytes_sum{pipeline_name=\"archv2-nxm\",type=\"destination\"}[2s])/1048576 start:2026-08-02T22:46:30.304Z step:1]" stats="&{Timings:{EvalTotalTime:7.1458e-05 ResultSortTime:5.42e-07 QueryPreparationTime:1.0958e-05 InnerEvalTime:5.6e-05 ExecQueueTime:1.333e-06 ExecTotalTime:7.4917e-05} Samples:0x140019c6a20}" spanID=0000000000000000
time=2026-08-02T15:46:52.306-07:00 level=WARN msg="Query returned multiple series, only first will be used" test=archv2-nxm tool=conduit-v2 collector=conduit type=conduit collector=conduit type=conduit series-count=2
time=2026-08-02T15:46:52.306-07:00 level=DEBUG msg="Query returned data" test=archv2-nxm tool=conduit-v2 collector=conduit type=conduit collector=conduit type=conduit name=msg-megabytes-out-per-second[archv2-nxm] series-count=1 last-value=0.4996633529663086
time=2026-08-02T15:46:52.678-07:00 level=DEBUG msg="Inspecting container" model=container-monitor name=benchi-conduit
time=2026-08-02T15:46:53.188-07:00 level=DEBUG msg="Inspecting container" model=container-monitor name=benchi-conduit
time=2026-08-02T15:46:53.304-07:00 level=DEBUG msg="promql query logged" test=archv2-nxm tool=conduit-v2 collector=conduit type=conduit collector=conduit type=conduit params="map[end:2026-08-02T22:46:53.304Z query:rate(conduit_pipeline_execution_duration_seconds_count{pipeline_name=\"archv2-nxm\"}[2s]) start:2026-08-02T22:46:30.304Z step:1]" stats="&{Timings:{EvalTotalTime:5.1459e-05 ResultSortTime:3.75e-07 QueryPreparationTime:1.4917e-05 InnerEvalTime:3.1542e-05 ExecQueueTime:2.333e-06 ExecTotalTime:5.5708e-05} Samples:0x140018ac7b0}" spanID=0000000000000000
time=2026-08-02T15:46:53.305-07:00 level=DEBUG msg="Query returned data" test=archv2-nxm tool=conduit-v2 collector=conduit type=conduit collector=conduit type=conduit name=msg-rate-per-second[archv2-nxm] series-count=1 last-value=17795
time=2026-08-02T15:46:53.305-07:00 level=DEBUG msg="promql query logged" test=archv2-nxm tool=conduit-v2 collector=conduit type=conduit collector=conduit type=conduit params="map[end:2026-08-02T22:46:53.305Z query:rate(conduit_connector_bytes_sum{pipeline_name=\"archv2-nxm\",type=\"source\"}[2s])/1048576 start:2026-08-02T22:46:30.304Z step:1]" stats="&{Timings:{EvalTotalTime:8.6083e-05 ResultSortTime:8.75e-07 QueryPreparationTime:6e-06 InnerEvalTime:7.4875e-05 ExecQueueTime:7.08e-07 ExecTotalTime:8.85e-05} Samples:0x140018aced0}" spanID=0000000000000000
time=2026-08-02T15:46:53.305-07:00 level=WARN msg="Query returned multiple series, only first will be used" test=archv2-nxm tool=conduit-v2 collector=conduit type=conduit collector=conduit type=conduit series-count=2
time=2026-08-02T15:46:53.305-07:00 level=DEBUG msg="Query returned data" test=archv2-nxm tool=conduit-v2 collector=conduit type=conduit collector=conduit type=conduit name=msg-megabytes-in-per-second[archv2-nxm] series-count=1 last-value=0.2529335021972656
time=2026-08-02T15:46:53.305-07:00 level=DEBUG msg="promql query logged" test=archv2-nxm tool=conduit-v2 collector=conduit type=conduit collector=conduit type=conduit params="map[end:2026-08-02T22:46:53.305Z query:rate(conduit_connector_bytes_sum{pipeline_name=\"archv2-nxm\",type=\"destination\"}[2s])/1048576 start:2026-08-02T22:46:30.304Z step:1]" stats="&{Timings:{EvalTotalTime:4.7417e-05 ResultSortTime:4.58e-07 QueryPreparationTime:5.25e-06 InnerEvalTime:3.8666e-05 ExecQueueTime:7.92e-07 ExecTotalTime:4.9792e-05} Samples:0x140018adc50}" spanID=0000000000000000
time=2026-08-02T15:46:53.305-07:00 level=WARN msg="Query returned multiple series, only first will be used" test=archv2-nxm tool=conduit-v2 collector=conduit type=conduit collector=conduit type=conduit series-count=2
time=2026-08-02T15:46:53.305-07:00 level=DEBUG msg="Query returned data" test=archv2-nxm tool=conduit-v2 collector=conduit type=conduit collector=conduit type=conduit name=msg-megabytes-out-per-second[archv2-nxm] series-count=1 last-value=0.502598762512207
time=2026-08-02T15:46:53.704-07:00 level=DEBUG msg="Inspecting container" model=container-monitor name=benchi-conduit
time=2026-08-02T15:46:54.211-07:00 level=DEBUG msg="Inspecting container" model=container-monitor name=benchi-conduit
time=2026-08-02T15:46:54.304-07:00 level=DEBUG msg="promql query logged" test=archv2-nxm tool=conduit-v2 collector=conduit type=conduit collector=conduit type=conduit params="map[end:2026-08-02T22:46:54.304Z query:rate(conduit_pipeline_execution_duration_seconds_count{pipeline_name=\"archv2-nxm\"}[2s]) start:2026-08-02T22:46:30.304Z step:1]" stats="&{Timings:{EvalTotalTime:6.4584e-05 ResultSortTime:5e-07 QueryPreparationTime:1.9375e-05 InnerEvalTime:3.8958e-05 ExecQueueTime:2.917e-06 ExecTotalTime:7.0208e-05} Samples:0x14001922f60}" spanID=0000000000000000
time=2026-08-02T15:46:54.304-07:00 level=DEBUG msg="Query returned data" test=archv2-nxm tool=conduit-v2 collector=conduit type=conduit collector=conduit type=conduit name=msg-rate-per-second[archv2-nxm] series-count=1 last-value=18048
time=2026-08-02T15:46:54.304-07:00 level=DEBUG msg="promql query logged" test=archv2-nxm tool=conduit-v2 collector=conduit type=conduit collector=conduit type=conduit params="map[end:2026-08-02T22:46:54.304Z query:rate(conduit_connector_bytes_sum{pipeline_name=\"archv2-nxm\",type=\"source\"}[2s])/1048576 start:2026-08-02T22:46:30.304Z step:1]" stats="&{Timings:{EvalTotalTime:6.975e-05 ResultSortTime:1.042e-06 QueryPreparationTime:8.208e-06 InnerEvalTime:5.6833e-05 ExecQueueTime:1.208e-06 ExecTotalTime:7.3333e-05} Samples:0x140019236b0}" spanID=0000000000000000
time=2026-08-02T15:46:54.304-07:00 level=WARN msg="Query returned multiple series, only first will be used" test=archv2-nxm tool=conduit-v2 collector=conduit type=conduit collector=conduit type=conduit series-count=2
time=2026-08-02T15:46:54.304-07:00 level=DEBUG msg="Query returned data" test=archv2-nxm tool=conduit-v2 collector=conduit type=conduit collector=conduit type=conduit name=msg-megabytes-in-per-second[archv2-nxm] series-count=1 last-value=0.2554960250854492
time=2026-08-02T15:46:54.304-07:00 level=DEBUG msg="promql query logged" test=archv2-nxm tool=conduit-v2 collector=conduit type=conduit collector=conduit type=conduit params="map[end:2026-08-02T22:46:54.304Z query:rate(conduit_connector_bytes_sum{pipeline_name=\"archv2-nxm\",type=\"destination\"}[2s])/1048576 start:2026-08-02T22:46:30.304Z step:1]" stats="&{Timings:{EvalTotalTime:7.3291e-05 ResultSortTime:6.25e-07 QueryPreparationTime:9.792e-06 InnerEvalTime:5.8833e-05 ExecQueueTime:1.125e-06 ExecTotalTime:7.6917e-05} Samples:0x1400168f6b0}" spanID=0000000000000000
time=2026-08-02T15:46:54.304-07:00 level=WARN msg="Query returned multiple series, only first will be used" test=archv2-nxm tool=conduit-v2 collector=conduit type=conduit collector=conduit type=conduit series-count=2
time=2026-08-02T15:46:54.305-07:00 level=DEBUG msg="Query returned data" test=archv2-nxm tool=conduit-v2 collector=conduit type=conduit collector=conduit type=conduit name=msg-megabytes-out-per-second[archv2-nxm] series-count=1 last-value=0.5101699829101562
time=2026-08-02T15:46:54.729-07:00 level=DEBUG msg="Inspecting container" model=container-monitor name=benchi-conduit
time=2026-08-02T15:46:55.240-07:00 level=DEBUG msg="Inspecting container" model=container-monitor name=benchi-conduit
time=2026-08-02T15:46:55.304-07:00 level=DEBUG msg="promql query logged" test=archv2-nxm tool=conduit-v2 collector=conduit type=conduit collector=conduit type=conduit params="map[end:2026-08-02T22:46:55.304Z query:rate(conduit_pipeline_execution_duration_seconds_count{pipeline_name=\"archv2-nxm\"}[2s]) start:2026-08-02T22:46:30.304Z step:1]" stats="&{Timings:{EvalTotalTime:8.2333e-05 ResultSortTime:6.25e-07 QueryPreparationTime:2.3334e-05 InnerEvalTime:5.0583e-05 ExecQueueTime:3.5e-06 ExecTotalTime:8.9125e-05} Samples:0x140013cef60}" spanID=0000000000000000
time=2026-08-02T15:46:55.304-07:00 level=DEBUG msg="Query returned data" test=archv2-nxm tool=conduit-v2 collector=conduit type=conduit collector=conduit type=conduit name=msg-rate-per-second[archv2-nxm] series-count=1 last-value=17427
time=2026-08-02T15:46:55.304-07:00 level=INFO msg="Test in progress" test=archv2-nxm tool=conduit-v2 step=test time-left=35s
time=2026-08-02T15:46:55.304-07:00 level=DEBUG msg="promql query logged" test=archv2-nxm tool=conduit-v2 collector=conduit type=conduit collector=conduit type=conduit params="map[end:2026-08-02T22:46:55.304Z query:rate(conduit_connector_bytes_sum{pipeline_name=\"archv2-nxm\",type=\"source\"}[2s])/1048576 start:2026-08-02T22:46:30.304Z step:1]" stats="&{Timings:{EvalTotalTime:9.075e-05 ResultSortTime:1.458e-06 QueryPreparationTime:1.1959e-05 InnerEvalTime:7.2166e-05 ExecQueueTime:1.5e-06 ExecTotalTime:9.4916e-05} Samples:0x140013cf830}" spanID=0000000000000000
time=2026-08-02T15:46:55.305-07:00 level=WARN msg="Query returned multiple series, only first will be used" test=archv2-nxm tool=conduit-v2 collector=conduit type=conduit collector=conduit type=conduit series-count=2
time=2026-08-02T15:46:55.305-07:00 level=DEBUG msg="Query returned data" test=archv2-nxm tool=conduit-v2 collector=conduit type=conduit collector=conduit type=conduit name=msg-megabytes-in-per-second[archv2-nxm] series-count=1 last-value=0.2451648712158203
time=2026-08-02T15:46:55.305-07:00 level=DEBUG msg="promql query logged" test=archv2-nxm tool=conduit-v2 collector=conduit type=conduit collector=conduit type=conduit params="map[end:2026-08-02T22:46:55.305Z query:rate(conduit_connector_bytes_sum{pipeline_name=\"archv2-nxm\",type=\"destination\"}[2s])/1048576 start:2026-08-02T22:46:30.304Z step:1]" stats="&{Timings:{EvalTotalTime:7.675e-05 ResultSortTime:7.09e-07 QueryPreparationTime:1.0542e-05 InnerEvalTime:6.0959e-05 ExecQueueTime:1.208e-06 ExecTotalTime:8.1e-05} Samples:0x140016fd7a0}" spanID=0000000000000000
time=2026-08-02T15:46:55.305-07:00 level=WARN msg="Query returned multiple series, only first will be used" test=archv2-nxm tool=conduit-v2 collector=conduit type=conduit collector=conduit type=conduit series-count=2
time=2026-08-02T15:46:55.305-07:00 level=DEBUG msg="Query returned data" test=archv2-nxm tool=conduit-v2 collector=conduit type=conduit collector=conduit type=conduit name=msg-megabytes-out-per-second[archv2-nxm] series-count=1 last-value=0.49204063415527344
time=2026-08-02T15:46:55.751-07:00 level=DEBUG msg="Inspecting container" model=container-monitor name=benchi-conduit
time=2026-08-02T15:46:56.268-07:00 level=DEBUG msg="Inspecting container" model=container-monitor name=benchi-conduit
time=2026-08-02T15:46:56.304-07:00 level=DEBUG msg="promql query logged" test=archv2-nxm tool=conduit-v2 collector=conduit type=conduit collector=conduit type=conduit params="map[end:2026-08-02T22:46:56.304Z query:rate(conduit_pipeline_execution_duration_seconds_count{pipeline_name=\"archv2-nxm\"}[2s]) start:2026-08-02T22:46:30.304Z step:1]" stats="&{Timings:{EvalTotalTime:5.4667e-05 ResultSortTime:4.59e-07 QueryPreparationTime:1.7084e-05 InnerEvalTime:3.1708e-05 ExecQueueTime:2.291e-06 ExecTotalTime:5.975e-05} Samples:0x14001472f60}" spanID=0000000000000000
time=2026-08-02T15:46:56.304-07:00 level=DEBUG msg="Query returned data" test=archv2-nxm tool=conduit-v2 collector=conduit type=conduit collector=conduit type=conduit name=msg-rate-per-second[archv2-nxm] series-count=1 last-value=16327
time=2026-08-02T15:46:56.305-07:00 level=DEBUG msg="promql query logged" test=archv2-nxm tool=conduit-v2 collector=conduit type=conduit collector=conduit type=conduit params="map[end:2026-08-02T22:46:56.304Z query:rate(conduit_connector_bytes_sum{pipeline_name=\"archv2-nxm\",type=\"source\"}[2s])/1048576 start:2026-08-02T22:46:30.304Z step:1]" stats="&{Timings:{EvalTotalTime:6.9917e-05 ResultSortTime:7.92e-07 QueryPreparationTime:9.333e-06 InnerEvalTime:5.4958e-05 ExecQueueTime:7e-06 ExecTotalTime:7.3e-05} Samples:0x14001473620}" spanID=0000000000000000
time=2026-08-02T15:46:56.305-07:00 level=WARN msg="Query returned multiple series, only first will be used" test=archv2-nxm tool=conduit-v2 collector=conduit type=conduit collector=conduit type=conduit series-count=2
time=2026-08-02T15:46:56.305-07:00 level=DEBUG msg="Query returned data" test=archv2-nxm tool=conduit-v2 collector=conduit type=conduit collector=conduit type=conduit name=msg-megabytes-in-per-second[archv2-nxm] series-count=1 last-value=0.22951889038085938
time=2026-08-02T15:46:56.305-07:00 level=DEBUG msg="promql query logged" test=archv2-nxm tool=conduit-v2 collector=conduit type=conduit collector=conduit type=conduit params="map[end:2026-08-02T22:46:56.305Z query:rate(conduit_connector_bytes_sum{pipeline_name=\"archv2-nxm\",type=\"destination\"}[2s])/1048576 start:2026-08-02T22:46:30.304Z step:1]" stats="&{Timings:{EvalTotalTime:6.1291e-05 ResultSortTime:1.458e-06 QueryPreparationTime:8.833e-06 InnerEvalTime:4.6791e-05 ExecQueueTime:9.58e-07 ExecTotalTime:6.5542e-05} Samples:0x140007fc900}" spanID=0000000000000000
time=2026-08-02T15:46:56.305-07:00 level=WARN msg="Query returned multiple series, only first will be used" test=archv2-nxm tool=conduit-v2 collector=conduit type=conduit collector=conduit type=conduit series-count=2
time=2026-08-02T15:46:56.305-07:00 level=DEBUG msg="Query returned data" test=archv2-nxm tool=conduit-v2 collector=conduit type=conduit collector=conduit type=conduit name=msg-megabytes-out-per-second[archv2-nxm] series-count=1 last-value=0.4608888626098633
time=2026-08-02T15:46:56.782-07:00 level=DEBUG msg="Inspecting container" model=container-monitor name=benchi-conduit
time=2026-08-02T15:46:57.286-07:00 level=DEBUG msg="Inspecting container" model=container-monitor name=benchi-conduit
time=2026-08-02T15:46:57.304-07:00 level=DEBUG msg="promql query logged" test=archv2-nxm tool=conduit-v2 collector=conduit type=conduit collector=conduit type=conduit params="map[end:2026-08-02T22:46:57.304Z query:rate(conduit_pipeline_execution_duration_seconds_count{pipeline_name=\"archv2-nxm\"}[2s]) start:2026-08-02T22:46:30.304Z step:1]" stats="&{Timings:{EvalTotalTime:4.825e-05 ResultSortTime:3.75e-07 QueryPreparationTime:1.3625e-05 InnerEvalTime:2.95e-05 ExecQueueTime:4.167e-06 ExecTotalTime:5.5583e-05} Samples:0x14000f41b30}" spanID=0000000000000000
time=2026-08-02T15:46:57.304-07:00 level=DEBUG msg="Query returned data" test=archv2-nxm tool=conduit-v2 collector=conduit type=conduit collector=conduit type=conduit name=msg-rate-per-second[archv2-nxm] series-count=1 last-value=17247
time=2026-08-02T15:46:57.304-07:00 level=DEBUG msg="promql query logged" test=archv2-nxm tool=conduit-v2 collector=conduit type=conduit collector=conduit type=conduit params="map[end:2026-08-02T22:46:57.304Z query:rate(conduit_connector_bytes_sum{pipeline_name=\"archv2-nxm\",type=\"source\"}[2s])/1048576 start:2026-08-02T22:46:30.304Z step:1]" stats="&{Timings:{EvalTotalTime:6.7292e-05 ResultSortTime:9.58e-07 QueryPreparationTime:9e-06 InnerEvalTime:5.3666e-05 ExecQueueTime:9.99e-07 ExecTotalTime:7.0167e-05} Samples:0x14001074300}" spanID=0000000000000000
time=2026-08-02T15:46:57.304-07:00 level=WARN msg="Query returned multiple series, only first will be used" test=archv2-nxm tool=conduit-v2 collector=conduit type=conduit collector=conduit type=conduit series-count=2
time=2026-08-02T15:46:57.304-07:00 level=DEBUG msg="Query returned data" test=archv2-nxm tool=conduit-v2 collector=conduit type=conduit collector=conduit type=conduit name=msg-megabytes-in-per-second[archv2-nxm] series-count=1 last-value=0.24515151977539062
time=2026-08-02T15:46:57.304-07:00 level=DEBUG msg="promql query logged" test=archv2-nxm tool=conduit-v2 collector=conduit type=conduit collector=conduit type=conduit params="map[end:2026-08-02T22:46:57.304Z query:rate(conduit_connector_bytes_sum{pipeline_name=\"archv2-nxm\",type=\"destination\"}[2s])/1048576 start:2026-08-02T22:46:30.304Z step:1]" stats="&{Timings:{EvalTotalTime:6.5833e-05 ResultSortTime:5.83e-07 QueryPreparationTime:8.875e-06 InnerEvalTime:5.2334e-05 ExecQueueTime:1.083e-06 ExecTotalTime:6.9583e-05} Samples:0x14000abac30}" spanID=0000000000000000
time=2026-08-02T15:46:57.304-07:00 level=WARN msg="Query returned multiple series, only first will be used" test=archv2-nxm tool=conduit-v2 collector=conduit type=conduit collector=conduit type=conduit series-count=2
time=2026-08-02T15:46:57.304-07:00 level=DEBUG msg="Query returned data" test=archv2-nxm tool=conduit-v2 collector=conduit type=conduit collector=conduit type=conduit name=msg-megabytes-out-per-second[archv2-nxm] series-count=1 last-value=0.4875822067260742
time=2026-08-02T15:46:57.794-07:00 level=DEBUG msg="Inspecting container" model=container-monitor name=benchi-conduit
time=2026-08-02T15:46:58.301-07:00 level=DEBUG msg="Inspecting container" model=container-monitor name=benchi-conduit
time=2026-08-02T15:46:58.304-07:00 level=DEBUG msg="promql query logged" test=archv2-nxm tool=conduit-v2 collector=conduit type=conduit collector=conduit type=conduit params="map[end:2026-08-02T22:46:58.304Z query:rate(conduit_pipeline_execution_duration_seconds_count{pipeline_name=\"archv2-nxm\"}[2s]) start:2026-08-02T22:46:30.304Z step:1]" stats="&{Timings:{EvalTotalTime:5.1083e-05 ResultSortTime:4.16e-07 QueryPreparationTime:1.4e-05 InnerEvalTime:3.1459e-05 ExecQueueTime:2.083e-06 ExecTotalTime:5.8083e-05} Samples:0x14001690810}" spanID=0000000000000000
time=2026-08-02T15:46:58.305-07:00 level=DEBUG msg="Query returned data" test=archv2-nxm tool=conduit-v2 collector=conduit type=conduit collector=conduit type=conduit name=msg-rate-per-second[archv2-nxm] series-count=1 last-value=15931
time=2026-08-02T15:46:58.305-07:00 level=DEBUG msg="promql query logged" test=archv2-nxm tool=conduit-v2 collector=conduit type=conduit collector=conduit type=conduit params="map[end:2026-08-02T22:46:58.305Z query:rate(conduit_connector_bytes_sum{pipeline_name=\"archv2-nxm\",type=\"source\"}[2s])/1048576 start:2026-08-02T22:46:30.304Z step:1]" stats="&{Timings:{EvalTotalTime:9.6667e-05 ResultSortTime:8.34e-07 QueryPreparationTime:1.6458e-05 InnerEvalTime:7.5e-05 ExecQueueTime:1.083e-06 ExecTotalTime:9.9667e-05} Samples:0x14001690ed0}" spanID=0000000000000000
time=2026-08-02T15:46:58.305-07:00 level=WARN msg="Query returned multiple series, only first will be used" test=archv2-nxm tool=conduit-v2 collector=conduit type=conduit collector=conduit type=conduit series-count=2
time=2026-08-02T15:46:58.305-07:00 level=DEBUG msg="Query returned data" test=archv2-nxm tool=conduit-v2 collector=conduit type=conduit collector=conduit type=conduit name=msg-megabytes-in-per-second[archv2-nxm] series-count=1 last-value=0.22453880310058594
time=2026-08-02T15:46:58.305-07:00 level=DEBUG msg="promql query logged" test=archv2-nxm tool=conduit-v2 collector=conduit type=conduit collector=conduit type=conduit params="map[end:2026-08-02T22:46:58.305Z query:rate(conduit_connector_bytes_sum{pipeline_name=\"archv2-nxm\",type=\"destination\"}[2s])/1048576 start:2026-08-02T22:46:30.304Z step:1]" stats="&{Timings:{EvalTotalTime:7.2541e-05 ResultSortTime:7.08e-07 QueryPreparationTime:8.75e-06 InnerEvalTime:5.7792e-05 ExecQueueTime:1.376e-06 ExecTotalTime:7.9959e-05} Samples:0x140013ae240}" spanID=0000000000000000
time=2026-08-02T15:46:58.305-07:00 level=WARN msg="Query returned multiple series, only first will be used" test=archv2-nxm tool=conduit-v2 collector=conduit type=conduit collector=conduit type=conduit series-count=2
time=2026-08-02T15:46:58.305-07:00 level=DEBUG msg="Query returned data" test=archv2-nxm tool=conduit-v2 collector=conduit type=conduit collector=conduit type=conduit name=msg-megabytes-out-per-second[archv2-nxm] series-count=1 last-value=0.44971370697021484
time=2026-08-02T15:46:58.822-07:00 level=DEBUG msg="Inspecting container" model=container-monitor name=benchi-conduit
time=2026-08-02T15:46:59.305-07:00 level=DEBUG msg="promql query logged" test=archv2-nxm tool=conduit-v2 collector=conduit type=conduit collector=conduit type=conduit params="map[end:2026-08-02T22:46:59.305Z query:rate(conduit_pipeline_execution_duration_seconds_count{pipeline_name=\"archv2-nxm\"}[2s]) start:2026-08-02T22:46:30.304Z step:1]" stats="&{Timings:{EvalTotalTime:0.000108958 ResultSortTime:8.33e-07 QueryPreparationTime:3e-05 InnerEvalTime:6.6834e-05 ExecQueueTime:4.25e-06 ExecTotalTime:0.000117666} Samples:0x140017c6630}" spanID=0000000000000000
time=2026-08-02T15:46:59.305-07:00 level=DEBUG msg="Query returned data" test=archv2-nxm tool=conduit-v2 collector=conduit type=conduit collector=conduit type=conduit name=msg-rate-per-second[archv2-nxm] series-count=1 last-value=16106
time=2026-08-02T15:46:59.305-07:00 level=DEBUG msg="promql query logged" test=archv2-nxm tool=conduit-v2 collector=conduit type=conduit collector=conduit type=conduit params="map[end:2026-08-02T22:46:59.305Z query:rate(conduit_connector_bytes_sum{pipeline_name=\"archv2-nxm\",type=\"source\"}[2s])/1048576 start:2026-08-02T22:46:30.304Z step:1]" stats="&{Timings:{EvalTotalTime:9.8666e-05 ResultSortTime:1.375e-06 QueryPreparationTime:1.1417e-05 InnerEvalTime:7.9417e-05 ExecQueueTime:1.583e-06 ExecTotalTime:0.000102666} Samples:0x140017c6e70}" spanID=0000000000000000
time=2026-08-02T15:46:59.305-07:00 level=WARN msg="Query returned multiple series, only first will be used" test=archv2-nxm tool=conduit-v2 collector=conduit type=conduit collector=conduit type=conduit series-count=2
time=2026-08-02T15:46:59.305-07:00 level=DEBUG msg="Query returned data" test=archv2-nxm tool=conduit-v2 collector=conduit type=conduit collector=conduit type=conduit name=msg-megabytes-in-per-second[archv2-nxm] series-count=1 last-value=0.22765731811523438
time=2026-08-02T15:46:59.306-07:00 level=DEBUG msg="promql query logged" test=archv2-nxm tool=conduit-v2 collector=conduit type=conduit collector=conduit type=conduit params="map[end:2026-08-02T22:46:59.305Z query:rate(conduit_connector_bytes_sum{pipeline_name=\"archv2-nxm\",type=\"destination\"}[2s])/1048576 start:2026-08-02T22:46:30.304Z step:1]" stats="&{Timings:{EvalTotalTime:8.5333e-05 ResultSortTime:5.83e-07 QueryPreparationTime:1.1417e-05 InnerEvalTime:6.6208e-05 ExecQueueTime:1.167e-06 ExecTotalTime:8.9375e-05} Samples:0x140014dc990}" spanID=0000000000000000
time=2026-08-02T15:46:59.306-07:00 level=WARN msg="Query returned multiple series, only first will be used" test=archv2-nxm tool=conduit-v2 collector=conduit type=conduit collector=conduit type=conduit series-count=2
time=2026-08-02T15:46:59.306-07:00 level=DEBUG msg="Query returned data" test=archv2-nxm tool=conduit-v2 collector=conduit type=conduit collector=conduit type=conduit name=msg-megabytes-out-per-second[archv2-nxm] series-count=1 last-value=0.4553031921386719
time=2026-08-02T15:46:59.335-07:00 level=DEBUG msg="Inspecting container" model=container-monitor name=benchi-conduit
time=2026-08-02T15:46:59.854-07:00 level=DEBUG msg="Inspecting container" model=container-monitor name=benchi-conduit
time=2026-08-02T15:47:00.304-07:00 level=DEBUG msg="promql query logged" test=archv2-nxm tool=conduit-v2 collector=conduit type=conduit collector=conduit type=conduit params="map[end:2026-08-02T22:47:00.304Z query:rate(conduit_pipeline_execution_duration_seconds_count{pipeline_name=\"archv2-nxm\"}[2s]) start:2026-08-02T22:46:30.304Z step:1]" stats="&{Timings:{EvalTotalTime:5.0208e-05 ResultSortTime:3.33e-07 QueryPreparationTime:1.35e-05 InnerEvalTime:3.1208e-05 ExecQueueTime:2.75e-06 ExecTotalTime:5.5167e-05} Samples:0x14001356690}" spanID=0000000000000000
time=2026-08-02T15:47:00.304-07:00 level=DEBUG msg="Query returned data" test=archv2-nxm tool=conduit-v2 collector=conduit type=conduit collector=conduit type=conduit name=msg-rate-per-second[archv2-nxm] series-count=1 last-value=16147
time=2026-08-02T15:47:00.304-07:00 level=DEBUG msg="promql query logged" test=archv2-nxm tool=conduit-v2 collector=conduit type=conduit collector=conduit type=conduit params="map[end:2026-08-02T22:47:00.304Z query:rate(conduit_connector_bytes_sum{pipeline_name=\"archv2-nxm\",type=\"source\"}[2s])/1048576 start:2026-08-02T22:46:30.304Z step:1]" stats="&{Timings:{EvalTotalTime:7.55e-05 ResultSortTime:8.33e-07 QueryPreparationTime:7.75e-06 InnerEvalTime:6.275e-05 ExecQueueTime:1.083e-06 ExecTotalTime:7.8958e-05} Samples:0x14001356d50}" spanID=0000000000000000
time=2026-08-02T15:47:00.304-07:00 level=WARN msg="Query returned multiple series, only first will be used" test=archv2-nxm tool=conduit-v2 collector=conduit type=conduit collector=conduit type=conduit series-count=2
time=2026-08-02T15:47:00.304-07:00 level=INFO msg="Test in progress" test=archv2-nxm tool=conduit-v2 step=test time-left=30s
time=2026-08-02T15:47:00.304-07:00 level=DEBUG msg="Query returned data" test=archv2-nxm tool=conduit-v2 collector=conduit type=conduit collector=conduit type=conduit name=msg-megabytes-in-per-second[archv2-nxm] series-count=1 last-value=0.22779560089111328
time=2026-08-02T15:47:00.305-07:00 level=DEBUG msg="promql query logged" test=archv2-nxm tool=conduit-v2 collector=conduit type=conduit collector=conduit type=conduit params="map[end:2026-08-02T22:47:00.305Z query:rate(conduit_connector_bytes_sum{pipeline_name=\"archv2-nxm\",type=\"destination\"}[2s])/1048576 start:2026-08-02T22:46:30.304Z step:1]" stats="&{Timings:{EvalTotalTime:0.000169 ResultSortTime:8.75e-07 QueryPreparationTime:1.0166e-05 InnerEvalTime:0.000151958 ExecQueueTime:1.541e-06 ExecTotalTime:0.000173042} Samples:0x14001380f00}" spanID=0000000000000000
time=2026-08-02T15:47:00.305-07:00 level=WARN msg="Query returned multiple series, only first will be used" test=archv2-nxm tool=conduit-v2 collector=conduit type=conduit collector=conduit type=conduit series-count=2
time=2026-08-02T15:47:00.308-07:00 level=DEBUG msg="Query returned data" test=archv2-nxm tool=conduit-v2 collector=conduit type=conduit collector=conduit type=conduit name=msg-megabytes-out-per-second[archv2-nxm] series-count=1 last-value=0.4565114974975586
time=2026-08-02T15:47:00.362-07:00 level=DEBUG msg="Inspecting container" model=container-monitor name=benchi-conduit
time=2026-08-02T15:47:00.878-07:00 level=DEBUG msg="Inspecting container" model=container-monitor name=benchi-conduit
time=2026-08-02T15:47:01.305-07:00 level=DEBUG msg="promql query logged" test=archv2-nxm tool=conduit-v2 collector=conduit type=conduit collector=conduit type=conduit params="map[end:2026-08-02T22:47:01.305Z query:rate(conduit_pipeline_execution_duration_seconds_count{pipeline_name=\"archv2-nxm\"}[2s]) start:2026-08-02T22:46:30.304Z step:1]" stats="&{Timings:{EvalTotalTime:5.15e-05 ResultSortTime:3.75e-07 QueryPreparationTime:1.4042e-05 InnerEvalTime:3.1833e-05 ExecQueueTime:2.375e-06 ExecTotalTime:6.1166e-05} Samples:0x140010c82d0}" spanID=0000000000000000
time=2026-08-02T15:47:01.305-07:00 level=DEBUG msg="Query returned data" test=archv2-nxm tool=conduit-v2 collector=conduit type=conduit collector=conduit type=conduit name=msg-rate-per-second[archv2-nxm] series-count=1 last-value=17816
time=2026-08-02T15:47:01.305-07:00 level=DEBUG msg="promql query logged" test=archv2-nxm tool=conduit-v2 collector=conduit type=conduit collector=conduit type=conduit params="map[end:2026-08-02T22:47:01.305Z query:rate(conduit_connector_bytes_sum{pipeline_name=\"archv2-nxm\",type=\"source\"}[2s])/1048576 start:2026-08-02T22:46:30.304Z step:1]" stats="&{Timings:{EvalTotalTime:6.775e-05 ResultSortTime:9.58e-07 QueryPreparationTime:7.333e-06 InnerEvalTime:5.6166e-05 ExecQueueTime:1.041e-06 ExecTotalTime:7.0584e-05} Samples:0x140010c8990}" spanID=0000000000000000
time=2026-08-02T15:47:01.305-07:00 level=WARN msg="Query returned multiple series, only first will be used" test=archv2-nxm tool=conduit-v2 collector=conduit type=conduit collector=conduit type=conduit series-count=2
time=2026-08-02T15:47:01.306-07:00 level=DEBUG msg="Query returned data" test=archv2-nxm tool=conduit-v2 collector=conduit type=conduit collector=conduit type=conduit name=msg-megabytes-in-per-second[archv2-nxm] series-count=1 last-value=0.2507638931274414
time=2026-08-02T15:47:01.306-07:00 level=DEBUG msg="promql query logged" test=archv2-nxm tool=conduit-v2 collector=conduit type=conduit collector=conduit type=conduit params="map[end:2026-08-02T22:47:01.306Z query:rate(conduit_connector_bytes_sum{pipeline_name=\"archv2-nxm\",type=\"destination\"}[2s])/1048576 start:2026-08-02T22:46:30.304Z step:1]" stats="&{Timings:{EvalTotalTime:7.7709e-05 ResultSortTime:6.67e-07 QueryPreparationTime:9.916e-06 InnerEvalTime:6.3083e-05 ExecQueueTime:1.584e-06 ExecTotalTime:8.2417e-05} Samples:0x140013c07b0}" spanID=0000000000000000
time=2026-08-02T15:47:01.306-07:00 level=WARN msg="Query returned multiple series, only first will be used" test=archv2-nxm tool=conduit-v2 collector=conduit type=conduit collector=conduit type=conduit series-count=2
time=2026-08-02T15:47:01.306-07:00 level=DEBUG msg="Query returned data" test=archv2-nxm tool=conduit-v2 collector=conduit type=conduit collector=conduit type=conduit name=msg-megabytes-out-per-second[archv2-nxm] series-count=1 last-value=0.5040378570556641
time=2026-08-02T15:47:01.388-07:00 level=DEBUG msg="Inspecting container" model=container-monitor name=benchi-conduit
time=2026-08-02T15:47:01.908-07:00 level=DEBUG msg="Inspecting container" model=container-monitor name=benchi-conduit
time=2026-08-02T15:47:02.305-07:00 level=DEBUG msg="promql query logged" test=archv2-nxm tool=conduit-v2 collector=conduit type=conduit collector=conduit type=conduit params="map[end:2026-08-02T22:47:02.305Z query:rate(conduit_pipeline_execution_duration_seconds_count{pipeline_name=\"archv2-nxm\"}[2s]) start:2026-08-02T22:46:30.304Z step:1]" stats="&{Timings:{EvalTotalTime:3.3458e-05 ResultSortTime:2.92e-07 QueryPreparationTime:9.417e-06 InnerEvalTime:2.1042e-05 ExecQueueTime:1.542e-06 ExecTotalTime:3.6625e-05} Samples:0x14001620ed0}" spanID=0000000000000000
time=2026-08-02T15:47:02.305-07:00 level=DEBUG msg="Query returned data" test=archv2-nxm tool=conduit-v2 collector=conduit type=conduit collector=conduit type=conduit name=msg-rate-per-second[archv2-nxm] series-count=1 last-value=15576.119402985078
time=2026-08-02T15:47:02.305-07:00 level=DEBUG msg="promql query logged" test=archv2-nxm tool=conduit-v2 collector=conduit type=conduit collector=conduit type=conduit params="map[end:2026-08-02T22:47:02.305Z query:rate(conduit_connector_bytes_sum{pipeline_name=\"archv2-nxm\",type=\"source\"}[2s])/1048576 start:2026-08-02T22:46:30.304Z step:1]" stats="&{Timings:{EvalTotalTime:4.1667e-05 ResultSortTime:5e-07 QueryPreparationTime:4e-06 InnerEvalTime:3.5167e-05 ExecQueueTime:5e-07 ExecTotalTime:4.3125e-05} Samples:0x14001621590}" spanID=0000000000000000
time=2026-08-02T15:47:02.305-07:00 level=WARN msg="Query returned multiple series, only first will be used" test=archv2-nxm tool=conduit-v2 collector=conduit type=conduit collector=conduit type=conduit series-count=2
time=2026-08-02T15:47:02.305-07:00 level=DEBUG msg="Query returned data" test=archv2-nxm tool=conduit-v2 collector=conduit type=conduit collector=conduit type=conduit name=msg-megabytes-in-per-second[archv2-nxm] series-count=1 last-value=0.22012416403091964
time=2026-08-02T15:47:02.305-07:00 level=DEBUG msg="promql query logged" test=archv2-nxm tool=conduit-v2 collector=conduit type=conduit collector=conduit type=conduit params="map[end:2026-08-02T22:47:02.305Z query:rate(conduit_connector_bytes_sum{pipeline_name=\"archv2-nxm\",type=\"destination\"}[2s])/1048576 start:2026-08-02T22:46:30.304Z step:1]" stats="&{Timings:{EvalTotalTime:8.3625e-05 ResultSortTime:7.92e-07 QueryPreparationTime:1.1459e-05 InnerEvalTime:6.4792e-05 ExecQueueTime:1.833e-06 ExecTotalTime:8.7542e-05} Samples:0x140013c1b30}" spanID=0000000000000000
time=2026-08-02T15:47:02.305-07:00 level=WARN msg="Query returned multiple series, only first will be used" test=archv2-nxm tool=conduit-v2 collector=conduit type=conduit collector=conduit type=conduit series-count=2
time=2026-08-02T15:47:02.305-07:00 level=DEBUG msg="Query returned data" test=archv2-nxm tool=conduit-v2 collector=conduit type=conduit collector=conduit type=conduit name=msg-megabytes-out-per-second[archv2-nxm] series-count=1 last-value=0.44036979105935176
time=2026-08-02T15:47:02.421-07:00 level=DEBUG msg="Inspecting container" model=container-monitor name=benchi-conduit
time=2026-08-02T15:47:02.925-07:00 level=DEBUG msg="Inspecting container" model=container-monitor name=benchi-conduit
time=2026-08-02T15:47:03.304-07:00 level=DEBUG msg="promql query logged" test=archv2-nxm tool=conduit-v2 collector=conduit type=conduit collector=conduit type=conduit params="map[end:2026-08-02T22:47:03.304Z query:rate(conduit_pipeline_execution_duration_seconds_count{pipeline_name=\"archv2-nxm\"}[2s]) start:2026-08-02T22:46:30.304Z step:1]" stats="&{Timings:{EvalTotalTime:5.075e-05 ResultSortTime:3.75e-07 QueryPreparationTime:1.5667e-05 InnerEvalTime:3.0458e-05 ExecQueueTime:2.749e-06 ExecTotalTime:5.5208e-05} Samples:0x14001683d70}" spanID=0000000000000000
time=2026-08-02T15:47:03.304-07:00 level=DEBUG msg="Query returned data" test=archv2-nxm tool=conduit-v2 collector=conduit type=conduit collector=conduit type=conduit name=msg-rate-per-second[archv2-nxm] series-count=1 last-value=25780.904522613062
time=2026-08-02T15:47:03.304-07:00 level=DEBUG msg="promql query logged" test=archv2-nxm tool=conduit-v2 collector=conduit type=conduit collector=conduit type=conduit params="map[end:2026-08-02T22:47:03.304Z query:rate(conduit_connector_bytes_sum{pipeline_name=\"archv2-nxm\",type=\"source\"}[2s])/1048576 start:2026-08-02T22:46:30.304Z step:1]" stats="&{Timings:{EvalTotalTime:7.9416e-05 ResultSortTime:8.33e-07 QueryPreparationTime:1.1791e-05 InnerEvalTime:6.3459e-05 ExecQueueTime:8.33e-07 ExecTotalTime:8.325e-05} Samples:0x140017824b0}" spanID=0000000000000000
time=2026-08-02T15:47:03.304-07:00 level=WARN msg="Query returned multiple series, only first will be used" test=archv2-nxm tool=conduit-v2 collector=conduit type=conduit collector=conduit type=conduit series-count=2
time=2026-08-02T15:47:03.304-07:00 level=DEBUG msg="Query returned data" test=archv2-nxm tool=conduit-v2 collector=conduit type=conduit collector=conduit type=conduit name=msg-megabytes-in-per-second[archv2-nxm] series-count=1 last-value=0.36420486680227304
time=2026-08-02T15:47:03.304-07:00 level=DEBUG msg="promql query logged" test=archv2-nxm tool=conduit-v2 collector=conduit type=conduit collector=conduit type=conduit params="map[end:2026-08-02T22:47:03.304Z query:rate(conduit_connector_bytes_sum{pipeline_name=\"archv2-nxm\",type=\"destination\"}[2s])/1048576 start:2026-08-02T22:46:30.304Z step:1]" stats="&{Timings:{EvalTotalTime:5.5916e-05 ResultSortTime:6.25e-07 QueryPreparationTime:8.541e-06 InnerEvalTime:4.4125e-05 ExecQueueTime:1.666e-06 ExecTotalTime:5.8584e-05} Samples:0x140017262a0}" spanID=0000000000000000
time=2026-08-02T15:47:03.304-07:00 level=WARN msg="Query returned multiple series, only first will be used" test=archv2-nxm tool=conduit-v2 collector=conduit type=conduit collector=conduit type=conduit series-count=2
time=2026-08-02T15:47:03.304-07:00 level=DEBUG msg="Query returned data" test=archv2-nxm tool=conduit-v2 collector=conduit type=conduit collector=conduit type=conduit name=msg-megabytes-out-per-second[archv2-nxm] series-count=1 last-value=0.7293825772539454
time=2026-08-02T15:47:03.430-07:00 level=DEBUG msg="Inspecting container" model=container-monitor name=benchi-conduit
time=2026-08-02T15:47:03.954-07:00 level=DEBUG msg="Inspecting container" model=container-monitor name=benchi-conduit
time=2026-08-02T15:47:04.305-07:00 level=DEBUG msg="promql query logged" test=archv2-nxm tool=conduit-v2 collector=conduit type=conduit collector=conduit type=conduit params="map[end:2026-08-02T22:47:04.305Z query:rate(conduit_pipeline_execution_duration_seconds_count{pipeline_name=\"archv2-nxm\"}[2s]) start:2026-08-02T22:46:30.304Z step:1]" stats="&{Timings:{EvalTotalTime:4.0583e-05 ResultSortTime:4.16e-07 QueryPreparationTime:1.1167e-05 InnerEvalTime:2.5917e-05 ExecQueueTime:1.916e-06 ExecTotalTime:4.4333e-05} Samples:0x14001727e00}" spanID=0000000000000000
time=2026-08-02T15:47:04.305-07:00 level=DEBUG msg="Query returned data" test=archv2-nxm tool=conduit-v2 collector=conduit type=conduit collector=conduit type=conduit name=msg-rate-per-second[archv2-nxm] series-count=1 last-value=25825
time=2026-08-02T15:47:04.305-07:00 level=DEBUG msg="promql query logged" test=archv2-nxm tool=conduit-v2 collector=conduit type=conduit collector=conduit type=conduit params="map[end:2026-08-02T22:47:04.305Z query:rate(conduit_connector_bytes_sum{pipeline_name=\"archv2-nxm\",type=\"source\"}[2s])/1048576 start:2026-08-02T22:46:30.304Z step:1]" stats="&{Timings:{EvalTotalTime:4.5792e-05 ResultSortTime:5.42e-07 QueryPreparationTime:4.417e-06 InnerEvalTime:3.8958e-05 ExecQueueTime:8.34e-07 ExecTotalTime:4.75e-05} Samples:0x14001756540}" spanID=0000000000000000
time=2026-08-02T15:47:04.305-07:00 level=WARN msg="Query returned multiple series, only first will be used" test=archv2-nxm tool=conduit-v2 collector=conduit type=conduit collector=conduit type=conduit series-count=2
time=2026-08-02T15:47:04.305-07:00 level=DEBUG msg="Query returned data" test=archv2-nxm tool=conduit-v2 collector=conduit type=conduit collector=conduit type=conduit name=msg-megabytes-in-per-second[archv2-nxm] series-count=1 last-value=0.36357784271240234
time=2026-08-02T15:47:04.305-07:00 level=DEBUG msg="promql query logged" test=archv2-nxm tool=conduit-v2 collector=conduit type=conduit collector=conduit type=conduit params="map[end:2026-08-02T22:47:04.305Z query:rate(conduit_connector_bytes_sum{pipeline_name=\"archv2-nxm\",type=\"destination\"}[2s])/1048576 start:2026-08-02T22:46:30.304Z step:1]" stats="&{Timings:{EvalTotalTime:3.6875e-05 ResultSortTime:1.67e-07 QueryPreparationTime:3.083e-06 InnerEvalTime:3.2e-05 ExecQueueTime:5e-07 ExecTotalTime:3.8208e-05} Samples:0x14001757560}" spanID=0000000000000000
time=2026-08-02T15:47:04.305-07:00 level=WARN msg="Query returned multiple series, only first will be used" test=archv2-nxm tool=conduit-v2 collector=conduit type=conduit collector=conduit type=conduit series-count=2
time=2026-08-02T15:47:04.305-07:00 level=DEBUG msg="Query returned data" test=archv2-nxm tool=conduit-v2 collector=conduit type=conduit collector=conduit type=conduit name=msg-megabytes-out-per-second[archv2-nxm] series-count=1 last-value=0.7303924560546875
time=2026-08-02T15:47:04.465-07:00 level=DEBUG msg="Inspecting container" model=container-monitor name=benchi-conduit
time=2026-08-02T15:47:04.977-07:00 level=DEBUG msg="Inspecting container" model=container-monitor name=benchi-conduit
time=2026-08-02T15:47:05.304-07:00 level=INFO msg="Test in progress" test=archv2-nxm tool=conduit-v2 step=test time-left=25s
time=2026-08-02T15:47:05.304-07:00 level=DEBUG msg="promql query logged" test=archv2-nxm tool=conduit-v2 collector=conduit type=conduit collector=conduit type=conduit params="map[end:2026-08-02T22:47:05.304Z query:rate(conduit_pipeline_execution_duration_seconds_count{pipeline_name=\"archv2-nxm\"}[2s]) start:2026-08-02T22:46:30.304Z step:1]" stats="&{Timings:{EvalTotalTime:5.2792e-05 ResultSortTime:3.75e-07 QueryPreparationTime:1.4291e-05 InnerEvalTime:3.3458e-05 ExecQueueTime:2.459e-06 ExecTotalTime:5.8417e-05} Samples:0x1400177af30}" spanID=0000000000000000
time=2026-08-02T15:47:05.304-07:00 level=DEBUG msg="Query returned data" test=archv2-nxm tool=conduit-v2 collector=conduit type=conduit collector=conduit type=conduit name=msg-rate-per-second[archv2-nxm] series-count=1 last-value=19050
time=2026-08-02T15:47:05.304-07:00 level=DEBUG msg="promql query logged" test=archv2-nxm tool=conduit-v2 collector=conduit type=conduit collector=conduit type=conduit params="map[end:2026-08-02T22:47:05.304Z query:rate(conduit_connector_bytes_sum{pipeline_name=\"archv2-nxm\",type=\"source\"}[2s])/1048576 start:2026-08-02T22:46:30.304Z step:1]" stats="&{Timings:{EvalTotalTime:0.000106875 ResultSortTime:8.34e-07 QueryPreparationTime:6.125e-06 InnerEvalTime:9.6292e-05 ExecQueueTime:7.51e-07 ExecTotalTime:0.000109417} Samples:0x1400177b650}" spanID=0000000000000000
time=2026-08-02T15:47:05.304-07:00 level=WARN msg="Query returned multiple series, only first will be used" test=archv2-nxm tool=conduit-v2 collector=conduit type=conduit collector=conduit type=conduit series-count=2
time=2026-08-02T15:47:05.304-07:00 level=DEBUG msg="Query returned data" test=archv2-nxm tool=conduit-v2 collector=conduit type=conduit collector=conduit type=conduit name=msg-megabytes-in-per-second[archv2-nxm] series-count=1 last-value=0.26946353912353516
time=2026-08-02T15:47:05.304-07:00 level=DEBUG msg="promql query logged" test=archv2-nxm tool=conduit-v2 collector=conduit type=conduit collector=conduit type=conduit params="map[end:2026-08-02T22:47:05.304Z query:rate(conduit_connector_bytes_sum{pipeline_name=\"archv2-nxm\",type=\"destination\"}[2s])/1048576 start:2026-08-02T22:46:30.304Z step:1]" stats="&{Timings:{EvalTotalTime:7.325e-05 ResultSortTime:4.58e-07 QueryPreparationTime:8.5e-06 InnerEvalTime:6.0666e-05 ExecQueueTime:1.084e-06 ExecTotalTime:7.6166e-05} Samples:0x14001863bc0}" spanID=0000000000000000
time=2026-08-02T15:47:05.304-07:00 level=WARN msg="Query returned multiple series, only first will be used" test=archv2-nxm tool=conduit-v2 collector=conduit type=conduit collector=conduit type=conduit series-count=2
time=2026-08-02T15:47:05.304-07:00 level=DEBUG msg="Query returned data" test=archv2-nxm tool=conduit-v2 collector=conduit type=conduit collector=conduit type=conduit name=msg-megabytes-out-per-second[archv2-nxm] series-count=1 last-value=0.5383119583129883
time=2026-08-02T15:47:05.504-07:00 level=DEBUG msg="Inspecting container" model=container-monitor name=benchi-conduit
time=2026-08-02T15:47:06.009-07:00 level=DEBUG msg="Inspecting container" model=container-monitor name=benchi-conduit
time=2026-08-02T15:47:06.304-07:00 level=DEBUG msg="promql query logged" test=archv2-nxm tool=conduit-v2 collector=conduit type=conduit collector=conduit type=conduit params="map[end:2026-08-02T22:47:06.304Z query:rate(conduit_pipeline_execution_duration_seconds_count{pipeline_name=\"archv2-nxm\"}[2s]) start:2026-08-02T22:46:30.304Z step:1]" stats="&{Timings:{EvalTotalTime:6.4958e-05 ResultSortTime:5e-07 QueryPreparationTime:1.7875e-05 InnerEvalTime:4.1083e-05 ExecQueueTime:3.084e-06 ExecTotalTime:6.9792e-05} Samples:0x1400168f470}" spanID=0000000000000000
time=2026-08-02T15:47:06.304-07:00 level=DEBUG msg="Query returned data" test=archv2-nxm tool=conduit-v2 collector=conduit type=conduit collector=conduit type=conduit name=msg-rate-per-second[archv2-nxm] series-count=1 last-value=16829
time=2026-08-02T15:47:06.305-07:00 level=DEBUG msg="promql query logged" test=archv2-nxm tool=conduit-v2 collector=conduit type=conduit collector=conduit type=conduit params="map[end:2026-08-02T22:47:06.304Z query:rate(conduit_connector_bytes_sum{pipeline_name=\"archv2-nxm\",type=\"source\"}[2s])/1048576 start:2026-08-02T22:46:30.304Z step:1]" stats="&{Timings:{EvalTotalTime:0.00025225 ResultSortTime:1.125e-06 QueryPreparationTime:4.4292e-05 InnerEvalTime:0.000199458 ExecQueueTime:7.91e-07 ExecTotalTime:0.000255791} Samples:0x1400168fb60}" spanID=0000000000000000
time=2026-08-02T15:47:06.305-07:00 level=WARN msg="Query returned multiple series, only first will be used" test=archv2-nxm tool=conduit-v2 collector=conduit type=conduit collector=conduit type=conduit series-count=2
time=2026-08-02T15:47:06.305-07:00 level=DEBUG msg="Query returned data" test=archv2-nxm tool=conduit-v2 collector=conduit type=conduit collector=conduit type=conduit name=msg-megabytes-in-per-second[archv2-nxm] series-count=1 last-value=0.23856449127197266
time=2026-08-02T15:47:06.305-07:00 level=DEBUG msg="promql query logged" test=archv2-nxm tool=conduit-v2 collector=conduit type=conduit collector=conduit type=conduit params="map[end:2026-08-02T22:47:06.305Z query:rate(conduit_connector_bytes_sum{pipeline_name=\"archv2-nxm\",type=\"destination\"}[2s])/1048576 start:2026-08-02T22:46:30.304Z step:1]" stats="&{Timings:{EvalTotalTime:9.325e-05 ResultSortTime:5e-07 QueryPreparationTime:1.2584e-05 InnerEvalTime:7.5834e-05 ExecQueueTime:1.209e-06 ExecTotalTime:9.6875e-05} Samples:0x1400066c900}" spanID=0000000000000000
time=2026-08-02T15:47:06.305-07:00 level=WARN msg="Query returned multiple series, only first will be used" test=archv2-nxm tool=conduit-v2 collector=conduit type=conduit collector=conduit type=conduit series-count=2
time=2026-08-02T15:47:06.305-07:00 level=DEBUG msg="Query returned data" test=archv2-nxm tool=conduit-v2 collector=conduit type=conduit collector=conduit type=conduit name=msg-megabytes-out-per-second[archv2-nxm] series-count=1 last-value=0.47568798065185547
time=2026-08-02T15:47:06.515-07:00 level=DEBUG msg="Inspecting container" model=container-monitor name=benchi-conduit
time=2026-08-02T15:47:07.045-07:00 level=DEBUG msg="Inspecting container" model=container-monitor name=benchi-conduit
time=2026-08-02T15:47:07.305-07:00 level=DEBUG msg="promql query logged" test=archv2-nxm tool=conduit-v2 collector=conduit type=conduit collector=conduit type=conduit params="map[end:2026-08-02T22:47:07.305Z query:rate(conduit_pipeline_execution_duration_seconds_count{pipeline_name=\"archv2-nxm\"}[2s]) start:2026-08-02T22:46:30.304Z step:1]" stats="&{Timings:{EvalTotalTime:7.7708e-05 ResultSortTime:5e-07 QueryPreparationTime:1.6333e-05 InnerEvalTime:5.3708e-05 ExecQueueTime:2.708e-06 ExecTotalTime:8.3125e-05} Samples:0x14001472750}" spanID=0000000000000000
time=2026-08-02T15:47:07.305-07:00 level=DEBUG msg="Query returned data" test=archv2-nxm tool=conduit-v2 collector=conduit type=conduit collector=conduit type=conduit name=msg-rate-per-second[archv2-nxm] series-count=1 last-value=17857
time=2026-08-02T15:47:07.305-07:00 level=DEBUG msg="promql query logged" test=archv2-nxm tool=conduit-v2 collector=conduit type=conduit collector=conduit type=conduit params="map[end:2026-08-02T22:47:07.305Z query:rate(conduit_connector_bytes_sum{pipeline_name=\"archv2-nxm\",type=\"source\"}[2s])/1048576 start:2026-08-02T22:46:30.304Z step:1]" stats="&{Timings:{EvalTotalTime:8.85e-05 ResultSortTime:1.042e-06 QueryPreparationTime:1.0667e-05 InnerEvalTime:7.1084e-05 ExecQueueTime:1.583e-06 ExecTotalTime:9.2375e-05} Samples:0x14001472e70}" spanID=0000000000000000
time=2026-08-02T15:47:07.305-07:00 level=WARN msg="Query returned multiple series, only first will be used" test=archv2-nxm tool=conduit-v2 collector=conduit type=conduit collector=conduit type=conduit series-count=2
time=2026-08-02T15:47:07.305-07:00 level=DEBUG msg="Query returned data" test=archv2-nxm tool=conduit-v2 collector=conduit type=conduit collector=conduit type=conduit name=msg-megabytes-in-per-second[archv2-nxm] series-count=1 last-value=0.25403499603271484
time=2026-08-02T15:47:07.306-07:00 level=DEBUG msg="promql query logged" test=archv2-nxm tool=conduit-v2 collector=conduit type=conduit collector=conduit type=conduit params="map[end:2026-08-02T22:47:07.306Z query:rate(conduit_connector_bytes_sum{pipeline_name=\"archv2-nxm\",type=\"destination\"}[2s])/1048576 start:2026-08-02T22:46:30.304Z step:1]" stats="&{Timings:{EvalTotalTime:9.8417e-05 ResultSortTime:5e-07 QueryPreparationTime:8.292e-06 InnerEvalTime:8.4333e-05 ExecQueueTime:7.041e-06 ExecTotalTime:0.000107875} Samples:0x140017257a0}" spanID=0000000000000000
time=2026-08-02T15:47:07.310-07:00 level=WARN msg="Query returned multiple series, only first will be used" test=archv2-nxm tool=conduit-v2 collector=conduit type=conduit collector=conduit type=conduit series-count=2
time=2026-08-02T15:47:07.310-07:00 level=DEBUG msg="Query returned data" test=archv2-nxm tool=conduit-v2 collector=conduit type=conduit collector=conduit type=conduit name=msg-megabytes-out-per-second[archv2-nxm] series-count=1 last-value=0.5046405792236328
time=2026-08-02T15:47:07.584-07:00 level=DEBUG msg="Inspecting container" model=container-monitor name=benchi-conduit
time=2026-08-02T15:47:08.112-07:00 level=DEBUG msg="Inspecting container" model=container-monitor name=benchi-conduit
time=2026-08-02T15:47:08.304-07:00 level=DEBUG msg="promql query logged" test=archv2-nxm tool=conduit-v2 collector=conduit type=conduit collector=conduit type=conduit params="map[end:2026-08-02T22:47:08.304Z query:rate(conduit_pipeline_execution_duration_seconds_count{pipeline_name=\"archv2-nxm\"}[2s]) start:2026-08-02T22:46:30.304Z step:1]" stats="&{Timings:{EvalTotalTime:5.1916e-05 ResultSortTime:2.5e-07 QueryPreparationTime:1.4375e-05 InnerEvalTime:3.2416e-05 ExecQueueTime:2.5e-06 ExecTotalTime:5.625e-05} Samples:0x14000abb3e0}" spanID=0000000000000000
time=2026-08-02T15:47:08.304-07:00 level=DEBUG msg="Query returned data" test=archv2-nxm tool=conduit-v2 collector=conduit type=conduit collector=conduit type=conduit name=msg-rate-per-second[archv2-nxm] series-count=1 last-value=17353
time=2026-08-02T15:47:08.304-07:00 level=DEBUG msg="promql query logged" test=archv2-nxm tool=conduit-v2 collector=conduit type=conduit collector=conduit type=conduit params="map[end:2026-08-02T22:47:08.304Z query:rate(conduit_connector_bytes_sum{pipeline_name=\"archv2-nxm\",type=\"source\"}[2s])/1048576 start:2026-08-02T22:46:30.304Z step:1]" stats="&{Timings:{EvalTotalTime:7.3208e-05 ResultSortTime:6.66e-07 QueryPreparationTime:6.542e-06 InnerEvalTime:6.2541e-05 ExecQueueTime:7.5e-07 ExecTotalTime:7.55e-05} Samples:0x14000abbaa0}" spanID=0000000000000000
time=2026-08-02T15:47:08.304-07:00 level=WARN msg="Query returned multiple series, only first will be used" test=archv2-nxm tool=conduit-v2 collector=conduit type=conduit collector=conduit type=conduit series-count=2
time=2026-08-02T15:47:08.304-07:00 level=DEBUG msg="Query returned data" test=archv2-nxm tool=conduit-v2 collector=conduit type=conduit collector=conduit type=conduit name=msg-megabytes-in-per-second[archv2-nxm] series-count=1 last-value=0.24574851989746094
time=2026-08-02T15:47:08.304-07:00 level=DEBUG msg="promql query logged" test=archv2-nxm tool=conduit-v2 collector=conduit type=conduit collector=conduit type=conduit params="map[end:2026-08-02T22:47:08.304Z query:rate(conduit_connector_bytes_sum{pipeline_name=\"archv2-nxm\",type=\"destination\"}[2s])/1048576 start:2026-08-02T22:46:30.304Z step:1]" stats="&{Timings:{EvalTotalTime:7.8292e-05 ResultSortTime:4.58e-07 QueryPreparationTime:7.042e-06 InnerEvalTime:6.7333e-05 ExecQueueTime:1.042e-06 ExecTotalTime:8.1167e-05} Samples:0x140013ce180}" spanID=0000000000000000
time=2026-08-02T15:47:08.304-07:00 level=WARN msg="Query returned multiple series, only first will be used" test=archv2-nxm tool=conduit-v2 collector=conduit type=conduit collector=conduit type=conduit series-count=2
time=2026-08-02T15:47:08.304-07:00 level=DEBUG msg="Query returned data" test=archv2-nxm tool=conduit-v2 collector=conduit type=conduit collector=conduit type=conduit name=msg-megabytes-out-per-second[archv2-nxm] series-count=1 last-value=0.4917917251586914
time=2026-08-02T15:47:08.637-07:00 level=DEBUG msg="Inspecting container" model=container-monitor name=benchi-conduit
time=2026-08-02T15:47:09.148-07:00 level=DEBUG msg="Inspecting container" model=container-monitor name=benchi-conduit
time=2026-08-02T15:47:09.305-07:00 level=DEBUG msg="promql query logged" test=archv2-nxm tool=conduit-v2 collector=conduit type=conduit collector=conduit type=conduit params="map[end:2026-08-02T22:47:09.305Z query:rate(conduit_pipeline_execution_duration_seconds_count{pipeline_name=\"archv2-nxm\"}[2s]) start:2026-08-02T22:46:30.304Z step:1]" stats="&{Timings:{EvalTotalTime:5.0167e-05 ResultSortTime:3.75e-07 QueryPreparationTime:1.3167e-05 InnerEvalTime:3.2208e-05 ExecQueueTime:2.292e-06 ExecTotalTime:5.4542e-05} Samples:0x140013ae810}" spanID=0000000000000000
time=2026-08-02T15:47:09.305-07:00 level=DEBUG msg="Query returned data" test=archv2-nxm tool=conduit-v2 collector=conduit type=conduit collector=conduit type=conduit name=msg-rate-per-second[archv2-nxm] series-count=1 last-value=16281
time=2026-08-02T15:47:09.305-07:00 level=DEBUG msg="promql query logged" test=archv2-nxm tool=conduit-v2 collector=conduit type=conduit collector=conduit type=conduit params="map[end:2026-08-02T22:47:09.305Z query:rate(conduit_connector_bytes_sum{pipeline_name=\"archv2-nxm\",type=\"source\"}[2s])/1048576 start:2026-08-02T22:46:30.304Z step:1]" stats="&{Timings:{EvalTotalTime:7.2917e-05 ResultSortTime:6.66e-07 QueryPreparationTime:6.125e-06 InnerEvalTime:6.3041e-05 ExecQueueTime:7.92e-07 ExecTotalTime:7.5208e-05} Samples:0x140013aeed0}" spanID=0000000000000000
time=2026-08-02T15:47:09.305-07:00 level=WARN msg="Query returned multiple series, only first will be used" test=archv2-nxm tool=conduit-v2 collector=conduit type=conduit collector=conduit type=conduit series-count=2
time=2026-08-02T15:47:09.305-07:00 level=DEBUG msg="Query returned data" test=archv2-nxm tool=conduit-v2 collector=conduit type=conduit collector=conduit type=conduit name=msg-megabytes-in-per-second[archv2-nxm] series-count=1 last-value=0.23212718963623047
time=2026-08-02T15:47:09.305-07:00 level=DEBUG msg="promql query logged" test=archv2-nxm tool=conduit-v2 collector=conduit type=conduit collector=conduit type=conduit params="map[end:2026-08-02T22:47:09.305Z query:rate(conduit_connector_bytes_sum{pipeline_name=\"archv2-nxm\",type=\"destination\"}[2s])/1048576 start:2026-08-02T22:46:30.304Z step:1]" stats="&{Timings:{EvalTotalTime:8.2125e-05 ResultSortTime:5e-07 QueryPreparationTime:1.025e-05 InnerEvalTime:6.75e-05 ExecQueueTime:1.209e-06 ExecTotalTime:8.5542e-05} Samples:0x140014dc330}" spanID=0000000000000000
time=2026-08-02T15:47:09.305-07:00 level=WARN msg="Query returned multiple series, only first will be used" test=archv2-nxm tool=conduit-v2 collector=conduit type=conduit collector=conduit type=conduit series-count=2
time=2026-08-02T15:47:09.305-07:00 level=DEBUG msg="Query returned data" test=archv2-nxm tool=conduit-v2 collector=conduit type=conduit collector=conduit type=conduit name=msg-megabytes-out-per-second[archv2-nxm] series-count=1 last-value=0.4599189758300781
time=2026-08-02T15:47:09.662-07:00 level=DEBUG msg="Inspecting container" model=container-monitor name=benchi-conduit
time=2026-08-02T15:47:10.201-07:00 level=DEBUG msg="Inspecting container" model=container-monitor name=benchi-conduit
time=2026-08-02T15:47:10.305-07:00 level=INFO msg="Test in progress" test=archv2-nxm tool=conduit-v2 step=test time-left=20s
time=2026-08-02T15:47:10.305-07:00 level=DEBUG msg="promql query logged" test=archv2-nxm tool=conduit-v2 collector=conduit type=conduit collector=conduit type=conduit params="map[end:2026-08-02T22:47:10.305Z query:rate(conduit_pipeline_execution_duration_seconds_count{pipeline_name=\"archv2-nxm\"}[2s]) start:2026-08-02T22:46:30.304Z step:1]" stats="&{Timings:{EvalTotalTime:5.1375e-05 ResultSortTime:3.75e-07 QueryPreparationTime:1.3959e-05 InnerEvalTime:3.2708e-05 ExecQueueTime:2.125e-06 ExecTotalTime:5.55e-05} Samples:0x1400154f5c0}" spanID=0000000000000000
time=2026-08-02T15:47:10.305-07:00 level=DEBUG msg="Query returned data" test=archv2-nxm tool=conduit-v2 collector=conduit type=conduit collector=conduit type=conduit name=msg-rate-per-second[archv2-nxm] series-count=1 last-value=17099
time=2026-08-02T15:47:10.305-07:00 level=DEBUG msg="promql query logged" test=archv2-nxm tool=conduit-v2 collector=conduit type=conduit collector=conduit type=conduit params="map[end:2026-08-02T22:47:10.305Z query:rate(conduit_connector_bytes_sum{pipeline_name=\"archv2-nxm\",type=\"source\"}[2s])/1048576 start:2026-08-02T22:46:30.304Z step:1]" stats="&{Timings:{EvalTotalTime:7.6041e-05 ResultSortTime:6.67e-07 QueryPreparationTime:5.208e-06 InnerEvalTime:6.7125e-05 ExecQueueTime:6.67e-07 ExecTotalTime:7.8541e-05} Samples:0x1400154fc80}" spanID=0000000000000000
time=2026-08-02T15:47:10.305-07:00 level=WARN msg="Query returned multiple series, only first will be used" test=archv2-nxm tool=conduit-v2 collector=conduit type=conduit collector=conduit type=conduit series-count=2
time=2026-08-02T15:47:10.305-07:00 level=DEBUG msg="Query returned data" test=archv2-nxm tool=conduit-v2 collector=conduit type=conduit collector=conduit type=conduit name=msg-megabytes-in-per-second[archv2-nxm] series-count=1 last-value=0.243988037109375
time=2026-08-02T15:47:10.305-07:00 level=DEBUG msg="promql query logged" test=archv2-nxm tool=conduit-v2 collector=conduit type=conduit collector=conduit type=conduit params="map[end:2026-08-02T22:47:10.305Z query:rate(conduit_connector_bytes_sum{pipeline_name=\"archv2-nxm\",type=\"destination\"}[2s])/1048576 start:2026-08-02T22:46:30.304Z step:1]" stats="&{Timings:{EvalTotalTime:6.9208e-05 ResultSortTime:3.75e-07 QueryPreparationTime:6.959e-06 InnerEvalTime:5.7834e-05 ExecQueueTime:7.5e-07 ExecTotalTime:7.1542e-05} Samples:0x14001620720}" spanID=0000000000000000
time=2026-08-02T15:47:10.305-07:00 level=WARN msg="Query returned multiple series, only first will be used" test=archv2-nxm tool=conduit-v2 collector=conduit type=conduit collector=conduit type=conduit series-count=2
time=2026-08-02T15:47:10.305-07:00 level=DEBUG msg="Query returned data" test=archv2-nxm tool=conduit-v2 collector=conduit type=conduit collector=conduit type=conduit name=msg-megabytes-out-per-second[archv2-nxm] series-count=1 last-value=0.4818115234375
time=2026-08-02T15:47:10.706-07:00 level=DEBUG msg="Inspecting container" model=container-monitor name=benchi-conduit
time=2026-08-02T15:47:11.221-07:00 level=DEBUG msg="Inspecting container" model=container-monitor name=benchi-conduit
time=2026-08-02T15:47:11.306-07:00 level=DEBUG msg="promql query logged" test=archv2-nxm tool=conduit-v2 collector=conduit type=conduit collector=conduit type=conduit params="map[end:2026-08-02T22:47:11.305Z query:rate(conduit_pipeline_execution_duration_seconds_count{pipeline_name=\"archv2-nxm\"}[2s]) start:2026-08-02T22:46:30.304Z step:1]" stats="&{Timings:{EvalTotalTime:5.7458e-05 ResultSortTime:4.17e-07 QueryPreparationTime:1.6625e-05 InnerEvalTime:3.525e-05 ExecQueueTime:2.208e-06 ExecTotalTime:6.1959e-05} Samples:0x14001683aa0}" spanID=0000000000000000
time=2026-08-02T15:47:11.306-07:00 level=DEBUG msg="Query returned data" test=archv2-nxm tool=conduit-v2 collector=conduit type=conduit collector=conduit type=conduit name=msg-rate-per-second[archv2-nxm] series-count=1 last-value=17609
time=2026-08-02T15:47:11.306-07:00 level=DEBUG msg="promql query logged" test=archv2-nxm tool=conduit-v2 collector=conduit type=conduit collector=conduit type=conduit params="map[end:2026-08-02T22:47:11.306Z query:rate(conduit_connector_bytes_sum{pipeline_name=\"archv2-nxm\",type=\"source\"}[2s])/1048576 start:2026-08-02T22:46:30.304Z step:1]" stats="&{Timings:{EvalTotalTime:0.00011875 ResultSortTime:8.75e-07 QueryPreparationTime:1.6459e-05 InnerEvalTime:7.7125e-05 ExecQueueTime:1.75e-06 ExecTotalTime:0.000122459} Samples:0x14001782360}" spanID=0000000000000000
time=2026-08-02T15:47:11.306-07:00 level=WARN msg="Query returned multiple series, only first will be used" test=archv2-nxm tool=conduit-v2 collector=conduit type=conduit collector=conduit type=conduit series-count=2
time=2026-08-02T15:47:11.306-07:00 level=DEBUG msg="Query returned data" test=archv2-nxm tool=conduit-v2 collector=conduit type=conduit collector=conduit type=conduit name=msg-megabytes-in-per-second[archv2-nxm] series-count=1 last-value=0.2484893798828125
time=2026-08-02T15:47:11.307-07:00 level=DEBUG msg="promql query logged" test=archv2-nxm tool=conduit-v2 collector=conduit type=conduit collector=conduit type=conduit params="map[end:2026-08-02T22:47:11.306Z query:rate(conduit_connector_bytes_sum{pipeline_name=\"archv2-nxm\",type=\"destination\"}[2s])/1048576 start:2026-08-02T22:46:30.304Z step:1]" stats="&{Timings:{EvalTotalTime:7.2417e-05 ResultSortTime:4.59e-07 QueryPreparationTime:7.5e-06 InnerEvalTime:6.125e-05 ExecQueueTime:9.58e-07 ExecTotalTime:7.5125e-05} Samples:0x14001783560}" spanID=0000000000000000
time=2026-08-02T15:47:11.307-07:00 level=WARN msg="Query returned multiple series, only first will be used" test=archv2-nxm tool=conduit-v2 collector=conduit type=conduit collector=conduit type=conduit series-count=2
time=2026-08-02T15:47:11.307-07:00 level=DEBUG msg="Query returned data" test=archv2-nxm tool=conduit-v2 collector=conduit type=conduit collector=conduit type=conduit name=msg-megabytes-out-per-second[archv2-nxm] series-count=1 last-value=0.4970970153808594
time=2026-08-02T15:47:11.733-07:00 level=DEBUG msg="Inspecting container" model=container-monitor name=benchi-conduit
time=2026-08-02T15:47:12.236-07:00 level=DEBUG msg="Inspecting container" model=container-monitor name=benchi-conduit
time=2026-08-02T15:47:12.304-07:00 level=DEBUG msg="promql query logged" test=archv2-nxm tool=conduit-v2 collector=conduit type=conduit collector=conduit type=conduit params="map[end:2026-08-02T22:47:12.304Z query:rate(conduit_pipeline_execution_duration_seconds_count{pipeline_name=\"archv2-nxm\"}[2s]) start:2026-08-02T22:46:30.304Z step:1]" stats="&{Timings:{EvalTotalTime:5.6417e-05 ResultSortTime:3.33e-07 QueryPreparationTime:1.5291e-05 InnerEvalTime:3.4959e-05 ExecQueueTime:2.917e-06 ExecTotalTime:6.1542e-05} Samples:0x140017570e0}" spanID=0000000000000000
time=2026-08-02T15:47:12.304-07:00 level=DEBUG msg="Query returned data" test=archv2-nxm tool=conduit-v2 collector=conduit type=conduit collector=conduit type=conduit name=msg-rate-per-second[archv2-nxm] series-count=1 last-value=18730
time=2026-08-02T15:47:12.304-07:00 level=DEBUG msg="promql query logged" test=archv2-nxm tool=conduit-v2 collector=conduit type=conduit collector=conduit type=conduit params="map[end:2026-08-02T22:47:12.304Z query:rate(conduit_connector_bytes_sum{pipeline_name=\"archv2-nxm\",type=\"source\"}[2s])/1048576 start:2026-08-02T22:46:30.304Z step:1]" stats="&{Timings:{EvalTotalTime:8.8458e-05 ResultSortTime:7.92e-07 QueryPreparationTime:9.417e-06 InnerEvalTime:7.3875e-05 ExecQueueTime:1.291e-06 ExecTotalTime:9.1584e-05} Samples:0x14001757860}" spanID=0000000000000000
time=2026-08-02T15:47:12.304-07:00 level=WARN msg="Query returned multiple series, only first will be used" test=archv2-nxm tool=conduit-v2 collector=conduit type=conduit collector=conduit type=conduit series-count=2
time=2026-08-02T15:47:12.304-07:00 level=DEBUG msg="Query returned data" test=archv2-nxm tool=conduit-v2 collector=conduit type=conduit collector=conduit type=conduit name=msg-megabytes-in-per-second[archv2-nxm] series-count=1 last-value=0.2633819580078125
time=2026-08-02T15:47:12.304-07:00 level=DEBUG msg="promql query logged" test=archv2-nxm tool=conduit-v2 collector=conduit type=conduit collector=conduit type=conduit params="map[end:2026-08-02T22:47:12.304Z query:rate(conduit_connector_bytes_sum{pipeline_name=\"archv2-nxm\",type=\"destination\"}[2s])/1048576 start:2026-08-02T22:46:30.304Z step:1]" stats="&{Timings:{EvalTotalTime:8.7667e-05 ResultSortTime:6.66e-07 QueryPreparationTime:9.333e-06 InnerEvalTime:7.3333e-05 ExecQueueTime:1.209e-06 ExecTotalTime:9.075e-05} Samples:0x140012c92f0}" spanID=0000000000000000
time=2026-08-02T15:47:12.305-07:00 level=WARN msg="Query returned multiple series, only first will be used" test=archv2-nxm tool=conduit-v2 collector=conduit type=conduit collector=conduit type=conduit series-count=2
time=2026-08-02T15:47:12.305-07:00 level=DEBUG msg="Query returned data" test=archv2-nxm tool=conduit-v2 collector=conduit type=conduit collector=conduit type=conduit name=msg-megabytes-out-per-second[archv2-nxm] series-count=1 last-value=0.5289554595947266
time=2026-08-02T15:47:12.741-07:00 level=DEBUG msg="Inspecting container" model=container-monitor name=benchi-conduit
time=2026-08-02T15:47:13.259-07:00 level=DEBUG msg="Inspecting container" model=container-monitor name=benchi-conduit
time=2026-08-02T15:47:13.304-07:00 level=DEBUG msg="promql query logged" test=archv2-nxm tool=conduit-v2 collector=conduit type=conduit collector=conduit type=conduit params="map[end:2026-08-02T22:47:13.304Z query:rate(conduit_pipeline_execution_duration_seconds_count{pipeline_name=\"archv2-nxm\"}[2s]) start:2026-08-02T22:46:30.304Z step:1]" stats="&{Timings:{EvalTotalTime:5.7417e-05 ResultSortTime:5e-07 QueryPreparationTime:1.4792e-05 InnerEvalTime:3.7625e-05 ExecQueueTime:2.042e-06 ExecTotalTime:6.1834e-05} Samples:0x14001492ae0}" spanID=0000000000000000
time=2026-08-02T15:47:13.304-07:00 level=DEBUG msg="Query returned data" test=archv2-nxm tool=conduit-v2 collector=conduit type=conduit collector=conduit type=conduit name=msg-rate-per-second[archv2-nxm] series-count=1 last-value=18154
time=2026-08-02T15:47:13.304-07:00 level=DEBUG msg="promql query logged" test=archv2-nxm tool=conduit-v2 collector=conduit type=conduit collector=conduit type=conduit params="map[end:2026-08-02T22:47:13.304Z query:rate(conduit_connector_bytes_sum{pipeline_name=\"archv2-nxm\",type=\"source\"}[2s])/1048576 start:2026-08-02T22:46:30.304Z step:1]" stats="&{Timings:{EvalTotalTime:7.75e-05 ResultSortTime:7.91e-07 QueryPreparationTime:6.083e-06 InnerEvalTime:6.7292e-05 ExecQueueTime:7.08e-07 ExecTotalTime:8.0042e-05} Samples:0x140014931a0}" spanID=0000000000000000
time=2026-08-02T15:47:13.304-07:00 level=WARN msg="Query returned multiple series, only first will be used" test=archv2-nxm tool=conduit-v2 collector=conduit type=conduit collector=conduit type=conduit series-count=2
time=2026-08-02T15:47:13.305-07:00 level=DEBUG msg="Query returned data" test=archv2-nxm tool=conduit-v2 collector=conduit type=conduit collector=conduit type=conduit name=msg-megabytes-in-per-second[archv2-nxm] series-count=1 last-value=0.2561960220336914
time=2026-08-02T15:47:13.305-07:00 level=DEBUG msg="promql query logged" test=archv2-nxm tool=conduit-v2 collector=conduit type=conduit collector=conduit type=conduit params="map[end:2026-08-02T22:47:13.305Z query:rate(conduit_connector_bytes_sum{pipeline_name=\"archv2-nxm\",type=\"destination\"}[2s])/1048576 start:2026-08-02T22:46:30.304Z step:1]" stats="&{Timings:{EvalTotalTime:7.1125e-05 ResultSortTime:3.34e-07 QueryPreparationTime:5.833e-06 InnerEvalTime:6.1542e-05 ExecQueueTime:1.75e-06 ExecTotalTime:7.4334e-05} Samples:0x140014b2480}" spanID=0000000000000000
time=2026-08-02T15:47:13.305-07:00 level=WARN msg="Query returned multiple series, only first will be used" test=archv2-nxm tool=conduit-v2 collector=conduit type=conduit collector=conduit type=conduit series-count=2
time=2026-08-02T15:47:13.305-07:00 level=DEBUG msg="Query returned data" test=archv2-nxm tool=conduit-v2 collector=conduit type=conduit collector=conduit type=conduit name=msg-megabytes-out-per-second[archv2-nxm] series-count=1 last-value=0.5132608413696289
time=2026-08-02T15:47:13.770-07:00 level=DEBUG msg="Inspecting container" model=container-monitor name=benchi-conduit
time=2026-08-02T15:47:14.275-07:00 level=DEBUG msg="Inspecting container" model=container-monitor name=benchi-conduit
time=2026-08-02T15:47:14.305-07:00 level=DEBUG msg="promql query logged" test=archv2-nxm tool=conduit-v2 collector=conduit type=conduit collector=conduit type=conduit params="map[end:2026-08-02T22:47:14.305Z query:rate(conduit_pipeline_execution_duration_seconds_count{pipeline_name=\"archv2-nxm\"}[2s]) start:2026-08-02T22:46:30.304Z step:1]" stats="&{Timings:{EvalTotalTime:6.2167e-05 ResultSortTime:4.58e-07 QueryPreparationTime:1.7583e-05 InnerEvalTime:3.825e-05 ExecQueueTime:2.458e-06 ExecTotalTime:6.7084e-05} Samples:0x14001415a10}" spanID=0000000000000000
time=2026-08-02T15:47:14.305-07:00 level=DEBUG msg="Query returned data" test=archv2-nxm tool=conduit-v2 collector=conduit type=conduit collector=conduit type=conduit name=msg-rate-per-second[archv2-nxm] series-count=1 last-value=18835
time=2026-08-02T15:47:14.305-07:00 level=DEBUG msg="promql query logged" test=archv2-nxm tool=conduit-v2 collector=conduit type=conduit collector=conduit type=conduit params="map[end:2026-08-02T22:47:14.305Z query:rate(conduit_connector_bytes_sum{pipeline_name=\"archv2-nxm\",type=\"source\"}[2s])/1048576 start:2026-08-02T22:46:30.304Z step:1]" stats="&{Timings:{EvalTotalTime:0.000114667 ResultSortTime:1e-06 QueryPreparationTime:8.167e-06 InnerEvalTime:9.9333e-05 ExecQueueTime:1.166e-06 ExecTotalTime:0.000118125} Samples:0x1400143a150}" spanID=0000000000000000
time=2026-08-02T15:47:14.305-07:00 level=WARN msg="Query returned multiple series, only first will be used" test=archv2-nxm tool=conduit-v2 collector=conduit type=conduit collector=conduit type=conduit series-count=2
time=2026-08-02T15:47:14.305-07:00 level=DEBUG msg="Query returned data" test=archv2-nxm tool=conduit-v2 collector=conduit type=conduit collector=conduit type=conduit name=msg-megabytes-in-per-second[archv2-nxm] series-count=1 last-value=0.26492977142333984
time=2026-08-02T15:47:14.305-07:00 level=DEBUG msg="promql query logged" test=archv2-nxm tool=conduit-v2 collector=conduit type=conduit collector=conduit type=conduit params="map[end:2026-08-02T22:47:14.305Z query:rate(conduit_connector_bytes_sum{pipeline_name=\"archv2-nxm\",type=\"destination\"}[2s])/1048576 start:2026-08-02T22:46:30.304Z step:1]" stats="&{Timings:{EvalTotalTime:9.1666e-05 ResultSortTime:9.58e-07 QueryPreparationTime:1.0167e-05 InnerEvalTime:7.6167e-05 ExecQueueTime:1.209e-06 ExecTotalTime:9.5458e-05} Samples:0x140014de5d0}" spanID=0000000000000000
time=2026-08-02T15:47:14.305-07:00 level=WARN msg="Query returned multiple series, only first will be used" test=archv2-nxm tool=conduit-v2 collector=conduit type=conduit collector=conduit type=conduit series-count=2
time=2026-08-02T15:47:14.305-07:00 level=DEBUG msg="Query returned data" test=archv2-nxm tool=conduit-v2 collector=conduit type=conduit collector=conduit type=conduit name=msg-megabytes-out-per-second[archv2-nxm] series-count=1 last-value=0.5325222015380859
time=2026-08-02T15:47:14.788-07:00 level=DEBUG msg="Inspecting container" model=container-monitor name=benchi-conduit
time=2026-08-02T15:47:15.303-07:00 level=DEBUG msg="Inspecting container" model=container-monitor name=benchi-conduit
time=2026-08-02T15:47:15.305-07:00 level=INFO msg="Test in progress" test=archv2-nxm tool=conduit-v2 step=test time-left=15s
time=2026-08-02T15:47:15.305-07:00 level=DEBUG msg="promql query logged" test=archv2-nxm tool=conduit-v2 collector=conduit type=conduit collector=conduit type=conduit params="map[end:2026-08-02T22:47:15.305Z query:rate(conduit_pipeline_execution_duration_seconds_count{pipeline_name=\"archv2-nxm\"}[2s]) start:2026-08-02T22:46:30.304Z step:1]" stats="&{Timings:{EvalTotalTime:5.8042e-05 ResultSortTime:3.75e-07 QueryPreparationTime:1.3417e-05 InnerEvalTime:3.5667e-05 ExecQueueTime:2.166e-06 ExecTotalTime:6.1916e-05} Samples:0x14001590900}" spanID=0000000000000000
time=2026-08-02T15:47:15.308-07:00 level=DEBUG msg="Query returned data" test=archv2-nxm tool=conduit-v2 collector=conduit type=conduit collector=conduit type=conduit name=msg-rate-per-second[archv2-nxm] series-count=1 last-value=18398
time=2026-08-02T15:47:15.308-07:00 level=DEBUG msg="promql query logged" test=archv2-nxm tool=conduit-v2 collector=conduit type=conduit collector=conduit type=conduit params="map[end:2026-08-02T22:47:15.308Z query:rate(conduit_connector_bytes_sum{pipeline_name=\"archv2-nxm\",type=\"source\"}[2s])/1048576 start:2026-08-02T22:46:30.304Z step:1]" stats="&{Timings:{EvalTotalTime:9.6875e-05 ResultSortTime:8.33e-07 QueryPreparationTime:1.2625e-05 InnerEvalTime:7.9291e-05 ExecQueueTime:1.584e-06 ExecTotalTime:0.00010075} Samples:0x14001591e30}" spanID=0000000000000000
time=2026-08-02T15:47:15.309-07:00 level=WARN msg="Query returned multiple series, only first will be used" test=archv2-nxm tool=conduit-v2 collector=conduit type=conduit collector=conduit type=conduit series-count=2
time=2026-08-02T15:47:15.309-07:00 level=DEBUG msg="Query returned data" test=archv2-nxm tool=conduit-v2 collector=conduit type=conduit collector=conduit type=conduit name=msg-megabytes-in-per-second[archv2-nxm] series-count=1 last-value=0.2609386444091797
time=2026-08-02T15:47:15.309-07:00 level=DEBUG msg="promql query logged" test=archv2-nxm tool=conduit-v2 collector=conduit type=conduit collector=conduit type=conduit params="map[end:2026-08-02T22:47:15.309Z query:rate(conduit_connector_bytes_sum{pipeline_name=\"archv2-nxm\",type=\"destination\"}[2s])/1048576 start:2026-08-02T22:46:30.304Z step:1]" stats="&{Timings:{EvalTotalTime:8.3583e-05 ResultSortTime:4.58e-07 QueryPreparationTime:7.417e-06 InnerEvalTime:7.2084e-05 ExecQueueTime:9.58e-07 ExecTotalTime:8.6458e-05} Samples:0x140016536e0}" spanID=0000000000000000
time=2026-08-02T15:47:15.309-07:00 level=WARN msg="Query returned multiple series, only first will be used" test=archv2-nxm tool=conduit-v2 collector=conduit type=conduit collector=conduit type=conduit series-count=2
time=2026-08-02T15:47:15.309-07:00 level=DEBUG msg="Query returned data" test=archv2-nxm tool=conduit-v2 collector=conduit type=conduit collector=conduit type=conduit name=msg-megabytes-out-per-second[archv2-nxm] series-count=1 last-value=0.5203943252563477
time=2026-08-02T15:47:15.807-07:00 level=DEBUG msg="Inspecting container" model=container-monitor name=benchi-conduit
time=2026-08-02T15:47:16.304-07:00 level=DEBUG msg="promql query logged" test=archv2-nxm tool=conduit-v2 collector=conduit type=conduit collector=conduit type=conduit params="map[end:2026-08-02T22:47:16.304Z query:rate(conduit_pipeline_execution_duration_seconds_count{pipeline_name=\"archv2-nxm\"}[2s]) start:2026-08-02T22:46:30.304Z step:1]" stats="&{Timings:{EvalTotalTime:5.5208e-05 ResultSortTime:5e-07 QueryPreparationTime:1.55e-05 InnerEvalTime:3.425e-05 ExecQueueTime:2.333e-06 ExecTotalTime:6.05e-05} Samples:0x140016bc6f0}" spanID=0000000000000000
time=2026-08-02T15:47:16.304-07:00 level=DEBUG msg="Query returned data" test=archv2-nxm tool=conduit-v2 collector=conduit type=conduit collector=conduit type=conduit name=msg-rate-per-second[archv2-nxm] series-count=1 last-value=16481
time=2026-08-02T15:47:16.304-07:00 level=DEBUG msg="promql query logged" test=archv2-nxm tool=conduit-v2 collector=conduit type=conduit collector=conduit type=conduit params="map[end:2026-08-02T22:47:16.304Z query:rate(conduit_connector_bytes_sum{pipeline_name=\"archv2-nxm\",type=\"source\"}[2s])/1048576 start:2026-08-02T22:46:30.304Z step:1]" stats="&{Timings:{EvalTotalTime:8.9583e-05 ResultSortTime:8.75e-07 QueryPreparationTime:8.458e-06 InnerEvalTime:7.4583e-05 ExecQueueTime:1.25e-06 ExecTotalTime:9.2667e-05} Samples:0x140016bcdb0}" spanID=0000000000000000
time=2026-08-02T15:47:16.304-07:00 level=WARN msg="Query returned multiple series, only first will be used" test=archv2-nxm tool=conduit-v2 collector=conduit type=conduit collector=conduit type=conduit series-count=2
time=2026-08-02T15:47:16.304-07:00 level=DEBUG msg="Query returned data" test=archv2-nxm tool=conduit-v2 collector=conduit type=conduit collector=conduit type=conduit name=msg-megabytes-in-per-second[archv2-nxm] series-count=1 last-value=0.23238658905029297
time=2026-08-02T15:47:16.305-07:00 level=DEBUG msg="promql query logged" test=archv2-nxm tool=conduit-v2 collector=conduit type=conduit collector=conduit type=conduit params="map[end:2026-08-02T22:47:16.304Z query:rate(conduit_connector_bytes_sum{pipeline_name=\"archv2-nxm\",type=\"destination\"}[2s])/1048576 start:2026-08-02T22:46:30.304Z step:1]" stats="&{Timings:{EvalTotalTime:7.8209e-05 ResultSortTime:5.41e-07 QueryPreparationTime:7.042e-06 InnerEvalTime:6.7125e-05 ExecQueueTime:8.33e-07 ExecTotalTime:8.0833e-05} Samples:0x1400179c150}" spanID=0000000000000000
time=2026-08-02T15:47:16.305-07:00 level=WARN msg="Query returned multiple series, only first will be used" test=archv2-nxm tool=conduit-v2 collector=conduit type=conduit collector=conduit type=conduit series-count=2
time=2026-08-02T15:47:16.305-07:00 level=DEBUG msg="Query returned data" test=archv2-nxm tool=conduit-v2 collector=conduit type=conduit collector=conduit type=conduit name=msg-megabytes-out-per-second[archv2-nxm] series-count=1 last-value=0.4651527404785156
time=2026-08-02T15:47:16.323-07:00 level=DEBUG msg="Inspecting container" model=container-monitor name=benchi-conduit
time=2026-08-02T15:47:16.835-07:00 level=DEBUG msg="Inspecting container" model=container-monitor name=benchi-conduit
time=2026-08-02T15:47:17.305-07:00 level=DEBUG msg="promql query logged" test=archv2-nxm tool=conduit-v2 collector=conduit type=conduit collector=conduit type=conduit params="map[end:2026-08-02T22:47:17.305Z query:rate(conduit_pipeline_execution_duration_seconds_count{pipeline_name=\"archv2-nxm\"}[2s]) start:2026-08-02T22:46:30.304Z step:1]" stats="&{Timings:{EvalTotalTime:5.65e-05 ResultSortTime:3.75e-07 QueryPreparationTime:1.7709e-05 InnerEvalTime:3.375e-05 ExecQueueTime:2.292e-06 ExecTotalTime:6.0625e-05} Samples:0x140019057a0}" spanID=0000000000000000
time=2026-08-02T15:47:17.305-07:00 level=DEBUG msg="Query returned data" test=archv2-nxm tool=conduit-v2 collector=conduit type=conduit collector=conduit type=conduit name=msg-rate-per-second[archv2-nxm] series-count=1 last-value=17106
time=2026-08-02T15:47:17.305-07:00 level=DEBUG msg="promql query logged" test=archv2-nxm tool=conduit-v2 collector=conduit type=conduit collector=conduit type=conduit params="map[end:2026-08-02T22:47:17.305Z query:rate(conduit_connector_bytes_sum{pipeline_name=\"archv2-nxm\",type=\"source\"}[2s])/1048576 start:2026-08-02T22:46:30.304Z step:1]" stats="&{Timings:{EvalTotalTime:0.00014425 ResultSortTime:9.17e-07 QueryPreparationTime:1.2333e-05 InnerEvalTime:0.000125792 ExecQueueTime:1.333e-06 ExecTotalTime:0.000148875} Samples:0x14001905e60}" spanID=0000000000000000
time=2026-08-02T15:47:17.305-07:00 level=WARN msg="Query returned multiple series, only first will be used" test=archv2-nxm tool=conduit-v2 collector=conduit type=conduit collector=conduit type=conduit series-count=2
time=2026-08-02T15:47:17.306-07:00 level=DEBUG msg="Query returned data" test=archv2-nxm tool=conduit-v2 collector=conduit type=conduit collector=conduit type=conduit name=msg-megabytes-in-per-second[archv2-nxm] series-count=1 last-value=0.2413177490234375
time=2026-08-02T15:47:17.306-07:00 level=DEBUG msg="promql query logged" test=archv2-nxm tool=conduit-v2 collector=conduit type=conduit collector=conduit type=conduit params="map[end:2026-08-02T22:47:17.306Z query:rate(conduit_connector_bytes_sum{pipeline_name=\"archv2-nxm\",type=\"destination\"}[2s])/1048576 start:2026-08-02T22:46:30.304Z step:1]" stats="&{Timings:{EvalTotalTime:9.1292e-05 ResultSortTime:8.75e-07 QueryPreparationTime:1.0042e-05 InnerEvalTime:7.6042e-05 ExecQueueTime:1.5e-06 ExecTotalTime:9.5208e-05} Samples:0x1400194d260}" spanID=0000000000000000
time=2026-08-02T15:47:17.306-07:00 level=WARN msg="Query returned multiple series, only first will be used" test=archv2-nxm tool=conduit-v2 collector=conduit type=conduit collector=conduit type=conduit series-count=2
time=2026-08-02T15:47:17.306-07:00 level=DEBUG msg="Query returned data" test=archv2-nxm tool=conduit-v2 collector=conduit type=conduit collector=conduit type=conduit name=msg-megabytes-out-per-second[archv2-nxm] series-count=1 last-value=0.4828023910522461
time=2026-08-02T15:47:17.346-07:00 level=DEBUG msg="Inspecting container" model=container-monitor name=benchi-conduit
time=2026-08-02T15:47:17.862-07:00 level=DEBUG msg="Inspecting container" model=container-monitor name=benchi-conduit
time=2026-08-02T15:47:18.304-07:00 level=DEBUG msg="promql query logged" test=archv2-nxm tool=conduit-v2 collector=conduit type=conduit collector=conduit type=conduit params="map[end:2026-08-02T22:47:18.304Z query:rate(conduit_pipeline_execution_duration_seconds_count{pipeline_name=\"archv2-nxm\"}[2s]) start:2026-08-02T22:46:30.304Z step:1]" stats="&{Timings:{EvalTotalTime:3.5916e-05 ResultSortTime:3.33e-07 QueryPreparationTime:9.208e-06 InnerEvalTime:2.3958e-05 ExecQueueTime:1.459e-06 ExecTotalTime:3.8708e-05} Samples:0x1400054b500}" spanID=0000000000000000
time=2026-08-02T15:47:18.304-07:00 level=DEBUG msg="Query returned data" test=archv2-nxm tool=conduit-v2 collector=conduit type=conduit collector=conduit type=conduit name=msg-rate-per-second[archv2-nxm] series-count=1 last-value=16816
time=2026-08-02T15:47:18.304-07:00 level=DEBUG msg="promql query logged" test=archv2-nxm tool=conduit-v2 collector=conduit type=conduit collector=conduit type=conduit params="map[end:2026-08-02T22:47:18.304Z query:rate(conduit_connector_bytes_sum{pipeline_name=\"archv2-nxm\",type=\"source\"}[2s])/1048576 start:2026-08-02T22:46:30.304Z step:1]" stats="&{Timings:{EvalTotalTime:9.825e-05 ResultSortTime:6.67e-07 QueryPreparationTime:5.667e-06 InnerEvalTime:8.925e-05 ExecQueueTime:1.083e-06 ExecTotalTime:0.000100666} Samples:0x1400054bc20}" spanID=0000000000000000
time=2026-08-02T15:47:18.304-07:00 level=WARN msg="Query returned multiple series, only first will be used" test=archv2-nxm tool=conduit-v2 collector=conduit type=conduit collector=conduit type=conduit series-count=2
time=2026-08-02T15:47:18.304-07:00 level=DEBUG msg="Query returned data" test=archv2-nxm tool=conduit-v2 collector=conduit type=conduit collector=conduit type=conduit name=msg-megabytes-in-per-second[archv2-nxm] series-count=1 last-value=0.23617076873779297
time=2026-08-02T15:47:18.304-07:00 level=DEBUG msg="promql query logged" test=archv2-nxm tool=conduit-v2 collector=conduit type=conduit collector=conduit type=conduit params="map[end:2026-08-02T22:47:18.304Z query:rate(conduit_connector_bytes_sum{pipeline_name=\"archv2-nxm\",type=\"destination\"}[2s])/1048576 start:2026-08-02T22:46:30.304Z step:1]" stats="&{Timings:{EvalTotalTime:5.5125e-05 ResultSortTime:2.91e-07 QueryPreparationTime:5.792e-06 InnerEvalTime:4.675e-05 ExecQueueTime:9.99e-07 ExecTotalTime:5.7375e-05} Samples:0x1400066c120}" spanID=0000000000000000
time=2026-08-02T15:47:18.304-07:00 level=WARN msg="Query returned multiple series, only first will be used" test=archv2-nxm tool=conduit-v2 collector=conduit type=conduit collector=conduit type=conduit series-count=2
time=2026-08-02T15:47:18.304-07:00 level=DEBUG msg="Query returned data" test=archv2-nxm tool=conduit-v2 collector=conduit type=conduit collector=conduit type=conduit name=msg-megabytes-out-per-second[archv2-nxm] series-count=1 last-value=0.4751129150390625
time=2026-08-02T15:47:18.376-07:00 level=DEBUG msg="Inspecting container" model=container-monitor name=benchi-conduit
time=2026-08-02T15:47:18.889-07:00 level=DEBUG msg="Inspecting container" model=container-monitor name=benchi-conduit
time=2026-08-02T15:47:19.304-07:00 level=DEBUG msg="promql query logged" test=archv2-nxm tool=conduit-v2 collector=conduit type=conduit collector=conduit type=conduit params="map[end:2026-08-02T22:47:19.304Z query:rate(conduit_pipeline_execution_duration_seconds_count{pipeline_name=\"archv2-nxm\"}[2s]) start:2026-08-02T22:46:30.304Z step:1]" stats="&{Timings:{EvalTotalTime:7.2334e-05 ResultSortTime:3.75e-07 QueryPreparationTime:3.3916e-05 InnerEvalTime:3.3209e-05 ExecQueueTime:2.292e-06 ExecTotalTime:7.825e-05} Samples:0x140016fc720}" spanID=0000000000000000
time=2026-08-02T15:47:19.304-07:00 level=DEBUG msg="Query returned data" test=archv2-nxm tool=conduit-v2 collector=conduit type=conduit collector=conduit type=conduit name=msg-rate-per-second[archv2-nxm] series-count=1 last-value=16486
time=2026-08-02T15:47:19.304-07:00 level=DEBUG msg="promql query logged" test=archv2-nxm tool=conduit-v2 collector=conduit type=conduit collector=conduit type=conduit params="map[end:2026-08-02T22:47:19.304Z query:rate(conduit_connector_bytes_sum{pipeline_name=\"archv2-nxm\",type=\"source\"}[2s])/1048576 start:2026-08-02T22:46:30.304Z step:1]" stats="&{Timings:{EvalTotalTime:8.3334e-05 ResultSortTime:7.92e-07 QueryPreparationTime:6.625e-06 InnerEvalTime:7.2542e-05 ExecQueueTime:1.084e-06 ExecTotalTime:8.5834e-05} Samples:0x140016fcde0}" spanID=0000000000000000
time=2026-08-02T15:47:19.304-07:00 level=WARN msg="Query returned multiple series, only first will be used" test=archv2-nxm tool=conduit-v2 collector=conduit type=conduit collector=conduit type=conduit series-count=2
time=2026-08-02T15:47:19.304-07:00 level=DEBUG msg="Query returned data" test=archv2-nxm tool=conduit-v2 collector=conduit type=conduit collector=conduit type=conduit name=msg-megabytes-in-per-second[archv2-nxm] series-count=1 last-value=0.2324361801147461
time=2026-08-02T15:47:19.304-07:00 level=DEBUG msg="promql query logged" test=archv2-nxm tool=conduit-v2 collector=conduit type=conduit collector=conduit type=conduit params="map[end:2026-08-02T22:47:19.304Z query:rate(conduit_connector_bytes_sum{pipeline_name=\"archv2-nxm\",type=\"destination\"}[2s])/1048576 start:2026-08-02T22:46:30.304Z step:1]" stats="&{Timings:{EvalTotalTime:8.5042e-05 ResultSortTime:4.58e-07 QueryPreparationTime:7.666e-06 InnerEvalTime:7.3292e-05 ExecQueueTime:1.166e-06 ExecTotalTime:8.8125e-05} Samples:0x14001472e70}" spanID=0000000000000000
time=2026-08-02T15:47:19.304-07:00 level=WARN msg="Query returned multiple series, only first will be used" test=archv2-nxm tool=conduit-v2 collector=conduit type=conduit collector=conduit type=conduit series-count=2
time=2026-08-02T15:47:19.304-07:00 level=DEBUG msg="Query returned data" test=archv2-nxm tool=conduit-v2 collector=conduit type=conduit collector=conduit type=conduit name=msg-megabytes-out-per-second[archv2-nxm] series-count=1 last-value=0.4662456512451172
time=2026-08-02T15:47:19.400-07:00 level=DEBUG msg="Inspecting container" model=container-monitor name=benchi-conduit
time=2026-08-02T15:47:19.931-07:00 level=DEBUG msg="Inspecting container" model=container-monitor name=benchi-conduit
time=2026-08-02T15:47:20.304-07:00 level=INFO msg="Test in progress" test=archv2-nxm tool=conduit-v2 step=test time-left=10s
time=2026-08-02T15:47:20.304-07:00 level=DEBUG msg="promql query logged" test=archv2-nxm tool=conduit-v2 collector=conduit type=conduit collector=conduit type=conduit params="map[end:2026-08-02T22:47:20.304Z query:rate(conduit_pipeline_execution_duration_seconds_count{pipeline_name=\"archv2-nxm\"}[2s]) start:2026-08-02T22:46:30.304Z step:1]" stats="&{Timings:{EvalTotalTime:5.5959e-05 ResultSortTime:4.17e-07 QueryPreparationTime:1.5875e-05 InnerEvalTime:3.4167e-05 ExecQueueTime:3.126e-06 ExecTotalTime:6.1416e-05} Samples:0x14001691920}" spanID=0000000000000000
time=2026-08-02T15:47:20.304-07:00 level=DEBUG msg="Query returned data" test=archv2-nxm tool=conduit-v2 collector=conduit type=conduit collector=conduit type=conduit name=msg-rate-per-second[archv2-nxm] series-count=1 last-value=15546
time=2026-08-02T15:47:20.304-07:00 level=DEBUG msg="promql query logged" test=archv2-nxm tool=conduit-v2 collector=conduit type=conduit collector=conduit type=conduit params="map[end:2026-08-02T22:47:20.304Z query:rate(conduit_connector_bytes_sum{pipeline_name=\"archv2-nxm\",type=\"source\"}[2s])/1048576 start:2026-08-02T22:46:30.304Z step:1]" stats="&{Timings:{EvalTotalTime:8.6541e-05 ResultSortTime:7.5e-07 QueryPreparationTime:6.625e-06 InnerEvalTime:7.5542e-05 ExecQueueTime:9.58e-07 ExecTotalTime:8.8916e-05} Samples:0x140013ce0f0}" spanID=0000000000000000
time=2026-08-02T15:47:20.305-07:00 level=WARN msg="Query returned multiple series, only first will be used" test=archv2-nxm tool=conduit-v2 collector=conduit type=conduit collector=conduit type=conduit series-count=2
time=2026-08-02T15:47:20.305-07:00 level=DEBUG msg="Query returned data" test=archv2-nxm tool=conduit-v2 collector=conduit type=conduit collector=conduit type=conduit name=msg-megabytes-in-per-second[archv2-nxm] series-count=1 last-value=0.22033977508544922
time=2026-08-02T15:47:20.305-07:00 level=DEBUG msg="promql query logged" test=archv2-nxm tool=conduit-v2 collector=conduit type=conduit collector=conduit type=conduit params="map[end:2026-08-02T22:47:20.305Z query:rate(conduit_connector_bytes_sum{pipeline_name=\"archv2-nxm\",type=\"destination\"}[2s])/1048576 start:2026-08-02T22:46:30.304Z step:1]" stats="&{Timings:{EvalTotalTime:7.7292e-05 ResultSortTime:4.17e-07 QueryPreparationTime:6.459e-06 InnerEvalTime:6.7208e-05 ExecQueueTime:9.17e-07 ExecTotalTime:7.9792e-05} Samples:0x140013cf8c0}" spanID=0000000000000000
time=2026-08-02T15:47:20.305-07:00 level=WARN msg="Query returned multiple series, only first will be used" test=archv2-nxm tool=conduit-v2 collector=conduit type=conduit collector=conduit type=conduit series-count=2
time=2026-08-02T15:47:20.305-07:00 level=DEBUG msg="Query returned data" test=archv2-nxm tool=conduit-v2 collector=conduit type=conduit collector=conduit type=conduit name=msg-megabytes-out-per-second[archv2-nxm] series-count=1 last-value=0.43929290771484375
time=2026-08-02T15:47:20.447-07:00 level=DEBUG msg="Inspecting container" model=container-monitor name=benchi-conduit
time=2026-08-02T15:47:20.962-07:00 level=DEBUG msg="Inspecting container" model=container-monitor name=benchi-conduit
time=2026-08-02T15:47:21.305-07:00 level=DEBUG msg="promql query logged" test=archv2-nxm tool=conduit-v2 collector=conduit type=conduit collector=conduit type=conduit params="map[end:2026-08-02T22:47:21.305Z query:rate(conduit_pipeline_execution_duration_seconds_count{pipeline_name=\"archv2-nxm\"}[2s]) start:2026-08-02T22:46:30.304Z step:1]" stats="&{Timings:{EvalTotalTime:5.8042e-05 ResultSortTime:2.5e-07 QueryPreparationTime:1.5291e-05 InnerEvalTime:3.7583e-05 ExecQueueTime:3.125e-06 ExecTotalTime:6.325e-05} Samples:0x14001154de0}" spanID=0000000000000000
time=2026-08-02T15:47:21.305-07:00 level=DEBUG msg="Query returned data" test=archv2-nxm tool=conduit-v2 collector=conduit type=conduit collector=conduit type=conduit name=msg-rate-per-second[archv2-nxm] series-count=1 last-value=15205
time=2026-08-02T15:47:21.306-07:00 level=DEBUG msg="promql query logged" test=archv2-nxm tool=conduit-v2 collector=conduit type=conduit collector=conduit type=conduit params="map[end:2026-08-02T22:47:21.305Z query:rate(conduit_connector_bytes_sum{pipeline_name=\"archv2-nxm\",type=\"source\"}[2s])/1048576 start:2026-08-02T22:46:30.304Z step:1]" stats="&{Timings:{EvalTotalTime:9.6417e-05 ResultSortTime:1.208e-06 QueryPreparationTime:8e-06 InnerEvalTime:8.35e-05 ExecQueueTime:1.334e-06 ExecTotalTime:0.000105958} Samples:0x140011554d0}" spanID=0000000000000000
time=2026-08-02T15:47:21.306-07:00 level=WARN msg="Query returned multiple series, only first will be used" test=archv2-nxm tool=conduit-v2 collector=conduit type=conduit collector=conduit type=conduit series-count=2
time=2026-08-02T15:47:21.306-07:00 level=DEBUG msg="Query returned data" test=archv2-nxm tool=conduit-v2 collector=conduit type=conduit collector=conduit type=conduit name=msg-megabytes-in-per-second[archv2-nxm] series-count=1 last-value=0.2115621566772461
time=2026-08-02T15:47:21.306-07:00 level=DEBUG msg="promql query logged" test=archv2-nxm tool=conduit-v2 collector=conduit type=conduit collector=conduit type=conduit params="map[end:2026-08-02T22:47:21.306Z query:rate(conduit_connector_bytes_sum{pipeline_name=\"archv2-nxm\",type=\"destination\"}[2s])/1048576 start:2026-08-02T22:46:30.304Z step:1]" stats="&{Timings:{EvalTotalTime:0.000100292 ResultSortTime:5.83e-07 QueryPreparationTime:9.708e-06 InnerEvalTime:8.4541e-05 ExecQueueTime:1.5e-06 ExecTotalTime:0.000103791} Samples:0x140013bcc90}" spanID=0000000000000000
time=2026-08-02T15:47:21.306-07:00 level=WARN msg="Query returned multiple series, only first will be used" test=archv2-nxm tool=conduit-v2 collector=conduit type=conduit collector=conduit type=conduit series-count=2
time=2026-08-02T15:47:21.306-07:00 level=DEBUG msg="Query returned data" test=archv2-nxm tool=conduit-v2 collector=conduit type=conduit collector=conduit type=conduit name=msg-megabytes-out-per-second[archv2-nxm] series-count=1 last-value=0.4291553497314453
time=2026-08-02T15:47:21.483-07:00 level=DEBUG msg="Inspecting container" model=container-monitor name=benchi-conduit
time=2026-08-02T15:47:21.992-07:00 level=DEBUG msg="Inspecting container" model=container-monitor name=benchi-conduit
time=2026-08-02T15:47:22.304-07:00 level=DEBUG msg="promql query logged" test=archv2-nxm tool=conduit-v2 collector=conduit type=conduit collector=conduit type=conduit params="map[end:2026-08-02T22:47:22.304Z query:rate(conduit_pipeline_execution_duration_seconds_count{pipeline_name=\"archv2-nxm\"}[2s]) start:2026-08-02T22:46:30.304Z step:1]" stats="&{Timings:{EvalTotalTime:5.425e-05 ResultSortTime:2.5e-07 QueryPreparationTime:1.4042e-05 InnerEvalTime:3.525e-05 ExecQueueTime:2.042e-06 ExecTotalTime:5.8792e-05} Samples:0x140010ed590}" spanID=0000000000000000
time=2026-08-02T15:47:22.304-07:00 level=DEBUG msg="Query returned data" test=archv2-nxm tool=conduit-v2 collector=conduit type=conduit collector=conduit type=conduit name=msg-rate-per-second[archv2-nxm] series-count=1 last-value=15685
time=2026-08-02T15:47:22.304-07:00 level=DEBUG msg="promql query logged" test=archv2-nxm tool=conduit-v2 collector=conduit type=conduit collector=conduit type=conduit params="map[end:2026-08-02T22:47:22.304Z query:rate(conduit_connector_bytes_sum{pipeline_name=\"archv2-nxm\",type=\"source\"}[2s])/1048576 start:2026-08-02T22:46:30.304Z step:1]" stats="&{Timings:{EvalTotalTime:9.8167e-05 ResultSortTime:8.75e-07 QueryPreparationTime:8.792e-06 InnerEvalTime:8.2459e-05 ExecQueueTime:1.291e-06 ExecTotalTime:0.000103959} Samples:0x140010edc50}" spanID=0000000000000000
time=2026-08-02T15:47:22.304-07:00 level=WARN msg="Query returned multiple series, only first will be used" test=archv2-nxm tool=conduit-v2 collector=conduit type=conduit collector=conduit type=conduit series-count=2
time=2026-08-02T15:47:22.305-07:00 level=DEBUG msg="Query returned data" test=archv2-nxm tool=conduit-v2 collector=conduit type=conduit collector=conduit type=conduit name=msg-megabytes-in-per-second[archv2-nxm] series-count=1 last-value=0.2244558334350586
time=2026-08-02T15:47:22.305-07:00 level=DEBUG msg="promql query logged" test=archv2-nxm tool=conduit-v2 collector=conduit type=conduit collector=conduit type=conduit params="map[end:2026-08-02T22:47:22.305Z query:rate(conduit_connector_bytes_sum{pipeline_name=\"archv2-nxm\",type=\"destination\"}[2s])/1048576 start:2026-08-02T22:46:30.304Z step:1]" stats="&{Timings:{EvalTotalTime:8.975e-05 ResultSortTime:7.5e-07 QueryPreparationTime:8.709e-06 InnerEvalTime:7.5958e-05 ExecQueueTime:1e-06 ExecTotalTime:9.2459e-05} Samples:0x140015919e0}" spanID=0000000000000000
time=2026-08-02T15:47:22.305-07:00 level=WARN msg="Query returned multiple series, only first will be used" test=archv2-nxm tool=conduit-v2 collector=conduit type=conduit collector=conduit type=conduit series-count=2
time=2026-08-02T15:47:22.305-07:00 level=DEBUG msg="Query returned data" test=archv2-nxm tool=conduit-v2 collector=conduit type=conduit collector=conduit type=conduit name=msg-megabytes-out-per-second[archv2-nxm] series-count=1 last-value=0.44297218322753906
time=2026-08-02T15:47:22.506-07:00 level=DEBUG msg="Inspecting container" model=container-monitor name=benchi-conduit
time=2026-08-02T15:47:23.016-07:00 level=DEBUG msg="Inspecting container" model=container-monitor name=benchi-conduit
time=2026-08-02T15:47:23.304-07:00 level=DEBUG msg="promql query logged" test=archv2-nxm tool=conduit-v2 collector=conduit type=conduit collector=conduit type=conduit params="map[end:2026-08-02T22:47:23.304Z query:rate(conduit_pipeline_execution_duration_seconds_count{pipeline_name=\"archv2-nxm\"}[2s]) start:2026-08-02T22:46:30.304Z step:1]" stats="&{Timings:{EvalTotalTime:5.775e-05 ResultSortTime:3.75e-07 QueryPreparationTime:1.6208e-05 InnerEvalTime:3.6667e-05 ExecQueueTime:2.375e-06 ExecTotalTime:6.2166e-05} Samples:0x140019e25a0}" spanID=0000000000000000
time=2026-08-02T15:47:23.304-07:00 level=DEBUG msg="Query returned data" test=archv2-nxm tool=conduit-v2 collector=conduit type=conduit collector=conduit type=conduit name=msg-rate-per-second[archv2-nxm] series-count=1 last-value=17386
time=2026-08-02T15:47:23.304-07:00 level=DEBUG msg="promql query logged" test=archv2-nxm tool=conduit-v2 collector=conduit type=conduit collector=conduit type=conduit params="map[end:2026-08-02T22:47:23.304Z query:rate(conduit_connector_bytes_sum{pipeline_name=\"archv2-nxm\",type=\"source\"}[2s])/1048576 start:2026-08-02T22:46:30.304Z step:1]" stats="&{Timings:{EvalTotalTime:8.7167e-05 ResultSortTime:6.67e-07 QueryPreparationTime:6.417e-06 InnerEvalTime:7.6875e-05 ExecQueueTime:8.75e-07 ExecTotalTime:8.9458e-05} Samples:0x140019e2c90}" spanID=0000000000000000
time=2026-08-02T15:47:23.304-07:00 level=WARN msg="Query returned multiple series, only first will be used" test=archv2-nxm tool=conduit-v2 collector=conduit type=conduit collector=conduit type=conduit series-count=2
time=2026-08-02T15:47:23.304-07:00 level=DEBUG msg="Query returned data" test=archv2-nxm tool=conduit-v2 collector=conduit type=conduit collector=conduit type=conduit name=msg-megabytes-in-per-second[archv2-nxm] series-count=1 last-value=0.24668407440185547
time=2026-08-02T15:47:23.304-07:00 level=DEBUG msg="promql query logged" test=archv2-nxm tool=conduit-v2 collector=conduit type=conduit collector=conduit type=conduit params="map[end:2026-08-02T22:47:23.304Z query:rate(conduit_connector_bytes_sum{pipeline_name=\"archv2-nxm\",type=\"destination\"}[2s])/1048576 start:2026-08-02T22:46:30.304Z step:1]" stats="&{Timings:{EvalTotalTime:8.375e-05 ResultSortTime:5e-07 QueryPreparationTime:7.125e-06 InnerEvalTime:7.2709e-05 ExecQueueTime:9.99e-07 ExecTotalTime:8.6583e-05} Samples:0x140019e3c80}" spanID=0000000000000000
time=2026-08-02T15:47:23.304-07:00 level=WARN msg="Query returned multiple series, only first will be used" test=archv2-nxm tool=conduit-v2 collector=conduit type=conduit collector=conduit type=conduit series-count=2
time=2026-08-02T15:47:23.305-07:00 level=DEBUG msg="Query returned data" test=archv2-nxm tool=conduit-v2 collector=conduit type=conduit collector=conduit type=conduit name=msg-megabytes-out-per-second[archv2-nxm] series-count=1 last-value=0.4910163879394531
time=2026-08-02T15:47:23.523-07:00 level=DEBUG msg="Inspecting container" model=container-monitor name=benchi-conduit
time=2026-08-02T15:47:24.035-07:00 level=DEBUG msg="Inspecting container" model=container-monitor name=benchi-conduit
time=2026-08-02T15:47:24.305-07:00 level=DEBUG msg="promql query logged" test=archv2-nxm tool=conduit-v2 collector=conduit type=conduit collector=conduit type=conduit params="map[end:2026-08-02T22:47:24.305Z query:rate(conduit_pipeline_execution_duration_seconds_count{pipeline_name=\"archv2-nxm\"}[2s]) start:2026-08-02T22:46:30.304Z step:1]" stats="&{Timings:{EvalTotalTime:3.5125e-05 ResultSortTime:4.59e-07 QueryPreparationTime:1.0291e-05 InnerEvalTime:2.1917e-05 ExecQueueTime:1.625e-06 ExecTotalTime:3.8125e-05} Samples:0x140019f1170}" spanID=0000000000000000
time=2026-08-02T15:47:24.305-07:00 level=DEBUG msg="Query returned data" test=archv2-nxm tool=conduit-v2 collector=conduit type=conduit collector=conduit type=conduit name=msg-rate-per-second[archv2-nxm] series-count=1 last-value=17232
time=2026-08-02T15:47:24.305-07:00 level=DEBUG msg="promql query logged" test=archv2-nxm tool=conduit-v2 collector=conduit type=conduit collector=conduit type=conduit params="map[end:2026-08-02T22:47:24.305Z query:rate(conduit_connector_bytes_sum{pipeline_name=\"archv2-nxm\",type=\"source\"}[2s])/1048576 start:2026-08-02T22:46:30.304Z step:1]" stats="&{Timings:{EvalTotalTime:5.2834e-05 ResultSortTime:5.83e-07 QueryPreparationTime:4.292e-06 InnerEvalTime:4.6084e-05 ExecQueueTime:5.42e-07 ExecTotalTime:5.4291e-05} Samples:0x140019f1830}" spanID=0000000000000000
time=2026-08-02T15:47:24.305-07:00 level=WARN msg="Query returned multiple series, only first will be used" test=archv2-nxm tool=conduit-v2 collector=conduit type=conduit collector=conduit type=conduit series-count=2
time=2026-08-02T15:47:24.305-07:00 level=DEBUG msg="Query returned data" test=archv2-nxm tool=conduit-v2 collector=conduit type=conduit collector=conduit type=conduit name=msg-megabytes-in-per-second[archv2-nxm] series-count=1 last-value=0.24594402313232422
time=2026-08-02T15:47:24.306-07:00 level=DEBUG msg="promql query logged" test=archv2-nxm tool=conduit-v2 collector=conduit type=conduit collector=conduit type=conduit params="map[end:2026-08-02T22:47:24.305Z query:rate(conduit_connector_bytes_sum{pipeline_name=\"archv2-nxm\",type=\"destination\"}[2s])/1048576 start:2026-08-02T22:46:30.304Z step:1]" stats="&{Timings:{EvalTotalTime:0.000111125 ResultSortTime:7.91e-07 QueryPreparationTime:1.3459e-05 InnerEvalTime:9.2166e-05 ExecQueueTime:2.166e-06 ExecTotalTime:0.000114833} Samples:0x14001407560}" spanID=0000000000000000
time=2026-08-02T15:47:24.306-07:00 level=WARN msg="Query returned multiple series, only first will be used" test=archv2-nxm tool=conduit-v2 collector=conduit type=conduit collector=conduit type=conduit series-count=2
time=2026-08-02T15:47:24.306-07:00 level=DEBUG msg="Query returned data" test=archv2-nxm tool=conduit-v2 collector=conduit type=conduit collector=conduit type=conduit name=msg-megabytes-out-per-second[archv2-nxm] series-count=1 last-value=0.48664093017578125
time=2026-08-02T15:47:24.542-07:00 level=DEBUG msg="Inspecting container" model=container-monitor name=benchi-conduit
time=2026-08-02T15:47:25.048-07:00 level=DEBUG msg="Inspecting container" model=container-monitor name=benchi-conduit
time=2026-08-02T15:47:25.305-07:00 level=DEBUG msg="promql query logged" test=archv2-nxm tool=conduit-v2 collector=conduit type=conduit collector=conduit type=conduit params="map[end:2026-08-02T22:47:25.305Z query:rate(conduit_pipeline_execution_duration_seconds_count{pipeline_name=\"archv2-nxm\"}[2s]) start:2026-08-02T22:46:30.304Z step:1]" stats="&{Timings:{EvalTotalTime:0.000138916 ResultSortTime:5.42e-07 QueryPreparationTime:1.5042e-05 InnerEvalTime:0.000113708 ExecQueueTime:2.458e-06 ExecTotalTime:0.000144333} Samples:0x140015070b0}" spanID=0000000000000000
time=2026-08-02T15:47:25.305-07:00 level=DEBUG msg="Query returned data" test=archv2-nxm tool=conduit-v2 collector=conduit type=conduit collector=conduit type=conduit name=msg-rate-per-second[archv2-nxm] series-count=1 last-value=18201
time=2026-08-02T15:47:25.305-07:00 level=INFO msg="Test in progress" test=archv2-nxm tool=conduit-v2 step=test time-left=5s
time=2026-08-02T15:47:25.305-07:00 level=DEBUG msg="promql query logged" test=archv2-nxm tool=conduit-v2 collector=conduit type=conduit collector=conduit type=conduit params="map[end:2026-08-02T22:47:25.305Z query:rate(conduit_connector_bytes_sum{pipeline_name=\"archv2-nxm\",type=\"source\"}[2s])/1048576 start:2026-08-02T22:46:30.304Z step:1]" stats="&{Timings:{EvalTotalTime:0.000103583 ResultSortTime:8.33e-07 QueryPreparationTime:1.0333e-05 InnerEvalTime:8.8083e-05 ExecQueueTime:1.334e-06 ExecTotalTime:0.000106334} Samples:0x14001507770}" spanID=0000000000000000
time=2026-08-02T15:47:25.305-07:00 level=WARN msg="Query returned multiple series, only first will be used" test=archv2-nxm tool=conduit-v2 collector=conduit type=conduit collector=conduit type=conduit series-count=2
time=2026-08-02T15:47:25.306-07:00 level=DEBUG msg="Query returned data" test=archv2-nxm tool=conduit-v2 collector=conduit type=conduit collector=conduit type=conduit name=msg-megabytes-in-per-second[archv2-nxm] series-count=1 last-value=0.2589273452758789
time=2026-08-02T15:47:25.306-07:00 level=DEBUG msg="promql query logged" test=archv2-nxm tool=conduit-v2 collector=conduit type=conduit collector=conduit type=conduit params="map[end:2026-08-02T22:47:25.306Z query:rate(conduit_connector_bytes_sum{pipeline_name=\"archv2-nxm\",type=\"destination\"}[2s])/1048576 start:2026-08-02T22:46:30.304Z step:1]" stats="&{Timings:{EvalTotalTime:0.000166583 ResultSortTime:7.09e-07 QueryPreparationTime:1.075e-05 InnerEvalTime:0.000149459 ExecQueueTime:1.124e-06 ExecTotalTime:0.000170792} Samples:0x14001427a10}" spanID=0000000000000000
time=2026-08-02T15:47:25.306-07:00 level=WARN msg="Query returned multiple series, only first will be used" test=archv2-nxm tool=conduit-v2 collector=conduit type=conduit collector=conduit type=conduit series-count=2
time=2026-08-02T15:47:25.306-07:00 level=DEBUG msg="Query returned data" test=archv2-nxm tool=conduit-v2 collector=conduit type=conduit collector=conduit type=conduit name=msg-megabytes-out-per-second[archv2-nxm] series-count=1 last-value=0.5155105590820312
time=2026-08-02T15:47:25.555-07:00 level=DEBUG msg="Inspecting container" model=container-monitor name=benchi-conduit
time=2026-08-02T15:47:26.064-07:00 level=DEBUG msg="Inspecting container" model=container-monitor name=benchi-conduit
time=2026-08-02T15:47:26.305-07:00 level=DEBUG msg="promql query logged" test=archv2-nxm tool=conduit-v2 collector=conduit type=conduit collector=conduit type=conduit params="map[end:2026-08-02T22:47:26.305Z query:rate(conduit_pipeline_execution_duration_seconds_count{pipeline_name=\"archv2-nxm\"}[2s]) start:2026-08-02T22:46:30.304Z step:1]" stats="&{Timings:{EvalTotalTime:5.5e-05 ResultSortTime:5.41e-07 QueryPreparationTime:1.3917e-05 InnerEvalTime:3.2958e-05 ExecQueueTime:2.833e-06 ExecTotalTime:5.9459e-05} Samples:0x14001451ec0}" spanID=0000000000000000
time=2026-08-02T15:47:26.305-07:00 level=DEBUG msg="Query returned data" test=archv2-nxm tool=conduit-v2 collector=conduit type=conduit collector=conduit type=conduit name=msg-rate-per-second[archv2-nxm] series-count=1 last-value=16526
time=2026-08-02T15:47:26.305-07:00 level=DEBUG msg="promql query logged" test=archv2-nxm tool=conduit-v2 collector=conduit type=conduit collector=conduit type=conduit params="map[end:2026-08-02T22:47:26.305Z query:rate(conduit_connector_bytes_sum{pipeline_name=\"archv2-nxm\",type=\"source\"}[2s])/1048576 start:2026-08-02T22:46:30.304Z step:1]" stats="&{Timings:{EvalTotalTime:0.000239208 ResultSortTime:8.75e-07 QueryPreparationTime:9.333e-06 InnerEvalTime:0.000222208 ExecQueueTime:5.083e-06 ExecTotalTime:0.000243} Samples:0x14001680600}" spanID=0000000000000000
time=2026-08-02T15:47:26.307-07:00 level=WARN msg="Query returned multiple series, only first will be used" test=archv2-nxm tool=conduit-v2 collector=conduit type=conduit collector=conduit type=conduit series-count=2
time=2026-08-02T15:47:26.307-07:00 level=DEBUG msg="Query returned data" test=archv2-nxm tool=conduit-v2 collector=conduit type=conduit collector=conduit type=conduit name=msg-megabytes-in-per-second[archv2-nxm] series-count=1 last-value=0.23559093475341797
time=2026-08-02T15:47:26.307-07:00 level=DEBUG msg="promql query logged" test=archv2-nxm tool=conduit-v2 collector=conduit type=conduit collector=conduit type=conduit params="map[end:2026-08-02T22:47:26.307Z query:rate(conduit_connector_bytes_sum{pipeline_name=\"archv2-nxm\",type=\"destination\"}[2s])/1048576 start:2026-08-02T22:46:30.304Z step:1]" stats="&{Timings:{EvalTotalTime:6.5166e-05 ResultSortTime:4.17e-07 QueryPreparationTime:7.333e-06 InnerEvalTime:5.4875e-05 ExecQueueTime:9.59e-07 ExecTotalTime:6.7958e-05} Samples:0x14001681bc0}" spanID=0000000000000000
time=2026-08-02T15:47:26.307-07:00 level=WARN msg="Query returned multiple series, only first will be used" test=archv2-nxm tool=conduit-v2 collector=conduit type=conduit collector=conduit type=conduit series-count=2
time=2026-08-02T15:47:26.307-07:00 level=DEBUG msg="Query returned data" test=archv2-nxm tool=conduit-v2 collector=conduit type=conduit collector=conduit type=conduit name=msg-megabytes-out-per-second[archv2-nxm] series-count=1 last-value=0.46682071685791016
time=2026-08-02T15:47:26.580-07:00 level=DEBUG msg="Inspecting container" model=container-monitor name=benchi-conduit
time=2026-08-02T15:47:27.087-07:00 level=DEBUG msg="Inspecting container" model=container-monitor name=benchi-conduit
time=2026-08-02T15:47:27.304-07:00 level=DEBUG msg="promql query logged" test=archv2-nxm tool=conduit-v2 collector=conduit type=conduit collector=conduit type=conduit params="map[end:2026-08-02T22:47:27.304Z query:rate(conduit_pipeline_execution_duration_seconds_count{pipeline_name=\"archv2-nxm\"}[2s]) start:2026-08-02T22:46:30.304Z step:1]" stats="&{Timings:{EvalTotalTime:5.8417e-05 ResultSortTime:5e-07 QueryPreparationTime:1.4458e-05 InnerEvalTime:3.7208e-05 ExecQueueTime:2.042e-06 ExecTotalTime:6.3875e-05} Samples:0x14001636030}" spanID=0000000000000000
time=2026-08-02T15:47:27.304-07:00 level=DEBUG msg="Query returned data" test=archv2-nxm tool=conduit-v2 collector=conduit type=conduit collector=conduit type=conduit name=msg-rate-per-second[archv2-nxm] series-count=1 last-value=16567
time=2026-08-02T15:47:27.304-07:00 level=DEBUG msg="promql query logged" test=archv2-nxm tool=conduit-v2 collector=conduit type=conduit collector=conduit type=conduit params="map[end:2026-08-02T22:47:27.304Z query:rate(conduit_connector_bytes_sum{pipeline_name=\"archv2-nxm\",type=\"source\"}[2s])/1048576 start:2026-08-02T22:46:30.304Z step:1]" stats="&{Timings:{EvalTotalTime:9.8208e-05 ResultSortTime:8.33e-07 QueryPreparationTime:6.917e-06 InnerEvalTime:8.7083e-05 ExecQueueTime:8.75e-07 ExecTotalTime:0.000100916} Samples:0x140016366f0}" spanID=0000000000000000
time=2026-08-02T15:47:27.304-07:00 level=WARN msg="Query returned multiple series, only first will be used" test=archv2-nxm tool=conduit-v2 collector=conduit type=conduit collector=conduit type=conduit series-count=2
time=2026-08-02T15:47:27.304-07:00 level=DEBUG msg="Query returned data" test=archv2-nxm tool=conduit-v2 collector=conduit type=conduit collector=conduit type=conduit name=msg-megabytes-in-per-second[archv2-nxm] series-count=1 last-value=0.2343759536743164
time=2026-08-02T15:47:27.304-07:00 level=DEBUG msg="promql query logged" test=archv2-nxm tool=conduit-v2 collector=conduit type=conduit collector=conduit type=conduit params="map[end:2026-08-02T22:47:27.304Z query:rate(conduit_connector_bytes_sum{pipeline_name=\"archv2-nxm\",type=\"destination\"}[2s])/1048576 start:2026-08-02T22:46:30.304Z step:1]" stats="&{Timings:{EvalTotalTime:0.000100875 ResultSortTime:5.83e-07 QueryPreparationTime:9.667e-06 InnerEvalTime:8.65e-05 ExecQueueTime:1.25e-06 ExecTotalTime:0.0001055} Samples:0x140013bec90}" spanID=0000000000000000
time=2026-08-02T15:47:27.304-07:00 level=WARN msg="Query returned multiple series, only first will be used" test=archv2-nxm tool=conduit-v2 collector=conduit type=conduit collector=conduit type=conduit series-count=2
time=2026-08-02T15:47:27.305-07:00 level=DEBUG msg="Query returned data" test=archv2-nxm tool=conduit-v2 collector=conduit type=conduit collector=conduit type=conduit name=msg-megabytes-out-per-second[archv2-nxm] series-count=1 last-value=0.46795082092285156
time=2026-08-02T15:47:27.592-07:00 level=DEBUG msg="Inspecting container" model=container-monitor name=benchi-conduit
time=2026-08-02T15:47:28.096-07:00 level=DEBUG msg="Inspecting container" model=container-monitor name=benchi-conduit
time=2026-08-02T15:47:28.305-07:00 level=DEBUG msg="promql query logged" test=archv2-nxm tool=conduit-v2 collector=conduit type=conduit collector=conduit type=conduit params="map[end:2026-08-02T22:47:28.305Z query:rate(conduit_pipeline_execution_duration_seconds_count{pipeline_name=\"archv2-nxm\"}[2s]) start:2026-08-02T22:46:30.304Z step:1]" stats="&{Timings:{EvalTotalTime:0.00010725 ResultSortTime:4.16e-07 QueryPreparationTime:6.1083e-05 InnerEvalTime:3.9125e-05 ExecQueueTime:3.166e-06 ExecTotalTime:0.000112084} Samples:0x140017ad560}" spanID=0000000000000000
time=2026-08-02T15:47:28.305-07:00 level=DEBUG msg="Query returned data" test=archv2-nxm tool=conduit-v2 collector=conduit type=conduit collector=conduit type=conduit name=msg-rate-per-second[archv2-nxm] series-count=1 last-value=16219
time=2026-08-02T15:47:28.305-07:00 level=DEBUG msg="promql query logged" test=archv2-nxm tool=conduit-v2 collector=conduit type=conduit collector=conduit type=conduit params="map[end:2026-08-02T22:47:28.305Z query:rate(conduit_connector_bytes_sum{pipeline_name=\"archv2-nxm\",type=\"source\"}[2s])/1048576 start:2026-08-02T22:46:30.304Z step:1]" stats="&{Timings:{EvalTotalTime:9.8417e-05 ResultSortTime:9.58e-07 QueryPreparationTime:7.083e-06 InnerEvalTime:8.5125e-05 ExecQueueTime:1.292e-06 ExecTotalTime:0.000101333} Samples:0x140017adc20}" spanID=0000000000000000
time=2026-08-02T15:47:28.305-07:00 level=WARN msg="Query returned multiple series, only first will be used" test=archv2-nxm tool=conduit-v2 collector=conduit type=conduit collector=conduit type=conduit series-count=2
time=2026-08-02T15:47:28.306-07:00 level=DEBUG msg="Query returned data" test=archv2-nxm tool=conduit-v2 collector=conduit type=conduit collector=conduit type=conduit name=msg-megabytes-in-per-second[archv2-nxm] series-count=1 last-value=0.22699356079101562
time=2026-08-02T15:47:28.306-07:00 level=DEBUG msg="promql query logged" test=archv2-nxm tool=conduit-v2 collector=conduit type=conduit collector=conduit type=conduit params="map[end:2026-08-02T22:47:28.306Z query:rate(conduit_connector_bytes_sum{pipeline_name=\"archv2-nxm\",type=\"destination\"}[2s])/1048576 start:2026-08-02T22:46:30.304Z step:1]" stats="&{Timings:{EvalTotalTime:9.1584e-05 ResultSortTime:5.42e-07 QueryPreparationTime:8e-06 InnerEvalTime:7.9542e-05 ExecQueueTime:1.376e-06 ExecTotalTime:9.5333e-05} Samples:0x140013e5500}" spanID=0000000000000000
time=2026-08-02T15:47:28.306-07:00 level=WARN msg="Query returned multiple series, only first will be used" test=archv2-nxm tool=conduit-v2 collector=conduit type=conduit collector=conduit type=conduit series-count=2
time=2026-08-02T15:47:28.306-07:00 level=DEBUG msg="Query returned data" test=archv2-nxm tool=conduit-v2 collector=conduit type=conduit collector=conduit type=conduit name=msg-megabytes-out-per-second[archv2-nxm] series-count=1 last-value=0.4587221145629883
time=2026-08-02T15:47:28.613-07:00 level=DEBUG msg="Inspecting container" model=container-monitor name=benchi-conduit
time=2026-08-02T15:47:29.127-07:00 level=DEBUG msg="Inspecting container" model=container-monitor name=benchi-conduit
time=2026-08-02T15:47:29.304-07:00 level=DEBUG msg="promql query logged" test=archv2-nxm tool=conduit-v2 collector=conduit type=conduit collector=conduit type=conduit params="map[end:2026-08-02T22:47:29.304Z query:rate(conduit_pipeline_execution_duration_seconds_count{pipeline_name=\"archv2-nxm\"}[2s]) start:2026-08-02T22:46:30.304Z step:1]" stats="&{Timings:{EvalTotalTime:5.8041e-05 ResultSortTime:2.92e-07 QueryPreparationTime:1.6375e-05 InnerEvalTime:3.6417e-05 ExecQueueTime:2.459e-06 ExecTotalTime:6.3333e-05} Samples:0x140013e5ad0}" spanID=0000000000000000
time=2026-08-02T15:47:29.304-07:00 level=DEBUG msg="Query returned data" test=archv2-nxm tool=conduit-v2 collector=conduit type=conduit collector=conduit type=conduit name=msg-rate-per-second[archv2-nxm] series-count=1 last-value=16423
time=2026-08-02T15:47:29.304-07:00 level=DEBUG msg="promql query logged" test=archv2-nxm tool=conduit-v2 collector=conduit type=conduit collector=conduit type=conduit params="map[end:2026-08-02T22:47:29.304Z query:rate(conduit_connector_bytes_sum{pipeline_name=\"archv2-nxm\",type=\"source\"}[2s])/1048576 start:2026-08-02T22:46:30.304Z step:1]" stats="&{Timings:{EvalTotalTime:0.000123375 ResultSortTime:9.16e-07 QueryPreparationTime:7.334e-06 InnerEvalTime:0.000111708 ExecQueueTime:9.59e-07 ExecTotalTime:0.000125792} Samples:0x1400054a330}" spanID=0000000000000000
time=2026-08-02T15:47:29.304-07:00 level=WARN msg="Query returned multiple series, only first will be used" test=archv2-nxm tool=conduit-v2 collector=conduit type=conduit collector=conduit type=conduit series-count=2
time=2026-08-02T15:47:29.305-07:00 level=DEBUG msg="Query returned data" test=archv2-nxm tool=conduit-v2 collector=conduit type=conduit collector=conduit type=conduit name=msg-megabytes-in-per-second[archv2-nxm] series-count=1 last-value=0.23341941833496094
time=2026-08-02T15:47:29.305-07:00 level=DEBUG msg="promql query logged" test=archv2-nxm tool=conduit-v2 collector=conduit type=conduit collector=conduit type=conduit params="map[end:2026-08-02T22:47:29.305Z query:rate(conduit_connector_bytes_sum{pipeline_name=\"archv2-nxm\",type=\"destination\"}[2s])/1048576 start:2026-08-02T22:46:30.304Z step:1]" stats="&{Timings:{EvalTotalTime:9.1166e-05 ResultSortTime:4.58e-07 QueryPreparationTime:7.042e-06 InnerEvalTime:8.0125e-05 ExecQueueTime:1.125e-06 ExecTotalTime:9.3833e-05} Samples:0x1400054bcb0}" spanID=0000000000000000
time=2026-08-02T15:47:29.305-07:00 level=WARN msg="Query returned multiple series, only first will be used" test=archv2-nxm tool=conduit-v2 collector=conduit type=conduit collector=conduit type=conduit series-count=2
time=2026-08-02T15:47:29.305-07:00 level=DEBUG msg="Query returned data" test=archv2-nxm tool=conduit-v2 collector=conduit type=conduit collector=conduit type=conduit name=msg-megabytes-out-per-second[archv2-nxm] series-count=1 last-value=0.4644498825073242
time=2026-08-02T15:47:29.635-07:00 level=DEBUG msg="Inspecting container" model=container-monitor name=benchi-conduit
time=2026-08-02T15:47:30.149-07:00 level=DEBUG msg="Inspecting container" model=container-monitor name=benchi-conduit
time=2026-08-02T15:47:30.305-07:00 level=DEBUG msg="promql query logged" test=archv2-nxm tool=conduit-v2 collector=conduit type=conduit collector=conduit type=conduit params="map[end:2026-08-02T22:47:30.305Z query:rate(conduit_pipeline_execution_duration_seconds_count{pipeline_name=\"archv2-nxm\"}[2s]) start:2026-08-02T22:46:30.304Z step:1]" stats="&{Timings:{EvalTotalTime:4.1458e-05 ResultSortTime:4.17e-07 QueryPreparationTime:1.3292e-05 InnerEvalTime:2.5e-05 ExecQueueTime:2e-06 ExecTotalTime:4.4834e-05} Samples:0x1400194da70}" spanID=0000000000000000
time=2026-08-02T15:47:30.305-07:00 level=INFO msg="Test in progress" test=archv2-nxm tool=conduit-v2 step=test time-left=0s
time=2026-08-02T15:47:30.305-07:00 level=DEBUG msg="Query returned data" test=archv2-nxm tool=conduit-v2 collector=conduit type=conduit collector=conduit type=conduit name=msg-rate-per-second[archv2-nxm] series-count=1 last-value=16215
time=2026-08-02T15:47:30.305-07:00 level=DEBUG msg="promql query logged" test=archv2-nxm tool=conduit-v2 collector=conduit type=conduit collector=conduit type=conduit params="map[end:2026-08-02T22:47:30.305Z query:rate(conduit_connector_bytes_sum{pipeline_name=\"archv2-nxm\",type=\"source\"}[2s])/1048576 start:2026-08-02T22:46:30.304Z step:1]" stats="&{Timings:{EvalTotalTime:5.8666e-05 ResultSortTime:6.25e-07 QueryPreparationTime:4.125e-06 InnerEvalTime:5.2083e-05 ExecQueueTime:5.42e-07 ExecTotalTime:6.0166e-05} Samples:0x14001472330}" spanID=0000000000000000
time=2026-08-02T15:47:30.305-07:00 level=WARN msg="Query returned multiple series, only first will be used" test=archv2-nxm tool=conduit-v2 collector=conduit type=conduit collector=conduit type=conduit series-count=2
time=2026-08-02T15:47:30.305-07:00 level=DEBUG msg="Query returned data" test=archv2-nxm tool=conduit-v2 collector=conduit type=conduit collector=conduit type=conduit name=msg-megabytes-in-per-second[archv2-nxm] series-count=1 last-value=0.23038768768310547
time=2026-08-02T15:47:30.305-07:00 level=DEBUG msg="promql query logged" test=archv2-nxm tool=conduit-v2 collector=conduit type=conduit collector=conduit type=conduit params="map[end:2026-08-02T22:47:30.305Z query:rate(conduit_connector_bytes_sum{pipeline_name=\"archv2-nxm\",type=\"destination\"}[2s])/1048576 start:2026-08-02T22:46:30.304Z step:1]" stats="&{Timings:{EvalTotalTime:4.85e-05 ResultSortTime:1.67e-07 QueryPreparationTime:2.75e-06 InnerEvalTime:4.3916e-05 ExecQueueTime:4.16e-07 ExecTotalTime:4.9708e-05} Samples:0x14001472ae0}" spanID=0000000000000000
time=2026-08-02T15:47:30.306-07:00 level=WARN msg="Query returned multiple series, only first will be used" test=archv2-nxm tool=conduit-v2 collector=conduit type=conduit collector=conduit type=conduit series-count=2
time=2026-08-02T15:47:30.306-07:00 level=DEBUG msg="Query returned data" test=archv2-nxm tool=conduit-v2 collector=conduit type=conduit collector=conduit type=conduit name=msg-megabytes-out-per-second[archv2-nxm] series-count=1 last-value=0.45882320404052734
time=2026-08-02T15:47:30.654-07:00 level=DEBUG msg="Inspecting container" model=container-monitor name=benchi-conduit
time=2026-08-02T15:47:30.809-07:00 level=INFO msg="Step successful" test=archv2-nxm tool=conduit-v2 step=test
time=2026-08-02T15:47:30.809-07:00 level=INFO msg="Running step" test=archv2-nxm tool=conduit-v2 step=post-test
time=2026-08-02T15:47:30.809-07:00 level=INFO msg="Exporting metrics" test=archv2-nxm tool=conduit-v2 step=post-test collector=conduit path=/Users/devarisbrown/Code/projects/conduit/benchi/archv2-nxm/results/r2/archv2-nxm_conduit-v2/conduit.csv
time=2026-08-02T15:47:30.810-07:00 level=INFO msg="Exporting metrics" test=archv2-nxm tool=conduit-v2 step=post-test collector=docker path=/Users/devarisbrown/Code/projects/conduit/benchi/archv2-nxm/results/r2/archv2-nxm_conduit-v2/docker.csv
time=2026-08-02T15:47:30.810-07:00 level=DEBUG msg="Running hooks" test=archv2-nxm tool=conduit-v2 step=post-test count=0
time=2026-08-02T15:47:30.810-07:00 level=INFO msg="Step successful" test=archv2-nxm tool=conduit-v2 step=post-test
time=2026-08-02T15:47:30.810-07:00 level=INFO msg="Running step" test=archv2-nxm tool=conduit-v2 step=pre-cleanup
time=2026-08-02T15:47:30.810-07:00 level=DEBUG msg="Running hooks" test=archv2-nxm tool=conduit-v2 step=pre-cleanup count=0
time=2026-08-02T15:47:30.810-07:00 level=INFO msg="Step successful" test=archv2-nxm tool=conduit-v2 step=pre-cleanup
time=2026-08-02T15:47:30.810-07:00 level=INFO msg="Running step" test=archv2-nxm tool=conduit-v2 step=cleanup
time=2026-08-02T15:47:30.810-07:00 level=INFO msg="Stopping containers" test=archv2-nxm tool=conduit-v2 step=tool
time=2026-08-02T15:47:30.811-07:00 level=DEBUG msg="Executing command" command="/usr/local/bin/docker compose -f ./tools/compose-conduit-v2.yml down"
time=2026-08-02T15:47:31.165-07:00 level=DEBUG msg="Inspecting container" model=container-monitor name=benchi-conduit
time=2026-08-02T15:47:31.328-07:00 level=INFO msg="Step successful" test=archv2-nxm tool=conduit-v2 step=cleanup
time=2026-08-02T15:47:31.328-07:00 level=INFO msg="Running step" test=archv2-nxm tool=conduit-v2 step=post-cleanup
time=2026-08-02T15:47:31.328-07:00 level=DEBUG msg="Running hooks" test=archv2-nxm tool=conduit-v2 step=post-cleanup count=0
time=2026-08-02T15:47:31.328-07:00 level=INFO msg="Step successful" test=archv2-nxm tool=conduit-v2 step=post-cleanup
time=2026-08-02T15:47:31.329-07:00 level=INFO msg="Exporting aggregated metrics" path=/Users/devarisbrown/Code/projects/conduit/benchi/archv2-nxm/results/r2/aggregated-results.csv
time=2026-08-02T15:47:31.329-07:00 level=INFO msg="Removing docker network" network=benchi
time=2026-08-02T15:47:31.329-07:00 level=INFO msg="Removing network" network=benchi
time=2026-08-02T15:47:31.622-07:00 level=INFO msg="Network removed" network=benchi
