time=2026-08-02T15:47:36.680-07:00 level=INFO msg="Results directory" path=/Users/devarisbrown/Code/projects/conduit/benchi/archv2-nxm/results/r3
time=2026-08-02T15:47:36.681-07:00 level=INFO msg="Config file" path=/Users/devarisbrown/Code/projects/conduit/benchi/archv2-nxm/bench.yml
time=2026-08-02T15:47:36.681-07:00 level=INFO msg="Parsed config" path=/Users/devarisbrown/Code/projects/conduit/benchi/archv2-nxm/bench.yml
time=2026-08-02T15:47:36.681-07:00 level=INFO msg="Creating docker client"
time=2026-08-02T15:47:36.686-07:00 level=INFO msg="Creating docker network" network=benchi
time=2026-08-02T15:47:36.690-07:00 level=INFO msg="Docker network not found, creating it" network=benchi
time=2026-08-02T15:47:37.736-07:00 level=INFO msg="Network created" network-id=dbd3be6a282c6cca8ff389849fdabade5d41d6b5f78018fd7fa8223fddddde1c
time=2026-08-02T15:47:37.741-07:00 level=INFO msg="Using network" network=benchi network-id=dbd3be6a282c6cca8ff389849fdabade5d41d6b5f78018fd7fa8223fddddde1c
time=2026-08-02T15:47:37.741-07:00 level=DEBUG msg="Executing command" command="/usr/local/bin/docker compose -f ./tools/compose-conduit-v1.yml config --format json"
time=2026-08-02T15:47:37.865-07:00 level=INFO msg="Replaying on-disk memory mappable chunks if any" test=archv2-nxm tool=conduit-v1 collector=conduit type=conduit collector=conduit type=conduit collector.prometheus=tsdb
time=2026-08-02T15:47:37.865-07:00 level=INFO msg="On-disk memory mappable chunks replay completed" test=archv2-nxm tool=conduit-v1 collector=conduit type=conduit collector=conduit type=conduit collector.prometheus=tsdb duration=2.292µs
time=2026-08-02T15:47:37.865-07:00 level=INFO msg="Replaying WAL, this may take a while" test=archv2-nxm tool=conduit-v1 collector=conduit type=conduit collector=conduit type=conduit collector.prometheus=tsdb
time=2026-08-02T15:47:37.870-07:00 level=INFO msg="WAL segment loaded" test=archv2-nxm tool=conduit-v1 collector=conduit type=conduit collector=conduit type=conduit collector.prometheus=tsdb segment=0 maxSegment=0
time=2026-08-02T15:47:37.870-07:00 level=INFO msg="WAL replay completed" test=archv2-nxm tool=conduit-v1 collector=conduit type=conduit collector=conduit type=conduit collector.prometheus=tsdb checkpoint_replay_duration=50.917µs wal_replay_duration=5.431459ms wbl_replay_duration=167ns chunk_snapshot_load_duration=0s mmap_chunk_replay_duration=2.292µs total_replay_duration=5.534ms
time=2026-08-02T15:47:37.899-07:00 level=DEBUG msg="Lookback delta is zero, setting to default value" test=archv2-nxm tool=conduit-v1 collector=conduit type=conduit collector=conduit type=conduit collector.prometheus="query engine" value=5m0s
time=2026-08-02T15:47:37.900-07:00 level=DEBUG msg="Executing command" command="/usr/local/bin/docker compose -f ./tools/compose-conduit-v2.yml config --format json"
time=2026-08-02T15:47:38.018-07:00 level=INFO msg="Replaying on-disk memory mappable chunks if any" test=archv2-nxm tool=conduit-v2 collector=conduit type=conduit collector=conduit type=conduit collector.prometheus=tsdb
time=2026-08-02T15:47:38.018-07:00 level=INFO msg="On-disk memory mappable chunks replay completed" test=archv2-nxm tool=conduit-v2 collector=conduit type=conduit collector=conduit type=conduit collector.prometheus=tsdb duration=666ns
time=2026-08-02T15:47:38.018-07:00 level=INFO msg="Replaying WAL, this may take a while" test=archv2-nxm tool=conduit-v2 collector=conduit type=conduit collector=conduit type=conduit collector.prometheus=tsdb
time=2026-08-02T15:47:38.019-07:00 level=INFO msg="WAL segment loaded" test=archv2-nxm tool=conduit-v2 collector=conduit type=conduit collector=conduit type=conduit collector.prometheus=tsdb segment=0 maxSegment=0
time=2026-08-02T15:47:38.019-07:00 level=INFO msg="WAL replay completed" test=archv2-nxm tool=conduit-v2 collector=conduit type=conduit collector=conduit type=conduit collector.prometheus=tsdb checkpoint_replay_duration=48.208µs wal_replay_duration=161.833µs wbl_replay_duration=166ns chunk_snapshot_load_duration=0s mmap_chunk_replay_duration=666ns total_replay_duration=247.958µs
time=2026-08-02T15:47:38.029-07:00 level=DEBUG msg="Lookback delta is zero, setting to default value" test=archv2-nxm tool=conduit-v2 collector=conduit type=conduit collector=conduit type=conduit collector.prometheus="query engine" value=5m0s
time=2026-08-02T15:47:38.029-07:00 level=INFO msg="Running step" test=archv2-nxm tool=conduit-v1 step=pre-infrastructure
time=2026-08-02T15:47:38.029-07:00 level=INFO msg="Pulling docker images for tool containers" test=archv2-nxm tool=conduit-v1 step=pre-infrastructure containers=[benchi-conduit]
time=2026-08-02T15:47:38.029-07:00 level=DEBUG msg="Executing command" command="/usr/local/bin/docker compose -f ./tools/compose-conduit-v1.yml pull"
time=2026-08-02T15:47:38.148-07:00 level=INFO msg="Pulling docker images for hooks" test=archv2-nxm tool=conduit-v1 step=pre-infrastructure images=[]
time=2026-08-02T15:47:38.148-07:00 level=DEBUG msg="Running hooks" test=archv2-nxm tool=conduit-v1 step=pre-infrastructure count=0
time=2026-08-02T15:47:38.149-07:00 level=INFO msg="Step successful" test=archv2-nxm tool=conduit-v1 step=pre-infrastructure
time=2026-08-02T15:47:38.149-07:00 level=INFO msg="Running step" test=archv2-nxm tool=conduit-v1 step=infrastructure
time=2026-08-02T15:47:38.149-07:00 level=INFO msg="No infrastructure to start" test=archv2-nxm tool=conduit-v1 step=infrastructure
time=2026-08-02T15:47:38.149-07:00 level=INFO msg="Step successful" test=archv2-nxm tool=conduit-v1 step=infrastructure
time=2026-08-02T15:47:38.149-07:00 level=INFO msg="Running step" test=archv2-nxm tool=conduit-v1 step=post-infrastructure
time=2026-08-02T15:47:38.149-07:00 level=DEBUG msg="Running hooks" test=archv2-nxm tool=conduit-v1 step=post-infrastructure count=0
time=2026-08-02T15:47:38.149-07:00 level=INFO msg="Step successful" test=archv2-nxm tool=conduit-v1 step=post-infrastructure
time=2026-08-02T15:47:38.149-07:00 level=INFO msg="Running step" test=archv2-nxm tool=conduit-v1 step=pre-tool
time=2026-08-02T15:47:38.149-07:00 level=DEBUG msg="Running hooks" test=archv2-nxm tool=conduit-v1 step=pre-tool count=0
time=2026-08-02T15:47:38.149-07:00 level=INFO msg="Step successful" test=archv2-nxm tool=conduit-v1 step=pre-tool
time=2026-08-02T15:47:38.149-07:00 level=INFO msg="Running step" test=archv2-nxm tool=conduit-v1 step=tool
time=2026-08-02T15:47:38.149-07:00 level=INFO msg="Waiting for container status to be healthy" test=archv2-nxm tool=conduit-v1 step=tool container=benchi-conduit status=N/A
time=2026-08-02T15:47:38.149-07:00 level=DEBUG msg="Executing command" command="/usr/local/bin/docker compose -f ./tools/compose-conduit-v1.yml up"
time=2026-08-02T15:47:38.530-07:00 level=DEBUG msg="Inspecting container" model=container-monitor name=benchi-conduit
time=2026-08-02T15:47:39.158-07:00 level=DEBUG msg="Inspected container" test=archv2-nxm tool=conduit-v1 step=tool container=benchi-conduit response="{ContainerJSONBase:0x14000ffe2c0 Mounts:[{Type:bind Name: Source:/Users/devarisbrown/Code/projects/conduit/benchi/archv2-nxm/pipeline.yml Destination:/app/pipelines/pipeline.yml Driver: Mode:rw RW:true Propagation:rprivate}] Config:0x14000a9a140 NetworkSettings:0x140001cc200 ImageManifestDescriptor:<nil>}" state="{Status:running Running:true Paused:false Restarting:false OOMKilled:false Dead:false Pid:1925 ExitCode:0 Error: StartedAt:2026-08-02T22:47:38.386576007Z FinishedAt:0001-01-01T00:00:00Z Health:<nil>}"
time=2026-08-02T15:47:39.158-07:00 level=INFO msg="Container is running (consider adding a health check!)" test=archv2-nxm tool=conduit-v1 step=tool container=/benchi-conduit
time=2026-08-02T15:47:39.158-07:00 level=INFO msg="Tools started" test=archv2-nxm tool=conduit-v1 step=tool
time=2026-08-02T15:47:39.158-07:00 level=INFO msg="Step successful" test=archv2-nxm tool=conduit-v1 step=tool
time=2026-08-02T15:47:39.158-07:00 level=INFO msg="Running step" test=archv2-nxm tool=conduit-v1 step=post-tool
time=2026-08-02T15:47:39.158-07:00 level=DEBUG msg="Running hooks" test=archv2-nxm tool=conduit-v1 step=post-tool count=0
time=2026-08-02T15:47:39.158-07:00 level=INFO msg="Step successful" test=archv2-nxm tool=conduit-v1 step=post-tool
time=2026-08-02T15:47:39.158-07:00 level=INFO msg="Running step" test=archv2-nxm tool=conduit-v1 step=pre-test
time=2026-08-02T15:47:39.158-07:00 level=DEBUG msg="Running hooks" test=archv2-nxm tool=conduit-v1 step=pre-test count=0
time=2026-08-02T15:47:39.158-07:00 level=INFO msg="Step successful" test=archv2-nxm tool=conduit-v1 step=pre-test
time=2026-08-02T15:47:39.159-07:00 level=INFO msg="Running step" test=archv2-nxm tool=conduit-v1 step=test
time=2026-08-02T15:47:39.159-07:00 level=INFO msg="Running collector" test=archv2-nxm tool=conduit-v1 step=test name=conduit type=conduit
time=2026-08-02T15:47:39.159-07:00 level=INFO msg="Running collector" test=archv2-nxm tool=conduit-v1 step=test name=docker type=docker
time=2026-08-02T15:47:39.159-07:00 level=INFO msg="Test in progress" test=archv2-nxm tool=conduit-v1 step=test time-left=1m0s
time=2026-08-02T15:47:39.159-07:00 level=DEBUG msg="Collecting stats" test=archv2-nxm tool=conduit-v1 collector=docker type=docker collector=docker type=docker container=benchi-conduit
time=2026-08-02T15:47:39.184-07:00 level=DEBUG msg="Inspecting container" model=container-monitor name=benchi-conduit
time=2026-08-02T15:47:39.700-07:00 level=DEBUG msg="Inspecting container" model=container-monitor name=benchi-conduit
time=2026-08-02T15:47:40.159-07:00 level=DEBUG msg="promql query logged" test=archv2-nxm tool=conduit-v1 collector=conduit type=conduit collector=conduit type=conduit params="map[end:2026-08-02T22:47:40.159Z query:rate(conduit_pipeline_execution_duration_seconds_count{pipeline_name=\"archv2-nxm\"}[2s]) start:2026-08-02T22:47:39.159Z step:1]" stats="&{Timings:{EvalTotalTime:9.5125e-05 ResultSortTime:4.59e-07 QueryPreparationTime:2.325e-05 InnerEvalTime:5.9667e-05 ExecQueueTime:2.001e-06 ExecTotalTime:0.000100292} Samples:0x14000a1cb40}" spanID=0000000000000000
time=2026-08-02T15:47:40.159-07:00 level=DEBUG msg="No data returned from query" test=archv2-nxm tool=conduit-v1 collector=conduit type=conduit collector=conduit type=conduit
time=2026-08-02T15:47:40.160-07:00 level=DEBUG msg="promql query logged" test=archv2-nxm tool=conduit-v1 collector=conduit type=conduit collector=conduit type=conduit params="map[end:2026-08-02T22:47:40.159Z query:rate(conduit_connector_bytes_sum{pipeline_name=\"archv2-nxm\",type=\"source\"}[2s])/1048576 start:2026-08-02T22:47:39.159Z step:1]" stats="&{Timings:{EvalTotalTime:8.9833e-05 ResultSortTime:2.5e-07 QueryPreparationTime:1.575e-05 InnerEvalTime:6.9375e-05 ExecQueueTime:1.75e-06 ExecTotalTime:9.3083e-05} Samples:0x14000a1d200}" spanID=0000000000000000
time=2026-08-02T15:47:40.160-07:00 level=DEBUG msg="No data returned from query" test=archv2-nxm tool=conduit-v1 collector=conduit type=conduit collector=conduit type=conduit
time=2026-08-02T15:47:40.160-07:00 level=DEBUG msg="promql query logged" test=archv2-nxm tool=conduit-v1 collector=conduit type=conduit collector=conduit type=conduit params="map[end:2026-08-02T22:47:40.160Z query:rate(conduit_connector_bytes_sum{pipeline_name=\"archv2-nxm\",type=\"destination\"}[2s])/1048576 start:2026-08-02T22:47:39.159Z step:1]" stats="&{Timings:{EvalTotalTime:2.7e-05 ResultSortTime:1.25e-07 QueryPreparationTime:5.125e-06 InnerEvalTime:1.8959e-05 ExecQueueTime:8.34e-07 ExecTotalTime:2.9167e-05} Samples:0x14000a1d8c0}" spanID=0000000000000000
time=2026-08-02T15:47:40.160-07:00 level=DEBUG msg="No data returned from query" test=archv2-nxm tool=conduit-v1 collector=conduit type=conduit collector=conduit type=conduit
time=2026-08-02T15:47:40.209-07:00 level=DEBUG msg="Inspecting container" model=container-monitor name=benchi-conduit
time=2026-08-02T15:47:40.720-07:00 level=DEBUG msg="Inspecting container" model=container-monitor name=benchi-conduit
time=2026-08-02T15:47:41.159-07:00 level=DEBUG msg="promql query logged" test=archv2-nxm tool=conduit-v1 collector=conduit type=conduit collector=conduit type=conduit params="map[end:2026-08-02T22:47:41.159Z query:rate(conduit_pipeline_execution_duration_seconds_count{pipeline_name=\"archv2-nxm\"}[2s]) start:2026-08-02T22:47:39.159Z step:1]" stats="&{Timings:{EvalTotalTime:5.4834e-05 ResultSortTime:3.75e-07 QueryPreparationTime:2.2459e-05 InnerEvalTime:2.8417e-05 ExecQueueTime:2.25e-06 ExecTotalTime:5.9042e-05} Samples:0x14001126990}" spanID=0000000000000000
time=2026-08-02T15:47:41.159-07:00 level=DEBUG msg="Query returned data" test=archv2-nxm tool=conduit-v1 collector=conduit type=conduit collector=conduit type=conduit name=msg-rate-per-second[archv2-nxm] series-count=1 last-value=16184
time=2026-08-02T15:47:41.160-07:00 level=DEBUG msg="promql query logged" test=archv2-nxm tool=conduit-v1 collector=conduit type=conduit collector=conduit type=conduit params="map[end:2026-08-02T22:47:41.159Z query:rate(conduit_connector_bytes_sum{pipeline_name=\"archv2-nxm\",type=\"source\"}[2s])/1048576 start:2026-08-02T22:47:39.159Z step:1]" stats="&{Timings:{EvalTotalTime:2.55e-05 ResultSortTime:6.67e-07 QueryPreparationTime:4.459e-06 InnerEvalTime:1.8541e-05 ExecQueueTime:6.25e-07 ExecTotalTime:2.7417e-05} Samples:0x140011270b0}" spanID=0000000000000000
time=2026-08-02T15:47:41.160-07:00 level=WARN msg="Query returned multiple series, only first will be used" test=archv2-nxm tool=conduit-v1 collector=conduit type=conduit collector=conduit type=conduit series-count=2
time=2026-08-02T15:47:41.160-07:00 level=DEBUG msg="Query returned data" test=archv2-nxm tool=conduit-v1 collector=conduit type=conduit collector=conduit type=conduit name=msg-megabytes-in-per-second[archv2-nxm] series-count=1 last-value=0.23132038116455078
time=2026-08-02T15:47:41.160-07:00 level=DEBUG msg="promql query logged" test=archv2-nxm tool=conduit-v1 collector=conduit type=conduit collector=conduit type=conduit params="map[end:2026-08-02T22:47:41.160Z query:rate(conduit_connector_bytes_sum{pipeline_name=\"archv2-nxm\",type=\"destination\"}[2s])/1048576 start:2026-08-02T22:47:39.159Z step:1]" stats="&{Timings:{EvalTotalTime:1.6125e-05 ResultSortTime:2.08e-07 QueryPreparationTime:3.292e-06 InnerEvalTime:1.0792e-05 ExecQueueTime:4.99e-07 ExecTotalTime:1.7583e-05} Samples:0x140011278f0}" spanID=0000000000000000
time=2026-08-02T15:47:41.160-07:00 level=WARN msg="Query returned multiple series, only first will be used" test=archv2-nxm tool=conduit-v1 collector=conduit type=conduit collector=conduit type=conduit series-count=2
time=2026-08-02T15:47:41.160-07:00 level=DEBUG msg="Query returned data" test=archv2-nxm tool=conduit-v1 collector=conduit type=conduit collector=conduit type=conduit name=msg-megabytes-out-per-second[archv2-nxm] series-count=1 last-value=0.45789051055908203
time=2026-08-02T15:47:41.229-07:00 level=DEBUG msg="Inspecting container" model=container-monitor name=benchi-conduit
time=2026-08-02T15:47:41.734-07:00 level=DEBUG msg="Inspecting container" model=container-monitor name=benchi-conduit
time=2026-08-02T15:47:42.161-07:00 level=DEBUG msg="promql query logged" test=archv2-nxm tool=conduit-v1 collector=conduit type=conduit collector=conduit type=conduit params="map[end:2026-08-02T22:47:42.161Z query:rate(conduit_pipeline_execution_duration_seconds_count{pipeline_name=\"archv2-nxm\"}[2s]) start:2026-08-02T22:47:39.159Z step:1]" stats="&{Timings:{EvalTotalTime:4.9208e-05 ResultSortTime:5.42e-07 QueryPreparationTime:1.4542e-05 InnerEvalTime:2.9458e-05 ExecQueueTime:1.958e-06 ExecTotalTime:5.4125e-05} Samples:0x14001007f50}" spanID=0000000000000000
time=2026-08-02T15:47:42.161-07:00 level=DEBUG msg="Query returned data" test=archv2-nxm tool=conduit-v1 collector=conduit type=conduit collector=conduit type=conduit name=msg-rate-per-second[archv2-nxm] series-count=1 last-value=16387
time=2026-08-02T15:47:42.161-07:00 level=DEBUG msg="promql query logged" test=archv2-nxm tool=conduit-v1 collector=conduit type=conduit collector=conduit type=conduit params="map[end:2026-08-02T22:47:42.161Z query:rate(conduit_connector_bytes_sum{pipeline_name=\"archv2-nxm\",type=\"source\"}[2s])/1048576 start:2026-08-02T22:47:39.159Z step:1]" stats="&{Timings:{EvalTotalTime:5.9084e-05 ResultSortTime:8.75e-07 QueryPreparationTime:9.666e-06 InnerEvalTime:4.5e-05 ExecQueueTime:1.666e-06 ExecTotalTime:6.1916e-05} Samples:0x140012926c0}" spanID=0000000000000000
time=2026-08-02T15:47:42.162-07:00 level=WARN msg="Query returned multiple series, only first will be used" test=archv2-nxm tool=conduit-v1 collector=conduit type=conduit collector=conduit type=conduit series-count=2
time=2026-08-02T15:47:42.162-07:00 level=DEBUG msg="Query returned data" test=archv2-nxm tool=conduit-v1 collector=conduit type=conduit collector=conduit type=conduit name=msg-megabytes-in-per-second[archv2-nxm] series-count=1 last-value=0.22814273834228516
time=2026-08-02T15:47:42.162-07:00 level=DEBUG msg="promql query logged" test=archv2-nxm tool=conduit-v1 collector=conduit type=conduit collector=conduit type=conduit params="map[end:2026-08-02T22:47:42.162Z query:rate(conduit_connector_bytes_sum{pipeline_name=\"archv2-nxm\",type=\"destination\"}[2s])/1048576 start:2026-08-02T22:47:39.159Z step:1]" stats="&{Timings:{EvalTotalTime:6.9042e-05 ResultSortTime:7.92e-07 QueryPreparationTime:3.0291e-05 InnerEvalTime:3.3375e-05 ExecQueueTime:1.916e-06 ExecTotalTime:7.2833e-05} Samples:0x140013043c0}" spanID=0000000000000000
time=2026-08-02T15:47:42.162-07:00 level=WARN msg="Query returned multiple series, only first will be used" test=archv2-nxm tool=conduit-v1 collector=conduit type=conduit collector=conduit type=conduit series-count=2
time=2026-08-02T15:47:42.162-07:00 level=DEBUG msg="Query returned data" test=archv2-nxm tool=conduit-v1 collector=conduit type=conduit collector=conduit type=conduit name=msg-megabytes-out-per-second[archv2-nxm] series-count=1 last-value=0.46260643005371094
time=2026-08-02T15:47:42.248-07:00 level=DEBUG msg="Inspecting container" model=container-monitor name=benchi-conduit
time=2026-08-02T15:47:42.753-07:00 level=DEBUG msg="Inspecting container" model=container-monitor name=benchi-conduit
time=2026-08-02T15:47:43.160-07:00 level=DEBUG msg="promql query logged" test=archv2-nxm tool=conduit-v1 collector=conduit type=conduit collector=conduit type=conduit params="map[end:2026-08-02T22:47:43.159Z query:rate(conduit_pipeline_execution_duration_seconds_count{pipeline_name=\"archv2-nxm\"}[2s]) start:2026-08-02T22:47:39.159Z step:1]" stats="&{Timings:{EvalTotalTime:5.4708e-05 ResultSortTime:3.33e-07 QueryPreparationTime:2.2625e-05 InnerEvalTime:2.6292e-05 ExecQueueTime:2.583e-06 ExecTotalTime:5.9917e-05} Samples:0x1400121ba70}" spanID=0000000000000000
time=2026-08-02T15:47:43.160-07:00 level=DEBUG msg="Query returned data" test=archv2-nxm tool=conduit-v1 collector=conduit type=conduit collector=conduit type=conduit name=msg-rate-per-second[archv2-nxm] series-count=1 last-value=16020
time=2026-08-02T15:47:43.160-07:00 level=DEBUG msg="promql query logged" test=archv2-nxm tool=conduit-v1 collector=conduit type=conduit collector=conduit type=conduit params="map[end:2026-08-02T22:47:43.160Z query:rate(conduit_connector_bytes_sum{pipeline_name=\"archv2-nxm\",type=\"source\"}[2s])/1048576 start:2026-08-02T22:47:39.159Z step:1]" stats="&{Timings:{EvalTotalTime:4.6042e-05 ResultSortTime:8.75e-07 QueryPreparationTime:8.333e-06 InnerEvalTime:3.3167e-05 ExecQueueTime:1.167e-06 ExecTotalTime:4.9333e-05} Samples:0x140013be1b0}" spanID=0000000000000000
time=2026-08-02T15:47:43.160-07:00 level=WARN msg="Query returned multiple series, only first will be used" test=archv2-nxm tool=conduit-v1 collector=conduit type=conduit collector=conduit type=conduit series-count=2
time=2026-08-02T15:47:43.160-07:00 level=DEBUG msg="Query returned data" test=archv2-nxm tool=conduit-v1 collector=conduit type=conduit collector=conduit type=conduit name=msg-megabytes-in-per-second[archv2-nxm] series-count=1 last-value=0.22662353515625
time=2026-08-02T15:47:43.160-07:00 level=DEBUG msg="promql query logged" test=archv2-nxm tool=conduit-v1 collector=conduit type=conduit collector=conduit type=conduit params="map[end:2026-08-02T22:47:43.160Z query:rate(conduit_connector_bytes_sum{pipeline_name=\"archv2-nxm\",type=\"destination\"}[2s])/1048576 start:2026-08-02T22:47:39.159Z step:1]" stats="&{Timings:{EvalTotalTime:4.6125e-05 ResultSortTime:5.41e-07 QueryPreparationTime:9.917e-06 InnerEvalTime:3.2459e-05 ExecQueueTime:1e-06 ExecTotalTime:4.8958e-05} Samples:0x140013bea50}" spanID=0000000000000000
time=2026-08-02T15:47:43.160-07:00 level=WARN msg="Query returned multiple series, only first will be used" test=archv2-nxm tool=conduit-v1 collector=conduit type=conduit collector=conduit type=conduit series-count=2
time=2026-08-02T15:47:43.160-07:00 level=DEBUG msg="Query returned data" test=archv2-nxm tool=conduit-v1 collector=conduit type=conduit collector=conduit type=conduit name=msg-megabytes-out-per-second[archv2-nxm] series-count=1 last-value=0.45299339294433594
time=2026-08-02T15:47:43.271-07:00 level=DEBUG msg="Inspecting container" model=container-monitor name=benchi-conduit
time=2026-08-02T15:47:43.783-07:00 level=DEBUG msg="Inspecting container" model=container-monitor name=benchi-conduit
time=2026-08-02T15:47:44.160-07:00 level=DEBUG msg="promql query logged" test=archv2-nxm tool=conduit-v1 collector=conduit type=conduit collector=conduit type=conduit params="map[end:2026-08-02T22:47:44.160Z query:rate(conduit_pipeline_execution_duration_seconds_count{pipeline_name=\"archv2-nxm\"}[2s]) start:2026-08-02T22:47:39.159Z step:1]" stats="&{Timings:{EvalTotalTime:5.0958e-05 ResultSortTime:4.17e-07 QueryPreparationTime:2.0208e-05 InnerEvalTime:2.5959e-05 ExecQueueTime:2.375e-06 ExecTotalTime:5.575e-05} Samples:0x140013bf890}" spanID=0000000000000000
time=2026-08-02T15:47:44.160-07:00 level=DEBUG msg="Query returned data" test=archv2-nxm tool=conduit-v1 collector=conduit type=conduit collector=conduit type=conduit name=msg-rate-per-second[archv2-nxm] series-count=1 last-value=17022
time=2026-08-02T15:47:44.160-07:00 level=DEBUG msg="promql query logged" test=archv2-nxm tool=conduit-v1 collector=conduit type=conduit collector=conduit type=conduit params="map[end:2026-08-02T22:47:44.160Z query:rate(conduit_connector_bytes_sum{pipeline_name=\"archv2-nxm\",type=\"source\"}[2s])/1048576 start:2026-08-02T22:47:39.159Z step:1]" stats="&{Timings:{EvalTotalTime:6.2542e-05 ResultSortTime:7.09e-07 QueryPreparationTime:7.084e-06 InnerEvalTime:5.1292e-05 ExecQueueTime:9.16e-07 ExecTotalTime:6.4958e-05} Samples:0x140013bff50}" spanID=0000000000000000
time=2026-08-02T15:47:44.160-07:00 level=WARN msg="Query returned multiple series, only first will be used" test=archv2-nxm tool=conduit-v1 collector=conduit type=conduit collector=conduit type=conduit series-count=2
time=2026-08-02T15:47:44.160-07:00 level=DEBUG msg="Query returned data" test=archv2-nxm tool=conduit-v1 collector=conduit type=conduit collector=conduit type=conduit name=msg-megabytes-in-per-second[archv2-nxm] series-count=1 last-value=0.24298477172851562
time=2026-08-02T15:47:44.160-07:00 level=DEBUG msg="promql query logged" test=archv2-nxm tool=conduit-v1 collector=conduit type=conduit collector=conduit type=conduit params="map[end:2026-08-02T22:47:44.160Z query:rate(conduit_connector_bytes_sum{pipeline_name=\"archv2-nxm\",type=\"destination\"}[2s])/1048576 start:2026-08-02T22:47:39.159Z step:1]" stats="&{Timings:{EvalTotalTime:3.5583e-05 ResultSortTime:3.34e-07 QueryPreparationTime:7.542e-06 InnerEvalTime:2.4291e-05 ExecQueueTime:8.33e-07 ExecTotalTime:3.8459e-05} Samples:0x140014208d0}" spanID=0000000000000000
time=2026-08-02T15:47:44.160-07:00 level=WARN msg="Query returned multiple series, only first will be used" test=archv2-nxm tool=conduit-v1 collector=conduit type=conduit collector=conduit type=conduit series-count=2
time=2026-08-02T15:47:44.160-07:00 level=DEBUG msg="Query returned data" test=archv2-nxm tool=conduit-v1 collector=conduit type=conduit collector=conduit type=conduit name=msg-megabytes-out-per-second[archv2-nxm] series-count=1 last-value=0.48120594024658203
time=2026-08-02T15:47:44.161-07:00 level=INFO msg="Test in progress" test=archv2-nxm tool=conduit-v1 step=test time-left=55s
time=2026-08-02T15:47:44.293-07:00 level=DEBUG msg="Inspecting container" model=container-monitor name=benchi-conduit
time=2026-08-02T15:47:44.813-07:00 level=DEBUG msg="Inspecting container" model=container-monitor name=benchi-conduit
time=2026-08-02T15:47:45.162-07:00 level=DEBUG msg="promql query logged" test=archv2-nxm tool=conduit-v1 collector=conduit type=conduit collector=conduit type=conduit params="map[end:2026-08-02T22:47:45.162Z query:rate(conduit_pipeline_execution_duration_seconds_count{pipeline_name=\"archv2-nxm\"}[2s]) start:2026-08-02T22:47:39.159Z step:1]" stats="&{Timings:{EvalTotalTime:5.0125e-05 ResultSortTime:2.5e-07 QueryPreparationTime:1.8334e-05 InnerEvalTime:2.6458e-05 ExecQueueTime:2.333e-06 ExecTotalTime:5.4792e-05} Samples:0x1400064f680}" spanID=0000000000000000
time=2026-08-02T15:47:45.162-07:00 level=DEBUG msg="Query returned data" test=archv2-nxm tool=conduit-v1 collector=conduit type=conduit collector=conduit type=conduit name=msg-rate-per-second[archv2-nxm] series-count=1 last-value=17178
time=2026-08-02T15:47:45.162-07:00 level=DEBUG msg="promql query logged" test=archv2-nxm tool=conduit-v1 collector=conduit type=conduit collector=conduit type=conduit params="map[end:2026-08-02T22:47:45.162Z query:rate(conduit_connector_bytes_sum{pipeline_name=\"archv2-nxm\",type=\"source\"}[2s])/1048576 start:2026-08-02T22:47:39.159Z step:1]" stats="&{Timings:{EvalTotalTime:4.1375e-05 ResultSortTime:8.33e-07 QueryPreparationTime:6.917e-06 InnerEvalTime:2.9917e-05 ExecQueueTime:1e-06 ExecTotalTime:5.0167e-05} Samples:0x1400064fd70}" spanID=0000000000000000
time=2026-08-02T15:47:45.162-07:00 level=WARN msg="Query returned multiple series, only first will be used" test=archv2-nxm tool=conduit-v1 collector=conduit type=conduit collector=conduit type=conduit series-count=2
time=2026-08-02T15:47:45.162-07:00 level=DEBUG msg="Query returned data" test=archv2-nxm tool=conduit-v1 collector=conduit type=conduit collector=conduit type=conduit name=msg-megabytes-in-per-second[archv2-nxm] series-count=1 last-value=0.24341869354248047
time=2026-08-02T15:47:45.163-07:00 level=DEBUG msg="promql query logged" test=archv2-nxm tool=conduit-v1 collector=conduit type=conduit collector=conduit type=conduit params="map[end:2026-08-02T22:47:45.162Z query:rate(conduit_connector_bytes_sum{pipeline_name=\"archv2-nxm\",type=\"destination\"}[2s])/1048576 start:2026-08-02T22:47:39.159Z step:1]" stats="&{Timings:{EvalTotalTime:0.00048425 ResultSortTime:1e-06 QueryPreparationTime:5.959e-06 InnerEvalTime:0.000468666 ExecQueueTime:7.49e-07 ExecTotalTime:0.00048825} Samples:0x140009aa750}" spanID=0000000000000000
time=2026-08-02T15:47:45.163-07:00 level=WARN msg="Query returned multiple series, only first will be used" test=archv2-nxm tool=conduit-v1 collector=conduit type=conduit collector=conduit type=conduit series-count=2
time=2026-08-02T15:47:45.163-07:00 level=DEBUG msg="Query returned data" test=archv2-nxm tool=conduit-v1 collector=conduit type=conduit collector=conduit type=conduit name=msg-megabytes-out-per-second[archv2-nxm] series-count=1 last-value=0.48644447326660156
time=2026-08-02T15:47:45.317-07:00 level=DEBUG msg="Inspecting container" model=container-monitor name=benchi-conduit
time=2026-08-02T15:47:45.832-07:00 level=DEBUG msg="Inspecting container" model=container-monitor name=benchi-conduit
time=2026-08-02T15:47:46.159-07:00 level=DEBUG msg="promql query logged" test=archv2-nxm tool=conduit-v1 collector=conduit type=conduit collector=conduit type=conduit params="map[end:2026-08-02T22:47:46.159Z query:rate(conduit_pipeline_execution_duration_seconds_count{pipeline_name=\"archv2-nxm\"}[2s]) start:2026-08-02T22:47:39.159Z step:1]" stats="&{Timings:{EvalTotalTime:4.6042e-05 ResultSortTime:2.92e-07 QueryPreparationTime:1.4333e-05 InnerEvalTime:2.6708e-05 ExecQueueTime:2.832e-06 ExecTotalTime:5.0833e-05} Samples:0x140015a05a0}" spanID=0000000000000000
time=2026-08-02T15:47:46.159-07:00 level=DEBUG msg="Query returned data" test=archv2-nxm tool=conduit-v1 collector=conduit type=conduit collector=conduit type=conduit name=msg-rate-per-second[archv2-nxm] series-count=1 last-value=15880
time=2026-08-02T15:47:46.159-07:00 level=DEBUG msg="promql query logged" test=archv2-nxm tool=conduit-v1 collector=conduit type=conduit collector=conduit type=conduit params="map[end:2026-08-02T22:47:46.159Z query:rate(conduit_connector_bytes_sum{pipeline_name=\"archv2-nxm\",type=\"source\"}[2s])/1048576 start:2026-08-02T22:47:39.159Z step:1]" stats="&{Timings:{EvalTotalTime:4.825e-05 ResultSortTime:7.08e-07 QueryPreparationTime:6.375e-06 InnerEvalTime:3.8e-05 ExecQueueTime:7.91e-07 ExecTotalTime:5.0625e-05} Samples:0x140015a0c60}" spanID=0000000000000000
time=2026-08-02T15:47:46.160-07:00 level=WARN msg="Query returned multiple series, only first will be used" test=archv2-nxm tool=conduit-v1 collector=conduit type=conduit collector=conduit type=conduit series-count=2
time=2026-08-02T15:47:46.160-07:00 level=DEBUG msg="Query returned data" test=archv2-nxm tool=conduit-v1 collector=conduit type=conduit collector=conduit type=conduit name=msg-megabytes-in-per-second[archv2-nxm] series-count=1 last-value=0.22261333465576172
time=2026-08-02T15:47:46.160-07:00 level=DEBUG msg="promql query logged" test=archv2-nxm tool=conduit-v1 collector=conduit type=conduit collector=conduit type=conduit params="map[end:2026-08-02T22:47:46.160Z query:rate(conduit_connector_bytes_sum{pipeline_name=\"archv2-nxm\",type=\"destination\"}[2s])/1048576 start:2026-08-02T22:47:39.159Z step:1]" stats="&{Timings:{EvalTotalTime:4.325e-05 ResultSortTime:4.17e-07 QueryPreparationTime:6.167e-06 InnerEvalTime:3.3542e-05 ExecQueueTime:8.33e-07 ExecTotalTime:4.5583e-05} Samples:0x140015a15c0}" spanID=0000000000000000
time=2026-08-02T15:47:46.160-07:00 level=WARN msg="Query returned multiple series, only first will be used" test=archv2-nxm tool=conduit-v1 collector=conduit type=conduit collector=conduit type=conduit series-count=2
time=2026-08-02T15:47:46.160-07:00 level=DEBUG msg="Query returned data" test=archv2-nxm tool=conduit-v1 collector=conduit type=conduit collector=conduit type=conduit name=msg-megabytes-out-per-second[archv2-nxm] series-count=1 last-value=0.44919586181640625
time=2026-08-02T15:47:46.348-07:00 level=DEBUG msg="Inspecting container" model=container-monitor name=benchi-conduit
time=2026-08-02T15:47:46.870-07:00 level=DEBUG msg="Inspecting container" model=container-monitor name=benchi-conduit
time=2026-08-02T15:47:47.159-07:00 level=DEBUG msg="promql query logged" test=archv2-nxm tool=conduit-v1 collector=conduit type=conduit collector=conduit type=conduit params="map[end:2026-08-02T22:47:47.159Z query:rate(conduit_pipeline_execution_duration_seconds_count{pipeline_name=\"archv2-nxm\"}[2s]) start:2026-08-02T22:47:39.159Z step:1]" stats="&{Timings:{EvalTotalTime:4.0375e-05 ResultSortTime:3.33e-07 QueryPreparationTime:9.375e-06 InnerEvalTime:2.8e-05 ExecQueueTime:1.916e-06 ExecTotalTime:4.3666e-05} Samples:0x140015a0660}" spanID=0000000000000000
time=2026-08-02T15:47:47.159-07:00 level=DEBUG msg="Query returned data" test=archv2-nxm tool=conduit-v1 collector=conduit type=conduit collector=conduit type=conduit name=msg-rate-per-second[archv2-nxm] series-count=1 last-value=15480
time=2026-08-02T15:47:47.159-07:00 level=DEBUG msg="promql query logged" test=archv2-nxm tool=conduit-v1 collector=conduit type=conduit collector=conduit type=conduit params="map[end:2026-08-02T22:47:47.159Z query:rate(conduit_connector_bytes_sum{pipeline_name=\"archv2-nxm\",type=\"source\"}[2s])/1048576 start:2026-08-02T22:47:39.159Z step:1]" stats="&{Timings:{EvalTotalTime:4.9125e-05 ResultSortTime:7.92e-07 QueryPreparationTime:4e-06 InnerEvalTime:4.2458e-05 ExecQueueTime:4.16e-07 ExecTotalTime:5.0541e-05} Samples:0x140015a0d50}" spanID=0000000000000000
time=2026-08-02T15:47:47.159-07:00 level=WARN msg="Query returned multiple series, only first will be used" test=archv2-nxm tool=conduit-v1 collector=conduit type=conduit collector=conduit type=conduit series-count=2
time=2026-08-02T15:47:47.159-07:00 level=DEBUG msg="Query returned data" test=archv2-nxm tool=conduit-v1 collector=conduit type=conduit collector=conduit type=conduit name=msg-megabytes-in-per-second[archv2-nxm] series-count=1 last-value=0.22361087799072266
time=2026-08-02T15:47:47.160-07:00 level=DEBUG msg="promql query logged" test=archv2-nxm tool=conduit-v1 collector=conduit type=conduit collector=conduit type=conduit params="map[end:2026-08-02T22:47:47.159Z query:rate(conduit_connector_bytes_sum{pipeline_name=\"archv2-nxm\",type=\"destination\"}[2s])/1048576 start:2026-08-02T22:47:39.159Z step:1]" stats="&{Timings:{EvalTotalTime:6.0708e-05 ResultSortTime:6.67e-07 QueryPreparationTime:1.2791e-05 InnerEvalTime:4.2709e-05 ExecQueueTime:2e-06 ExecTotalTime:6.45e-05} Samples:0x140009ab9e0}" spanID=0000000000000000
time=2026-08-02T15:47:47.160-07:00 level=WARN msg="Query returned multiple series, only first will be used" test=archv2-nxm tool=conduit-v1 collector=conduit type=conduit collector=conduit type=conduit series-count=2
time=2026-08-02T15:47:47.160-07:00 level=DEBUG msg="Query returned data" test=archv2-nxm tool=conduit-v1 collector=conduit type=conduit collector=conduit type=conduit name=msg-megabytes-out-per-second[archv2-nxm] series-count=1 last-value=0.4366893768310547
time=2026-08-02T15:47:47.380-07:00 level=DEBUG msg="Inspecting container" model=container-monitor name=benchi-conduit
time=2026-08-02T15:47:47.884-07:00 level=DEBUG msg="Inspecting container" model=container-monitor name=benchi-conduit
time=2026-08-02T15:47:48.160-07:00 level=DEBUG msg="promql query logged" test=archv2-nxm tool=conduit-v1 collector=conduit type=conduit collector=conduit type=conduit params="map[end:2026-08-02T22:47:48.160Z query:rate(conduit_pipeline_execution_duration_seconds_count{pipeline_name=\"archv2-nxm\"}[2s]) start:2026-08-02T22:47:39.159Z step:1]" stats="&{Timings:{EvalTotalTime:6.8125e-05 ResultSortTime:2.5e-07 QueryPreparationTime:2.0958e-05 InnerEvalTime:3.9083e-05 ExecQueueTime:4.166e-06 ExecTotalTime:7.475e-05} Samples:0x140015a19e0}" spanID=0000000000000000
time=2026-08-02T15:47:48.161-07:00 level=DEBUG msg="Query returned data" test=archv2-nxm tool=conduit-v1 collector=conduit type=conduit collector=conduit type=conduit name=msg-rate-per-second[archv2-nxm] series-count=1 last-value=15615
time=2026-08-02T15:47:48.161-07:00 level=DEBUG msg="promql query logged" test=archv2-nxm tool=conduit-v1 collector=conduit type=conduit collector=conduit type=conduit params="map[end:2026-08-02T22:47:48.161Z query:rate(conduit_connector_bytes_sum{pipeline_name=\"archv2-nxm\",type=\"source\"}[2s])/1048576 start:2026-08-02T22:47:39.159Z step:1]" stats="&{Timings:{EvalTotalTime:5.3292e-05 ResultSortTime:7.92e-07 QueryPreparationTime:6.875e-06 InnerEvalTime:3.7917e-05 ExecQueueTime:8.34e-07 ExecTotalTime:5.5792e-05} Samples:0x14001100360}" spanID=0000000000000000
time=2026-08-02T15:47:48.161-07:00 level=WARN msg="Query returned multiple series, only first will be used" test=archv2-nxm tool=conduit-v1 collector=conduit type=conduit collector=conduit type=conduit series-count=2
time=2026-08-02T15:47:48.161-07:00 level=DEBUG msg="Query returned data" test=archv2-nxm tool=conduit-v1 collector=conduit type=conduit collector=conduit type=conduit name=msg-megabytes-in-per-second[archv2-nxm] series-count=1 last-value=0.230865478515625
time=2026-08-02T15:47:48.161-07:00 level=DEBUG msg="promql query logged" test=archv2-nxm tool=conduit-v1 collector=conduit type=conduit collector=conduit type=conduit params="map[end:2026-08-02T22:47:48.161Z query:rate(conduit_connector_bytes_sum{pipeline_name=\"archv2-nxm\",type=\"destination\"}[2s])/1048576 start:2026-08-02T22:47:39.159Z step:1]" stats="&{Timings:{EvalTotalTime:5.65e-05 ResultSortTime:4.16e-07 QueryPreparationTime:8e-06 InnerEvalTime:4.475e-05 ExecQueueTime:7.08e-07 ExecTotalTime:5.9e-05} Samples:0x14001101770}" spanID=0000000000000000
time=2026-08-02T15:47:48.161-07:00 level=WARN msg="Query returned multiple series, only first will be used" test=archv2-nxm tool=conduit-v1 collector=conduit type=conduit collector=conduit type=conduit series-count=2
time=2026-08-02T15:47:48.161-07:00 level=DEBUG msg="Query returned data" test=archv2-nxm tool=conduit-v1 collector=conduit type=conduit collector=conduit type=conduit name=msg-megabytes-out-per-second[archv2-nxm] series-count=1 last-value=0.4412984848022461
time=2026-08-02T15:47:48.390-07:00 level=DEBUG msg="Inspecting container" model=container-monitor name=benchi-conduit
time=2026-08-02T15:47:48.895-07:00 level=DEBUG msg="Inspecting container" model=container-monitor name=benchi-conduit
time=2026-08-02T15:47:49.161-07:00 level=INFO msg="Test in progress" test=archv2-nxm tool=conduit-v1 step=test time-left=50s
time=2026-08-02T15:47:49.162-07:00 level=DEBUG msg="promql query logged" test=archv2-nxm tool=conduit-v1 collector=conduit type=conduit collector=conduit type=conduit params="map[end:2026-08-02T22:47:49.162Z query:rate(conduit_pipeline_execution_duration_seconds_count{pipeline_name=\"archv2-nxm\"}[2s]) start:2026-08-02T22:47:39.159Z step:1]" stats="&{Timings:{EvalTotalTime:3.45e-05 ResultSortTime:3.34e-07 QueryPreparationTime:9.917e-06 InnerEvalTime:2.1334e-05 ExecQueueTime:1.625e-06 ExecTotalTime:3.7791e-05} Samples:0x14000b0e330}" spanID=0000000000000000
time=2026-08-02T15:47:49.162-07:00 level=DEBUG msg="Query returned data" test=archv2-nxm tool=conduit-v1 collector=conduit type=conduit collector=conduit type=conduit name=msg-rate-per-second[archv2-nxm] series-count=1 last-value=17343
time=2026-08-02T15:47:49.162-07:00 level=DEBUG msg="promql query logged" test=archv2-nxm tool=conduit-v1 collector=conduit type=conduit collector=conduit type=conduit params="map[end:2026-08-02T22:47:49.162Z query:rate(conduit_connector_bytes_sum{pipeline_name=\"archv2-nxm\",type=\"source\"}[2s])/1048576 start:2026-08-02T22:47:39.159Z step:1]" stats="&{Timings:{EvalTotalTime:5.45e-05 ResultSortTime:6.67e-07 QueryPreparationTime:3.917e-06 InnerEvalTime:4.7958e-05 ExecQueueTime:6.26e-07 ExecTotalTime:5.6042e-05} Samples:0x14001000e10}" spanID=0000000000000000
time=2026-08-02T15:47:49.162-07:00 level=WARN msg="Query returned multiple series, only first will be used" test=archv2-nxm tool=conduit-v1 collector=conduit type=conduit collector=conduit type=conduit series-count=2
time=2026-08-02T15:47:49.162-07:00 level=DEBUG msg="Query returned data" test=archv2-nxm tool=conduit-v1 collector=conduit type=conduit collector=conduit type=conduit name=msg-megabytes-in-per-second[archv2-nxm] series-count=1 last-value=0.24647903442382812
time=2026-08-02T15:47:49.162-07:00 level=DEBUG msg="promql query logged" test=archv2-nxm tool=conduit-v1 collector=conduit type=conduit collector=conduit type=conduit params="map[end:2026-08-02T22:47:49.162Z query:rate(conduit_connector_bytes_sum{pipeline_name=\"archv2-nxm\",type=\"destination\"}[2s])/1048576 start:2026-08-02T22:47:39.159Z step:1]" stats="&{Timings:{EvalTotalTime:1.9833e-05 ResultSortTime:2.08e-07 QueryPreparationTime:3e-06 InnerEvalTime:1.5125e-05 ExecQueueTime:5.41e-07 ExecTotalTime:2.1334e-05} Samples:0x1400100a270}" spanID=0000000000000000
time=2026-08-02T15:47:49.162-07:00 level=WARN msg="Query returned multiple series, only first will be used" test=archv2-nxm tool=conduit-v1 collector=conduit type=conduit collector=conduit type=conduit series-count=2
time=2026-08-02T15:47:49.162-07:00 level=DEBUG msg="Query returned data" test=archv2-nxm tool=conduit-v1 collector=conduit type=conduit collector=conduit type=conduit name=msg-megabytes-out-per-second[archv2-nxm] series-count=1 last-value=0.49056529998779297
time=2026-08-02T15:47:49.401-07:00 level=DEBUG msg="Inspecting container" model=container-monitor name=benchi-conduit
time=2026-08-02T15:47:49.910-07:00 level=DEBUG msg="Inspecting container" model=container-monitor name=benchi-conduit
time=2026-08-02T15:47:50.159-07:00 level=DEBUG msg="promql query logged" test=archv2-nxm tool=conduit-v1 collector=conduit type=conduit collector=conduit type=conduit params="map[end:2026-08-02T22:47:50.159Z query:rate(conduit_pipeline_execution_duration_seconds_count{pipeline_name=\"archv2-nxm\"}[2s]) start:2026-08-02T22:47:39.159Z step:1]" stats="&{Timings:{EvalTotalTime:5.1125e-05 ResultSortTime:5e-07 QueryPreparationTime:1.4792e-05 InnerEvalTime:3.1083e-05 ExecQueueTime:2.667e-06 ExecTotalTime:5.6667e-05} Samples:0x14000a820c0}" spanID=0000000000000000
time=2026-08-02T15:47:50.159-07:00 level=DEBUG msg="Query returned data" test=archv2-nxm tool=conduit-v1 collector=conduit type=conduit collector=conduit type=conduit name=msg-rate-per-second[archv2-nxm] series-count=1 last-value=18013
time=2026-08-02T15:47:50.159-07:00 level=DEBUG msg="promql query logged" test=archv2-nxm tool=conduit-v1 collector=conduit type=conduit collector=conduit type=conduit params="map[end:2026-08-02T22:47:50.159Z query:rate(conduit_connector_bytes_sum{pipeline_name=\"archv2-nxm\",type=\"source\"}[2s])/1048576 start:2026-08-02T22:47:39.159Z step:1]" stats="&{Timings:{EvalTotalTime:0.000104667 ResultSortTime:8.34e-07 QueryPreparationTime:8.125e-06 InnerEvalTime:9.1833e-05 ExecQueueTime:1.042e-06 ExecTotalTime:0.000107708} Samples:0x14000a827b0}" spanID=0000000000000000
time=2026-08-02T15:47:50.159-07:00 level=WARN msg="Query returned multiple series, only first will be used" test=archv2-nxm tool=conduit-v1 collector=conduit type=conduit collector=conduit type=conduit series-count=2
time=2026-08-02T15:47:50.159-07:00 level=DEBUG msg="Query returned data" test=archv2-nxm tool=conduit-v1 collector=conduit type=conduit collector=conduit type=conduit name=msg-megabytes-in-per-second[archv2-nxm] series-count=1 last-value=0.2533750534057617
time=2026-08-02T15:47:50.160-07:00 level=DEBUG msg="promql query logged" test=archv2-nxm tool=conduit-v1 collector=conduit type=conduit collector=conduit type=conduit params="map[end:2026-08-02T22:47:50.159Z query:rate(conduit_connector_bytes_sum{pipeline_name=\"archv2-nxm\",type=\"destination\"}[2s])/1048576 start:2026-08-02T22:47:39.159Z step:1]" stats="&{Timings:{EvalTotalTime:4.1208e-05 ResultSortTime:3.33e-07 QueryPreparationTime:6.583e-06 InnerEvalTime:3.0666e-05 ExecQueueTime:8.75e-07 ExecTotalTime:4.45e-05} Samples:0x14000a83860}" spanID=0000000000000000
time=2026-08-02T15:47:50.160-07:00 level=WARN msg="Query returned multiple series, only first will be used" test=archv2-nxm tool=conduit-v1 collector=conduit type=conduit collector=conduit type=conduit series-count=2
time=2026-08-02T15:47:50.160-07:00 level=DEBUG msg="Query returned data" test=archv2-nxm tool=conduit-v1 collector=conduit type=conduit collector=conduit type=conduit name=msg-megabytes-out-per-second[archv2-nxm] series-count=1 last-value=0.5094070434570312
time=2026-08-02T15:47:50.416-07:00 level=DEBUG msg="Inspecting container" model=container-monitor name=benchi-conduit
time=2026-08-02T15:47:50.923-07:00 level=DEBUG msg="Inspecting container" model=container-monitor name=benchi-conduit
time=2026-08-02T15:47:51.159-07:00 level=DEBUG msg="promql query logged" test=archv2-nxm tool=conduit-v1 collector=conduit type=conduit collector=conduit type=conduit params="map[end:2026-08-02T22:47:51.159Z query:rate(conduit_pipeline_execution_duration_seconds_count{pipeline_name=\"archv2-nxm\"}[2s]) start:2026-08-02T22:47:39.159Z step:1]" stats="&{Timings:{EvalTotalTime:8.6458e-05 ResultSortTime:2.91e-07 QueryPreparationTime:4.5666e-05 InnerEvalTime:2.9458e-05 ExecQueueTime:2.542e-06 ExecTotalTime:9.15e-05} Samples:0x14000a1cde0}" spanID=0000000000000000
time=2026-08-02T15:47:51.160-07:00 level=DEBUG msg="Query returned data" test=archv2-nxm tool=conduit-v1 collector=conduit type=conduit collector=conduit type=conduit name=msg-rate-per-second[archv2-nxm] series-count=1 last-value=20753
time=2026-08-02T15:47:51.162-07:00 level=DEBUG msg="promql query logged" test=archv2-nxm tool=conduit-v1 collector=conduit type=conduit collector=conduit type=conduit params="map[end:2026-08-02T22:47:51.160Z query:rate(conduit_connector_bytes_sum{pipeline_name=\"archv2-nxm\",type=\"source\"}[2s])/1048576 start:2026-08-02T22:47:39.159Z step:1]" stats="&{Timings:{EvalTotalTime:6.4459e-05 ResultSortTime:9.58e-07 QueryPreparationTime:1.3542e-05 InnerEvalTime:4.5333e-05 ExecQueueTime:2.417e-06 ExecTotalTime:7.1791e-05} Samples:0x14000a1d4a0}" spanID=0000000000000000
time=2026-08-02T15:47:51.162-07:00 level=WARN msg="Query returned multiple series, only first will be used" test=archv2-nxm tool=conduit-v1 collector=conduit type=conduit collector=conduit type=conduit series-count=2
time=2026-08-02T15:47:51.162-07:00 level=DEBUG msg="Query returned data" test=archv2-nxm tool=conduit-v1 collector=conduit type=conduit collector=conduit type=conduit name=msg-megabytes-in-per-second[archv2-nxm] series-count=1 last-value=0.29567527770996094
time=2026-08-02T15:47:51.162-07:00 level=DEBUG msg="promql query logged" test=archv2-nxm tool=conduit-v1 collector=conduit type=conduit collector=conduit type=conduit params="map[end:2026-08-02T22:47:51.162Z query:rate(conduit_connector_bytes_sum{pipeline_name=\"archv2-nxm\",type=\"destination\"}[2s])/1048576 start:2026-08-02T22:47:39.159Z step:1]" stats="&{Timings:{EvalTotalTime:4.9792e-05 ResultSortTime:4.58e-07 QueryPreparationTime:9.459e-06 InnerEvalTime:3.6e-05 ExecQueueTime:1.292e-06 ExecTotalTime:5.3458e-05} Samples:0x1400100b680}" spanID=0000000000000000
time=2026-08-02T15:47:51.162-07:00 level=WARN msg="Query returned multiple series, only first will be used" test=archv2-nxm tool=conduit-v1 collector=conduit type=conduit collector=conduit type=conduit series-count=2
time=2026-08-02T15:47:51.162-07:00 level=DEBUG msg="Query returned data" test=archv2-nxm tool=conduit-v1 collector=conduit type=conduit collector=conduit type=conduit name=msg-megabytes-out-per-second[archv2-nxm] series-count=1 last-value=0.586024284362793
time=2026-08-02T15:47:51.433-07:00 level=DEBUG msg="Inspecting container" model=container-monitor name=benchi-conduit
time=2026-08-02T15:47:51.941-07:00 level=DEBUG msg="Inspecting container" model=container-monitor name=benchi-conduit
time=2026-08-02T15:47:52.162-07:00 level=DEBUG msg="promql query logged" test=archv2-nxm tool=conduit-v1 collector=conduit type=conduit collector=conduit type=conduit params="map[end:2026-08-02T22:47:52.162Z query:rate(conduit_pipeline_execution_duration_seconds_count{pipeline_name=\"archv2-nxm\"}[2s]) start:2026-08-02T22:47:39.159Z step:1]" stats="&{Timings:{EvalTotalTime:4.3792e-05 ResultSortTime:4.17e-07 QueryPreparationTime:1.2542e-05 InnerEvalTime:2.7792e-05 ExecQueueTime:2.792e-06 ExecTotalTime:4.8209e-05} Samples:0x14001126510}" spanID=0000000000000000
time=2026-08-02T15:47:52.163-07:00 level=DEBUG msg="Query returned data" test=archv2-nxm tool=conduit-v1 collector=conduit type=conduit collector=conduit type=conduit name=msg-rate-per-second[archv2-nxm] series-count=1 last-value=20454
time=2026-08-02T15:47:52.163-07:00 level=DEBUG msg="promql query logged" test=archv2-nxm tool=conduit-v1 collector=conduit type=conduit collector=conduit type=conduit params="map[end:2026-08-02T22:47:52.163Z query:rate(conduit_connector_bytes_sum{pipeline_name=\"archv2-nxm\",type=\"source\"}[2s])/1048576 start:2026-08-02T22:47:39.159Z step:1]" stats="&{Timings:{EvalTotalTime:3.7875e-05 ResultSortTime:6.66e-07 QueryPreparationTime:5.083e-06 InnerEvalTime:2.9833e-05 ExecQueueTime:6.66e-07 ExecTotalTime:3.9541e-05} Samples:0x14001126c60}" spanID=0000000000000000
time=2026-08-02T15:47:52.163-07:00 level=WARN msg="Query returned multiple series, only first will be used" test=archv2-nxm tool=conduit-v1 collector=conduit type=conduit collector=conduit type=conduit series-count=2
time=2026-08-02T15:47:52.163-07:00 level=DEBUG msg="Query returned data" test=archv2-nxm tool=conduit-v1 collector=conduit type=conduit collector=conduit type=conduit name=msg-megabytes-in-per-second[archv2-nxm] series-count=1 last-value=0.28551292419433594
time=2026-08-02T15:47:52.163-07:00 level=DEBUG msg="promql query logged" test=archv2-nxm tool=conduit-v1 collector=conduit type=conduit collector=conduit type=conduit params="map[end:2026-08-02T22:47:52.163Z query:rate(conduit_connector_bytes_sum{pipeline_name=\"archv2-nxm\",type=\"destination\"}[2s])/1048576 start:2026-08-02T22:47:39.159Z step:1]" stats="&{Timings:{EvalTotalTime:3.5125e-05 ResultSortTime:3.75e-07 QueryPreparationTime:6e-06 InnerEvalTime:2.5833e-05 ExecQueueTime:1.167e-06 ExecTotalTime:3.7791e-05} Samples:0x140010076e0}" spanID=0000000000000000
time=2026-08-02T15:47:52.163-07:00 level=WARN msg="Query returned multiple series, only first will be used" test=archv2-nxm tool=conduit-v1 collector=conduit type=conduit collector=conduit type=conduit series-count=2
time=2026-08-02T15:47:52.163-07:00 level=DEBUG msg="Query returned data" test=archv2-nxm tool=conduit-v1 collector=conduit type=conduit collector=conduit type=conduit name=msg-megabytes-out-per-second[archv2-nxm] series-count=1 last-value=0.5785083770751953
time=2026-08-02T15:47:52.449-07:00 level=DEBUG msg="Inspecting container" model=container-monitor name=benchi-conduit
time=2026-08-02T15:47:52.957-07:00 level=DEBUG msg="Inspecting container" model=container-monitor name=benchi-conduit
time=2026-08-02T15:47:53.160-07:00 level=DEBUG msg="promql query logged" test=archv2-nxm tool=conduit-v1 collector=conduit type=conduit collector=conduit type=conduit params="map[end:2026-08-02T22:47:53.159Z query:rate(conduit_pipeline_execution_duration_seconds_count{pipeline_name=\"archv2-nxm\"}[2s]) start:2026-08-02T22:47:39.159Z step:1]" stats="&{Timings:{EvalTotalTime:6.2667e-05 ResultSortTime:4.17e-07 QueryPreparationTime:1.8666e-05 InnerEvalTime:3.3292e-05 ExecQueueTime:3.5e-06 ExecTotalTime:6.8667e-05} Samples:0x14001293b60}" spanID=0000000000000000
time=2026-08-02T15:47:53.160-07:00 level=DEBUG msg="Query returned data" test=archv2-nxm tool=conduit-v1 collector=conduit type=conduit collector=conduit type=conduit name=msg-rate-per-second[archv2-nxm] series-count=1 last-value=20380
time=2026-08-02T15:47:53.160-07:00 level=DEBUG msg="promql query logged" test=archv2-nxm tool=conduit-v1 collector=conduit type=conduit collector=conduit type=conduit params="map[end:2026-08-02T22:47:53.160Z query:rate(conduit_connector_bytes_sum{pipeline_name=\"archv2-nxm\",type=\"source\"}[2s])/1048576 start:2026-08-02T22:47:39.159Z step:1]" stats="&{Timings:{EvalTotalTime:0.000117292 ResultSortTime:1.292e-06 QueryPreparationTime:1.475e-05 InnerEvalTime:9.5958e-05 ExecQueueTime:1.126e-06 ExecTotalTime:0.00012075} Samples:0x1400064ec30}" spanID=0000000000000000
time=2026-08-02T15:47:53.160-07:00 level=WARN msg="Query returned multiple series, only first will be used" test=archv2-nxm tool=conduit-v1 collector=conduit type=conduit collector=conduit type=conduit series-count=2
time=2026-08-02T15:47:53.160-07:00 level=DEBUG msg="Query returned data" test=archv2-nxm tool=conduit-v1 collector=conduit type=conduit collector=conduit type=conduit name=msg-megabytes-in-per-second[archv2-nxm] series-count=1 last-value=0.28480052947998047
time=2026-08-02T15:47:53.160-07:00 level=DEBUG msg="promql query logged" test=archv2-nxm tool=conduit-v1 collector=conduit type=conduit collector=conduit type=conduit params="map[end:2026-08-02T22:47:53.160Z query:rate(conduit_connector_bytes_sum{pipeline_name=\"archv2-nxm\",type=\"destination\"}[2s])/1048576 start:2026-08-02T22:47:39.159Z step:1]" stats="&{Timings:{EvalTotalTime:0.00011775 ResultSortTime:7.09e-07 QueryPreparationTime:1.0875e-05 InnerEvalTime:0.000101125 ExecQueueTime:1.333e-06 ExecTotalTime:0.000121791} Samples:0x1400064f6b0}" spanID=0000000000000000
time=2026-08-02T15:47:53.160-07:00 level=WARN msg="Query returned multiple series, only first will be used" test=archv2-nxm tool=conduit-v1 collector=conduit type=conduit collector=conduit type=conduit series-count=2
time=2026-08-02T15:47:53.160-07:00 level=DEBUG msg="Query returned data" test=archv2-nxm tool=conduit-v1 collector=conduit type=conduit collector=conduit type=conduit name=msg-megabytes-out-per-second[archv2-nxm] series-count=1 last-value=0.5758256912231445
time=2026-08-02T15:47:53.463-07:00 level=DEBUG msg="Inspecting container" model=container-monitor name=benchi-conduit
time=2026-08-02T15:47:53.968-07:00 level=DEBUG msg="Inspecting container" model=container-monitor name=benchi-conduit
time=2026-08-02T15:47:54.159-07:00 level=INFO msg="Test in progress" test=archv2-nxm tool=conduit-v1 step=test time-left=45s
time=2026-08-02T15:47:54.159-07:00 level=DEBUG msg="promql query logged" test=archv2-nxm tool=conduit-v1 collector=conduit type=conduit collector=conduit type=conduit params="map[end:2026-08-02T22:47:54.159Z query:rate(conduit_pipeline_execution_duration_seconds_count{pipeline_name=\"archv2-nxm\"}[2s]) start:2026-08-02T22:47:39.159Z step:1]" stats="&{Timings:{EvalTotalTime:4.7292e-05 ResultSortTime:4.16e-07 QueryPreparationTime:1.4125e-05 InnerEvalTime:2.8125e-05 ExecQueueTime:2e-06 ExecTotalTime:5.2458e-05} Samples:0x1400121b080}" spanID=0000000000000000
time=2026-08-02T15:47:54.159-07:00 level=DEBUG msg="Query returned data" test=archv2-nxm tool=conduit-v1 collector=conduit type=conduit collector=conduit type=conduit name=msg-rate-per-second[archv2-nxm] series-count=1 last-value=20264
time=2026-08-02T15:47:54.159-07:00 level=DEBUG msg="promql query logged" test=archv2-nxm tool=conduit-v1 collector=conduit type=conduit collector=conduit type=conduit params="map[end:2026-08-02T22:47:54.159Z query:rate(conduit_connector_bytes_sum{pipeline_name=\"archv2-nxm\",type=\"source\"}[2s])/1048576 start:2026-08-02T22:47:39.159Z step:1]" stats="&{Timings:{EvalTotalTime:5.425e-05 ResultSortTime:8.33e-07 QueryPreparationTime:8.5e-06 InnerEvalTime:4.1792e-05 ExecQueueTime:9.16e-07 ExecTotalTime:5.6792e-05} Samples:0x1400121b770}" spanID=0000000000000000
time=2026-08-02T15:47:54.159-07:00 level=WARN msg="Query returned multiple series, only first will be used" test=archv2-nxm tool=conduit-v1 collector=conduit type=conduit collector=conduit type=conduit series-count=2
time=2026-08-02T15:47:54.159-07:00 level=DEBUG msg="Query returned data" test=archv2-nxm tool=conduit-v1 collector=conduit type=conduit collector=conduit type=conduit name=msg-megabytes-in-per-second[archv2-nxm] series-count=1 last-value=0.2892904281616211
time=2026-08-02T15:47:54.159-07:00 level=DEBUG msg="promql query logged" test=archv2-nxm tool=conduit-v1 collector=conduit type=conduit collector=conduit type=conduit params="map[end:2026-08-02T22:47:54.159Z query:rate(conduit_connector_bytes_sum{pipeline_name=\"archv2-nxm\",type=\"destination\"}[2s])/1048576 start:2026-08-02T22:47:39.159Z step:1]" stats="&{Timings:{EvalTotalTime:5.6459e-05 ResultSortTime:4.58e-07 QueryPreparationTime:1.1333e-05 InnerEvalTime:4.0625e-05 ExecQueueTime:1e-06 ExecTotalTime:6.1334e-05} Samples:0x1400121bda0}" spanID=0000000000000000
time=2026-08-02T15:47:54.160-07:00 level=WARN msg="Query returned multiple series, only first will be used" test=archv2-nxm tool=conduit-v1 collector=conduit type=conduit collector=conduit type=conduit series-count=2
time=2026-08-02T15:47:54.160-07:00 level=DEBUG msg="Query returned data" test=archv2-nxm tool=conduit-v1 collector=conduit type=conduit collector=conduit type=conduit name=msg-megabytes-out-per-second[archv2-nxm] series-count=1 last-value=0.5727319717407227
time=2026-08-02T15:47:54.472-07:00 level=DEBUG msg="Inspecting container" model=container-monitor name=benchi-conduit
time=2026-08-02T15:47:54.979-07:00 level=DEBUG msg="Inspecting container" model=container-monitor name=benchi-conduit
time=2026-08-02T15:47:55.159-07:00 level=DEBUG msg="promql query logged" test=archv2-nxm tool=conduit-v1 collector=conduit type=conduit collector=conduit type=conduit params="map[end:2026-08-02T22:47:55.159Z query:rate(conduit_pipeline_execution_duration_seconds_count{pipeline_name=\"archv2-nxm\"}[2s]) start:2026-08-02T22:47:39.159Z step:1]" stats="&{Timings:{EvalTotalTime:5.6042e-05 ResultSortTime:2.91e-07 QueryPreparationTime:1.6542e-05 InnerEvalTime:3.3666e-05 ExecQueueTime:2.583e-06 ExecTotalTime:6.1625e-05} Samples:0x1400143ad80}" spanID=0000000000000000
time=2026-08-02T15:47:55.159-07:00 level=DEBUG msg="Query returned data" test=archv2-nxm tool=conduit-v1 collector=conduit type=conduit collector=conduit type=conduit name=msg-rate-per-second[archv2-nxm] series-count=1 last-value=21286
time=2026-08-02T15:47:55.159-07:00 level=DEBUG msg="promql query logged" test=archv2-nxm tool=conduit-v1 collector=conduit type=conduit collector=conduit type=conduit params="map[end:2026-08-02T22:47:55.159Z query:rate(conduit_connector_bytes_sum{pipeline_name=\"archv2-nxm\",type=\"source\"}[2s])/1048576 start:2026-08-02T22:47:39.159Z step:1]" stats="&{Timings:{EvalTotalTime:5.1959e-05 ResultSortTime:1e-06 QueryPreparationTime:7.458e-06 InnerEvalTime:4.0417e-05 ExecQueueTime:8.74e-07 ExecTotalTime:5.425e-05} Samples:0x1400143b440}" spanID=0000000000000000
time=2026-08-02T15:47:55.159-07:00 level=WARN msg="Query returned multiple series, only first will be used" test=archv2-nxm tool=conduit-v1 collector=conduit type=conduit collector=conduit type=conduit series-count=2
time=2026-08-02T15:47:55.159-07:00 level=DEBUG msg="Query returned data" test=archv2-nxm tool=conduit-v1 collector=conduit type=conduit collector=conduit type=conduit name=msg-megabytes-in-per-second[archv2-nxm] series-count=1 last-value=0.3010082244873047
time=2026-08-02T15:47:55.159-07:00 level=DEBUG msg="promql query logged" test=archv2-nxm tool=conduit-v1 collector=conduit type=conduit collector=conduit type=conduit params="map[end:2026-08-02T22:47:55.159Z query:rate(conduit_connector_bytes_sum{pipeline_name=\"archv2-nxm\",type=\"destination\"}[2s])/1048576 start:2026-08-02T22:47:39.159Z step:1]" stats="&{Timings:{EvalTotalTime:5.65e-05 ResultSortTime:5.42e-07 QueryPreparationTime:8.083e-06 InnerEvalTime:4.3959e-05 ExecQueueTime:1.167e-06 ExecTotalTime:5.9625e-05} Samples:0x140012caff0}" spanID=0000000000000000
time=2026-08-02T15:47:55.160-07:00 level=WARN msg="Query returned multiple series, only first will be used" test=archv2-nxm tool=conduit-v1 collector=conduit type=conduit collector=conduit type=conduit series-count=2
time=2026-08-02T15:47:55.160-07:00 level=DEBUG msg="Query returned data" test=archv2-nxm tool=conduit-v1 collector=conduit type=conduit collector=conduit type=conduit name=msg-megabytes-out-per-second[archv2-nxm] series-count=1 last-value=0.6020145416259766
time=2026-08-02T15:47:55.491-07:00 level=DEBUG msg="Inspecting container" model=container-monitor name=benchi-conduit
time=2026-08-02T15:47:55.993-07:00 level=DEBUG msg="Inspecting container" model=container-monitor name=benchi-conduit
time=2026-08-02T15:47:56.159-07:00 level=DEBUG msg="promql query logged" test=archv2-nxm tool=conduit-v1 collector=conduit type=conduit collector=conduit type=conduit params="map[end:2026-08-02T22:47:56.159Z query:rate(conduit_pipeline_execution_duration_seconds_count{pipeline_name=\"archv2-nxm\"}[2s]) start:2026-08-02T22:47:39.159Z step:1]" stats="&{Timings:{EvalTotalTime:7.7875e-05 ResultSortTime:3.33e-07 QueryPreparationTime:1.7667e-05 InnerEvalTime:5.4458e-05 ExecQueueTime:2.624e-06 ExecTotalTime:8.3125e-05} Samples:0x14001326630}" spanID=0000000000000000
time=2026-08-02T15:47:56.160-07:00 level=DEBUG msg="Query returned data" test=archv2-nxm tool=conduit-v1 collector=conduit type=conduit collector=conduit type=conduit name=msg-rate-per-second[archv2-nxm] series-count=1 last-value=19352
time=2026-08-02T15:47:56.160-07:00 level=DEBUG msg="promql query logged" test=archv2-nxm tool=conduit-v1 collector=conduit type=conduit collector=conduit type=conduit params="map[end:2026-08-02T22:47:56.160Z query:rate(conduit_connector_bytes_sum{pipeline_name=\"archv2-nxm\",type=\"source\"}[2s])/1048576 start:2026-08-02T22:47:39.159Z step:1]" stats="&{Timings:{EvalTotalTime:7e-05 ResultSortTime:8.34e-07 QueryPreparationTime:8.084e-06 InnerEvalTime:5.7458e-05 ExecQueueTime:1.083e-06 ExecTotalTime:7.2541e-05} Samples:0x14001326cf0}" spanID=0000000000000000
time=2026-08-02T15:47:56.160-07:00 level=WARN msg="Query returned multiple series, only first will be used" test=archv2-nxm tool=conduit-v1 collector=conduit type=conduit collector=conduit type=conduit series-count=2
time=2026-08-02T15:47:56.160-07:00 level=DEBUG msg="Query returned data" test=archv2-nxm tool=conduit-v1 collector=conduit type=conduit collector=conduit type=conduit name=msg-megabytes-in-per-second[archv2-nxm] series-count=1 last-value=0.27512264251708984
time=2026-08-02T15:47:56.160-07:00 level=DEBUG msg="promql query logged" test=archv2-nxm tool=conduit-v1 collector=conduit type=conduit collector=conduit type=conduit params="map[end:2026-08-02T22:47:56.160Z query:rate(conduit_connector_bytes_sum{pipeline_name=\"archv2-nxm\",type=\"destination\"}[2s])/1048576 start:2026-08-02T22:47:39.159Z step:1]" stats="&{Timings:{EvalTotalTime:6.7375e-05 ResultSortTime:4.17e-07 QueryPreparationTime:6.291e-06 InnerEvalTime:5.7375e-05 ExecQueueTime:8.33e-07 ExecTotalTime:7.0125e-05} Samples:0x140013278f0}" spanID=0000000000000000
time=2026-08-02T15:47:56.160-07:00 level=WARN msg="Query returned multiple series, only first will be used" test=archv2-nxm tool=conduit-v1 collector=conduit type=conduit collector=conduit type=conduit series-count=2
time=2026-08-02T15:47:56.160-07:00 level=DEBUG msg="Query returned data" test=archv2-nxm tool=conduit-v1 collector=conduit type=conduit collector=conduit type=conduit name=msg-megabytes-out-per-second[archv2-nxm] series-count=1 last-value=0.5470752716064453
time=2026-08-02T15:47:56.501-07:00 level=DEBUG msg="Inspecting container" model=container-monitor name=benchi-conduit
time=2026-08-02T15:47:57.012-07:00 level=DEBUG msg="Inspecting container" model=container-monitor name=benchi-conduit
time=2026-08-02T15:47:57.160-07:00 level=DEBUG msg="promql query logged" test=archv2-nxm tool=conduit-v1 collector=conduit type=conduit collector=conduit type=conduit params="map[end:2026-08-02T22:47:57.160Z query:rate(conduit_pipeline_execution_duration_seconds_count{pipeline_name=\"archv2-nxm\"}[2s]) start:2026-08-02T22:47:39.159Z step:1]" stats="&{Timings:{EvalTotalTime:8.2708e-05 ResultSortTime:8.75e-07 QueryPreparationTime:2.475e-05 InnerEvalTime:4.9084e-05 ExecQueueTime:4.374e-06 ExecTotalTime:9.0958e-05} Samples:0x14001371560}" spanID=0000000000000000
time=2026-08-02T15:47:57.160-07:00 level=DEBUG msg="Query returned data" test=archv2-nxm tool=conduit-v1 collector=conduit type=conduit collector=conduit type=conduit name=msg-rate-per-second[archv2-nxm] series-count=1 last-value=19532
time=2026-08-02T15:47:57.161-07:00 level=DEBUG msg="promql query logged" test=archv2-nxm tool=conduit-v1 collector=conduit type=conduit collector=conduit type=conduit params="map[end:2026-08-02T22:47:57.161Z query:rate(conduit_connector_bytes_sum{pipeline_name=\"archv2-nxm\",type=\"source\"}[2s])/1048576 start:2026-08-02T22:47:39.159Z step:1]" stats="&{Timings:{EvalTotalTime:9.6958e-05 ResultSortTime:1.666e-06 QueryPreparationTime:1.2875e-05 InnerEvalTime:7.6917e-05 ExecQueueTime:2.209e-06 ExecTotalTime:0.000102875} Samples:0x14001371c20}" spanID=0000000000000000
time=2026-08-02T15:47:57.161-07:00 level=WARN msg="Query returned multiple series, only first will be used" test=archv2-nxm tool=conduit-v1 collector=conduit type=conduit collector=conduit type=conduit series-count=2
time=2026-08-02T15:47:57.161-07:00 level=DEBUG msg="Query returned data" test=archv2-nxm tool=conduit-v1 collector=conduit type=conduit collector=conduit type=conduit name=msg-megabytes-in-per-second[archv2-nxm] series-count=1 last-value=0.27729225158691406
time=2026-08-02T15:47:57.161-07:00 level=DEBUG msg="promql query logged" test=archv2-nxm tool=conduit-v1 collector=conduit type=conduit collector=conduit type=conduit params="map[end:2026-08-02T22:47:57.161Z query:rate(conduit_connector_bytes_sum{pipeline_name=\"archv2-nxm\",type=\"destination\"}[2s])/1048576 start:2026-08-02T22:47:39.159Z step:1]" stats="&{Timings:{EvalTotalTime:9.8792e-05 ResultSortTime:1.125e-06 QueryPreparationTime:1.4875e-05 InnerEvalTime:7.7541e-05 ExecQueueTime:1.583e-06 ExecTotalTime:0.000104208} Samples:0x140015935c0}" spanID=0000000000000000
time=2026-08-02T15:47:57.161-07:00 level=WARN msg="Query returned multiple series, only first will be used" test=archv2-nxm tool=conduit-v1 collector=conduit type=conduit collector=conduit type=conduit series-count=2
time=2026-08-02T15:47:57.161-07:00 level=DEBUG msg="Query returned data" test=archv2-nxm tool=conduit-v1 collector=conduit type=conduit collector=conduit type=conduit name=msg-megabytes-out-per-second[archv2-nxm] series-count=1 last-value=0.5522890090942383
time=2026-08-02T15:47:57.525-07:00 level=DEBUG msg="Inspecting container" model=container-monitor name=benchi-conduit
time=2026-08-02T15:47:58.030-07:00 level=DEBUG msg="Inspecting container" model=container-monitor name=benchi-conduit
time=2026-08-02T15:47:58.160-07:00 level=DEBUG msg="promql query logged" test=archv2-nxm tool=conduit-v1 collector=conduit type=conduit collector=conduit type=conduit params="map[end:2026-08-02T22:47:58.159Z query:rate(conduit_pipeline_execution_duration_seconds_count{pipeline_name=\"archv2-nxm\"}[2s]) start:2026-08-02T22:47:39.159Z step:1]" stats="&{Timings:{EvalTotalTime:6.1583e-05 ResultSortTime:4.16e-07 QueryPreparationTime:1.4375e-05 InnerEvalTime:4.1542e-05 ExecQueueTime:2.374e-06 ExecTotalTime:6.675e-05} Samples:0x14001785590}" spanID=0000000000000000
time=2026-08-02T15:47:58.160-07:00 level=DEBUG msg="Query returned data" test=archv2-nxm tool=conduit-v1 collector=conduit type=conduit collector=conduit type=conduit name=msg-rate-per-second[archv2-nxm] series-count=1 last-value=19234.29710867398
time=2026-08-02T15:47:58.160-07:00 level=DEBUG msg="promql query logged" test=archv2-nxm tool=conduit-v1 collector=conduit type=conduit collector=conduit type=conduit params="map[end:2026-08-02T22:47:58.160Z query:rate(conduit_connector_bytes_sum{pipeline_name=\"archv2-nxm\",type=\"source\"}[2s])/1048576 start:2026-08-02T22:47:39.159Z step:1]" stats="&{Timings:{EvalTotalTime:6.0625e-05 ResultSortTime:7.08e-07 QueryPreparationTime:8e-06 InnerEvalTime:4.7959e-05 ExecQueueTime:1.167e-06 ExecTotalTime:6.3667e-05} Samples:0x14001785c50}" spanID=0000000000000000
time=2026-08-02T15:47:58.160-07:00 level=WARN msg="Query returned multiple series, only first will be used" test=archv2-nxm tool=conduit-v1 collector=conduit type=conduit collector=conduit type=conduit series-count=2
time=2026-08-02T15:47:58.160-07:00 level=DEBUG msg="Query returned data" test=archv2-nxm tool=conduit-v1 collector=conduit type=conduit collector=conduit type=conduit name=msg-megabytes-in-per-second[archv2-nxm] series-count=1 last-value=0.2687631076497072
time=2026-08-02T15:47:58.160-07:00 level=DEBUG msg="promql query logged" test=archv2-nxm tool=conduit-v1 collector=conduit type=conduit collector=conduit type=conduit params="map[end:2026-08-02T22:47:58.160Z query:rate(conduit_connector_bytes_sum{pipeline_name=\"archv2-nxm\",type=\"destination\"}[2s])/1048576 start:2026-08-02T22:47:39.159Z step:1]" stats="&{Timings:{EvalTotalTime:6.025e-05 ResultSortTime:5e-07 QueryPreparationTime:8.917e-06 InnerEvalTime:4.675e-05 ExecQueueTime:1.5e-06 ExecTotalTime:6.4125e-05} Samples:0x140016e6a20}" spanID=0000000000000000
time=2026-08-02T15:47:58.160-07:00 level=WARN msg="Query returned multiple series, only first will be used" test=archv2-nxm tool=conduit-v1 collector=conduit type=conduit collector=conduit type=conduit series-count=2
time=2026-08-02T15:47:58.160-07:00 level=DEBUG msg="Query returned data" test=archv2-nxm tool=conduit-v1 collector=conduit type=conduit collector=conduit type=conduit name=msg-megabytes-out-per-second[archv2-nxm] series-count=1 last-value=0.5442342634571871
time=2026-08-02T15:47:58.538-07:00 level=DEBUG msg="Inspecting container" model=container-monitor name=benchi-conduit
time=2026-08-02T15:47:59.043-07:00 level=DEBUG msg="Inspecting container" model=container-monitor name=benchi-conduit
time=2026-08-02T15:47:59.161-07:00 level=INFO msg="Test in progress" test=archv2-nxm tool=conduit-v1 step=test time-left=40s
time=2026-08-02T15:47:59.161-07:00 level=DEBUG msg="promql query logged" test=archv2-nxm tool=conduit-v1 collector=conduit type=conduit collector=conduit type=conduit params="map[end:2026-08-02T22:47:59.161Z query:rate(conduit_pipeline_execution_duration_seconds_count{pipeline_name=\"archv2-nxm\"}[2s]) start:2026-08-02T22:47:39.159Z step:1]" stats="&{Timings:{EvalTotalTime:4.8292e-05 ResultSortTime:5e-07 QueryPreparationTime:1.425e-05 InnerEvalTime:2.9334e-05 ExecQueueTime:2e-06 ExecTotalTime:5.2917e-05} Samples:0x140014bc990}" spanID=0000000000000000
time=2026-08-02T15:47:59.161-07:00 level=DEBUG msg="Query returned data" test=archv2-nxm tool=conduit-v1 collector=conduit type=conduit collector=conduit type=conduit name=msg-rate-per-second[archv2-nxm] series-count=1 last-value=20047.141424272817
time=2026-08-02T15:47:59.161-07:00 level=DEBUG msg="promql query logged" test=archv2-nxm tool=conduit-v1 collector=conduit type=conduit collector=conduit type=conduit params="map[end:2026-08-02T22:47:59.161Z query:rate(conduit_connector_bytes_sum{pipeline_name=\"archv2-nxm\",type=\"source\"}[2s])/1048576 start:2026-08-02T22:47:39.159Z step:1]" stats="&{Timings:{EvalTotalTime:8.4334e-05 ResultSortTime:7.08e-07 QueryPreparationTime:6.833e-06 InnerEvalTime:7.2917e-05 ExecQueueTime:1.791e-06 ExecTotalTime:8.7791e-05} Samples:0x140014bd0b0}" spanID=0000000000000000
time=2026-08-02T15:47:59.161-07:00 level=WARN msg="Query returned multiple series, only first will be used" test=archv2-nxm tool=conduit-v1 collector=conduit type=conduit collector=conduit type=conduit series-count=2
time=2026-08-02T15:47:59.162-07:00 level=DEBUG msg="Query returned data" test=archv2-nxm tool=conduit-v1 collector=conduit type=conduit collector=conduit type=conduit name=msg-megabytes-in-per-second[archv2-nxm] series-count=1 last-value=0.28306909406197106
time=2026-08-02T15:47:59.162-07:00 level=DEBUG msg="promql query logged" test=archv2-nxm tool=conduit-v1 collector=conduit type=conduit collector=conduit type=conduit params="map[end:2026-08-02T22:47:59.162Z query:rate(conduit_connector_bytes_sum{pipeline_name=\"archv2-nxm\",type=\"destination\"}[2s])/1048576 start:2026-08-02T22:47:39.159Z step:1]" stats="&{Timings:{EvalTotalTime:6.525e-05 ResultSortTime:5e-07 QueryPreparationTime:1e-05 InnerEvalTime:5.0625e-05 ExecQueueTime:1.292e-06 ExecTotalTime:6.9041e-05} Samples:0x14001732f30}" spanID=0000000000000000
time=2026-08-02T15:47:59.162-07:00 level=WARN msg="Query returned multiple series, only first will be used" test=archv2-nxm tool=conduit-v1 collector=conduit type=conduit collector=conduit type=conduit series-count=2
time=2026-08-02T15:47:59.162-07:00 level=DEBUG msg="Query returned data" test=archv2-nxm tool=conduit-v1 collector=conduit type=conduit collector=conduit type=conduit name=msg-megabytes-out-per-second[archv2-nxm] series-count=1 last-value=0.565775657967555
time=2026-08-02T15:47:59.552-07:00 level=DEBUG msg="Inspecting container" model=container-monitor name=benchi-conduit
time=2026-08-02T15:48:00.058-07:00 level=DEBUG msg="Inspecting container" model=container-monitor name=benchi-conduit
time=2026-08-02T15:48:00.161-07:00 level=DEBUG msg="promql query logged" test=archv2-nxm tool=conduit-v1 collector=conduit type=conduit collector=conduit type=conduit params="map[end:2026-08-02T22:48:00.160Z query:rate(conduit_pipeline_execution_duration_seconds_count{pipeline_name=\"archv2-nxm\"}[2s]) start:2026-08-02T22:47:39.159Z step:1]" stats="&{Timings:{EvalTotalTime:0.000191875 ResultSortTime:7.92e-07 QueryPreparationTime:2.5292e-05 InnerEvalTime:0.000152083 ExecQueueTime:4.542e-06 ExecTotalTime:0.000203708} Samples:0x140015a1980}" spanID=0000000000000000
time=2026-08-02T15:48:00.161-07:00 level=DEBUG msg="Query returned data" test=archv2-nxm tool=conduit-v1 collector=conduit type=conduit collector=conduit type=conduit name=msg-rate-per-second[archv2-nxm] series-count=1 last-value=19716
time=2026-08-02T15:48:00.161-07:00 level=DEBUG msg="promql query logged" test=archv2-nxm tool=conduit-v1 collector=conduit type=conduit collector=conduit type=conduit params="map[end:2026-08-02T22:48:00.161Z query:rate(conduit_connector_bytes_sum{pipeline_name=\"archv2-nxm\",type=\"source\"}[2s])/1048576 start:2026-08-02T22:47:39.159Z step:1]" stats="&{Timings:{EvalTotalTime:5.5e-05 ResultSortTime:8.75e-07 QueryPreparationTime:1.0959e-05 InnerEvalTime:3.9625e-05 ExecQueueTime:1.208e-06 ExecTotalTime:5.7708e-05} Samples:0x140011002d0}" spanID=0000000000000000
time=2026-08-02T15:48:00.161-07:00 level=WARN msg="Query returned multiple series, only first will be used" test=archv2-nxm tool=conduit-v1 collector=conduit type=conduit collector=conduit type=conduit series-count=2
time=2026-08-02T15:48:00.161-07:00 level=DEBUG msg="Query returned data" test=archv2-nxm tool=conduit-v1 collector=conduit type=conduit collector=conduit type=conduit name=msg-megabytes-in-per-second[archv2-nxm] series-count=1 last-value=0.2756490707397461
time=2026-08-02T15:48:00.162-07:00 level=DEBUG msg="promql query logged" test=archv2-nxm tool=conduit-v1 collector=conduit type=conduit collector=conduit type=conduit params="map[end:2026-08-02T22:48:00.162Z query:rate(conduit_connector_bytes_sum{pipeline_name=\"archv2-nxm\",type=\"destination\"}[2s])/1048576 start:2026-08-02T22:47:39.159Z step:1]" stats="&{Timings:{EvalTotalTime:3.4292e-05 ResultSortTime:2.08e-07 QueryPreparationTime:4.667e-06 InnerEvalTime:2.7583e-05 ExecQueueTime:6.66e-07 ExecTotalTime:3.6584e-05} Samples:0x14001733da0}" spanID=0000000000000000
time=2026-08-02T15:48:00.162-07:00 level=WARN msg="Query returned multiple series, only first will be used" test=archv2-nxm tool=conduit-v1 collector=conduit type=conduit collector=conduit type=conduit series-count=2
time=2026-08-02T15:48:00.162-07:00 level=DEBUG msg="Query returned data" test=archv2-nxm tool=conduit-v1 collector=conduit type=conduit collector=conduit type=conduit name=msg-megabytes-out-per-second[archv2-nxm] series-count=1 last-value=0.5570907592773438
time=2026-08-02T15:48:00.567-07:00 level=DEBUG msg="Inspecting container" model=container-monitor name=benchi-conduit
time=2026-08-02T15:48:01.076-07:00 level=DEBUG msg="Inspecting container" model=container-monitor name=benchi-conduit
time=2026-08-02T15:48:01.160-07:00 level=DEBUG msg="promql query logged" test=archv2-nxm tool=conduit-v1 collector=conduit type=conduit collector=conduit type=conduit params="map[end:2026-08-02T22:48:01.159Z query:rate(conduit_pipeline_execution_duration_seconds_count{pipeline_name=\"archv2-nxm\"}[2s]) start:2026-08-02T22:47:39.159Z step:1]" stats="&{Timings:{EvalTotalTime:0.000207542 ResultSortTime:1.125e-06 QueryPreparationTime:3.4292e-05 InnerEvalTime:0.000159458 ExecQueueTime:5.75e-06 ExecTotalTime:0.0002185} Samples:0x14001421a40}" spanID=0000000000000000
time=2026-08-02T15:48:01.160-07:00 level=DEBUG msg="Query returned data" test=archv2-nxm tool=conduit-v1 collector=conduit type=conduit collector=conduit type=conduit name=msg-rate-per-second[archv2-nxm] series-count=1 last-value=18279
time=2026-08-02T15:48:01.160-07:00 level=DEBUG msg="promql query logged" test=archv2-nxm tool=conduit-v1 collector=conduit type=conduit collector=conduit type=conduit params="map[end:2026-08-02T22:48:01.160Z query:rate(conduit_connector_bytes_sum{pipeline_name=\"archv2-nxm\",type=\"source\"}[2s])/1048576 start:2026-08-02T22:47:39.159Z step:1]" stats="&{Timings:{EvalTotalTime:0.000136708 ResultSortTime:2.334e-06 QueryPreparationTime:2.4708e-05 InnerEvalTime:9.675e-05 ExecQueueTime:3.084e-06 ExecTotalTime:0.0001435} Samples:0x140010d61b0}" spanID=0000000000000000
time=2026-08-02T15:48:01.160-07:00 level=WARN msg="Query returned multiple series, only first will be used" test=archv2-nxm tool=conduit-v1 collector=conduit type=conduit collector=conduit type=conduit series-count=2
time=2026-08-02T15:48:01.161-07:00 level=DEBUG msg="Query returned data" test=archv2-nxm tool=conduit-v1 collector=conduit type=conduit collector=conduit type=conduit name=msg-megabytes-in-per-second[archv2-nxm] series-count=1 last-value=0.2617626190185547
time=2026-08-02T15:48:01.161-07:00 level=DEBUG msg="promql query logged" test=archv2-nxm tool=conduit-v1 collector=conduit type=conduit collector=conduit type=conduit params="map[end:2026-08-02T22:48:01.161Z query:rate(conduit_connector_bytes_sum{pipeline_name=\"archv2-nxm\",type=\"destination\"}[2s])/1048576 start:2026-08-02T22:47:39.159Z step:1]" stats="&{Timings:{EvalTotalTime:9.0667e-05 ResultSortTime:1e-06 QueryPreparationTime:1.5e-05 InnerEvalTime:6.9417e-05 ExecQueueTime:1.416e-06 ExecTotalTime:9.5208e-05} Samples:0x140009aae70}" spanID=0000000000000000
time=2026-08-02T15:48:01.161-07:00 level=WARN msg="Query returned multiple series, only first will be used" test=archv2-nxm tool=conduit-v1 collector=conduit type=conduit collector=conduit type=conduit series-count=2
time=2026-08-02T15:48:01.161-07:00 level=DEBUG msg="Query returned data" test=archv2-nxm tool=conduit-v1 collector=conduit type=conduit collector=conduit type=conduit name=msg-megabytes-out-per-second[archv2-nxm] series-count=1 last-value=0.5165729522705078
time=2026-08-02T15:48:01.594-07:00 level=DEBUG msg="Inspecting container" model=container-monitor name=benchi-conduit
time=2026-08-02T15:48:02.100-07:00 level=DEBUG msg="Inspecting container" model=container-monitor name=benchi-conduit
time=2026-08-02T15:48:02.159-07:00 level=DEBUG msg="promql query logged" test=archv2-nxm tool=conduit-v1 collector=conduit type=conduit collector=conduit type=conduit params="map[end:2026-08-02T22:48:02.159Z query:rate(conduit_pipeline_execution_duration_seconds_count{pipeline_name=\"archv2-nxm\"}[2s]) start:2026-08-02T22:47:39.159Z step:1]" stats="&{Timings:{EvalTotalTime:8.0834e-05 ResultSortTime:3.34e-07 QueryPreparationTime:3.0792e-05 InnerEvalTime:3.9291e-05 ExecQueueTime:3.001e-06 ExecTotalTime:8.625e-05} Samples:0x1400097e3f0}" spanID=0000000000000000
time=2026-08-02T15:48:02.159-07:00 level=DEBUG msg="Query returned data" test=archv2-nxm tool=conduit-v1 collector=conduit type=conduit collector=conduit type=conduit name=msg-rate-per-second[archv2-nxm] series-count=1 last-value=18724
time=2026-08-02T15:48:02.160-07:00 level=DEBUG msg="promql query logged" test=archv2-nxm tool=conduit-v1 collector=conduit type=conduit collector=conduit type=conduit params="map[end:2026-08-02T22:48:02.160Z query:rate(conduit_connector_bytes_sum{pipeline_name=\"archv2-nxm\",type=\"source\"}[2s])/1048576 start:2026-08-02T22:47:39.159Z step:1]" stats="&{Timings:{EvalTotalTime:8.1417e-05 ResultSortTime:9.17e-07 QueryPreparationTime:9.917e-06 InnerEvalTime:6.5417e-05 ExecQueueTime:1.417e-06 ExecTotalTime:8.4959e-05} Samples:0x1400097eff0}" spanID=0000000000000000
time=2026-08-02T15:48:02.160-07:00 level=WARN msg="Query returned multiple series, only first will be used" test=archv2-nxm tool=conduit-v1 collector=conduit type=conduit collector=conduit type=conduit series-count=2
time=2026-08-02T15:48:02.160-07:00 level=DEBUG msg="Query returned data" test=archv2-nxm tool=conduit-v1 collector=conduit type=conduit collector=conduit type=conduit name=msg-megabytes-in-per-second[archv2-nxm] series-count=1 last-value=0.26311588287353516
time=2026-08-02T15:48:02.160-07:00 level=DEBUG msg="promql query logged" test=archv2-nxm tool=conduit-v1 collector=conduit type=conduit collector=conduit type=conduit params="map[end:2026-08-02T22:48:02.160Z query:rate(conduit_connector_bytes_sum{pipeline_name=\"archv2-nxm\",type=\"destination\"}[2s])/1048576 start:2026-08-02T22:47:39.159Z step:1]" stats="&{Timings:{EvalTotalTime:7.6333e-05 ResultSortTime:7.08e-07 QueryPreparationTime:1.0791e-05 InnerEvalTime:5.8125e-05 ExecQueueTime:1.459e-06 ExecTotalTime:7.9917e-05} Samples:0x1400100a5d0}" spanID=0000000000000000
time=2026-08-02T15:48:02.160-07:00 level=WARN msg="Query returned multiple series, only first will be used" test=archv2-nxm tool=conduit-v1 collector=conduit type=conduit collector=conduit type=conduit series-count=2
time=2026-08-02T15:48:02.160-07:00 level=DEBUG msg="Query returned data" test=archv2-nxm tool=conduit-v1 collector=conduit type=conduit collector=conduit type=conduit name=msg-megabytes-out-per-second[archv2-nxm] series-count=1 last-value=0.5287399291992188
time=2026-08-02T15:48:02.605-07:00 level=DEBUG msg="Inspecting container" model=container-monitor name=benchi-conduit
time=2026-08-02T15:48:03.110-07:00 level=DEBUG msg="Inspecting container" model=container-monitor name=benchi-conduit
time=2026-08-02T15:48:03.159-07:00 level=DEBUG msg="promql query logged" test=archv2-nxm tool=conduit-v1 collector=conduit type=conduit collector=conduit type=conduit params="map[end:2026-08-02T22:48:03.159Z query:rate(conduit_pipeline_execution_duration_seconds_count{pipeline_name=\"archv2-nxm\"}[2s]) start:2026-08-02T22:47:39.159Z step:1]" stats="&{Timings:{EvalTotalTime:6.9833e-05 ResultSortTime:4.59e-07 QueryPreparationTime:1.8292e-05 InnerEvalTime:4.4875e-05 ExecQueueTime:3.417e-06 ExecTotalTime:7.675e-05} Samples:0x14000a1cbd0}" spanID=0000000000000000
time=2026-08-02T15:48:03.160-07:00 level=DEBUG msg="Query returned data" test=archv2-nxm tool=conduit-v1 collector=conduit type=conduit collector=conduit type=conduit name=msg-rate-per-second[archv2-nxm] series-count=1 last-value=19552
time=2026-08-02T15:48:03.160-07:00 level=DEBUG msg="promql query logged" test=archv2-nxm tool=conduit-v1 collector=conduit type=conduit collector=conduit type=conduit params="map[end:2026-08-02T22:48:03.160Z query:rate(conduit_connector_bytes_sum{pipeline_name=\"archv2-nxm\",type=\"source\"}[2s])/1048576 start:2026-08-02T22:47:39.159Z step:1]" stats="&{Timings:{EvalTotalTime:8.7083e-05 ResultSortTime:1.292e-06 QueryPreparationTime:1.4166e-05 InnerEvalTime:6.6333e-05 ExecQueueTime:1.958e-06 ExecTotalTime:9.375e-05} Samples:0x14000a1d290}" spanID=0000000000000000
time=2026-08-02T15:48:03.160-07:00 level=WARN msg="Query returned multiple series, only first will be used" test=archv2-nxm tool=conduit-v1 collector=conduit type=conduit collector=conduit type=conduit series-count=2
time=2026-08-02T15:48:03.160-07:00 level=DEBUG msg="Query returned data" test=archv2-nxm tool=conduit-v1 collector=conduit type=conduit collector=conduit type=conduit name=msg-megabytes-in-per-second[archv2-nxm] series-count=1 last-value=0.273345947265625
time=2026-08-02T15:48:03.164-07:00 level=DEBUG msg="promql query logged" test=archv2-nxm tool=conduit-v1 collector=conduit type=conduit collector=conduit type=conduit params="map[end:2026-08-02T22:48:03.164Z query:rate(conduit_connector_bytes_sum{pipeline_name=\"archv2-nxm\",type=\"destination\"}[2s])/1048576 start:2026-08-02T22:47:39.159Z step:1]" stats="&{Timings:{EvalTotalTime:4.9458e-05 ResultSortTime:5.84e-07 QueryPreparationTime:8e-06 InnerEvalTime:3.8083e-05 ExecQueueTime:1.417e-06 ExecTotalTime:5.2291e-05} Samples:0x14001007da0}" spanID=0000000000000000
time=2026-08-02T15:48:03.164-07:00 level=WARN msg="Query returned multiple series, only first will be used" test=archv2-nxm tool=conduit-v1 collector=conduit type=conduit collector=conduit type=conduit series-count=2
time=2026-08-02T15:48:03.164-07:00 level=DEBUG msg="Query returned data" test=archv2-nxm tool=conduit-v1 collector=conduit type=conduit collector=conduit type=conduit name=msg-megabytes-out-per-second[archv2-nxm] series-count=1 last-value=0.5525140762329102
time=2026-08-02T15:48:03.616-07:00 level=DEBUG msg="Inspecting container" model=container-monitor name=benchi-conduit
time=2026-08-02T15:48:04.127-07:00 level=DEBUG msg="Inspecting container" model=container-monitor name=benchi-conduit
time=2026-08-02T15:48:04.160-07:00 level=INFO msg="Test in progress" test=archv2-nxm tool=conduit-v1 step=test time-left=35s
time=2026-08-02T15:48:04.160-07:00 level=DEBUG msg="promql query logged" test=archv2-nxm tool=conduit-v1 collector=conduit type=conduit collector=conduit type=conduit params="map[end:2026-08-02T22:48:04.160Z query:rate(conduit_pipeline_execution_duration_seconds_count{pipeline_name=\"archv2-nxm\"}[2s]) start:2026-08-02T22:47:39.159Z step:1]" stats="&{Timings:{EvalTotalTime:5.3625e-05 ResultSortTime:3.75e-07 QueryPreparationTime:1.6541e-05 InnerEvalTime:3.1791e-05 ExecQueueTime:1.792e-06 ExecTotalTime:5.8208e-05} Samples:0x1400121b7a0}" spanID=0000000000000000
time=2026-08-02T15:48:04.160-07:00 level=DEBUG msg="Query returned data" test=archv2-nxm tool=conduit-v1 collector=conduit type=conduit collector=conduit type=conduit name=msg-rate-per-second[archv2-nxm] series-count=1 last-value=20260
time=2026-08-02T15:48:04.160-07:00 level=DEBUG msg="promql query logged" test=archv2-nxm tool=conduit-v1 collector=conduit type=conduit collector=conduit type=conduit params="map[end:2026-08-02T22:48:04.160Z query:rate(conduit_connector_bytes_sum{pipeline_name=\"archv2-nxm\",type=\"source\"}[2s])/1048576 start:2026-08-02T22:47:39.159Z step:1]" stats="&{Timings:{EvalTotalTime:6.2e-05 ResultSortTime:7.5e-07 QueryPreparationTime:7.334e-06 InnerEvalTime:5.075e-05 ExecQueueTime:7.5e-07 ExecTotalTime:6.4417e-05} Samples:0x1400121be90}" spanID=0000000000000000
time=2026-08-02T15:48:04.160-07:00 level=WARN msg="Query returned multiple series, only first will be used" test=archv2-nxm tool=conduit-v1 collector=conduit type=conduit collector=conduit type=conduit series-count=2
time=2026-08-02T15:48:04.160-07:00 level=DEBUG msg="Query returned data" test=archv2-nxm tool=conduit-v1 collector=conduit type=conduit collector=conduit type=conduit name=msg-megabytes-in-per-second[archv2-nxm] series-count=1 last-value=0.2864198684692383
time=2026-08-02T15:48:04.161-07:00 level=DEBUG msg="promql query logged" test=archv2-nxm tool=conduit-v1 collector=conduit type=conduit collector=conduit type=conduit params="map[end:2026-08-02T22:48:04.160Z query:rate(conduit_connector_bytes_sum{pipeline_name=\"archv2-nxm\",type=\"destination\"}[2s])/1048576 start:2026-08-02T22:47:39.159Z step:1]" stats="&{Timings:{EvalTotalTime:6.8e-05 ResultSortTime:5e-07 QueryPreparationTime:1.125e-05 InnerEvalTime:5.1375e-05 ExecQueueTime:2.749e-06 ExecTotalTime:7.2792e-05} Samples:0x1400104b920}" spanID=0000000000000000
time=2026-08-02T15:48:04.161-07:00 level=WARN msg="Query returned multiple series, only first will be used" test=archv2-nxm tool=conduit-v1 collector=conduit type=conduit collector=conduit type=conduit series-count=2
time=2026-08-02T15:48:04.161-07:00 level=DEBUG msg="Query returned data" test=archv2-nxm tool=conduit-v1 collector=conduit type=conduit collector=conduit type=conduit name=msg-megabytes-out-per-second[archv2-nxm] series-count=1 last-value=0.5724916458129883
time=2026-08-02T15:48:04.632-07:00 level=DEBUG msg="Inspecting container" model=container-monitor name=benchi-conduit
time=2026-08-02T15:48:05.147-07:00 level=DEBUG msg="Inspecting container" model=container-monitor name=benchi-conduit
time=2026-08-02T15:48:05.159-07:00 level=DEBUG msg="promql query logged" test=archv2-nxm tool=conduit-v1 collector=conduit type=conduit collector=conduit type=conduit params="map[end:2026-08-02T22:48:05.159Z query:rate(conduit_pipeline_execution_duration_seconds_count{pipeline_name=\"archv2-nxm\"}[2s]) start:2026-08-02T22:47:39.159Z step:1]" stats="&{Timings:{EvalTotalTime:5.3375e-05 ResultSortTime:4.17e-07 QueryPreparationTime:1.6083e-05 InnerEvalTime:3.15e-05 ExecQueueTime:2.751e-06 ExecTotalTime:5.8625e-05} Samples:0x140017846f0}" spanID=0000000000000000
time=2026-08-02T15:48:05.159-07:00 level=DEBUG msg="Query returned data" test=archv2-nxm tool=conduit-v1 collector=conduit type=conduit collector=conduit type=conduit name=msg-rate-per-second[archv2-nxm] series-count=1 last-value=18645.70858283433
time=2026-08-02T15:48:05.160-07:00 level=DEBUG msg="promql query logged" test=archv2-nxm tool=conduit-v1 collector=conduit type=conduit collector=conduit type=conduit params="map[end:2026-08-02T22:48:05.159Z query:rate(conduit_connector_bytes_sum{pipeline_name=\"archv2-nxm\",type=\"source\"}[2s])/1048576 start:2026-08-02T22:47:39.159Z step:1]" stats="&{Timings:{EvalTotalTime:7.1834e-05 ResultSortTime:9.16e-07 QueryPreparationTime:1.1833e-05 InnerEvalTime:5.525e-05 ExecQueueTime:1.126e-06 ExecTotalTime:7.5208e-05} Samples:0x14001784db0}" spanID=0000000000000000
time=2026-08-02T15:48:05.160-07:00 level=WARN msg="Query returned multiple series, only first will be used" test=archv2-nxm tool=conduit-v1 collector=conduit type=conduit collector=conduit type=conduit series-count=2
time=2026-08-02T15:48:05.160-07:00 level=DEBUG msg="Query returned data" test=archv2-nxm tool=conduit-v1 collector=conduit type=conduit collector=conduit type=conduit name=msg-megabytes-in-per-second[archv2-nxm] series-count=1 last-value=0.2640459589853496
time=2026-08-02T15:48:05.160-07:00 level=DEBUG msg="promql query logged" test=archv2-nxm tool=conduit-v1 collector=conduit type=conduit collector=conduit type=conduit params="map[end:2026-08-02T22:48:05.160Z query:rate(conduit_connector_bytes_sum{pipeline_name=\"archv2-nxm\",type=\"destination\"}[2s])/1048576 start:2026-08-02T22:47:39.159Z step:1]" stats="&{Timings:{EvalTotalTime:6.575e-05 ResultSortTime:7.09e-07 QueryPreparationTime:8.625e-06 InnerEvalTime:5.2542e-05 ExecQueueTime:1.208e-06 ExecTotalTime:6.8875e-05} Samples:0x14001371f50}" spanID=0000000000000000
time=2026-08-02T15:48:05.160-07:00 level=WARN msg="Query returned multiple series, only first will be used" test=archv2-nxm tool=conduit-v1 collector=conduit type=conduit collector=conduit type=conduit series-count=2
time=2026-08-02T15:48:05.160-07:00 level=DEBUG msg="Query returned data" test=archv2-nxm tool=conduit-v1 collector=conduit type=conduit collector=conduit type=conduit name=msg-megabytes-out-per-second[archv2-nxm] series-count=1 last-value=0.526540531607683
time=2026-08-02T15:48:05.653-07:00 level=DEBUG msg="Inspecting container" model=container-monitor name=benchi-conduit
time=2026-08-02T15:48:06.160-07:00 level=DEBUG msg="promql query logged" test=archv2-nxm tool=conduit-v1 collector=conduit type=conduit collector=conduit type=conduit params="map[end:2026-08-02T22:48:06.159Z query:rate(conduit_pipeline_execution_duration_seconds_count{pipeline_name=\"archv2-nxm\"}[2s]) start:2026-08-02T22:47:39.159Z step:1]" stats="&{Timings:{EvalTotalTime:0.00029925 ResultSortTime:5e-07 QueryPreparationTime:0.000227917 InnerEvalTime:5.5375e-05 ExecQueueTime:4.041e-06 ExecTotalTime:0.000311875} Samples:0x140012fcc60}" spanID=0000000000000000
time=2026-08-02T15:48:06.160-07:00 level=DEBUG msg="Query returned data" test=archv2-nxm tool=conduit-v1 collector=conduit type=conduit collector=conduit type=conduit name=msg-rate-per-second[archv2-nxm] series-count=1 last-value=18387.775551102204
time=2026-08-02T15:48:06.160-07:00 level=DEBUG msg="promql query logged" test=archv2-nxm tool=conduit-v1 collector=conduit type=conduit collector=conduit type=conduit params="map[end:2026-08-02T22:48:06.160Z query:rate(conduit_connector_bytes_sum{pipeline_name=\"archv2-nxm\",type=\"source\"}[2s])/1048576 start:2026-08-02T22:47:39.159Z step:1]" stats="&{Timings:{EvalTotalTime:9.1792e-05 ResultSortTime:1.208e-06 QueryPreparationTime:1.5e-05 InnerEvalTime:7.0166e-05 ExecQueueTime:1.874e-06 ExecTotalTime:9.5667e-05} Samples:0x140012fd320}" spanID=0000000000000000
time=2026-08-02T15:48:06.160-07:00 level=WARN msg="Query returned multiple series, only first will be used" test=archv2-nxm tool=conduit-v1 collector=conduit type=conduit collector=conduit type=conduit series-count=2
time=2026-08-02T15:48:06.161-07:00 level=DEBUG msg="Query returned data" test=archv2-nxm tool=conduit-v1 collector=conduit type=conduit collector=conduit type=conduit name=msg-megabytes-in-per-second[archv2-nxm] series-count=1 last-value=0.2605289161085843
time=2026-08-02T15:48:06.162-07:00 level=DEBUG msg="promql query logged" test=archv2-nxm tool=conduit-v1 collector=conduit type=conduit collector=conduit type=conduit params="map[end:2026-08-02T22:48:06.161Z query:rate(conduit_connector_bytes_sum{pipeline_name=\"archv2-nxm\",type=\"destination\"}[2s])/1048576 start:2026-08-02T22:47:39.159Z step:1]" stats="&{Timings:{EvalTotalTime:6.0584e-05 ResultSortTime:1.083e-06 QueryPreparationTime:1.0708e-05 InnerEvalTime:4.575e-05 ExecQueueTime:2.334e-06 ExecTotalTime:6.375e-05} Samples:0x140014121e0}" spanID=0000000000000000
time=2026-08-02T15:48:06.162-07:00 level=WARN msg="Query returned multiple series, only first will be used" test=archv2-nxm tool=conduit-v1 collector=conduit type=conduit collector=conduit type=conduit series-count=2
time=2026-08-02T15:48:06.162-07:00 level=DEBUG msg="Query returned data" test=archv2-nxm tool=conduit-v1 collector=conduit type=conduit collector=conduit type=conduit name=msg-megabytes-out-per-second[archv2-nxm] series-count=1 last-value=0.5203334984177338
time=2026-08-02T15:48:06.164-07:00 level=DEBUG msg="Inspecting container" model=container-monitor name=benchi-conduit
time=2026-08-02T15:48:06.671-07:00 level=DEBUG msg="Inspecting container" model=container-monitor name=benchi-conduit
time=2026-08-02T15:48:07.161-07:00 level=DEBUG msg="promql query logged" test=archv2-nxm tool=conduit-v1 collector=conduit type=conduit collector=conduit type=conduit params="map[end:2026-08-02T22:48:07.160Z query:rate(conduit_pipeline_execution_duration_seconds_count{pipeline_name=\"archv2-nxm\"}[2s]) start:2026-08-02T22:47:39.159Z step:1]" stats="&{Timings:{EvalTotalTime:0.000168375 ResultSortTime:7.5e-07 QueryPreparationTime:1.7291e-05 InnerEvalTime:0.000142667 ExecQueueTime:3.624e-06 ExecTotalTime:0.000176333} Samples:0x140013ece40}" spanID=0000000000000000
time=2026-08-02T15:48:07.161-07:00 level=DEBUG msg="Query returned data" test=archv2-nxm tool=conduit-v1 collector=conduit type=conduit collector=conduit type=conduit name=msg-rate-per-second[archv2-nxm] series-count=1 last-value=17867
time=2026-08-02T15:48:07.161-07:00 level=DEBUG msg="promql query logged" test=archv2-nxm tool=conduit-v1 collector=conduit type=conduit collector=conduit type=conduit params="map[end:2026-08-02T22:48:07.161Z query:rate(conduit_connector_bytes_sum{pipeline_name=\"archv2-nxm\",type=\"source\"}[2s])/1048576 start:2026-08-02T22:47:39.159Z step:1]" stats="&{Timings:{EvalTotalTime:0.000119958 ResultSortTime:1.209e-06 QueryPreparationTime:1.525e-05 InnerEvalTime:7.1916e-05 ExecQueueTime:1.5e-06 ExecTotalTime:0.000129583} Samples:0x140013ed500}" spanID=0000000000000000
time=2026-08-02T15:48:07.161-07:00 level=WARN msg="Query returned multiple series, only first will be used" test=archv2-nxm tool=conduit-v1 collector=conduit type=conduit collector=conduit type=conduit series-count=2
time=2026-08-02T15:48:07.162-07:00 level=DEBUG msg="Query returned data" test=archv2-nxm tool=conduit-v1 collector=conduit type=conduit collector=conduit type=conduit name=msg-megabytes-in-per-second[archv2-nxm] series-count=1 last-value=0.25100135803222656
time=2026-08-02T15:48:07.162-07:00 level=DEBUG msg="promql query logged" test=archv2-nxm tool=conduit-v1 collector=conduit type=conduit collector=conduit type=conduit params="map[end:2026-08-02T22:48:07.162Z query:rate(conduit_connector_bytes_sum{pipeline_name=\"archv2-nxm\",type=\"destination\"}[2s])/1048576 start:2026-08-02T22:47:39.159Z step:1]" stats="&{Timings:{EvalTotalTime:7.6292e-05 ResultSortTime:5.42e-07 QueryPreparationTime:1.0167e-05 InnerEvalTime:6.1625e-05 ExecQueueTime:1.167e-06 ExecTotalTime:7.9875e-05} Samples:0x14001486f30}" spanID=0000000000000000
time=2026-08-02T15:48:07.162-07:00 level=WARN msg="Query returned multiple series, only first will be used" test=archv2-nxm tool=conduit-v1 collector=conduit type=conduit collector=conduit type=conduit series-count=2
time=2026-08-02T15:48:07.162-07:00 level=DEBUG msg="Query returned data" test=archv2-nxm tool=conduit-v1 collector=conduit type=conduit collector=conduit type=conduit name=msg-megabytes-out-per-second[archv2-nxm] series-count=1 last-value=0.5045270919799805
time=2026-08-02T15:48:07.182-07:00 level=DEBUG msg="Inspecting container" model=container-monitor name=benchi-conduit
time=2026-08-02T15:48:07.692-07:00 level=DEBUG msg="Inspecting container" model=container-monitor name=benchi-conduit
time=2026-08-02T15:48:08.163-07:00 level=DEBUG msg="promql query logged" test=archv2-nxm tool=conduit-v1 collector=conduit type=conduit collector=conduit type=conduit params="map[end:2026-08-02T22:48:08.163Z query:rate(conduit_pipeline_execution_duration_seconds_count{pipeline_name=\"archv2-nxm\"}[2s]) start:2026-08-02T22:47:39.159Z step:1]" stats="&{Timings:{EvalTotalTime:9.45e-05 ResultSortTime:6.25e-07 QueryPreparationTime:2.5583e-05 InnerEvalTime:5.85e-05 ExecQueueTime:4.834e-06 ExecTotalTime:0.000102541} Samples:0x140015660f0}" spanID=0000000000000000
time=2026-08-02T15:48:08.163-07:00 level=DEBUG msg="Query returned data" test=archv2-nxm tool=conduit-v1 collector=conduit type=conduit collector=conduit type=conduit name=msg-rate-per-second[archv2-nxm] series-count=1 last-value=18106
time=2026-08-02T15:48:08.163-07:00 level=DEBUG msg="promql query logged" test=archv2-nxm tool=conduit-v1 collector=conduit type=conduit collector=conduit type=conduit params="map[end:2026-08-02T22:48:08.163Z query:rate(conduit_connector_bytes_sum{pipeline_name=\"archv2-nxm\",type=\"source\"}[2s])/1048576 start:2026-08-02T22:47:39.159Z step:1]" stats="&{Timings:{EvalTotalTime:9.8541e-05 ResultSortTime:1.708e-06 QueryPreparationTime:1.2958e-05 InnerEvalTime:7.4625e-05 ExecQueueTime:2.292e-06 ExecTotalTime:0.000103708} Samples:0x140015667b0}" spanID=0000000000000000
time=2026-08-02T15:48:08.163-07:00 level=WARN msg="Query returned multiple series, only first will be used" test=archv2-nxm tool=conduit-v1 collector=conduit type=conduit collector=conduit type=conduit series-count=2
time=2026-08-02T15:48:08.164-07:00 level=DEBUG msg="Query returned data" test=archv2-nxm tool=conduit-v1 collector=conduit type=conduit collector=conduit type=conduit name=msg-megabytes-in-per-second[archv2-nxm] series-count=1 last-value=0.2545642852783203
time=2026-08-02T15:48:08.164-07:00 level=DEBUG msg="promql query logged" test=archv2-nxm tool=conduit-v1 collector=conduit type=conduit collector=conduit type=conduit params="map[end:2026-08-02T22:48:08.164Z query:rate(conduit_connector_bytes_sum{pipeline_name=\"archv2-nxm\",type=\"destination\"}[2s])/1048576 start:2026-08-02T22:47:39.159Z step:1]" stats="&{Timings:{EvalTotalTime:9.9625e-05 ResultSortTime:1.125e-06 QueryPreparationTime:1.4333e-05 InnerEvalTime:7.8375e-05 ExecQueueTime:1.917e-06 ExecTotalTime:0.000105083} Samples:0x14001592930}" spanID=0000000000000000
time=2026-08-02T15:48:08.164-07:00 level=WARN msg="Query returned multiple series, only first will be used" test=archv2-nxm tool=conduit-v1 collector=conduit type=conduit collector=conduit type=conduit series-count=2
time=2026-08-02T15:48:08.164-07:00 level=DEBUG msg="Query returned data" test=archv2-nxm tool=conduit-v1 collector=conduit type=conduit collector=conduit type=conduit name=msg-megabytes-out-per-second[archv2-nxm] series-count=1 last-value=0.5108108520507812
time=2026-08-02T15:48:08.198-07:00 level=DEBUG msg="Inspecting container" model=container-monitor name=benchi-conduit
time=2026-08-02T15:48:08.705-07:00 level=DEBUG msg="Inspecting container" model=container-monitor name=benchi-conduit
time=2026-08-02T15:48:09.160-07:00 level=INFO msg="Test in progress" test=archv2-nxm tool=conduit-v1 step=test time-left=30s
time=2026-08-02T15:48:09.160-07:00 level=DEBUG msg="promql query logged" test=archv2-nxm tool=conduit-v1 collector=conduit type=conduit collector=conduit type=conduit params="map[end:2026-08-02T22:48:09.160Z query:rate(conduit_pipeline_execution_duration_seconds_count{pipeline_name=\"archv2-nxm\"}[2s]) start:2026-08-02T22:47:39.159Z step:1]" stats="&{Timings:{EvalTotalTime:5.0083e-05 ResultSortTime:5.83e-07 QueryPreparationTime:1.3959e-05 InnerEvalTime:3.1e-05 ExecQueueTime:1.833e-06 ExecTotalTime:5.4542e-05} Samples:0x1400163dd70}" spanID=0000000000000000
time=2026-08-02T15:48:09.160-07:00 level=DEBUG msg="Query returned data" test=archv2-nxm tool=conduit-v1 collector=conduit type=conduit collector=conduit type=conduit name=msg-rate-per-second[archv2-nxm] series-count=1 last-value=18928
time=2026-08-02T15:48:09.160-07:00 level=DEBUG msg="promql query logged" test=archv2-nxm tool=conduit-v1 collector=conduit type=conduit collector=conduit type=conduit params="map[end:2026-08-02T22:48:09.160Z query:rate(conduit_connector_bytes_sum{pipeline_name=\"archv2-nxm\",type=\"source\"}[2s])/1048576 start:2026-08-02T22:47:39.159Z step:1]" stats="&{Timings:{EvalTotalTime:0.000135375 ResultSortTime:1.209e-06 QueryPreparationTime:8.334e-06 InnerEvalTime:0.000119125 ExecQueueTime:1.084e-06 ExecTotalTime:0.000144166} Samples:0x1400178c4b0}" spanID=0000000000000000
time=2026-08-02T15:48:09.161-07:00 level=WARN msg="Query returned multiple series, only first will be used" test=archv2-nxm tool=conduit-v1 collector=conduit type=conduit collector=conduit type=conduit series-count=2
time=2026-08-02T15:48:09.161-07:00 level=DEBUG msg="Query returned data" test=archv2-nxm tool=conduit-v1 collector=conduit type=conduit collector=conduit type=conduit name=msg-megabytes-in-per-second[archv2-nxm] series-count=1 last-value=0.2689533233642578
time=2026-08-02T15:48:09.161-07:00 level=DEBUG msg="promql query logged" test=archv2-nxm tool=conduit-v1 collector=conduit type=conduit collector=conduit type=conduit params="map[end:2026-08-02T22:48:09.161Z query:rate(conduit_connector_bytes_sum{pipeline_name=\"archv2-nxm\",type=\"destination\"}[2s])/1048576 start:2026-08-02T22:47:39.159Z step:1]" stats="&{Timings:{EvalTotalTime:7.5e-05 ResultSortTime:5.42e-07 QueryPreparationTime:1.1917e-05 InnerEvalTime:5.825e-05 ExecQueueTime:1.75e-06 ExecTotalTime:7.9834e-05} Samples:0x140015676b0}" spanID=0000000000000000
time=2026-08-02T15:48:09.161-07:00 level=WARN msg="Query returned multiple series, only first will be used" test=archv2-nxm tool=conduit-v1 collector=conduit type=conduit collector=conduit type=conduit series-count=2
time=2026-08-02T15:48:09.161-07:00 level=DEBUG msg="Query returned data" test=archv2-nxm tool=conduit-v1 collector=conduit type=conduit collector=conduit type=conduit name=msg-megabytes-out-per-second[archv2-nxm] series-count=1 last-value=0.5348854064941406
time=2026-08-02T15:48:09.213-07:00 level=DEBUG msg="Inspecting container" model=container-monitor name=benchi-conduit
time=2026-08-02T15:48:09.718-07:00 level=DEBUG msg="Inspecting container" model=container-monitor name=benchi-conduit
time=2026-08-02T15:48:10.165-07:00 level=DEBUG msg="promql query logged" test=archv2-nxm tool=conduit-v1 collector=conduit type=conduit collector=conduit type=conduit params="map[end:2026-08-02T22:48:10.165Z query:rate(conduit_pipeline_execution_duration_seconds_count{pipeline_name=\"archv2-nxm\"}[2s]) start:2026-08-02T22:47:39.159Z step:1]" stats="&{Timings:{EvalTotalTime:0.000135042 ResultSortTime:4.58e-07 QueryPreparationTime:1.3291e-05 InnerEvalTime:0.000115417 ExecQueueTime:2.125e-06 ExecTotalTime:0.00014} Samples:0x1400178db90}" spanID=0000000000000000
time=2026-08-02T15:48:10.165-07:00 level=DEBUG msg="Query returned data" test=archv2-nxm tool=conduit-v1 collector=conduit type=conduit collector=conduit type=conduit name=msg-rate-per-second[archv2-nxm] series-count=1 last-value=20725
time=2026-08-02T15:48:10.165-07:00 level=DEBUG msg="promql query logged" test=archv2-nxm tool=conduit-v1 collector=conduit type=conduit collector=conduit type=conduit params="map[end:2026-08-02T22:48:10.165Z query:rate(conduit_connector_bytes_sum{pipeline_name=\"archv2-nxm\",type=\"source\"}[2s])/1048576 start:2026-08-02T22:47:39.159Z step:1]" stats="&{Timings:{EvalTotalTime:0.000110041 ResultSortTime:7.09e-07 QueryPreparationTime:6e-06 InnerEvalTime:9.9125e-05 ExecQueueTime:1.001e-06 ExecTotalTime:0.0001125} Samples:0x140017ce390}" spanID=0000000000000000
time=2026-08-02T15:48:10.165-07:00 level=WARN msg="Query returned multiple series, only first will be used" test=archv2-nxm tool=conduit-v1 collector=conduit type=conduit collector=conduit type=conduit series-count=2
time=2026-08-02T15:48:10.165-07:00 level=DEBUG msg="Query returned data" test=archv2-nxm tool=conduit-v1 collector=conduit type=conduit collector=conduit type=conduit name=msg-megabytes-in-per-second[archv2-nxm] series-count=1 last-value=0.28904247283935547
time=2026-08-02T15:48:10.166-07:00 level=DEBUG msg="promql query logged" test=archv2-nxm tool=conduit-v1 collector=conduit type=conduit collector=conduit type=conduit params="map[end:2026-08-02T22:48:10.166Z query:rate(conduit_connector_bytes_sum{pipeline_name=\"archv2-nxm\",type=\"destination\"}[2s])/1048576 start:2026-08-02T22:47:39.159Z step:1]" stats="&{Timings:{EvalTotalTime:3.4875e-05 ResultSortTime:2.09e-07 QueryPreparationTime:4.042e-06 InnerEvalTime:2.875e-05 ExecQueueTime:6.25e-07 ExecTotalTime:3.65e-05} Samples:0x140017cf2f0}" spanID=0000000000000000
time=2026-08-02T15:48:10.166-07:00 level=WARN msg="Query returned multiple series, only first will be used" test=archv2-nxm tool=conduit-v1 collector=conduit type=conduit collector=conduit type=conduit series-count=2
time=2026-08-02T15:48:10.166-07:00 level=DEBUG msg="Query returned data" test=archv2-nxm tool=conduit-v1 collector=conduit type=conduit collector=conduit type=conduit name=msg-megabytes-out-per-second[archv2-nxm] series-count=1 last-value=0.5858774185180664
time=2026-08-02T15:48:10.230-07:00 level=DEBUG msg="Inspecting container" model=container-monitor name=benchi-conduit
time=2026-08-02T15:48:10.739-07:00 level=DEBUG msg="Inspecting container" model=container-monitor name=benchi-conduit
time=2026-08-02T15:48:11.160-07:00 level=DEBUG msg="promql query logged" test=archv2-nxm tool=conduit-v1 collector=conduit type=conduit collector=conduit type=conduit params="map[end:2026-08-02T22:48:11.160Z query:rate(conduit_pipeline_execution_duration_seconds_count{pipeline_name=\"archv2-nxm\"}[2s]) start:2026-08-02T22:47:39.159Z step:1]" stats="&{Timings:{EvalTotalTime:0.000200625 ResultSortTime:6.25e-07 QueryPreparationTime:1.5208e-05 InnerEvalTime:0.000177792 ExecQueueTime:2.625e-06 ExecTotalTime:0.000207916} Samples:0x14001000840}" spanID=0000000000000000
time=2026-08-02T15:48:11.160-07:00 level=DEBUG msg="Query returned data" test=archv2-nxm tool=conduit-v1 collector=conduit type=conduit collector=conduit type=conduit name=msg-rate-per-second[archv2-nxm] series-count=1 last-value=18658
time=2026-08-02T15:48:11.160-07:00 level=DEBUG msg="promql query logged" test=archv2-nxm tool=conduit-v1 collector=conduit type=conduit collector=conduit type=conduit params="map[end:2026-08-02T22:48:11.160Z query:rate(conduit_connector_bytes_sum{pipeline_name=\"archv2-nxm\",type=\"source\"}[2s])/1048576 start:2026-08-02T22:47:39.159Z step:1]" stats="&{Timings:{EvalTotalTime:8.1042e-05 ResultSortTime:3.041e-06 QueryPreparationTime:9.166e-06 InnerEvalTime:6.475e-05 ExecQueueTime:1.125e-06 ExecTotalTime:8.4208e-05} Samples:0x140010014a0}" spanID=0000000000000000
time=2026-08-02T15:48:11.160-07:00 level=WARN msg="Query returned multiple series, only first will be used" test=archv2-nxm tool=conduit-v1 collector=conduit type=conduit collector=conduit type=conduit series-count=2
time=2026-08-02T15:48:11.160-07:00 level=DEBUG msg="Query returned data" test=archv2-nxm tool=conduit-v1 collector=conduit type=conduit collector=conduit type=conduit name=msg-megabytes-in-per-second[archv2-nxm] series-count=1 last-value=0.26204586029052734
time=2026-08-02T15:48:11.161-07:00 level=DEBUG msg="promql query logged" test=archv2-nxm tool=conduit-v1 collector=conduit type=conduit collector=conduit type=conduit params="map[end:2026-08-02T22:48:11.160Z query:rate(conduit_connector_bytes_sum{pipeline_name=\"archv2-nxm\",type=\"destination\"}[2s])/1048576 start:2026-08-02T22:47:39.159Z step:1]" stats="&{Timings:{EvalTotalTime:6.5792e-05 ResultSortTime:4.58e-07 QueryPreparationTime:7.458e-06 InnerEvalTime:5.4084e-05 ExecQueueTime:9.58e-07 ExecTotalTime:6.8875e-05} Samples:0x14000951590}" spanID=0000000000000000
time=2026-08-02T15:48:11.161-07:00 level=WARN msg="Query returned multiple series, only first will be used" test=archv2-nxm tool=conduit-v1 collector=conduit type=conduit collector=conduit type=conduit series-count=2
time=2026-08-02T15:48:11.161-07:00 level=DEBUG msg="Query returned data" test=archv2-nxm tool=conduit-v1 collector=conduit type=conduit collector=conduit type=conduit name=msg-megabytes-out-per-second[archv2-nxm] series-count=1 last-value=0.5270280838012695
time=2026-08-02T15:48:11.244-07:00 level=DEBUG msg="Inspecting container" model=container-monitor name=benchi-conduit
time=2026-08-02T15:48:11.751-07:00 level=DEBUG msg="Inspecting container" model=container-monitor name=benchi-conduit
time=2026-08-02T15:48:12.159-07:00 level=DEBUG msg="promql query logged" test=archv2-nxm tool=conduit-v1 collector=conduit type=conduit collector=conduit type=conduit params="map[end:2026-08-02T22:48:12.159Z query:rate(conduit_pipeline_execution_duration_seconds_count{pipeline_name=\"archv2-nxm\"}[2s]) start:2026-08-02T22:47:39.159Z step:1]" stats="&{Timings:{EvalTotalTime:5.6208e-05 ResultSortTime:5e-07 QueryPreparationTime:1.4084e-05 InnerEvalTime:3.6791e-05 ExecQueueTime:2.75e-06 ExecTotalTime:6.1e-05} Samples:0x14000a82f00}" spanID=0000000000000000
time=2026-08-02T15:48:12.159-07:00 level=DEBUG msg="Query returned data" test=archv2-nxm tool=conduit-v1 collector=conduit type=conduit collector=conduit type=conduit name=msg-rate-per-second[archv2-nxm] series-count=1 last-value=19289
time=2026-08-02T15:48:12.160-07:00 level=DEBUG msg="promql query logged" test=archv2-nxm tool=conduit-v1 collector=conduit type=conduit collector=conduit type=conduit params="map[end:2026-08-02T22:48:12.160Z query:rate(conduit_connector_bytes_sum{pipeline_name=\"archv2-nxm\",type=\"source\"}[2s])/1048576 start:2026-08-02T22:47:39.159Z step:1]" stats="&{Timings:{EvalTotalTime:7.6042e-05 ResultSortTime:1e-06 QueryPreparationTime:8.5e-06 InnerEvalTime:6.2791e-05 ExecQueueTime:1.084e-06 ExecTotalTime:7.8875e-05} Samples:0x14000ea29c0}" spanID=0000000000000000
time=2026-08-02T15:48:12.160-07:00 level=WARN msg="Query returned multiple series, only first will be used" test=archv2-nxm tool=conduit-v1 collector=conduit type=conduit collector=conduit type=conduit series-count=2
time=2026-08-02T15:48:12.160-07:00 level=DEBUG msg="Query returned data" test=archv2-nxm tool=conduit-v1 collector=conduit type=conduit collector=conduit type=conduit name=msg-megabytes-in-per-second[archv2-nxm] series-count=1 last-value=0.2778959274291992
time=2026-08-02T15:48:12.160-07:00 level=DEBUG msg="promql query logged" test=archv2-nxm tool=conduit-v1 collector=conduit type=conduit collector=conduit type=conduit params="map[end:2026-08-02T22:48:12.160Z query:rate(conduit_connector_bytes_sum{pipeline_name=\"archv2-nxm\",type=\"destination\"}[2s])/1048576 start:2026-08-02T22:47:39.159Z step:1]" stats="&{Timings:{EvalTotalTime:0.00016675 ResultSortTime:6.25e-07 QueryPreparationTime:1.2417e-05 InnerEvalTime:6.5083e-05 ExecQueueTime:7.92e-07 ExecTotalTime:0.00017025} Samples:0x14000ea3ad0}" spanID=0000000000000000
time=2026-08-02T15:48:12.160-07:00 level=WARN msg="Query returned multiple series, only first will be used" test=archv2-nxm tool=conduit-v1 collector=conduit type=conduit collector=conduit type=conduit series-count=2
time=2026-08-02T15:48:12.160-07:00 level=DEBUG msg="Query returned data" test=archv2-nxm tool=conduit-v1 collector=conduit type=conduit collector=conduit type=conduit name=msg-megabytes-out-per-second[archv2-nxm] series-count=1 last-value=0.5445985794067383
time=2026-08-02T15:48:12.259-07:00 level=DEBUG msg="Inspecting container" model=container-monitor name=benchi-conduit
time=2026-08-02T15:48:12.775-07:00 level=DEBUG msg="Inspecting container" model=container-monitor name=benchi-conduit
time=2026-08-02T15:48:13.160-07:00 level=DEBUG msg="promql query logged" test=archv2-nxm tool=conduit-v1 collector=conduit type=conduit collector=conduit type=conduit params="map[end:2026-08-02T22:48:13.160Z query:rate(conduit_pipeline_execution_duration_seconds_count{pipeline_name=\"archv2-nxm\"}[2s]) start:2026-08-02T22:47:39.159Z step:1]" stats="&{Timings:{EvalTotalTime:6.1666e-05 ResultSortTime:5.83e-07 QueryPreparationTime:1.7e-05 InnerEvalTime:3.8667e-05 ExecQueueTime:2.832e-06 ExecTotalTime:6.7166e-05} Samples:0x1400064ed50}" spanID=0000000000000000
time=2026-08-02T15:48:13.160-07:00 level=DEBUG msg="Query returned data" test=archv2-nxm tool=conduit-v1 collector=conduit type=conduit collector=conduit type=conduit name=msg-rate-per-second[archv2-nxm] series-count=1 last-value=18374
time=2026-08-02T15:48:13.161-07:00 level=DEBUG msg="promql query logged" test=archv2-nxm tool=conduit-v1 collector=conduit type=conduit collector=conduit type=conduit params="map[end:2026-08-02T22:48:13.160Z query:rate(conduit_connector_bytes_sum{pipeline_name=\"archv2-nxm\",type=\"source\"}[2s])/1048576 start:2026-08-02T22:47:39.159Z step:1]" stats="&{Timings:{EvalTotalTime:9.5834e-05 ResultSortTime:1.083e-06 QueryPreparationTime:9.292e-06 InnerEvalTime:8.0959e-05 ExecQueueTime:1.458e-06 ExecTotalTime:9.9167e-05} Samples:0x1400064f4d0}" spanID=0000000000000000
time=2026-08-02T15:48:13.161-07:00 level=WARN msg="Query returned multiple series, only first will be used" test=archv2-nxm tool=conduit-v1 collector=conduit type=conduit collector=conduit type=conduit series-count=2
time=2026-08-02T15:48:13.161-07:00 level=DEBUG msg="Query returned data" test=archv2-nxm tool=conduit-v1 collector=conduit type=conduit collector=conduit type=conduit name=msg-megabytes-in-per-second[archv2-nxm] series-count=1 last-value=0.2573375701904297
time=2026-08-02T15:48:13.161-07:00 level=DEBUG msg="promql query logged" test=archv2-nxm tool=conduit-v1 collector=conduit type=conduit collector=conduit type=conduit params="map[end:2026-08-02T22:48:13.161Z query:rate(conduit_connector_bytes_sum{pipeline_name=\"archv2-nxm\",type=\"destination\"}[2s])/1048576 start:2026-08-02T22:47:39.159Z step:1]" stats="&{Timings:{EvalTotalTime:8.225e-05 ResultSortTime:6.25e-07 QueryPreparationTime:1.0708e-05 InnerEvalTime:6.6e-05 ExecQueueTime:1.459e-06 ExecTotalTime:8.6208e-05} Samples:0x1400121ad80}" spanID=0000000000000000
time=2026-08-02T15:48:13.161-07:00 level=WARN msg="Query returned multiple series, only first will be used" test=archv2-nxm tool=conduit-v1 collector=conduit type=conduit collector=conduit type=conduit series-count=2
time=2026-08-02T15:48:13.165-07:00 level=DEBUG msg="Query returned data" test=archv2-nxm tool=conduit-v1 collector=conduit type=conduit collector=conduit type=conduit name=msg-megabytes-out-per-second[archv2-nxm] series-count=1 last-value=0.5184774398803711
time=2026-08-02T15:48:13.288-07:00 level=DEBUG msg="Inspecting container" model=container-monitor name=benchi-conduit
time=2026-08-02T15:48:13.794-07:00 level=DEBUG msg="Inspecting container" model=container-monitor name=benchi-conduit
time=2026-08-02T15:48:14.160-07:00 level=INFO msg="Test in progress" test=archv2-nxm tool=conduit-v1 step=test time-left=25s
time=2026-08-02T15:48:14.160-07:00 level=DEBUG msg="promql query logged" test=archv2-nxm tool=conduit-v1 collector=conduit type=conduit collector=conduit type=conduit params="map[end:2026-08-02T22:48:14.160Z query:rate(conduit_pipeline_execution_duration_seconds_count{pipeline_name=\"archv2-nxm\"}[2s]) start:2026-08-02T22:47:39.159Z step:1]" stats="&{Timings:{EvalTotalTime:0.0001355 ResultSortTime:6.25e-07 QueryPreparationTime:2.9083e-05 InnerEvalTime:9.4708e-05 ExecQueueTime:2.167e-06 ExecTotalTime:0.000140792} Samples:0x14000b01410}" spanID=0000000000000000
time=2026-08-02T15:48:14.161-07:00 level=DEBUG msg="Query returned data" test=archv2-nxm tool=conduit-v1 collector=conduit type=conduit collector=conduit type=conduit name=msg-rate-per-second[archv2-nxm] series-count=1 last-value=19741
time=2026-08-02T15:48:14.161-07:00 level=DEBUG msg="promql query logged" test=archv2-nxm tool=conduit-v1 collector=conduit type=conduit collector=conduit type=conduit params="map[end:2026-08-02T22:48:14.161Z query:rate(conduit_connector_bytes_sum{pipeline_name=\"archv2-nxm\",type=\"source\"}[2s])/1048576 start:2026-08-02T22:47:39.159Z step:1]" stats="&{Timings:{EvalTotalTime:8.5458e-05 ResultSortTime:1e-06 QueryPreparationTime:1.0292e-05 InnerEvalTime:6.9833e-05 ExecQueueTime:1.417e-06 ExecTotalTime:8.9167e-05} Samples:0x140011361b0}" spanID=0000000000000000
time=2026-08-02T15:48:14.161-07:00 level=WARN msg="Query returned multiple series, only first will be used" test=archv2-nxm tool=conduit-v1 collector=conduit type=conduit collector=conduit type=conduit series-count=2
time=2026-08-02T15:48:14.161-07:00 level=DEBUG msg="Query returned data" test=archv2-nxm tool=conduit-v1 collector=conduit type=conduit collector=conduit type=conduit name=msg-megabytes-in-per-second[archv2-nxm] series-count=1 last-value=0.2747154235839844
time=2026-08-02T15:48:14.161-07:00 level=DEBUG msg="promql query logged" test=archv2-nxm tool=conduit-v1 collector=conduit type=conduit collector=conduit type=conduit params="map[end:2026-08-02T22:48:14.161Z query:rate(conduit_connector_bytes_sum{pipeline_name=\"archv2-nxm\",type=\"destination\"}[2s])/1048576 start:2026-08-02T22:47:39.159Z step:1]" stats="&{Timings:{EvalTotalTime:8.6166e-05 ResultSortTime:7.09e-07 QueryPreparationTime:1.0917e-05 InnerEvalTime:6.9e-05 ExecQueueTime:1.334e-06 ExecTotalTime:8.9917e-05} Samples:0x140011d4c30}" spanID=0000000000000000
time=2026-08-02T15:48:14.161-07:00 level=WARN msg="Query returned multiple series, only first will be used" test=archv2-nxm tool=conduit-v1 collector=conduit type=conduit collector=conduit type=conduit series-count=2
time=2026-08-02T15:48:14.161-07:00 level=DEBUG msg="Query returned data" test=archv2-nxm tool=conduit-v1 collector=conduit type=conduit collector=conduit type=conduit name=msg-megabytes-out-per-second[archv2-nxm] series-count=1 last-value=0.5574560165405273
time=2026-08-02T15:48:14.302-07:00 level=DEBUG msg="Inspecting container" model=container-monitor name=benchi-conduit
time=2026-08-02T15:48:14.808-07:00 level=DEBUG msg="Inspecting container" model=container-monitor name=benchi-conduit
time=2026-08-02T15:48:15.161-07:00 level=DEBUG msg="promql query logged" test=archv2-nxm tool=conduit-v1 collector=conduit type=conduit collector=conduit type=conduit params="map[end:2026-08-02T22:48:15.160Z query:rate(conduit_pipeline_execution_duration_seconds_count{pipeline_name=\"archv2-nxm\"}[2s]) start:2026-08-02T22:47:39.159Z step:1]" stats="&{Timings:{EvalTotalTime:0.00024375 ResultSortTime:5e-07 QueryPreparationTime:1.6541e-05 InnerEvalTime:0.000218542 ExecQueueTime:3.042e-06 ExecTotalTime:0.000249667} Samples:0x1400123ca50}" spanID=0000000000000000
time=2026-08-02T15:48:15.161-07:00 level=DEBUG msg="Query returned data" test=archv2-nxm tool=conduit-v1 collector=conduit type=conduit collector=conduit type=conduit name=msg-rate-per-second[archv2-nxm] series-count=1 last-value=19998
time=2026-08-02T15:48:15.168-07:00 level=DEBUG msg="promql query logged" test=archv2-nxm tool=conduit-v1 collector=conduit type=conduit collector=conduit type=conduit params="map[end:2026-08-02T22:48:15.161Z query:rate(conduit_connector_bytes_sum{pipeline_name=\"archv2-nxm\",type=\"source\"}[2s])/1048576 start:2026-08-02T22:47:39.159Z step:1]" stats="&{Timings:{EvalTotalTime:0.006578291 ResultSortTime:1e-06 QueryPreparationTime:0.0064655 InnerEvalTime:9.7625e-05 ExecQueueTime:1.709e-06 ExecTotalTime:0.006584541} Samples:0x1400123d110}" spanID=0000000000000000
time=2026-08-02T15:48:15.168-07:00 level=WARN msg="Query returned multiple series, only first will be used" test=archv2-nxm tool=conduit-v1 collector=conduit type=conduit collector=conduit type=conduit series-count=2
time=2026-08-02T15:48:15.168-07:00 level=DEBUG msg="Query returned data" test=archv2-nxm tool=conduit-v1 collector=conduit type=conduit collector=conduit type=conduit name=msg-megabytes-in-per-second[archv2-nxm] series-count=1 last-value=0.28212451934814453
time=2026-08-02T15:48:15.168-07:00 level=DEBUG msg="promql query logged" test=archv2-nxm tool=conduit-v1 collector=conduit type=conduit collector=conduit type=conduit params="map[end:2026-08-02T22:48:15.168Z query:rate(conduit_connector_bytes_sum{pipeline_name=\"archv2-nxm\",type=\"destination\"}[2s])/1048576 start:2026-08-02T22:47:39.159Z step:1]" stats="&{Timings:{EvalTotalTime:5.4625e-05 ResultSortTime:6.67e-07 QueryPreparationTime:7.75e-06 InnerEvalTime:4.375e-05 ExecQueueTime:1.083e-06 ExecTotalTime:5.7208e-05} Samples:0x1400127e210}" spanID=0000000000000000
time=2026-08-02T15:48:15.168-07:00 level=WARN msg="Query returned multiple series, only first will be used" test=archv2-nxm tool=conduit-v1 collector=conduit type=conduit collector=conduit type=conduit series-count=2
time=2026-08-02T15:48:15.169-07:00 level=DEBUG msg="Query returned data" test=archv2-nxm tool=conduit-v1 collector=conduit type=conduit collector=conduit type=conduit name=msg-megabytes-out-per-second[archv2-nxm] series-count=1 last-value=0.5654678344726562
time=2026-08-02T15:48:15.315-07:00 level=DEBUG msg="Inspecting container" model=container-monitor name=benchi-conduit
time=2026-08-02T15:48:15.822-07:00 level=DEBUG msg="Inspecting container" model=container-monitor name=benchi-conduit
time=2026-08-02T15:48:16.161-07:00 level=DEBUG msg="promql query logged" test=archv2-nxm tool=conduit-v1 collector=conduit type=conduit collector=conduit type=conduit params="map[end:2026-08-02T22:48:16.161Z query:rate(conduit_pipeline_execution_duration_seconds_count{pipeline_name=\"archv2-nxm\"}[2s]) start:2026-08-02T22:47:39.159Z step:1]" stats="&{Timings:{EvalTotalTime:5.1958e-05 ResultSortTime:3.75e-07 QueryPreparationTime:1.4e-05 InnerEvalTime:3.275e-05 ExecQueueTime:2.75e-06 ExecTotalTime:5.7583e-05} Samples:0x140012a1b00}" spanID=0000000000000000
time=2026-08-02T15:48:16.161-07:00 level=DEBUG msg="Query returned data" test=archv2-nxm tool=conduit-v1 collector=conduit type=conduit collector=conduit type=conduit name=msg-rate-per-second[archv2-nxm] series-count=1 last-value=19579
time=2026-08-02T15:48:16.161-07:00 level=DEBUG msg="promql query logged" test=archv2-nxm tool=conduit-v1 collector=conduit type=conduit collector=conduit type=conduit params="map[end:2026-08-02T22:48:16.161Z query:rate(conduit_connector_bytes_sum{pipeline_name=\"archv2-nxm\",type=\"source\"}[2s])/1048576 start:2026-08-02T22:47:39.159Z step:1]" stats="&{Timings:{EvalTotalTime:7.9167e-05 ResultSortTime:8.75e-07 QueryPreparationTime:7.5e-06 InnerEvalTime:6.7041e-05 ExecQueueTime:8.34e-07 ExecTotalTime:8.2625e-05} Samples:0x140012c6240}" spanID=0000000000000000
time=2026-08-02T15:48:16.161-07:00 level=WARN msg="Query returned multiple series, only first will be used" test=archv2-nxm tool=conduit-v1 collector=conduit type=conduit collector=conduit type=conduit series-count=2
time=2026-08-02T15:48:16.162-07:00 level=DEBUG msg="Query returned data" test=archv2-nxm tool=conduit-v1 collector=conduit type=conduit collector=conduit type=conduit name=msg-megabytes-in-per-second[archv2-nxm] series-count=1 last-value=0.2760343551635742
time=2026-08-02T15:48:16.162-07:00 level=DEBUG msg="promql query logged" test=archv2-nxm tool=conduit-v1 collector=conduit type=conduit collector=conduit type=conduit params="map[end:2026-08-02T22:48:16.162Z query:rate(conduit_connector_bytes_sum{pipeline_name=\"archv2-nxm\",type=\"destination\"}[2s])/1048576 start:2026-08-02T22:47:39.159Z step:1]" stats="&{Timings:{EvalTotalTime:6.4459e-05 ResultSortTime:4.17e-07 QueryPreparationTime:6.083e-06 InnerEvalTime:5.45e-05 ExecQueueTime:9.16e-07 ExecTotalTime:6.6917e-05} Samples:0x140012c7320}" spanID=0000000000000000
time=2026-08-02T15:48:16.162-07:00 level=WARN msg="Query returned multiple series, only first will be used" test=archv2-nxm tool=conduit-v1 collector=conduit type=conduit collector=conduit type=conduit series-count=2
time=2026-08-02T15:48:16.162-07:00 level=DEBUG msg="Query returned data" test=archv2-nxm tool=conduit-v1 collector=conduit type=conduit collector=conduit type=conduit name=msg-megabytes-out-per-second[archv2-nxm] series-count=1 last-value=0.5532417297363281
time=2026-08-02T15:48:16.334-07:00 level=DEBUG msg="Inspecting container" model=container-monitor name=benchi-conduit
time=2026-08-02T15:48:16.841-07:00 level=DEBUG msg="Inspecting container" model=container-monitor name=benchi-conduit
time=2026-08-02T15:48:17.160-07:00 level=DEBUG msg="promql query logged" test=archv2-nxm tool=conduit-v1 collector=conduit type=conduit collector=conduit type=conduit params="map[end:2026-08-02T22:48:17.160Z query:rate(conduit_pipeline_execution_duration_seconds_count{pipeline_name=\"archv2-nxm\"}[2s]) start:2026-08-02T22:47:39.159Z step:1]" stats="&{Timings:{EvalTotalTime:5.4083e-05 ResultSortTime:5.41e-07 QueryPreparationTime:1.4583e-05 InnerEvalTime:3.4208e-05 ExecQueueTime:2.667e-06 ExecTotalTime:5.9125e-05} Samples:0x14001340c90}" spanID=0000000000000000
time=2026-08-02T15:48:17.160-07:00 level=DEBUG msg="Query returned data" test=archv2-nxm tool=conduit-v1 collector=conduit type=conduit collector=conduit type=conduit name=msg-rate-per-second[archv2-nxm] series-count=1 last-value=18473
time=2026-08-02T15:48:17.160-07:00 level=DEBUG msg="promql query logged" test=archv2-nxm tool=conduit-v1 collector=conduit type=conduit collector=conduit type=conduit params="map[end:2026-08-02T22:48:17.160Z query:rate(conduit_connector_bytes_sum{pipeline_name=\"archv2-nxm\",type=\"source\"}[2s])/1048576 start:2026-08-02T22:47:39.159Z step:1]" stats="&{Timings:{EvalTotalTime:8.1291e-05 ResultSortTime:8.33e-07 QueryPreparationTime:8.042e-06 InnerEvalTime:6.8167e-05 ExecQueueTime:1.124e-06 ExecTotalTime:8.4542e-05} Samples:0x14001341350}" spanID=0000000000000000
time=2026-08-02T15:48:17.160-07:00 level=WARN msg="Query returned multiple series, only first will be used" test=archv2-nxm tool=conduit-v1 collector=conduit type=conduit collector=conduit type=conduit series-count=2
time=2026-08-02T15:48:17.160-07:00 level=DEBUG msg="Query returned data" test=archv2-nxm tool=conduit-v1 collector=conduit type=conduit collector=conduit type=conduit name=msg-megabytes-in-per-second[archv2-nxm] series-count=1 last-value=0.2610788345336914
time=2026-08-02T15:48:17.160-07:00 level=DEBUG msg="promql query logged" test=archv2-nxm tool=conduit-v1 collector=conduit type=conduit collector=conduit type=conduit params="map[end:2026-08-02T22:48:17.160Z query:rate(conduit_connector_bytes_sum{pipeline_name=\"archv2-nxm\",type=\"destination\"}[2s])/1048576 start:2026-08-02T22:47:39.159Z step:1]" stats="&{Timings:{EvalTotalTime:8.0166e-05 ResultSortTime:6.25e-07 QueryPreparationTime:9.542e-06 InnerEvalTime:6.1334e-05 ExecQueueTime:8.75e-07 ExecTotalTime:8.3083e-05} Samples:0x1400137e390}" spanID=0000000000000000
time=2026-08-02T15:48:17.160-07:00 level=WARN msg="Query returned multiple series, only first will be used" test=archv2-nxm tool=conduit-v1 collector=conduit type=conduit collector=conduit type=conduit series-count=2
time=2026-08-02T15:48:17.160-07:00 level=DEBUG msg="Query returned data" test=archv2-nxm tool=conduit-v1 collector=conduit type=conduit collector=conduit type=conduit name=msg-megabytes-out-per-second[archv2-nxm] series-count=1 last-value=0.5219650268554688
time=2026-08-02T15:48:17.349-07:00 level=DEBUG msg="Inspecting container" model=container-monitor name=benchi-conduit
time=2026-08-02T15:48:17.872-07:00 level=DEBUG msg="Inspecting container" model=container-monitor name=benchi-conduit
time=2026-08-02T15:48:18.159-07:00 level=DEBUG msg="promql query logged" test=archv2-nxm tool=conduit-v1 collector=conduit type=conduit collector=conduit type=conduit params="map[end:2026-08-02T22:48:18.159Z query:rate(conduit_pipeline_execution_duration_seconds_count{pipeline_name=\"archv2-nxm\"}[2s]) start:2026-08-02T22:47:39.159Z step:1]" stats="&{Timings:{EvalTotalTime:5.8541e-05 ResultSortTime:4.16e-07 QueryPreparationTime:1.6375e-05 InnerEvalTime:3.5708e-05 ExecQueueTime:2.75e-06 ExecTotalTime:6.3167e-05} Samples:0x14001549710}" spanID=0000000000000000
time=2026-08-02T15:48:18.159-07:00 level=DEBUG msg="Query returned data" test=archv2-nxm tool=conduit-v1 collector=conduit type=conduit collector=conduit type=conduit name=msg-rate-per-second[archv2-nxm] series-count=1 last-value=18183
time=2026-08-02T15:48:18.159-07:00 level=DEBUG msg="promql query logged" test=archv2-nxm tool=conduit-v1 collector=conduit type=conduit collector=conduit type=conduit params="map[end:2026-08-02T22:48:18.159Z query:rate(conduit_connector_bytes_sum{pipeline_name=\"archv2-nxm\",type=\"source\"}[2s])/1048576 start:2026-08-02T22:47:39.159Z step:1]" stats="&{Timings:{EvalTotalTime:9.2e-05 ResultSortTime:1e-06 QueryPreparationTime:1.0209e-05 InnerEvalTime:7.7e-05 ExecQueueTime:1.459e-06 ExecTotalTime:9.5541e-05} Samples:0x14000a1df20}" spanID=0000000000000000
time=2026-08-02T15:48:18.160-07:00 level=WARN msg="Query returned multiple series, only first will be used" test=archv2-nxm tool=conduit-v1 collector=conduit type=conduit collector=conduit type=conduit series-count=2
time=2026-08-02T15:48:18.160-07:00 level=DEBUG msg="Query returned data" test=archv2-nxm tool=conduit-v1 collector=conduit type=conduit collector=conduit type=conduit name=msg-megabytes-in-per-second[archv2-nxm] series-count=1 last-value=0.2565431594848633
time=2026-08-02T15:48:18.160-07:00 level=DEBUG msg="promql query logged" test=archv2-nxm tool=conduit-v1 collector=conduit type=conduit collector=conduit type=conduit params="map[end:2026-08-02T22:48:18.160Z query:rate(conduit_connector_bytes_sum{pipeline_name=\"archv2-nxm\",type=\"destination\"}[2s])/1048576 start:2026-08-02T22:47:39.159Z step:1]" stats="&{Timings:{EvalTotalTime:7.4292e-05 ResultSortTime:4.58e-07 QueryPreparationTime:9.166e-06 InnerEvalTime:6.1e-05 ExecQueueTime:1.126e-06 ExecTotalTime:7.7459e-05} Samples:0x14000ff6ae0}" spanID=0000000000000000
time=2026-08-02T15:48:18.160-07:00 level=WARN msg="Query returned multiple series, only first will be used" test=archv2-nxm tool=conduit-v1 collector=conduit type=conduit collector=conduit type=conduit series-count=2
time=2026-08-02T15:48:18.160-07:00 level=DEBUG msg="Query returned data" test=archv2-nxm tool=conduit-v1 collector=conduit type=conduit collector=conduit type=conduit name=msg-megabytes-out-per-second[archv2-nxm] series-count=1 last-value=0.5139169692993164
time=2026-08-02T15:48:18.376-07:00 level=DEBUG msg="Inspecting container" model=container-monitor name=benchi-conduit
time=2026-08-02T15:48:18.885-07:00 level=DEBUG msg="Inspecting container" model=container-monitor name=benchi-conduit
time=2026-08-02T15:48:19.160-07:00 level=INFO msg="Test in progress" test=archv2-nxm tool=conduit-v1 step=test time-left=20s
time=2026-08-02T15:48:19.161-07:00 level=DEBUG msg="promql query logged" test=archv2-nxm tool=conduit-v1 collector=conduit type=conduit collector=conduit type=conduit params="map[end:2026-08-02T22:48:19.160Z query:rate(conduit_pipeline_execution_duration_seconds_count{pipeline_name=\"archv2-nxm\"}[2s]) start:2026-08-02T22:47:39.159Z step:1]" stats="&{Timings:{EvalTotalTime:0.000241 ResultSortTime:7.92e-07 QueryPreparationTime:3.4708e-05 InnerEvalTime:6.7291e-05 ExecQueueTime:4.5e-06 ExecTotalTime:0.000251} Samples:0x14001712690}" spanID=0000000000000000
time=2026-08-02T15:48:19.161-07:00 level=DEBUG msg="Query returned data" test=archv2-nxm tool=conduit-v1 collector=conduit type=conduit collector=conduit type=conduit name=msg-rate-per-second[archv2-nxm] series-count=1 last-value=20836
time=2026-08-02T15:48:19.161-07:00 level=DEBUG msg="promql query logged" test=archv2-nxm tool=conduit-v1 collector=conduit type=conduit collector=conduit type=conduit params="map[end:2026-08-02T22:48:19.161Z query:rate(conduit_connector_bytes_sum{pipeline_name=\"archv2-nxm\",type=\"source\"}[2s])/1048576 start:2026-08-02T22:47:39.159Z step:1]" stats="&{Timings:{EvalTotalTime:0.000125875 ResultSortTime:2.209e-06 QueryPreparationTime:1.4458e-05 InnerEvalTime:0.000103292 ExecQueueTime:1.417e-06 ExecTotalTime:0.00013125} Samples:0x14001712d50}" spanID=0000000000000000
time=2026-08-02T15:48:19.161-07:00 level=WARN msg="Query returned multiple series, only first will be used" test=archv2-nxm tool=conduit-v1 collector=conduit type=conduit collector=conduit type=conduit series-count=2
time=2026-08-02T15:48:19.161-07:00 level=DEBUG msg="Query returned data" test=archv2-nxm tool=conduit-v1 collector=conduit type=conduit collector=conduit type=conduit name=msg-megabytes-in-per-second[archv2-nxm] series-count=1 last-value=0.2938575744628906
time=2026-08-02T15:48:19.161-07:00 level=DEBUG msg="promql query logged" test=archv2-nxm tool=conduit-v1 collector=conduit type=conduit collector=conduit type=conduit params="map[end:2026-08-02T22:48:19.161Z query:rate(conduit_connector_bytes_sum{pipeline_name=\"archv2-nxm\",type=\"destination\"}[2s])/1048576 start:2026-08-02T22:47:39.159Z step:1]" stats="&{Timings:{EvalTotalTime:8.8917e-05 ResultSortTime:8.75e-07 QueryPreparationTime:1.1208e-05 InnerEvalTime:7.2959e-05 ExecQueueTime:1.251e-06 ExecTotalTime:9.2917e-05} Samples:0x14001713ef0}" spanID=0000000000000000
time=2026-08-02T15:48:19.162-07:00 level=WARN msg="Query returned multiple series, only first will be used" test=archv2-nxm tool=conduit-v1 collector=conduit type=conduit collector=conduit type=conduit series-count=2
time=2026-08-02T15:48:19.162-07:00 level=DEBUG msg="Query returned data" test=archv2-nxm tool=conduit-v1 collector=conduit type=conduit collector=conduit type=conduit name=msg-megabytes-out-per-second[archv2-nxm] series-count=1 last-value=0.5878715515136719
time=2026-08-02T15:48:19.392-07:00 level=DEBUG msg="Inspecting container" model=container-monitor name=benchi-conduit
time=2026-08-02T15:48:19.899-07:00 level=DEBUG msg="Inspecting container" model=container-monitor name=benchi-conduit
time=2026-08-02T15:48:20.159-07:00 level=DEBUG msg="promql query logged" test=archv2-nxm tool=conduit-v1 collector=conduit type=conduit collector=conduit type=conduit params="map[end:2026-08-02T22:48:20.159Z query:rate(conduit_pipeline_execution_duration_seconds_count{pipeline_name=\"archv2-nxm\"}[2s]) start:2026-08-02T22:47:39.159Z step:1]" stats="&{Timings:{EvalTotalTime:7.2292e-05 ResultSortTime:4.58e-07 QueryPreparationTime:1.4708e-05 InnerEvalTime:5.0541e-05 ExecQueueTime:3.874e-06 ExecTotalTime:7.7125e-05} Samples:0x1400178d050}" spanID=0000000000000000
time=2026-08-02T15:48:20.159-07:00 level=DEBUG msg="Query returned data" test=archv2-nxm tool=conduit-v1 collector=conduit type=conduit collector=conduit type=conduit name=msg-rate-per-second[archv2-nxm] series-count=1 last-value=17352
time=2026-08-02T15:48:20.160-07:00 level=DEBUG msg="promql query logged" test=archv2-nxm tool=conduit-v1 collector=conduit type=conduit collector=conduit type=conduit params="map[end:2026-08-02T22:48:20.159Z query:rate(conduit_connector_bytes_sum{pipeline_name=\"archv2-nxm\",type=\"source\"}[2s])/1048576 start:2026-08-02T22:47:39.159Z step:1]" stats="&{Timings:{EvalTotalTime:0.000211583 ResultSortTime:1e-06 QueryPreparationTime:6.6792e-05 InnerEvalTime:0.000137 ExecQueueTime:1.417e-06 ExecTotalTime:0.000215333} Samples:0x1400178d770}" spanID=0000000000000000
time=2026-08-02T15:48:20.160-07:00 level=WARN msg="Query returned multiple series, only first will be used" test=archv2-nxm tool=conduit-v1 collector=conduit type=conduit collector=conduit type=conduit series-count=2
time=2026-08-02T15:48:20.160-07:00 level=DEBUG msg="Query returned data" test=archv2-nxm tool=conduit-v1 collector=conduit type=conduit collector=conduit type=conduit name=msg-megabytes-in-per-second[archv2-nxm] series-count=1 last-value=0.24436378479003906
time=2026-08-02T15:48:20.160-07:00 level=DEBUG msg="promql query logged" test=archv2-nxm tool=conduit-v1 collector=conduit type=conduit collector=conduit type=conduit params="map[end:2026-08-02T22:48:20.160Z query:rate(conduit_connector_bytes_sum{pipeline_name=\"archv2-nxm\",type=\"destination\"}[2s])/1048576 start:2026-08-02T22:47:39.159Z step:1]" stats="&{Timings:{EvalTotalTime:5.8833e-05 ResultSortTime:4.58e-07 QueryPreparationTime:8e-06 InnerEvalTime:4.7708e-05 ExecQueueTime:1.375e-06 ExecTotalTime:6.2833e-05} Samples:0x14001827260}" spanID=0000000000000000
time=2026-08-02T15:48:20.160-07:00 level=WARN msg="Query returned multiple series, only first will be used" test=archv2-nxm tool=conduit-v1 collector=conduit type=conduit collector=conduit type=conduit series-count=2
time=2026-08-02T15:48:20.160-07:00 level=DEBUG msg="Query returned data" test=archv2-nxm tool=conduit-v1 collector=conduit type=conduit collector=conduit type=conduit name=msg-megabytes-out-per-second[archv2-nxm] series-count=1 last-value=0.49112892150878906
time=2026-08-02T15:48:20.405-07:00 level=DEBUG msg="Inspecting container" model=container-monitor name=benchi-conduit
time=2026-08-02T15:48:20.912-07:00 level=DEBUG msg="Inspecting container" model=container-monitor name=benchi-conduit
time=2026-08-02T15:48:21.159-07:00 level=DEBUG msg="promql query logged" test=archv2-nxm tool=conduit-v1 collector=conduit type=conduit collector=conduit type=conduit params="map[end:2026-08-02T22:48:21.159Z query:rate(conduit_pipeline_execution_duration_seconds_count{pipeline_name=\"archv2-nxm\"}[2s]) start:2026-08-02T22:47:39.159Z step:1]" stats="&{Timings:{EvalTotalTime:7.8333e-05 ResultSortTime:5e-07 QueryPreparationTime:1.6625e-05 InnerEvalTime:5.4667e-05 ExecQueueTime:1.7791e-05 ExecTotalTime:0.000102708} Samples:0x14000a824e0}" spanID=0000000000000000
time=2026-08-02T15:48:21.159-07:00 level=DEBUG msg="Query returned data" test=archv2-nxm tool=conduit-v1 collector=conduit type=conduit collector=conduit type=conduit name=msg-rate-per-second[archv2-nxm] series-count=1 last-value=18644.42231075697
time=2026-08-02T15:48:21.160-07:00 level=DEBUG msg="promql query logged" test=archv2-nxm tool=conduit-v1 collector=conduit type=conduit collector=conduit type=conduit params="map[end:2026-08-02T22:48:21.159Z query:rate(conduit_connector_bytes_sum{pipeline_name=\"archv2-nxm\",type=\"source\"}[2s])/1048576 start:2026-08-02T22:47:39.159Z step:1]" stats="&{Timings:{EvalTotalTime:0.000117125 ResultSortTime:1.333e-06 QueryPreparationTime:1.1583e-05 InnerEvalTime:9.8958e-05 ExecQueueTime:1.624e-06 ExecTotalTime:0.000121708} Samples:0x14000a82c30}" spanID=0000000000000000
time=2026-08-02T15:48:21.160-07:00 level=WARN msg="Query returned multiple series, only first will be used" test=archv2-nxm tool=conduit-v1 collector=conduit type=conduit collector=conduit type=conduit series-count=2
time=2026-08-02T15:48:21.160-07:00 level=DEBUG msg="Query returned data" test=archv2-nxm tool=conduit-v1 collector=conduit type=conduit collector=conduit type=conduit name=msg-megabytes-in-per-second[archv2-nxm] series-count=1 last-value=0.2641468883985542
time=2026-08-02T15:48:21.161-07:00 level=DEBUG msg="promql query logged" test=archv2-nxm tool=conduit-v1 collector=conduit type=conduit collector=conduit type=conduit params="map[end:2026-08-02T22:48:21.160Z query:rate(conduit_connector_bytes_sum{pipeline_name=\"archv2-nxm\",type=\"destination\"}[2s])/1048576 start:2026-08-02T22:47:39.159Z step:1]" stats="&{Timings:{EvalTotalTime:0.000655083 ResultSortTime:8.75e-07 QueryPreparationTime:1.0834e-05 InnerEvalTime:0.000635958 ExecQueueTime:1.333e-06 ExecTotalTime:0.000659708} Samples:0x14000ea3380}" spanID=0000000000000000
time=2026-08-02T15:48:21.161-07:00 level=WARN msg="Query returned multiple series, only first will be used" test=archv2-nxm tool=conduit-v1 collector=conduit type=conduit collector=conduit type=conduit series-count=2
time=2026-08-02T15:48:21.162-07:00 level=DEBUG msg="Query returned data" test=archv2-nxm tool=conduit-v1 collector=conduit type=conduit collector=conduit type=conduit name=msg-megabytes-out-per-second[archv2-nxm] series-count=1 last-value=0.5268024733342023
time=2026-08-02T15:48:21.418-07:00 level=DEBUG msg="Inspecting container" model=container-monitor name=benchi-conduit
time=2026-08-02T15:48:21.928-07:00 level=DEBUG msg="Inspecting container" model=container-monitor name=benchi-conduit
time=2026-08-02T15:48:22.159-07:00 level=DEBUG msg="promql query logged" test=archv2-nxm tool=conduit-v1 collector=conduit type=conduit collector=conduit type=conduit params="map[end:2026-08-02T22:48:22.159Z query:rate(conduit_pipeline_execution_duration_seconds_count{pipeline_name=\"archv2-nxm\"}[2s]) start:2026-08-02T22:47:39.159Z step:1]" stats="&{Timings:{EvalTotalTime:7.3792e-05 ResultSortTime:3.75e-07 QueryPreparationTime:2.1416e-05 InnerEvalTime:4.5833e-05 ExecQueueTime:3.751e-06 ExecTotalTime:8e-05} Samples:0x1400121af60}" spanID=0000000000000000
time=2026-08-02T15:48:22.159-07:00 level=DEBUG msg="Query returned data" test=archv2-nxm tool=conduit-v1 collector=conduit type=conduit collector=conduit type=conduit name=msg-rate-per-second[archv2-nxm] series-count=1 last-value=20031.12449799197
time=2026-08-02T15:48:22.160-07:00 level=DEBUG msg="promql query logged" test=archv2-nxm tool=conduit-v1 collector=conduit type=conduit collector=conduit type=conduit params="map[end:2026-08-02T22:48:22.159Z query:rate(conduit_connector_bytes_sum{pipeline_name=\"archv2-nxm\",type=\"source\"}[2s])/1048576 start:2026-08-02T22:47:39.159Z step:1]" stats="&{Timings:{EvalTotalTime:0.000336917 ResultSortTime:1.875e-06 QueryPreparationTime:1.8416e-05 InnerEvalTime:0.00025825 ExecQueueTime:3.25e-06 ExecTotalTime:0.000342875} Samples:0x1400121b620}" spanID=0000000000000000
time=2026-08-02T15:48:22.160-07:00 level=WARN msg="Query returned multiple series, only first will be used" test=archv2-nxm tool=conduit-v1 collector=conduit type=conduit collector=conduit type=conduit series-count=2
time=2026-08-02T15:48:22.161-07:00 level=DEBUG msg="Query returned data" test=archv2-nxm tool=conduit-v1 collector=conduit type=conduit collector=conduit type=conduit name=msg-megabytes-in-per-second[archv2-nxm] series-count=1 last-value=0.2841384535333718
time=2026-08-02T15:48:22.161-07:00 level=DEBUG msg="promql query logged" test=archv2-nxm tool=conduit-v1 collector=conduit type=conduit collector=conduit type=conduit params="map[end:2026-08-02T22:48:22.161Z query:rate(conduit_connector_bytes_sum{pipeline_name=\"archv2-nxm\",type=\"destination\"}[2s])/1048576 start:2026-08-02T22:47:39.159Z step:1]" stats="&{Timings:{EvalTotalTime:0.000105083 ResultSortTime:1.125e-06 QueryPreparationTime:1.3584e-05 InnerEvalTime:8.2166e-05 ExecQueueTime:2.083e-06 ExecTotalTime:0.0001095} Samples:0x1400064f350}" spanID=0000000000000000
time=2026-08-02T15:48:22.161-07:00 level=WARN msg="Query returned multiple series, only first will be used" test=archv2-nxm tool=conduit-v1 collector=conduit type=conduit collector=conduit type=conduit series-count=2
time=2026-08-02T15:48:22.161-07:00 level=DEBUG msg="Query returned data" test=archv2-nxm tool=conduit-v1 collector=conduit type=conduit collector=conduit type=conduit name=msg-megabytes-out-per-second[archv2-nxm] series-count=1 last-value=0.5662173152448662
time=2026-08-02T15:48:22.436-07:00 level=DEBUG msg="Inspecting container" model=container-monitor name=benchi-conduit
time=2026-08-02T15:48:22.944-07:00 level=DEBUG msg="Inspecting container" model=container-monitor name=benchi-conduit
time=2026-08-02T15:48:23.161-07:00 level=DEBUG msg="promql query logged" test=archv2-nxm tool=conduit-v1 collector=conduit type=conduit collector=conduit type=conduit params="map[end:2026-08-02T22:48:23.161Z query:rate(conduit_pipeline_execution_duration_seconds_count{pipeline_name=\"archv2-nxm\"}[2s]) start:2026-08-02T22:47:39.159Z step:1]" stats="&{Timings:{EvalTotalTime:7.8666e-05 ResultSortTime:6.67e-07 QueryPreparationTime:2.2417e-05 InnerEvalTime:4.9458e-05 ExecQueueTime:3.543e-06 ExecTotalTime:8.5167e-05} Samples:0x1400127ebd0}" spanID=0000000000000000
time=2026-08-02T15:48:23.161-07:00 level=DEBUG msg="Query returned data" test=archv2-nxm tool=conduit-v1 collector=conduit type=conduit collector=conduit type=conduit name=msg-rate-per-second[archv2-nxm] series-count=1 last-value=18448
time=2026-08-02T15:48:23.161-07:00 level=DEBUG msg="promql query logged" test=archv2-nxm tool=conduit-v1 collector=conduit type=conduit collector=conduit type=conduit params="map[end:2026-08-02T22:48:23.161Z query:rate(conduit_connector_bytes_sum{pipeline_name=\"archv2-nxm\",type=\"source\"}[2s])/1048576 start:2026-08-02T22:47:39.159Z step:1]" stats="&{Timings:{EvalTotalTime:9.5125e-05 ResultSortTime:1.041e-06 QueryPreparationTime:9.583e-06 InnerEvalTime:8.0125e-05 ExecQueueTime:1.292e-06 ExecTotalTime:9.9e-05} Samples:0x1400127f290}" spanID=0000000000000000
time=2026-08-02T15:48:23.161-07:00 level=WARN msg="Query returned multiple series, only first will be used" test=archv2-nxm tool=conduit-v1 collector=conduit type=conduit collector=conduit type=conduit series-count=2
time=2026-08-02T15:48:23.161-07:00 level=DEBUG msg="Query returned data" test=archv2-nxm tool=conduit-v1 collector=conduit type=conduit collector=conduit type=conduit name=msg-megabytes-in-per-second[archv2-nxm] series-count=1 last-value=0.2585582733154297
time=2026-08-02T15:48:23.162-07:00 level=DEBUG msg="promql query logged" test=archv2-nxm tool=conduit-v1 collector=conduit type=conduit collector=conduit type=conduit params="map[end:2026-08-02T22:48:23.161Z query:rate(conduit_connector_bytes_sum{pipeline_name=\"archv2-nxm\",type=\"destination\"}[2s])/1048576 start:2026-08-02T22:47:39.159Z step:1]" stats="&{Timings:{EvalTotalTime:0.000103125 ResultSortTime:8.34e-07 QueryPreparationTime:1.1625e-05 InnerEvalTime:8.5791e-05 ExecQueueTime:1.541e-06 ExecTotalTime:0.000107667} Samples:0x14001007980}" spanID=0000000000000000
time=2026-08-02T15:48:23.162-07:00 level=WARN msg="Query returned multiple series, only first will be used" test=archv2-nxm tool=conduit-v1 collector=conduit type=conduit collector=conduit type=conduit series-count=2
time=2026-08-02T15:48:23.162-07:00 level=DEBUG msg="Query returned data" test=archv2-nxm tool=conduit-v1 collector=conduit type=conduit collector=conduit type=conduit name=msg-megabytes-out-per-second[archv2-nxm] series-count=1 last-value=0.5212564468383789
time=2026-08-02T15:48:23.458-07:00 level=DEBUG msg="Inspecting container" model=container-monitor name=benchi-conduit
time=2026-08-02T15:48:23.966-07:00 level=DEBUG msg="Inspecting container" model=container-monitor name=benchi-conduit
time=2026-08-02T15:48:24.160-07:00 level=INFO msg="Test in progress" test=archv2-nxm tool=conduit-v1 step=test time-left=15s
time=2026-08-02T15:48:24.160-07:00 level=DEBUG msg="promql query logged" test=archv2-nxm tool=conduit-v1 collector=conduit type=conduit collector=conduit type=conduit params="map[end:2026-08-02T22:48:24.160Z query:rate(conduit_pipeline_execution_duration_seconds_count{pipeline_name=\"archv2-nxm\"}[2s]) start:2026-08-02T22:47:39.159Z step:1]" stats="&{Timings:{EvalTotalTime:5.6417e-05 ResultSortTime:4.59e-07 QueryPreparationTime:1.6042e-05 InnerEvalTime:3.5333e-05 ExecQueueTime:2.333e-06 ExecTotalTime:6.0708e-05} Samples:0x14000a1c810}" spanID=0000000000000000
time=2026-08-02T15:48:24.160-07:00 level=DEBUG msg="Query returned data" test=archv2-nxm tool=conduit-v1 collector=conduit type=conduit collector=conduit type=conduit name=msg-rate-per-second[archv2-nxm] series-count=1 last-value=19910.17964071856
time=2026-08-02T15:48:24.160-07:00 level=DEBUG msg="promql query logged" test=archv2-nxm tool=conduit-v1 collector=conduit type=conduit collector=conduit type=conduit params="map[end:2026-08-02T22:48:24.160Z query:rate(conduit_connector_bytes_sum{pipeline_name=\"archv2-nxm\",type=\"source\"}[2s])/1048576 start:2026-08-02T22:47:39.159Z step:1]" stats="&{Timings:{EvalTotalTime:9.0834e-05 ResultSortTime:9.17e-07 QueryPreparationTime:8.75e-06 InnerEvalTime:7.7417e-05 ExecQueueTime:1.042e-06 ExecTotalTime:9.3834e-05} Samples:0x14000a1ced0}" spanID=0000000000000000
time=2026-08-02T15:48:24.160-07:00 level=WARN msg="Query returned multiple series, only first will be used" test=archv2-nxm tool=conduit-v1 collector=conduit type=conduit collector=conduit type=conduit series-count=2
time=2026-08-02T15:48:24.160-07:00 level=DEBUG msg="Query returned data" test=archv2-nxm tool=conduit-v1 collector=conduit type=conduit collector=conduit type=conduit name=msg-megabytes-in-per-second[archv2-nxm] series-count=1 last-value=0.28500585498924025
time=2026-08-02T15:48:24.161-07:00 level=DEBUG msg="promql query logged" test=archv2-nxm tool=conduit-v1 collector=conduit type=conduit collector=conduit type=conduit params="map[end:2026-08-02T22:48:24.160Z query:rate(conduit_connector_bytes_sum{pipeline_name=\"archv2-nxm\",type=\"destination\"}[2s])/1048576 start:2026-08-02T22:47:39.159Z step:1]" stats="&{Timings:{EvalTotalTime:9.5791e-05 ResultSortTime:7.09e-07 QueryPreparationTime:1.3e-05 InnerEvalTime:7.7708e-05 ExecQueueTime:1.376e-06 ExecTotalTime:9.9541e-05} Samples:0x140015cf8c0}" spanID=0000000000000000
time=2026-08-02T15:48:24.161-07:00 level=WARN msg="Query returned multiple series, only first will be used" test=archv2-nxm tool=conduit-v1 collector=conduit type=conduit collector=conduit type=conduit series-count=2
time=2026-08-02T15:48:24.161-07:00 level=DEBUG msg="Query returned data" test=archv2-nxm tool=conduit-v1 collector=conduit type=conduit collector=conduit type=conduit name=msg-megabytes-out-per-second[archv2-nxm] series-count=1 last-value=0.5625850426222749
time=2026-08-02T15:48:24.470-07:00 level=DEBUG msg="Inspecting container" model=container-monitor name=benchi-conduit
time=2026-08-02T15:48:24.980-07:00 level=DEBUG msg="Inspecting container" model=container-monitor name=benchi-conduit
time=2026-08-02T15:48:25.161-07:00 level=DEBUG msg="promql query logged" test=archv2-nxm tool=conduit-v1 collector=conduit type=conduit collector=conduit type=conduit params="map[end:2026-08-02T22:48:25.161Z query:rate(conduit_pipeline_execution_duration_seconds_count{pipeline_name=\"archv2-nxm\"}[2s]) start:2026-08-02T22:47:39.159Z step:1]" stats="&{Timings:{EvalTotalTime:5.3334e-05 ResultSortTime:4.17e-07 QueryPreparationTime:1.4416e-05 InnerEvalTime:3.4083e-05 ExecQueueTime:2.417e-06 ExecTotalTime:5.9875e-05} Samples:0x140011f6810}" spanID=0000000000000000
time=2026-08-02T15:48:25.161-07:00 level=DEBUG msg="Query returned data" test=archv2-nxm tool=conduit-v1 collector=conduit type=conduit collector=conduit type=conduit name=msg-rate-per-second[archv2-nxm] series-count=1 last-value=20435.871743486972
time=2026-08-02T15:48:25.161-07:00 level=DEBUG msg="promql query logged" test=archv2-nxm tool=conduit-v1 collector=conduit type=conduit collector=conduit type=conduit params="map[end:2026-08-02T22:48:25.161Z query:rate(conduit_connector_bytes_sum{pipeline_name=\"archv2-nxm\",type=\"source\"}[2s])/1048576 start:2026-08-02T22:47:39.159Z step:1]" stats="&{Timings:{EvalTotalTime:8.2166e-05 ResultSortTime:6.66e-07 QueryPreparationTime:6.791e-06 InnerEvalTime:7.15e-05 ExecQueueTime:8.75e-07 ExecTotalTime:8.4667e-05} Samples:0x140011f6ed0}" spanID=0000000000000000
time=2026-08-02T15:48:25.161-07:00 level=WARN msg="Query returned multiple series, only first will be used" test=archv2-nxm tool=conduit-v1 collector=conduit type=conduit collector=conduit type=conduit series-count=2
time=2026-08-02T15:48:25.161-07:00 level=DEBUG msg="Query returned data" test=archv2-nxm tool=conduit-v1 collector=conduit type=conduit collector=conduit type=conduit name=msg-megabytes-in-per-second[archv2-nxm] series-count=1 last-value=0.2879073959075377
time=2026-08-02T15:48:25.161-07:00 level=DEBUG msg="promql query logged" test=archv2-nxm tool=conduit-v1 collector=conduit type=conduit collector=conduit type=conduit params="map[end:2026-08-02T22:48:25.161Z query:rate(conduit_connector_bytes_sum{pipeline_name=\"archv2-nxm\",type=\"destination\"}[2s])/1048576 start:2026-08-02T22:47:39.159Z step:1]" stats="&{Timings:{EvalTotalTime:6.1458e-05 ResultSortTime:6.67e-07 QueryPreparationTime:8.333e-06 InnerEvalTime:4.9375e-05 ExecQueueTime:1.667e-06 ExecTotalTime:6.5583e-05} Samples:0x140017550b0}" spanID=0000000000000000
time=2026-08-02T15:48:25.161-07:00 level=WARN msg="Query returned multiple series, only first will be used" test=archv2-nxm tool=conduit-v1 collector=conduit type=conduit collector=conduit type=conduit series-count=2
time=2026-08-02T15:48:25.161-07:00 level=DEBUG msg="Query returned data" test=archv2-nxm tool=conduit-v1 collector=conduit type=conduit collector=conduit type=conduit name=msg-megabytes-out-per-second[archv2-nxm] series-count=1 last-value=0.5773571067917084
time=2026-08-02T15:48:25.490-07:00 level=DEBUG msg="Inspecting container" model=container-monitor name=benchi-conduit
time=2026-08-02T15:48:25.997-07:00 level=DEBUG msg="Inspecting container" model=container-monitor name=benchi-conduit
time=2026-08-02T15:48:26.160-07:00 level=DEBUG msg="promql query logged" test=archv2-nxm tool=conduit-v1 collector=conduit type=conduit collector=conduit type=conduit params="map[end:2026-08-02T22:48:26.160Z query:rate(conduit_pipeline_execution_duration_seconds_count{pipeline_name=\"archv2-nxm\"}[2s]) start:2026-08-02T22:47:39.159Z step:1]" stats="&{Timings:{EvalTotalTime:5.3e-05 ResultSortTime:2.5e-07 QueryPreparationTime:1.4416e-05 InnerEvalTime:3.4e-05 ExecQueueTime:2.5e-06 ExecTotalTime:5.7459e-05} Samples:0x140012afc80}" spanID=0000000000000000
time=2026-08-02T15:48:26.160-07:00 level=DEBUG msg="Query returned data" test=archv2-nxm tool=conduit-v1 collector=conduit type=conduit collector=conduit type=conduit name=msg-rate-per-second[archv2-nxm] series-count=1 last-value=22316
time=2026-08-02T15:48:26.160-07:00 level=DEBUG msg="promql query logged" test=archv2-nxm tool=conduit-v1 collector=conduit type=conduit collector=conduit type=conduit params="map[end:2026-08-02T22:48:26.160Z query:rate(conduit_connector_bytes_sum{pipeline_name=\"archv2-nxm\",type=\"source\"}[2s])/1048576 start:2026-08-02T22:47:39.159Z step:1]" stats="&{Timings:{EvalTotalTime:9.0083e-05 ResultSortTime:9.17e-07 QueryPreparationTime:1.1542e-05 InnerEvalTime:7.4083e-05 ExecQueueTime:9.58e-07 ExecTotalTime:9.2667e-05} Samples:0x140012ea3c0}" spanID=0000000000000000
time=2026-08-02T15:48:26.160-07:00 level=WARN msg="Query returned multiple series, only first will be used" test=archv2-nxm tool=conduit-v1 collector=conduit type=conduit collector=conduit type=conduit series-count=2
time=2026-08-02T15:48:26.160-07:00 level=DEBUG msg="Query returned data" test=archv2-nxm tool=conduit-v1 collector=conduit type=conduit collector=conduit type=conduit name=msg-megabytes-in-per-second[archv2-nxm] series-count=1 last-value=0.3139181137084961
time=2026-08-02T15:48:26.161-07:00 level=DEBUG msg="promql query logged" test=archv2-nxm tool=conduit-v1 collector=conduit type=conduit collector=conduit type=conduit params="map[end:2026-08-02T22:48:26.161Z query:rate(conduit_connector_bytes_sum{pipeline_name=\"archv2-nxm\",type=\"destination\"}[2s])/1048576 start:2026-08-02T22:47:39.159Z step:1]" stats="&{Timings:{EvalTotalTime:9.4334e-05 ResultSortTime:7.91e-07 QueryPreparationTime:1.0292e-05 InnerEvalTime:7.875e-05 ExecQueueTime:1.542e-06 ExecTotalTime:9.825e-05} Samples:0x140012c77a0}" spanID=0000000000000000
time=2026-08-02T15:48:26.161-07:00 level=WARN msg="Query returned multiple series, only first will be used" test=archv2-nxm tool=conduit-v1 collector=conduit type=conduit collector=conduit type=conduit series-count=2
time=2026-08-02T15:48:26.161-07:00 level=DEBUG msg="Query returned data" test=archv2-nxm tool=conduit-v1 collector=conduit type=conduit collector=conduit type=conduit name=msg-megabytes-out-per-second[archv2-nxm] series-count=1 last-value=0.6306686401367188
time=2026-08-02T15:48:26.504-07:00 level=DEBUG msg="Inspecting container" model=container-monitor name=benchi-conduit
time=2026-08-02T15:48:27.012-07:00 level=DEBUG msg="Inspecting container" model=container-monitor name=benchi-conduit
time=2026-08-02T15:48:27.159-07:00 level=DEBUG msg="promql query logged" test=archv2-nxm tool=conduit-v1 collector=conduit type=conduit collector=conduit type=conduit params="map[end:2026-08-02T22:48:27.159Z query:rate(conduit_pipeline_execution_duration_seconds_count{pipeline_name=\"archv2-nxm\"}[2s]) start:2026-08-02T22:47:39.159Z step:1]" stats="&{Timings:{EvalTotalTime:7.8542e-05 ResultSortTime:4.59e-07 QueryPreparationTime:3.2125e-05 InnerEvalTime:3.7e-05 ExecQueueTime:2.708e-06 ExecTotalTime:8.4125e-05} Samples:0x14001432930}" spanID=0000000000000000
time=2026-08-02T15:48:27.159-07:00 level=DEBUG msg="Query returned data" test=archv2-nxm tool=conduit-v1 collector=conduit type=conduit collector=conduit type=conduit name=msg-rate-per-second[archv2-nxm] series-count=1 last-value=20163
time=2026-08-02T15:48:27.160-07:00 level=DEBUG msg="promql query logged" test=archv2-nxm tool=conduit-v1 collector=conduit type=conduit collector=conduit type=conduit params="map[end:2026-08-02T22:48:27.159Z query:rate(conduit_connector_bytes_sum{pipeline_name=\"archv2-nxm\",type=\"source\"}[2s])/1048576 start:2026-08-02T22:47:39.159Z step:1]" stats="&{Timings:{EvalTotalTime:9.8708e-05 ResultSortTime:7.09e-07 QueryPreparationTime:9.917e-06 InnerEvalTime:8.4084e-05 ExecQueueTime:1.542e-06 ExecTotalTime:0.000102334} Samples:0x14001432ff0}" spanID=0000000000000000
time=2026-08-02T15:48:27.160-07:00 level=WARN msg="Query returned multiple series, only first will be used" test=archv2-nxm tool=conduit-v1 collector=conduit type=conduit collector=conduit type=conduit series-count=2
time=2026-08-02T15:48:27.160-07:00 level=DEBUG msg="Query returned data" test=archv2-nxm tool=conduit-v1 collector=conduit type=conduit collector=conduit type=conduit name=msg-megabytes-in-per-second[archv2-nxm] series-count=1 last-value=0.2819347381591797
time=2026-08-02T15:48:27.160-07:00 level=DEBUG msg="promql query logged" test=archv2-nxm tool=conduit-v1 collector=conduit type=conduit collector=conduit type=conduit params="map[end:2026-08-02T22:48:27.160Z query:rate(conduit_connector_bytes_sum{pipeline_name=\"archv2-nxm\",type=\"destination\"}[2s])/1048576 start:2026-08-02T22:47:39.159Z step:1]" stats="&{Timings:{EvalTotalTime:8.9125e-05 ResultSortTime:4.58e-07 QueryPreparationTime:8.708e-06 InnerEvalTime:7.5833e-05 ExecQueueTime:1.416e-06 ExecTotalTime:9.2375e-05} Samples:0x14001508ff0}" spanID=0000000000000000
time=2026-08-02T15:48:27.160-07:00 level=WARN msg="Query returned multiple series, only first will be used" test=archv2-nxm tool=conduit-v1 collector=conduit type=conduit collector=conduit type=conduit series-count=2
time=2026-08-02T15:48:27.160-07:00 level=DEBUG msg="Query returned data" test=archv2-nxm tool=conduit-v1 collector=conduit type=conduit collector=conduit type=conduit name=msg-megabytes-out-per-second[archv2-nxm] series-count=1 last-value=0.5698127746582031
time=2026-08-02T15:48:27.517-07:00 level=DEBUG msg="Inspecting container" model=container-monitor name=benchi-conduit
time=2026-08-02T15:48:28.027-07:00 level=DEBUG msg="Inspecting container" model=container-monitor name=benchi-conduit
time=2026-08-02T15:48:28.159-07:00 level=DEBUG msg="promql query logged" test=archv2-nxm tool=conduit-v1 collector=conduit type=conduit collector=conduit type=conduit params="map[end:2026-08-02T22:48:28.159Z query:rate(conduit_pipeline_execution_duration_seconds_count{pipeline_name=\"archv2-nxm\"}[2s]) start:2026-08-02T22:47:39.159Z step:1]" stats="&{Timings:{EvalTotalTime:0.000118583 ResultSortTime:1.209e-06 QueryPreparationTime:3.2125e-05 InnerEvalTime:7.3958e-05 ExecQueueTime:1.5167e-05 ExecTotalTime:0.000137792} Samples:0x140013dc300}" spanID=0000000000000000
time=2026-08-02T15:48:28.160-07:00 level=DEBUG msg="Query returned data" test=archv2-nxm tool=conduit-v1 collector=conduit type=conduit collector=conduit type=conduit name=msg-rate-per-second[archv2-nxm] series-count=1 last-value=19842
time=2026-08-02T15:48:28.160-07:00 level=DEBUG msg="promql query logged" test=archv2-nxm tool=conduit-v1 collector=conduit type=conduit collector=conduit type=conduit params="map[end:2026-08-02T22:48:28.160Z query:rate(conduit_connector_bytes_sum{pipeline_name=\"archv2-nxm\",type=\"source\"}[2s])/1048576 start:2026-08-02T22:47:39.159Z step:1]" stats="&{Timings:{EvalTotalTime:0.000138833 ResultSortTime:1.792e-06 QueryPreparationTime:2.1042e-05 InnerEvalTime:0.00010925 ExecQueueTime:5.084e-06 ExecTotalTime:0.000150958} Samples:0x140013dc9c0}" spanID=0000000000000000
time=2026-08-02T15:48:28.160-07:00 level=WARN msg="Query returned multiple series, only first will be used" test=archv2-nxm tool=conduit-v1 collector=conduit type=conduit collector=conduit type=conduit series-count=2
time=2026-08-02T15:48:28.160-07:00 level=DEBUG msg="Query returned data" test=archv2-nxm tool=conduit-v1 collector=conduit type=conduit collector=conduit type=conduit name=msg-megabytes-in-per-second[archv2-nxm] series-count=1 last-value=0.2832803726196289
time=2026-08-02T15:48:28.160-07:00 level=DEBUG msg="promql query logged" test=archv2-nxm tool=conduit-v1 collector=conduit type=conduit collector=conduit type=conduit params="map[end:2026-08-02T22:48:28.160Z query:rate(conduit_connector_bytes_sum{pipeline_name=\"archv2-nxm\",type=\"destination\"}[2s])/1048576 start:2026-08-02T22:47:39.159Z step:1]" stats="&{Timings:{EvalTotalTime:0.000121 ResultSortTime:9.58e-07 QueryPreparationTime:1.4333e-05 InnerEvalTime:0.000100292 ExecQueueTime:1.792e-06 ExecTotalTime:0.00012625} Samples:0x140015a3c80}" spanID=0000000000000000
time=2026-08-02T15:48:28.161-07:00 level=WARN msg="Query returned multiple series, only first will be used" test=archv2-nxm tool=conduit-v1 collector=conduit type=conduit collector=conduit type=conduit series-count=2
time=2026-08-02T15:48:28.161-07:00 level=DEBUG msg="Query returned data" test=archv2-nxm tool=conduit-v1 collector=conduit type=conduit collector=conduit type=conduit name=msg-megabytes-out-per-second[archv2-nxm] series-count=1 last-value=0.5597763061523438
time=2026-08-02T15:48:28.532-07:00 level=DEBUG msg="Inspecting container" model=container-monitor name=benchi-conduit
time=2026-08-02T15:48:29.054-07:00 level=DEBUG msg="Inspecting container" model=container-monitor name=benchi-conduit
time=2026-08-02T15:48:29.162-07:00 level=INFO msg="Test in progress" test=archv2-nxm tool=conduit-v1 step=test time-left=10s
time=2026-08-02T15:48:29.163-07:00 level=DEBUG msg="promql query logged" test=archv2-nxm tool=conduit-v1 collector=conduit type=conduit collector=conduit type=conduit params="map[end:2026-08-02T22:48:29.163Z query:rate(conduit_pipeline_execution_duration_seconds_count{pipeline_name=\"archv2-nxm\"}[2s]) start:2026-08-02T22:47:39.159Z step:1]" stats="&{Timings:{EvalTotalTime:7.7666e-05 ResultSortTime:2.833e-06 QueryPreparationTime:2.0834e-05 InnerEvalTime:4.7042e-05 ExecQueueTime:3.084e-06 ExecTotalTime:8.4375e-05} Samples:0x14001626060}" spanID=0000000000000000
time=2026-08-02T15:48:29.163-07:00 level=DEBUG msg="Query returned data" test=archv2-nxm tool=conduit-v1 collector=conduit type=conduit collector=conduit type=conduit name=msg-rate-per-second[archv2-nxm] series-count=1 last-value=18278
time=2026-08-02T15:48:29.164-07:00 level=DEBUG msg="promql query logged" test=archv2-nxm tool=conduit-v1 collector=conduit type=conduit collector=conduit type=conduit params="map[end:2026-08-02T22:48:29.163Z query:rate(conduit_connector_bytes_sum{pipeline_name=\"archv2-nxm\",type=\"source\"}[2s])/1048576 start:2026-08-02T22:47:39.159Z step:1]" stats="&{Timings:{EvalTotalTime:0.000116625 ResultSortTime:1.583e-06 QueryPreparationTime:1.1875e-05 InnerEvalTime:9.8583e-05 ExecQueueTime:1.501e-06 ExecTotalTime:0.000121083} Samples:0x14001626720}" spanID=0000000000000000
time=2026-08-02T15:48:29.164-07:00 level=WARN msg="Query returned multiple series, only first will be used" test=archv2-nxm tool=conduit-v1 collector=conduit type=conduit collector=conduit type=conduit series-count=2
time=2026-08-02T15:48:29.164-07:00 level=DEBUG msg="Query returned data" test=archv2-nxm tool=conduit-v1 collector=conduit type=conduit collector=conduit type=conduit name=msg-megabytes-in-per-second[archv2-nxm] series-count=1 last-value=0.26256847381591797
time=2026-08-02T15:48:29.164-07:00 level=DEBUG msg="promql query logged" test=archv2-nxm tool=conduit-v1 collector=conduit type=conduit collector=conduit type=conduit params="map[end:2026-08-02T22:48:29.164Z query:rate(conduit_connector_bytes_sum{pipeline_name=\"archv2-nxm\",type=\"destination\"}[2s])/1048576 start:2026-08-02T22:47:39.159Z step:1]" stats="&{Timings:{EvalTotalTime:0.000110792 ResultSortTime:9.16e-07 QueryPreparationTime:1.2625e-05 InnerEvalTime:9.1917e-05 ExecQueueTime:4e-06 ExecTotalTime:0.0001175} Samples:0x14001627b60}" spanID=0000000000000000
time=2026-08-02T15:48:29.164-07:00 level=WARN msg="Query returned multiple series, only first will be used" test=archv2-nxm tool=conduit-v1 collector=conduit type=conduit collector=conduit type=conduit series-count=2
time=2026-08-02T15:48:29.164-07:00 level=DEBUG msg="Query returned data" test=archv2-nxm tool=conduit-v1 collector=conduit type=conduit collector=conduit type=conduit name=msg-megabytes-out-per-second[archv2-nxm] series-count=1 last-value=0.5165300369262695
time=2026-08-02T15:48:29.564-07:00 level=DEBUG msg="Inspecting container" model=container-monitor name=benchi-conduit
time=2026-08-02T15:48:30.069-07:00 level=DEBUG msg="Inspecting container" model=container-monitor name=benchi-conduit
time=2026-08-02T15:48:30.159-07:00 level=DEBUG msg="promql query logged" test=archv2-nxm tool=conduit-v1 collector=conduit type=conduit collector=conduit type=conduit params="map[end:2026-08-02T22:48:30.159Z query:rate(conduit_pipeline_execution_duration_seconds_count{pipeline_name=\"archv2-nxm\"}[2s]) start:2026-08-02T22:47:39.159Z step:1]" stats="&{Timings:{EvalTotalTime:0.00012475 ResultSortTime:8.33e-07 QueryPreparationTime:2.9208e-05 InnerEvalTime:8.4667e-05 ExecQueueTime:8.75e-06 ExecTotalTime:0.000132375} Samples:0x14001732450}" spanID=0000000000000000
time=2026-08-02T15:48:30.162-07:00 level=DEBUG msg="Query returned data" test=archv2-nxm tool=conduit-v1 collector=conduit type=conduit collector=conduit type=conduit name=msg-rate-per-second[archv2-nxm] series-count=1 last-value=18912
time=2026-08-02T15:48:30.162-07:00 level=DEBUG msg="promql query logged" test=archv2-nxm tool=conduit-v1 collector=conduit type=conduit collector=conduit type=conduit params="map[end:2026-08-02T22:48:30.162Z query:rate(conduit_connector_bytes_sum{pipeline_name=\"archv2-nxm\",type=\"source\"}[2s])/1048576 start:2026-08-02T22:47:39.159Z step:1]" stats="&{Timings:{EvalTotalTime:0.0001495 ResultSortTime:1.334e-06 QueryPreparationTime:2.4541e-05 InnerEvalTime:0.0001165 ExecQueueTime:3.416e-06 ExecTotalTime:0.000158792} Samples:0x14001645d70}" spanID=0000000000000000
time=2026-08-02T15:48:30.163-07:00 level=WARN msg="Query returned multiple series, only first will be used" test=archv2-nxm tool=conduit-v1 collector=conduit type=conduit collector=conduit type=conduit series-count=2
time=2026-08-02T15:48:30.163-07:00 level=DEBUG msg="Query returned data" test=archv2-nxm tool=conduit-v1 collector=conduit type=conduit collector=conduit type=conduit name=msg-megabytes-in-per-second[archv2-nxm] series-count=1 last-value=0.2664670944213867
time=2026-08-02T15:48:30.163-07:00 level=DEBUG msg="promql query logged" test=archv2-nxm tool=conduit-v1 collector=conduit type=conduit collector=conduit type=conduit params="map[end:2026-08-02T22:48:30.163Z query:rate(conduit_connector_bytes_sum{pipeline_name=\"archv2-nxm\",type=\"destination\"}[2s])/1048576 start:2026-08-02T22:47:39.159Z step:1]" stats="&{Timings:{EvalTotalTime:0.000100333 ResultSortTime:7.5e-07 QueryPreparationTime:9.875e-06 InnerEvalTime:8.5208e-05 ExecQueueTime:1.207e-06 ExecTotalTime:0.000104292} Samples:0x140016c9f20}" spanID=0000000000000000
time=2026-08-02T15:48:30.163-07:00 level=WARN msg="Query returned multiple series, only first will be used" test=archv2-nxm tool=conduit-v1 collector=conduit type=conduit collector=conduit type=conduit series-count=2
time=2026-08-02T15:48:30.163-07:00 level=DEBUG msg="Query returned data" test=archv2-nxm tool=conduit-v1 collector=conduit type=conduit collector=conduit type=conduit name=msg-megabytes-out-per-second[archv2-nxm] series-count=1 last-value=0.5340194702148438
time=2026-08-02T15:48:30.580-07:00 level=DEBUG msg="Inspecting container" model=container-monitor name=benchi-conduit
time=2026-08-02T15:48:31.085-07:00 level=DEBUG msg="Inspecting container" model=container-monitor name=benchi-conduit
time=2026-08-02T15:48:31.160-07:00 level=DEBUG msg="promql query logged" test=archv2-nxm tool=conduit-v1 collector=conduit type=conduit collector=conduit type=conduit params="map[end:2026-08-02T22:48:31.160Z query:rate(conduit_pipeline_execution_duration_seconds_count{pipeline_name=\"archv2-nxm\"}[2s]) start:2026-08-02T22:47:39.159Z step:1]" stats="&{Timings:{EvalTotalTime:5.9708e-05 ResultSortTime:4.58e-07 QueryPreparationTime:1.4792e-05 InnerEvalTime:3.9792e-05 ExecQueueTime:3.292e-06 ExecTotalTime:6.5709e-05} Samples:0x140017c0510}" spanID=0000000000000000
time=2026-08-02T15:48:31.160-07:00 level=DEBUG msg="Query returned data" test=archv2-nxm tool=conduit-v1 collector=conduit type=conduit collector=conduit type=conduit name=msg-rate-per-second[archv2-nxm] series-count=1 last-value=18677
time=2026-08-02T15:48:31.160-07:00 level=DEBUG msg="promql query logged" test=archv2-nxm tool=conduit-v1 collector=conduit type=conduit collector=conduit type=conduit params="map[end:2026-08-02T22:48:31.160Z query:rate(conduit_connector_bytes_sum{pipeline_name=\"archv2-nxm\",type=\"source\"}[2s])/1048576 start:2026-08-02T22:47:39.159Z step:1]" stats="&{Timings:{EvalTotalTime:0.000125291 ResultSortTime:9.59e-07 QueryPreparationTime:7.584e-06 InnerEvalTime:0.000112417 ExecQueueTime:1.042e-06 ExecTotalTime:0.000128583} Samples:0x140017c0c30}" spanID=0000000000000000
time=2026-08-02T15:48:31.160-07:00 level=WARN msg="Query returned multiple series, only first will be used" test=archv2-nxm tool=conduit-v1 collector=conduit type=conduit collector=conduit type=conduit series-count=2
time=2026-08-02T15:48:31.160-07:00 level=DEBUG msg="Query returned data" test=archv2-nxm tool=conduit-v1 collector=conduit type=conduit collector=conduit type=conduit name=msg-megabytes-in-per-second[archv2-nxm] series-count=1 last-value=0.26538658142089844
time=2026-08-02T15:48:31.160-07:00 level=DEBUG msg="promql query logged" test=archv2-nxm tool=conduit-v1 collector=conduit type=conduit collector=conduit type=conduit params="map[end:2026-08-02T22:48:31.160Z query:rate(conduit_connector_bytes_sum{pipeline_name=\"archv2-nxm\",type=\"destination\"}[2s])/1048576 start:2026-08-02T22:47:39.159Z step:1]" stats="&{Timings:{EvalTotalTime:0.000132208 ResultSortTime:7.09e-07 QueryPreparationTime:8.708e-06 InnerEvalTime:0.000117291 ExecQueueTime:1e-06 ExecTotalTime:0.000136084} Samples:0x1400182e720}" spanID=0000000000000000
time=2026-08-02T15:48:31.160-07:00 level=WARN msg="Query returned multiple series, only first will be used" test=archv2-nxm tool=conduit-v1 collector=conduit type=conduit collector=conduit type=conduit series-count=2
time=2026-08-02T15:48:31.160-07:00 level=DEBUG msg="Query returned data" test=archv2-nxm tool=conduit-v1 collector=conduit type=conduit collector=conduit type=conduit name=msg-megabytes-out-per-second[archv2-nxm] series-count=1 last-value=0.5282230377197266
time=2026-08-02T15:48:31.596-07:00 level=DEBUG msg="Inspecting container" model=container-monitor name=benchi-conduit
time=2026-08-02T15:48:32.104-07:00 level=DEBUG msg="Inspecting container" model=container-monitor name=benchi-conduit
time=2026-08-02T15:48:32.160-07:00 level=DEBUG msg="promql query logged" test=archv2-nxm tool=conduit-v1 collector=conduit type=conduit collector=conduit type=conduit params="map[end:2026-08-02T22:48:32.160Z query:rate(conduit_pipeline_execution_duration_seconds_count{pipeline_name=\"archv2-nxm\"}[2s]) start:2026-08-02T22:47:39.159Z step:1]" stats="&{Timings:{EvalTotalTime:0.000119167 ResultSortTime:7.5e-07 QueryPreparationTime:3.3375e-05 InnerEvalTime:7.4958e-05 ExecQueueTime:6.041e-06 ExecTotalTime:0.000130041} Samples:0x1400097e240}" spanID=0000000000000000
time=2026-08-02T15:48:32.160-07:00 level=DEBUG msg="Query returned data" test=archv2-nxm tool=conduit-v1 collector=conduit type=conduit collector=conduit type=conduit name=msg-rate-per-second[archv2-nxm] series-count=1 last-value=18458
time=2026-08-02T15:48:32.161-07:00 level=DEBUG msg="promql query logged" test=archv2-nxm tool=conduit-v1 collector=conduit type=conduit collector=conduit type=conduit params="map[end:2026-08-02T22:48:32.160Z query:rate(conduit_connector_bytes_sum{pipeline_name=\"archv2-nxm\",type=\"source\"}[2s])/1048576 start:2026-08-02T22:47:39.159Z step:1]" stats="&{Timings:{EvalTotalTime:0.000169167 ResultSortTime:1.875e-06 QueryPreparationTime:1.925e-05 InnerEvalTime:0.000140875 ExecQueueTime:2.125e-06 ExecTotalTime:0.000175542} Samples:0x1400097ef90}" spanID=0000000000000000
time=2026-08-02T15:48:32.161-07:00 level=WARN msg="Query returned multiple series, only first will be used" test=archv2-nxm tool=conduit-v1 collector=conduit type=conduit collector=conduit type=conduit series-count=2
time=2026-08-02T15:48:32.161-07:00 level=DEBUG msg="Query returned data" test=archv2-nxm tool=conduit-v1 collector=conduit type=conduit collector=conduit type=conduit name=msg-megabytes-in-per-second[archv2-nxm] series-count=1 last-value=0.2613811492919922
time=2026-08-02T15:48:32.161-07:00 level=DEBUG msg="promql query logged" test=archv2-nxm tool=conduit-v1 collector=conduit type=conduit collector=conduit type=conduit params="map[end:2026-08-02T22:48:32.161Z query:rate(conduit_connector_bytes_sum{pipeline_name=\"archv2-nxm\",type=\"destination\"}[2s])/1048576 start:2026-08-02T22:47:39.159Z step:1]" stats="&{Timings:{EvalTotalTime:0.000187167 ResultSortTime:1.125e-06 QueryPreparationTime:1.2166e-05 InnerEvalTime:0.000109667 ExecQueueTime:1.458e-06 ExecTotalTime:0.000196416} Samples:0x1400178cd80}" spanID=0000000000000000
time=2026-08-02T15:48:32.161-07:00 level=WARN msg="Query returned multiple series, only first will be used" test=archv2-nxm tool=conduit-v1 collector=conduit type=conduit collector=conduit type=conduit series-count=2
time=2026-08-02T15:48:32.161-07:00 level=DEBUG msg="Query returned data" test=archv2-nxm tool=conduit-v1 collector=conduit type=conduit collector=conduit type=conduit name=msg-megabytes-out-per-second[archv2-nxm] series-count=1 last-value=0.5207672119140625
time=2026-08-02T15:48:32.615-07:00 level=DEBUG msg="Inspecting container" model=container-monitor name=benchi-conduit
time=2026-08-02T15:48:33.133-07:00 level=DEBUG msg="Inspecting container" model=container-monitor name=benchi-conduit
time=2026-08-02T15:48:33.161-07:00 level=DEBUG msg="promql query logged" test=archv2-nxm tool=conduit-v1 collector=conduit type=conduit collector=conduit type=conduit params="map[end:2026-08-02T22:48:33.160Z query:rate(conduit_pipeline_execution_duration_seconds_count{pipeline_name=\"archv2-nxm\"}[2s]) start:2026-08-02T22:47:39.159Z step:1]" stats="&{Timings:{EvalTotalTime:0.000136375 ResultSortTime:9.17e-07 QueryPreparationTime:3.7042e-05 InnerEvalTime:8.3792e-05 ExecQueueTime:5.417e-06 ExecTotalTime:0.000147792} Samples:0x140010d7a70}" spanID=0000000000000000
time=2026-08-02T15:48:33.161-07:00 level=DEBUG msg="Query returned data" test=archv2-nxm tool=conduit-v1 collector=conduit type=conduit collector=conduit type=conduit name=msg-rate-per-second[archv2-nxm] series-count=1 last-value=17530
time=2026-08-02T15:48:33.161-07:00 level=DEBUG msg="promql query logged" test=archv2-nxm tool=conduit-v1 collector=conduit type=conduit collector=conduit type=conduit params="map[end:2026-08-02T22:48:33.161Z query:rate(conduit_connector_bytes_sum{pipeline_name=\"archv2-nxm\",type=\"source\"}[2s])/1048576 start:2026-08-02T22:47:39.159Z step:1]" stats="&{Timings:{EvalTotalTime:0.000130708 ResultSortTime:4.667e-06 QueryPreparationTime:1.5042e-05 InnerEvalTime:0.000104875 ExecQueueTime:1.917e-06 ExecTotalTime:0.000134542} Samples:0x14000ea2e70}" spanID=0000000000000000
time=2026-08-02T15:48:33.161-07:00 level=WARN msg="Query returned multiple series, only first will be used" test=archv2-nxm tool=conduit-v1 collector=conduit type=conduit collector=conduit type=conduit series-count=2
time=2026-08-02T15:48:33.161-07:00 level=DEBUG msg="Query returned data" test=archv2-nxm tool=conduit-v1 collector=conduit type=conduit collector=conduit type=conduit name=msg-megabytes-in-per-second[archv2-nxm] series-count=1 last-value=0.24706077575683594
time=2026-08-02T15:48:33.161-07:00 level=DEBUG msg="promql query logged" test=archv2-nxm tool=conduit-v1 collector=conduit type=conduit collector=conduit type=conduit params="map[end:2026-08-02T22:48:33.161Z query:rate(conduit_connector_bytes_sum{pipeline_name=\"archv2-nxm\",type=\"destination\"}[2s])/1048576 start:2026-08-02T22:47:39.159Z step:1]" stats="&{Timings:{EvalTotalTime:9.425e-05 ResultSortTime:9.17e-07 QueryPreparationTime:1.3875e-05 InnerEvalTime:7.2542e-05 ExecQueueTime:1.584e-06 ExecTotalTime:9.8917e-05} Samples:0x1400127f620}" spanID=0000000000000000
time=2026-08-02T15:48:33.161-07:00 level=WARN msg="Query returned multiple series, only first will be used" test=archv2-nxm tool=conduit-v1 collector=conduit type=conduit collector=conduit type=conduit series-count=2
time=2026-08-02T15:48:33.161-07:00 level=DEBUG msg="Query returned data" test=archv2-nxm tool=conduit-v1 collector=conduit type=conduit collector=conduit type=conduit name=msg-megabytes-out-per-second[archv2-nxm] series-count=1 last-value=0.4955301284790039
time=2026-08-02T15:48:33.662-07:00 level=DEBUG msg="Inspecting container" model=container-monitor name=benchi-conduit
time=2026-08-02T15:48:34.159-07:00 level=INFO msg="Test in progress" test=archv2-nxm tool=conduit-v1 step=test time-left=5s
time=2026-08-02T15:48:34.159-07:00 level=DEBUG msg="promql query logged" test=archv2-nxm tool=conduit-v1 collector=conduit type=conduit collector=conduit type=conduit params="map[end:2026-08-02T22:48:34.159Z query:rate(conduit_pipeline_execution_duration_seconds_count{pipeline_name=\"archv2-nxm\"}[2s]) start:2026-08-02T22:47:39.159Z step:1]" stats="&{Timings:{EvalTotalTime:8.9917e-05 ResultSortTime:4.16e-07 QueryPreparationTime:4.4583e-05 InnerEvalTime:3.9084e-05 ExecQueueTime:2.25e-06 ExecTotalTime:9.5083e-05} Samples:0x14000a1d530}" spanID=0000000000000000
time=2026-08-02T15:48:34.159-07:00 level=DEBUG msg="Query returned data" test=archv2-nxm tool=conduit-v1 collector=conduit type=conduit collector=conduit type=conduit name=msg-rate-per-second[archv2-nxm] series-count=1 last-value=18386
time=2026-08-02T15:48:34.159-07:00 level=DEBUG msg="promql query logged" test=archv2-nxm tool=conduit-v1 collector=conduit type=conduit collector=conduit type=conduit params="map[end:2026-08-02T22:48:34.159Z query:rate(conduit_connector_bytes_sum{pipeline_name=\"archv2-nxm\",type=\"source\"}[2s])/1048576 start:2026-08-02T22:47:39.159Z step:1]" stats="&{Timings:{EvalTotalTime:0.000134875 ResultSortTime:9.17e-07 QueryPreparationTime:1.0792e-05 InnerEvalTime:0.000117833 ExecQueueTime:1.084e-06 ExecTotalTime:0.000137917} Samples:0x14000a1dbf0}" spanID=0000000000000000
time=2026-08-02T15:48:34.160-07:00 level=WARN msg="Query returned multiple series, only first will be used" test=archv2-nxm tool=conduit-v1 collector=conduit type=conduit collector=conduit type=conduit series-count=2
time=2026-08-02T15:48:34.160-07:00 level=DEBUG msg="Query returned data" test=archv2-nxm tool=conduit-v1 collector=conduit type=conduit collector=conduit type=conduit name=msg-megabytes-in-per-second[archv2-nxm] series-count=1 last-value=0.2632417678833008
time=2026-08-02T15:48:34.160-07:00 level=DEBUG msg="promql query logged" test=archv2-nxm tool=conduit-v1 collector=conduit type=conduit collector=conduit type=conduit params="map[end:2026-08-02T22:48:34.160Z query:rate(conduit_connector_bytes_sum{pipeline_name=\"archv2-nxm\",type=\"destination\"}[2s])/1048576 start:2026-08-02T22:47:39.159Z step:1]" stats="&{Timings:{EvalTotalTime:8.95e-05 ResultSortTime:4.59e-07 QueryPreparationTime:8.083e-06 InnerEvalTime:7.6959e-05 ExecQueueTime:1.083e-06 ExecTotalTime:9.3625e-05} Samples:0x140014571d0}" spanID=0000000000000000
time=2026-08-02T15:48:34.160-07:00 level=WARN msg="Query returned multiple series, only first will be used" test=archv2-nxm tool=conduit-v1 collector=conduit type=conduit collector=conduit type=conduit series-count=2
time=2026-08-02T15:48:34.160-07:00 level=DEBUG msg="Query returned data" test=archv2-nxm tool=conduit-v1 collector=conduit type=conduit collector=conduit type=conduit name=msg-megabytes-out-per-second[archv2-nxm] series-count=1 last-value=0.5190868377685547
time=2026-08-02T15:48:34.175-07:00 level=DEBUG msg="Inspecting container" model=container-monitor name=benchi-conduit
time=2026-08-02T15:48:34.682-07:00 level=DEBUG msg="Inspecting container" model=container-monitor name=benchi-conduit
time=2026-08-02T15:48:35.159-07:00 level=DEBUG msg="promql query logged" test=archv2-nxm tool=conduit-v1 collector=conduit type=conduit collector=conduit type=conduit params="map[end:2026-08-02T22:48:35.159Z query:rate(conduit_pipeline_execution_duration_seconds_count{pipeline_name=\"archv2-nxm\"}[2s]) start:2026-08-02T22:47:39.159Z step:1]" stats="&{Timings:{EvalTotalTime:7.2917e-05 ResultSortTime:5e-07 QueryPreparationTime:1.525e-05 InnerEvalTime:5.05e-05 ExecQueueTime:2.416e-06 ExecTotalTime:7.8208e-05} Samples:0x140016451d0}" spanID=0000000000000000
time=2026-08-02T15:48:35.160-07:00 level=DEBUG msg="Query returned data" test=archv2-nxm tool=conduit-v1 collector=conduit type=conduit collector=conduit type=conduit name=msg-rate-per-second[archv2-nxm] series-count=1 last-value=18643.07078763709
time=2026-08-02T15:48:35.160-07:00 level=DEBUG msg="promql query logged" test=archv2-nxm tool=conduit-v1 collector=conduit type=conduit collector=conduit type=conduit params="map[end:2026-08-02T22:48:35.160Z query:rate(conduit_connector_bytes_sum{pipeline_name=\"archv2-nxm\",type=\"source\"}[2s])/1048576 start:2026-08-02T22:47:39.159Z step:1]" stats="&{Timings:{EvalTotalTime:6.3416e-05 ResultSortTime:7.91e-07 QueryPreparationTime:7.25e-06 InnerEvalTime:5.3125e-05 ExecQueueTime:1.417e-06 ExecTotalTime:6.5875e-05} Samples:0x14001645890}" spanID=0000000000000000
time=2026-08-02T15:48:35.160-07:00 level=WARN msg="Query returned multiple series, only first will be used" test=archv2-nxm tool=conduit-v1 collector=conduit type=conduit collector=conduit type=conduit series-count=2
time=2026-08-02T15:48:35.160-07:00 level=DEBUG msg="Query returned data" test=archv2-nxm tool=conduit-v1 collector=conduit type=conduit collector=conduit type=conduit name=msg-megabytes-in-per-second[archv2-nxm] series-count=1 last-value=0.2641677856445313
time=2026-08-02T15:48:35.160-07:00 level=DEBUG msg="promql query logged" test=archv2-nxm tool=conduit-v1 collector=conduit type=conduit collector=conduit type=conduit params="map[end:2026-08-02T22:48:35.160Z query:rate(conduit_connector_bytes_sum{pipeline_name=\"archv2-nxm\",type=\"destination\"}[2s])/1048576 start:2026-08-02T22:47:39.159Z step:1]" stats="&{Timings:{EvalTotalTime:0.000110542 ResultSortTime:7.5e-07 QueryPreparationTime:1.3792e-05 InnerEvalTime:9.1291e-05 ExecQueueTime:2.001e-06 ExecTotalTime:0.000115292} Samples:0x140015a3a40}" spanID=0000000000000000
time=2026-08-02T15:48:35.160-07:00 level=WARN msg="Query returned multiple series, only first will be used" test=archv2-nxm tool=conduit-v1 collector=conduit type=conduit collector=conduit type=conduit series-count=2
time=2026-08-02T15:48:35.160-07:00 level=DEBUG msg="Query returned data" test=archv2-nxm tool=conduit-v1 collector=conduit type=conduit collector=conduit type=conduit name=msg-megabytes-out-per-second[archv2-nxm] series-count=1 last-value=0.5277289469482179
time=2026-08-02T15:48:35.190-07:00 level=DEBUG msg="Inspecting container" model=container-monitor name=benchi-conduit
time=2026-08-02T15:48:35.696-07:00 level=DEBUG msg="Inspecting container" model=container-monitor name=benchi-conduit
time=2026-08-02T15:48:36.159-07:00 level=DEBUG msg="promql query logged" test=archv2-nxm tool=conduit-v1 collector=conduit type=conduit collector=conduit type=conduit params="map[end:2026-08-02T22:48:36.159Z query:rate(conduit_pipeline_execution_duration_seconds_count{pipeline_name=\"archv2-nxm\"}[2s]) start:2026-08-02T22:47:39.159Z step:1]" stats="&{Timings:{EvalTotalTime:5.5166e-05 ResultSortTime:2.92e-07 QueryPreparationTime:1.5209e-05 InnerEvalTime:3.5667e-05 ExecQueueTime:2.584e-06 ExecTotalTime:5.9875e-05} Samples:0x14001027920}" spanID=0000000000000000
time=2026-08-02T15:48:36.159-07:00 level=DEBUG msg="Query returned data" test=archv2-nxm tool=conduit-v1 collector=conduit type=conduit collector=conduit type=conduit name=msg-rate-per-second[archv2-nxm] series-count=1 last-value=19339.01705115346
time=2026-08-02T15:48:36.159-07:00 level=DEBUG msg="promql query logged" test=archv2-nxm tool=conduit-v1 collector=conduit type=conduit collector=conduit type=conduit params="map[end:2026-08-02T22:48:36.159Z query:rate(conduit_connector_bytes_sum{pipeline_name=\"archv2-nxm\",type=\"source\"}[2s])/1048576 start:2026-08-02T22:47:39.159Z step:1]" stats="&{Timings:{EvalTotalTime:0.000124458 ResultSortTime:1.833e-06 QueryPreparationTime:1.8042e-05 InnerEvalTime:0.000100583 ExecQueueTime:1.042e-06 ExecTotalTime:0.000127292} Samples:0x1400104c060}" spanID=0000000000000000
time=2026-08-02T15:48:36.159-07:00 level=WARN msg="Query returned multiple series, only first will be used" test=archv2-nxm tool=conduit-v1 collector=conduit type=conduit collector=conduit type=conduit series-count=2
time=2026-08-02T15:48:36.159-07:00 level=DEBUG msg="Query returned data" test=archv2-nxm tool=conduit-v1 collector=conduit type=conduit collector=conduit type=conduit name=msg-megabytes-in-per-second[archv2-nxm] series-count=1 last-value=0.27322816992236476
time=2026-08-02T15:48:36.160-07:00 level=DEBUG msg="promql query logged" test=archv2-nxm tool=conduit-v1 collector=conduit type=conduit collector=conduit type=conduit params="map[end:2026-08-02T22:48:36.159Z query:rate(conduit_connector_bytes_sum{pipeline_name=\"archv2-nxm\",type=\"destination\"}[2s])/1048576 start:2026-08-02T22:47:39.159Z step:1]" stats="&{Timings:{EvalTotalTime:9.5208e-05 ResultSortTime:4.58e-07 QueryPreparationTime:9e-06 InnerEvalTime:8.175e-05 ExecQueueTime:1.417e-06 ExecTotalTime:9.8916e-05} Samples:0x140011d4540}" spanID=0000000000000000
time=2026-08-02T15:48:36.160-07:00 level=WARN msg="Query returned multiple series, only first will be used" test=archv2-nxm tool=conduit-v1 collector=conduit type=conduit collector=conduit type=conduit series-count=2
time=2026-08-02T15:48:36.160-07:00 level=DEBUG msg="Query returned data" test=archv2-nxm tool=conduit-v1 collector=conduit type=conduit collector=conduit type=conduit name=msg-megabytes-out-per-second[archv2-nxm] series-count=1 last-value=0.5465663423987783
time=2026-08-02T15:48:36.206-07:00 level=DEBUG msg="Inspecting container" model=container-monitor name=benchi-conduit
time=2026-08-02T15:48:36.710-07:00 level=DEBUG msg="Inspecting container" model=container-monitor name=benchi-conduit
time=2026-08-02T15:48:37.159-07:00 level=DEBUG msg="promql query logged" test=archv2-nxm tool=conduit-v1 collector=conduit type=conduit collector=conduit type=conduit params="map[end:2026-08-02T22:48:37.159Z query:rate(conduit_pipeline_execution_duration_seconds_count{pipeline_name=\"archv2-nxm\"}[2s]) start:2026-08-02T22:47:39.159Z step:1]" stats="&{Timings:{EvalTotalTime:6.7708e-05 ResultSortTime:4.58e-07 QueryPreparationTime:2.0375e-05 InnerEvalTime:4.1416e-05 ExecQueueTime:3.5e-06 ExecTotalTime:7.3666e-05} Samples:0x140011edb60}" spanID=0000000000000000
time=2026-08-02T15:48:37.159-07:00 level=DEBUG msg="Query returned data" test=archv2-nxm tool=conduit-v1 collector=conduit type=conduit collector=conduit type=conduit name=msg-rate-per-second[archv2-nxm] series-count=1 last-value=20181
time=2026-08-02T15:48:37.160-07:00 level=DEBUG msg="promql query logged" test=archv2-nxm tool=conduit-v1 collector=conduit type=conduit collector=conduit type=conduit params="map[end:2026-08-02T22:48:37.160Z query:rate(conduit_connector_bytes_sum{pipeline_name=\"archv2-nxm\",type=\"source\"}[2s])/1048576 start:2026-08-02T22:47:39.159Z step:1]" stats="&{Timings:{EvalTotalTime:0.000114083 ResultSortTime:1.042e-06 QueryPreparationTime:1.1334e-05 InnerEvalTime:9.6666e-05 ExecQueueTime:1.917e-06 ExecTotalTime:0.000118792} Samples:0x140012a02a0}" spanID=0000000000000000
time=2026-08-02T15:48:37.160-07:00 level=WARN msg="Query returned multiple series, only first will be used" test=archv2-nxm tool=conduit-v1 collector=conduit type=conduit collector=conduit type=conduit series-count=2
time=2026-08-02T15:48:37.160-07:00 level=DEBUG msg="Query returned data" test=archv2-nxm tool=conduit-v1 collector=conduit type=conduit collector=conduit type=conduit name=msg-megabytes-in-per-second[archv2-nxm] series-count=1 last-value=0.28823375701904297
time=2026-08-02T15:48:37.161-07:00 level=DEBUG msg="promql query logged" test=archv2-nxm tool=conduit-v1 collector=conduit type=conduit collector=conduit type=conduit params="map[end:2026-08-02T22:48:37.161Z query:rate(conduit_connector_bytes_sum{pipeline_name=\"archv2-nxm\",type=\"destination\"}[2s])/1048576 start:2026-08-02T22:47:39.159Z step:1]" stats="&{Timings:{EvalTotalTime:0.000111667 ResultSortTime:6.25e-07 QueryPreparationTime:1.1292e-05 InnerEvalTime:9.475e-05 ExecQueueTime:1.417e-06 ExecTotalTime:0.000116208} Samples:0x1400112baa0}" spanID=0000000000000000
time=2026-08-02T15:48:37.161-07:00 level=WARN msg="Query returned multiple series, only first will be used" test=archv2-nxm tool=conduit-v1 collector=conduit type=conduit collector=conduit type=conduit series-count=2
time=2026-08-02T15:48:37.161-07:00 level=DEBUG msg="Query returned data" test=archv2-nxm tool=conduit-v1 collector=conduit type=conduit collector=conduit type=conduit name=msg-megabytes-out-per-second[archv2-nxm] series-count=1 last-value=0.5704822540283203
time=2026-08-02T15:48:37.214-07:00 level=DEBUG msg="Inspecting container" model=container-monitor name=benchi-conduit
time=2026-08-02T15:48:37.723-07:00 level=DEBUG msg="Inspecting container" model=container-monitor name=benchi-conduit
time=2026-08-02T15:48:38.160-07:00 level=DEBUG msg="promql query logged" test=archv2-nxm tool=conduit-v1 collector=conduit type=conduit collector=conduit type=conduit params="map[end:2026-08-02T22:48:38.160Z query:rate(conduit_pipeline_execution_duration_seconds_count{pipeline_name=\"archv2-nxm\"}[2s]) start:2026-08-02T22:47:39.159Z step:1]" stats="&{Timings:{EvalTotalTime:0.00013825 ResultSortTime:8.34e-07 QueryPreparationTime:3.1e-05 InnerEvalTime:9.6541e-05 ExecQueueTime:6.084e-06 ExecTotalTime:0.000147167} Samples:0x140013595c0}" spanID=0000000000000000
time=2026-08-02T15:48:38.160-07:00 level=DEBUG msg="Query returned data" test=archv2-nxm tool=conduit-v1 collector=conduit type=conduit collector=conduit type=conduit name=msg-rate-per-second[archv2-nxm] series-count=1 last-value=19615
time=2026-08-02T15:48:38.160-07:00 level=DEBUG msg="promql query logged" test=archv2-nxm tool=conduit-v1 collector=conduit type=conduit collector=conduit type=conduit params="map[end:2026-08-02T22:48:38.160Z query:rate(conduit_connector_bytes_sum{pipeline_name=\"archv2-nxm\",type=\"source\"}[2s])/1048576 start:2026-08-02T22:47:39.159Z step:1]" stats="&{Timings:{EvalTotalTime:9.0375e-05 ResultSortTime:1.542e-06 QueryPreparationTime:1.3041e-05 InnerEvalTime:7.25e-05 ExecQueueTime:2.209e-06 ExecTotalTime:9.3666e-05} Samples:0x14001359c80}" spanID=0000000000000000
time=2026-08-02T15:48:38.160-07:00 level=WARN msg="Query returned multiple series, only first will be used" test=archv2-nxm tool=conduit-v1 collector=conduit type=conduit collector=conduit type=conduit series-count=2
time=2026-08-02T15:48:38.160-07:00 level=DEBUG msg="Query returned data" test=archv2-nxm tool=conduit-v1 collector=conduit type=conduit collector=conduit type=conduit name=msg-megabytes-in-per-second[archv2-nxm] series-count=1 last-value=0.27785396575927734
time=2026-08-02T15:48:38.161-07:00 level=DEBUG msg="promql query logged" test=archv2-nxm tool=conduit-v1 collector=conduit type=conduit collector=conduit type=conduit params="map[end:2026-08-02T22:48:38.160Z query:rate(conduit_connector_bytes_sum{pipeline_name=\"archv2-nxm\",type=\"destination\"}[2s])/1048576 start:2026-08-02T22:47:39.159Z step:1]" stats="&{Timings:{EvalTotalTime:6.175e-05 ResultSortTime:3.33e-07 QueryPreparationTime:6.084e-06 InnerEvalTime:5.3e-05 ExecQueueTime:9.17e-07 ExecTotalTime:6.3667e-05} Samples:0x14001246840}" spanID=0000000000000000
time=2026-08-02T15:48:38.161-07:00 level=WARN msg="Query returned multiple series, only first will be used" test=archv2-nxm tool=conduit-v1 collector=conduit type=conduit collector=conduit type=conduit series-count=2
time=2026-08-02T15:48:38.161-07:00 level=DEBUG msg="Query returned data" test=archv2-nxm tool=conduit-v1 collector=conduit type=conduit collector=conduit type=conduit name=msg-megabytes-out-per-second[archv2-nxm] series-count=1 last-value=0.5550022125244141
time=2026-08-02T15:48:38.233-07:00 level=DEBUG msg="Inspecting container" model=container-monitor name=benchi-conduit
time=2026-08-02T15:48:38.741-07:00 level=DEBUG msg="Inspecting container" model=container-monitor name=benchi-conduit
time=2026-08-02T15:48:39.159-07:00 level=INFO msg="Test in progress" test=archv2-nxm tool=conduit-v1 step=test time-left=0s
time=2026-08-02T15:48:39.161-07:00 level=DEBUG msg="promql query logged" test=archv2-nxm tool=conduit-v1 collector=conduit type=conduit collector=conduit type=conduit params="map[end:2026-08-02T22:48:39.160Z query:rate(conduit_pipeline_execution_duration_seconds_count{pipeline_name=\"archv2-nxm\"}[2s]) start:2026-08-02T22:47:39.159Z step:1]" stats="&{Timings:{EvalTotalTime:0.0001255 ResultSortTime:8.34e-07 QueryPreparationTime:3.5375e-05 InnerEvalTime:7.925e-05 ExecQueueTime:4.875e-06 ExecTotalTime:0.00013525} Samples:0x140012f78c0}" spanID=0000000000000000
time=2026-08-02T15:48:39.161-07:00 level=DEBUG msg="Query returned data" test=archv2-nxm tool=conduit-v1 collector=conduit type=conduit collector=conduit type=conduit name=msg-rate-per-second[archv2-nxm] series-count=1 last-value=19139
time=2026-08-02T15:48:39.162-07:00 level=DEBUG msg="promql query logged" test=archv2-nxm tool=conduit-v1 collector=conduit type=conduit collector=conduit type=conduit params="map[end:2026-08-02T22:48:39.161Z query:rate(conduit_connector_bytes_sum{pipeline_name=\"archv2-nxm\",type=\"source\"}[2s])/1048576 start:2026-08-02T22:47:39.159Z step:1]" stats="&{Timings:{EvalTotalTime:0.0002375 ResultSortTime:2.292e-06 QueryPreparationTime:1.6875e-05 InnerEvalTime:0.000208083 ExecQueueTime:2.166e-06 ExecTotalTime:0.000243542} Samples:0x1400144e000}" spanID=0000000000000000
time=2026-08-02T15:48:39.162-07:00 level=WARN msg="Query returned multiple series, only first will be used" test=archv2-nxm tool=conduit-v1 collector=conduit type=conduit collector=conduit type=conduit series-count=2
time=2026-08-02T15:48:39.162-07:00 level=DEBUG msg="Query returned data" test=archv2-nxm tool=conduit-v1 collector=conduit type=conduit collector=conduit type=conduit name=msg-megabytes-in-per-second[archv2-nxm] series-count=1 last-value=0.26964759826660156
time=2026-08-02T15:48:39.163-07:00 level=DEBUG msg="promql query logged" test=archv2-nxm tool=conduit-v1 collector=conduit type=conduit collector=conduit type=conduit params="map[end:2026-08-02T22:48:39.162Z query:rate(conduit_connector_bytes_sum{pipeline_name=\"archv2-nxm\",type=\"destination\"}[2s])/1048576 start:2026-08-02T22:47:39.159Z step:1]" stats="&{Timings:{EvalTotalTime:0.000144875 ResultSortTime:1.042e-06 QueryPreparationTime:1.7125e-05 InnerEvalTime:0.000119917 ExecQueueTime:3.666e-06 ExecTotalTime:0.000151584} Samples:0x1400144f680}" spanID=0000000000000000
time=2026-08-02T15:48:39.163-07:00 level=WARN msg="Query returned multiple series, only first will be used" test=archv2-nxm tool=conduit-v1 collector=conduit type=conduit collector=conduit type=conduit series-count=2
time=2026-08-02T15:48:39.175-07:00 level=DEBUG msg="Query returned data" test=archv2-nxm tool=conduit-v1 collector=conduit type=conduit collector=conduit type=conduit name=msg-megabytes-out-per-second[archv2-nxm] series-count=1 last-value=0.5408563613891602
time=2026-08-02T15:48:39.249-07:00 level=DEBUG msg="Inspecting container" model=container-monitor name=benchi-conduit
time=2026-08-02T15:48:39.665-07:00 level=INFO msg="Step successful" test=archv2-nxm tool=conduit-v1 step=test
time=2026-08-02T15:48:39.665-07:00 level=INFO msg="Running step" test=archv2-nxm tool=conduit-v1 step=post-test
time=2026-08-02T15:48:39.665-07:00 level=INFO msg="Exporting metrics" test=archv2-nxm tool=conduit-v1 step=post-test collector=conduit path=/Users/devarisbrown/Code/projects/conduit/benchi/archv2-nxm/results/r3/archv2-nxm_conduit-v1/conduit.csv
time=2026-08-02T15:48:39.666-07:00 level=INFO msg="Exporting metrics" test=archv2-nxm tool=conduit-v1 step=post-test collector=docker path=/Users/devarisbrown/Code/projects/conduit/benchi/archv2-nxm/results/r3/archv2-nxm_conduit-v1/docker.csv
time=2026-08-02T15:48:39.666-07:00 level=DEBUG msg="Running hooks" test=archv2-nxm tool=conduit-v1 step=post-test count=0
time=2026-08-02T15:48:39.666-07:00 level=INFO msg="Step successful" test=archv2-nxm tool=conduit-v1 step=post-test
time=2026-08-02T15:48:39.667-07:00 level=INFO msg="Running step" test=archv2-nxm tool=conduit-v1 step=pre-cleanup
time=2026-08-02T15:48:39.667-07:00 level=DEBUG msg="Running hooks" test=archv2-nxm tool=conduit-v1 step=pre-cleanup count=0
time=2026-08-02T15:48:39.667-07:00 level=INFO msg="Step successful" test=archv2-nxm tool=conduit-v1 step=pre-cleanup
time=2026-08-02T15:48:39.667-07:00 level=INFO msg="Running step" test=archv2-nxm tool=conduit-v1 step=cleanup
time=2026-08-02T15:48:39.667-07:00 level=INFO msg="Stopping containers" test=archv2-nxm tool=conduit-v1 step=tool
time=2026-08-02T15:48:39.667-07:00 level=DEBUG msg="Executing command" command="/usr/local/bin/docker compose -f ./tools/compose-conduit-v1.yml down"
time=2026-08-02T15:48:39.761-07:00 level=DEBUG msg="Inspecting container" model=container-monitor name=benchi-conduit
time=2026-08-02T15:48:40.044-07:00 level=INFO msg="Step successful" test=archv2-nxm tool=conduit-v1 step=cleanup
time=2026-08-02T15:48:40.044-07:00 level=INFO msg="Running step" test=archv2-nxm tool=conduit-v1 step=post-cleanup
time=2026-08-02T15:48:40.044-07:00 level=DEBUG msg="Running hooks" test=archv2-nxm tool=conduit-v1 step=post-cleanup count=0
time=2026-08-02T15:48:40.044-07:00 level=INFO msg="Step successful" test=archv2-nxm tool=conduit-v1 step=post-cleanup
time=2026-08-02T15:48:40.045-07:00 level=INFO msg="Running step" test=archv2-nxm tool=conduit-v2 step=pre-infrastructure
time=2026-08-02T15:48:40.045-07:00 level=INFO msg="Pulling docker images for tool containers" test=archv2-nxm tool=conduit-v2 step=pre-infrastructure containers=[benchi-conduit]
time=2026-08-02T15:48:40.045-07:00 level=DEBUG msg="Executing command" command="/usr/local/bin/docker compose -f ./tools/compose-conduit-v2.yml pull"
time=2026-08-02T15:48:40.136-07:00 level=INFO msg="Pulling docker images for hooks" test=archv2-nxm tool=conduit-v2 step=pre-infrastructure images=[]
time=2026-08-02T15:48:40.137-07:00 level=DEBUG msg="Running hooks" test=archv2-nxm tool=conduit-v2 step=pre-infrastructure count=0
time=2026-08-02T15:48:40.137-07:00 level=INFO msg="Step successful" test=archv2-nxm tool=conduit-v2 step=pre-infrastructure
time=2026-08-02T15:48:40.137-07:00 level=INFO msg="Running step" test=archv2-nxm tool=conduit-v2 step=infrastructure
time=2026-08-02T15:48:40.137-07:00 level=INFO msg="No infrastructure to start" test=archv2-nxm tool=conduit-v2 step=infrastructure
time=2026-08-02T15:48:40.137-07:00 level=INFO msg="Step successful" test=archv2-nxm tool=conduit-v2 step=infrastructure
time=2026-08-02T15:48:40.137-07:00 level=INFO msg="Running step" test=archv2-nxm tool=conduit-v2 step=post-infrastructure
time=2026-08-02T15:48:40.137-07:00 level=DEBUG msg="Running hooks" test=archv2-nxm tool=conduit-v2 step=post-infrastructure count=0
time=2026-08-02T15:48:40.137-07:00 level=INFO msg="Step successful" test=archv2-nxm tool=conduit-v2 step=post-infrastructure
time=2026-08-02T15:48:40.137-07:00 level=INFO msg="Running step" test=archv2-nxm tool=conduit-v2 step=pre-tool
time=2026-08-02T15:48:40.137-07:00 level=DEBUG msg="Running hooks" test=archv2-nxm tool=conduit-v2 step=pre-tool count=0
time=2026-08-02T15:48:40.137-07:00 level=INFO msg="Step successful" test=archv2-nxm tool=conduit-v2 step=pre-tool
time=2026-08-02T15:48:40.137-07:00 level=INFO msg="Running step" test=archv2-nxm tool=conduit-v2 step=tool
time=2026-08-02T15:48:40.137-07:00 level=INFO msg="Waiting for container status to be healthy" test=archv2-nxm tool=conduit-v2 step=tool container=benchi-conduit status=N/A
time=2026-08-02T15:48:40.137-07:00 level=DEBUG msg="Executing command" command="/usr/local/bin/docker compose -f ./tools/compose-conduit-v2.yml up"
time=2026-08-02T15:48:40.267-07:00 level=DEBUG msg="Inspecting container" model=container-monitor name=benchi-conduit
time=2026-08-02T15:48:40.546-07:00 level=DEBUG msg="Inspecting container" model=container-monitor name=benchi-conduit
time=2026-08-02T15:48:41.058-07:00 level=DEBUG msg="Inspecting container" model=container-monitor name=benchi-conduit
time=2026-08-02T15:48:41.148-07:00 level=DEBUG msg="Inspected container" test=archv2-nxm tool=conduit-v2 step=tool container=benchi-conduit response="{ContainerJSONBase:0x140015fc2c0 Mounts:[{Type:bind Name: Source:/Users/devarisbrown/Code/projects/conduit/benchi/archv2-nxm/pipeline.yml Destination:/app/pipelines/pipeline.yml Driver: Mode:rw RW:true Propagation:rprivate}] Config:0x140015b6b40 NetworkSettings:0x140005b9900 ImageManifestDescriptor:<nil>}" state="{Status:running Running:true Paused:false Restarting:false OOMKilled:false Dead:false Pid:5833 ExitCode:0 Error: StartedAt:2026-08-02T22:48:40.307819175Z FinishedAt:0001-01-01T00:00:00Z Health:<nil>}"
time=2026-08-02T15:48:41.148-07:00 level=INFO msg="Container is running (consider adding a health check!)" test=archv2-nxm tool=conduit-v2 step=tool container=/benchi-conduit
time=2026-08-02T15:48:41.151-07:00 level=INFO msg="Tools started" test=archv2-nxm tool=conduit-v2 step=tool
time=2026-08-02T15:48:41.151-07:00 level=INFO msg="Step successful" test=archv2-nxm tool=conduit-v2 step=tool
time=2026-08-02T15:48:41.151-07:00 level=INFO msg="Running step" test=archv2-nxm tool=conduit-v2 step=post-tool
time=2026-08-02T15:48:41.151-07:00 level=DEBUG msg="Running hooks" test=archv2-nxm tool=conduit-v2 step=post-tool count=0
time=2026-08-02T15:48:41.151-07:00 level=INFO msg="Step successful" test=archv2-nxm tool=conduit-v2 step=post-tool
time=2026-08-02T15:48:41.151-07:00 level=INFO msg="Running step" test=archv2-nxm tool=conduit-v2 step=pre-test
time=2026-08-02T15:48:41.151-07:00 level=DEBUG msg="Running hooks" test=archv2-nxm tool=conduit-v2 step=pre-test count=0
time=2026-08-02T15:48:41.152-07:00 level=INFO msg="Step successful" test=archv2-nxm tool=conduit-v2 step=pre-test
time=2026-08-02T15:48:41.153-07:00 level=INFO msg="Running step" test=archv2-nxm tool=conduit-v2 step=test
time=2026-08-02T15:48:41.153-07:00 level=INFO msg="Running collector" test=archv2-nxm tool=conduit-v2 step=test name=conduit type=conduit
time=2026-08-02T15:48:41.153-07:00 level=INFO msg="Running collector" test=archv2-nxm tool=conduit-v2 step=test name=docker type=docker
time=2026-08-02T15:48:41.153-07:00 level=INFO msg="Test in progress" test=archv2-nxm tool=conduit-v2 step=test time-left=1m0s
time=2026-08-02T15:48:41.153-07:00 level=DEBUG msg="Collecting stats" test=archv2-nxm tool=conduit-v2 collector=docker type=docker collector=docker type=docker container=benchi-conduit
time=2026-08-02T15:48:41.571-07:00 level=DEBUG msg="Inspecting container" model=container-monitor name=benchi-conduit
time=2026-08-02T15:48:42.078-07:00 level=DEBUG msg="Inspecting container" model=container-monitor name=benchi-conduit
time=2026-08-02T15:48:42.154-07:00 level=DEBUG msg="promql query logged" test=archv2-nxm tool=conduit-v2 collector=conduit type=conduit collector=conduit type=conduit params="map[end:2026-08-02T22:48:42.154Z query:rate(conduit_pipeline_execution_duration_seconds_count{pipeline_name=\"archv2-nxm\"}[2s]) start:2026-08-02T22:48:41.153Z step:1]" stats="&{Timings:{EvalTotalTime:0.000195417 ResultSortTime:1.208e-06 QueryPreparationTime:4.4833e-05 InnerEvalTime:0.000104875 ExecQueueTime:4.333e-06 ExecTotalTime:0.000206417} Samples:0x1400182e9c0}" spanID=0000000000000000
time=2026-08-02T15:48:42.154-07:00 level=DEBUG msg="No data returned from query" test=archv2-nxm tool=conduit-v2 collector=conduit type=conduit collector=conduit type=conduit
time=2026-08-02T15:48:42.155-07:00 level=DEBUG msg="promql query logged" test=archv2-nxm tool=conduit-v2 collector=conduit type=conduit collector=conduit type=conduit params="map[end:2026-08-02T22:48:42.154Z query:rate(conduit_connector_bytes_sum{pipeline_name=\"archv2-nxm\",type=\"source\"}[2s])/1048576 start:2026-08-02T22:48:41.153Z step:1]" stats="&{Timings:{EvalTotalTime:0.0001355 ResultSortTime:3.75e-07 QueryPreparationTime:1.5917e-05 InnerEvalTime:0.000113958 ExecQueueTime:2.208e-06 ExecTotalTime:0.000140625} Samples:0x1400182f080}" spanID=0000000000000000
time=2026-08-02T15:48:42.155-07:00 level=DEBUG msg="No data returned from query" test=archv2-nxm tool=conduit-v2 collector=conduit type=conduit collector=conduit type=conduit
time=2026-08-02T15:48:42.155-07:00 level=DEBUG msg="promql query logged" test=archv2-nxm tool=conduit-v2 collector=conduit type=conduit collector=conduit type=conduit params="map[end:2026-08-02T22:48:42.155Z query:rate(conduit_connector_bytes_sum{pipeline_name=\"archv2-nxm\",type=\"destination\"}[2s])/1048576 start:2026-08-02T22:48:41.153Z step:1]" stats="&{Timings:{EvalTotalTime:3.1083e-05 ResultSortTime:1.25e-07 QueryPreparationTime:7.083e-06 InnerEvalTime:2.0834e-05 ExecQueueTime:1.126e-06 ExecTotalTime:3.325e-05} Samples:0x1400182f740}" spanID=0000000000000000
time=2026-08-02T15:48:42.155-07:00 level=DEBUG msg="No data returned from query" test=archv2-nxm tool=conduit-v2 collector=conduit type=conduit collector=conduit type=conduit
time=2026-08-02T15:48:42.612-07:00 level=DEBUG msg="Inspecting container" model=container-monitor name=benchi-conduit
time=2026-08-02T15:48:43.118-07:00 level=DEBUG msg="Inspecting container" model=container-monitor name=benchi-conduit
time=2026-08-02T15:48:43.155-07:00 level=DEBUG msg="promql query logged" test=archv2-nxm tool=conduit-v2 collector=conduit type=conduit collector=conduit type=conduit params="map[end:2026-08-02T22:48:43.154Z query:rate(conduit_pipeline_execution_duration_seconds_count{pipeline_name=\"archv2-nxm\"}[2s]) start:2026-08-02T22:48:41.153Z step:1]" stats="&{Timings:{EvalTotalTime:8.2e-05 ResultSortTime:4.58e-07 QueryPreparationTime:4.0459e-05 InnerEvalTime:3.0917e-05 ExecQueueTime:3.542e-06 ExecTotalTime:8.8666e-05} Samples:0x14001000c30}" spanID=0000000000000000
time=2026-08-02T15:48:43.155-07:00 level=DEBUG msg="Query returned data" test=archv2-nxm tool=conduit-v2 collector=conduit type=conduit collector=conduit type=conduit name=msg-rate-per-second[archv2-nxm] series-count=1 last-value=17614.770459081836
time=2026-08-02T15:48:43.155-07:00 level=DEBUG msg="promql query logged" test=archv2-nxm tool=conduit-v2 collector=conduit type=conduit collector=conduit type=conduit params="map[end:2026-08-02T22:48:43.155Z query:rate(conduit_connector_bytes_sum{pipeline_name=\"archv2-nxm\",type=\"source\"}[2s])/1048576 start:2026-08-02T22:48:41.153Z step:1]" stats="&{Timings:{EvalTotalTime:0.000145083 ResultSortTime:1.042e-06 QueryPreparationTime:1.3e-05 InnerEvalTime:0.000126083 ExecQueueTime:1.25e-06 ExecTotalTime:0.000148625} Samples:0x14001001ad0}" spanID=0000000000000000
time=2026-08-02T15:48:43.155-07:00 level=WARN msg="Query returned multiple series, only first will be used" test=archv2-nxm tool=conduit-v2 collector=conduit type=conduit collector=conduit type=conduit series-count=2
time=2026-08-02T15:48:43.155-07:00 level=DEBUG msg="Query returned data" test=archv2-nxm tool=conduit-v2 collector=conduit type=conduit collector=conduit type=conduit name=msg-megabytes-in-per-second[archv2-nxm] series-count=1 last-value=0.24742137886093046
time=2026-08-02T15:48:43.156-07:00 level=DEBUG msg="promql query logged" test=archv2-nxm tool=conduit-v2 collector=conduit type=conduit collector=conduit type=conduit params="map[end:2026-08-02T22:48:43.155Z query:rate(conduit_connector_bytes_sum{pipeline_name=\"archv2-nxm\",type=\"destination\"}[2s])/1048576 start:2026-08-02T22:48:41.153Z step:1]" stats="&{Timings:{EvalTotalTime:3.4e-05 ResultSortTime:5e-07 QueryPreparationTime:8e-06 InnerEvalTime:2.2209e-05 ExecQueueTime:1e-06 ExecTotalTime:3.6708e-05} Samples:0x14000950a80}" spanID=0000000000000000
time=2026-08-02T15:48:43.156-07:00 level=WARN msg="Query returned multiple series, only first will be used" test=archv2-nxm tool=conduit-v2 collector=conduit type=conduit collector=conduit type=conduit series-count=2
time=2026-08-02T15:48:43.156-07:00 level=DEBUG msg="Query returned data" test=archv2-nxm tool=conduit-v2 collector=conduit type=conduit collector=conduit type=conduit name=msg-megabytes-out-per-second[archv2-nxm] series-count=1 last-value=0.4976571439031117
time=2026-08-02T15:48:43.622-07:00 level=DEBUG msg="Inspecting container" model=container-monitor name=benchi-conduit
time=2026-08-02T15:48:44.132-07:00 level=DEBUG msg="Inspecting container" model=container-monitor name=benchi-conduit
time=2026-08-02T15:48:44.154-07:00 level=DEBUG msg="promql query logged" test=archv2-nxm tool=conduit-v2 collector=conduit type=conduit collector=conduit type=conduit params="map[end:2026-08-02T22:48:44.153Z query:rate(conduit_pipeline_execution_duration_seconds_count{pipeline_name=\"archv2-nxm\"}[2s]) start:2026-08-02T22:48:41.153Z step:1]" stats="&{Timings:{EvalTotalTime:7.8917e-05 ResultSortTime:3.34e-07 QueryPreparationTime:3.6167e-05 InnerEvalTime:3.4916e-05 ExecQueueTime:3e-06 ExecTotalTime:8.8333e-05} Samples:0x14000f62a20}" spanID=0000000000000000
time=2026-08-02T15:48:44.154-07:00 level=DEBUG msg="Query returned data" test=archv2-nxm tool=conduit-v2 collector=conduit type=conduit collector=conduit type=conduit name=msg-rate-per-second[archv2-nxm] series-count=1 last-value=19217.434869739478
time=2026-08-02T15:48:44.154-07:00 level=DEBUG msg="promql query logged" test=archv2-nxm tool=conduit-v2 collector=conduit type=conduit collector=conduit type=conduit params="map[end:2026-08-02T22:48:44.154Z query:rate(conduit_connector_bytes_sum{pipeline_name=\"archv2-nxm\",type=\"source\"}[2s])/1048576 start:2026-08-02T22:48:41.153Z step:1]" stats="&{Timings:{EvalTotalTime:5.1e-05 ResultSortTime:1.208e-06 QueryPreparationTime:9.5e-06 InnerEvalTime:3.7208e-05 ExecQueueTime:1.167e-06 ExecTotalTime:5.3958e-05} Samples:0x14000f63200}" spanID=0000000000000000
time=2026-08-02T15:48:44.154-07:00 level=WARN msg="Query returned multiple series, only first will be used" test=archv2-nxm tool=conduit-v2 collector=conduit type=conduit collector=conduit type=conduit series-count=2
time=2026-08-02T15:48:44.154-07:00 level=DEBUG msg="Query returned data" test=archv2-nxm tool=conduit-v2 collector=conduit type=conduit collector=conduit type=conduit name=msg-megabytes-in-per-second[archv2-nxm] series-count=1 last-value=0.2672638826236457
time=2026-08-02T15:48:44.154-07:00 level=DEBUG msg="promql query logged" test=archv2-nxm tool=conduit-v2 collector=conduit type=conduit collector=conduit type=conduit params="map[end:2026-08-02T22:48:44.154Z query:rate(conduit_connector_bytes_sum{pipeline_name=\"archv2-nxm\",type=\"destination\"}[2s])/1048576 start:2026-08-02T22:48:41.153Z step:1]" stats="&{Timings:{EvalTotalTime:3.5208e-05 ResultSortTime:5e-07 QueryPreparationTime:6.167e-06 InnerEvalTime:2.5667e-05 ExecQueueTime:9.58e-07 ExecTotalTime:3.7959e-05} Samples:0x14000a82120}" spanID=0000000000000000
time=2026-08-02T15:48:44.154-07:00 level=WARN msg="Query returned multiple series, only first will be used" test=archv2-nxm tool=conduit-v2 collector=conduit type=conduit collector=conduit type=conduit series-count=2
time=2026-08-02T15:48:44.154-07:00 level=DEBUG msg="Query returned data" test=archv2-nxm tool=conduit-v2 collector=conduit type=conduit collector=conduit type=conduit name=msg-megabytes-out-per-second[archv2-nxm] series-count=1 last-value=0.5434041988395736
time=2026-08-02T15:48:44.642-07:00 level=DEBUG msg="Inspecting container" model=container-monitor name=benchi-conduit
time=2026-08-02T15:48:45.154-07:00 level=DEBUG msg="Inspecting container" model=container-monitor name=benchi-conduit
time=2026-08-02T15:48:45.154-07:00 level=DEBUG msg="promql query logged" test=archv2-nxm tool=conduit-v2 collector=conduit type=conduit collector=conduit type=conduit params="map[end:2026-08-02T22:48:45.154Z query:rate(conduit_pipeline_execution_duration_seconds_count{pipeline_name=\"archv2-nxm\"}[2s]) start:2026-08-02T22:48:41.153Z step:1]" stats="&{Timings:{EvalTotalTime:0.000165834 ResultSortTime:1.125e-06 QueryPreparationTime:3.7208e-05 InnerEvalTime:0.00011275 ExecQueueTime:5.042e-06 ExecTotalTime:0.000176042} Samples:0x140017c0f90}" spanID=0000000000000000
time=2026-08-02T15:48:45.154-07:00 level=DEBUG msg="Query returned data" test=archv2-nxm tool=conduit-v2 collector=conduit type=conduit collector=conduit type=conduit name=msg-rate-per-second[archv2-nxm] series-count=1 last-value=18130
time=2026-08-02T15:48:45.155-07:00 level=DEBUG msg="promql query logged" test=archv2-nxm tool=conduit-v2 collector=conduit type=conduit collector=conduit type=conduit params="map[end:2026-08-02T22:48:45.154Z query:rate(conduit_connector_bytes_sum{pipeline_name=\"archv2-nxm\",type=\"source\"}[2s])/1048576 start:2026-08-02T22:48:41.153Z step:1]" stats="&{Timings:{EvalTotalTime:0.000112083 ResultSortTime:5.959e-06 QueryPreparationTime:1.6333e-05 InnerEvalTime:8.4708e-05 ExecQueueTime:1.875e-06 ExecTotalTime:0.000116458} Samples:0x140017c16b0}" spanID=0000000000000000
time=2026-08-02T15:48:45.156-07:00 level=WARN msg="Query returned multiple series, only first will be used" test=archv2-nxm tool=conduit-v2 collector=conduit type=conduit collector=conduit type=conduit series-count=2
time=2026-08-02T15:48:45.156-07:00 level=DEBUG msg="Query returned data" test=archv2-nxm tool=conduit-v2 collector=conduit type=conduit collector=conduit type=conduit name=msg-megabytes-in-per-second[archv2-nxm] series-count=1 last-value=0.2596111297607422
time=2026-08-02T15:48:45.156-07:00 level=DEBUG msg="promql query logged" test=archv2-nxm tool=conduit-v2 collector=conduit type=conduit collector=conduit type=conduit params="map[end:2026-08-02T22:48:45.156Z query:rate(conduit_connector_bytes_sum{pipeline_name=\"archv2-nxm\",type=\"destination\"}[2s])/1048576 start:2026-08-02T22:48:41.153Z step:1]" stats="&{Timings:{EvalTotalTime:5.9625e-05 ResultSortTime:9.16e-07 QueryPreparationTime:1.2917e-05 InnerEvalTime:4.2083e-05 ExecQueueTime:1.791e-06 ExecTotalTime:6.3042e-05} Samples:0x14000a83770}" spanID=0000000000000000
time=2026-08-02T15:48:45.156-07:00 level=WARN msg="Query returned multiple series, only first will be used" test=archv2-nxm tool=conduit-v2 collector=conduit type=conduit collector=conduit type=conduit series-count=2
time=2026-08-02T15:48:45.156-07:00 level=DEBUG msg="Query returned data" test=archv2-nxm tool=conduit-v2 collector=conduit type=conduit collector=conduit type=conduit name=msg-megabytes-out-per-second[archv2-nxm] series-count=1 last-value=0.5132904052734375
time=2026-08-02T15:48:45.667-07:00 level=DEBUG msg="Inspecting container" model=container-monitor name=benchi-conduit
time=2026-08-02T15:48:46.155-07:00 level=INFO msg="Test in progress" test=archv2-nxm tool=conduit-v2 step=test time-left=55s
time=2026-08-02T15:48:46.155-07:00 level=DEBUG msg="promql query logged" test=archv2-nxm tool=conduit-v2 collector=conduit type=conduit collector=conduit type=conduit params="map[end:2026-08-02T22:48:46.155Z query:rate(conduit_pipeline_execution_duration_seconds_count{pipeline_name=\"archv2-nxm\"}[2s]) start:2026-08-02T22:48:41.153Z step:1]" stats="&{Timings:{EvalTotalTime:8.5166e-05 ResultSortTime:1.083e-06 QueryPreparationTime:2.9125e-05 InnerEvalTime:4.4917e-05 ExecQueueTime:3.542e-06 ExecTotalTime:9.4333e-05} Samples:0x1400100a1e0}" spanID=0000000000000000
time=2026-08-02T15:48:46.155-07:00 level=DEBUG msg="Query returned data" test=archv2-nxm tool=conduit-v2 collector=conduit type=conduit collector=conduit type=conduit name=msg-rate-per-second[archv2-nxm] series-count=1 last-value=18982
time=2026-08-02T15:48:46.156-07:00 level=DEBUG msg="promql query logged" test=archv2-nxm tool=conduit-v2 collector=conduit type=conduit collector=conduit type=conduit params="map[end:2026-08-02T22:48:46.156Z query:rate(conduit_connector_bytes_sum{pipeline_name=\"archv2-nxm\",type=\"source\"}[2s])/1048576 start:2026-08-02T22:48:41.153Z step:1]" stats="&{Timings:{EvalTotalTime:7.3584e-05 ResultSortTime:1.416e-06 QueryPreparationTime:1.35e-05 InnerEvalTime:5.35e-05 ExecQueueTime:1.667e-06 ExecTotalTime:7.8542e-05} Samples:0x1400100a8a0}" spanID=0000000000000000
time=2026-08-02T15:48:46.156-07:00 level=WARN msg="Query returned multiple series, only first will be used" test=archv2-nxm tool=conduit-v2 collector=conduit type=conduit collector=conduit type=conduit series-count=2
time=2026-08-02T15:48:46.156-07:00 level=DEBUG msg="Query returned data" test=archv2-nxm tool=conduit-v2 collector=conduit type=conduit collector=conduit type=conduit name=msg-megabytes-in-per-second[archv2-nxm] series-count=1 last-value=0.26873779296875
time=2026-08-02T15:48:46.156-07:00 level=DEBUG msg="promql query logged" test=archv2-nxm tool=conduit-v2 collector=conduit type=conduit collector=conduit type=conduit params="map[end:2026-08-02T22:48:46.156Z query:rate(conduit_connector_bytes_sum{pipeline_name=\"archv2-nxm\",type=\"destination\"}[2s])/1048576 start:2026-08-02T22:48:41.153Z step:1]" stats="&{Timings:{EvalTotalTime:8.4333e-05 ResultSortTime:1e-06 QueryPreparationTime:3.075e-05 InnerEvalTime:4.6583e-05 ExecQueueTime:1.667e-06 ExecTotalTime:9.0292e-05} Samples:0x14000ae4d50}" spanID=0000000000000000
time=2026-08-02T15:48:46.156-07:00 level=WARN msg="Query returned multiple series, only first will be used" test=archv2-nxm tool=conduit-v2 collector=conduit type=conduit collector=conduit type=conduit series-count=2
time=2026-08-02T15:48:46.156-07:00 level=DEBUG msg="Query returned data" test=archv2-nxm tool=conduit-v2 collector=conduit type=conduit collector=conduit type=conduit name=msg-megabytes-out-per-second[archv2-nxm] series-count=1 last-value=0.5364217758178711
time=2026-08-02T15:48:46.181-07:00 level=DEBUG msg="Inspecting container" model=container-monitor name=benchi-conduit
time=2026-08-02T15:48:46.692-07:00 level=DEBUG msg="Inspecting container" model=container-monitor name=benchi-conduit
time=2026-08-02T15:48:47.155-07:00 level=DEBUG msg="promql query logged" test=archv2-nxm tool=conduit-v2 collector=conduit type=conduit collector=conduit type=conduit params="map[end:2026-08-02T22:48:47.155Z query:rate(conduit_pipeline_execution_duration_seconds_count{pipeline_name=\"archv2-nxm\"}[2s]) start:2026-08-02T22:48:41.153Z step:1]" stats="&{Timings:{EvalTotalTime:6.1333e-05 ResultSortTime:2.92e-07 QueryPreparationTime:1.6125e-05 InnerEvalTime:3.7458e-05 ExecQueueTime:2.625e-06 ExecTotalTime:6.7e-05} Samples:0x1400100b470}" spanID=0000000000000000
time=2026-08-02T15:48:47.155-07:00 level=DEBUG msg="Query returned data" test=archv2-nxm tool=conduit-v2 collector=conduit type=conduit collector=conduit type=conduit name=msg-rate-per-second[archv2-nxm] series-count=1 last-value=18734
time=2026-08-02T15:48:47.155-07:00 level=DEBUG msg="promql query logged" test=archv2-nxm tool=conduit-v2 collector=conduit type=conduit collector=conduit type=conduit params="map[end:2026-08-02T22:48:47.155Z query:rate(conduit_connector_bytes_sum{pipeline_name=\"archv2-nxm\",type=\"source\"}[2s])/1048576 start:2026-08-02T22:48:41.153Z step:1]" stats="&{Timings:{EvalTotalTime:7.6e-05 ResultSortTime:1.167e-06 QueryPreparationTime:2.4042e-05 InnerEvalTime:4.6458e-05 ExecQueueTime:1.833e-06 ExecTotalTime:7.9708e-05} Samples:0x1400100bb30}" spanID=0000000000000000
time=2026-08-02T15:48:47.155-07:00 level=WARN msg="Query returned multiple series, only first will be used" test=archv2-nxm tool=conduit-v2 collector=conduit type=conduit collector=conduit type=conduit series-count=2
time=2026-08-02T15:48:47.155-07:00 level=DEBUG msg="Query returned data" test=archv2-nxm tool=conduit-v2 collector=conduit type=conduit collector=conduit type=conduit name=msg-megabytes-in-per-second[archv2-nxm] series-count=1 last-value=0.2641305923461914
time=2026-08-02T15:48:47.155-07:00 level=DEBUG msg="promql query logged" test=archv2-nxm tool=conduit-v2 collector=conduit type=conduit collector=conduit type=conduit params="map[end:2026-08-02T22:48:47.155Z query:rate(conduit_connector_bytes_sum{pipeline_name=\"archv2-nxm\",type=\"destination\"}[2s])/1048576 start:2026-08-02T22:48:41.153Z step:1]" stats="&{Timings:{EvalTotalTime:4.925e-05 ResultSortTime:5.83e-07 QueryPreparationTime:8.666e-06 InnerEvalTime:3.6375e-05 ExecQueueTime:1.25e-06 ExecTotalTime:5.2416e-05} Samples:0x14000ae5ec0}" spanID=0000000000000000
time=2026-08-02T15:48:47.155-07:00 level=WARN msg="Query returned multiple series, only first will be used" test=archv2-nxm tool=conduit-v2 collector=conduit type=conduit collector=conduit type=conduit series-count=2
time=2026-08-02T15:48:47.156-07:00 level=DEBUG msg="Query returned data" test=archv2-nxm tool=conduit-v2 collector=conduit type=conduit collector=conduit type=conduit name=msg-megabytes-out-per-second[archv2-nxm] series-count=1 last-value=0.5298242568969727
time=2026-08-02T15:48:47.198-07:00 level=DEBUG msg="Inspecting container" model=container-monitor name=benchi-conduit
time=2026-08-02T15:48:47.703-07:00 level=DEBUG msg="Inspecting container" model=container-monitor name=benchi-conduit
time=2026-08-02T15:48:48.154-07:00 level=DEBUG msg="promql query logged" test=archv2-nxm tool=conduit-v2 collector=conduit type=conduit collector=conduit type=conduit params="map[end:2026-08-02T22:48:48.154Z query:rate(conduit_pipeline_execution_duration_seconds_count{pipeline_name=\"archv2-nxm\"}[2s]) start:2026-08-02T22:48:41.153Z step:1]" stats="&{Timings:{EvalTotalTime:8.8458e-05 ResultSortTime:4.59e-07 QueryPreparationTime:4.3666e-05 InnerEvalTime:3.7417e-05 ExecQueueTime:6.209e-06 ExecTotalTime:9.8708e-05} Samples:0x140010d7800}" spanID=0000000000000000
time=2026-08-02T15:48:48.154-07:00 level=DEBUG msg="Query returned data" test=archv2-nxm tool=conduit-v2 collector=conduit type=conduit collector=conduit type=conduit name=msg-rate-per-second[archv2-nxm] series-count=1 last-value=19648
time=2026-08-02T15:48:48.154-07:00 level=DEBUG msg="promql query logged" test=archv2-nxm tool=conduit-v2 collector=conduit type=conduit collector=conduit type=conduit params="map[end:2026-08-02T22:48:48.154Z query:rate(conduit_connector_bytes_sum{pipeline_name=\"archv2-nxm\",type=\"source\"}[2s])/1048576 start:2026-08-02T22:48:41.153Z step:1]" stats="&{Timings:{EvalTotalTime:5.5459e-05 ResultSortTime:1.125e-06 QueryPreparationTime:9.583e-06 InnerEvalTime:3.9417e-05 ExecQueueTime:1.459e-06 ExecTotalTime:5.8958e-05} Samples:0x14000b00390}" spanID=0000000000000000
time=2026-08-02T15:48:48.154-07:00 level=WARN msg="Query returned multiple series, only first will be used" test=archv2-nxm tool=conduit-v2 collector=conduit type=conduit collector=conduit type=conduit series-count=2
time=2026-08-02T15:48:48.154-07:00 level=DEBUG msg="Query returned data" test=archv2-nxm tool=conduit-v2 collector=conduit type=conduit collector=conduit type=conduit name=msg-megabytes-in-per-second[archv2-nxm] series-count=1 last-value=0.27733802795410156
time=2026-08-02T15:48:48.155-07:00 level=DEBUG msg="promql query logged" test=archv2-nxm tool=conduit-v2 collector=conduit type=conduit collector=conduit type=conduit params="map[end:2026-08-02T22:48:48.154Z query:rate(conduit_connector_bytes_sum{pipeline_name=\"archv2-nxm\",type=\"destination\"}[2s])/1048576 start:2026-08-02T22:48:41.153Z step:1]" stats="&{Timings:{EvalTotalTime:5.2958e-05 ResultSortTime:7.5e-07 QueryPreparationTime:9.125e-06 InnerEvalTime:3.9167e-05 ExecQueueTime:1.208e-06 ExecTotalTime:5.65e-05} Samples:0x14000ea35c0}" spanID=0000000000000000
time=2026-08-02T15:48:48.155-07:00 level=WARN msg="Query returned multiple series, only first will be used" test=archv2-nxm tool=conduit-v2 collector=conduit type=conduit collector=conduit type=conduit series-count=2
time=2026-08-02T15:48:48.155-07:00 level=DEBUG msg="Query returned data" test=archv2-nxm tool=conduit-v2 collector=conduit type=conduit collector=conduit type=conduit name=msg-megabytes-out-per-second[archv2-nxm] series-count=1 last-value=0.5554161071777344
time=2026-08-02T15:48:48.212-07:00 level=DEBUG msg="Inspecting container" model=container-monitor name=benchi-conduit
time=2026-08-02T15:48:48.720-07:00 level=DEBUG msg="Inspecting container" model=container-monitor name=benchi-conduit
time=2026-08-02T15:48:49.154-07:00 level=DEBUG msg="promql query logged" test=archv2-nxm tool=conduit-v2 collector=conduit type=conduit collector=conduit type=conduit params="map[end:2026-08-02T22:48:49.154Z query:rate(conduit_pipeline_execution_duration_seconds_count{pipeline_name=\"archv2-nxm\"}[2s]) start:2026-08-02T22:48:41.153Z step:1]" stats="&{Timings:{EvalTotalTime:5.6333e-05 ResultSortTime:5.83e-07 QueryPreparationTime:1.7e-05 InnerEvalTime:3.3417e-05 ExecQueueTime:2.708e-06 ExecTotalTime:6.225e-05} Samples:0x1400064fcb0}" spanID=0000000000000000
time=2026-08-02T15:48:49.154-07:00 level=DEBUG msg="Query returned data" test=archv2-nxm tool=conduit-v2 collector=conduit type=conduit collector=conduit type=conduit name=msg-rate-per-second[archv2-nxm] series-count=1 last-value=17952.095808383234
time=2026-08-02T15:48:49.154-07:00 level=DEBUG msg="promql query logged" test=archv2-nxm tool=conduit-v2 collector=conduit type=conduit collector=conduit type=conduit params="map[end:2026-08-02T22:48:49.154Z query:rate(conduit_connector_bytes_sum{pipeline_name=\"archv2-nxm\",type=\"source\"}[2s])/1048576 start:2026-08-02T22:48:41.153Z step:1]" stats="&{Timings:{EvalTotalTime:6.475e-05 ResultSortTime:1.042e-06 QueryPreparationTime:1.3708e-05 InnerEvalTime:4.3917e-05 ExecQueueTime:1.625e-06 ExecTotalTime:6.8959e-05} Samples:0x14000a1c510}" spanID=0000000000000000
time=2026-08-02T15:48:49.154-07:00 level=WARN msg="Query returned multiple series, only first will be used" test=archv2-nxm tool=conduit-v2 collector=conduit type=conduit collector=conduit type=conduit series-count=2
time=2026-08-02T15:48:49.154-07:00 level=DEBUG msg="Query returned data" test=archv2-nxm tool=conduit-v2 collector=conduit type=conduit collector=conduit type=conduit name=msg-megabytes-in-per-second[archv2-nxm] series-count=1 last-value=0.25363168316686935
time=2026-08-02T15:48:49.154-07:00 level=DEBUG msg="promql query logged" test=archv2-nxm tool=conduit-v2 collector=conduit type=conduit collector=conduit type=conduit params="map[end:2026-08-02T22:48:49.154Z query:rate(conduit_connector_bytes_sum{pipeline_name=\"archv2-nxm\",type=\"destination\"}[2s])/1048576 start:2026-08-02T22:48:41.153Z step:1]" stats="&{Timings:{EvalTotalTime:5.0208e-05 ResultSortTime:7.08e-07 QueryPreparationTime:9.459e-06 InnerEvalTime:3.6208e-05 ExecQueueTime:1.499e-06 ExecTotalTime:5.3833e-05} Samples:0x14001462de0}" spanID=0000000000000000
time=2026-08-02T15:48:49.154-07:00 level=WARN msg="Query returned multiple series, only first will be used" test=archv2-nxm tool=conduit-v2 collector=conduit type=conduit collector=conduit type=conduit series-count=2
time=2026-08-02T15:48:49.154-07:00 level=DEBUG msg="Query returned data" test=archv2-nxm tool=conduit-v2 collector=conduit type=conduit collector=conduit type=conduit name=msg-megabytes-out-per-second[archv2-nxm] series-count=1 last-value=0.5074232638239147
time=2026-08-02T15:48:49.226-07:00 level=DEBUG msg="Inspecting container" model=container-monitor name=benchi-conduit
time=2026-08-02T15:48:49.732-07:00 level=DEBUG msg="Inspecting container" model=container-monitor name=benchi-conduit
time=2026-08-02T15:48:50.155-07:00 level=DEBUG msg="promql query logged" test=archv2-nxm tool=conduit-v2 collector=conduit type=conduit collector=conduit type=conduit params="map[end:2026-08-02T22:48:50.155Z query:rate(conduit_pipeline_execution_duration_seconds_count{pipeline_name=\"archv2-nxm\"}[2s]) start:2026-08-02T22:48:41.153Z step:1]" stats="&{Timings:{EvalTotalTime:5.1333e-05 ResultSortTime:5e-07 QueryPreparationTime:1.5084e-05 InnerEvalTime:3.0667e-05 ExecQueueTime:2.625e-06 ExecTotalTime:5.6666e-05} Samples:0x1400127e4e0}" spanID=0000000000000000
time=2026-08-02T15:48:50.155-07:00 level=DEBUG msg="Query returned data" test=archv2-nxm tool=conduit-v2 collector=conduit type=conduit collector=conduit type=conduit name=msg-rate-per-second[archv2-nxm] series-count=1 last-value=18299.59919839679
time=2026-08-02T15:48:50.155-07:00 level=DEBUG msg="promql query logged" test=archv2-nxm tool=conduit-v2 collector=conduit type=conduit collector=conduit type=conduit params="map[end:2026-08-02T22:48:50.155Z query:rate(conduit_connector_bytes_sum{pipeline_name=\"archv2-nxm\",type=\"source\"}[2s])/1048576 start:2026-08-02T22:48:41.153Z step:1]" stats="&{Timings:{EvalTotalTime:4.8417e-05 ResultSortTime:7.92e-07 QueryPreparationTime:7.625e-06 InnerEvalTime:3.6917e-05 ExecQueueTime:1.208e-06 ExecTotalTime:5.1167e-05} Samples:0x1400127eba0}" spanID=0000000000000000
time=2026-08-02T15:48:50.155-07:00 level=WARN msg="Query returned multiple series, only first will be used" test=archv2-nxm tool=conduit-v2 collector=conduit type=conduit collector=conduit type=conduit series-count=2
time=2026-08-02T15:48:50.155-07:00 level=DEBUG msg="Query returned data" test=archv2-nxm tool=conduit-v2 collector=conduit type=conduit collector=conduit type=conduit name=msg-megabytes-in-per-second[archv2-nxm] series-count=1 last-value=0.2591853629133266
time=2026-08-02T15:48:50.155-07:00 level=DEBUG msg="promql query logged" test=archv2-nxm tool=conduit-v2 collector=conduit type=conduit collector=conduit type=conduit params="map[end:2026-08-02T22:48:50.155Z query:rate(conduit_connector_bytes_sum{pipeline_name=\"archv2-nxm\",type=\"destination\"}[2s])/1048576 start:2026-08-02T22:48:41.153Z step:1]" stats="&{Timings:{EvalTotalTime:5.3292e-05 ResultSortTime:6.66e-07 QueryPreparationTime:8.917e-06 InnerEvalTime:3.8625e-05 ExecQueueTime:1.25e-06 ExecTotalTime:5.6791e-05} Samples:0x1400112a120}" spanID=0000000000000000
time=2026-08-02T15:48:50.155-07:00 level=WARN msg="Query returned multiple series, only first will be used" test=archv2-nxm tool=conduit-v2 collector=conduit type=conduit collector=conduit type=conduit series-count=2
time=2026-08-02T15:48:50.155-07:00 level=DEBUG msg="Query returned data" test=archv2-nxm tool=conduit-v2 collector=conduit type=conduit collector=conduit type=conduit name=msg-megabytes-out-per-second[archv2-nxm] series-count=1 last-value=0.5174504970023054
time=2026-08-02T15:48:50.249-07:00 level=DEBUG msg="Inspecting container" model=container-monitor name=benchi-conduit
time=2026-08-02T15:48:50.756-07:00 level=DEBUG msg="Inspecting container" model=container-monitor name=benchi-conduit
time=2026-08-02T15:48:51.154-07:00 level=INFO msg="Test in progress" test=archv2-nxm tool=conduit-v2 step=test time-left=50s
time=2026-08-02T15:48:51.154-07:00 level=DEBUG msg="promql query logged" test=archv2-nxm tool=conduit-v2 collector=conduit type=conduit collector=conduit type=conduit params="map[end:2026-08-02T22:48:51.154Z query:rate(conduit_pipeline_execution_duration_seconds_count{pipeline_name=\"archv2-nxm\"}[2s]) start:2026-08-02T22:48:41.153Z step:1]" stats="&{Timings:{EvalTotalTime:5.5083e-05 ResultSortTime:5.83e-07 QueryPreparationTime:1.5792e-05 InnerEvalTime:3.3792e-05 ExecQueueTime:2.458e-06 ExecTotalTime:6.0333e-05} Samples:0x14000a1df20}" spanID=0000000000000000
time=2026-08-02T15:48:51.154-07:00 level=DEBUG msg="Query returned data" test=archv2-nxm tool=conduit-v2 collector=conduit type=conduit collector=conduit type=conduit name=msg-rate-per-second[archv2-nxm] series-count=1 last-value=19410
time=2026-08-02T15:48:51.154-07:00 level=DEBUG msg="promql query logged" test=archv2-nxm tool=conduit-v2 collector=conduit type=conduit collector=conduit type=conduit params="map[end:2026-08-02T22:48:51.154Z query:rate(conduit_connector_bytes_sum{pipeline_name=\"archv2-nxm\",type=\"source\"}[2s])/1048576 start:2026-08-02T22:48:41.153Z step:1]" stats="&{Timings:{EvalTotalTime:8.825e-05 ResultSortTime:9.59e-07 QueryPreparationTime:1.9708e-05 InnerEvalTime:6.2875e-05 ExecQueueTime:1.292e-06 ExecTotalTime:9.2208e-05} Samples:0x140012461b0}" spanID=0000000000000000
time=2026-08-02T15:48:51.154-07:00 level=WARN msg="Query returned multiple series, only first will be used" test=archv2-nxm tool=conduit-v2 collector=conduit type=conduit collector=conduit type=conduit series-count=2
time=2026-08-02T15:48:51.154-07:00 level=DEBUG msg="Query returned data" test=archv2-nxm tool=conduit-v2 collector=conduit type=conduit collector=conduit type=conduit name=msg-megabytes-in-per-second[archv2-nxm] series-count=1 last-value=0.27355098724365234
time=2026-08-02T15:48:51.154-07:00 level=DEBUG msg="promql query logged" test=archv2-nxm tool=conduit-v2 collector=conduit type=conduit collector=conduit type=conduit params="map[end:2026-08-02T22:48:51.154Z query:rate(conduit_connector_bytes_sum{pipeline_name=\"archv2-nxm\",type=\"destination\"}[2s])/1048576 start:2026-08-02T22:48:41.153Z step:1]" stats="&{Timings:{EvalTotalTime:5.0375e-05 ResultSortTime:5.42e-07 QueryPreparationTime:1.125e-05 InnerEvalTime:3.5167e-05 ExecQueueTime:1.292e-06 ExecTotalTime:5.3542e-05} Samples:0x14001246d50}" spanID=0000000000000000
time=2026-08-02T15:48:51.154-07:00 level=WARN msg="Query returned multiple series, only first will be used" test=archv2-nxm tool=conduit-v2 collector=conduit type=conduit collector=conduit type=conduit series-count=2
time=2026-08-02T15:48:51.154-07:00 level=DEBUG msg="Query returned data" test=archv2-nxm tool=conduit-v2 collector=conduit type=conduit collector=conduit type=conduit name=msg-megabytes-out-per-second[archv2-nxm] series-count=1 last-value=0.5477867126464844
time=2026-08-02T15:48:51.266-07:00 level=DEBUG msg="Inspecting container" model=container-monitor name=benchi-conduit
time=2026-08-02T15:48:51.771-07:00 level=DEBUG msg="Inspecting container" model=container-monitor name=benchi-conduit
time=2026-08-02T15:48:52.154-07:00 level=DEBUG msg="promql query logged" test=archv2-nxm tool=conduit-v2 collector=conduit type=conduit collector=conduit type=conduit params="map[end:2026-08-02T22:48:52.154Z query:rate(conduit_pipeline_execution_duration_seconds_count{pipeline_name=\"archv2-nxm\"}[2s]) start:2026-08-02T22:48:41.153Z step:1]" stats="&{Timings:{EvalTotalTime:0.0001065 ResultSortTime:6.67e-07 QueryPreparationTime:4.8083e-05 InnerEvalTime:4.775e-05 ExecQueueTime:2.459e-06 ExecTotalTime:0.000112291} Samples:0x14001358ed0}" spanID=0000000000000000
time=2026-08-02T15:48:52.155-07:00 level=DEBUG msg="Query returned data" test=archv2-nxm tool=conduit-v2 collector=conduit type=conduit collector=conduit type=conduit name=msg-rate-per-second[archv2-nxm] series-count=1 last-value=20419
time=2026-08-02T15:48:52.155-07:00 level=DEBUG msg="promql query logged" test=archv2-nxm tool=conduit-v2 collector=conduit type=conduit collector=conduit type=conduit params="map[end:2026-08-02T22:48:52.155Z query:rate(conduit_connector_bytes_sum{pipeline_name=\"archv2-nxm\",type=\"source\"}[2s])/1048576 start:2026-08-02T22:48:41.153Z step:1]" stats="&{Timings:{EvalTotalTime:4.4333e-05 ResultSortTime:8.34e-07 QueryPreparationTime:8.25e-06 InnerEvalTime:3.2375e-05 ExecQueueTime:1.584e-06 ExecTotalTime:4.6958e-05} Samples:0x14001359590}" spanID=0000000000000000
time=2026-08-02T15:48:52.155-07:00 level=WARN msg="Query returned multiple series, only first will be used" test=archv2-nxm tool=conduit-v2 collector=conduit type=conduit collector=conduit type=conduit series-count=2
time=2026-08-02T15:48:52.155-07:00 level=DEBUG msg="Query returned data" test=archv2-nxm tool=conduit-v2 collector=conduit type=conduit collector=conduit type=conduit name=msg-megabytes-in-per-second[archv2-nxm] series-count=1 last-value=0.2887458801269531
time=2026-08-02T15:48:52.155-07:00 level=DEBUG msg="promql query logged" test=archv2-nxm tool=conduit-v2 collector=conduit type=conduit collector=conduit type=conduit params="map[end:2026-08-02T22:48:52.155Z query:rate(conduit_connector_bytes_sum{pipeline_name=\"archv2-nxm\",type=\"destination\"}[2s])/1048576 start:2026-08-02T22:48:41.153Z step:1]" stats="&{Timings:{EvalTotalTime:6.1e-05 ResultSortTime:7.5e-07 QueryPreparationTime:1.1666e-05 InnerEvalTime:4.3875e-05 ExecQueueTime:1.834e-06 ExecTotalTime:6.575e-05} Samples:0x1400144e270}" spanID=0000000000000000
time=2026-08-02T15:48:52.155-07:00 level=WARN msg="Query returned multiple series, only first will be used" test=archv2-nxm tool=conduit-v2 collector=conduit type=conduit collector=conduit type=conduit series-count=2
time=2026-08-02T15:48:52.155-07:00 level=DEBUG msg="Query returned data" test=archv2-nxm tool=conduit-v2 collector=conduit type=conduit collector=conduit type=conduit name=msg-megabytes-out-per-second[archv2-nxm] series-count=1 last-value=0.577392578125
time=2026-08-02T15:48:52.281-07:00 level=DEBUG msg="Inspecting container" model=container-monitor name=benchi-conduit
time=2026-08-02T15:48:52.795-07:00 level=DEBUG msg="Inspecting container" model=container-monitor name=benchi-conduit
time=2026-08-02T15:48:53.154-07:00 level=DEBUG msg="promql query logged" test=archv2-nxm tool=conduit-v2 collector=conduit type=conduit collector=conduit type=conduit params="map[end:2026-08-02T22:48:53.154Z query:rate(conduit_pipeline_execution_duration_seconds_count{pipeline_name=\"archv2-nxm\"}[2s]) start:2026-08-02T22:48:41.153Z step:1]" stats="&{Timings:{EvalTotalTime:5.9458e-05 ResultSortTime:3.34e-07 QueryPreparationTime:2.45e-05 InnerEvalTime:2.8417e-05 ExecQueueTime:2.375e-06 ExecTotalTime:6.4417e-05} Samples:0x140013c6c00}" spanID=0000000000000000
time=2026-08-02T15:48:53.154-07:00 level=DEBUG msg="Query returned data" test=archv2-nxm tool=conduit-v2 collector=conduit type=conduit collector=conduit type=conduit name=msg-rate-per-second[archv2-nxm] series-count=1 last-value=19321
time=2026-08-02T15:48:53.154-07:00 level=DEBUG msg="promql query logged" test=archv2-nxm tool=conduit-v2 collector=conduit type=conduit collector=conduit type=conduit params="map[end:2026-08-02T22:48:53.154Z query:rate(conduit_connector_bytes_sum{pipeline_name=\"archv2-nxm\",type=\"source\"}[2s])/1048576 start:2026-08-02T22:48:41.153Z step:1]" stats="&{Timings:{EvalTotalTime:7.8875e-05 ResultSortTime:1.042e-06 QueryPreparationTime:9.084e-06 InnerEvalTime:6.425e-05 ExecQueueTime:1.25e-06 ExecTotalTime:8.2208e-05} Samples:0x140013c72c0}" spanID=0000000000000000
time=2026-08-02T15:48:53.154-07:00 level=WARN msg="Query returned multiple series, only first will be used" test=archv2-nxm tool=conduit-v2 collector=conduit type=conduit collector=conduit type=conduit series-count=2
time=2026-08-02T15:48:53.154-07:00 level=DEBUG msg="Query returned data" test=archv2-nxm tool=conduit-v2 collector=conduit type=conduit collector=conduit type=conduit name=msg-megabytes-in-per-second[archv2-nxm] series-count=1 last-value=0.27176666259765625
time=2026-08-02T15:48:53.155-07:00 level=DEBUG msg="promql query logged" test=archv2-nxm tool=conduit-v2 collector=conduit type=conduit collector=conduit type=conduit params="map[end:2026-08-02T22:48:53.155Z query:rate(conduit_connector_bytes_sum{pipeline_name=\"archv2-nxm\",type=\"destination\"}[2s])/1048576 start:2026-08-02T22:48:41.153Z step:1]" stats="&{Timings:{EvalTotalTime:6.5334e-05 ResultSortTime:6.67e-07 QueryPreparationTime:1e-05 InnerEvalTime:5.0416e-05 ExecQueueTime:1.375e-06 ExecTotalTime:6.9167e-05} Samples:0x140013c7d70}" spanID=0000000000000000
time=2026-08-02T15:48:53.155-07:00 level=WARN msg="Query returned multiple series, only first will be used" test=archv2-nxm tool=conduit-v2 collector=conduit type=conduit collector=conduit type=conduit series-count=2
time=2026-08-02T15:48:53.155-07:00 level=DEBUG msg="Query returned data" test=archv2-nxm tool=conduit-v2 collector=conduit type=conduit collector=conduit type=conduit name=msg-megabytes-out-per-second[archv2-nxm] series-count=1 last-value=0.5460386276245117
time=2026-08-02T15:48:53.301-07:00 level=DEBUG msg="Inspecting container" model=container-monitor name=benchi-conduit
time=2026-08-02T15:48:53.806-07:00 level=DEBUG msg="Inspecting container" model=container-monitor name=benchi-conduit
time=2026-08-02T15:48:54.155-07:00 level=DEBUG msg="promql query logged" test=archv2-nxm tool=conduit-v2 collector=conduit type=conduit collector=conduit type=conduit params="map[end:2026-08-02T22:48:54.155Z query:rate(conduit_pipeline_execution_duration_seconds_count{pipeline_name=\"archv2-nxm\"}[2s]) start:2026-08-02T22:48:41.153Z step:1]" stats="&{Timings:{EvalTotalTime:5.3834e-05 ResultSortTime:3.33e-07 QueryPreparationTime:1.6417e-05 InnerEvalTime:3.1958e-05 ExecQueueTime:2.542e-06 ExecTotalTime:5.875e-05} Samples:0x14001560d50}" spanID=0000000000000000
time=2026-08-02T15:48:54.155-07:00 level=DEBUG msg="Query returned data" test=archv2-nxm tool=conduit-v2 collector=conduit type=conduit collector=conduit type=conduit name=msg-rate-per-second[archv2-nxm] series-count=1 last-value=21027
time=2026-08-02T15:48:54.155-07:00 level=DEBUG msg="promql query logged" test=archv2-nxm tool=conduit-v2 collector=conduit type=conduit collector=conduit type=conduit params="map[end:2026-08-02T22:48:54.155Z query:rate(conduit_connector_bytes_sum{pipeline_name=\"archv2-nxm\",type=\"source\"}[2s])/1048576 start:2026-08-02T22:48:41.153Z step:1]" stats="&{Timings:{EvalTotalTime:5.4875e-05 ResultSortTime:9.17e-07 QueryPreparationTime:7.5e-06 InnerEvalTime:4.3166e-05 ExecQueueTime:1.041e-06 ExecTotalTime:5.7667e-05} Samples:0x14001561410}" spanID=0000000000000000
time=2026-08-02T15:48:54.155-07:00 level=WARN msg="Query returned multiple series, only first will be used" test=archv2-nxm tool=conduit-v2 collector=conduit type=conduit collector=conduit type=conduit series-count=2
time=2026-08-02T15:48:54.155-07:00 level=DEBUG msg="Query returned data" test=archv2-nxm tool=conduit-v2 collector=conduit type=conduit collector=conduit type=conduit name=msg-megabytes-in-per-second[archv2-nxm] series-count=1 last-value=0.2965116500854492
time=2026-08-02T15:48:54.155-07:00 level=DEBUG msg="promql query logged" test=archv2-nxm tool=conduit-v2 collector=conduit type=conduit collector=conduit type=conduit params="map[end:2026-08-02T22:48:54.155Z query:rate(conduit_connector_bytes_sum{pipeline_name=\"archv2-nxm\",type=\"destination\"}[2s])/1048576 start:2026-08-02T22:48:41.153Z step:1]" stats="&{Timings:{EvalTotalTime:4.3e-05 ResultSortTime:4.17e-07 QueryPreparationTime:6.459e-06 InnerEvalTime:3.3125e-05 ExecQueueTime:7.91e-07 ExecTotalTime:4.5584e-05} Samples:0x14001561ef0}" spanID=0000000000000000
time=2026-08-02T15:48:54.155-07:00 level=WARN msg="Query returned multiple series, only first will be used" test=archv2-nxm tool=conduit-v2 collector=conduit type=conduit collector=conduit type=conduit series-count=2
time=2026-08-02T15:48:54.156-07:00 level=DEBUG msg="Query returned data" test=archv2-nxm tool=conduit-v2 collector=conduit type=conduit collector=conduit type=conduit name=msg-megabytes-out-per-second[archv2-nxm] series-count=1 last-value=0.5944986343383789
time=2026-08-02T15:48:54.315-07:00 level=DEBUG msg="Inspecting container" model=container-monitor name=benchi-conduit
time=2026-08-02T15:48:54.819-07:00 level=DEBUG msg="Inspecting container" model=container-monitor name=benchi-conduit
time=2026-08-02T15:48:55.155-07:00 level=DEBUG msg="promql query logged" test=archv2-nxm tool=conduit-v2 collector=conduit type=conduit collector=conduit type=conduit params="map[end:2026-08-02T22:48:55.155Z query:rate(conduit_pipeline_execution_duration_seconds_count{pipeline_name=\"archv2-nxm\"}[2s]) start:2026-08-02T22:48:41.153Z step:1]" stats="&{Timings:{EvalTotalTime:5.0875e-05 ResultSortTime:5.41e-07 QueryPreparationTime:1.45e-05 InnerEvalTime:3.1125e-05 ExecQueueTime:3.167e-06 ExecTotalTime:5.65e-05} Samples:0x140017bc510}" spanID=0000000000000000
time=2026-08-02T15:48:55.155-07:00 level=DEBUG msg="Query returned data" test=archv2-nxm tool=conduit-v2 collector=conduit type=conduit collector=conduit type=conduit name=msg-rate-per-second[archv2-nxm] series-count=1 last-value=19947
time=2026-08-02T15:48:55.155-07:00 level=DEBUG msg="promql query logged" test=archv2-nxm tool=conduit-v2 collector=conduit type=conduit collector=conduit type=conduit params="map[end:2026-08-02T22:48:55.155Z query:rate(conduit_connector_bytes_sum{pipeline_name=\"archv2-nxm\",type=\"source\"}[2s])/1048576 start:2026-08-02T22:48:41.153Z step:1]" stats="&{Timings:{EvalTotalTime:0.000103416 ResultSortTime:7.91e-07 QueryPreparationTime:6.625e-06 InnerEvalTime:9.225e-05 ExecQueueTime:7.5e-07 ExecTotalTime:0.000105792} Samples:0x140017bcc90}" spanID=0000000000000000
time=2026-08-02T15:48:55.155-07:00 level=WARN msg="Query returned multiple series, only first will be used" test=archv2-nxm tool=conduit-v2 collector=conduit type=conduit collector=conduit type=conduit series-count=2
time=2026-08-02T15:48:55.155-07:00 level=DEBUG msg="Query returned data" test=archv2-nxm tool=conduit-v2 collector=conduit type=conduit collector=conduit type=conduit name=msg-megabytes-in-per-second[archv2-nxm] series-count=1 last-value=0.28095245361328125
time=2026-08-02T15:48:55.155-07:00 level=DEBUG msg="promql query logged" test=archv2-nxm tool=conduit-v2 collector=conduit type=conduit collector=conduit type=conduit params="map[end:2026-08-02T22:48:55.155Z query:rate(conduit_connector_bytes_sum{pipeline_name=\"archv2-nxm\",type=\"destination\"}[2s])/1048576 start:2026-08-02T22:48:41.153Z step:1]" stats="&{Timings:{EvalTotalTime:5.5334e-05 ResultSortTime:5.41e-07 QueryPreparationTime:9.167e-06 InnerEvalTime:4.2125e-05 ExecQueueTime:1.166e-06 ExecTotalTime:5.8791e-05} Samples:0x140014ecba0}" spanID=0000000000000000
time=2026-08-02T15:48:55.155-07:00 level=WARN msg="Query returned multiple series, only first will be used" test=archv2-nxm tool=conduit-v2 collector=conduit type=conduit collector=conduit type=conduit series-count=2
time=2026-08-02T15:48:55.155-07:00 level=DEBUG msg="Query returned data" test=archv2-nxm tool=conduit-v2 collector=conduit type=conduit collector=conduit type=conduit name=msg-megabytes-out-per-second[archv2-nxm] series-count=1 last-value=0.5631294250488281
time=2026-08-02T15:48:55.327-07:00 level=DEBUG msg="Inspecting container" model=container-monitor name=benchi-conduit
time=2026-08-02T15:48:55.832-07:00 level=DEBUG msg="Inspecting container" model=container-monitor name=benchi-conduit
time=2026-08-02T15:48:56.154-07:00 level=INFO msg="Test in progress" test=archv2-nxm tool=conduit-v2 step=test time-left=45s
time=2026-08-02T15:48:56.155-07:00 level=DEBUG msg="promql query logged" test=archv2-nxm tool=conduit-v2 collector=conduit type=conduit collector=conduit type=conduit params="map[end:2026-08-02T22:48:56.155Z query:rate(conduit_pipeline_execution_duration_seconds_count{pipeline_name=\"archv2-nxm\"}[2s]) start:2026-08-02T22:48:41.153Z step:1]" stats="&{Timings:{EvalTotalTime:7.2584e-05 ResultSortTime:8.75e-07 QueryPreparationTime:2.1583e-05 InnerEvalTime:4.3333e-05 ExecQueueTime:3.584e-06 ExecTotalTime:8e-05} Samples:0x14001865c50}" spanID=0000000000000000
time=2026-08-02T15:48:56.155-07:00 level=DEBUG msg="Query returned data" test=archv2-nxm tool=conduit-v2 collector=conduit type=conduit collector=conduit type=conduit name=msg-rate-per-second[archv2-nxm] series-count=1 last-value=19985.04486540379
time=2026-08-02T15:48:56.156-07:00 level=DEBUG msg="promql query logged" test=archv2-nxm tool=conduit-v2 collector=conduit type=conduit collector=conduit type=conduit params="map[end:2026-08-02T22:48:56.155Z query:rate(conduit_connector_bytes_sum{pipeline_name=\"archv2-nxm\",type=\"source\"}[2s])/1048576 start:2026-08-02T22:48:41.153Z step:1]" stats="&{Timings:{EvalTotalTime:0.000163 ResultSortTime:2.167e-06 QueryPreparationTime:2.3625e-05 InnerEvalTime:0.000129625 ExecQueueTime:2.999e-06 ExecTotalTime:0.000174625} Samples:0x1400182e3c0}" spanID=0000000000000000
time=2026-08-02T15:48:56.156-07:00 level=WARN msg="Query returned multiple series, only first will be used" test=archv2-nxm tool=conduit-v2 collector=conduit type=conduit collector=conduit type=conduit series-count=2
time=2026-08-02T15:48:56.156-07:00 level=DEBUG msg="Query returned data" test=archv2-nxm tool=conduit-v2 collector=conduit type=conduit collector=conduit type=conduit name=msg-megabytes-in-per-second[archv2-nxm] series-count=1 last-value=0.2817009405742733
time=2026-08-02T15:48:56.156-07:00 level=DEBUG msg="promql query logged" test=archv2-nxm tool=conduit-v2 collector=conduit type=conduit collector=conduit type=conduit params="map[end:2026-08-02T22:48:56.156Z query:rate(conduit_connector_bytes_sum{pipeline_name=\"archv2-nxm\",type=\"destination\"}[2s])/1048576 start:2026-08-02T22:48:41.153Z step:1]" stats="&{Timings:{EvalTotalTime:0.0001045 ResultSortTime:9.58e-07 QueryPreparationTime:1.7917e-05 InnerEvalTime:7.8875e-05 ExecQueueTime:1.625e-06 ExecTotalTime:0.000109917} Samples:0x14000b0e390}" spanID=0000000000000000
time=2026-08-02T15:48:56.156-07:00 level=WARN msg="Query returned multiple series, only first will be used" test=archv2-nxm tool=conduit-v2 collector=conduit type=conduit collector=conduit type=conduit series-count=2
time=2026-08-02T15:48:56.157-07:00 level=DEBUG msg="Query returned data" test=archv2-nxm tool=conduit-v2 collector=conduit type=conduit collector=conduit type=conduit name=msg-megabytes-out-per-second[archv2-nxm] series-count=1 last-value=0.565790345637891
time=2026-08-02T15:48:56.344-07:00 level=DEBUG msg="Inspecting container" model=container-monitor name=benchi-conduit
time=2026-08-02T15:48:56.851-07:00 level=DEBUG msg="Inspecting container" model=container-monitor name=benchi-conduit
time=2026-08-02T15:48:57.154-07:00 level=DEBUG msg="promql query logged" test=archv2-nxm tool=conduit-v2 collector=conduit type=conduit collector=conduit type=conduit params="map[end:2026-08-02T22:48:57.154Z query:rate(conduit_pipeline_execution_duration_seconds_count{pipeline_name=\"archv2-nxm\"}[2s]) start:2026-08-02T22:48:41.153Z step:1]" stats="&{Timings:{EvalTotalTime:5.2416e-05 ResultSortTime:2.91e-07 QueryPreparationTime:1.5542e-05 InnerEvalTime:2.9833e-05 ExecQueueTime:2.458e-06 ExecTotalTime:5.75e-05} Samples:0x140017c03c0}" spanID=0000000000000000
time=2026-08-02T15:48:57.154-07:00 level=DEBUG msg="Query returned data" test=archv2-nxm tool=conduit-v2 collector=conduit type=conduit collector=conduit type=conduit name=msg-rate-per-second[archv2-nxm] series-count=1 last-value=17848.54563691073
time=2026-08-02T15:48:57.154-07:00 level=DEBUG msg="promql query logged" test=archv2-nxm tool=conduit-v2 collector=conduit type=conduit collector=conduit type=conduit params="map[end:2026-08-02T22:48:57.154Z query:rate(conduit_connector_bytes_sum{pipeline_name=\"archv2-nxm\",type=\"source\"}[2s])/1048576 start:2026-08-02T22:48:41.153Z step:1]" stats="&{Timings:{EvalTotalTime:5.7708e-05 ResultSortTime:9.17e-07 QueryPreparationTime:7.333e-06 InnerEvalTime:4.6334e-05 ExecQueueTime:8.75e-07 ExecTotalTime:6.0542e-05} Samples:0x140017c0a80}" spanID=0000000000000000
time=2026-08-02T15:48:57.154-07:00 level=WARN msg="Query returned multiple series, only first will be used" test=archv2-nxm tool=conduit-v2 collector=conduit type=conduit collector=conduit type=conduit series-count=2
time=2026-08-02T15:48:57.154-07:00 level=DEBUG msg="Query returned data" test=archv2-nxm tool=conduit-v2 collector=conduit type=conduit collector=conduit type=conduit name=msg-megabytes-in-per-second[archv2-nxm] series-count=1 last-value=0.25036772610311403
time=2026-08-02T15:48:57.154-07:00 level=DEBUG msg="promql query logged" test=archv2-nxm tool=conduit-v2 collector=conduit type=conduit collector=conduit type=conduit params="map[end:2026-08-02T22:48:57.154Z query:rate(conduit_connector_bytes_sum{pipeline_name=\"archv2-nxm\",type=\"destination\"}[2s])/1048576 start:2026-08-02T22:48:41.153Z step:1]" stats="&{Timings:{EvalTotalTime:5.7875e-05 ResultSortTime:5.41e-07 QueryPreparationTime:9.708e-06 InnerEvalTime:4.2958e-05 ExecQueueTime:1.084e-06 ExecTotalTime:6.1375e-05} Samples:0x14000a823c0}" spanID=0000000000000000
time=2026-08-02T15:48:57.154-07:00 level=WARN msg="Query returned multiple series, only first will be used" test=archv2-nxm tool=conduit-v2 collector=conduit type=conduit collector=conduit type=conduit series-count=2
time=2026-08-02T15:48:57.154-07:00 level=DEBUG msg="Query returned data" test=archv2-nxm tool=conduit-v2 collector=conduit type=conduit collector=conduit type=conduit name=msg-megabytes-out-per-second[archv2-nxm] series-count=1 last-value=0.5042000543867932
time=2026-08-02T15:48:57.363-07:00 level=DEBUG msg="Inspecting container" model=container-monitor name=benchi-conduit
time=2026-08-02T15:48:57.870-07:00 level=DEBUG msg="Inspecting container" model=container-monitor name=benchi-conduit
time=2026-08-02T15:48:58.154-07:00 level=DEBUG msg="promql query logged" test=archv2-nxm tool=conduit-v2 collector=conduit type=conduit collector=conduit type=conduit params="map[end:2026-08-02T22:48:58.154Z query:rate(conduit_pipeline_execution_duration_seconds_count{pipeline_name=\"archv2-nxm\"}[2s]) start:2026-08-02T22:48:41.153Z step:1]" stats="&{Timings:{EvalTotalTime:5.0583e-05 ResultSortTime:5e-07 QueryPreparationTime:1.3709e-05 InnerEvalTime:3.1541e-05 ExecQueueTime:2.416e-06 ExecTotalTime:5.525e-05} Samples:0x14000ae48d0}" spanID=0000000000000000
time=2026-08-02T15:48:58.155-07:00 level=DEBUG msg="Query returned data" test=archv2-nxm tool=conduit-v2 collector=conduit type=conduit collector=conduit type=conduit name=msg-rate-per-second[archv2-nxm] series-count=1 last-value=18178
time=2026-08-02T15:48:58.155-07:00 level=DEBUG msg="promql query logged" test=archv2-nxm tool=conduit-v2 collector=conduit type=conduit collector=conduit type=conduit params="map[end:2026-08-02T22:48:58.155Z query:rate(conduit_connector_bytes_sum{pipeline_name=\"archv2-nxm\",type=\"source\"}[2s])/1048576 start:2026-08-02T22:48:41.153Z step:1]" stats="&{Timings:{EvalTotalTime:4.5125e-05 ResultSortTime:7.5e-07 QueryPreparationTime:7.875e-06 InnerEvalTime:3.3958e-05 ExecQueueTime:1.501e-06 ExecTotalTime:4.775e-05} Samples:0x14000ae4f90}" spanID=0000000000000000
time=2026-08-02T15:48:58.155-07:00 level=WARN msg="Query returned multiple series, only first will be used" test=archv2-nxm tool=conduit-v2 collector=conduit type=conduit collector=conduit type=conduit series-count=2
time=2026-08-02T15:48:58.155-07:00 level=DEBUG msg="Query returned data" test=archv2-nxm tool=conduit-v2 collector=conduit type=conduit collector=conduit type=conduit name=msg-megabytes-in-per-second[archv2-nxm] series-count=1 last-value=0.25494384765625
time=2026-08-02T15:48:58.155-07:00 level=DEBUG msg="promql query logged" test=archv2-nxm tool=conduit-v2 collector=conduit type=conduit collector=conduit type=conduit params="map[end:2026-08-02T22:48:58.155Z query:rate(conduit_connector_bytes_sum{pipeline_name=\"archv2-nxm\",type=\"destination\"}[2s])/1048576 start:2026-08-02T22:48:41.153Z step:1]" stats="&{Timings:{EvalTotalTime:6.6042e-05 ResultSortTime:6.67e-07 QueryPreparationTime:1.125e-05 InnerEvalTime:4.9625e-05 ExecQueueTime:2e-06 ExecTotalTime:6.9917e-05} Samples:0x1400100a870}" spanID=0000000000000000
time=2026-08-02T15:48:58.155-07:00 level=WARN msg="Query returned multiple series, only first will be used" test=archv2-nxm tool=conduit-v2 collector=conduit type=conduit collector=conduit type=conduit series-count=2
time=2026-08-02T15:48:58.155-07:00 level=DEBUG msg="Query returned data" test=archv2-nxm tool=conduit-v2 collector=conduit type=conduit collector=conduit type=conduit name=msg-megabytes-out-per-second[archv2-nxm] series-count=1 last-value=0.5127668380737305
time=2026-08-02T15:48:58.377-07:00 level=DEBUG msg="Inspecting container" model=container-monitor name=benchi-conduit
time=2026-08-02T15:48:58.882-07:00 level=DEBUG msg="Inspecting container" model=container-monitor name=benchi-conduit
time=2026-08-02T15:48:59.154-07:00 level=DEBUG msg="promql query logged" test=archv2-nxm tool=conduit-v2 collector=conduit type=conduit collector=conduit type=conduit params="map[end:2026-08-02T22:48:59.153Z query:rate(conduit_pipeline_execution_duration_seconds_count{pipeline_name=\"archv2-nxm\"}[2s]) start:2026-08-02T22:48:41.153Z step:1]" stats="&{Timings:{EvalTotalTime:8.6167e-05 ResultSortTime:1.041e-06 QueryPreparationTime:2.4958e-05 InnerEvalTime:5.2416e-05 ExecQueueTime:4.5e-06 ExecTotalTime:9.4417e-05} Samples:0x1400100bb60}" spanID=0000000000000000
time=2026-08-02T15:48:59.154-07:00 level=DEBUG msg="Query returned data" test=archv2-nxm tool=conduit-v2 collector=conduit type=conduit collector=conduit type=conduit name=msg-rate-per-second[archv2-nxm] series-count=1 last-value=19201
time=2026-08-02T15:48:59.154-07:00 level=DEBUG msg="promql query logged" test=archv2-nxm tool=conduit-v2 collector=conduit type=conduit collector=conduit type=conduit params="map[end:2026-08-02T22:48:59.154Z query:rate(conduit_connector_bytes_sum{pipeline_name=\"archv2-nxm\",type=\"source\"}[2s])/1048576 start:2026-08-02T22:48:41.153Z step:1]" stats="&{Timings:{EvalTotalTime:0.000100917 ResultSortTime:1.958e-06 QueryPreparationTime:1.7834e-05 InnerEvalTime:7.3417e-05 ExecQueueTime:2.625e-06 ExecTotalTime:0.00010675} Samples:0x14000ea2ba0}" spanID=0000000000000000
time=2026-08-02T15:48:59.154-07:00 level=WARN msg="Query returned multiple series, only first will be used" test=archv2-nxm tool=conduit-v2 collector=conduit type=conduit collector=conduit type=conduit series-count=2
time=2026-08-02T15:48:59.154-07:00 level=DEBUG msg="Query returned data" test=archv2-nxm tool=conduit-v2 collector=conduit type=conduit collector=conduit type=conduit name=msg-megabytes-in-per-second[archv2-nxm] series-count=1 last-value=0.2731342315673828
time=2026-08-02T15:48:59.155-07:00 level=DEBUG msg="promql query logged" test=archv2-nxm tool=conduit-v2 collector=conduit type=conduit collector=conduit type=conduit params="map[end:2026-08-02T22:48:59.154Z query:rate(conduit_connector_bytes_sum{pipeline_name=\"archv2-nxm\",type=\"destination\"}[2s])/1048576 start:2026-08-02T22:48:41.153Z step:1]" stats="&{Timings:{EvalTotalTime:0.00086075 ResultSortTime:2e-06 QueryPreparationTime:1.4125e-05 InnerEvalTime:0.000835333 ExecQueueTime:1.791e-06 ExecTotalTime:0.000868917} Samples:0x14000f631a0}" spanID=0000000000000000
time=2026-08-02T15:48:59.156-07:00 level=WARN msg="Query returned multiple series, only first will be used" test=archv2-nxm tool=conduit-v2 collector=conduit type=conduit collector=conduit type=conduit series-count=2
time=2026-08-02T15:48:59.156-07:00 level=DEBUG msg="Query returned data" test=archv2-nxm tool=conduit-v2 collector=conduit type=conduit collector=conduit type=conduit name=msg-megabytes-out-per-second[archv2-nxm] series-count=1 last-value=0.5427656173706055
time=2026-08-02T15:48:59.400-07:00 level=DEBUG msg="Inspecting container" model=container-monitor name=benchi-conduit
time=2026-08-02T15:48:59.904-07:00 level=DEBUG msg="Inspecting container" model=container-monitor name=benchi-conduit
time=2026-08-02T15:49:00.154-07:00 level=DEBUG msg="promql query logged" test=archv2-nxm tool=conduit-v2 collector=conduit type=conduit collector=conduit type=conduit params="map[end:2026-08-02T22:49:00.154Z query:rate(conduit_pipeline_execution_duration_seconds_count{pipeline_name=\"archv2-nxm\"}[2s]) start:2026-08-02T22:48:41.153Z step:1]" stats="&{Timings:{EvalTotalTime:5.2083e-05 ResultSortTime:5e-07 QueryPreparationTime:1.4583e-05 InnerEvalTime:3.225e-05 ExecQueueTime:2.292e-06 ExecTotalTime:5.6958e-05} Samples:0x14000b007e0}" spanID=0000000000000000
time=2026-08-02T15:49:00.154-07:00 level=DEBUG msg="Query returned data" test=archv2-nxm tool=conduit-v2 collector=conduit type=conduit collector=conduit type=conduit name=msg-rate-per-second[archv2-nxm] series-count=1 last-value=18377
time=2026-08-02T15:49:00.154-07:00 level=DEBUG msg="promql query logged" test=archv2-nxm tool=conduit-v2 collector=conduit type=conduit collector=conduit type=conduit params="map[end:2026-08-02T22:49:00.154Z query:rate(conduit_connector_bytes_sum{pipeline_name=\"archv2-nxm\",type=\"source\"}[2s])/1048576 start:2026-08-02T22:48:41.153Z step:1]" stats="&{Timings:{EvalTotalTime:5.7542e-05 ResultSortTime:6.67e-07 QueryPreparationTime:6.667e-06 InnerEvalTime:4.5791e-05 ExecQueueTime:9.17e-07 ExecTotalTime:6.0583e-05} Samples:0x14000b00ea0}" spanID=0000000000000000
time=2026-08-02T15:49:00.154-07:00 level=WARN msg="Query returned multiple series, only first will be used" test=archv2-nxm tool=conduit-v2 collector=conduit type=conduit collector=conduit type=conduit series-count=2
time=2026-08-02T15:49:00.154-07:00 level=DEBUG msg="Query returned data" test=archv2-nxm tool=conduit-v2 collector=conduit type=conduit collector=conduit type=conduit name=msg-megabytes-in-per-second[archv2-nxm] series-count=1 last-value=0.2581348419189453
time=2026-08-02T15:49:00.154-07:00 level=DEBUG msg="promql query logged" test=archv2-nxm tool=conduit-v2 collector=conduit type=conduit collector=conduit type=conduit params="map[end:2026-08-02T22:49:00.154Z query:rate(conduit_connector_bytes_sum{pipeline_name=\"archv2-nxm\",type=\"destination\"}[2s])/1048576 start:2026-08-02T22:48:41.153Z step:1]" stats="&{Timings:{EvalTotalTime:5.6792e-05 ResultSortTime:4.58e-07 QueryPreparationTime:8.916e-06 InnerEvalTime:4.3917e-05 ExecQueueTime:1.166e-06 ExecTotalTime:5.9667e-05} Samples:0x140014624e0}" spanID=0000000000000000
time=2026-08-02T15:49:00.154-07:00 level=WARN msg="Query returned multiple series, only first will be used" test=archv2-nxm tool=conduit-v2 collector=conduit type=conduit collector=conduit type=conduit series-count=2
time=2026-08-02T15:49:00.155-07:00 level=DEBUG msg="Query returned data" test=archv2-nxm tool=conduit-v2 collector=conduit type=conduit collector=conduit type=conduit name=msg-megabytes-out-per-second[archv2-nxm] series-count=1 last-value=0.5186367034912109
time=2026-08-02T15:49:00.423-07:00 level=DEBUG msg="Inspecting container" model=container-monitor name=benchi-conduit
time=2026-08-02T15:49:00.931-07:00 level=DEBUG msg="Inspecting container" model=container-monitor name=benchi-conduit
time=2026-08-02T15:49:01.155-07:00 level=INFO msg="Test in progress" test=archv2-nxm tool=conduit-v2 step=test time-left=40s
time=2026-08-02T15:49:01.155-07:00 level=DEBUG msg="promql query logged" test=archv2-nxm tool=conduit-v2 collector=conduit type=conduit collector=conduit type=conduit params="map[end:2026-08-02T22:49:01.155Z query:rate(conduit_pipeline_execution_duration_seconds_count{pipeline_name=\"archv2-nxm\"}[2s]) start:2026-08-02T22:48:41.153Z step:1]" stats="&{Timings:{EvalTotalTime:0.000158875 ResultSortTime:3.75e-07 QueryPreparationTime:0.000110416 InnerEvalTime:3.6125e-05 ExecQueueTime:6.708e-06 ExecTotalTime:0.000169166} Samples:0x14001463b90}" spanID=0000000000000000
time=2026-08-02T15:49:01.156-07:00 level=DEBUG msg="Query returned data" test=archv2-nxm tool=conduit-v2 collector=conduit type=conduit collector=conduit type=conduit name=msg-rate-per-second[archv2-nxm] series-count=1 last-value=16188
time=2026-08-02T15:49:01.156-07:00 level=DEBUG msg="promql query logged" test=archv2-nxm tool=conduit-v2 collector=conduit type=conduit collector=conduit type=conduit params="map[end:2026-08-02T22:49:01.156Z query:rate(conduit_connector_bytes_sum{pipeline_name=\"archv2-nxm\",type=\"source\"}[2s])/1048576 start:2026-08-02T22:48:41.153Z step:1]" stats="&{Timings:{EvalTotalTime:7.5125e-05 ResultSortTime:8.75e-07 QueryPreparationTime:1.1417e-05 InnerEvalTime:5.6417e-05 ExecQueueTime:2e-06 ExecTotalTime:7.9125e-05} Samples:0x14001246420}" spanID=0000000000000000
time=2026-08-02T15:49:01.156-07:00 level=WARN msg="Query returned multiple series, only first will be used" test=archv2-nxm tool=conduit-v2 collector=conduit type=conduit collector=conduit type=conduit series-count=2
time=2026-08-02T15:49:01.156-07:00 level=DEBUG msg="Query returned data" test=archv2-nxm tool=conduit-v2 collector=conduit type=conduit collector=conduit type=conduit name=msg-megabytes-in-per-second[archv2-nxm] series-count=1 last-value=0.2278604507446289
time=2026-08-02T15:49:01.156-07:00 level=DEBUG msg="promql query logged" test=archv2-nxm tool=conduit-v2 collector=conduit type=conduit collector=conduit type=conduit params="map[end:2026-08-02T22:49:01.156Z query:rate(conduit_connector_bytes_sum{pipeline_name=\"archv2-nxm\",type=\"destination\"}[2s])/1048576 start:2026-08-02T22:48:41.153Z step:1]" stats="&{Timings:{EvalTotalTime:5.9833e-05 ResultSortTime:5e-07 QueryPreparationTime:6.75e-06 InnerEvalTime:4.775e-05 ExecQueueTime:9.59e-07 ExecTotalTime:6.275e-05} Samples:0x1400112a2a0}" spanID=0000000000000000
time=2026-08-02T15:49:01.156-07:00 level=WARN msg="Query returned multiple series, only first will be used" test=archv2-nxm tool=conduit-v2 collector=conduit type=conduit collector=conduit type=conduit series-count=2
time=2026-08-02T15:49:01.156-07:00 level=DEBUG msg="Query returned data" test=archv2-nxm tool=conduit-v2 collector=conduit type=conduit collector=conduit type=conduit name=msg-megabytes-out-per-second[archv2-nxm] series-count=1 last-value=0.45808982849121094
time=2026-08-02T15:49:01.446-07:00 level=DEBUG msg="Inspecting container" model=container-monitor name=benchi-conduit
time=2026-08-02T15:49:01.953-07:00 level=DEBUG msg="Inspecting container" model=container-monitor name=benchi-conduit
time=2026-08-02T15:49:02.155-07:00 level=DEBUG msg="promql query logged" test=archv2-nxm tool=conduit-v2 collector=conduit type=conduit collector=conduit type=conduit params="map[end:2026-08-02T22:49:02.155Z query:rate(conduit_pipeline_execution_duration_seconds_count{pipeline_name=\"archv2-nxm\"}[2s]) start:2026-08-02T22:48:41.153Z step:1]" stats="&{Timings:{EvalTotalTime:5.2083e-05 ResultSortTime:4.16e-07 QueryPreparationTime:1.4542e-05 InnerEvalTime:3.1583e-05 ExecQueueTime:2.834e-06 ExecTotalTime:5.8291e-05} Samples:0x140013c6750}" spanID=0000000000000000
time=2026-08-02T15:49:02.155-07:00 level=DEBUG msg="Query returned data" test=archv2-nxm tool=conduit-v2 collector=conduit type=conduit collector=conduit type=conduit name=msg-rate-per-second[archv2-nxm] series-count=1 last-value=16378
time=2026-08-02T15:49:02.158-07:00 level=DEBUG msg="promql query logged" test=archv2-nxm tool=conduit-v2 collector=conduit type=conduit collector=conduit type=conduit params="map[end:2026-08-02T22:49:02.155Z query:rate(conduit_connector_bytes_sum{pipeline_name=\"archv2-nxm\",type=\"source\"}[2s])/1048576 start:2026-08-02T22:48:41.153Z step:1]" stats="&{Timings:{EvalTotalTime:5.5125e-05 ResultSortTime:9.59e-07 QueryPreparationTime:1.1375e-05 InnerEvalTime:3.975e-05 ExecQueueTime:1.792e-06 ExecTotalTime:5.9333e-05} Samples:0x140013c6e10}" spanID=0000000000000000
time=2026-08-02T15:49:02.158-07:00 level=WARN msg="Query returned multiple series, only first will be used" test=archv2-nxm tool=conduit-v2 collector=conduit type=conduit collector=conduit type=conduit series-count=2
time=2026-08-02T15:49:02.158-07:00 level=DEBUG msg="Query returned data" test=archv2-nxm tool=conduit-v2 collector=conduit type=conduit collector=conduit type=conduit name=msg-megabytes-in-per-second[archv2-nxm] series-count=1 last-value=0.23237037658691406
time=2026-08-02T15:49:02.158-07:00 level=DEBUG msg="promql query logged" test=archv2-nxm tool=conduit-v2 collector=conduit type=conduit collector=conduit type=conduit params="map[end:2026-08-02T22:49:02.158Z query:rate(conduit_connector_bytes_sum{pipeline_name=\"archv2-nxm\",type=\"destination\"}[2s])/1048576 start:2026-08-02T22:48:41.153Z step:1]" stats="&{Timings:{EvalTotalTime:3.8542e-05 ResultSortTime:3.34e-07 QueryPreparationTime:6.125e-06 InnerEvalTime:2.9459e-05 ExecQueueTime:9.16e-07 ExecTotalTime:4.075e-05} Samples:0x14001358c90}" spanID=0000000000000000
time=2026-08-02T15:49:02.158-07:00 level=WARN msg="Query returned multiple series, only first will be used" test=archv2-nxm tool=conduit-v2 collector=conduit type=conduit collector=conduit type=conduit series-count=2
time=2026-08-02T15:49:02.158-07:00 level=DEBUG msg="Query returned data" test=archv2-nxm tool=conduit-v2 collector=conduit type=conduit collector=conduit type=conduit name=msg-megabytes-out-per-second[archv2-nxm] series-count=1 last-value=0.4625358581542969
time=2026-08-02T15:49:02.460-07:00 level=DEBUG msg="Inspecting container" model=container-monitor name=benchi-conduit
time=2026-08-02T15:49:02.966-07:00 level=DEBUG msg="Inspecting container" model=container-monitor name=benchi-conduit
time=2026-08-02T15:49:03.157-07:00 level=DEBUG msg="promql query logged" test=archv2-nxm tool=conduit-v2 collector=conduit type=conduit collector=conduit type=conduit params="map[end:2026-08-02T22:49:03.157Z query:rate(conduit_pipeline_execution_duration_seconds_count{pipeline_name=\"archv2-nxm\"}[2s]) start:2026-08-02T22:48:41.153Z step:1]" stats="&{Timings:{EvalTotalTime:5.4541e-05 ResultSortTime:3.75e-07 QueryPreparationTime:1.5667e-05 InnerEvalTime:3.2416e-05 ExecQueueTime:2.875e-06 ExecTotalTime:6.0167e-05} Samples:0x1400161b410}" spanID=0000000000000000
time=2026-08-02T15:49:03.158-07:00 level=DEBUG msg="Query returned data" test=archv2-nxm tool=conduit-v2 collector=conduit type=conduit collector=conduit type=conduit name=msg-rate-per-second[archv2-nxm] series-count=1 last-value=18315
time=2026-08-02T15:49:03.158-07:00 level=DEBUG msg="promql query logged" test=archv2-nxm tool=conduit-v2 collector=conduit type=conduit collector=conduit type=conduit params="map[end:2026-08-02T22:49:03.158Z query:rate(conduit_connector_bytes_sum{pipeline_name=\"archv2-nxm\",type=\"source\"}[2s])/1048576 start:2026-08-02T22:48:41.153Z step:1]" stats="&{Timings:{EvalTotalTime:6.3875e-05 ResultSortTime:7.5e-07 QueryPreparationTime:8.459e-06 InnerEvalTime:5.0875e-05 ExecQueueTime:1.084e-06 ExecTotalTime:6.8125e-05} Samples:0x1400144e540}" spanID=0000000000000000
time=2026-08-02T15:49:03.158-07:00 level=WARN msg="Query returned multiple series, only first will be used" test=archv2-nxm tool=conduit-v2 collector=conduit type=conduit collector=conduit type=conduit series-count=2
time=2026-08-02T15:49:03.158-07:00 level=DEBUG msg="Query returned data" test=archv2-nxm tool=conduit-v2 collector=conduit type=conduit collector=conduit type=conduit name=msg-megabytes-in-per-second[archv2-nxm] series-count=1 last-value=0.26013660430908203
time=2026-08-02T15:49:03.158-07:00 level=DEBUG msg="promql query logged" test=archv2-nxm tool=conduit-v2 collector=conduit type=conduit collector=conduit type=conduit params="map[end:2026-08-02T22:49:03.158Z query:rate(conduit_connector_bytes_sum{pipeline_name=\"archv2-nxm\",type=\"destination\"}[2s])/1048576 start:2026-08-02T22:48:41.153Z step:1]" stats="&{Timings:{EvalTotalTime:6.1625e-05 ResultSortTime:5.41e-07 QueryPreparationTime:6.833e-06 InnerEvalTime:4.7875e-05 ExecQueueTime:1.042e-06 ExecTotalTime:6.4541e-05} Samples:0x1400152e420}" spanID=0000000000000000
time=2026-08-02T15:49:03.158-07:00 level=WARN msg="Query returned multiple series, only first will be used" test=archv2-nxm tool=conduit-v2 collector=conduit type=conduit collector=conduit type=conduit series-count=2
time=2026-08-02T15:49:03.158-07:00 level=DEBUG msg="Query returned data" test=archv2-nxm tool=conduit-v2 collector=conduit type=conduit collector=conduit type=conduit name=msg-megabytes-out-per-second[archv2-nxm] series-count=1 last-value=0.5180301666259766
time=2026-08-02T15:49:03.475-07:00 level=DEBUG msg="Inspecting container" model=container-monitor name=benchi-conduit
time=2026-08-02T15:49:03.983-07:00 level=DEBUG msg="Inspecting container" model=container-monitor name=benchi-conduit
time=2026-08-02T15:49:04.155-07:00 level=DEBUG msg="promql query logged" test=archv2-nxm tool=conduit-v2 collector=conduit type=conduit collector=conduit type=conduit params="map[end:2026-08-02T22:49:04.155Z query:rate(conduit_pipeline_execution_duration_seconds_count{pipeline_name=\"archv2-nxm\"}[2s]) start:2026-08-02T22:48:41.153Z step:1]" stats="&{Timings:{EvalTotalTime:5.3125e-05 ResultSortTime:2.92e-07 QueryPreparationTime:1.5708e-05 InnerEvalTime:3.1459e-05 ExecQueueTime:2.959e-06 ExecTotalTime:5.8667e-05} Samples:0x1400157ce70}" spanID=0000000000000000
time=2026-08-02T15:49:04.155-07:00 level=DEBUG msg="Query returned data" test=archv2-nxm tool=conduit-v2 collector=conduit type=conduit collector=conduit type=conduit name=msg-rate-per-second[archv2-nxm] series-count=1 last-value=18479
time=2026-08-02T15:49:04.156-07:00 level=DEBUG msg="promql query logged" test=archv2-nxm tool=conduit-v2 collector=conduit type=conduit collector=conduit type=conduit params="map[end:2026-08-02T22:49:04.155Z query:rate(conduit_connector_bytes_sum{pipeline_name=\"archv2-nxm\",type=\"source\"}[2s])/1048576 start:2026-08-02T22:48:41.153Z step:1]" stats="&{Timings:{EvalTotalTime:6.6708e-05 ResultSortTime:9.58e-07 QueryPreparationTime:8.5e-06 InnerEvalTime:5.3209e-05 ExecQueueTime:1.25e-06 ExecTotalTime:6.975e-05} Samples:0x1400157d530}" spanID=0000000000000000
time=2026-08-02T15:49:04.156-07:00 level=WARN msg="Query returned multiple series, only first will be used" test=archv2-nxm tool=conduit-v2 collector=conduit type=conduit collector=conduit type=conduit series-count=2
time=2026-08-02T15:49:04.156-07:00 level=DEBUG msg="Query returned data" test=archv2-nxm tool=conduit-v2 collector=conduit type=conduit collector=conduit type=conduit name=msg-megabytes-in-per-second[archv2-nxm] series-count=1 last-value=0.25948238372802734
time=2026-08-02T15:49:04.156-07:00 level=DEBUG msg="promql query logged" test=archv2-nxm tool=conduit-v2 collector=conduit type=conduit collector=conduit type=conduit params="map[end:2026-08-02T22:49:04.156Z query:rate(conduit_connector_bytes_sum{pipeline_name=\"archv2-nxm\",type=\"destination\"}[2s])/1048576 start:2026-08-02T22:48:41.153Z step:1]" stats="&{Timings:{EvalTotalTime:5.5916e-05 ResultSortTime:4.17e-07 QueryPreparationTime:7.917e-06 InnerEvalTime:4.3792e-05 ExecQueueTime:7.08e-07 ExecTotalTime:5.8542e-05} Samples:0x1400157dbf0}" spanID=0000000000000000
time=2026-08-02T15:49:04.156-07:00 level=WARN msg="Query returned multiple series, only first will be used" test=archv2-nxm tool=conduit-v2 collector=conduit type=conduit collector=conduit type=conduit series-count=2
time=2026-08-02T15:49:04.156-07:00 level=DEBUG msg="Query returned data" test=archv2-nxm tool=conduit-v2 collector=conduit type=conduit collector=conduit type=conduit name=msg-megabytes-out-per-second[archv2-nxm] series-count=1 last-value=0.522191047668457
time=2026-08-02T15:49:04.488-07:00 level=DEBUG msg="Inspecting container" model=container-monitor name=benchi-conduit
time=2026-08-02T15:49:04.996-07:00 level=DEBUG msg="Inspecting container" model=container-monitor name=benchi-conduit
time=2026-08-02T15:49:05.155-07:00 level=DEBUG msg="promql query logged" test=archv2-nxm tool=conduit-v2 collector=conduit type=conduit collector=conduit type=conduit params="map[end:2026-08-02T22:49:05.155Z query:rate(conduit_pipeline_execution_duration_seconds_count{pipeline_name=\"archv2-nxm\"}[2s]) start:2026-08-02T22:48:41.153Z step:1]" stats="&{Timings:{EvalTotalTime:7.6084e-05 ResultSortTime:4.59e-07 QueryPreparationTime:2.375e-05 InnerEvalTime:3.2208e-05 ExecQueueTime:2.625e-06 ExecTotalTime:9.2292e-05} Samples:0x140015fe870}" spanID=0000000000000000
time=2026-08-02T15:49:05.155-07:00 level=DEBUG msg="Query returned data" test=archv2-nxm tool=conduit-v2 collector=conduit type=conduit collector=conduit type=conduit name=msg-rate-per-second[archv2-nxm] series-count=1 last-value=17649
time=2026-08-02T15:49:05.155-07:00 level=DEBUG msg="promql query logged" test=archv2-nxm tool=conduit-v2 collector=conduit type=conduit collector=conduit type=conduit params="map[end:2026-08-02T22:49:05.155Z query:rate(conduit_connector_bytes_sum{pipeline_name=\"archv2-nxm\",type=\"source\"}[2s])/1048576 start:2026-08-02T22:48:41.153Z step:1]" stats="&{Timings:{EvalTotalTime:7.7042e-05 ResultSortTime:7.92e-07 QueryPreparationTime:9.25e-06 InnerEvalTime:6.2791e-05 ExecQueueTime:1.5e-06 ExecTotalTime:8.05e-05} Samples:0x140015fef30}" spanID=0000000000000000
time=2026-08-02T15:49:05.155-07:00 level=WARN msg="Query returned multiple series, only first will be used" test=archv2-nxm tool=conduit-v2 collector=conduit type=conduit collector=conduit type=conduit series-count=2
time=2026-08-02T15:49:05.155-07:00 level=DEBUG msg="Query returned data" test=archv2-nxm tool=conduit-v2 collector=conduit type=conduit collector=conduit type=conduit name=msg-megabytes-in-per-second[archv2-nxm] series-count=1 last-value=0.24893951416015625
time=2026-08-02T15:49:05.155-07:00 level=DEBUG msg="promql query logged" test=archv2-nxm tool=conduit-v2 collector=conduit type=conduit collector=conduit type=conduit params="map[end:2026-08-02T22:49:05.155Z query:rate(conduit_connector_bytes_sum{pipeline_name=\"archv2-nxm\",type=\"destination\"}[2s])/1048576 start:2026-08-02T22:48:41.153Z step:1]" stats="&{Timings:{EvalTotalTime:6.1708e-05 ResultSortTime:7.92e-07 QueryPreparationTime:8.167e-06 InnerEvalTime:4.7916e-05 ExecQueueTime:1.292e-06 ExecTotalTime:6.4875e-05} Samples:0x140015ffcb0}" spanID=0000000000000000
time=2026-08-02T15:49:05.155-07:00 level=WARN msg="Query returned multiple series, only first will be used" test=archv2-nxm tool=conduit-v2 collector=conduit type=conduit collector=conduit type=conduit series-count=2
time=2026-08-02T15:49:05.156-07:00 level=DEBUG msg="Query returned data" test=archv2-nxm tool=conduit-v2 collector=conduit type=conduit collector=conduit type=conduit name=msg-megabytes-out-per-second[archv2-nxm] series-count=1 last-value=0.4983949661254883
time=2026-08-02T15:49:05.500-07:00 level=DEBUG msg="Inspecting container" model=container-monitor name=benchi-conduit
time=2026-08-02T15:49:06.013-07:00 level=DEBUG msg="Inspecting container" model=container-monitor name=benchi-conduit
time=2026-08-02T15:49:06.154-07:00 level=INFO msg="Test in progress" test=archv2-nxm tool=conduit-v2 step=test time-left=35s
time=2026-08-02T15:49:06.154-07:00 level=DEBUG msg="promql query logged" test=archv2-nxm tool=conduit-v2 collector=conduit type=conduit collector=conduit type=conduit params="map[end:2026-08-02T22:49:06.154Z query:rate(conduit_pipeline_execution_duration_seconds_count{pipeline_name=\"archv2-nxm\"}[2s]) start:2026-08-02T22:48:41.153Z step:1]" stats="&{Timings:{EvalTotalTime:0.000136209 ResultSortTime:6.67e-07 QueryPreparationTime:3.4666e-05 InnerEvalTime:7.2709e-05 ExecQueueTime:5.083e-06 ExecTotalTime:0.000145417} Samples:0x140016fdaa0}" spanID=0000000000000000
time=2026-08-02T15:49:06.154-07:00 level=DEBUG msg="Query returned data" test=archv2-nxm tool=conduit-v2 collector=conduit type=conduit collector=conduit type=conduit name=msg-rate-per-second[archv2-nxm] series-count=1 last-value=18487
time=2026-08-02T15:49:06.155-07:00 level=DEBUG msg="promql query logged" test=archv2-nxm tool=conduit-v2 collector=conduit type=conduit collector=conduit type=conduit params="map[end:2026-08-02T22:49:06.154Z query:rate(conduit_connector_bytes_sum{pipeline_name=\"archv2-nxm\",type=\"source\"}[2s])/1048576 start:2026-08-02T22:48:41.153Z step:1]" stats="&{Timings:{EvalTotalTime:0.000104667 ResultSortTime:1.541e-06 QueryPreparationTime:1.6708e-05 InnerEvalTime:8.0417e-05 ExecQueueTime:1.208e-06 ExecTotalTime:0.00010825} Samples:0x140019041e0}" spanID=0000000000000000
time=2026-08-02T15:49:06.155-07:00 level=WARN msg="Query returned multiple series, only first will be used" test=archv2-nxm tool=conduit-v2 collector=conduit type=conduit collector=conduit type=conduit series-count=2
time=2026-08-02T15:49:06.157-07:00 level=DEBUG msg="Query returned data" test=archv2-nxm tool=conduit-v2 collector=conduit type=conduit collector=conduit type=conduit name=msg-megabytes-in-per-second[archv2-nxm] series-count=1 last-value=0.26175880432128906
time=2026-08-02T15:49:06.157-07:00 level=DEBUG msg="promql query logged" test=archv2-nxm tool=conduit-v2 collector=conduit type=conduit collector=conduit type=conduit params="map[end:2026-08-02T22:49:06.157Z query:rate(conduit_connector_bytes_sum{pipeline_name=\"archv2-nxm\",type=\"destination\"}[2s])/1048576 start:2026-08-02T22:48:41.153Z step:1]" stats="&{Timings:{EvalTotalTime:6.75e-05 ResultSortTime:7.5e-07 QueryPreparationTime:1.225e-05 InnerEvalTime:4.8e-05 ExecQueueTime:1.833e-06 ExecTotalTime:7.0791e-05} Samples:0x14001904fc0}" spanID=0000000000000000
time=2026-08-02T15:49:06.157-07:00 level=WARN msg="Query returned multiple series, only first will be used" test=archv2-nxm tool=conduit-v2 collector=conduit type=conduit collector=conduit type=conduit series-count=2
time=2026-08-02T15:49:06.157-07:00 level=DEBUG msg="Query returned data" test=archv2-nxm tool=conduit-v2 collector=conduit type=conduit collector=conduit type=conduit name=msg-megabytes-out-per-second[archv2-nxm] series-count=1 last-value=0.5223941802978516
time=2026-08-02T15:49:06.519-07:00 level=DEBUG msg="Inspecting container" model=container-monitor name=benchi-conduit
time=2026-08-02T15:49:07.029-07:00 level=DEBUG msg="Inspecting container" model=container-monitor name=benchi-conduit
time=2026-08-02T15:49:07.154-07:00 level=DEBUG msg="promql query logged" test=archv2-nxm tool=conduit-v2 collector=conduit type=conduit collector=conduit type=conduit params="map[end:2026-08-02T22:49:07.154Z query:rate(conduit_pipeline_execution_duration_seconds_count{pipeline_name=\"archv2-nxm\"}[2s]) start:2026-08-02T22:48:41.153Z step:1]" stats="&{Timings:{EvalTotalTime:5.2917e-05 ResultSortTime:4.58e-07 QueryPreparationTime:1.65e-05 InnerEvalTime:3.1042e-05 ExecQueueTime:2.626e-06 ExecTotalTime:5.7709e-05} Samples:0x14001965e00}" spanID=0000000000000000
time=2026-08-02T15:49:07.154-07:00 level=DEBUG msg="Query returned data" test=archv2-nxm tool=conduit-v2 collector=conduit type=conduit collector=conduit type=conduit name=msg-rate-per-second[archv2-nxm] series-count=1 last-value=18423
time=2026-08-02T15:49:07.154-07:00 level=DEBUG msg="promql query logged" test=archv2-nxm tool=conduit-v2 collector=conduit type=conduit collector=conduit type=conduit params="map[end:2026-08-02T22:49:07.154Z query:rate(conduit_connector_bytes_sum{pipeline_name=\"archv2-nxm\",type=\"source\"}[2s])/1048576 start:2026-08-02T22:48:41.153Z step:1]" stats="&{Timings:{EvalTotalTime:0.000105083 ResultSortTime:1.208e-06 QueryPreparationTime:8.25e-06 InnerEvalTime:9.0542e-05 ExecQueueTime:1.166e-06 ExecTotalTime:0.000108541} Samples:0x14001a20540}" spanID=0000000000000000
time=2026-08-02T15:49:07.154-07:00 level=WARN msg="Query returned multiple series, only first will be used" test=archv2-nxm tool=conduit-v2 collector=conduit type=conduit collector=conduit type=conduit series-count=2
time=2026-08-02T15:49:07.154-07:00 level=DEBUG msg="Query returned data" test=archv2-nxm tool=conduit-v2 collector=conduit type=conduit collector=conduit type=conduit name=msg-megabytes-in-per-second[archv2-nxm] series-count=1 last-value=0.26012325286865234
time=2026-08-02T15:49:07.155-07:00 level=DEBUG msg="promql query logged" test=archv2-nxm tool=conduit-v2 collector=conduit type=conduit collector=conduit type=conduit params="map[end:2026-08-02T22:49:07.154Z query:rate(conduit_connector_bytes_sum{pipeline_name=\"archv2-nxm\",type=\"destination\"}[2s])/1048576 start:2026-08-02T22:48:41.153Z step:1]" stats="&{Timings:{EvalTotalTime:0.000982166 ResultSortTime:9.17e-07 QueryPreparationTime:4.1042e-05 InnerEvalTime:0.000931875 ExecQueueTime:1.667e-06 ExecTotalTime:0.000986834} Samples:0x14001a20d50}" spanID=0000000000000000
time=2026-08-02T15:49:07.155-07:00 level=WARN msg="Query returned multiple series, only first will be used" test=archv2-nxm tool=conduit-v2 collector=conduit type=conduit collector=conduit type=conduit series-count=2
time=2026-08-02T15:49:07.156-07:00 level=DEBUG msg="Query returned data" test=archv2-nxm tool=conduit-v2 collector=conduit type=conduit collector=conduit type=conduit name=msg-megabytes-out-per-second[archv2-nxm] series-count=1 last-value=0.5210771560668945
time=2026-08-02T15:49:07.540-07:00 level=DEBUG msg="Inspecting container" model=container-monitor name=benchi-conduit
time=2026-08-02T15:49:08.048-07:00 level=DEBUG msg="Inspecting container" model=container-monitor name=benchi-conduit
time=2026-08-02T15:49:08.155-07:00 level=DEBUG msg="promql query logged" test=archv2-nxm tool=conduit-v2 collector=conduit type=conduit collector=conduit type=conduit params="map[end:2026-08-02T22:49:08.155Z query:rate(conduit_pipeline_execution_duration_seconds_count{pipeline_name=\"archv2-nxm\"}[2s]) start:2026-08-02T22:48:41.153Z step:1]" stats="&{Timings:{EvalTotalTime:0.000292916 ResultSortTime:8.75e-07 QueryPreparationTime:2.0167e-05 InnerEvalTime:0.0002605 ExecQueueTime:3.792e-06 ExecTotalTime:0.000302208} Samples:0x1400174ed80}" spanID=0000000000000000
time=2026-08-02T15:49:08.155-07:00 level=DEBUG msg="Query returned data" test=archv2-nxm tool=conduit-v2 collector=conduit type=conduit collector=conduit type=conduit name=msg-rate-per-second[archv2-nxm] series-count=1 last-value=18204
time=2026-08-02T15:49:08.158-07:00 level=DEBUG msg="promql query logged" test=archv2-nxm tool=conduit-v2 collector=conduit type=conduit collector=conduit type=conduit params="map[end:2026-08-02T22:49:08.155Z query:rate(conduit_connector_bytes_sum{pipeline_name=\"archv2-nxm\",type=\"source\"}[2s])/1048576 start:2026-08-02T22:48:41.153Z step:1]" stats="&{Timings:{EvalTotalTime:0.000240375 ResultSortTime:1.583e-06 QueryPreparationTime:1.825e-05 InnerEvalTime:0.000213292 ExecQueueTime:2.708e-06 ExecTotalTime:0.000246791} Samples:0x1400174f890}" spanID=0000000000000000
time=2026-08-02T15:49:08.158-07:00 level=WARN msg="Query returned multiple series, only first will be used" test=archv2-nxm tool=conduit-v2 collector=conduit type=conduit collector=conduit type=conduit series-count=2
time=2026-08-02T15:49:08.158-07:00 level=DEBUG msg="Query returned data" test=archv2-nxm tool=conduit-v2 collector=conduit type=conduit collector=conduit type=conduit name=msg-megabytes-in-per-second[archv2-nxm] series-count=1 last-value=0.2559375762939453
time=2026-08-02T15:49:08.158-07:00 level=DEBUG msg="promql query logged" test=archv2-nxm tool=conduit-v2 collector=conduit type=conduit collector=conduit type=conduit params="map[end:2026-08-02T22:49:08.158Z query:rate(conduit_connector_bytes_sum{pipeline_name=\"archv2-nxm\",type=\"destination\"}[2s])/1048576 start:2026-08-02T22:48:41.153Z step:1]" stats="&{Timings:{EvalTotalTime:8.1667e-05 ResultSortTime:7.92e-07 QueryPreparationTime:1.1875e-05 InnerEvalTime:6.4458e-05 ExecQueueTime:1.418e-06 ExecTotalTime:8.5833e-05} Samples:0x140017ae720}" spanID=0000000000000000
time=2026-08-02T15:49:08.159-07:00 level=WARN msg="Query returned multiple series, only first will be used" test=archv2-nxm tool=conduit-v2 collector=conduit type=conduit collector=conduit type=conduit series-count=2
time=2026-08-02T15:49:08.159-07:00 level=DEBUG msg="Query returned data" test=archv2-nxm tool=conduit-v2 collector=conduit type=conduit collector=conduit type=conduit name=msg-megabytes-out-per-second[archv2-nxm] series-count=1 last-value=0.513554573059082
time=2026-08-02T15:49:08.555-07:00 level=DEBUG msg="Inspecting container" model=container-monitor name=benchi-conduit
time=2026-08-02T15:49:09.065-07:00 level=DEBUG msg="Inspecting container" model=container-monitor name=benchi-conduit
time=2026-08-02T15:49:09.156-07:00 level=DEBUG msg="promql query logged" test=archv2-nxm tool=conduit-v2 collector=conduit type=conduit collector=conduit type=conduit params="map[end:2026-08-02T22:49:09.155Z query:rate(conduit_pipeline_execution_duration_seconds_count{pipeline_name=\"archv2-nxm\"}[2s]) start:2026-08-02T22:48:41.153Z step:1]" stats="&{Timings:{EvalTotalTime:4.275e-05 ResultSortTime:4.16e-07 QueryPreparationTime:1.2666e-05 InnerEvalTime:2.6833e-05 ExecQueueTime:3.208e-06 ExecTotalTime:4.7167e-05} Samples:0x140017afda0}" spanID=0000000000000000
time=2026-08-02T15:49:09.156-07:00 level=DEBUG msg="Query returned data" test=archv2-nxm tool=conduit-v2 collector=conduit type=conduit collector=conduit type=conduit name=msg-rate-per-second[archv2-nxm] series-count=1 last-value=19522
time=2026-08-02T15:49:09.156-07:00 level=DEBUG msg="promql query logged" test=archv2-nxm tool=conduit-v2 collector=conduit type=conduit collector=conduit type=conduit params="map[end:2026-08-02T22:49:09.156Z query:rate(conduit_connector_bytes_sum{pipeline_name=\"archv2-nxm\",type=\"source\"}[2s])/1048576 start:2026-08-02T22:48:41.153Z step:1]" stats="&{Timings:{EvalTotalTime:5.5792e-05 ResultSortTime:9.58e-07 QueryPreparationTime:5.667e-06 InnerEvalTime:4.725e-05 ExecQueueTime:5.01e-07 ExecTotalTime:6e-05} Samples:0x14001000ba0}" spanID=0000000000000000
time=2026-08-02T15:49:09.156-07:00 level=WARN msg="Query returned multiple series, only first will be used" test=archv2-nxm tool=conduit-v2 collector=conduit type=conduit collector=conduit type=conduit series-count=2
time=2026-08-02T15:49:09.156-07:00 level=DEBUG msg="Query returned data" test=archv2-nxm tool=conduit-v2 collector=conduit type=conduit collector=conduit type=conduit name=msg-megabytes-in-per-second[archv2-nxm] series-count=1 last-value=0.27697181701660156
time=2026-08-02T15:49:09.157-07:00 level=DEBUG msg="promql query logged" test=archv2-nxm tool=conduit-v2 collector=conduit type=conduit collector=conduit type=conduit params="map[end:2026-08-02T22:49:09.156Z query:rate(conduit_connector_bytes_sum{pipeline_name=\"archv2-nxm\",type=\"destination\"}[2s])/1048576 start:2026-08-02T22:48:41.153Z step:1]" stats="&{Timings:{EvalTotalTime:0.000230583 ResultSortTime:1.375e-06 QueryPreparationTime:2.0417e-05 InnerEvalTime:0.000196541 ExecQueueTime:3.334e-06 ExecTotalTime:0.00023675} Samples:0x14000b0e090}" spanID=0000000000000000
time=2026-08-02T15:49:09.157-07:00 level=WARN msg="Query returned multiple series, only first will be used" test=archv2-nxm tool=conduit-v2 collector=conduit type=conduit collector=conduit type=conduit series-count=2
time=2026-08-02T15:49:09.157-07:00 level=DEBUG msg="Query returned data" test=archv2-nxm tool=conduit-v2 collector=conduit type=conduit collector=conduit type=conduit name=msg-megabytes-out-per-second[archv2-nxm] series-count=1 last-value=0.5520238876342773
time=2026-08-02T15:49:09.572-07:00 level=DEBUG msg="Inspecting container" model=container-monitor name=benchi-conduit
time=2026-08-02T15:49:10.077-07:00 level=DEBUG msg="Inspecting container" model=container-monitor name=benchi-conduit
time=2026-08-02T15:49:10.154-07:00 level=DEBUG msg="promql query logged" test=archv2-nxm tool=conduit-v2 collector=conduit type=conduit collector=conduit type=conduit params="map[end:2026-08-02T22:49:10.154Z query:rate(conduit_pipeline_execution_duration_seconds_count{pipeline_name=\"archv2-nxm\"}[2s]) start:2026-08-02T22:48:41.153Z step:1]" stats="&{Timings:{EvalTotalTime:6.2708e-05 ResultSortTime:3.75e-07 QueryPreparationTime:1.575e-05 InnerEvalTime:3.8458e-05 ExecQueueTime:2.709e-06 ExecTotalTime:6.8833e-05} Samples:0x140017bdd10}" spanID=0000000000000000
time=2026-08-02T15:49:10.154-07:00 level=DEBUG msg="Query returned data" test=archv2-nxm tool=conduit-v2 collector=conduit type=conduit collector=conduit type=conduit name=msg-rate-per-second[archv2-nxm] series-count=1 last-value=18854
time=2026-08-02T15:49:10.154-07:00 level=DEBUG msg="promql query logged" test=archv2-nxm tool=conduit-v2 collector=conduit type=conduit collector=conduit type=conduit params="map[end:2026-08-02T22:49:10.154Z query:rate(conduit_connector_bytes_sum{pipeline_name=\"archv2-nxm\",type=\"source\"}[2s])/1048576 start:2026-08-02T22:48:41.153Z step:1]" stats="&{Timings:{EvalTotalTime:7.9375e-05 ResultSortTime:1.125e-06 QueryPreparationTime:1.075e-05 InnerEvalTime:6.3209e-05 ExecQueueTime:1.333e-06 ExecTotalTime:8.4334e-05} Samples:0x14000ae4960}" spanID=0000000000000000
time=2026-08-02T15:49:10.154-07:00 level=WARN msg="Query returned multiple series, only first will be used" test=archv2-nxm tool=conduit-v2 collector=conduit type=conduit collector=conduit type=conduit series-count=2
time=2026-08-02T15:49:10.154-07:00 level=DEBUG msg="Query returned data" test=archv2-nxm tool=conduit-v2 collector=conduit type=conduit collector=conduit type=conduit name=msg-megabytes-in-per-second[archv2-nxm] series-count=1 last-value=0.26653194427490234
time=2026-08-02T15:49:10.154-07:00 level=DEBUG msg="promql query logged" test=archv2-nxm tool=conduit-v2 collector=conduit type=conduit collector=conduit type=conduit params="map[end:2026-08-02T22:49:10.154Z query:rate(conduit_connector_bytes_sum{pipeline_name=\"archv2-nxm\",type=\"destination\"}[2s])/1048576 start:2026-08-02T22:48:41.153Z step:1]" stats="&{Timings:{EvalTotalTime:7.0208e-05 ResultSortTime:6.25e-07 QueryPreparationTime:8.375e-06 InnerEvalTime:5.6708e-05 ExecQueueTime:1.125e-06 ExecTotalTime:7.3792e-05} Samples:0x14000ae5a70}" spanID=0000000000000000
time=2026-08-02T15:49:10.154-07:00 level=WARN msg="Query returned multiple series, only first will be used" test=archv2-nxm tool=conduit-v2 collector=conduit type=conduit collector=conduit type=conduit series-count=2
time=2026-08-02T15:49:10.155-07:00 level=DEBUG msg="Query returned data" test=archv2-nxm tool=conduit-v2 collector=conduit type=conduit collector=conduit type=conduit name=msg-megabytes-out-per-second[archv2-nxm] series-count=1 last-value=0.5326452255249023
time=2026-08-02T15:49:10.586-07:00 level=DEBUG msg="Inspecting container" model=container-monitor name=benchi-conduit
time=2026-08-02T15:49:11.100-07:00 level=DEBUG msg="Inspecting container" model=container-monitor name=benchi-conduit
time=2026-08-02T15:49:11.154-07:00 level=INFO msg="Test in progress" test=archv2-nxm tool=conduit-v2 step=test time-left=30s
time=2026-08-02T15:49:11.156-07:00 level=DEBUG msg="promql query logged" test=archv2-nxm tool=conduit-v2 collector=conduit type=conduit collector=conduit type=conduit params="map[end:2026-08-02T22:49:11.156Z query:rate(conduit_pipeline_execution_duration_seconds_count{pipeline_name=\"archv2-nxm\"}[2s]) start:2026-08-02T22:48:41.153Z step:1]" stats="&{Timings:{EvalTotalTime:0.000106083 ResultSortTime:7.09e-07 QueryPreparationTime:3.1083e-05 InnerEvalTime:6.5e-05 ExecQueueTime:4.374e-06 ExecTotalTime:0.000118} Samples:0x14001101f20}" spanID=0000000000000000
time=2026-08-02T15:49:11.156-07:00 level=DEBUG msg="Query returned data" test=archv2-nxm tool=conduit-v2 collector=conduit type=conduit collector=conduit type=conduit name=msg-rate-per-second[archv2-nxm] series-count=1 last-value=17406
time=2026-08-02T15:49:11.157-07:00 level=DEBUG msg="promql query logged" test=archv2-nxm tool=conduit-v2 collector=conduit type=conduit collector=conduit type=conduit params="map[end:2026-08-02T22:49:11.156Z query:rate(conduit_connector_bytes_sum{pipeline_name=\"archv2-nxm\",type=\"source\"}[2s])/1048576 start:2026-08-02T22:48:41.153Z step:1]" stats="&{Timings:{EvalTotalTime:0.000106583 ResultSortTime:1.458e-06 QueryPreparationTime:1.7041e-05 InnerEvalTime:8.2e-05 ExecQueueTime:2.625e-06 ExecTotalTime:0.000113625} Samples:0x1400064f110}" spanID=0000000000000000
time=2026-08-02T15:49:11.157-07:00 level=WARN msg="Query returned multiple series, only first will be used" test=archv2-nxm tool=conduit-v2 collector=conduit type=conduit collector=conduit type=conduit series-count=2
time=2026-08-02T15:49:11.157-07:00 level=DEBUG msg="Query returned data" test=archv2-nxm tool=conduit-v2 collector=conduit type=conduit collector=conduit type=conduit name=msg-megabytes-in-per-second[archv2-nxm] series-count=1 last-value=0.24815750122070312
time=2026-08-02T15:49:11.157-07:00 level=DEBUG msg="promql query logged" test=archv2-nxm tool=conduit-v2 collector=conduit type=conduit collector=conduit type=conduit params="map[end:2026-08-02T22:49:11.157Z query:rate(conduit_connector_bytes_sum{pipeline_name=\"archv2-nxm\",type=\"destination\"}[2s])/1048576 start:2026-08-02T22:48:41.153Z step:1]" stats="&{Timings:{EvalTotalTime:0.000122458 ResultSortTime:8.34e-07 QueryPreparationTime:1.3208e-05 InnerEvalTime:0.000103292 ExecQueueTime:1.501e-06 ExecTotalTime:0.000127167} Samples:0x1400100b2c0}" spanID=0000000000000000
time=2026-08-02T15:49:11.157-07:00 level=WARN msg="Query returned multiple series, only first will be used" test=archv2-nxm tool=conduit-v2 collector=conduit type=conduit collector=conduit type=conduit series-count=2
time=2026-08-02T15:49:11.158-07:00 level=DEBUG msg="Query returned data" test=archv2-nxm tool=conduit-v2 collector=conduit type=conduit collector=conduit type=conduit name=msg-megabytes-out-per-second[archv2-nxm] series-count=1 last-value=0.4923067092895508
time=2026-08-02T15:49:11.609-07:00 level=DEBUG msg="Inspecting container" model=container-monitor name=benchi-conduit
time=2026-08-02T15:49:12.113-07:00 level=DEBUG msg="Inspecting container" model=container-monitor name=benchi-conduit
time=2026-08-02T15:49:12.154-07:00 level=DEBUG msg="promql query logged" test=archv2-nxm tool=conduit-v2 collector=conduit type=conduit collector=conduit type=conduit params="map[end:2026-08-02T22:49:12.154Z query:rate(conduit_pipeline_execution_duration_seconds_count{pipeline_name=\"archv2-nxm\"}[2s]) start:2026-08-02T22:48:41.153Z step:1]" stats="&{Timings:{EvalTotalTime:6.2125e-05 ResultSortTime:5e-07 QueryPreparationTime:1.7708e-05 InnerEvalTime:3.8208e-05 ExecQueueTime:3.666e-06 ExecTotalTime:6.6875e-05} Samples:0x14001685c50}" spanID=0000000000000000
time=2026-08-02T15:49:12.154-07:00 level=DEBUG msg="Query returned data" test=archv2-nxm tool=conduit-v2 collector=conduit type=conduit collector=conduit type=conduit name=msg-rate-per-second[archv2-nxm] series-count=1 last-value=18233
time=2026-08-02T15:49:12.154-07:00 level=DEBUG msg="promql query logged" test=archv2-nxm tool=conduit-v2 collector=conduit type=conduit collector=conduit type=conduit params="map[end:2026-08-02T22:49:12.154Z query:rate(conduit_connector_bytes_sum{pipeline_name=\"archv2-nxm\",type=\"source\"}[2s])/1048576 start:2026-08-02T22:48:41.153Z step:1]" stats="&{Timings:{EvalTotalTime:7.35e-05 ResultSortTime:1.292e-06 QueryPreparationTime:9.875e-06 InnerEvalTime:5.875e-05 ExecQueueTime:8.76e-07 ExecTotalTime:7.6167e-05} Samples:0x14000ea2c90}" spanID=0000000000000000
time=2026-08-02T15:49:12.154-07:00 level=WARN msg="Query returned multiple series, only first will be used" test=archv2-nxm tool=conduit-v2 collector=conduit type=conduit collector=conduit type=conduit series-count=2
time=2026-08-02T15:49:12.154-07:00 level=DEBUG msg="Query returned data" test=archv2-nxm tool=conduit-v2 collector=conduit type=conduit collector=conduit type=conduit name=msg-megabytes-in-per-second[archv2-nxm] series-count=1 last-value=0.25916004180908203
time=2026-08-02T15:49:12.154-07:00 level=DEBUG msg="promql query logged" test=archv2-nxm tool=conduit-v2 collector=conduit type=conduit collector=conduit type=conduit params="map[end:2026-08-02T22:49:12.154Z query:rate(conduit_connector_bytes_sum{pipeline_name=\"archv2-nxm\",type=\"destination\"}[2s])/1048576 start:2026-08-02T22:48:41.153Z step:1]" stats="&{Timings:{EvalTotalTime:8.1167e-05 ResultSortTime:6.67e-07 QueryPreparationTime:1.175e-05 InnerEvalTime:6.3834e-05 ExecQueueTime:1.375e-06 ExecTotalTime:8.5333e-05} Samples:0x14000b01110}" spanID=0000000000000000
time=2026-08-02T15:49:12.154-07:00 level=WARN msg="Query returned multiple series, only first will be used" test=archv2-nxm tool=conduit-v2 collector=conduit type=conduit collector=conduit type=conduit series-count=2
time=2026-08-02T15:49:12.155-07:00 level=DEBUG msg="Query returned data" test=archv2-nxm tool=conduit-v2 collector=conduit type=conduit collector=conduit type=conduit name=msg-megabytes-out-per-second[archv2-nxm] series-count=1 last-value=0.5155267715454102
time=2026-08-02T15:49:12.618-07:00 level=DEBUG msg="Inspecting container" model=container-monitor name=benchi-conduit
time=2026-08-02T15:49:13.130-07:00 level=DEBUG msg="Inspecting container" model=container-monitor name=benchi-conduit
time=2026-08-02T15:49:13.154-07:00 level=DEBUG msg="promql query logged" test=archv2-nxm tool=conduit-v2 collector=conduit type=conduit collector=conduit type=conduit params="map[end:2026-08-02T22:49:13.154Z query:rate(conduit_pipeline_execution_duration_seconds_count{pipeline_name=\"archv2-nxm\"}[2s]) start:2026-08-02T22:48:41.153Z step:1]" stats="&{Timings:{EvalTotalTime:5.2083e-05 ResultSortTime:2.92e-07 QueryPreparationTime:1.4583e-05 InnerEvalTime:3.25e-05 ExecQueueTime:2.25e-06 ExecTotalTime:5.6917e-05} Samples:0x140015618f0}" spanID=0000000000000000
time=2026-08-02T15:49:13.154-07:00 level=DEBUG msg="Query returned data" test=archv2-nxm tool=conduit-v2 collector=conduit type=conduit collector=conduit type=conduit name=msg-rate-per-second[archv2-nxm] series-count=1 last-value=18619
time=2026-08-02T15:49:13.154-07:00 level=DEBUG msg="promql query logged" test=archv2-nxm tool=conduit-v2 collector=conduit type=conduit collector=conduit type=conduit params="map[end:2026-08-02T22:49:13.154Z query:rate(conduit_connector_bytes_sum{pipeline_name=\"archv2-nxm\",type=\"source\"}[2s])/1048576 start:2026-08-02T22:48:41.153Z step:1]" stats="&{Timings:{EvalTotalTime:7.2959e-05 ResultSortTime:2e-06 QueryPreparationTime:7.459e-06 InnerEvalTime:6.0416e-05 ExecQueueTime:1.166e-06 ExecTotalTime:7.6041e-05} Samples:0x1400157c060}" spanID=0000000000000000
time=2026-08-02T15:49:13.154-07:00 level=WARN msg="Query returned multiple series, only first will be used" test=archv2-nxm tool=conduit-v2 collector=conduit type=conduit collector=conduit type=conduit series-count=2
time=2026-08-02T15:49:13.154-07:00 level=DEBUG msg="Query returned data" test=archv2-nxm tool=conduit-v2 collector=conduit type=conduit collector=conduit type=conduit name=msg-megabytes-in-per-second[archv2-nxm] series-count=1 last-value=0.26173877716064453
time=2026-08-02T15:49:13.154-07:00 level=DEBUG msg="promql query logged" test=archv2-nxm tool=conduit-v2 collector=conduit type=conduit collector=conduit type=conduit params="map[end:2026-08-02T22:49:13.154Z query:rate(conduit_connector_bytes_sum{pipeline_name=\"archv2-nxm\",type=\"destination\"}[2s])/1048576 start:2026-08-02T22:48:41.153Z step:1]" stats="&{Timings:{EvalTotalTime:6.9625e-05 ResultSortTime:5e-07 QueryPreparationTime:7.958e-06 InnerEvalTime:5.7625e-05 ExecQueueTime:1.166e-06 ExecTotalTime:7.2959e-05} Samples:0x140013588d0}" spanID=0000000000000000
time=2026-08-02T15:49:13.154-07:00 level=WARN msg="Query returned multiple series, only first will be used" test=archv2-nxm tool=conduit-v2 collector=conduit type=conduit collector=conduit type=conduit series-count=2
time=2026-08-02T15:49:13.154-07:00 level=DEBUG msg="Query returned data" test=archv2-nxm tool=conduit-v2 collector=conduit type=conduit collector=conduit type=conduit name=msg-megabytes-out-per-second[archv2-nxm] series-count=1 last-value=0.5265884399414062
time=2026-08-02T15:49:13.642-07:00 level=DEBUG msg="Inspecting container" model=container-monitor name=benchi-conduit
time=2026-08-02T15:49:14.148-07:00 level=DEBUG msg="Inspecting container" model=container-monitor name=benchi-conduit
time=2026-08-02T15:49:14.155-07:00 level=DEBUG msg="promql query logged" test=archv2-nxm tool=conduit-v2 collector=conduit type=conduit collector=conduit type=conduit params="map[end:2026-08-02T22:49:14.154Z query:rate(conduit_pipeline_execution_duration_seconds_count{pipeline_name=\"archv2-nxm\"}[2s]) start:2026-08-02T22:48:41.153Z step:1]" stats="&{Timings:{EvalTotalTime:0.00045275 ResultSortTime:1.167e-06 QueryPreparationTime:3.1834e-05 InnerEvalTime:0.000204375 ExecQueueTime:4.875e-06 ExecTotalTime:0.00046425} Samples:0x140013c6930}" spanID=0000000000000000
time=2026-08-02T15:49:14.155-07:00 level=DEBUG msg="Query returned data" test=archv2-nxm tool=conduit-v2 collector=conduit type=conduit collector=conduit type=conduit name=msg-rate-per-second[archv2-nxm] series-count=1 last-value=18145
time=2026-08-02T15:49:14.156-07:00 level=DEBUG msg="promql query logged" test=archv2-nxm tool=conduit-v2 collector=conduit type=conduit collector=conduit type=conduit params="map[end:2026-08-02T22:49:14.155Z query:rate(conduit_connector_bytes_sum{pipeline_name=\"archv2-nxm\",type=\"source\"}[2s])/1048576 start:2026-08-02T22:48:41.153Z step:1]" stats="&{Timings:{EvalTotalTime:0.000366833 ResultSortTime:1.75e-06 QueryPreparationTime:2.1375e-05 InnerEvalTime:0.000157958 ExecQueueTime:4.083e-06 ExecTotalTime:0.000375541} Samples:0x140013c6ff0}" spanID=0000000000000000
time=2026-08-02T15:49:14.156-07:00 level=WARN msg="Query returned multiple series, only first will be used" test=archv2-nxm tool=conduit-v2 collector=conduit type=conduit collector=conduit type=conduit series-count=2
time=2026-08-02T15:49:14.157-07:00 level=DEBUG msg="Query returned data" test=archv2-nxm tool=conduit-v2 collector=conduit type=conduit collector=conduit type=conduit name=msg-megabytes-in-per-second[archv2-nxm] series-count=1 last-value=0.25656986236572266
time=2026-08-02T15:49:14.157-07:00 level=DEBUG msg="promql query logged" test=archv2-nxm tool=conduit-v2 collector=conduit type=conduit collector=conduit type=conduit params="map[end:2026-08-02T22:49:14.157Z query:rate(conduit_connector_bytes_sum{pipeline_name=\"archv2-nxm\",type=\"destination\"}[2s])/1048576 start:2026-08-02T22:48:41.153Z step:1]" stats="&{Timings:{EvalTotalTime:0.000102666 ResultSortTime:3.916e-06 QueryPreparationTime:1.6583e-05 InnerEvalTime:7.6666e-05 ExecQueueTime:2.374e-06 ExecTotalTime:0.000107667} Samples:0x14000a1c120}" spanID=0000000000000000
time=2026-08-02T15:49:14.157-07:00 level=WARN msg="Query returned multiple series, only first will be used" test=archv2-nxm tool=conduit-v2 collector=conduit type=conduit collector=conduit type=conduit series-count=2
time=2026-08-02T15:49:14.157-07:00 level=DEBUG msg="Query returned data" test=archv2-nxm tool=conduit-v2 collector=conduit type=conduit collector=conduit type=conduit name=msg-megabytes-out-per-second[archv2-nxm] series-count=1 last-value=0.5118408203125
time=2026-08-02T15:49:14.663-07:00 level=DEBUG msg="Inspecting container" model=container-monitor name=benchi-conduit
time=2026-08-02T15:49:15.155-07:00 level=DEBUG msg="promql query logged" test=archv2-nxm tool=conduit-v2 collector=conduit type=conduit collector=conduit type=conduit params="map[end:2026-08-02T22:49:15.154Z query:rate(conduit_pipeline_execution_duration_seconds_count{pipeline_name=\"archv2-nxm\"}[2s]) start:2026-08-02T22:48:41.153Z step:1]" stats="&{Timings:{EvalTotalTime:0.000169292 ResultSortTime:1.167e-06 QueryPreparationTime:3.8e-05 InnerEvalTime:0.000115334 ExecQueueTime:5.292e-06 ExecTotalTime:0.000180083} Samples:0x14001648780}" spanID=0000000000000000
time=2026-08-02T15:49:15.155-07:00 level=DEBUG msg="Query returned data" test=archv2-nxm tool=conduit-v2 collector=conduit type=conduit collector=conduit type=conduit name=msg-rate-per-second[archv2-nxm] series-count=1 last-value=18362
time=2026-08-02T15:49:15.155-07:00 level=DEBUG msg="promql query logged" test=archv2-nxm tool=conduit-v2 collector=conduit type=conduit collector=conduit type=conduit params="map[end:2026-08-02T22:49:15.155Z query:rate(conduit_connector_bytes_sum{pipeline_name=\"archv2-nxm\",type=\"source\"}[2s])/1048576 start:2026-08-02T22:48:41.153Z step:1]" stats="&{Timings:{EvalTotalTime:0.000133709 ResultSortTime:1.75e-06 QueryPreparationTime:1.8541e-05 InnerEvalTime:0.000106708 ExecQueueTime:7.8709e-05 ExecTotalTime:0.000143958} Samples:0x14001648e40}" spanID=0000000000000000
time=2026-08-02T15:49:15.155-07:00 level=WARN msg="Query returned multiple series, only first will be used" test=archv2-nxm tool=conduit-v2 collector=conduit type=conduit collector=conduit type=conduit series-count=2
time=2026-08-02T15:49:15.156-07:00 level=DEBUG msg="Query returned data" test=archv2-nxm tool=conduit-v2 collector=conduit type=conduit collector=conduit type=conduit name=msg-megabytes-in-per-second[archv2-nxm] series-count=1 last-value=0.2604179382324219
time=2026-08-02T15:49:15.157-07:00 level=DEBUG msg="promql query logged" test=archv2-nxm tool=conduit-v2 collector=conduit type=conduit collector=conduit type=conduit params="map[end:2026-08-02T22:49:15.157Z query:rate(conduit_connector_bytes_sum{pipeline_name=\"archv2-nxm\",type=\"destination\"}[2s])/1048576 start:2026-08-02T22:48:41.153Z step:1]" stats="&{Timings:{EvalTotalTime:6.9792e-05 ResultSortTime:9.16e-07 QueryPreparationTime:1.1917e-05 InnerEvalTime:5.3833e-05 ExecQueueTime:2.334e-06 ExecTotalTime:7.2959e-05} Samples:0x14001a20000}" spanID=0000000000000000
time=2026-08-02T15:49:15.157-07:00 level=WARN msg="Query returned multiple series, only first will be used" test=archv2-nxm tool=conduit-v2 collector=conduit type=conduit collector=conduit type=conduit series-count=2
time=2026-08-02T15:49:15.157-07:00 level=DEBUG msg="Query returned data" test=archv2-nxm tool=conduit-v2 collector=conduit type=conduit collector=conduit type=conduit name=msg-megabytes-out-per-second[archv2-nxm] series-count=1 last-value=0.5194549560546875
time=2026-08-02T15:49:15.169-07:00 level=DEBUG msg="Inspecting container" model=container-monitor name=benchi-conduit
time=2026-08-02T15:49:15.675-07:00 level=DEBUG msg="Inspecting container" model=container-monitor name=benchi-conduit
time=2026-08-02T15:49:16.153-07:00 level=INFO msg="Test in progress" test=archv2-nxm tool=conduit-v2 step=test time-left=25s
time=2026-08-02T15:49:16.154-07:00 level=DEBUG msg="promql query logged" test=archv2-nxm tool=conduit-v2 collector=conduit type=conduit collector=conduit type=conduit params="map[end:2026-08-02T22:49:16.154Z query:rate(conduit_pipeline_execution_duration_seconds_count{pipeline_name=\"archv2-nxm\"}[2s]) start:2026-08-02T22:48:41.153Z step:1]" stats="&{Timings:{EvalTotalTime:0.000115375 ResultSortTime:8.34e-07 QueryPreparationTime:3.6166e-05 InnerEvalTime:6.5875e-05 ExecQueueTime:3.792e-06 ExecTotalTime:0.000124375} Samples:0x1400128d2f0}" spanID=0000000000000000
time=2026-08-02T15:49:16.154-07:00 level=DEBUG msg="Query returned data" test=archv2-nxm tool=conduit-v2 collector=conduit type=conduit collector=conduit type=conduit name=msg-rate-per-second[archv2-nxm] series-count=1 last-value=18093
time=2026-08-02T15:49:16.154-07:00 level=DEBUG msg="promql query logged" test=archv2-nxm tool=conduit-v2 collector=conduit type=conduit collector=conduit type=conduit params="map[end:2026-08-02T22:49:16.154Z query:rate(conduit_connector_bytes_sum{pipeline_name=\"archv2-nxm\",type=\"source\"}[2s])/1048576 start:2026-08-02T22:48:41.153Z step:1]" stats="&{Timings:{EvalTotalTime:0.000109 ResultSortTime:2.084e-06 QueryPreparationTime:1.3625e-05 InnerEvalTime:8.8416e-05 ExecQueueTime:1.666e-06 ExecTotalTime:0.000116583} Samples:0x1400128da10}" spanID=0000000000000000
time=2026-08-02T15:49:16.154-07:00 level=WARN msg="Query returned multiple series, only first will be used" test=archv2-nxm tool=conduit-v2 collector=conduit type=conduit collector=conduit type=conduit series-count=2
time=2026-08-02T15:49:16.155-07:00 level=DEBUG msg="Query returned data" test=archv2-nxm tool=conduit-v2 collector=conduit type=conduit collector=conduit type=conduit name=msg-megabytes-in-per-second[archv2-nxm] series-count=1 last-value=0.2567262649536133
time=2026-08-02T15:49:16.155-07:00 level=DEBUG msg="promql query logged" test=archv2-nxm tool=conduit-v2 collector=conduit type=conduit collector=conduit type=conduit params="map[end:2026-08-02T22:49:16.155Z query:rate(conduit_connector_bytes_sum{pipeline_name=\"archv2-nxm\",type=\"destination\"}[2s])/1048576 start:2026-08-02T22:48:41.153Z step:1]" stats="&{Timings:{EvalTotalTime:0.000239083 ResultSortTime:1.208e-06 QueryPreparationTime:8.7666e-05 InnerEvalTime:0.0001405 ExecQueueTime:2.084e-06 ExecTotalTime:0.000245708} Samples:0x1400138e1b0}" spanID=0000000000000000
time=2026-08-02T15:49:16.155-07:00 level=WARN msg="Query returned multiple series, only first will be used" test=archv2-nxm tool=conduit-v2 collector=conduit type=conduit collector=conduit type=conduit series-count=2
time=2026-08-02T15:49:16.155-07:00 level=DEBUG msg="Query returned data" test=archv2-nxm tool=conduit-v2 collector=conduit type=conduit collector=conduit type=conduit name=msg-megabytes-out-per-second[archv2-nxm] series-count=1 last-value=0.511387825012207
time=2026-08-02T15:49:16.191-07:00 level=DEBUG msg="Inspecting container" model=container-monitor name=benchi-conduit
time=2026-08-02T15:49:16.705-07:00 level=DEBUG msg="Inspecting container" model=container-monitor name=benchi-conduit
time=2026-08-02T15:49:17.154-07:00 level=DEBUG msg="promql query logged" test=archv2-nxm tool=conduit-v2 collector=conduit type=conduit collector=conduit type=conduit params="map[end:2026-08-02T22:49:17.154Z query:rate(conduit_pipeline_execution_duration_seconds_count{pipeline_name=\"archv2-nxm\"}[2s]) start:2026-08-02T22:48:41.153Z step:1]" stats="&{Timings:{EvalTotalTime:6.9e-05 ResultSortTime:5.41e-07 QueryPreparationTime:1.9625e-05 InnerEvalTime:4.2709e-05 ExecQueueTime:3.292e-06 ExecTotalTime:7.5083e-05} Samples:0x1400143b3e0}" spanID=0000000000000000
time=2026-08-02T15:49:17.154-07:00 level=DEBUG msg="Query returned data" test=archv2-nxm tool=conduit-v2 collector=conduit type=conduit collector=conduit type=conduit name=msg-rate-per-second[archv2-nxm] series-count=1 last-value=18058
time=2026-08-02T15:49:17.154-07:00 level=DEBUG msg="promql query logged" test=archv2-nxm tool=conduit-v2 collector=conduit type=conduit collector=conduit type=conduit params="map[end:2026-08-02T22:49:17.154Z query:rate(conduit_connector_bytes_sum{pipeline_name=\"archv2-nxm\",type=\"source\"}[2s])/1048576 start:2026-08-02T22:48:41.153Z step:1]" stats="&{Timings:{EvalTotalTime:8.7708e-05 ResultSortTime:1.25e-06 QueryPreparationTime:8.834e-06 InnerEvalTime:7.35e-05 ExecQueueTime:1.208e-06 ExecTotalTime:9.1333e-05} Samples:0x1400143baa0}" spanID=0000000000000000
time=2026-08-02T15:49:17.154-07:00 level=WARN msg="Query returned multiple series, only first will be used" test=archv2-nxm tool=conduit-v2 collector=conduit type=conduit collector=conduit type=conduit series-count=2
time=2026-08-02T15:49:17.154-07:00 level=DEBUG msg="Query returned data" test=archv2-nxm tool=conduit-v2 collector=conduit type=conduit collector=conduit type=conduit name=msg-megabytes-in-per-second[archv2-nxm] series-count=1 last-value=0.25519657135009766
time=2026-08-02T15:49:17.154-07:00 level=DEBUG msg="promql query logged" test=archv2-nxm tool=conduit-v2 collector=conduit type=conduit collector=conduit type=conduit params="map[end:2026-08-02T22:49:17.154Z query:rate(conduit_connector_bytes_sum{pipeline_name=\"archv2-nxm\",type=\"destination\"}[2s])/1048576 start:2026-08-02T22:48:41.153Z step:1]" stats="&{Timings:{EvalTotalTime:5.5917e-05 ResultSortTime:7.92e-07 QueryPreparationTime:7.5e-06 InnerEvalTime:4.4708e-05 ExecQueueTime:9.57e-07 ExecTotalTime:5.8417e-05} Samples:0x14001468ba0}" spanID=0000000000000000
time=2026-08-02T15:49:17.154-07:00 level=WARN msg="Query returned multiple series, only first will be used" test=archv2-nxm tool=conduit-v2 collector=conduit type=conduit collector=conduit type=conduit series-count=2
time=2026-08-02T15:49:17.155-07:00 level=DEBUG msg="Query returned data" test=archv2-nxm tool=conduit-v2 collector=conduit type=conduit collector=conduit type=conduit name=msg-megabytes-out-per-second[archv2-nxm] series-count=1 last-value=0.5100669860839844
time=2026-08-02T15:49:17.216-07:00 level=DEBUG msg="Inspecting container" model=container-monitor name=benchi-conduit
time=2026-08-02T15:49:17.728-07:00 level=DEBUG msg="Inspecting container" model=container-monitor name=benchi-conduit
time=2026-08-02T15:49:18.154-07:00 level=DEBUG msg="promql query logged" test=archv2-nxm tool=conduit-v2 collector=conduit type=conduit collector=conduit type=conduit params="map[end:2026-08-02T22:49:18.154Z query:rate(conduit_pipeline_execution_duration_seconds_count{pipeline_name=\"archv2-nxm\"}[2s]) start:2026-08-02T22:48:41.153Z step:1]" stats="&{Timings:{EvalTotalTime:6.2333e-05 ResultSortTime:5.42e-07 QueryPreparationTime:1.6e-05 InnerEvalTime:3.875e-05 ExecQueueTime:2.666e-06 ExecTotalTime:6.7833e-05} Samples:0x140013cdaa0}" spanID=0000000000000000
time=2026-08-02T15:49:18.155-07:00 level=DEBUG msg="Query returned data" test=archv2-nxm tool=conduit-v2 collector=conduit type=conduit collector=conduit type=conduit name=msg-rate-per-second[archv2-nxm] series-count=1 last-value=18217
time=2026-08-02T15:49:18.155-07:00 level=DEBUG msg="promql query logged" test=archv2-nxm tool=conduit-v2 collector=conduit type=conduit collector=conduit type=conduit params="map[end:2026-08-02T22:49:18.155Z query:rate(conduit_connector_bytes_sum{pipeline_name=\"archv2-nxm\",type=\"source\"}[2s])/1048576 start:2026-08-02T22:48:41.153Z step:1]" stats="&{Timings:{EvalTotalTime:0.000108291 ResultSortTime:1.041e-06 QueryPreparationTime:9.416e-06 InnerEvalTime:9.2833e-05 ExecQueueTime:1.125e-06 ExecTotalTime:0.000112125} Samples:0x140015d21e0}" spanID=0000000000000000
time=2026-08-02T15:49:18.155-07:00 level=WARN msg="Query returned multiple series, only first will be used" test=archv2-nxm tool=conduit-v2 collector=conduit type=conduit collector=conduit type=conduit series-count=2
time=2026-08-02T15:49:18.156-07:00 level=DEBUG msg="Query returned data" test=archv2-nxm tool=conduit-v2 collector=conduit type=conduit collector=conduit type=conduit name=msg-megabytes-in-per-second[archv2-nxm] series-count=1 last-value=0.2555389404296875
time=2026-08-02T15:49:18.156-07:00 level=DEBUG msg="promql query logged" test=archv2-nxm tool=conduit-v2 collector=conduit type=conduit collector=conduit type=conduit params="map[end:2026-08-02T22:49:18.156Z query:rate(conduit_connector_bytes_sum{pipeline_name=\"archv2-nxm\",type=\"destination\"}[2s])/1048576 start:2026-08-02T22:48:41.153Z step:1]" stats="&{Timings:{EvalTotalTime:8.775e-05 ResultSortTime:6.25e-07 QueryPreparationTime:1.1292e-05 InnerEvalTime:7.125e-05 ExecQueueTime:1.542e-06 ExecTotalTime:9.1625e-05} Samples:0x140014ce870}" spanID=0000000000000000
time=2026-08-02T15:49:18.156-07:00 level=WARN msg="Query returned multiple series, only first will be used" test=archv2-nxm tool=conduit-v2 collector=conduit type=conduit collector=conduit type=conduit series-count=2
time=2026-08-02T15:49:18.156-07:00 level=DEBUG msg="Query returned data" test=archv2-nxm tool=conduit-v2 collector=conduit type=conduit collector=conduit type=conduit name=msg-megabytes-out-per-second[archv2-nxm] series-count=1 last-value=0.5147027969360352
time=2026-08-02T15:49:18.236-07:00 level=DEBUG msg="Inspecting container" model=container-monitor name=benchi-conduit
time=2026-08-02T15:49:18.741-07:00 level=DEBUG msg="Inspecting container" model=container-monitor name=benchi-conduit
time=2026-08-02T15:49:19.154-07:00 level=DEBUG msg="promql query logged" test=archv2-nxm tool=conduit-v2 collector=conduit type=conduit collector=conduit type=conduit params="map[end:2026-08-02T22:49:19.154Z query:rate(conduit_pipeline_execution_duration_seconds_count{pipeline_name=\"archv2-nxm\"}[2s]) start:2026-08-02T22:48:41.153Z step:1]" stats="&{Timings:{EvalTotalTime:9.8375e-05 ResultSortTime:9.58e-07 QueryPreparationTime:2.6e-05 InnerEvalTime:5.7083e-05 ExecQueueTime:3.958e-06 ExecTotalTime:0.000106833} Samples:0x1400170b410}" spanID=0000000000000000
time=2026-08-02T15:49:19.154-07:00 level=DEBUG msg="Query returned data" test=archv2-nxm tool=conduit-v2 collector=conduit type=conduit collector=conduit type=conduit name=msg-rate-per-second[archv2-nxm] series-count=1 last-value=19685
time=2026-08-02T15:49:19.154-07:00 level=DEBUG msg="promql query logged" test=archv2-nxm tool=conduit-v2 collector=conduit type=conduit collector=conduit type=conduit params="map[end:2026-08-02T22:49:19.154Z query:rate(conduit_connector_bytes_sum{pipeline_name=\"archv2-nxm\",type=\"source\"}[2s])/1048576 start:2026-08-02T22:48:41.153Z step:1]" stats="&{Timings:{EvalTotalTime:0.0001465 ResultSortTime:2.041e-06 QueryPreparationTime:1.7166e-05 InnerEvalTime:9.0375e-05 ExecQueueTime:5.9209e-05 ExecTotalTime:0.000153333} Samples:0x1400170bad0}" spanID=0000000000000000
time=2026-08-02T15:49:19.155-07:00 level=WARN msg="Query returned multiple series, only first will be used" test=archv2-nxm tool=conduit-v2 collector=conduit type=conduit collector=conduit type=conduit series-count=2
time=2026-08-02T15:49:19.155-07:00 level=DEBUG msg="Query returned data" test=archv2-nxm tool=conduit-v2 collector=conduit type=conduit collector=conduit type=conduit name=msg-megabytes-in-per-second[archv2-nxm] series-count=1 last-value=0.2779531478881836
time=2026-08-02T15:49:19.157-07:00 level=DEBUG msg="promql query logged" test=archv2-nxm tool=conduit-v2 collector=conduit type=conduit collector=conduit type=conduit params="map[end:2026-08-02T22:49:19.157Z query:rate(conduit_connector_bytes_sum{pipeline_name=\"archv2-nxm\",type=\"destination\"}[2s])/1048576 start:2026-08-02T22:48:41.153Z step:1]" stats="&{Timings:{EvalTotalTime:6.9083e-05 ResultSortTime:7.08e-07 QueryPreparationTime:1.3292e-05 InnerEvalTime:5.225e-05 ExecQueueTime:1.999e-06 ExecTotalTime:7.2333e-05} Samples:0x1400174ac90}" spanID=0000000000000000
time=2026-08-02T15:49:19.157-07:00 level=WARN msg="Query returned multiple series, only first will be used" test=archv2-nxm tool=conduit-v2 collector=conduit type=conduit collector=conduit type=conduit series-count=2
time=2026-08-02T15:49:19.157-07:00 level=DEBUG msg="Query returned data" test=archv2-nxm tool=conduit-v2 collector=conduit type=conduit collector=conduit type=conduit name=msg-megabytes-out-per-second[archv2-nxm] series-count=1 last-value=0.5564146041870117
time=2026-08-02T15:49:19.250-07:00 level=DEBUG msg="Inspecting container" model=container-monitor name=benchi-conduit
time=2026-08-02T15:49:19.754-07:00 level=DEBUG msg="Inspecting container" model=container-monitor name=benchi-conduit
time=2026-08-02T15:49:20.155-07:00 level=DEBUG msg="promql query logged" test=archv2-nxm tool=conduit-v2 collector=conduit type=conduit collector=conduit type=conduit params="map[end:2026-08-02T22:49:20.155Z query:rate(conduit_pipeline_execution_duration_seconds_count{pipeline_name=\"archv2-nxm\"}[2s]) start:2026-08-02T22:48:41.153Z step:1]" stats="&{Timings:{EvalTotalTime:7.15e-05 ResultSortTime:3.33e-07 QueryPreparationTime:1.8083e-05 InnerEvalTime:4.4125e-05 ExecQueueTime:2.792e-06 ExecTotalTime:7.725e-05} Samples:0x1400179c960}" spanID=0000000000000000
time=2026-08-02T15:49:20.155-07:00 level=DEBUG msg="Query returned data" test=archv2-nxm tool=conduit-v2 collector=conduit type=conduit collector=conduit type=conduit name=msg-rate-per-second[archv2-nxm] series-count=1 last-value=18368
time=2026-08-02T15:49:20.155-07:00 level=DEBUG msg="promql query logged" test=archv2-nxm tool=conduit-v2 collector=conduit type=conduit collector=conduit type=conduit params="map[end:2026-08-02T22:49:20.155Z query:rate(conduit_connector_bytes_sum{pipeline_name=\"archv2-nxm\",type=\"source\"}[2s])/1048576 start:2026-08-02T22:48:41.153Z step:1]" stats="&{Timings:{EvalTotalTime:8.2416e-05 ResultSortTime:1e-06 QueryPreparationTime:9.75e-06 InnerEvalTime:6.8333e-05 ExecQueueTime:1.125e-06 ExecTotalTime:8.5625e-05} Samples:0x1400179d020}" spanID=0000000000000000
time=2026-08-02T15:49:20.155-07:00 level=WARN msg="Query returned multiple series, only first will be used" test=archv2-nxm tool=conduit-v2 collector=conduit type=conduit collector=conduit type=conduit series-count=2
time=2026-08-02T15:49:20.155-07:00 level=DEBUG msg="Query returned data" test=archv2-nxm tool=conduit-v2 collector=conduit type=conduit collector=conduit type=conduit name=msg-megabytes-in-per-second[archv2-nxm] series-count=1 last-value=0.2585105895996094
time=2026-08-02T15:49:20.156-07:00 level=DEBUG msg="promql query logged" test=archv2-nxm tool=conduit-v2 collector=conduit type=conduit collector=conduit type=conduit params="map[end:2026-08-02T22:49:20.156Z query:rate(conduit_connector_bytes_sum{pipeline_name=\"archv2-nxm\",type=\"destination\"}[2s])/1048576 start:2026-08-02T22:48:41.153Z step:1]" stats="&{Timings:{EvalTotalTime:9.125e-05 ResultSortTime:8.33e-07 QueryPreparationTime:1.1875e-05 InnerEvalTime:7.45e-05 ExecQueueTime:1.584e-06 ExecTotalTime:9.5084e-05} Samples:0x1400188f0b0}" spanID=0000000000000000
time=2026-08-02T15:49:20.156-07:00 level=WARN msg="Query returned multiple series, only first will be used" test=archv2-nxm tool=conduit-v2 collector=conduit type=conduit collector=conduit type=conduit series-count=2
time=2026-08-02T15:49:20.156-07:00 level=DEBUG msg="Query returned data" test=archv2-nxm tool=conduit-v2 collector=conduit type=conduit collector=conduit type=conduit name=msg-megabytes-out-per-second[archv2-nxm] series-count=1 last-value=0.5198564529418945
time=2026-08-02T15:49:20.267-07:00 level=DEBUG msg="Inspecting container" model=container-monitor name=benchi-conduit
time=2026-08-02T15:49:20.777-07:00 level=DEBUG msg="Inspecting container" model=container-monitor name=benchi-conduit
time=2026-08-02T15:49:21.154-07:00 level=INFO msg="Test in progress" test=archv2-nxm tool=conduit-v2 step=test time-left=20s
time=2026-08-02T15:49:21.155-07:00 level=DEBUG msg="promql query logged" test=archv2-nxm tool=conduit-v2 collector=conduit type=conduit collector=conduit type=conduit params="map[end:2026-08-02T22:49:21.155Z query:rate(conduit_pipeline_execution_duration_seconds_count{pipeline_name=\"archv2-nxm\"}[2s]) start:2026-08-02T22:48:41.153Z step:1]" stats="&{Timings:{EvalTotalTime:0.00010575 ResultSortTime:6.67e-07 QueryPreparationTime:2.8083e-05 InnerEvalTime:6.5709e-05 ExecQueueTime:6.709e-06 ExecTotalTime:0.000118583} Samples:0x1400174e510}" spanID=0000000000000000
time=2026-08-02T15:49:21.160-07:00 level=DEBUG msg="Query returned data" test=archv2-nxm tool=conduit-v2 collector=conduit type=conduit collector=conduit type=conduit name=msg-rate-per-second[archv2-nxm] series-count=1 last-value=18188
time=2026-08-02T15:49:21.161-07:00 level=DEBUG msg="promql query logged" test=archv2-nxm tool=conduit-v2 collector=conduit type=conduit collector=conduit type=conduit params="map[end:2026-08-02T22:49:21.160Z query:rate(conduit_connector_bytes_sum{pipeline_name=\"archv2-nxm\",type=\"source\"}[2s])/1048576 start:2026-08-02T22:48:41.153Z step:1]" stats="&{Timings:{EvalTotalTime:9.425e-05 ResultSortTime:1.291e-06 QueryPreparationTime:1.1458e-05 InnerEvalTime:7.8417e-05 ExecQueueTime:1.042e-06 ExecTotalTime:9.7791e-05} Samples:0x140018bbda0}" spanID=0000000000000000
time=2026-08-02T15:49:21.161-07:00 level=WARN msg="Query returned multiple series, only first will be used" test=archv2-nxm tool=conduit-v2 collector=conduit type=conduit collector=conduit type=conduit series-count=2
time=2026-08-02T15:49:21.161-07:00 level=DEBUG msg="Query returned data" test=archv2-nxm tool=conduit-v2 collector=conduit type=conduit collector=conduit type=conduit name=msg-megabytes-in-per-second[archv2-nxm] series-count=1 last-value=0.2588386535644531
time=2026-08-02T15:49:21.161-07:00 level=DEBUG msg="promql query logged" test=archv2-nxm tool=conduit-v2 collector=conduit type=conduit collector=conduit type=conduit params="map[end:2026-08-02T22:49:21.161Z query:rate(conduit_connector_bytes_sum{pipeline_name=\"archv2-nxm\",type=\"destination\"}[2s])/1048576 start:2026-08-02T22:48:41.153Z step:1]" stats="&{Timings:{EvalTotalTime:0.000172875 ResultSortTime:1.625e-06 QueryPreparationTime:1.75e-05 InnerEvalTime:0.0001445 ExecQueueTime:2.167e-06 ExecTotalTime:0.000214083} Samples:0x1400174ec30}" spanID=0000000000000000
time=2026-08-02T15:49:21.161-07:00 level=WARN msg="Query returned multiple series, only first will be used" test=archv2-nxm tool=conduit-v2 collector=conduit type=conduit collector=conduit type=conduit series-count=2
time=2026-08-02T15:49:21.161-07:00 level=DEBUG msg="Query returned data" test=archv2-nxm tool=conduit-v2 collector=conduit type=conduit collector=conduit type=conduit name=msg-megabytes-out-per-second[archv2-nxm] series-count=1 last-value=0.5145940780639648
time=2026-08-02T15:49:21.282-07:00 level=DEBUG msg="Inspecting container" model=container-monitor name=benchi-conduit
time=2026-08-02T15:49:21.788-07:00 level=DEBUG msg="Inspecting container" model=container-monitor name=benchi-conduit
time=2026-08-02T15:49:22.156-07:00 level=DEBUG msg="promql query logged" test=archv2-nxm tool=conduit-v2 collector=conduit type=conduit collector=conduit type=conduit params="map[end:2026-08-02T22:49:22.155Z query:rate(conduit_pipeline_execution_duration_seconds_count{pipeline_name=\"archv2-nxm\"}[2s]) start:2026-08-02T22:48:41.153Z step:1]" stats="&{Timings:{EvalTotalTime:0.000121583 ResultSortTime:7.92e-07 QueryPreparationTime:3.6416e-05 InnerEvalTime:7.2583e-05 ExecQueueTime:5.208e-06 ExecTotalTime:0.000132625} Samples:0x140014ec2d0}" spanID=0000000000000000
time=2026-08-02T15:49:22.156-07:00 level=DEBUG msg="Query returned data" test=archv2-nxm tool=conduit-v2 collector=conduit type=conduit collector=conduit type=conduit name=msg-rate-per-second[archv2-nxm] series-count=1 last-value=19129
time=2026-08-02T15:49:22.156-07:00 level=DEBUG msg="promql query logged" test=archv2-nxm tool=conduit-v2 collector=conduit type=conduit collector=conduit type=conduit params="map[end:2026-08-02T22:49:22.156Z query:rate(conduit_connector_bytes_sum{pipeline_name=\"archv2-nxm\",type=\"source\"}[2s])/1048576 start:2026-08-02T22:48:41.153Z step:1]" stats="&{Timings:{EvalTotalTime:0.000177625 ResultSortTime:1.75e-06 QueryPreparationTime:1.725e-05 InnerEvalTime:0.000153083 ExecQueueTime:1.374e-06 ExecTotalTime:0.000184334} Samples:0x140014ec990}" spanID=0000000000000000
time=2026-08-02T15:49:22.156-07:00 level=WARN msg="Query returned multiple series, only first will be used" test=archv2-nxm tool=conduit-v2 collector=conduit type=conduit collector=conduit type=conduit series-count=2
time=2026-08-02T15:49:22.156-07:00 level=DEBUG msg="Query returned data" test=archv2-nxm tool=conduit-v2 collector=conduit type=conduit collector=conduit type=conduit name=msg-megabytes-in-per-second[archv2-nxm] series-count=1 last-value=0.26563453674316406
time=2026-08-02T15:49:22.157-07:00 level=DEBUG msg="promql query logged" test=archv2-nxm tool=conduit-v2 collector=conduit type=conduit collector=conduit type=conduit params="map[end:2026-08-02T22:49:22.156Z query:rate(conduit_connector_bytes_sum{pipeline_name=\"archv2-nxm\",type=\"destination\"}[2s])/1048576 start:2026-08-02T22:48:41.153Z step:1]" stats="&{Timings:{EvalTotalTime:0.000104208 ResultSortTime:7.91e-07 QueryPreparationTime:1.4542e-05 InnerEvalTime:8.2958e-05 ExecQueueTime:1.417e-06 ExecTotalTime:0.00010875} Samples:0x1400182edb0}" spanID=0000000000000000
time=2026-08-02T15:49:22.157-07:00 level=WARN msg="Query returned multiple series, only first will be used" test=archv2-nxm tool=conduit-v2 collector=conduit type=conduit collector=conduit type=conduit series-count=2
time=2026-08-02T15:49:22.157-07:00 level=DEBUG msg="Query returned data" test=archv2-nxm tool=conduit-v2 collector=conduit type=conduit collector=conduit type=conduit name=msg-megabytes-out-per-second[archv2-nxm] series-count=1 last-value=0.5413818359375
time=2026-08-02T15:49:22.297-07:00 level=DEBUG msg="Inspecting container" model=container-monitor name=benchi-conduit
time=2026-08-02T15:49:22.808-07:00 level=DEBUG msg="Inspecting container" model=container-monitor name=benchi-conduit
time=2026-08-02T15:49:23.154-07:00 level=DEBUG msg="promql query logged" test=archv2-nxm tool=conduit-v2 collector=conduit type=conduit collector=conduit type=conduit params="map[end:2026-08-02T22:49:23.153Z query:rate(conduit_pipeline_execution_duration_seconds_count{pipeline_name=\"archv2-nxm\"}[2s]) start:2026-08-02T22:48:41.153Z step:1]" stats="&{Timings:{EvalTotalTime:9.05e-05 ResultSortTime:5.83e-07 QueryPreparationTime:2.5625e-05 InnerEvalTime:5.6542e-05 ExecQueueTime:3.791e-06 ExecTotalTime:9.8333e-05} Samples:0x14001684000}" spanID=0000000000000000
time=2026-08-02T15:49:23.154-07:00 level=DEBUG msg="Query returned data" test=archv2-nxm tool=conduit-v2 collector=conduit type=conduit collector=conduit type=conduit name=msg-rate-per-second[archv2-nxm] series-count=1 last-value=17710
time=2026-08-02T15:49:23.154-07:00 level=DEBUG msg="promql query logged" test=archv2-nxm tool=conduit-v2 collector=conduit type=conduit collector=conduit type=conduit params="map[end:2026-08-02T22:49:23.154Z query:rate(conduit_connector_bytes_sum{pipeline_name=\"archv2-nxm\",type=\"source\"}[2s])/1048576 start:2026-08-02T22:48:41.153Z step:1]" stats="&{Timings:{EvalTotalTime:0.000116541 ResultSortTime:1.333e-06 QueryPreparationTime:1.5583e-05 InnerEvalTime:9.2917e-05 ExecQueueTime:1.667e-06 ExecTotalTime:0.000121} Samples:0x14001684f00}" spanID=0000000000000000
time=2026-08-02T15:49:23.154-07:00 level=WARN msg="Query returned multiple series, only first will be used" test=archv2-nxm tool=conduit-v2 collector=conduit type=conduit collector=conduit type=conduit series-count=2
time=2026-08-02T15:49:23.154-07:00 level=DEBUG msg="Query returned data" test=archv2-nxm tool=conduit-v2 collector=conduit type=conduit collector=conduit type=conduit name=msg-megabytes-in-per-second[archv2-nxm] series-count=1 last-value=0.25173377990722656
time=2026-08-02T15:49:23.155-07:00 level=DEBUG msg="promql query logged" test=archv2-nxm tool=conduit-v2 collector=conduit type=conduit collector=conduit type=conduit params="map[end:2026-08-02T22:49:23.154Z query:rate(conduit_connector_bytes_sum{pipeline_name=\"archv2-nxm\",type=\"destination\"}[2s])/1048576 start:2026-08-02T22:48:41.153Z step:1]" stats="&{Timings:{EvalTotalTime:0.000143875 ResultSortTime:1.167e-06 QueryPreparationTime:1.3375e-05 InnerEvalTime:0.000123375 ExecQueueTime:1.751e-06 ExecTotalTime:0.000148834} Samples:0x1400100be30}" spanID=0000000000000000
time=2026-08-02T15:49:23.155-07:00 level=WARN msg="Query returned multiple series, only first will be used" test=archv2-nxm tool=conduit-v2 collector=conduit type=conduit collector=conduit type=conduit series-count=2
time=2026-08-02T15:49:23.155-07:00 level=DEBUG msg="Query returned data" test=archv2-nxm tool=conduit-v2 collector=conduit type=conduit collector=conduit type=conduit name=msg-megabytes-out-per-second[archv2-nxm] series-count=1 last-value=0.5001840591430664
time=2026-08-02T15:49:23.314-07:00 level=DEBUG msg="Inspecting container" model=container-monitor name=benchi-conduit
time=2026-08-02T15:49:23.824-07:00 level=DEBUG msg="Inspecting container" model=container-monitor name=benchi-conduit
time=2026-08-02T15:49:24.155-07:00 level=DEBUG msg="promql query logged" test=archv2-nxm tool=conduit-v2 collector=conduit type=conduit collector=conduit type=conduit params="map[end:2026-08-02T22:49:24.154Z query:rate(conduit_pipeline_execution_duration_seconds_count{pipeline_name=\"archv2-nxm\"}[2s]) start:2026-08-02T22:48:41.153Z step:1]" stats="&{Timings:{EvalTotalTime:0.000121834 ResultSortTime:1.166e-06 QueryPreparationTime:4.3584e-05 InnerEvalTime:6.2917e-05 ExecQueueTime:8.167e-06 ExecTotalTime:0.000133708} Samples:0x14000ea3ad0}" spanID=0000000000000000
time=2026-08-02T15:49:24.155-07:00 level=DEBUG msg="Query returned data" test=archv2-nxm tool=conduit-v2 collector=conduit type=conduit collector=conduit type=conduit name=msg-rate-per-second[archv2-nxm] series-count=1 last-value=18178
time=2026-08-02T15:49:24.155-07:00 level=DEBUG msg="promql query logged" test=archv2-nxm tool=conduit-v2 collector=conduit type=conduit collector=conduit type=conduit params="map[end:2026-08-02T22:49:24.155Z query:rate(conduit_connector_bytes_sum{pipeline_name=\"archv2-nxm\",type=\"source\"}[2s])/1048576 start:2026-08-02T22:48:41.153Z step:1]" stats="&{Timings:{EvalTotalTime:0.000124083 ResultSortTime:1.625e-06 QueryPreparationTime:1.6167e-05 InnerEvalTime:0.000101792 ExecQueueTime:2.375e-06 ExecTotalTime:0.000130042} Samples:0x14001560210}" spanID=0000000000000000
time=2026-08-02T15:49:24.155-07:00 level=WARN msg="Query returned multiple series, only first will be used" test=archv2-nxm tool=conduit-v2 collector=conduit type=conduit collector=conduit type=conduit series-count=2
time=2026-08-02T15:49:24.156-07:00 level=DEBUG msg="Query returned data" test=archv2-nxm tool=conduit-v2 collector=conduit type=conduit collector=conduit type=conduit name=msg-megabytes-in-per-second[archv2-nxm] series-count=1 last-value=0.2568550109863281
time=2026-08-02T15:49:24.156-07:00 level=DEBUG msg="promql query logged" test=archv2-nxm tool=conduit-v2 collector=conduit type=conduit collector=conduit type=conduit params="map[end:2026-08-02T22:49:24.156Z query:rate(conduit_connector_bytes_sum{pipeline_name=\"archv2-nxm\",type=\"destination\"}[2s])/1048576 start:2026-08-02T22:48:41.153Z step:1]" stats="&{Timings:{EvalTotalTime:0.000104291 ResultSortTime:9.59e-07 QueryPreparationTime:1.4541e-05 InnerEvalTime:8.3166e-05 ExecQueueTime:1.667e-06 ExecTotalTime:0.000107958} Samples:0x140015615c0}" spanID=0000000000000000
time=2026-08-02T15:49:24.156-07:00 level=WARN msg="Query returned multiple series, only first will be used" test=archv2-nxm tool=conduit-v2 collector=conduit type=conduit collector=conduit type=conduit series-count=2
time=2026-08-02T15:49:24.156-07:00 level=DEBUG msg="Query returned data" test=archv2-nxm tool=conduit-v2 collector=conduit type=conduit collector=conduit type=conduit name=msg-megabytes-out-per-second[archv2-nxm] series-count=1 last-value=0.5119438171386719
time=2026-08-02T15:49:24.336-07:00 level=DEBUG msg="Inspecting container" model=container-monitor name=benchi-conduit
time=2026-08-02T15:49:24.844-07:00 level=DEBUG msg="Inspecting container" model=container-monitor name=benchi-conduit
time=2026-08-02T15:49:25.154-07:00 level=DEBUG msg="promql query logged" test=archv2-nxm tool=conduit-v2 collector=conduit type=conduit collector=conduit type=conduit params="map[end:2026-08-02T22:49:25.154Z query:rate(conduit_pipeline_execution_duration_seconds_count{pipeline_name=\"archv2-nxm\"}[2s]) start:2026-08-02T22:48:41.153Z step:1]" stats="&{Timings:{EvalTotalTime:6.2625e-05 ResultSortTime:6.66e-07 QueryPreparationTime:1.75e-05 InnerEvalTime:3.8958e-05 ExecQueueTime:5.791e-06 ExecTotalTime:7.0792e-05} Samples:0x140017aec30}" spanID=0000000000000000
time=2026-08-02T15:49:25.154-07:00 level=DEBUG msg="Query returned data" test=archv2-nxm tool=conduit-v2 collector=conduit type=conduit collector=conduit type=conduit name=msg-rate-per-second[archv2-nxm] series-count=1 last-value=17690
time=2026-08-02T15:49:25.154-07:00 level=DEBUG msg="promql query logged" test=archv2-nxm tool=conduit-v2 collector=conduit type=conduit collector=conduit type=conduit params="map[end:2026-08-02T22:49:25.154Z query:rate(conduit_connector_bytes_sum{pipeline_name=\"archv2-nxm\",type=\"source\"}[2s])/1048576 start:2026-08-02T22:48:41.153Z step:1]" stats="&{Timings:{EvalTotalTime:8.5875e-05 ResultSortTime:1e-06 QueryPreparationTime:7.167e-06 InnerEvalTime:7.2375e-05 ExecQueueTime:1.125e-06 ExecTotalTime:8.9e-05} Samples:0x140017af2f0}" spanID=0000000000000000
time=2026-08-02T15:49:25.154-07:00 level=WARN msg="Query returned multiple series, only first will be used" test=archv2-nxm tool=conduit-v2 collector=conduit type=conduit collector=conduit type=conduit series-count=2
time=2026-08-02T15:49:25.154-07:00 level=DEBUG msg="Query returned data" test=archv2-nxm tool=conduit-v2 collector=conduit type=conduit collector=conduit type=conduit name=msg-megabytes-in-per-second[archv2-nxm] series-count=1 last-value=0.2507658004760742
time=2026-08-02T15:49:25.154-07:00 level=DEBUG msg="promql query logged" test=archv2-nxm tool=conduit-v2 collector=conduit type=conduit collector=conduit type=conduit params="map[end:2026-08-02T22:49:25.154Z query:rate(conduit_connector_bytes_sum{pipeline_name=\"archv2-nxm\",type=\"destination\"}[2s])/1048576 start:2026-08-02T22:48:41.153Z step:1]" stats="&{Timings:{EvalTotalTime:8.2e-05 ResultSortTime:6.66e-07 QueryPreparationTime:7.833e-06 InnerEvalTime:7.0042e-05 ExecQueueTime:1.167e-06 ExecTotalTime:8.5e-05} Samples:0x1400128de00}" spanID=0000000000000000
time=2026-08-02T15:49:25.154-07:00 level=WARN msg="Query returned multiple series, only first will be used" test=archv2-nxm tool=conduit-v2 collector=conduit type=conduit collector=conduit type=conduit series-count=2
time=2026-08-02T15:49:25.154-07:00 level=DEBUG msg="Query returned data" test=archv2-nxm tool=conduit-v2 collector=conduit type=conduit collector=conduit type=conduit name=msg-megabytes-out-per-second[archv2-nxm] series-count=1 last-value=0.49924755096435547
time=2026-08-02T15:49:25.348-07:00 level=DEBUG msg="Inspecting container" model=container-monitor name=benchi-conduit
time=2026-08-02T15:49:25.863-07:00 level=DEBUG msg="Inspecting container" model=container-monitor name=benchi-conduit
time=2026-08-02T15:49:26.154-07:00 level=INFO msg="Test in progress" test=archv2-nxm tool=conduit-v2 step=test time-left=15s
time=2026-08-02T15:49:26.155-07:00 level=DEBUG msg="promql query logged" test=archv2-nxm tool=conduit-v2 collector=conduit type=conduit collector=conduit type=conduit params="map[end:2026-08-02T22:49:26.155Z query:rate(conduit_pipeline_execution_duration_seconds_count{pipeline_name=\"archv2-nxm\"}[2s]) start:2026-08-02T22:48:41.153Z step:1]" stats="&{Timings:{EvalTotalTime:5.3791e-05 ResultSortTime:4.16e-07 QueryPreparationTime:1.4334e-05 InnerEvalTime:3.3208e-05 ExecQueueTime:2.209e-06 ExecTotalTime:5.9959e-05} Samples:0x1400188e720}" spanID=0000000000000000
time=2026-08-02T15:49:26.155-07:00 level=DEBUG msg="Query returned data" test=archv2-nxm tool=conduit-v2 collector=conduit type=conduit collector=conduit type=conduit name=msg-rate-per-second[archv2-nxm] series-count=1 last-value=18158
time=2026-08-02T15:49:26.155-07:00 level=DEBUG msg="promql query logged" test=archv2-nxm tool=conduit-v2 collector=conduit type=conduit collector=conduit type=conduit params="map[end:2026-08-02T22:49:26.155Z query:rate(conduit_connector_bytes_sum{pipeline_name=\"archv2-nxm\",type=\"source\"}[2s])/1048576 start:2026-08-02T22:48:41.153Z step:1]" stats="&{Timings:{EvalTotalTime:9.2541e-05 ResultSortTime:7.91e-07 QueryPreparationTime:9.292e-06 InnerEvalTime:7.8416e-05 ExecQueueTime:1.167e-06 ExecTotalTime:9.6083e-05} Samples:0x1400188ef90}" spanID=0000000000000000
time=2026-08-02T15:49:26.155-07:00 level=WARN msg="Query returned multiple series, only first will be used" test=archv2-nxm tool=conduit-v2 collector=conduit type=conduit collector=conduit type=conduit series-count=2
time=2026-08-02T15:49:26.155-07:00 level=DEBUG msg="Query returned data" test=archv2-nxm tool=conduit-v2 collector=conduit type=conduit collector=conduit type=conduit name=msg-megabytes-in-per-second[archv2-nxm] series-count=1 last-value=0.2579193115234375
time=2026-08-02T15:49:26.156-07:00 level=DEBUG msg="promql query logged" test=archv2-nxm tool=conduit-v2 collector=conduit type=conduit collector=conduit type=conduit params="map[end:2026-08-02T22:49:26.156Z query:rate(conduit_connector_bytes_sum{pipeline_name=\"archv2-nxm\",type=\"destination\"}[2s])/1048576 start:2026-08-02T22:48:41.153Z step:1]" stats="&{Timings:{EvalTotalTime:9.5292e-05 ResultSortTime:1.333e-06 QueryPreparationTime:9.958e-06 InnerEvalTime:7.8708e-05 ExecQueueTime:1.291e-06 ExecTotalTime:9.8916e-05} Samples:0x1400133fe30}" spanID=0000000000000000
time=2026-08-02T15:49:26.156-07:00 level=WARN msg="Query returned multiple series, only first will be used" test=archv2-nxm tool=conduit-v2 collector=conduit type=conduit collector=conduit type=conduit series-count=2
time=2026-08-02T15:49:26.156-07:00 level=DEBUG msg="Query returned data" test=archv2-nxm tool=conduit-v2 collector=conduit type=conduit collector=conduit type=conduit name=msg-megabytes-out-per-second[archv2-nxm] series-count=1 last-value=0.512939453125
time=2026-08-02T15:49:26.372-07:00 level=DEBUG msg="Inspecting container" model=container-monitor name=benchi-conduit
time=2026-08-02T15:49:26.877-07:00 level=DEBUG msg="Inspecting container" model=container-monitor name=benchi-conduit
time=2026-08-02T15:49:27.154-07:00 level=DEBUG msg="promql query logged" test=archv2-nxm tool=conduit-v2 collector=conduit type=conduit collector=conduit type=conduit params="map[end:2026-08-02T22:49:27.154Z query:rate(conduit_pipeline_execution_duration_seconds_count{pipeline_name=\"archv2-nxm\"}[2s]) start:2026-08-02T22:48:41.153Z step:1]" stats="&{Timings:{EvalTotalTime:5.8875e-05 ResultSortTime:4.17e-07 QueryPreparationTime:1.5292e-05 InnerEvalTime:3.575e-05 ExecQueueTime:2.958e-06 ExecTotalTime:6.4959e-05} Samples:0x140011b5110}" spanID=0000000000000000
time=2026-08-02T15:49:27.154-07:00 level=DEBUG msg="Query returned data" test=archv2-nxm tool=conduit-v2 collector=conduit type=conduit collector=conduit type=conduit name=msg-rate-per-second[archv2-nxm] series-count=1 last-value=19171
time=2026-08-02T15:49:27.155-07:00 level=DEBUG msg="promql query logged" test=archv2-nxm tool=conduit-v2 collector=conduit type=conduit collector=conduit type=conduit params="map[end:2026-08-02T22:49:27.154Z query:rate(conduit_connector_bytes_sum{pipeline_name=\"archv2-nxm\",type=\"source\"}[2s])/1048576 start:2026-08-02T22:48:41.153Z step:1]" stats="&{Timings:{EvalTotalTime:8.9208e-05 ResultSortTime:9.58e-07 QueryPreparationTime:8.666e-06 InnerEvalTime:7.5708e-05 ExecQueueTime:1.334e-06 ExecTotalTime:9.2583e-05} Samples:0x140011b57d0}" spanID=0000000000000000
time=2026-08-02T15:49:27.155-07:00 level=WARN msg="Query returned multiple series, only first will be used" test=archv2-nxm tool=conduit-v2 collector=conduit type=conduit collector=conduit type=conduit series-count=2
time=2026-08-02T15:49:27.155-07:00 level=DEBUG msg="Query returned data" test=archv2-nxm tool=conduit-v2 collector=conduit type=conduit collector=conduit type=conduit name=msg-megabytes-in-per-second[archv2-nxm] series-count=1 last-value=0.2702465057373047
time=2026-08-02T15:49:27.155-07:00 level=DEBUG msg="promql query logged" test=archv2-nxm tool=conduit-v2 collector=conduit type=conduit collector=conduit type=conduit params="map[end:2026-08-02T22:49:27.155Z query:rate(conduit_connector_bytes_sum{pipeline_name=\"archv2-nxm\",type=\"destination\"}[2s])/1048576 start:2026-08-02T22:48:41.153Z step:1]" stats="&{Timings:{EvalTotalTime:8.6833e-05 ResultSortTime:6.25e-07 QueryPreparationTime:8.667e-06 InnerEvalTime:7.2584e-05 ExecQueueTime:1.375e-06 ExecTotalTime:9.0542e-05} Samples:0x140012efd40}" spanID=0000000000000000
time=2026-08-02T15:49:27.155-07:00 level=WARN msg="Query returned multiple series, only first will be used" test=archv2-nxm tool=conduit-v2 collector=conduit type=conduit collector=conduit type=conduit series-count=2
time=2026-08-02T15:49:27.155-07:00 level=DEBUG msg="Query returned data" test=archv2-nxm tool=conduit-v2 collector=conduit type=conduit collector=conduit type=conduit name=msg-megabytes-out-per-second[archv2-nxm] series-count=1 last-value=0.5427684783935547
time=2026-08-02T15:49:27.385-07:00 level=DEBUG msg="Inspecting container" model=container-monitor name=benchi-conduit
time=2026-08-02T15:49:27.894-07:00 level=DEBUG msg="Inspecting container" model=container-monitor name=benchi-conduit
time=2026-08-02T15:49:28.155-07:00 level=DEBUG msg="promql query logged" test=archv2-nxm tool=conduit-v2 collector=conduit type=conduit collector=conduit type=conduit params="map[end:2026-08-02T22:49:28.154Z query:rate(conduit_pipeline_execution_duration_seconds_count{pipeline_name=\"archv2-nxm\"}[2s]) start:2026-08-02T22:48:41.153Z step:1]" stats="&{Timings:{EvalTotalTime:5.4625e-05 ResultSortTime:3.75e-07 QueryPreparationTime:1.4916e-05 InnerEvalTime:3.4625e-05 ExecQueueTime:2.501e-06 ExecTotalTime:6.0083e-05} Samples:0x14001528960}" spanID=0000000000000000
time=2026-08-02T15:49:28.155-07:00 level=DEBUG msg="Query returned data" test=archv2-nxm tool=conduit-v2 collector=conduit type=conduit collector=conduit type=conduit name=msg-rate-per-second[archv2-nxm] series-count=1 last-value=17787
time=2026-08-02T15:49:28.155-07:00 level=DEBUG msg="promql query logged" test=archv2-nxm tool=conduit-v2 collector=conduit type=conduit collector=conduit type=conduit params="map[end:2026-08-02T22:49:28.155Z query:rate(conduit_connector_bytes_sum{pipeline_name=\"archv2-nxm\",type=\"source\"}[2s])/1048576 start:2026-08-02T22:48:41.153Z step:1]" stats="&{Timings:{EvalTotalTime:8.9834e-05 ResultSortTime:7.91e-07 QueryPreparationTime:7.416e-06 InnerEvalTime:7.5791e-05 ExecQueueTime:9.59e-07 ExecTotalTime:9.2583e-05} Samples:0x14001529020}" spanID=0000000000000000
time=2026-08-02T15:49:28.155-07:00 level=WARN msg="Query returned multiple series, only first will be used" test=archv2-nxm tool=conduit-v2 collector=conduit type=conduit collector=conduit type=conduit series-count=2
time=2026-08-02T15:49:28.155-07:00 level=DEBUG msg="Query returned data" test=archv2-nxm tool=conduit-v2 collector=conduit type=conduit collector=conduit type=conduit name=msg-megabytes-in-per-second[archv2-nxm] series-count=1 last-value=0.24678611755371094
time=2026-08-02T15:49:28.155-07:00 level=DEBUG msg="promql query logged" test=archv2-nxm tool=conduit-v2 collector=conduit type=conduit collector=conduit type=conduit params="map[end:2026-08-02T22:49:28.155Z query:rate(conduit_connector_bytes_sum{pipeline_name=\"archv2-nxm\",type=\"destination\"}[2s])/1048576 start:2026-08-02T22:48:41.153Z step:1]" stats="&{Timings:{EvalTotalTime:8.6666e-05 ResultSortTime:5e-07 QueryPreparationTime:8.208e-06 InnerEvalTime:7.2208e-05 ExecQueueTime:1.375e-06 ExecTotalTime:8.9667e-05} Samples:0x14001552420}" spanID=0000000000000000
time=2026-08-02T15:49:28.156-07:00 level=WARN msg="Query returned multiple series, only first will be used" test=archv2-nxm tool=conduit-v2 collector=conduit type=conduit collector=conduit type=conduit series-count=2
time=2026-08-02T15:49:28.156-07:00 level=DEBUG msg="Query returned data" test=archv2-nxm tool=conduit-v2 collector=conduit type=conduit collector=conduit type=conduit name=msg-megabytes-out-per-second[archv2-nxm] series-count=1 last-value=0.5032768249511719
time=2026-08-02T15:49:28.402-07:00 level=DEBUG msg="Inspecting container" model=container-monitor name=benchi-conduit
time=2026-08-02T15:49:28.913-07:00 level=DEBUG msg="Inspecting container" model=container-monitor name=benchi-conduit
time=2026-08-02T15:49:29.154-07:00 level=DEBUG msg="promql query logged" test=archv2-nxm tool=conduit-v2 collector=conduit type=conduit collector=conduit type=conduit params="map[end:2026-08-02T22:49:29.153Z query:rate(conduit_pipeline_execution_duration_seconds_count{pipeline_name=\"archv2-nxm\"}[2s]) start:2026-08-02T22:48:41.153Z step:1]" stats="&{Timings:{EvalTotalTime:5.1708e-05 ResultSortTime:5e-07 QueryPreparationTime:1.5375e-05 InnerEvalTime:3.1958e-05 ExecQueueTime:2.958e-06 ExecTotalTime:5.6292e-05} Samples:0x1400138f5f0}" spanID=0000000000000000
time=2026-08-02T15:49:29.154-07:00 level=DEBUG msg="Query returned data" test=archv2-nxm tool=conduit-v2 collector=conduit type=conduit collector=conduit type=conduit name=msg-rate-per-second[archv2-nxm] series-count=1 last-value=18696
time=2026-08-02T15:49:29.154-07:00 level=DEBUG msg="promql query logged" test=archv2-nxm tool=conduit-v2 collector=conduit type=conduit collector=conduit type=conduit params="map[end:2026-08-02T22:49:29.154Z query:rate(conduit_connector_bytes_sum{pipeline_name=\"archv2-nxm\",type=\"source\"}[2s])/1048576 start:2026-08-02T22:48:41.153Z step:1]" stats="&{Timings:{EvalTotalTime:5.4958e-05 ResultSortTime:8.34e-07 QueryPreparationTime:5.333e-06 InnerEvalTime:4.5875e-05 ExecQueueTime:5.83e-07 ExecTotalTime:5.6625e-05} Samples:0x1400138fcb0}" spanID=0000000000000000
time=2026-08-02T15:49:29.154-07:00 level=WARN msg="Query returned multiple series, only first will be used" test=archv2-nxm tool=conduit-v2 collector=conduit type=conduit collector=conduit type=conduit series-count=2
time=2026-08-02T15:49:29.154-07:00 level=DEBUG msg="Query returned data" test=archv2-nxm tool=conduit-v2 collector=conduit type=conduit collector=conduit type=conduit name=msg-megabytes-in-per-second[archv2-nxm] series-count=1 last-value=0.2640037536621094
time=2026-08-02T15:49:29.154-07:00 level=DEBUG msg="promql query logged" test=archv2-nxm tool=conduit-v2 collector=conduit type=conduit collector=conduit type=conduit params="map[end:2026-08-02T22:49:29.154Z query:rate(conduit_connector_bytes_sum{pipeline_name=\"archv2-nxm\",type=\"destination\"}[2s])/1048576 start:2026-08-02T22:48:41.153Z step:1]" stats="&{Timings:{EvalTotalTime:0.000126833 ResultSortTime:1.084e-06 QueryPreparationTime:1.9083e-05 InnerEvalTime:0.0001 ExecQueueTime:3.25e-06 ExecTotalTime:0.000132375} Samples:0x14001636fc0}" spanID=0000000000000000
time=2026-08-02T15:49:29.154-07:00 level=WARN msg="Query returned multiple series, only first will be used" test=archv2-nxm tool=conduit-v2 collector=conduit type=conduit collector=conduit type=conduit series-count=2
time=2026-08-02T15:49:29.154-07:00 level=DEBUG msg="Query returned data" test=archv2-nxm tool=conduit-v2 collector=conduit type=conduit collector=conduit type=conduit name=msg-megabytes-out-per-second[archv2-nxm] series-count=1 last-value=0.528346061706543
time=2026-08-02T15:49:29.420-07:00 level=DEBUG msg="Inspecting container" model=container-monitor name=benchi-conduit
time=2026-08-02T15:49:29.928-07:00 level=DEBUG msg="Inspecting container" model=container-monitor name=benchi-conduit
time=2026-08-02T15:49:30.154-07:00 level=DEBUG msg="promql query logged" test=archv2-nxm tool=conduit-v2 collector=conduit type=conduit collector=conduit type=conduit params="map[end:2026-08-02T22:49:30.154Z query:rate(conduit_pipeline_execution_duration_seconds_count{pipeline_name=\"archv2-nxm\"}[2s]) start:2026-08-02T22:48:41.153Z step:1]" stats="&{Timings:{EvalTotalTime:5.9542e-05 ResultSortTime:5.42e-07 QueryPreparationTime:1.6042e-05 InnerEvalTime:3.7375e-05 ExecQueueTime:2.208e-06 ExecTotalTime:6.6667e-05} Samples:0x1400175ee40}" spanID=0000000000000000
time=2026-08-02T15:49:30.155-07:00 level=DEBUG msg="Query returned data" test=archv2-nxm tool=conduit-v2 collector=conduit type=conduit collector=conduit type=conduit name=msg-rate-per-second[archv2-nxm] series-count=1 last-value=19685
time=2026-08-02T15:49:30.155-07:00 level=DEBUG msg="promql query logged" test=archv2-nxm tool=conduit-v2 collector=conduit type=conduit collector=conduit type=conduit params="map[end:2026-08-02T22:49:30.155Z query:rate(conduit_connector_bytes_sum{pipeline_name=\"archv2-nxm\",type=\"source\"}[2s])/1048576 start:2026-08-02T22:48:41.153Z step:1]" stats="&{Timings:{EvalTotalTime:9.6333e-05 ResultSortTime:8.75e-07 QueryPreparationTime:1.0416e-05 InnerEvalTime:8.1166e-05 ExecQueueTime:1.25e-06 ExecTotalTime:9.9625e-05} Samples:0x1400175f500}" spanID=0000000000000000
time=2026-08-02T15:49:30.155-07:00 level=WARN msg="Query returned multiple series, only first will be used" test=archv2-nxm tool=conduit-v2 collector=conduit type=conduit collector=conduit type=conduit series-count=2
time=2026-08-02T15:49:30.155-07:00 level=DEBUG msg="Query returned data" test=archv2-nxm tool=conduit-v2 collector=conduit type=conduit collector=conduit type=conduit name=msg-megabytes-in-per-second[archv2-nxm] series-count=1 last-value=0.2781095504760742
time=2026-08-02T15:49:30.155-07:00 level=DEBUG msg="promql query logged" test=archv2-nxm tool=conduit-v2 collector=conduit type=conduit collector=conduit type=conduit params="map[end:2026-08-02T22:49:30.155Z query:rate(conduit_connector_bytes_sum{pipeline_name=\"archv2-nxm\",type=\"destination\"}[2s])/1048576 start:2026-08-02T22:48:41.153Z step:1]" stats="&{Timings:{EvalTotalTime:9.0833e-05 ResultSortTime:6.25e-07 QueryPreparationTime:9.75e-06 InnerEvalTime:7.6458e-05 ExecQueueTime:1.291e-06 ExecTotalTime:9.45e-05} Samples:0x140013c3290}" spanID=0000000000000000
time=2026-08-02T15:49:30.155-07:00 level=WARN msg="Query returned multiple series, only first will be used" test=archv2-nxm tool=conduit-v2 collector=conduit type=conduit collector=conduit type=conduit series-count=2
time=2026-08-02T15:49:30.155-07:00 level=DEBUG msg="Query returned data" test=archv2-nxm tool=conduit-v2 collector=conduit type=conduit collector=conduit type=conduit name=msg-megabytes-out-per-second[archv2-nxm] series-count=1 last-value=0.5560779571533203
time=2026-08-02T15:49:30.434-07:00 level=DEBUG msg="Inspecting container" model=container-monitor name=benchi-conduit
time=2026-08-02T15:49:30.943-07:00 level=DEBUG msg="Inspecting container" model=container-monitor name=benchi-conduit
time=2026-08-02T15:49:31.154-07:00 level=INFO msg="Test in progress" test=archv2-nxm tool=conduit-v2 step=test time-left=10s
time=2026-08-02T15:49:31.155-07:00 level=DEBUG msg="promql query logged" test=archv2-nxm tool=conduit-v2 collector=conduit type=conduit collector=conduit type=conduit params="map[end:2026-08-02T22:49:31.155Z query:rate(conduit_pipeline_execution_duration_seconds_count{pipeline_name=\"archv2-nxm\"}[2s]) start:2026-08-02T22:48:41.153Z step:1]" stats="&{Timings:{EvalTotalTime:9.7583e-05 ResultSortTime:1.334e-06 QueryPreparationTime:2.7083e-05 InnerEvalTime:6.0667e-05 ExecQueueTime:3.791e-06 ExecTotalTime:0.0001085} Samples:0x140019542d0}" spanID=0000000000000000
time=2026-08-02T15:49:31.155-07:00 level=DEBUG msg="Query returned data" test=archv2-nxm tool=conduit-v2 collector=conduit type=conduit collector=conduit type=conduit name=msg-rate-per-second[archv2-nxm] series-count=1 last-value=18790
time=2026-08-02T15:49:31.155-07:00 level=DEBUG msg="promql query logged" test=archv2-nxm tool=conduit-v2 collector=conduit type=conduit collector=conduit type=conduit params="map[end:2026-08-02T22:49:31.155Z query:rate(conduit_connector_bytes_sum{pipeline_name=\"archv2-nxm\",type=\"source\"}[2s])/1048576 start:2026-08-02T22:48:41.153Z step:1]" stats="&{Timings:{EvalTotalTime:0.00013975 ResultSortTime:3.042e-06 QueryPreparationTime:1.6e-05 InnerEvalTime:0.000114208 ExecQueueTime:1.834e-06 ExecTotalTime:0.000144667} Samples:0x14001954990}" spanID=0000000000000000
time=2026-08-02T15:49:31.156-07:00 level=WARN msg="Query returned multiple series, only first will be used" test=archv2-nxm tool=conduit-v2 collector=conduit type=conduit collector=conduit type=conduit series-count=2
time=2026-08-02T15:49:31.156-07:00 level=DEBUG msg="Query returned data" test=archv2-nxm tool=conduit-v2 collector=conduit type=conduit collector=conduit type=conduit name=msg-megabytes-in-per-second[archv2-nxm] series-count=1 last-value=0.2653923034667969
time=2026-08-02T15:49:31.156-07:00 level=DEBUG msg="promql query logged" test=archv2-nxm tool=conduit-v2 collector=conduit type=conduit collector=conduit type=conduit params="map[end:2026-08-02T22:49:31.156Z query:rate(conduit_connector_bytes_sum{pipeline_name=\"archv2-nxm\",type=\"destination\"}[2s])/1048576 start:2026-08-02T22:48:41.153Z step:1]" stats="&{Timings:{EvalTotalTime:0.000155917 ResultSortTime:1.334e-06 QueryPreparationTime:1.6167e-05 InnerEvalTime:0.000131959 ExecQueueTime:2.458e-06 ExecTotalTime:0.000164} Samples:0x14001955dd0}" spanID=0000000000000000
time=2026-08-02T15:49:31.156-07:00 level=WARN msg="Query returned multiple series, only first will be used" test=archv2-nxm tool=conduit-v2 collector=conduit type=conduit collector=conduit type=conduit series-count=2
time=2026-08-02T15:49:31.157-07:00 level=DEBUG msg="Query returned data" test=archv2-nxm tool=conduit-v2 collector=conduit type=conduit collector=conduit type=conduit name=msg-megabytes-out-per-second[archv2-nxm] series-count=1 last-value=0.5310564041137695
time=2026-08-02T15:49:31.448-07:00 level=DEBUG msg="Inspecting container" model=container-monitor name=benchi-conduit
time=2026-08-02T15:49:31.957-07:00 level=DEBUG msg="Inspecting container" model=container-monitor name=benchi-conduit
time=2026-08-02T15:49:32.154-07:00 level=DEBUG msg="promql query logged" test=archv2-nxm tool=conduit-v2 collector=conduit type=conduit collector=conduit type=conduit params="map[end:2026-08-02T22:49:32.154Z query:rate(conduit_pipeline_execution_duration_seconds_count{pipeline_name=\"archv2-nxm\"}[2s]) start:2026-08-02T22:48:41.153Z step:1]" stats="&{Timings:{EvalTotalTime:6.5208e-05 ResultSortTime:3.33e-07 QueryPreparationTime:1.7375e-05 InnerEvalTime:4.2083e-05 ExecQueueTime:2.666e-06 ExecTotalTime:7.1208e-05} Samples:0x1400189bf20}" spanID=0000000000000000
time=2026-08-02T15:49:32.154-07:00 level=DEBUG msg="Query returned data" test=archv2-nxm tool=conduit-v2 collector=conduit type=conduit collector=conduit type=conduit name=msg-rate-per-second[archv2-nxm] series-count=1 last-value=18650
time=2026-08-02T15:49:32.154-07:00 level=DEBUG msg="promql query logged" test=archv2-nxm tool=conduit-v2 collector=conduit type=conduit collector=conduit type=conduit params="map[end:2026-08-02T22:49:32.154Z query:rate(conduit_connector_bytes_sum{pipeline_name=\"archv2-nxm\",type=\"source\"}[2s])/1048576 start:2026-08-02T22:48:41.153Z step:1]" stats="&{Timings:{EvalTotalTime:0.000109167 ResultSortTime:1e-06 QueryPreparationTime:7.958e-06 InnerEvalTime:8.8333e-05 ExecQueueTime:1.001e-06 ExecTotalTime:0.000112125} Samples:0x14001a9a660}" spanID=0000000000000000
time=2026-08-02T15:49:32.154-07:00 level=WARN msg="Query returned multiple series, only first will be used" test=archv2-nxm tool=conduit-v2 collector=conduit type=conduit collector=conduit type=conduit series-count=2
time=2026-08-02T15:49:32.155-07:00 level=DEBUG msg="Query returned data" test=archv2-nxm tool=conduit-v2 collector=conduit type=conduit collector=conduit type=conduit name=msg-megabytes-in-per-second[archv2-nxm] series-count=1 last-value=0.26572322845458984
time=2026-08-02T15:49:32.155-07:00 level=DEBUG msg="promql query logged" test=archv2-nxm tool=conduit-v2 collector=conduit type=conduit collector=conduit type=conduit params="map[end:2026-08-02T22:49:32.155Z query:rate(conduit_connector_bytes_sum{pipeline_name=\"archv2-nxm\",type=\"destination\"}[2s])/1048576 start:2026-08-02T22:48:41.153Z step:1]" stats="&{Timings:{EvalTotalTime:9.7958e-05 ResultSortTime:5.83e-07 QueryPreparationTime:8.833e-06 InnerEvalTime:8.4584e-05 ExecQueueTime:7.292e-06 ExecTotalTime:0.000107166} Samples:0x140019b4180}" spanID=0000000000000000
time=2026-08-02T15:49:32.155-07:00 level=WARN msg="Query returned multiple series, only first will be used" test=archv2-nxm tool=conduit-v2 collector=conduit type=conduit collector=conduit type=conduit series-count=2
time=2026-08-02T15:49:32.155-07:00 level=DEBUG msg="Query returned data" test=archv2-nxm tool=conduit-v2 collector=conduit type=conduit collector=conduit type=conduit name=msg-megabytes-out-per-second[archv2-nxm] series-count=1 last-value=0.5270910263061523
time=2026-08-02T15:49:32.463-07:00 level=DEBUG msg="Inspecting container" model=container-monitor name=benchi-conduit
time=2026-08-02T15:49:32.972-07:00 level=DEBUG msg="Inspecting container" model=container-monitor name=benchi-conduit
time=2026-08-02T15:49:33.154-07:00 level=DEBUG msg="promql query logged" test=archv2-nxm tool=conduit-v2 collector=conduit type=conduit collector=conduit type=conduit params="map[end:2026-08-02T22:49:33.154Z query:rate(conduit_pipeline_execution_duration_seconds_count{pipeline_name=\"archv2-nxm\"}[2s]) start:2026-08-02T22:48:41.153Z step:1]" stats="&{Timings:{EvalTotalTime:8.7209e-05 ResultSortTime:5e-07 QueryPreparationTime:1.6042e-05 InnerEvalTime:6.3917e-05 ExecQueueTime:2.458e-06 ExecTotalTime:9.2417e-05} Samples:0x1400174f110}" spanID=0000000000000000
time=2026-08-02T15:49:33.154-07:00 level=DEBUG msg="Query returned data" test=archv2-nxm tool=conduit-v2 collector=conduit type=conduit collector=conduit type=conduit name=msg-rate-per-second[archv2-nxm] series-count=1 last-value=20107
time=2026-08-02T15:49:33.154-07:00 level=DEBUG msg="promql query logged" test=archv2-nxm tool=conduit-v2 collector=conduit type=conduit collector=conduit type=conduit params="map[end:2026-08-02T22:49:33.154Z query:rate(conduit_connector_bytes_sum{pipeline_name=\"archv2-nxm\",type=\"source\"}[2s])/1048576 start:2026-08-02T22:48:41.153Z step:1]" stats="&{Timings:{EvalTotalTime:0.000124792 ResultSortTime:1.042e-06 QueryPreparationTime:9.708e-06 InnerEvalTime:0.000110125 ExecQueueTime:1.375e-06 ExecTotalTime:0.00012775} Samples:0x1400174f830}" spanID=0000000000000000
time=2026-08-02T15:49:33.154-07:00 level=WARN msg="Query returned multiple series, only first will be used" test=archv2-nxm tool=conduit-v2 collector=conduit type=conduit collector=conduit type=conduit series-count=2
time=2026-08-02T15:49:33.154-07:00 level=DEBUG msg="Query returned data" test=archv2-nxm tool=conduit-v2 collector=conduit type=conduit collector=conduit type=conduit name=msg-megabytes-in-per-second[archv2-nxm] series-count=1 last-value=0.28508853912353516
time=2026-08-02T15:49:33.155-07:00 level=DEBUG msg="promql query logged" test=archv2-nxm tool=conduit-v2 collector=conduit type=conduit collector=conduit type=conduit params="map[end:2026-08-02T22:49:33.154Z query:rate(conduit_connector_bytes_sum{pipeline_name=\"archv2-nxm\",type=\"destination\"}[2s])/1048576 start:2026-08-02T22:48:41.153Z step:1]" stats="&{Timings:{EvalTotalTime:9.4541e-05 ResultSortTime:5.42e-07 QueryPreparationTime:8.208e-06 InnerEvalTime:8.1333e-05 ExecQueueTime:1.125e-06 ExecTotalTime:9.7958e-05} Samples:0x14000a1c420}" spanID=0000000000000000
time=2026-08-02T15:49:33.155-07:00 level=WARN msg="Query returned multiple series, only first will be used" test=archv2-nxm tool=conduit-v2 collector=conduit type=conduit collector=conduit type=conduit series-count=2
time=2026-08-02T15:49:33.155-07:00 level=DEBUG msg="Query returned data" test=archv2-nxm tool=conduit-v2 collector=conduit type=conduit collector=conduit type=conduit name=msg-megabytes-out-per-second[archv2-nxm] series-count=1 last-value=0.5683612823486328
time=2026-08-02T15:49:33.477-07:00 level=DEBUG msg="Inspecting container" model=container-monitor name=benchi-conduit
time=2026-08-02T15:49:33.988-07:00 level=DEBUG msg="Inspecting container" model=container-monitor name=benchi-conduit
time=2026-08-02T15:49:34.155-07:00 level=DEBUG msg="promql query logged" test=archv2-nxm tool=conduit-v2 collector=conduit type=conduit collector=conduit type=conduit params="map[end:2026-08-02T22:49:34.155Z query:rate(conduit_pipeline_execution_duration_seconds_count{pipeline_name=\"archv2-nxm\"}[2s]) start:2026-08-02T22:48:41.153Z step:1]" stats="&{Timings:{EvalTotalTime:0.000488291 ResultSortTime:9.17e-07 QueryPreparationTime:0.000388458 InnerEvalTime:8.0458e-05 ExecQueueTime:5.375e-06 ExecTotalTime:0.000498334} Samples:0x140014ecc60}" spanID=0000000000000000
time=2026-08-02T15:49:34.155-07:00 level=DEBUG msg="Query returned data" test=archv2-nxm tool=conduit-v2 collector=conduit type=conduit collector=conduit type=conduit name=msg-rate-per-second[archv2-nxm] series-count=1 last-value=19713
time=2026-08-02T15:49:34.156-07:00 level=DEBUG msg="promql query logged" test=archv2-nxm tool=conduit-v2 collector=conduit type=conduit collector=conduit type=conduit params="map[end:2026-08-02T22:49:34.155Z query:rate(conduit_connector_bytes_sum{pipeline_name=\"archv2-nxm\",type=\"source\"}[2s])/1048576 start:2026-08-02T22:48:41.153Z step:1]" stats="&{Timings:{EvalTotalTime:0.000299083 ResultSortTime:2.208e-06 QueryPreparationTime:1.9583e-05 InnerEvalTime:0.000270459 ExecQueueTime:2.625e-06 ExecTotalTime:0.000305458} Samples:0x140014ed320}" spanID=0000000000000000
time=2026-08-02T15:49:34.156-07:00 level=WARN msg="Query returned multiple series, only first will be used" test=archv2-nxm tool=conduit-v2 collector=conduit type=conduit collector=conduit type=conduit series-count=2
time=2026-08-02T15:49:34.156-07:00 level=DEBUG msg="Query returned data" test=archv2-nxm tool=conduit-v2 collector=conduit type=conduit collector=conduit type=conduit name=msg-megabytes-in-per-second[archv2-nxm] series-count=1 last-value=0.278289794921875
time=2026-08-02T15:49:34.157-07:00 level=DEBUG msg="promql query logged" test=archv2-nxm tool=conduit-v2 collector=conduit type=conduit collector=conduit type=conduit params="map[end:2026-08-02T22:49:34.156Z query:rate(conduit_connector_bytes_sum{pipeline_name=\"archv2-nxm\",type=\"destination\"}[2s])/1048576 start:2026-08-02T22:48:41.153Z step:1]" stats="&{Timings:{EvalTotalTime:0.000121084 ResultSortTime:9.58e-07 QueryPreparationTime:1.375e-05 InnerEvalTime:0.000101 ExecQueueTime:1.624e-06 ExecTotalTime:0.000126916} Samples:0x14001101590}" spanID=0000000000000000
time=2026-08-02T15:49:34.157-07:00 level=WARN msg="Query returned multiple series, only first will be used" test=archv2-nxm tool=conduit-v2 collector=conduit type=conduit collector=conduit type=conduit series-count=2
time=2026-08-02T15:49:34.157-07:00 level=DEBUG msg="Query returned data" test=archv2-nxm tool=conduit-v2 collector=conduit type=conduit collector=conduit type=conduit name=msg-megabytes-out-per-second[archv2-nxm] series-count=1 last-value=0.556401252746582
time=2026-08-02T15:49:34.498-07:00 level=DEBUG msg="Inspecting container" model=container-monitor name=benchi-conduit
time=2026-08-02T15:49:35.006-07:00 level=DEBUG msg="Inspecting container" model=container-monitor name=benchi-conduit
time=2026-08-02T15:49:35.155-07:00 level=DEBUG msg="promql query logged" test=archv2-nxm tool=conduit-v2 collector=conduit type=conduit collector=conduit type=conduit params="map[end:2026-08-02T22:49:35.155Z query:rate(conduit_pipeline_execution_duration_seconds_count{pipeline_name=\"archv2-nxm\"}[2s]) start:2026-08-02T22:48:41.153Z step:1]" stats="&{Timings:{EvalTotalTime:0.000709333 ResultSortTime:9.17e-07 QueryPreparationTime:1.8542e-05 InnerEvalTime:0.000579625 ExecQueueTime:3.167e-06 ExecTotalTime:0.000717375} Samples:0x14000b00d20}" spanID=0000000000000000
time=2026-08-02T15:49:35.156-07:00 level=DEBUG msg="Query returned data" test=archv2-nxm tool=conduit-v2 collector=conduit type=conduit collector=conduit type=conduit name=msg-rate-per-second[archv2-nxm] series-count=1 last-value=18909
time=2026-08-02T15:49:35.156-07:00 level=DEBUG msg="promql query logged" test=archv2-nxm tool=conduit-v2 collector=conduit type=conduit collector=conduit type=conduit params="map[end:2026-08-02T22:49:35.156Z query:rate(conduit_connector_bytes_sum{pipeline_name=\"archv2-nxm\",type=\"source\"}[2s])/1048576 start:2026-08-02T22:48:41.153Z step:1]" stats="&{Timings:{EvalTotalTime:0.000848666 ResultSortTime:1.084e-06 QueryPreparationTime:0.000145083 InnerEvalTime:0.000692667 ExecQueueTime:1.541e-06 ExecTotalTime:0.000853292} Samples:0x14000b01590}" spanID=0000000000000000
time=2026-08-02T15:49:35.157-07:00 level=WARN msg="Query returned multiple series, only first will be used" test=archv2-nxm tool=conduit-v2 collector=conduit type=conduit collector=conduit type=conduit series-count=2
time=2026-08-02T15:49:35.157-07:00 level=DEBUG msg="Query returned data" test=archv2-nxm tool=conduit-v2 collector=conduit type=conduit collector=conduit type=conduit name=msg-megabytes-in-per-second[archv2-nxm] series-count=1 last-value=0.26914024353027344
time=2026-08-02T15:49:35.157-07:00 level=DEBUG msg="promql query logged" test=archv2-nxm tool=conduit-v2 collector=conduit type=conduit collector=conduit type=conduit params="map[end:2026-08-02T22:49:35.157Z query:rate(conduit_connector_bytes_sum{pipeline_name=\"archv2-nxm\",type=\"destination\"}[2s])/1048576 start:2026-08-02T22:48:41.153Z step:1]" stats="&{Timings:{EvalTotalTime:0.00010225 ResultSortTime:8.75e-07 QueryPreparationTime:1.1625e-05 InnerEvalTime:8.5291e-05 ExecQueueTime:1.917e-06 ExecTotalTime:0.000108291} Samples:0x14000ea2e10}" spanID=0000000000000000
time=2026-08-02T15:49:35.157-07:00 level=WARN msg="Query returned multiple series, only first will be used" test=archv2-nxm tool=conduit-v2 collector=conduit type=conduit collector=conduit type=conduit series-count=2
time=2026-08-02T15:49:35.157-07:00 level=DEBUG msg="Query returned data" test=archv2-nxm tool=conduit-v2 collector=conduit type=conduit collector=conduit type=conduit name=msg-megabytes-out-per-second[archv2-nxm] series-count=1 last-value=0.5344705581665039
time=2026-08-02T15:49:35.510-07:00 level=DEBUG msg="Inspecting container" model=container-monitor name=benchi-conduit
time=2026-08-02T15:49:36.016-07:00 level=DEBUG msg="Inspecting container" model=container-monitor name=benchi-conduit
time=2026-08-02T15:49:36.154-07:00 level=INFO msg="Test in progress" test=archv2-nxm tool=conduit-v2 step=test time-left=5s
time=2026-08-02T15:49:36.155-07:00 level=DEBUG msg="promql query logged" test=archv2-nxm tool=conduit-v2 collector=conduit type=conduit collector=conduit type=conduit params="map[end:2026-08-02T22:49:36.154Z query:rate(conduit_pipeline_execution_duration_seconds_count{pipeline_name=\"archv2-nxm\"}[2s]) start:2026-08-02T22:48:41.153Z step:1]" stats="&{Timings:{EvalTotalTime:8.8791e-05 ResultSortTime:1.041e-06 QueryPreparationTime:2.2959e-05 InnerEvalTime:5.7042e-05 ExecQueueTime:3.042e-06 ExecTotalTime:9.8709e-05} Samples:0x1400179c360}" spanID=0000000000000000
time=2026-08-02T15:49:36.155-07:00 level=DEBUG msg="Query returned data" test=archv2-nxm tool=conduit-v2 collector=conduit type=conduit collector=conduit type=conduit name=msg-rate-per-second[archv2-nxm] series-count=1 last-value=19409
time=2026-08-02T15:49:36.157-07:00 level=DEBUG msg="promql query logged" test=archv2-nxm tool=conduit-v2 collector=conduit type=conduit collector=conduit type=conduit params="map[end:2026-08-02T22:49:36.157Z query:rate(conduit_connector_bytes_sum{pipeline_name=\"archv2-nxm\",type=\"source\"}[2s])/1048576 start:2026-08-02T22:48:41.153Z step:1]" stats="&{Timings:{EvalTotalTime:8.4334e-05 ResultSortTime:1.125e-06 QueryPreparationTime:1.125e-05 InnerEvalTime:6.8958e-05 ExecQueueTime:2.334e-06 ExecTotalTime:8.8458e-05} Samples:0x1400179ca20}" spanID=0000000000000000
time=2026-08-02T15:49:36.157-07:00 level=WARN msg="Query returned multiple series, only first will be used" test=archv2-nxm tool=conduit-v2 collector=conduit type=conduit collector=conduit type=conduit series-count=2
time=2026-08-02T15:49:36.157-07:00 level=DEBUG msg="Query returned data" test=archv2-nxm tool=conduit-v2 collector=conduit type=conduit collector=conduit type=conduit name=msg-megabytes-in-per-second[archv2-nxm] series-count=1 last-value=0.2728414535522461
time=2026-08-02T15:49:36.157-07:00 level=DEBUG msg="promql query logged" test=archv2-nxm tool=conduit-v2 collector=conduit type=conduit collector=conduit type=conduit params="map[end:2026-08-02T22:49:36.157Z query:rate(conduit_connector_bytes_sum{pipeline_name=\"archv2-nxm\",type=\"destination\"}[2s])/1048576 start:2026-08-02T22:48:41.153Z step:1]" stats="&{Timings:{EvalTotalTime:0.000132833 ResultSortTime:1.292e-06 QueryPreparationTime:1.8167e-05 InnerEvalTime:0.000105458 ExecQueueTime:2.417e-06 ExecTotalTime:0.000138209} Samples:0x140014d6000}" spanID=0000000000000000
time=2026-08-02T15:49:36.158-07:00 level=WARN msg="Query returned multiple series, only first will be used" test=archv2-nxm tool=conduit-v2 collector=conduit type=conduit collector=conduit type=conduit series-count=2
time=2026-08-02T15:49:36.158-07:00 level=DEBUG msg="Query returned data" test=archv2-nxm tool=conduit-v2 collector=conduit type=conduit collector=conduit type=conduit name=msg-megabytes-out-per-second[archv2-nxm] series-count=1 last-value=0.5479898452758789
time=2026-08-02T15:49:36.521-07:00 level=DEBUG msg="Inspecting container" model=container-monitor name=benchi-conduit
time=2026-08-02T15:49:37.027-07:00 level=DEBUG msg="Inspecting container" model=container-monitor name=benchi-conduit
time=2026-08-02T15:49:37.155-07:00 level=DEBUG msg="promql query logged" test=archv2-nxm tool=conduit-v2 collector=conduit type=conduit collector=conduit type=conduit params="map[end:2026-08-02T22:49:37.154Z query:rate(conduit_pipeline_execution_duration_seconds_count{pipeline_name=\"archv2-nxm\"}[2s]) start:2026-08-02T22:48:41.153Z step:1]" stats="&{Timings:{EvalTotalTime:0.00043175 ResultSortTime:8.34e-07 QueryPreparationTime:0.000267834 InnerEvalTime:0.000148875 ExecQueueTime:6.583e-06 ExecTotalTime:0.000458708} Samples:0x14001955770}" spanID=0000000000000000
time=2026-08-02T15:49:37.156-07:00 level=DEBUG msg="Query returned data" test=archv2-nxm tool=conduit-v2 collector=conduit type=conduit collector=conduit type=conduit name=msg-rate-per-second[archv2-nxm] series-count=1 last-value=19489
time=2026-08-02T15:49:37.156-07:00 level=DEBUG msg="promql query logged" test=archv2-nxm tool=conduit-v2 collector=conduit type=conduit collector=conduit type=conduit params="map[end:2026-08-02T22:49:37.156Z query:rate(conduit_connector_bytes_sum{pipeline_name=\"archv2-nxm\",type=\"source\"}[2s])/1048576 start:2026-08-02T22:48:41.153Z step:1]" stats="&{Timings:{EvalTotalTime:0.000248625 ResultSortTime:2.458e-06 QueryPreparationTime:0.000111041 InnerEvalTime:0.000123125 ExecQueueTime:3.084e-06 ExecTotalTime:0.000255708} Samples:0x14001862030}" spanID=0000000000000000
time=2026-08-02T15:49:37.156-07:00 level=WARN msg="Query returned multiple series, only first will be used" test=archv2-nxm tool=conduit-v2 collector=conduit type=conduit collector=conduit type=conduit series-count=2
time=2026-08-02T15:49:37.162-07:00 level=DEBUG msg="Query returned data" test=archv2-nxm tool=conduit-v2 collector=conduit type=conduit collector=conduit type=conduit name=msg-megabytes-in-per-second[archv2-nxm] series-count=1 last-value=0.2745790481567383
time=2026-08-02T15:49:37.162-07:00 level=DEBUG msg="promql query logged" test=archv2-nxm tool=conduit-v2 collector=conduit type=conduit collector=conduit type=conduit params="map[end:2026-08-02T22:49:37.162Z query:rate(conduit_connector_bytes_sum{pipeline_name=\"archv2-nxm\",type=\"destination\"}[2s])/1048576 start:2026-08-02T22:48:41.153Z step:1]" stats="&{Timings:{EvalTotalTime:8.0125e-05 ResultSortTime:1.166e-06 QueryPreparationTime:1.0084e-05 InnerEvalTime:6.5584e-05 ExecQueueTime:1.583e-06 ExecTotalTime:8.4125e-05} Samples:0x140018635f0}" spanID=0000000000000000
time=2026-08-02T15:49:37.162-07:00 level=WARN msg="Query returned multiple series, only first will be used" test=archv2-nxm tool=conduit-v2 collector=conduit type=conduit collector=conduit type=conduit series-count=2
time=2026-08-02T15:49:37.162-07:00 level=DEBUG msg="Query returned data" test=archv2-nxm tool=conduit-v2 collector=conduit type=conduit collector=conduit type=conduit name=msg-megabytes-out-per-second[archv2-nxm] series-count=1 last-value=0.5500926971435547
time=2026-08-02T15:49:37.537-07:00 level=DEBUG msg="Inspecting container" model=container-monitor name=benchi-conduit
time=2026-08-02T15:49:38.053-07:00 level=DEBUG msg="Inspecting container" model=container-monitor name=benchi-conduit
time=2026-08-02T15:49:38.155-07:00 level=DEBUG msg="promql query logged" test=archv2-nxm tool=conduit-v2 collector=conduit type=conduit collector=conduit type=conduit params="map[end:2026-08-02T22:49:38.155Z query:rate(conduit_pipeline_execution_duration_seconds_count{pipeline_name=\"archv2-nxm\"}[2s]) start:2026-08-02T22:48:41.153Z step:1]" stats="&{Timings:{EvalTotalTime:6.5541e-05 ResultSortTime:3.33e-07 QueryPreparationTime:1.6333e-05 InnerEvalTime:4.075e-05 ExecQueueTime:4.666e-06 ExecTotalTime:7.4667e-05} Samples:0x140010b5080}" spanID=0000000000000000
time=2026-08-02T15:49:38.155-07:00 level=DEBUG msg="Query returned data" test=archv2-nxm tool=conduit-v2 collector=conduit type=conduit collector=conduit type=conduit name=msg-rate-per-second[archv2-nxm] series-count=1 last-value=18496.517412935325
time=2026-08-02T15:49:38.155-07:00 level=DEBUG msg="promql query logged" test=archv2-nxm tool=conduit-v2 collector=conduit type=conduit collector=conduit type=conduit params="map[end:2026-08-02T22:49:38.155Z query:rate(conduit_connector_bytes_sum{pipeline_name=\"archv2-nxm\",type=\"source\"}[2s])/1048576 start:2026-08-02T22:48:41.153Z step:1]" stats="&{Timings:{EvalTotalTime:0.000111041 ResultSortTime:1.125e-06 QueryPreparationTime:1.1917e-05 InnerEvalTime:9.2334e-05 ExecQueueTime:1.333e-06 ExecTotalTime:0.0001145} Samples:0x140010b5740}" spanID=0000000000000000
time=2026-08-02T15:49:38.155-07:00 level=WARN msg="Query returned multiple series, only first will be used" test=archv2-nxm tool=conduit-v2 collector=conduit type=conduit collector=conduit type=conduit series-count=2
time=2026-08-02T15:49:38.156-07:00 level=DEBUG msg="Query returned data" test=archv2-nxm tool=conduit-v2 collector=conduit type=conduit collector=conduit type=conduit name=msg-megabytes-in-per-second[archv2-nxm] series-count=1 last-value=0.26133143486668226
time=2026-08-02T15:49:38.156-07:00 level=DEBUG msg="promql query logged" test=archv2-nxm tool=conduit-v2 collector=conduit type=conduit collector=conduit type=conduit params="map[end:2026-08-02T22:49:38.156Z query:rate(conduit_connector_bytes_sum{pipeline_name=\"archv2-nxm\",type=\"destination\"}[2s])/1048576 start:2026-08-02T22:48:41.153Z step:1]" stats="&{Timings:{EvalTotalTime:0.000157792 ResultSortTime:9.58e-07 QueryPreparationTime:1.075e-05 InnerEvalTime:0.000140833 ExecQueueTime:1.542e-06 ExecTotalTime:0.00016125} Samples:0x140010ced80}" spanID=0000000000000000
time=2026-08-02T15:49:38.156-07:00 level=WARN msg="Query returned multiple series, only first will be used" test=archv2-nxm tool=conduit-v2 collector=conduit type=conduit collector=conduit type=conduit series-count=2
time=2026-08-02T15:49:38.156-07:00 level=DEBUG msg="Query returned data" test=archv2-nxm tool=conduit-v2 collector=conduit type=conduit collector=conduit type=conduit name=msg-megabytes-out-per-second[archv2-nxm] series-count=1 last-value=0.5235567614806826
time=2026-08-02T15:49:38.564-07:00 level=DEBUG msg="Inspecting container" model=container-monitor name=benchi-conduit
time=2026-08-02T15:49:39.073-07:00 level=DEBUG msg="Inspecting container" model=container-monitor name=benchi-conduit
time=2026-08-02T15:49:39.155-07:00 level=DEBUG msg="promql query logged" test=archv2-nxm tool=conduit-v2 collector=conduit type=conduit collector=conduit type=conduit params="map[end:2026-08-02T22:49:39.155Z query:rate(conduit_pipeline_execution_duration_seconds_count{pipeline_name=\"archv2-nxm\"}[2s]) start:2026-08-02T22:48:41.153Z step:1]" stats="&{Timings:{EvalTotalTime:8.9e-05 ResultSortTime:3.75e-07 QueryPreparationTime:2.7917e-05 InnerEvalTime:5.35e-05 ExecQueueTime:4e-06 ExecTotalTime:9.5167e-05} Samples:0x140011bb680}" spanID=0000000000000000
time=2026-08-02T15:49:39.156-07:00 level=DEBUG msg="Query returned data" test=archv2-nxm tool=conduit-v2 collector=conduit type=conduit collector=conduit type=conduit name=msg-rate-per-second[archv2-nxm] series-count=1 last-value=18564.824120603014
time=2026-08-02T15:49:39.156-07:00 level=DEBUG msg="promql query logged" test=archv2-nxm tool=conduit-v2 collector=conduit type=conduit collector=conduit type=conduit params="map[end:2026-08-02T22:49:39.156Z query:rate(conduit_connector_bytes_sum{pipeline_name=\"archv2-nxm\",type=\"source\"}[2s])/1048576 start:2026-08-02T22:48:41.153Z step:1]" stats="&{Timings:{EvalTotalTime:0.000379666 ResultSortTime:1.375e-06 QueryPreparationTime:1.8292e-05 InnerEvalTime:0.0003465 ExecQueueTime:1.958e-06 ExecTotalTime:0.000385625} Samples:0x140011bbd40}" spanID=0000000000000000
time=2026-08-02T15:49:39.158-07:00 level=WARN msg="Query returned multiple series, only first will be used" test=archv2-nxm tool=conduit-v2 collector=conduit type=conduit collector=conduit type=conduit series-count=2
time=2026-08-02T15:49:39.158-07:00 level=DEBUG msg="Query returned data" test=archv2-nxm tool=conduit-v2 collector=conduit type=conduit collector=conduit type=conduit name=msg-megabytes-in-per-second[archv2-nxm] series-count=1 last-value=0.26367321685330947
time=2026-08-02T15:49:39.158-07:00 level=DEBUG msg="promql query logged" test=archv2-nxm tool=conduit-v2 collector=conduit type=conduit collector=conduit type=conduit params="map[end:2026-08-02T22:49:39.158Z query:rate(conduit_connector_bytes_sum{pipeline_name=\"archv2-nxm\",type=\"destination\"}[2s])/1048576 start:2026-08-02T22:48:41.153Z step:1]" stats="&{Timings:{EvalTotalTime:0.000138834 ResultSortTime:1.25e-06 QueryPreparationTime:1.9292e-05 InnerEvalTime:0.000113084 ExecQueueTime:3.583e-06 ExecTotalTime:0.000143459} Samples:0x1400120d140}" spanID=0000000000000000
time=2026-08-02T15:49:39.158-07:00 level=WARN msg="Query returned multiple series, only first will be used" test=archv2-nxm tool=conduit-v2 collector=conduit type=conduit collector=conduit type=conduit series-count=2
time=2026-08-02T15:49:39.158-07:00 level=DEBUG msg="Query returned data" test=archv2-nxm tool=conduit-v2 collector=conduit type=conduit collector=conduit type=conduit name=msg-megabytes-out-per-second[archv2-nxm] series-count=1 last-value=0.5247288612864125
time=2026-08-02T15:49:39.582-07:00 level=DEBUG msg="Inspecting container" model=container-monitor name=benchi-conduit
time=2026-08-02T15:49:40.089-07:00 level=DEBUG msg="Inspecting container" model=container-monitor name=benchi-conduit
time=2026-08-02T15:49:40.155-07:00 level=DEBUG msg="promql query logged" test=archv2-nxm tool=conduit-v2 collector=conduit type=conduit collector=conduit type=conduit params="map[end:2026-08-02T22:49:40.155Z query:rate(conduit_pipeline_execution_duration_seconds_count{pipeline_name=\"archv2-nxm\"}[2s]) start:2026-08-02T22:48:41.153Z step:1]" stats="&{Timings:{EvalTotalTime:8.7084e-05 ResultSortTime:6.67e-07 QueryPreparationTime:2.5208e-05 InnerEvalTime:5.4833e-05 ExecQueueTime:3.917e-06 ExecTotalTime:9.3667e-05} Samples:0x140013f4570}" spanID=0000000000000000
time=2026-08-02T15:49:40.155-07:00 level=DEBUG msg="Query returned data" test=archv2-nxm tool=conduit-v2 collector=conduit type=conduit collector=conduit type=conduit name=msg-rate-per-second[archv2-nxm] series-count=1 last-value=19168
time=2026-08-02T15:49:40.156-07:00 level=DEBUG msg="promql query logged" test=archv2-nxm tool=conduit-v2 collector=conduit type=conduit collector=conduit type=conduit params="map[end:2026-08-02T22:49:40.155Z query:rate(conduit_connector_bytes_sum{pipeline_name=\"archv2-nxm\",type=\"source\"}[2s])/1048576 start:2026-08-02T22:48:41.153Z step:1]" stats="&{Timings:{EvalTotalTime:0.000123459 ResultSortTime:1.583e-06 QueryPreparationTime:1.1e-05 InnerEvalTime:0.000104333 ExecQueueTime:1.292e-06 ExecTotalTime:0.000127} Samples:0x140013f4c30}" spanID=0000000000000000
time=2026-08-02T15:49:40.156-07:00 level=WARN msg="Query returned multiple series, only first will be used" test=archv2-nxm tool=conduit-v2 collector=conduit type=conduit collector=conduit type=conduit series-count=2
time=2026-08-02T15:49:40.156-07:00 level=DEBUG msg="Query returned data" test=archv2-nxm tool=conduit-v2 collector=conduit type=conduit collector=conduit type=conduit name=msg-megabytes-in-per-second[archv2-nxm] series-count=1 last-value=0.27109718322753906
time=2026-08-02T15:49:40.156-07:00 level=DEBUG msg="promql query logged" test=archv2-nxm tool=conduit-v2 collector=conduit type=conduit collector=conduit type=conduit params="map[end:2026-08-02T22:49:40.156Z query:rate(conduit_connector_bytes_sum{pipeline_name=\"archv2-nxm\",type=\"destination\"}[2s])/1048576 start:2026-08-02T22:48:41.153Z step:1]" stats="&{Timings:{EvalTotalTime:0.000136166 ResultSortTime:1.209e-06 QueryPreparationTime:1.5708e-05 InnerEvalTime:0.000108375 ExecQueueTime:2.376e-06 ExecTotalTime:0.000141417} Samples:0x14001410330}" spanID=0000000000000000
time=2026-08-02T15:49:40.156-07:00 level=WARN msg="Query returned multiple series, only first will be used" test=archv2-nxm tool=conduit-v2 collector=conduit type=conduit collector=conduit type=conduit series-count=2
time=2026-08-02T15:49:40.157-07:00 level=DEBUG msg="Query returned data" test=archv2-nxm tool=conduit-v2 collector=conduit type=conduit collector=conduit type=conduit name=msg-megabytes-out-per-second[archv2-nxm] series-count=1 last-value=0.5417385101318359
time=2026-08-02T15:49:40.597-07:00 level=DEBUG msg="Inspecting container" model=container-monitor name=benchi-conduit
time=2026-08-02T15:49:41.128-07:00 level=DEBUG msg="Inspecting container" model=container-monitor name=benchi-conduit
time=2026-08-02T15:49:41.153-07:00 level=INFO msg="Test in progress" test=archv2-nxm tool=conduit-v2 step=test time-left=0s
time=2026-08-02T15:49:41.154-07:00 level=DEBUG msg="promql query logged" test=archv2-nxm tool=conduit-v2 collector=conduit type=conduit collector=conduit type=conduit params="map[end:2026-08-02T22:49:41.153Z query:rate(conduit_pipeline_execution_duration_seconds_count{pipeline_name=\"archv2-nxm\"}[2s]) start:2026-08-02T22:48:41.153Z step:1]" stats="&{Timings:{EvalTotalTime:5.6083e-05 ResultSortTime:3.75e-07 QueryPreparationTime:1.3666e-05 InnerEvalTime:3.7042e-05 ExecQueueTime:2.125e-06 ExecTotalTime:6.0625e-05} Samples:0x140014d0720}" spanID=0000000000000000
time=2026-08-02T15:49:41.154-07:00 level=DEBUG msg="Query returned data" test=archv2-nxm tool=conduit-v2 collector=conduit type=conduit collector=conduit type=conduit name=msg-rate-per-second[archv2-nxm] series-count=1 last-value=18917
time=2026-08-02T15:49:41.154-07:00 level=DEBUG msg="promql query logged" test=archv2-nxm tool=conduit-v2 collector=conduit type=conduit collector=conduit type=conduit params="map[end:2026-08-02T22:49:41.154Z query:rate(conduit_connector_bytes_sum{pipeline_name=\"archv2-nxm\",type=\"source\"}[2s])/1048576 start:2026-08-02T22:48:41.153Z step:1]" stats="&{Timings:{EvalTotalTime:0.000101625 ResultSortTime:9.17e-07 QueryPreparationTime:8.292e-06 InnerEvalTime:8.8375e-05 ExecQueueTime:8.75e-07 ExecTotalTime:0.000104167} Samples:0x140014d0de0}" spanID=0000000000000000
time=2026-08-02T15:49:41.154-07:00 level=WARN msg="Query returned multiple series, only first will be used" test=archv2-nxm tool=conduit-v2 collector=conduit type=conduit collector=conduit type=conduit series-count=2
time=2026-08-02T15:49:41.154-07:00 level=DEBUG msg="Query returned data" test=archv2-nxm tool=conduit-v2 collector=conduit type=conduit collector=conduit type=conduit name=msg-megabytes-in-per-second[archv2-nxm] series-count=1 last-value=0.2696847915649414
time=2026-08-02T15:49:41.154-07:00 level=DEBUG msg="promql query logged" test=archv2-nxm tool=conduit-v2 collector=conduit type=conduit collector=conduit type=conduit params="map[end:2026-08-02T22:49:41.154Z query:rate(conduit_connector_bytes_sum{pipeline_name=\"archv2-nxm\",type=\"destination\"}[2s])/1048576 start:2026-08-02T22:48:41.153Z step:1]" stats="&{Timings:{EvalTotalTime:0.000104542 ResultSortTime:5.84e-07 QueryPreparationTime:7.292e-06 InnerEvalTime:9.2083e-05 ExecQueueTime:1.083e-06 ExecTotalTime:0.000108333} Samples:0x140014ea4e0}" spanID=0000000000000000
time=2026-08-02T15:49:41.154-07:00 level=WARN msg="Query returned multiple series, only first will be used" test=archv2-nxm tool=conduit-v2 collector=conduit type=conduit collector=conduit type=conduit series-count=2
time=2026-08-02T15:49:41.154-07:00 level=DEBUG msg="Query returned data" test=archv2-nxm tool=conduit-v2 collector=conduit type=conduit collector=conduit type=conduit name=msg-megabytes-out-per-second[archv2-nxm] series-count=1 last-value=0.5346460342407227
time=2026-08-02T15:49:41.633-07:00 level=DEBUG msg="Inspecting container" model=container-monitor name=benchi-conduit
time=2026-08-02T15:49:41.660-07:00 level=INFO msg="Step successful" test=archv2-nxm tool=conduit-v2 step=test
time=2026-08-02T15:49:41.660-07:00 level=INFO msg="Running step" test=archv2-nxm tool=conduit-v2 step=post-test
time=2026-08-02T15:49:41.660-07:00 level=INFO msg="Exporting metrics" test=archv2-nxm tool=conduit-v2 step=post-test collector=conduit path=/Users/devarisbrown/Code/projects/conduit/benchi/archv2-nxm/results/r3/archv2-nxm_conduit-v2/conduit.csv
time=2026-08-02T15:49:41.660-07:00 level=INFO msg="Exporting metrics" test=archv2-nxm tool=conduit-v2 step=post-test collector=docker path=/Users/devarisbrown/Code/projects/conduit/benchi/archv2-nxm/results/r3/archv2-nxm_conduit-v2/docker.csv
time=2026-08-02T15:49:41.661-07:00 level=DEBUG msg="Running hooks" test=archv2-nxm tool=conduit-v2 step=post-test count=0
time=2026-08-02T15:49:41.661-07:00 level=INFO msg="Step successful" test=archv2-nxm tool=conduit-v2 step=post-test
time=2026-08-02T15:49:41.661-07:00 level=INFO msg="Running step" test=archv2-nxm tool=conduit-v2 step=pre-cleanup
time=2026-08-02T15:49:41.661-07:00 level=DEBUG msg="Running hooks" test=archv2-nxm tool=conduit-v2 step=pre-cleanup count=0
time=2026-08-02T15:49:41.661-07:00 level=INFO msg="Step successful" test=archv2-nxm tool=conduit-v2 step=pre-cleanup
time=2026-08-02T15:49:41.661-07:00 level=INFO msg="Running step" test=archv2-nxm tool=conduit-v2 step=cleanup
time=2026-08-02T15:49:41.661-07:00 level=INFO msg="Stopping containers" test=archv2-nxm tool=conduit-v2 step=tool
time=2026-08-02T15:49:41.661-07:00 level=DEBUG msg="Executing command" command="/usr/local/bin/docker compose -f ./tools/compose-conduit-v2.yml down"
time=2026-08-02T15:49:41.971-07:00 level=INFO msg="Step successful" test=archv2-nxm tool=conduit-v2 step=cleanup
time=2026-08-02T15:49:41.971-07:00 level=INFO msg="Running step" test=archv2-nxm tool=conduit-v2 step=post-cleanup
time=2026-08-02T15:49:41.972-07:00 level=DEBUG msg="Running hooks" test=archv2-nxm tool=conduit-v2 step=post-cleanup count=0
time=2026-08-02T15:49:41.972-07:00 level=INFO msg="Step successful" test=archv2-nxm tool=conduit-v2 step=post-cleanup
time=2026-08-02T15:49:41.972-07:00 level=INFO msg="Exporting aggregated metrics" path=/Users/devarisbrown/Code/projects/conduit/benchi/archv2-nxm/results/r3/aggregated-results.csv
time=2026-08-02T15:49:41.972-07:00 level=INFO msg="Removing docker network" network=benchi
time=2026-08-02T15:49:41.972-07:00 level=INFO msg="Removing network" network=benchi
time=2026-08-02T15:49:42.141-07:00 level=DEBUG msg="Inspecting container" model=container-monitor name=benchi-conduit
time=2026-08-02T15:49:42.145-07:00 level=DEBUG msg="Container not found" model=container-monitor name=benchi-conduit
time=2026-08-02T15:49:42.173-07:00 level=INFO msg="Network removed" network=benchi
