time=2026-08-02T15:41:04.545-07:00 level=INFO msg="Results directory" path=/Users/devarisbrown/Code/projects/conduit/benchi/archv2-parity/results/r3
time=2026-08-02T15:41:04.546-07:00 level=INFO msg="Config file" path=/Users/devarisbrown/Code/projects/conduit/benchi/archv2-parity/bench.yml
time=2026-08-02T15:41:04.546-07:00 level=INFO msg="Parsed config" path=/Users/devarisbrown/Code/projects/conduit/benchi/archv2-parity/bench.yml
time=2026-08-02T15:41:04.546-07:00 level=INFO msg="Creating docker client"
time=2026-08-02T15:41:04.549-07:00 level=INFO msg="Creating docker network" network=benchi
time=2026-08-02T15:41:04.553-07:00 level=INFO msg="Docker network not found, creating it" network=benchi
time=2026-08-02T15:41:05.603-07:00 level=INFO msg="Network created" network-id=081554e1afafe3f61d5564ec8ab9080aab9a4a6f7aacdeb0a058adf88b4adcfc
time=2026-08-02T15:41:05.612-07:00 level=INFO msg="Using network" network=benchi network-id=081554e1afafe3f61d5564ec8ab9080aab9a4a6f7aacdeb0a058adf88b4adcfc
time=2026-08-02T15:41:05.614-07:00 level=DEBUG msg="Executing command" command="/usr/local/bin/docker compose -f ./tools/compose-conduit-v1.yml config --format json"
time=2026-08-02T15:41:05.726-07:00 level=INFO msg="Replaying on-disk memory mappable chunks if any" test=archv2-parity tool=conduit-v1 collector=conduit type=conduit collector=conduit type=conduit collector.prometheus=tsdb
time=2026-08-02T15:41:05.726-07:00 level=INFO msg="On-disk memory mappable chunks replay completed" test=archv2-parity tool=conduit-v1 collector=conduit type=conduit collector=conduit type=conduit collector.prometheus=tsdb duration=17.042µs
time=2026-08-02T15:41:05.726-07:00 level=INFO msg="Replaying WAL, this may take a while" test=archv2-parity tool=conduit-v1 collector=conduit type=conduit collector=conduit type=conduit collector.prometheus=tsdb
time=2026-08-02T15:41:05.727-07:00 level=INFO msg="WAL segment loaded" test=archv2-parity tool=conduit-v1 collector=conduit type=conduit collector=conduit type=conduit collector.prometheus=tsdb segment=0 maxSegment=0
time=2026-08-02T15:41:05.727-07:00 level=INFO msg="WAL replay completed" test=archv2-parity tool=conduit-v1 collector=conduit type=conduit collector=conduit type=conduit collector.prometheus=tsdb checkpoint_replay_duration=156.875µs wal_replay_duration=1.379959ms wbl_replay_duration=167ns chunk_snapshot_load_duration=0s mmap_chunk_replay_duration=17.042µs total_replay_duration=1.688542ms
time=2026-08-02T15:41:05.753-07:00 level=DEBUG msg="Lookback delta is zero, setting to default value" test=archv2-parity tool=conduit-v1 collector=conduit type=conduit collector=conduit type=conduit collector.prometheus="query engine" value=5m0s
time=2026-08-02T15:41:05.754-07:00 level=DEBUG msg="Executing command" command="/usr/local/bin/docker compose -f ./tools/compose-conduit-v2.yml config --format json"
time=2026-08-02T15:41:05.860-07:00 level=INFO msg="Replaying on-disk memory mappable chunks if any" test=archv2-parity tool=conduit-v2 collector=conduit type=conduit collector=conduit type=conduit collector.prometheus=tsdb
time=2026-08-02T15:41:05.860-07:00 level=INFO msg="On-disk memory mappable chunks replay completed" test=archv2-parity tool=conduit-v2 collector=conduit type=conduit collector=conduit type=conduit collector.prometheus=tsdb duration=959ns
time=2026-08-02T15:41:05.860-07:00 level=INFO msg="Replaying WAL, this may take a while" test=archv2-parity tool=conduit-v2 collector=conduit type=conduit collector=conduit type=conduit collector.prometheus=tsdb
time=2026-08-02T15:41:05.862-07:00 level=INFO msg="WAL segment loaded" test=archv2-parity tool=conduit-v2 collector=conduit type=conduit collector=conduit type=conduit collector.prometheus=tsdb segment=0 maxSegment=0
time=2026-08-02T15:41:05.862-07:00 level=INFO msg="WAL replay completed" test=archv2-parity tool=conduit-v2 collector=conduit type=conduit collector=conduit type=conduit collector.prometheus=tsdb checkpoint_replay_duration=102.375µs wal_replay_duration=2.269959ms wbl_replay_duration=84ns chunk_snapshot_load_duration=0s mmap_chunk_replay_duration=959ns total_replay_duration=2.457833ms
time=2026-08-02T15:41:05.867-07:00 level=DEBUG msg="Lookback delta is zero, setting to default value" test=archv2-parity tool=conduit-v2 collector=conduit type=conduit collector=conduit type=conduit collector.prometheus="query engine" value=5m0s
time=2026-08-02T15:41:05.867-07:00 level=INFO msg="Running step" test=archv2-parity tool=conduit-v1 step=pre-infrastructure
time=2026-08-02T15:41:05.867-07:00 level=INFO msg="Pulling docker images for tool containers" test=archv2-parity tool=conduit-v1 step=pre-infrastructure containers=[benchi-conduit]
time=2026-08-02T15:41:05.867-07:00 level=DEBUG msg="Executing command" command="/usr/local/bin/docker compose -f ./tools/compose-conduit-v1.yml pull"
time=2026-08-02T15:41:05.989-07:00 level=INFO msg="Pulling docker images for hooks" test=archv2-parity tool=conduit-v1 step=pre-infrastructure images=[]
time=2026-08-02T15:41:05.989-07:00 level=DEBUG msg="Running hooks" test=archv2-parity tool=conduit-v1 step=pre-infrastructure count=0
time=2026-08-02T15:41:05.989-07:00 level=INFO msg="Step successful" test=archv2-parity tool=conduit-v1 step=pre-infrastructure
time=2026-08-02T15:41:05.989-07:00 level=INFO msg="Running step" test=archv2-parity tool=conduit-v1 step=infrastructure
time=2026-08-02T15:41:05.989-07:00 level=INFO msg="No infrastructure to start" test=archv2-parity tool=conduit-v1 step=infrastructure
time=2026-08-02T15:41:05.989-07:00 level=INFO msg="Step successful" test=archv2-parity tool=conduit-v1 step=infrastructure
time=2026-08-02T15:41:05.990-07:00 level=INFO msg="Running step" test=archv2-parity tool=conduit-v1 step=post-infrastructure
time=2026-08-02T15:41:05.990-07:00 level=DEBUG msg="Running hooks" test=archv2-parity tool=conduit-v1 step=post-infrastructure count=0
time=2026-08-02T15:41:05.990-07:00 level=INFO msg="Step successful" test=archv2-parity tool=conduit-v1 step=post-infrastructure
time=2026-08-02T15:41:05.990-07:00 level=INFO msg="Running step" test=archv2-parity tool=conduit-v1 step=pre-tool
time=2026-08-02T15:41:05.990-07:00 level=DEBUG msg="Running hooks" test=archv2-parity tool=conduit-v1 step=pre-tool count=0
time=2026-08-02T15:41:05.990-07:00 level=INFO msg="Step successful" test=archv2-parity tool=conduit-v1 step=pre-tool
time=2026-08-02T15:41:05.990-07:00 level=INFO msg="Running step" test=archv2-parity tool=conduit-v1 step=tool
time=2026-08-02T15:41:05.990-07:00 level=INFO msg="Waiting for container status to be healthy" test=archv2-parity tool=conduit-v1 step=tool container=benchi-conduit status=N/A
time=2026-08-02T15:41:05.990-07:00 level=DEBUG msg="Executing command" command="/usr/local/bin/docker compose -f ./tools/compose-conduit-v1.yml up"
time=2026-08-02T15:41:06.367-07:00 level=DEBUG msg="Inspecting container" model=container-monitor name=benchi-conduit
time=2026-08-02T15:41:06.873-07:00 level=DEBUG msg="Inspecting container" model=container-monitor name=benchi-conduit
time=2026-08-02T15:41:06.995-07:00 level=DEBUG msg="Inspected container" test=archv2-parity tool=conduit-v1 step=tool container=benchi-conduit response="{ContainerJSONBase:0x14000a846e0 Mounts:[{Type:bind Name: Source:/Users/devarisbrown/Code/projects/conduit/benchi/archv2-parity/pipeline.yml Destination:/app/pipelines/pipeline.yml Driver: Mode:rw RW:true Propagation:rprivate}] Config:0x140004a0b40 NetworkSettings:0x1400042c600 ImageManifestDescriptor:<nil>}" state="{Status:running Running:true Paused:false Restarting:false OOMKilled:false Dead:false Pid:78563 ExitCode:0 Error: StartedAt:2026-08-02T22:41:06.176397548Z FinishedAt:0001-01-01T00:00:00Z Health:<nil>}"
time=2026-08-02T15:41:06.995-07:00 level=INFO msg="Container is running (consider adding a health check!)" test=archv2-parity tool=conduit-v1 step=tool container=/benchi-conduit
time=2026-08-02T15:41:06.995-07:00 level=INFO msg="Tools started" test=archv2-parity tool=conduit-v1 step=tool
time=2026-08-02T15:41:06.995-07:00 level=INFO msg="Step successful" test=archv2-parity tool=conduit-v1 step=tool
time=2026-08-02T15:41:06.995-07:00 level=INFO msg="Running step" test=archv2-parity tool=conduit-v1 step=post-tool
time=2026-08-02T15:41:06.995-07:00 level=DEBUG msg="Running hooks" test=archv2-parity tool=conduit-v1 step=post-tool count=0
time=2026-08-02T15:41:06.995-07:00 level=INFO msg="Step successful" test=archv2-parity tool=conduit-v1 step=post-tool
time=2026-08-02T15:41:06.995-07:00 level=INFO msg="Running step" test=archv2-parity tool=conduit-v1 step=pre-test
time=2026-08-02T15:41:06.995-07:00 level=DEBUG msg="Running hooks" test=archv2-parity tool=conduit-v1 step=pre-test count=0
time=2026-08-02T15:41:06.995-07:00 level=INFO msg="Step successful" test=archv2-parity tool=conduit-v1 step=pre-test
time=2026-08-02T15:41:06.995-07:00 level=INFO msg="Running step" test=archv2-parity tool=conduit-v1 step=test
time=2026-08-02T15:41:06.995-07:00 level=INFO msg="Running collector" test=archv2-parity tool=conduit-v1 step=test name=docker type=docker
time=2026-08-02T15:41:06.995-07:00 level=INFO msg="Running collector" test=archv2-parity tool=conduit-v1 step=test name=conduit type=conduit
time=2026-08-02T15:41:06.995-07:00 level=DEBUG msg="Collecting stats" test=archv2-parity tool=conduit-v1 collector=docker type=docker collector=docker type=docker container=benchi-conduit
time=2026-08-02T15:41:06.996-07:00 level=INFO msg="Test in progress" test=archv2-parity tool=conduit-v1 step=test time-left=1m0s
time=2026-08-02T15:41:07.379-07:00 level=DEBUG msg="Inspecting container" model=container-monitor name=benchi-conduit
time=2026-08-02T15:41:07.892-07:00 level=DEBUG msg="Inspecting container" model=container-monitor name=benchi-conduit
time=2026-08-02T15:41:07.996-07:00 level=DEBUG msg="promql query logged" test=archv2-parity tool=conduit-v1 collector=conduit type=conduit collector=conduit type=conduit params="map[end:2026-08-02T22:41:07.996Z query:rate(conduit_pipeline_execution_duration_seconds_count{pipeline_name=\"archv2-parity\"}[2s]) start:2026-08-02T22:41:06.996Z step:1]" stats="&{Timings:{EvalTotalTime:0.00036925 ResultSortTime:7.5e-07 QueryPreparationTime:0.000149833 InnerEvalTime:0.000155583 ExecQueueTime:4.042e-06 ExecTotalTime:0.000379292} Samples:0x140010c34d0}" spanID=0000000000000000
time=2026-08-02T15:41:07.997-07:00 level=DEBUG msg="No data returned from query" test=archv2-parity tool=conduit-v1 collector=conduit type=conduit collector=conduit type=conduit
time=2026-08-02T15:41:07.997-07:00 level=DEBUG msg="promql query logged" test=archv2-parity tool=conduit-v1 collector=conduit type=conduit collector=conduit type=conduit params="map[end:2026-08-02T22:41:07.997Z query:rate(conduit_connector_bytes_sum{pipeline_name=\"archv2-parity\",type=\"source\"}[2s])/1048576 start:2026-08-02T22:41:06.996Z step:1]" stats="&{Timings:{EvalTotalTime:0.000128 ResultSortTime:2.5e-07 QueryPreparationTime:1.6292e-05 InnerEvalTime:0.000106125 ExecQueueTime:1.791e-06 ExecTotalTime:0.000132875} Samples:0x140010c3b30}" spanID=0000000000000000
time=2026-08-02T15:41:07.997-07:00 level=DEBUG msg="No data returned from query" test=archv2-parity tool=conduit-v1 collector=conduit type=conduit collector=conduit type=conduit
time=2026-08-02T15:41:07.997-07:00 level=DEBUG msg="promql query logged" test=archv2-parity tool=conduit-v1 collector=conduit type=conduit collector=conduit type=conduit params="map[end:2026-08-02T22:41:07.997Z query:rate(conduit_connector_bytes_sum{pipeline_name=\"archv2-parity\",type=\"destination\"}[2s])/1048576 start:2026-08-02T22:41:06.996Z step:1]" stats="&{Timings:{EvalTotalTime:5.9541e-05 ResultSortTime:2.5e-07 QueryPreparationTime:9.042e-06 InnerEvalTime:4.6e-05 ExecQueueTime:1e-06 ExecTotalTime:6.2792e-05} Samples:0x14001294210}" spanID=0000000000000000
time=2026-08-02T15:41:07.997-07:00 level=DEBUG msg="No data returned from query" test=archv2-parity tool=conduit-v1 collector=conduit type=conduit collector=conduit type=conduit
time=2026-08-02T15:41:08.399-07:00 level=DEBUG msg="Inspecting container" model=container-monitor name=benchi-conduit
time=2026-08-02T15:41:08.917-07:00 level=DEBUG msg="Inspecting container" model=container-monitor name=benchi-conduit
time=2026-08-02T15:41:08.998-07:00 level=DEBUG msg="promql query logged" test=archv2-parity tool=conduit-v1 collector=conduit type=conduit collector=conduit type=conduit params="map[end:2026-08-02T22:41:08.998Z query:rate(conduit_pipeline_execution_duration_seconds_count{pipeline_name=\"archv2-parity\"}[2s]) start:2026-08-02T22:41:06.996Z step:1]" stats="&{Timings:{EvalTotalTime:0.00010325 ResultSortTime:1.083e-06 QueryPreparationTime:3e-05 InnerEvalTime:5.6708e-05 ExecQueueTime:4.418e-06 ExecTotalTime:0.000113083} Samples:0x1400121b110}" spanID=0000000000000000
time=2026-08-02T15:41:08.998-07:00 level=DEBUG msg="Query returned data" test=archv2-parity tool=conduit-v1 collector=conduit type=conduit collector=conduit type=conduit name=msg-rate-per-second[archv2-parity] series-count=1 last-value=30299
time=2026-08-02T15:41:08.999-07:00 level=DEBUG msg="promql query logged" test=archv2-parity tool=conduit-v1 collector=conduit type=conduit collector=conduit type=conduit params="map[end:2026-08-02T22:41:08.998Z query:rate(conduit_connector_bytes_sum{pipeline_name=\"archv2-parity\",type=\"source\"}[2s])/1048576 start:2026-08-02T22:41:06.996Z step:1]" stats="&{Timings:{EvalTotalTime:8.825e-05 ResultSortTime:4.17e-07 QueryPreparationTime:1.75e-05 InnerEvalTime:6.4792e-05 ExecQueueTime:1.625e-06 ExecTotalTime:9.6625e-05} Samples:0x1400121b7d0}" spanID=0000000000000000
time=2026-08-02T15:41:08.999-07:00 level=DEBUG msg="Query returned data" test=archv2-parity tool=conduit-v1 collector=conduit type=conduit collector=conduit type=conduit name=msg-megabytes-in-per-second[archv2-parity] series-count=1 last-value=0.8560848236083984
time=2026-08-02T15:41:08.999-07:00 level=DEBUG msg="promql query logged" test=archv2-parity tool=conduit-v1 collector=conduit type=conduit collector=conduit type=conduit params="map[end:2026-08-02T22:41:08.999Z query:rate(conduit_connector_bytes_sum{pipeline_name=\"archv2-parity\",type=\"destination\"}[2s])/1048576 start:2026-08-02T22:41:06.996Z step:1]" stats="&{Timings:{EvalTotalTime:4.3458e-05 ResultSortTime:1.25e-07 QueryPreparationTime:7.375e-06 InnerEvalTime:2.2417e-05 ExecQueueTime:1.041e-06 ExecTotalTime:4.6833e-05} Samples:0x1400121be30}" spanID=0000000000000000
time=2026-08-02T15:41:08.999-07:00 level=DEBUG msg="Query returned data" test=archv2-parity tool=conduit-v1 collector=conduit type=conduit collector=conduit type=conduit name=msg-megabytes-out-per-second[archv2-parity] series-count=1 last-value=0.8560848236083984
time=2026-08-02T15:41:09.426-07:00 level=DEBUG msg="Inspecting container" model=container-monitor name=benchi-conduit
time=2026-08-02T15:41:09.931-07:00 level=DEBUG msg="Inspecting container" model=container-monitor name=benchi-conduit
time=2026-08-02T15:41:09.996-07:00 level=DEBUG msg="promql query logged" test=archv2-parity tool=conduit-v1 collector=conduit type=conduit collector=conduit type=conduit params="map[end:2026-08-02T22:41:09.996Z query:rate(conduit_pipeline_execution_duration_seconds_count{pipeline_name=\"archv2-parity\"}[2s]) start:2026-08-02T22:41:06.996Z step:1]" stats="&{Timings:{EvalTotalTime:9.2125e-05 ResultSortTime:1.125e-06 QueryPreparationTime:3.125e-05 InnerEvalTime:5.2833e-05 ExecQueueTime:4.251e-06 ExecTotalTime:0.000100458} Samples:0x1400127a930}" spanID=0000000000000000
time=2026-08-02T15:41:09.996-07:00 level=DEBUG msg="Query returned data" test=archv2-parity tool=conduit-v1 collector=conduit type=conduit collector=conduit type=conduit name=msg-rate-per-second[archv2-parity] series-count=1 last-value=28980.039920159677
time=2026-08-02T15:41:09.996-07:00 level=DEBUG msg="promql query logged" test=archv2-parity tool=conduit-v1 collector=conduit type=conduit collector=conduit type=conduit params="map[end:2026-08-02T22:41:09.996Z query:rate(conduit_connector_bytes_sum{pipeline_name=\"archv2-parity\",type=\"source\"}[2s])/1048576 start:2026-08-02T22:41:06.996Z step:1]" stats="&{Timings:{EvalTotalTime:5.7791e-05 ResultSortTime:3.75e-07 QueryPreparationTime:1.2041e-05 InnerEvalTime:4.1125e-05 ExecQueueTime:1.917e-06 ExecTotalTime:6.4333e-05} Samples:0x1400127af90}" spanID=0000000000000000
time=2026-08-02T15:41:09.996-07:00 level=DEBUG msg="Query returned data" test=archv2-parity tool=conduit-v1 collector=conduit type=conduit collector=conduit type=conduit name=msg-megabytes-in-per-second[archv2-parity] series-count=1 last-value=0.8191662634204248
time=2026-08-02T15:41:09.997-07:00 level=DEBUG msg="promql query logged" test=archv2-parity tool=conduit-v1 collector=conduit type=conduit collector=conduit type=conduit params="map[end:2026-08-02T22:41:09.996Z query:rate(conduit_connector_bytes_sum{pipeline_name=\"archv2-parity\",type=\"destination\"}[2s])/1048576 start:2026-08-02T22:41:06.996Z step:1]" stats="&{Timings:{EvalTotalTime:2.925e-05 ResultSortTime:2.08e-07 QueryPreparationTime:7.375e-06 InnerEvalTime:1.8583e-05 ExecQueueTime:1.084e-06 ExecTotalTime:3.1291e-05} Samples:0x1400127b5f0}" spanID=0000000000000000
time=2026-08-02T15:41:09.997-07:00 level=DEBUG msg="Query returned data" test=archv2-parity tool=conduit-v1 collector=conduit type=conduit collector=conduit type=conduit name=msg-megabytes-out-per-second[archv2-parity] series-count=1 last-value=0.819191009460571
time=2026-08-02T15:41:10.443-07:00 level=DEBUG msg="Inspecting container" model=container-monitor name=benchi-conduit
time=2026-08-02T15:41:10.948-07:00 level=DEBUG msg="Inspecting container" model=container-monitor name=benchi-conduit
time=2026-08-02T15:41:10.996-07:00 level=DEBUG msg="promql query logged" test=archv2-parity tool=conduit-v1 collector=conduit type=conduit collector=conduit type=conduit params="map[end:2026-08-02T22:41:10.996Z query:rate(conduit_pipeline_execution_duration_seconds_count{pipeline_name=\"archv2-parity\"}[2s]) start:2026-08-02T22:41:06.996Z step:1]" stats="&{Timings:{EvalTotalTime:9.3083e-05 ResultSortTime:5.41e-07 QueryPreparationTime:1.9083e-05 InnerEvalTime:6.6583e-05 ExecQueueTime:3.542e-06 ExecTotalTime:0.000102208} Samples:0x1400145a900}" spanID=0000000000000000
time=2026-08-02T15:41:10.996-07:00 level=DEBUG msg="Query returned data" test=archv2-parity tool=conduit-v1 collector=conduit type=conduit collector=conduit type=conduit name=msg-rate-per-second[archv2-parity] series-count=1 last-value=30036
time=2026-08-02T15:41:10.996-07:00 level=DEBUG msg="promql query logged" test=archv2-parity tool=conduit-v1 collector=conduit type=conduit collector=conduit type=conduit params="map[end:2026-08-02T22:41:10.996Z query:rate(conduit_connector_bytes_sum{pipeline_name=\"archv2-parity\",type=\"source\"}[2s])/1048576 start:2026-08-02T22:41:06.996Z step:1]" stats="&{Timings:{EvalTotalTime:4.3708e-05 ResultSortTime:2.08e-07 QueryPreparationTime:8.041e-06 InnerEvalTime:3.2792e-05 ExecQueueTime:1.333e-06 ExecTotalTime:4.6125e-05} Samples:0x1400145af60}" spanID=0000000000000000
time=2026-08-02T15:41:10.996-07:00 level=DEBUG msg="Query returned data" test=archv2-parity tool=conduit-v1 collector=conduit type=conduit collector=conduit type=conduit name=msg-megabytes-in-per-second[archv2-parity] series-count=1 last-value=0.8488216400146484
time=2026-08-02T15:41:10.996-07:00 level=DEBUG msg="promql query logged" test=archv2-parity tool=conduit-v1 collector=conduit type=conduit collector=conduit type=conduit params="map[end:2026-08-02T22:41:10.996Z query:rate(conduit_connector_bytes_sum{pipeline_name=\"archv2-parity\",type=\"destination\"}[2s])/1048576 start:2026-08-02T22:41:06.996Z step:1]" stats="&{Timings:{EvalTotalTime:1.3583e-05 ResultSortTime:8.3e-08 QueryPreparationTime:2.958e-06 InnerEvalTime:9e-06 ExecQueueTime:4.58e-07 ExecTotalTime:1.5042e-05} Samples:0x1400145b5c0}" spanID=0000000000000000
time=2026-08-02T15:41:10.996-07:00 level=DEBUG msg="Query returned data" test=archv2-parity tool=conduit-v1 collector=conduit type=conduit collector=conduit type=conduit name=msg-megabytes-out-per-second[archv2-parity] series-count=1 last-value=0.8487968444824219
time=2026-08-02T15:41:11.457-07:00 level=DEBUG msg="Inspecting container" model=container-monitor name=benchi-conduit
time=2026-08-02T15:41:11.963-07:00 level=DEBUG msg="Inspecting container" model=container-monitor name=benchi-conduit
time=2026-08-02T15:41:11.997-07:00 level=INFO msg="Test in progress" test=archv2-parity tool=conduit-v1 step=test time-left=55s
time=2026-08-02T15:41:11.997-07:00 level=DEBUG msg="promql query logged" test=archv2-parity tool=conduit-v1 collector=conduit type=conduit collector=conduit type=conduit params="map[end:2026-08-02T22:41:11.997Z query:rate(conduit_pipeline_execution_duration_seconds_count{pipeline_name=\"archv2-parity\"}[2s]) start:2026-08-02T22:41:06.996Z step:1]" stats="&{Timings:{EvalTotalTime:6.35e-05 ResultSortTime:5.41e-07 QueryPreparationTime:2.0625e-05 InnerEvalTime:3.7e-05 ExecQueueTime:3.6292e-05 ExecTotalTime:6.9166e-05} Samples:0x1400152c450}" spanID=0000000000000000
time=2026-08-02T15:41:11.997-07:00 level=DEBUG msg="Query returned data" test=archv2-parity tool=conduit-v1 collector=conduit type=conduit collector=conduit type=conduit name=msg-rate-per-second[archv2-parity] series-count=1 last-value=32059.118236472943
time=2026-08-02T15:41:11.997-07:00 level=DEBUG msg="promql query logged" test=archv2-parity tool=conduit-v1 collector=conduit type=conduit collector=conduit type=conduit params="map[end:2026-08-02T22:41:11.997Z query:rate(conduit_connector_bytes_sum{pipeline_name=\"archv2-parity\",type=\"source\"}[2s])/1048576 start:2026-08-02T22:41:06.996Z step:1]" stats="&{Timings:{EvalTotalTime:4.5625e-05 ResultSortTime:2.5e-07 QueryPreparationTime:9e-06 InnerEvalTime:3.2708e-05 ExecQueueTime:7.92e-07 ExecTotalTime:4.8459e-05} Samples:0x1400152cab0}" spanID=0000000000000000
time=2026-08-02T15:41:11.997-07:00 level=DEBUG msg="Query returned data" test=archv2-parity tool=conduit-v1 collector=conduit type=conduit collector=conduit type=conduit name=msg-megabytes-in-per-second[archv2-parity] series-count=1 last-value=0.9059495104099801
time=2026-08-02T15:41:11.998-07:00 level=DEBUG msg="promql query logged" test=archv2-parity tool=conduit-v1 collector=conduit type=conduit collector=conduit type=conduit params="map[end:2026-08-02T22:41:11.997Z query:rate(conduit_connector_bytes_sum{pipeline_name=\"archv2-parity\",type=\"destination\"}[2s])/1048576 start:2026-08-02T22:41:06.996Z step:1]" stats="&{Timings:{EvalTotalTime:4.0875e-05 ResultSortTime:3.33e-07 QueryPreparationTime:9.834e-06 InnerEvalTime:2.7166e-05 ExecQueueTime:2.292e-06 ExecTotalTime:4.6833e-05} Samples:0x1400152d110}" spanID=0000000000000000
time=2026-08-02T15:41:11.998-07:00 level=DEBUG msg="Query returned data" test=archv2-parity tool=conduit-v1 collector=conduit type=conduit collector=conduit type=conduit name=msg-megabytes-out-per-second[archv2-parity] series-count=1 last-value=0.9059495104099801
time=2026-08-02T15:41:12.472-07:00 level=DEBUG msg="Inspecting container" model=container-monitor name=benchi-conduit
time=2026-08-02T15:41:12.981-07:00 level=DEBUG msg="Inspecting container" model=container-monitor name=benchi-conduit
time=2026-08-02T15:41:12.997-07:00 level=DEBUG msg="promql query logged" test=archv2-parity tool=conduit-v1 collector=conduit type=conduit collector=conduit type=conduit params="map[end:2026-08-02T22:41:12.997Z query:rate(conduit_pipeline_execution_duration_seconds_count{pipeline_name=\"archv2-parity\"}[2s]) start:2026-08-02T22:41:06.996Z step:1]" stats="&{Timings:{EvalTotalTime:0.000113125 ResultSortTime:8.34e-07 QueryPreparationTime:4.2166e-05 InnerEvalTime:6.2416e-05 ExecQueueTime:3.334e-06 ExecTotalTime:0.000122209} Samples:0x140012950e0}" spanID=0000000000000000
time=2026-08-02T15:41:12.997-07:00 level=DEBUG msg="Query returned data" test=archv2-parity tool=conduit-v1 collector=conduit type=conduit collector=conduit type=conduit name=msg-rate-per-second[archv2-parity] series-count=1 last-value=31979
time=2026-08-02T15:41:12.997-07:00 level=DEBUG msg="promql query logged" test=archv2-parity tool=conduit-v1 collector=conduit type=conduit collector=conduit type=conduit params="map[end:2026-08-02T22:41:12.997Z query:rate(conduit_connector_bytes_sum{pipeline_name=\"archv2-parity\",type=\"source\"}[2s])/1048576 start:2026-08-02T22:41:06.996Z step:1]" stats="&{Timings:{EvalTotalTime:0.000106417 ResultSortTime:3.34e-07 QueryPreparationTime:1.75e-05 InnerEvalTime:4.8042e-05 ExecQueueTime:1.958e-06 ExecTotalTime:0.000110417} Samples:0x14001295770}" spanID=0000000000000000
time=2026-08-02T15:41:12.998-07:00 level=DEBUG msg="Query returned data" test=archv2-parity tool=conduit-v1 collector=conduit type=conduit collector=conduit type=conduit name=msg-megabytes-in-per-second[archv2-parity] series-count=1 last-value=0.9031763076782227
time=2026-08-02T15:41:12.998-07:00 level=DEBUG msg="promql query logged" test=archv2-parity tool=conduit-v1 collector=conduit type=conduit collector=conduit type=conduit params="map[end:2026-08-02T22:41:12.998Z query:rate(conduit_connector_bytes_sum{pipeline_name=\"archv2-parity\",type=\"destination\"}[2s])/1048576 start:2026-08-02T22:41:06.996Z step:1]" stats="&{Timings:{EvalTotalTime:3.9875e-05 ResultSortTime:2.5e-07 QueryPreparationTime:8.458e-06 InnerEvalTime:2.8208e-05 ExecQueueTime:1.25e-06 ExecTotalTime:4.3625e-05} Samples:0x14001295dd0}" spanID=0000000000000000
time=2026-08-02T15:41:12.998-07:00 level=DEBUG msg="Query returned data" test=archv2-parity tool=conduit-v1 collector=conduit type=conduit collector=conduit type=conduit name=msg-megabytes-out-per-second[archv2-parity] series-count=1 last-value=0.9031763076782227
time=2026-08-02T15:41:13.491-07:00 level=DEBUG msg="Inspecting container" model=container-monitor name=benchi-conduit
time=2026-08-02T15:41:13.996-07:00 level=DEBUG msg="promql query logged" test=archv2-parity tool=conduit-v1 collector=conduit type=conduit collector=conduit type=conduit params="map[end:2026-08-02T22:41:13.996Z query:rate(conduit_pipeline_execution_duration_seconds_count{pipeline_name=\"archv2-parity\"}[2s]) start:2026-08-02T22:41:06.996Z step:1]" stats="&{Timings:{EvalTotalTime:6.9708e-05 ResultSortTime:5e-07 QueryPreparationTime:1.5e-05 InnerEvalTime:4.95e-05 ExecQueueTime:2.459e-06 ExecTotalTime:7.4417e-05} Samples:0x140012def90}" spanID=0000000000000000
time=2026-08-02T15:41:13.996-07:00 level=DEBUG msg="Query returned data" test=archv2-parity tool=conduit-v1 collector=conduit type=conduit collector=conduit type=conduit name=msg-rate-per-second[archv2-parity] series-count=1 last-value=30422
time=2026-08-02T15:41:13.996-07:00 level=DEBUG msg="promql query logged" test=archv2-parity tool=conduit-v1 collector=conduit type=conduit collector=conduit type=conduit params="map[end:2026-08-02T22:41:13.996Z query:rate(conduit_connector_bytes_sum{pipeline_name=\"archv2-parity\",type=\"source\"}[2s])/1048576 start:2026-08-02T22:41:06.996Z step:1]" stats="&{Timings:{EvalTotalTime:3.9375e-05 ResultSortTime:2.92e-07 QueryPreparationTime:7.208e-06 InnerEvalTime:2.475e-05 ExecQueueTime:8.75e-07 ExecTotalTime:4.1833e-05} Samples:0x140012df5f0}" spanID=0000000000000000
time=2026-08-02T15:41:13.996-07:00 level=DEBUG msg="Query returned data" test=archv2-parity tool=conduit-v1 collector=conduit type=conduit collector=conduit type=conduit name=msg-megabytes-in-per-second[archv2-parity] series-count=1 last-value=0.858856201171875
time=2026-08-02T15:41:13.996-07:00 level=DEBUG msg="promql query logged" test=archv2-parity tool=conduit-v1 collector=conduit type=conduit collector=conduit type=conduit params="map[end:2026-08-02T22:41:13.996Z query:rate(conduit_connector_bytes_sum{pipeline_name=\"archv2-parity\",type=\"destination\"}[2s])/1048576 start:2026-08-02T22:41:06.996Z step:1]" stats="&{Timings:{EvalTotalTime:3.6541e-05 ResultSortTime:1.25e-07 QueryPreparationTime:7.083e-06 InnerEvalTime:2.6458e-05 ExecQueueTime:7.09e-07 ExecTotalTime:3.8875e-05} Samples:0x140012dfc50}" spanID=0000000000000000
time=2026-08-02T15:41:13.996-07:00 level=DEBUG msg="Query returned data" test=archv2-parity tool=conduit-v1 collector=conduit type=conduit collector=conduit type=conduit name=msg-megabytes-out-per-second[archv2-parity] series-count=1 last-value=0.858881950378418
time=2026-08-02T15:41:13.999-07:00 level=DEBUG msg="Inspecting container" model=container-monitor name=benchi-conduit
time=2026-08-02T15:41:14.505-07:00 level=DEBUG msg="Inspecting container" model=container-monitor name=benchi-conduit
time=2026-08-02T15:41:14.997-07:00 level=DEBUG msg="promql query logged" test=archv2-parity tool=conduit-v1 collector=conduit type=conduit collector=conduit type=conduit params="map[end:2026-08-02T22:41:14.996Z query:rate(conduit_pipeline_execution_duration_seconds_count{pipeline_name=\"archv2-parity\"}[2s]) start:2026-08-02T22:41:06.996Z step:1]" stats="&{Timings:{EvalTotalTime:8.9459e-05 ResultSortTime:6.25e-07 QueryPreparationTime:1.4708e-05 InnerEvalTime:6.9e-05 ExecQueueTime:2.124e-06 ExecTotalTime:9.4584e-05} Samples:0x1400169ef90}" spanID=0000000000000000
time=2026-08-02T15:41:14.997-07:00 level=DEBUG msg="Query returned data" test=archv2-parity tool=conduit-v1 collector=conduit type=conduit collector=conduit type=conduit name=msg-rate-per-second[archv2-parity] series-count=1 last-value=27516.96606786427
time=2026-08-02T15:41:14.997-07:00 level=DEBUG msg="promql query logged" test=archv2-parity tool=conduit-v1 collector=conduit type=conduit collector=conduit type=conduit params="map[end:2026-08-02T22:41:14.997Z query:rate(conduit_connector_bytes_sum{pipeline_name=\"archv2-parity\",type=\"source\"}[2s])/1048576 start:2026-08-02T22:41:06.996Z step:1]" stats="&{Timings:{EvalTotalTime:4.1167e-05 ResultSortTime:2.09e-07 QueryPreparationTime:1.0416e-05 InnerEvalTime:2.7292e-05 ExecQueueTime:7.5e-07 ExecTotalTime:4.375e-05} Samples:0x1400169f5f0}" spanID=0000000000000000
time=2026-08-02T15:41:14.997-07:00 level=DEBUG msg="Query returned data" test=archv2-parity tool=conduit-v1 collector=conduit type=conduit collector=conduit type=conduit name=msg-megabytes-in-per-second[archv2-parity] series-count=1 last-value=0.7791652412947542
time=2026-08-02T15:41:14.997-07:00 level=DEBUG msg="promql query logged" test=archv2-parity tool=conduit-v1 collector=conduit type=conduit collector=conduit type=conduit params="map[end:2026-08-02T22:41:14.997Z query:rate(conduit_connector_bytes_sum{pipeline_name=\"archv2-parity\",type=\"destination\"}[2s])/1048576 start:2026-08-02T22:41:06.996Z step:1]" stats="&{Timings:{EvalTotalTime:4.1042e-05 ResultSortTime:4.209e-06 QueryPreparationTime:4e-06 InnerEvalTime:2.0333e-05 ExecQueueTime:6.26e-07 ExecTotalTime:4.3208e-05} Samples:0x1400169fc50}" spanID=0000000000000000
time=2026-08-02T15:41:14.997-07:00 level=DEBUG msg="Query returned data" test=archv2-parity tool=conduit-v1 collector=conduit type=conduit collector=conduit type=conduit name=msg-megabytes-out-per-second[archv2-parity] series-count=1 last-value=0.7791395434838331
time=2026-08-02T15:41:15.029-07:00 level=DEBUG msg="Inspecting container" model=container-monitor name=benchi-conduit
time=2026-08-02T15:41:15.538-07:00 level=DEBUG msg="Inspecting container" model=container-monitor name=benchi-conduit
time=2026-08-02T15:41:15.996-07:00 level=DEBUG msg="promql query logged" test=archv2-parity tool=conduit-v1 collector=conduit type=conduit collector=conduit type=conduit params="map[end:2026-08-02T22:41:15.996Z query:rate(conduit_pipeline_execution_duration_seconds_count{pipeline_name=\"archv2-parity\"}[2s]) start:2026-08-02T22:41:06.996Z step:1]" stats="&{Timings:{EvalTotalTime:7.45e-05 ResultSortTime:7.5e-07 QueryPreparationTime:3.0625e-05 InnerEvalTime:3.6791e-05 ExecQueueTime:3.167e-06 ExecTotalTime:8.0917e-05} Samples:0x140017287e0}" spanID=0000000000000000
time=2026-08-02T15:41:15.996-07:00 level=DEBUG msg="Query returned data" test=archv2-parity tool=conduit-v1 collector=conduit type=conduit collector=conduit type=conduit name=msg-rate-per-second[archv2-parity] series-count=1 last-value=30192.384769539076
time=2026-08-02T15:41:15.996-07:00 level=DEBUG msg="promql query logged" test=archv2-parity tool=conduit-v1 collector=conduit type=conduit collector=conduit type=conduit params="map[end:2026-08-02T22:41:15.996Z query:rate(conduit_connector_bytes_sum{pipeline_name=\"archv2-parity\",type=\"source\"}[2s])/1048576 start:2026-08-02T22:41:06.996Z step:1]" stats="&{Timings:{EvalTotalTime:6.7709e-05 ResultSortTime:2.08e-07 QueryPreparationTime:9.709e-06 InnerEvalTime:3.4542e-05 ExecQueueTime:1.292e-06 ExecTotalTime:7.0958e-05} Samples:0x140016e6a80}" spanID=0000000000000000
time=2026-08-02T15:41:15.996-07:00 level=DEBUG msg="Query returned data" test=archv2-parity tool=conduit-v1 collector=conduit type=conduit collector=conduit type=conduit name=msg-megabytes-in-per-second[archv2-parity] series-count=1 last-value=0.8544119183190599
time=2026-08-02T15:41:15.996-07:00 level=DEBUG msg="promql query logged" test=archv2-parity tool=conduit-v1 collector=conduit type=conduit collector=conduit type=conduit params="map[end:2026-08-02T22:41:15.996Z query:rate(conduit_connector_bytes_sum{pipeline_name=\"archv2-parity\",type=\"destination\"}[2s])/1048576 start:2026-08-02T22:41:06.996Z step:1]" stats="&{Timings:{EvalTotalTime:3.1167e-05 ResultSortTime:2.08e-07 QueryPreparationTime:6.459e-06 InnerEvalTime:2.1458e-05 ExecQueueTime:8.75e-07 ExecTotalTime:3.375e-05} Samples:0x140016e70e0}" spanID=0000000000000000
time=2026-08-02T15:41:15.997-07:00 level=DEBUG msg="Query returned data" test=archv2-parity tool=conduit-v1 collector=conduit type=conduit collector=conduit type=conduit name=msg-megabytes-out-per-second[archv2-parity] series-count=1 last-value=0.8544367635417318
time=2026-08-02T15:41:16.043-07:00 level=DEBUG msg="Inspecting container" model=container-monitor name=benchi-conduit
time=2026-08-02T15:41:16.554-07:00 level=DEBUG msg="Inspecting container" model=container-monitor name=benchi-conduit
time=2026-08-02T15:41:16.996-07:00 level=INFO msg="Test in progress" test=archv2-parity tool=conduit-v1 step=test time-left=50s
time=2026-08-02T15:41:17.002-07:00 level=DEBUG msg="promql query logged" test=archv2-parity tool=conduit-v1 collector=conduit type=conduit collector=conduit type=conduit params="map[end:2026-08-02T22:41:16.997Z query:rate(conduit_pipeline_execution_duration_seconds_count{pipeline_name=\"archv2-parity\"}[2s]) start:2026-08-02T22:41:06.996Z step:1]" stats="&{Timings:{EvalTotalTime:0.000156125 ResultSortTime:1.166e-06 QueryPreparationTime:3.2833e-05 InnerEvalTime:0.000113083 ExecQueueTime:4.916e-06 ExecTotalTime:0.000167917} Samples:0x14001729b60}" spanID=0000000000000000
time=2026-08-02T15:41:17.002-07:00 level=DEBUG msg="Query returned data" test=archv2-parity tool=conduit-v1 collector=conduit type=conduit collector=conduit type=conduit name=msg-rate-per-second[archv2-parity] series-count=1 last-value=28193
time=2026-08-02T15:41:17.002-07:00 level=DEBUG msg="promql query logged" test=archv2-parity tool=conduit-v1 collector=conduit type=conduit collector=conduit type=conduit params="map[end:2026-08-02T22:41:17.002Z query:rate(conduit_connector_bytes_sum{pipeline_name=\"archv2-parity\",type=\"source\"}[2s])/1048576 start:2026-08-02T22:41:06.996Z step:1]" stats="&{Timings:{EvalTotalTime:0.000241666 ResultSortTime:5.83e-07 QueryPreparationTime:1.8916e-05 InnerEvalTime:0.000204125 ExecQueueTime:1.999e-06 ExecTotalTime:0.000245917} Samples:0x140017762a0}" spanID=0000000000000000
time=2026-08-02T15:41:17.003-07:00 level=DEBUG msg="Query returned data" test=archv2-parity tool=conduit-v1 collector=conduit type=conduit collector=conduit type=conduit name=msg-megabytes-in-per-second[archv2-parity] series-count=1 last-value=0.7971992492675781
time=2026-08-02T15:41:17.003-07:00 level=DEBUG msg="promql query logged" test=archv2-parity tool=conduit-v1 collector=conduit type=conduit collector=conduit type=conduit params="map[end:2026-08-02T22:41:17.003Z query:rate(conduit_connector_bytes_sum{pipeline_name=\"archv2-parity\",type=\"destination\"}[2s])/1048576 start:2026-08-02T22:41:06.996Z step:1]" stats="&{Timings:{EvalTotalTime:6.9542e-05 ResultSortTime:2.5e-07 QueryPreparationTime:1.2833e-05 InnerEvalTime:4.5875e-05 ExecQueueTime:1.958e-06 ExecTotalTime:7.3709e-05} Samples:0x14001776900}" spanID=0000000000000000
time=2026-08-02T15:41:17.003-07:00 level=DEBUG msg="Query returned data" test=archv2-parity tool=conduit-v1 collector=conduit type=conduit collector=conduit type=conduit name=msg-megabytes-out-per-second[archv2-parity] series-count=1 last-value=0.7971744537353516
time=2026-08-02T15:41:17.064-07:00 level=DEBUG msg="Inspecting container" model=container-monitor name=benchi-conduit
time=2026-08-02T15:41:17.573-07:00 level=DEBUG msg="Inspecting container" model=container-monitor name=benchi-conduit
time=2026-08-02T15:41:17.999-07:00 level=DEBUG msg="promql query logged" test=archv2-parity tool=conduit-v1 collector=conduit type=conduit collector=conduit type=conduit params="map[end:2026-08-02T22:41:17.998Z query:rate(conduit_pipeline_execution_duration_seconds_count{pipeline_name=\"archv2-parity\"}[2s]) start:2026-08-02T22:41:06.996Z step:1]" stats="&{Timings:{EvalTotalTime:0.000177125 ResultSortTime:1.041e-06 QueryPreparationTime:6.4625e-05 InnerEvalTime:0.000101375 ExecQueueTime:4.667e-06 ExecTotalTime:0.000186625} Samples:0x140017b6cc0}" spanID=0000000000000000
time=2026-08-02T15:41:17.999-07:00 level=DEBUG msg="Query returned data" test=archv2-parity tool=conduit-v1 collector=conduit type=conduit collector=conduit type=conduit name=msg-rate-per-second[archv2-parity] series-count=1 last-value=28457
time=2026-08-02T15:41:17.999-07:00 level=DEBUG msg="promql query logged" test=archv2-parity tool=conduit-v1 collector=conduit type=conduit collector=conduit type=conduit params="map[end:2026-08-02T22:41:17.999Z query:rate(conduit_connector_bytes_sum{pipeline_name=\"archv2-parity\",type=\"source\"}[2s])/1048576 start:2026-08-02T22:41:06.996Z step:1]" stats="&{Timings:{EvalTotalTime:8.7125e-05 ResultSortTime:2.92e-07 QueryPreparationTime:2.1166e-05 InnerEvalTime:5.9792e-05 ExecQueueTime:3.083e-06 ExecTotalTime:9.4625e-05} Samples:0x140017b7320}" spanID=0000000000000000
time=2026-08-02T15:41:17.999-07:00 level=DEBUG msg="Query returned data" test=archv2-parity tool=conduit-v1 collector=conduit type=conduit collector=conduit type=conduit name=msg-megabytes-in-per-second[archv2-parity] series-count=1 last-value=0.8031435012817383
time=2026-08-02T15:41:18.000-07:00 level=DEBUG msg="promql query logged" test=archv2-parity tool=conduit-v1 collector=conduit type=conduit collector=conduit type=conduit params="map[end:2026-08-02T22:41:18.000Z query:rate(conduit_connector_bytes_sum{pipeline_name=\"archv2-parity\",type=\"destination\"}[2s])/1048576 start:2026-08-02T22:41:06.996Z step:1]" stats="&{Timings:{EvalTotalTime:4.1375e-05 ResultSortTime:2.5e-07 QueryPreparationTime:9.417e-06 InnerEvalTime:2.7709e-05 ExecQueueTime:1.416e-06 ExecTotalTime:4.5125e-05} Samples:0x140017b7980}" spanID=0000000000000000
time=2026-08-02T15:41:18.000-07:00 level=DEBUG msg="Query returned data" test=archv2-parity tool=conduit-v1 collector=conduit type=conduit collector=conduit type=conduit name=msg-megabytes-out-per-second[archv2-parity] series-count=1 last-value=0.8031435012817383
time=2026-08-02T15:41:18.088-07:00 level=DEBUG msg="Inspecting container" model=container-monitor name=benchi-conduit
time=2026-08-02T15:41:18.597-07:00 level=DEBUG msg="Inspecting container" model=container-monitor name=benchi-conduit
time=2026-08-02T15:41:18.997-07:00 level=DEBUG msg="promql query logged" test=archv2-parity tool=conduit-v1 collector=conduit type=conduit collector=conduit type=conduit params="map[end:2026-08-02T22:41:18.997Z query:rate(conduit_pipeline_execution_duration_seconds_count{pipeline_name=\"archv2-parity\"}[2s]) start:2026-08-02T22:41:06.996Z step:1]" stats="&{Timings:{EvalTotalTime:0.00010075 ResultSortTime:1.125e-06 QueryPreparationTime:3.3625e-05 InnerEvalTime:5.8583e-05 ExecQueueTime:3.917e-06 ExecTotalTime:0.000109959} Samples:0x14000f2bb30}" spanID=0000000000000000
time=2026-08-02T15:41:18.998-07:00 level=DEBUG msg="Query returned data" test=archv2-parity tool=conduit-v1 collector=conduit type=conduit collector=conduit type=conduit name=msg-rate-per-second[archv2-parity] series-count=1 last-value=28009
time=2026-08-02T15:41:18.998-07:00 level=DEBUG msg="promql query logged" test=archv2-parity tool=conduit-v1 collector=conduit type=conduit collector=conduit type=conduit params="map[end:2026-08-02T22:41:18.998Z query:rate(conduit_connector_bytes_sum{pipeline_name=\"archv2-parity\",type=\"source\"}[2s])/1048576 start:2026-08-02T22:41:06.996Z step:1]" stats="&{Timings:{EvalTotalTime:0.000101 ResultSortTime:1.5e-06 QueryPreparationTime:1.1125e-05 InnerEvalTime:8.4791e-05 ExecQueueTime:1.166e-06 ExecTotalTime:0.000103584} Samples:0x140007fc1e0}" spanID=0000000000000000
time=2026-08-02T15:41:18.998-07:00 level=DEBUG msg="Query returned data" test=archv2-parity tool=conduit-v1 collector=conduit type=conduit collector=conduit type=conduit name=msg-megabytes-in-per-second[archv2-parity] series-count=1 last-value=0.7919349670410156
time=2026-08-02T15:41:18.998-07:00 level=DEBUG msg="promql query logged" test=archv2-parity tool=conduit-v1 collector=conduit type=conduit collector=conduit type=conduit params="map[end:2026-08-02T22:41:18.998Z query:rate(conduit_connector_bytes_sum{pipeline_name=\"archv2-parity\",type=\"destination\"}[2s])/1048576 start:2026-08-02T22:41:06.996Z step:1]" stats="&{Timings:{EvalTotalTime:3.3208e-05 ResultSortTime:1.25e-07 QueryPreparationTime:5.459e-06 InnerEvalTime:2.4333e-05 ExecQueueTime:9.58e-07 ExecTotalTime:3.5333e-05} Samples:0x14000f092f0}" spanID=0000000000000000
time=2026-08-02T15:41:18.998-07:00 level=DEBUG msg="Query returned data" test=archv2-parity tool=conduit-v1 collector=conduit type=conduit collector=conduit type=conduit name=msg-megabytes-out-per-second[archv2-parity] series-count=1 last-value=0.7919349670410156
time=2026-08-02T15:41:19.103-07:00 level=DEBUG msg="Inspecting container" model=container-monitor name=benchi-conduit
time=2026-08-02T15:41:19.614-07:00 level=DEBUG msg="Inspecting container" model=container-monitor name=benchi-conduit
time=2026-08-02T15:41:19.996-07:00 level=DEBUG msg="promql query logged" test=archv2-parity tool=conduit-v1 collector=conduit type=conduit collector=conduit type=conduit params="map[end:2026-08-02T22:41:19.996Z query:rate(conduit_pipeline_execution_duration_seconds_count{pipeline_name=\"archv2-parity\"}[2s]) start:2026-08-02T22:41:06.996Z step:1]" stats="&{Timings:{EvalTotalTime:5.35e-05 ResultSortTime:2.92e-07 QueryPreparationTime:1.6708e-05 InnerEvalTime:3.175e-05 ExecQueueTime:2.667e-06 ExecTotalTime:5.8625e-05} Samples:0x14000a6a780}" spanID=0000000000000000
time=2026-08-02T15:41:19.996-07:00 level=DEBUG msg="Query returned data" test=archv2-parity tool=conduit-v1 collector=conduit type=conduit collector=conduit type=conduit name=msg-rate-per-second[archv2-parity] series-count=1 last-value=30970
time=2026-08-02T15:41:19.996-07:00 level=DEBUG msg="promql query logged" test=archv2-parity tool=conduit-v1 collector=conduit type=conduit collector=conduit type=conduit params="map[end:2026-08-02T22:41:19.996Z query:rate(conduit_connector_bytes_sum{pipeline_name=\"archv2-parity\",type=\"source\"}[2s])/1048576 start:2026-08-02T22:41:06.996Z step:1]" stats="&{Timings:{EvalTotalTime:6.1792e-05 ResultSortTime:2.91e-07 QueryPreparationTime:2.525e-05 InnerEvalTime:3.2791e-05 ExecQueueTime:7.08e-07 ExecTotalTime:6.4458e-05} Samples:0x14000a6b770}" spanID=0000000000000000
time=2026-08-02T15:41:19.996-07:00 level=DEBUG msg="Query returned data" test=archv2-parity tool=conduit-v1 collector=conduit type=conduit collector=conduit type=conduit name=msg-megabytes-in-per-second[archv2-parity] series-count=1 last-value=0.8748703002929688
time=2026-08-02T15:41:19.996-07:00 level=DEBUG msg="promql query logged" test=archv2-parity tool=conduit-v1 collector=conduit type=conduit collector=conduit type=conduit params="map[end:2026-08-02T22:41:19.996Z query:rate(conduit_connector_bytes_sum{pipeline_name=\"archv2-parity\",type=\"destination\"}[2s])/1048576 start:2026-08-02T22:41:06.996Z step:1]" stats="&{Timings:{EvalTotalTime:3.1833e-05 ResultSortTime:2.5e-07 QueryPreparationTime:4.542e-06 InnerEvalTime:2.2292e-05 ExecQueueTime:6.24e-07 ExecTotalTime:3.3917e-05} Samples:0x14001006390}" spanID=0000000000000000
time=2026-08-02T15:41:19.996-07:00 level=DEBUG msg="Query returned data" test=archv2-parity tool=conduit-v1 collector=conduit type=conduit collector=conduit type=conduit name=msg-megabytes-out-per-second[archv2-parity] series-count=1 last-value=0.8748703002929688
time=2026-08-02T15:41:20.122-07:00 level=DEBUG msg="Inspecting container" model=container-monitor name=benchi-conduit
time=2026-08-02T15:41:20.643-07:00 level=DEBUG msg="Inspecting container" model=container-monitor name=benchi-conduit
time=2026-08-02T15:41:20.997-07:00 level=DEBUG msg="promql query logged" test=archv2-parity tool=conduit-v1 collector=conduit type=conduit collector=conduit type=conduit params="map[end:2026-08-02T22:41:20.997Z query:rate(conduit_pipeline_execution_duration_seconds_count{pipeline_name=\"archv2-parity\"}[2s]) start:2026-08-02T22:41:06.996Z step:1]" stats="&{Timings:{EvalTotalTime:4.5583e-05 ResultSortTime:3.33e-07 QueryPreparationTime:1.3333e-05 InnerEvalTime:2.7083e-05 ExecQueueTime:1.916e-06 ExecTotalTime:5.0542e-05} Samples:0x14000b003c0}" spanID=0000000000000000
time=2026-08-02T15:41:20.998-07:00 level=DEBUG msg="Query returned data" test=archv2-parity tool=conduit-v1 collector=conduit type=conduit collector=conduit type=conduit name=msg-rate-per-second[archv2-parity] series-count=1 last-value=29917
time=2026-08-02T15:41:20.998-07:00 level=DEBUG msg="promql query logged" test=archv2-parity tool=conduit-v1 collector=conduit type=conduit collector=conduit type=conduit params="map[end:2026-08-02T22:41:20.998Z query:rate(conduit_connector_bytes_sum{pipeline_name=\"archv2-parity\",type=\"source\"}[2s])/1048576 start:2026-08-02T22:41:06.996Z step:1]" stats="&{Timings:{EvalTotalTime:8.3916e-05 ResultSortTime:2.5e-07 QueryPreparationTime:1.9083e-05 InnerEvalTime:3.625e-05 ExecQueueTime:9.58e-07 ExecTotalTime:8.6958e-05} Samples:0x140010c2300}" spanID=0000000000000000
time=2026-08-02T15:41:20.998-07:00 level=DEBUG msg="Query returned data" test=archv2-parity tool=conduit-v1 collector=conduit type=conduit collector=conduit type=conduit name=msg-megabytes-in-per-second[archv2-parity] series-count=1 last-value=0.8449649810791016
time=2026-08-02T15:41:20.998-07:00 level=DEBUG msg="promql query logged" test=archv2-parity tool=conduit-v1 collector=conduit type=conduit collector=conduit type=conduit params="map[end:2026-08-02T22:41:20.998Z query:rate(conduit_connector_bytes_sum{pipeline_name=\"archv2-parity\",type=\"destination\"}[2s])/1048576 start:2026-08-02T22:41:06.996Z step:1]" stats="&{Timings:{EvalTotalTime:3.2292e-05 ResultSortTime:1.25e-07 QueryPreparationTime:6.5e-06 InnerEvalTime:2.2458e-05 ExecQueueTime:1.208e-06 ExecTotalTime:3.4708e-05} Samples:0x140010c2a80}" spanID=0000000000000000
time=2026-08-02T15:41:20.998-07:00 level=DEBUG msg="Query returned data" test=archv2-parity tool=conduit-v1 collector=conduit type=conduit collector=conduit type=conduit name=msg-megabytes-out-per-second[archv2-parity] series-count=1 last-value=0.8449649810791016
time=2026-08-02T15:41:21.153-07:00 level=DEBUG msg="Inspecting container" model=container-monitor name=benchi-conduit
time=2026-08-02T15:41:21.674-07:00 level=DEBUG msg="Inspecting container" model=container-monitor name=benchi-conduit
time=2026-08-02T15:41:21.996-07:00 level=INFO msg="Test in progress" test=archv2-parity tool=conduit-v1 step=test time-left=45s
time=2026-08-02T15:41:21.996-07:00 level=DEBUG msg="promql query logged" test=archv2-parity tool=conduit-v1 collector=conduit type=conduit collector=conduit type=conduit params="map[end:2026-08-02T22:41:21.996Z query:rate(conduit_pipeline_execution_duration_seconds_count{pipeline_name=\"archv2-parity\"}[2s]) start:2026-08-02T22:41:06.996Z step:1]" stats="&{Timings:{EvalTotalTime:6.5375e-05 ResultSortTime:7.09e-07 QueryPreparationTime:1.9709e-05 InnerEvalTime:3.9208e-05 ExecQueueTime:2.958e-06 ExecTotalTime:7.1709e-05} Samples:0x1400113db30}" spanID=0000000000000000
time=2026-08-02T15:41:21.996-07:00 level=DEBUG msg="Query returned data" test=archv2-parity tool=conduit-v1 collector=conduit type=conduit collector=conduit type=conduit name=msg-rate-per-second[archv2-parity] series-count=1 last-value=30669
time=2026-08-02T15:41:21.996-07:00 level=DEBUG msg="promql query logged" test=archv2-parity tool=conduit-v1 collector=conduit type=conduit collector=conduit type=conduit params="map[end:2026-08-02T22:41:21.996Z query:rate(conduit_connector_bytes_sum{pipeline_name=\"archv2-parity\",type=\"source\"}[2s])/1048576 start:2026-08-02T22:41:06.996Z step:1]" stats="&{Timings:{EvalTotalTime:6.8083e-05 ResultSortTime:2.92e-07 QueryPreparationTime:8.959e-06 InnerEvalTime:3.7583e-05 ExecQueueTime:1.25e-06 ExecTotalTime:7.2083e-05} Samples:0x1400121a4b0}" spanID=0000000000000000
time=2026-08-02T15:41:21.996-07:00 level=DEBUG msg="Query returned data" test=archv2-parity tool=conduit-v1 collector=conduit type=conduit collector=conduit type=conduit name=msg-megabytes-in-per-second[archv2-parity] series-count=1 last-value=0.8676929473876953
time=2026-08-02T15:41:21.996-07:00 level=DEBUG msg="promql query logged" test=archv2-parity tool=conduit-v1 collector=conduit type=conduit collector=conduit type=conduit params="map[end:2026-08-02T22:41:21.996Z query:rate(conduit_connector_bytes_sum{pipeline_name=\"archv2-parity\",type=\"destination\"}[2s])/1048576 start:2026-08-02T22:41:06.996Z step:1]" stats="&{Timings:{EvalTotalTime:5.975e-05 ResultSortTime:2.08e-07 QueryPreparationTime:6.584e-06 InnerEvalTime:4.9583e-05 ExecQueueTime:1.084e-06 ExecTotalTime:6.2625e-05} Samples:0x1400121ad20}" spanID=0000000000000000
time=2026-08-02T15:41:21.997-07:00 level=DEBUG msg="Query returned data" test=archv2-parity tool=conduit-v1 collector=conduit type=conduit collector=conduit type=conduit name=msg-megabytes-out-per-second[archv2-parity] series-count=1 last-value=0.8676929473876953
time=2026-08-02T15:41:22.178-07:00 level=DEBUG msg="Inspecting container" model=container-monitor name=benchi-conduit
time=2026-08-02T15:41:22.690-07:00 level=DEBUG msg="Inspecting container" model=container-monitor name=benchi-conduit
time=2026-08-02T15:41:22.997-07:00 level=DEBUG msg="promql query logged" test=archv2-parity tool=conduit-v1 collector=conduit type=conduit collector=conduit type=conduit params="map[end:2026-08-02T22:41:22.997Z query:rate(conduit_pipeline_execution_duration_seconds_count{pipeline_name=\"archv2-parity\"}[2s]) start:2026-08-02T22:41:06.996Z step:1]" stats="&{Timings:{EvalTotalTime:3.0416e-05 ResultSortTime:3.75e-07 QueryPreparationTime:9.458e-06 InnerEvalTime:1.7916e-05 ExecQueueTime:1.292e-06 ExecTotalTime:3.3333e-05} Samples:0x1400152c570}" spanID=0000000000000000
time=2026-08-02T15:41:22.998-07:00 level=DEBUG msg="Query returned data" test=archv2-parity tool=conduit-v1 collector=conduit type=conduit collector=conduit type=conduit name=msg-rate-per-second[archv2-parity] series-count=1 last-value=29735
time=2026-08-02T15:41:22.998-07:00 level=DEBUG msg="promql query logged" test=archv2-parity tool=conduit-v1 collector=conduit type=conduit collector=conduit type=conduit params="map[end:2026-08-02T22:41:22.998Z query:rate(conduit_connector_bytes_sum{pipeline_name=\"archv2-parity\",type=\"source\"}[2s])/1048576 start:2026-08-02T22:41:06.996Z step:1]" stats="&{Timings:{EvalTotalTime:2.7333e-05 ResultSortTime:8.3e-08 QueryPreparationTime:4.834e-06 InnerEvalTime:2.0292e-05 ExecQueueTime:5e-07 ExecTotalTime:2.925e-05} Samples:0x1400152cc90}" spanID=0000000000000000
time=2026-08-02T15:41:22.998-07:00 level=DEBUG msg="Query returned data" test=archv2-parity tool=conduit-v1 collector=conduit type=conduit collector=conduit type=conduit name=msg-megabytes-in-per-second[archv2-parity] series-count=1 last-value=0.8402729034423828
time=2026-08-02T15:41:22.998-07:00 level=DEBUG msg="promql query logged" test=archv2-parity tool=conduit-v1 collector=conduit type=conduit collector=conduit type=conduit params="map[end:2026-08-02T22:41:22.998Z query:rate(conduit_connector_bytes_sum{pipeline_name=\"archv2-parity\",type=\"destination\"}[2s])/1048576 start:2026-08-02T22:41:06.996Z step:1]" stats="&{Timings:{EvalTotalTime:2.65e-05 ResultSortTime:4.1e-08 QueryPreparationTime:2.792e-06 InnerEvalTime:2.1958e-05 ExecQueueTime:4.58e-07 ExecTotalTime:2.7709e-05} Samples:0x1400152d380}" spanID=0000000000000000
time=2026-08-02T15:41:22.998-07:00 level=DEBUG msg="Query returned data" test=archv2-parity tool=conduit-v1 collector=conduit type=conduit collector=conduit type=conduit name=msg-megabytes-out-per-second[archv2-parity] series-count=1 last-value=0.8402729034423828
time=2026-08-02T15:41:23.197-07:00 level=DEBUG msg="Inspecting container" model=container-monitor name=benchi-conduit
time=2026-08-02T15:41:23.703-07:00 level=DEBUG msg="Inspecting container" model=container-monitor name=benchi-conduit
time=2026-08-02T15:41:23.996-07:00 level=DEBUG msg="promql query logged" test=archv2-parity tool=conduit-v1 collector=conduit type=conduit collector=conduit type=conduit params="map[end:2026-08-02T22:41:23.996Z query:rate(conduit_pipeline_execution_duration_seconds_count{pipeline_name=\"archv2-parity\"}[2s]) start:2026-08-02T22:41:06.996Z step:1]" stats="&{Timings:{EvalTotalTime:4.8541e-05 ResultSortTime:3.75e-07 QueryPreparationTime:1.4458e-05 InnerEvalTime:2.925e-05 ExecQueueTime:2.458e-06 ExecTotalTime:5.3542e-05} Samples:0x140009c3890}" spanID=0000000000000000
time=2026-08-02T15:41:23.996-07:00 level=DEBUG msg="Query returned data" test=archv2-parity tool=conduit-v1 collector=conduit type=conduit collector=conduit type=conduit name=msg-rate-per-second[archv2-parity] series-count=1 last-value=31024.87562189055
time=2026-08-02T15:41:23.996-07:00 level=DEBUG msg="promql query logged" test=archv2-parity tool=conduit-v1 collector=conduit type=conduit collector=conduit type=conduit params="map[end:2026-08-02T22:41:23.996Z query:rate(conduit_connector_bytes_sum{pipeline_name=\"archv2-parity\",type=\"source\"}[2s])/1048576 start:2026-08-02T22:41:06.996Z step:1]" stats="&{Timings:{EvalTotalTime:4.1708e-05 ResultSortTime:1.66e-07 QueryPreparationTime:7e-06 InnerEvalTime:3.15e-05 ExecQueueTime:9.59e-07 ExecTotalTime:4.4041e-05} Samples:0x140009c3ef0}" spanID=0000000000000000
time=2026-08-02T15:41:23.996-07:00 level=DEBUG msg="Query returned data" test=archv2-parity tool=conduit-v1 collector=conduit type=conduit collector=conduit type=conduit name=msg-megabytes-in-per-second[archv2-parity] series-count=1 last-value=0.876945761305776
time=2026-08-02T15:41:23.996-07:00 level=DEBUG msg="promql query logged" test=archv2-parity tool=conduit-v1 collector=conduit type=conduit collector=conduit type=conduit params="map[end:2026-08-02T22:41:23.996Z query:rate(conduit_connector_bytes_sum{pipeline_name=\"archv2-parity\",type=\"destination\"}[2s])/1048576 start:2026-08-02T22:41:06.996Z step:1]" stats="&{Timings:{EvalTotalTime:3.3833e-05 ResultSortTime:2.08e-07 QueryPreparationTime:4.375e-06 InnerEvalTime:2.6334e-05 ExecQueueTime:8.34e-07 ExecTotalTime:3.6083e-05} Samples:0x1400130c5d0}" spanID=0000000000000000
time=2026-08-02T15:41:23.996-07:00 level=DEBUG msg="Query returned data" test=archv2-parity tool=conduit-v1 collector=conduit type=conduit collector=conduit type=conduit name=msg-megabytes-out-per-second[archv2-parity] series-count=1 last-value=0.876945761305776
time=2026-08-02T15:41:24.214-07:00 level=DEBUG msg="Inspecting container" model=container-monitor name=benchi-conduit
time=2026-08-02T15:41:24.724-07:00 level=DEBUG msg="Inspecting container" model=container-monitor name=benchi-conduit
time=2026-08-02T15:41:24.996-07:00 level=DEBUG msg="promql query logged" test=archv2-parity tool=conduit-v1 collector=conduit type=conduit collector=conduit type=conduit params="map[end:2026-08-02T22:41:24.996Z query:rate(conduit_pipeline_execution_duration_seconds_count{pipeline_name=\"archv2-parity\"}[2s]) start:2026-08-02T22:41:06.996Z step:1]" stats="&{Timings:{EvalTotalTime:6.3542e-05 ResultSortTime:5e-07 QueryPreparationTime:2.0041e-05 InnerEvalTime:3.7917e-05 ExecQueueTime:2.583e-06 ExecTotalTime:6.9708e-05} Samples:0x140016e6c60}" spanID=0000000000000000
time=2026-08-02T15:41:24.996-07:00 level=DEBUG msg="Query returned data" test=archv2-parity tool=conduit-v1 collector=conduit type=conduit collector=conduit type=conduit name=msg-rate-per-second[archv2-parity] series-count=1 last-value=29735.20561685055
time=2026-08-02T15:41:24.996-07:00 level=DEBUG msg="promql query logged" test=archv2-parity tool=conduit-v1 collector=conduit type=conduit collector=conduit type=conduit params="map[end:2026-08-02T22:41:24.996Z query:rate(conduit_connector_bytes_sum{pipeline_name=\"archv2-parity\",type=\"source\"}[2s])/1048576 start:2026-08-02T22:41:06.996Z step:1]" stats="&{Timings:{EvalTotalTime:5.6458e-05 ResultSortTime:2.08e-07 QueryPreparationTime:1.125e-05 InnerEvalTime:4.175e-05 ExecQueueTime:1.124e-06 ExecTotalTime:5.9208e-05} Samples:0x140016e7350}" spanID=0000000000000000
time=2026-08-02T15:41:24.996-07:00 level=DEBUG msg="Query returned data" test=archv2-parity tool=conduit-v1 collector=conduit type=conduit collector=conduit type=conduit name=msg-megabytes-in-per-second[archv2-parity] series-count=1 last-value=0.8399603718381707
time=2026-08-02T15:41:24.996-07:00 level=DEBUG msg="promql query logged" test=archv2-parity tool=conduit-v1 collector=conduit type=conduit collector=conduit type=conduit params="map[end:2026-08-02T22:41:24.996Z query:rate(conduit_connector_bytes_sum{pipeline_name=\"archv2-parity\",type=\"destination\"}[2s])/1048576 start:2026-08-02T22:41:06.996Z step:1]" stats="&{Timings:{EvalTotalTime:3.3542e-05 ResultSortTime:1.25e-07 QueryPreparationTime:4.375e-06 InnerEvalTime:2.6e-05 ExecQueueTime:7.09e-07 ExecTotalTime:3.5542e-05} Samples:0x140016e79b0}" spanID=0000000000000000
time=2026-08-02T15:41:24.996-07:00 level=DEBUG msg="Query returned data" test=archv2-parity tool=conduit-v1 collector=conduit type=conduit collector=conduit type=conduit name=msg-megabytes-out-per-second[archv2-parity] series-count=1 last-value=0.8399603718381707
time=2026-08-02T15:41:25.240-07:00 level=DEBUG msg="Inspecting container" model=container-monitor name=benchi-conduit
time=2026-08-02T15:41:25.749-07:00 level=DEBUG msg="Inspecting container" model=container-monitor name=benchi-conduit
time=2026-08-02T15:41:25.996-07:00 level=DEBUG msg="promql query logged" test=archv2-parity tool=conduit-v1 collector=conduit type=conduit collector=conduit type=conduit params="map[end:2026-08-02T22:41:25.996Z query:rate(conduit_pipeline_execution_duration_seconds_count{pipeline_name=\"archv2-parity\"}[2s]) start:2026-08-02T22:41:06.996Z step:1]" stats="&{Timings:{EvalTotalTime:5.3666e-05 ResultSortTime:2.5e-07 QueryPreparationTime:1.7667e-05 InnerEvalTime:3.1084e-05 ExecQueueTime:2.334e-06 ExecTotalTime:5.85e-05} Samples:0x1400131c120}" spanID=0000000000000000
time=2026-08-02T15:41:25.996-07:00 level=DEBUG msg="Query returned data" test=archv2-parity tool=conduit-v1 collector=conduit type=conduit collector=conduit type=conduit name=msg-rate-per-second[archv2-parity] series-count=1 last-value=28695.390781563125
time=2026-08-02T15:41:25.996-07:00 level=DEBUG msg="promql query logged" test=archv2-parity tool=conduit-v1 collector=conduit type=conduit collector=conduit type=conduit params="map[end:2026-08-02T22:41:25.996Z query:rate(conduit_connector_bytes_sum{pipeline_name=\"archv2-parity\",type=\"source\"}[2s])/1048576 start:2026-08-02T22:41:06.996Z step:1]" stats="&{Timings:{EvalTotalTime:6.0667e-05 ResultSortTime:2.08e-07 QueryPreparationTime:8.708e-06 InnerEvalTime:4.8041e-05 ExecQueueTime:1.125e-06 ExecTotalTime:6.3833e-05} Samples:0x1400131c7b0}" spanID=0000000000000000
time=2026-08-02T15:41:25.996-07:00 level=DEBUG msg="Query returned data" test=archv2-parity tool=conduit-v1 collector=conduit type=conduit collector=conduit type=conduit name=msg-megabytes-in-per-second[archv2-parity] series-count=1 last-value=0.8120154570004265
time=2026-08-02T15:41:25.996-07:00 level=DEBUG msg="promql query logged" test=archv2-parity tool=conduit-v1 collector=conduit type=conduit collector=conduit type=conduit params="map[end:2026-08-02T22:41:25.996Z query:rate(conduit_connector_bytes_sum{pipeline_name=\"archv2-parity\",type=\"destination\"}[2s])/1048576 start:2026-08-02T22:41:06.996Z step:1]" stats="&{Timings:{EvalTotalTime:3.35e-05 ResultSortTime:1.25e-07 QueryPreparationTime:6.166e-06 InnerEvalTime:2.4166e-05 ExecQueueTime:8.75e-07 ExecTotalTime:3.575e-05} Samples:0x1400131ce10}" spanID=0000000000000000
time=2026-08-02T15:41:25.996-07:00 level=DEBUG msg="Query returned data" test=archv2-parity tool=conduit-v1 collector=conduit type=conduit collector=conduit type=conduit name=msg-megabytes-out-per-second[archv2-parity] series-count=1 last-value=0.8120154570004265
time=2026-08-02T15:41:26.255-07:00 level=DEBUG msg="Inspecting container" model=container-monitor name=benchi-conduit
time=2026-08-02T15:41:26.760-07:00 level=DEBUG msg="Inspecting container" model=container-monitor name=benchi-conduit
time=2026-08-02T15:41:26.998-07:00 level=INFO msg="Test in progress" test=archv2-parity tool=conduit-v1 step=test time-left=40s
time=2026-08-02T15:41:26.999-07:00 level=DEBUG msg="promql query logged" test=archv2-parity tool=conduit-v1 collector=conduit type=conduit collector=conduit type=conduit params="map[end:2026-08-02T22:41:26.998Z query:rate(conduit_pipeline_execution_duration_seconds_count{pipeline_name=\"archv2-parity\"}[2s]) start:2026-08-02T22:41:06.996Z step:1]" stats="&{Timings:{EvalTotalTime:0.000100459 ResultSortTime:5.42e-07 QueryPreparationTime:1.7875e-05 InnerEvalTime:7.55e-05 ExecQueueTime:2.626e-06 ExecTotalTime:0.000106333} Samples:0x1400136cb70}" spanID=0000000000000000
time=2026-08-02T15:41:26.999-07:00 level=DEBUG msg="Query returned data" test=archv2-parity tool=conduit-v1 collector=conduit type=conduit collector=conduit type=conduit name=msg-rate-per-second[archv2-parity] series-count=1 last-value=30971
time=2026-08-02T15:41:26.999-07:00 level=DEBUG msg="promql query logged" test=archv2-parity tool=conduit-v1 collector=conduit type=conduit collector=conduit type=conduit params="map[end:2026-08-02T22:41:26.999Z query:rate(conduit_connector_bytes_sum{pipeline_name=\"archv2-parity\",type=\"source\"}[2s])/1048576 start:2026-08-02T22:41:06.996Z step:1]" stats="&{Timings:{EvalTotalTime:0.00019825 ResultSortTime:3.75e-07 QueryPreparationTime:1.7041e-05 InnerEvalTime:0.000175791 ExecQueueTime:9.59e-07 ExecTotalTime:0.000202083} Samples:0x1400136d1d0}" spanID=0000000000000000
time=2026-08-02T15:41:26.999-07:00 level=DEBUG msg="Query returned data" test=archv2-parity tool=conduit-v1 collector=conduit type=conduit collector=conduit type=conduit name=msg-megabytes-in-per-second[archv2-parity] series-count=1 last-value=0.8759946823120117
time=2026-08-02T15:41:26.999-07:00 level=DEBUG msg="promql query logged" test=archv2-parity tool=conduit-v1 collector=conduit type=conduit collector=conduit type=conduit params="map[end:2026-08-02T22:41:26.999Z query:rate(conduit_connector_bytes_sum{pipeline_name=\"archv2-parity\",type=\"destination\"}[2s])/1048576 start:2026-08-02T22:41:06.996Z step:1]" stats="&{Timings:{EvalTotalTime:8.1334e-05 ResultSortTime:5.42e-07 QueryPreparationTime:8.875e-06 InnerEvalTime:6.5458e-05 ExecQueueTime:9.58e-07 ExecTotalTime:8.475e-05} Samples:0x1400136d830}" spanID=0000000000000000
time=2026-08-02T15:41:26.999-07:00 level=DEBUG msg="Query returned data" test=archv2-parity tool=conduit-v1 collector=conduit type=conduit collector=conduit type=conduit name=msg-megabytes-out-per-second[archv2-parity] series-count=1 last-value=0.8760290145874023
time=2026-08-02T15:41:27.274-07:00 level=DEBUG msg="Inspecting container" model=container-monitor name=benchi-conduit
time=2026-08-02T15:41:27.779-07:00 level=DEBUG msg="Inspecting container" model=container-monitor name=benchi-conduit
time=2026-08-02T15:41:28.001-07:00 level=DEBUG msg="promql query logged" test=archv2-parity tool=conduit-v1 collector=conduit type=conduit collector=conduit type=conduit params="map[end:2026-08-02T22:41:28.001Z query:rate(conduit_pipeline_execution_duration_seconds_count{pipeline_name=\"archv2-parity\"}[2s]) start:2026-08-02T22:41:06.996Z step:1]" stats="&{Timings:{EvalTotalTime:5.2667e-05 ResultSortTime:5e-07 QueryPreparationTime:1.4666e-05 InnerEvalTime:3.3125e-05 ExecQueueTime:2.792e-06 ExecTotalTime:5.825e-05} Samples:0x14001425bf0}" spanID=0000000000000000
time=2026-08-02T15:41:28.001-07:00 level=DEBUG msg="Query returned data" test=archv2-parity tool=conduit-v1 collector=conduit type=conduit collector=conduit type=conduit name=msg-rate-per-second[archv2-parity] series-count=1 last-value=27345
time=2026-08-02T15:41:28.001-07:00 level=DEBUG msg="promql query logged" test=archv2-parity tool=conduit-v1 collector=conduit type=conduit collector=conduit type=conduit params="map[end:2026-08-02T22:41:28.001Z query:rate(conduit_connector_bytes_sum{pipeline_name=\"archv2-parity\",type=\"source\"}[2s])/1048576 start:2026-08-02T22:41:06.996Z step:1]" stats="&{Timings:{EvalTotalTime:4.4917e-05 ResultSortTime:1.25e-07 QueryPreparationTime:6.417e-06 InnerEvalTime:3.2917e-05 ExecQueueTime:8.75e-07 ExecTotalTime:4.7166e-05} Samples:0x140014662d0}" spanID=0000000000000000
time=2026-08-02T15:41:28.001-07:00 level=DEBUG msg="Query returned data" test=archv2-parity tool=conduit-v1 collector=conduit type=conduit collector=conduit type=conduit name=msg-megabytes-in-per-second[archv2-parity] series-count=1 last-value=0.7737398147583008
time=2026-08-02T15:41:28.001-07:00 level=DEBUG msg="promql query logged" test=archv2-parity tool=conduit-v1 collector=conduit type=conduit collector=conduit type=conduit params="map[end:2026-08-02T22:41:28.001Z query:rate(conduit_connector_bytes_sum{pipeline_name=\"archv2-parity\",type=\"destination\"}[2s])/1048576 start:2026-08-02T22:41:06.996Z step:1]" stats="&{Timings:{EvalTotalTime:6.5667e-05 ResultSortTime:2.92e-07 QueryPreparationTime:7.625e-06 InnerEvalTime:5.3834e-05 ExecQueueTime:7.09e-07 ExecTotalTime:6.8042e-05} Samples:0x14001466930}" spanID=0000000000000000
time=2026-08-02T15:41:28.001-07:00 level=DEBUG msg="Query returned data" test=archv2-parity tool=conduit-v1 collector=conduit type=conduit collector=conduit type=conduit name=msg-megabytes-out-per-second[archv2-parity] series-count=1 last-value=0.7737569808959961
time=2026-08-02T15:41:28.292-07:00 level=DEBUG msg="Inspecting container" model=container-monitor name=benchi-conduit
time=2026-08-02T15:41:28.806-07:00 level=DEBUG msg="Inspecting container" model=container-monitor name=benchi-conduit
time=2026-08-02T15:41:28.997-07:00 level=DEBUG msg="promql query logged" test=archv2-parity tool=conduit-v1 collector=conduit type=conduit collector=conduit type=conduit params="map[end:2026-08-02T22:41:28.997Z query:rate(conduit_pipeline_execution_duration_seconds_count{pipeline_name=\"archv2-parity\"}[2s]) start:2026-08-02T22:41:06.996Z step:1]" stats="&{Timings:{EvalTotalTime:8.2208e-05 ResultSortTime:6.66e-07 QueryPreparationTime:1.725e-05 InnerEvalTime:5.8667e-05 ExecQueueTime:2.501e-06 ExecTotalTime:8.75e-05} Samples:0x140013e9d70}" spanID=0000000000000000
time=2026-08-02T15:41:28.997-07:00 level=DEBUG msg="Query returned data" test=archv2-parity tool=conduit-v1 collector=conduit type=conduit collector=conduit type=conduit name=msg-rate-per-second[archv2-parity] series-count=1 last-value=30643
time=2026-08-02T15:41:28.997-07:00 level=DEBUG msg="promql query logged" test=archv2-parity tool=conduit-v1 collector=conduit type=conduit collector=conduit type=conduit params="map[end:2026-08-02T22:41:28.997Z query:rate(conduit_connector_bytes_sum{pipeline_name=\"archv2-parity\",type=\"source\"}[2s])/1048576 start:2026-08-02T22:41:06.996Z step:1]" stats="&{Timings:{EvalTotalTime:4.7042e-05 ResultSortTime:2.09e-07 QueryPreparationTime:7e-06 InnerEvalTime:3.6209e-05 ExecQueueTime:7.92e-07 ExecTotalTime:5.0666e-05} Samples:0x140015c2450}" spanID=0000000000000000
time=2026-08-02T15:41:28.997-07:00 level=DEBUG msg="Query returned data" test=archv2-parity tool=conduit-v1 collector=conduit type=conduit collector=conduit type=conduit name=msg-megabytes-in-per-second[archv2-parity] series-count=1 last-value=0.8671340942382812
time=2026-08-02T15:41:28.997-07:00 level=DEBUG msg="promql query logged" test=archv2-parity tool=conduit-v1 collector=conduit type=conduit collector=conduit type=conduit params="map[end:2026-08-02T22:41:28.997Z query:rate(conduit_connector_bytes_sum{pipeline_name=\"archv2-parity\",type=\"destination\"}[2s])/1048576 start:2026-08-02T22:41:06.996Z step:1]" stats="&{Timings:{EvalTotalTime:4.9e-05 ResultSortTime:2.5e-07 QueryPreparationTime:8.542e-06 InnerEvalTime:3.6541e-05 ExecQueueTime:1.291e-06 ExecTotalTime:5.2125e-05} Samples:0x140015c2ab0}" spanID=0000000000000000
time=2026-08-02T15:41:28.997-07:00 level=DEBUG msg="Query returned data" test=archv2-parity tool=conduit-v1 collector=conduit type=conduit collector=conduit type=conduit name=msg-megabytes-out-per-second[archv2-parity] series-count=1 last-value=0.8671112060546875
time=2026-08-02T15:41:29.313-07:00 level=DEBUG msg="Inspecting container" model=container-monitor name=benchi-conduit
time=2026-08-02T15:41:29.821-07:00 level=DEBUG msg="Inspecting container" model=container-monitor name=benchi-conduit
time=2026-08-02T15:41:29.996-07:00 level=DEBUG msg="promql query logged" test=archv2-parity tool=conduit-v1 collector=conduit type=conduit collector=conduit type=conduit params="map[end:2026-08-02T22:41:29.996Z query:rate(conduit_pipeline_execution_duration_seconds_count{pipeline_name=\"archv2-parity\"}[2s]) start:2026-08-02T22:41:06.996Z step:1]" stats="&{Timings:{EvalTotalTime:0.000199958 ResultSortTime:1e-06 QueryPreparationTime:6.9208e-05 InnerEvalTime:0.000119417 ExecQueueTime:4.542e-06 ExecTotalTime:0.000209917} Samples:0x14001618f30}" spanID=0000000000000000
time=2026-08-02T15:41:29.996-07:00 level=DEBUG msg="Query returned data" test=archv2-parity tool=conduit-v1 collector=conduit type=conduit collector=conduit type=conduit name=msg-rate-per-second[archv2-parity] series-count=1 last-value=31444
time=2026-08-02T15:41:29.997-07:00 level=DEBUG msg="promql query logged" test=archv2-parity tool=conduit-v1 collector=conduit type=conduit collector=conduit type=conduit params="map[end:2026-08-02T22:41:29.996Z query:rate(conduit_connector_bytes_sum{pipeline_name=\"archv2-parity\",type=\"source\"}[2s])/1048576 start:2026-08-02T22:41:06.996Z step:1]" stats="&{Timings:{EvalTotalTime:0.000197875 ResultSortTime:3.75e-07 QueryPreparationTime:9.1375e-05 InnerEvalTime:9.9e-05 ExecQueueTime:2.042e-06 ExecTotalTime:0.000202667} Samples:0x14001619590}" spanID=0000000000000000
time=2026-08-02T15:41:29.997-07:00 level=DEBUG msg="Query returned data" test=archv2-parity tool=conduit-v1 collector=conduit type=conduit collector=conduit type=conduit name=msg-megabytes-in-per-second[archv2-parity] series-count=1 last-value=0.8878211975097656
time=2026-08-02T15:41:29.997-07:00 level=DEBUG msg="promql query logged" test=archv2-parity tool=conduit-v1 collector=conduit type=conduit collector=conduit type=conduit params="map[end:2026-08-02T22:41:29.997Z query:rate(conduit_connector_bytes_sum{pipeline_name=\"archv2-parity\",type=\"destination\"}[2s])/1048576 start:2026-08-02T22:41:06.996Z step:1]" stats="&{Timings:{EvalTotalTime:5.5666e-05 ResultSortTime:1.66e-07 QueryPreparationTime:8.584e-06 InnerEvalTime:4.3166e-05 ExecQueueTime:1.458e-06 ExecTotalTime:5.9291e-05} Samples:0x14001619bf0}" spanID=0000000000000000
time=2026-08-02T15:41:29.997-07:00 level=DEBUG msg="Query returned data" test=archv2-parity tool=conduit-v1 collector=conduit type=conduit collector=conduit type=conduit name=msg-megabytes-out-per-second[archv2-parity] series-count=1 last-value=0.8878211975097656
time=2026-08-02T15:41:30.340-07:00 level=DEBUG msg="Inspecting container" model=container-monitor name=benchi-conduit
time=2026-08-02T15:41:30.846-07:00 level=DEBUG msg="Inspecting container" model=container-monitor name=benchi-conduit
time=2026-08-02T15:41:30.996-07:00 level=DEBUG msg="promql query logged" test=archv2-parity tool=conduit-v1 collector=conduit type=conduit collector=conduit type=conduit params="map[end:2026-08-02T22:41:30.996Z query:rate(conduit_pipeline_execution_duration_seconds_count{pipeline_name=\"archv2-parity\"}[2s]) start:2026-08-02T22:41:06.996Z step:1]" stats="&{Timings:{EvalTotalTime:7.8542e-05 ResultSortTime:4.16e-07 QueryPreparationTime:2.8459e-05 InnerEvalTime:4.3e-05 ExecQueueTime:2.292e-06 ExecTotalTime:8.3708e-05} Samples:0x140017517a0}" spanID=0000000000000000
time=2026-08-02T15:41:30.996-07:00 level=DEBUG msg="Query returned data" test=archv2-parity tool=conduit-v1 collector=conduit type=conduit collector=conduit type=conduit name=msg-rate-per-second[archv2-parity] series-count=1 last-value=31143
time=2026-08-02T15:41:30.997-07:00 level=DEBUG msg="promql query logged" test=archv2-parity tool=conduit-v1 collector=conduit type=conduit collector=conduit type=conduit params="map[end:2026-08-02T22:41:30.996Z query:rate(conduit_connector_bytes_sum{pipeline_name=\"archv2-parity\",type=\"source\"}[2s])/1048576 start:2026-08-02T22:41:06.996Z step:1]" stats="&{Timings:{EvalTotalTime:6.1e-05 ResultSortTime:2.5e-07 QueryPreparationTime:1.0042e-05 InnerEvalTime:4.6583e-05 ExecQueueTime:1.459e-06 ExecTotalTime:6.5667e-05} Samples:0x14001751e00}" spanID=0000000000000000
time=2026-08-02T15:41:30.997-07:00 level=DEBUG msg="Query returned data" test=archv2-parity tool=conduit-v1 collector=conduit type=conduit collector=conduit type=conduit name=msg-megabytes-in-per-second[archv2-parity] series-count=1 last-value=0.8798952102661133
time=2026-08-02T15:41:30.997-07:00 level=DEBUG msg="promql query logged" test=archv2-parity tool=conduit-v1 collector=conduit type=conduit collector=conduit type=conduit params="map[end:2026-08-02T22:41:30.997Z query:rate(conduit_connector_bytes_sum{pipeline_name=\"archv2-parity\",type=\"destination\"}[2s])/1048576 start:2026-08-02T22:41:06.996Z step:1]" stats="&{Timings:{EvalTotalTime:3.9542e-05 ResultSortTime:1.67e-07 QueryPreparationTime:5.333e-06 InnerEvalTime:3.1e-05 ExecQueueTime:7.51e-07 ExecTotalTime:4.1834e-05} Samples:0x140017a44e0}" spanID=0000000000000000
time=2026-08-02T15:41:30.997-07:00 level=DEBUG msg="Query returned data" test=archv2-parity tool=conduit-v1 collector=conduit type=conduit collector=conduit type=conduit name=msg-megabytes-out-per-second[archv2-parity] series-count=1 last-value=0.8798666000366211
time=2026-08-02T15:41:31.353-07:00 level=DEBUG msg="Inspecting container" model=container-monitor name=benchi-conduit
time=2026-08-02T15:41:31.867-07:00 level=DEBUG msg="Inspecting container" model=container-monitor name=benchi-conduit
time=2026-08-02T15:41:31.997-07:00 level=DEBUG msg="promql query logged" test=archv2-parity tool=conduit-v1 collector=conduit type=conduit collector=conduit type=conduit params="map[end:2026-08-02T22:41:31.997Z query:rate(conduit_pipeline_execution_duration_seconds_count{pipeline_name=\"archv2-parity\"}[2s]) start:2026-08-02T22:41:06.996Z step:1]" stats="&{Timings:{EvalTotalTime:7.5e-05 ResultSortTime:4.59e-07 QueryPreparationTime:3.4334e-05 InnerEvalTime:3.225e-05 ExecQueueTime:2.541e-06 ExecTotalTime:8.2583e-05} Samples:0x14001046c00}" spanID=0000000000000000
time=2026-08-02T15:41:31.997-07:00 level=DEBUG msg="Query returned data" test=archv2-parity tool=conduit-v1 collector=conduit type=conduit collector=conduit type=conduit name=msg-rate-per-second[archv2-parity] series-count=1 last-value=29299
time=2026-08-02T15:41:31.997-07:00 level=INFO msg="Test in progress" test=archv2-parity tool=conduit-v1 step=test time-left=35s
time=2026-08-02T15:41:32.002-07:00 level=DEBUG msg="promql query logged" test=archv2-parity tool=conduit-v1 collector=conduit type=conduit collector=conduit type=conduit params="map[end:2026-08-02T22:41:32.002Z query:rate(conduit_connector_bytes_sum{pipeline_name=\"archv2-parity\",type=\"source\"}[2s])/1048576 start:2026-08-02T22:41:06.996Z step:1]" stats="&{Timings:{EvalTotalTime:0.000202041 ResultSortTime:2.09e-07 QueryPreparationTime:7.708e-06 InnerEvalTime:0.000191166 ExecQueueTime:1.542e-06 ExecTotalTime:0.000205041} Samples:0x140017eee70}" spanID=0000000000000000
time=2026-08-02T15:41:32.002-07:00 level=DEBUG msg="Query returned data" test=archv2-parity tool=conduit-v1 collector=conduit type=conduit collector=conduit type=conduit name=msg-megabytes-in-per-second[archv2-parity] series-count=1 last-value=0.82830810546875
time=2026-08-02T15:41:32.003-07:00 level=DEBUG msg="promql query logged" test=archv2-parity tool=conduit-v1 collector=conduit type=conduit collector=conduit type=conduit params="map[end:2026-08-02T22:41:32.002Z query:rate(conduit_connector_bytes_sum{pipeline_name=\"archv2-parity\",type=\"destination\"}[2s])/1048576 start:2026-08-02T22:41:06.996Z step:1]" stats="&{Timings:{EvalTotalTime:2.2292e-05 ResultSortTime:8.3e-08 QueryPreparationTime:3.625e-06 InnerEvalTime:1.675e-05 ExecQueueTime:3.167e-06 ExecTotalTime:2.6417e-05} Samples:0x140017ef4d0}" spanID=0000000000000000
time=2026-08-02T15:41:32.003-07:00 level=DEBUG msg="Query returned data" test=archv2-parity tool=conduit-v1 collector=conduit type=conduit collector=conduit type=conduit name=msg-megabytes-out-per-second[archv2-parity] series-count=1 last-value=0.8283405303955078
time=2026-08-02T15:41:32.376-07:00 level=DEBUG msg="Inspecting container" model=container-monitor name=benchi-conduit
time=2026-08-02T15:41:32.881-07:00 level=DEBUG msg="Inspecting container" model=container-monitor name=benchi-conduit
time=2026-08-02T15:41:32.997-07:00 level=DEBUG msg="promql query logged" test=archv2-parity tool=conduit-v1 collector=conduit type=conduit collector=conduit type=conduit params="map[end:2026-08-02T22:41:32.997Z query:rate(conduit_pipeline_execution_duration_seconds_count{pipeline_name=\"archv2-parity\"}[2s]) start:2026-08-02T22:41:06.996Z step:1]" stats="&{Timings:{EvalTotalTime:6.9375e-05 ResultSortTime:5.83e-07 QueryPreparationTime:1.9125e-05 InnerEvalTime:4.3334e-05 ExecQueueTime:3.209e-06 ExecTotalTime:7.6459e-05} Samples:0x1400155be00}" spanID=0000000000000000
time=2026-08-02T15:41:32.998-07:00 level=DEBUG msg="Query returned data" test=archv2-parity tool=conduit-v1 collector=conduit type=conduit collector=conduit type=conduit name=msg-rate-per-second[archv2-parity] series-count=1 last-value=28933
time=2026-08-02T15:41:32.998-07:00 level=DEBUG msg="promql query logged" test=archv2-parity tool=conduit-v1 collector=conduit type=conduit collector=conduit type=conduit params="map[end:2026-08-02T22:41:32.998Z query:rate(conduit_connector_bytes_sum{pipeline_name=\"archv2-parity\",type=\"source\"}[2s])/1048576 start:2026-08-02T22:41:06.996Z step:1]" stats="&{Timings:{EvalTotalTime:0.000181208 ResultSortTime:3.75e-07 QueryPreparationTime:1.1542e-05 InnerEvalTime:0.000163583 ExecQueueTime:1.584e-06 ExecTotalTime:0.000185708} Samples:0x14000f2b410}" spanID=0000000000000000
time=2026-08-02T15:41:32.998-07:00 level=DEBUG msg="Query returned data" test=archv2-parity tool=conduit-v1 collector=conduit type=conduit collector=conduit type=conduit name=msg-megabytes-in-per-second[archv2-parity] series-count=1 last-value=0.8183555603027344
time=2026-08-02T15:41:33.001-07:00 level=DEBUG msg="promql query logged" test=archv2-parity tool=conduit-v1 collector=conduit type=conduit collector=conduit type=conduit params="map[end:2026-08-02T22:41:33.001Z query:rate(conduit_connector_bytes_sum{pipeline_name=\"archv2-parity\",type=\"destination\"}[2s])/1048576 start:2026-08-02T22:41:06.996Z step:1]" stats="&{Timings:{EvalTotalTime:5.8208e-05 ResultSortTime:2.5e-07 QueryPreparationTime:1.0417e-05 InnerEvalTime:4.3125e-05 ExecQueueTime:1.958e-06 ExecTotalTime:6.2083e-05} Samples:0x14000f2bad0}" spanID=0000000000000000
time=2026-08-02T15:41:33.001-07:00 level=DEBUG msg="Query returned data" test=archv2-parity tool=conduit-v1 collector=conduit type=conduit collector=conduit type=conduit name=msg-megabytes-out-per-second[archv2-parity] series-count=1 last-value=0.8183460235595703
time=2026-08-02T15:41:33.391-07:00 level=DEBUG msg="Inspecting container" model=container-monitor name=benchi-conduit
time=2026-08-02T15:41:33.901-07:00 level=DEBUG msg="Inspecting container" model=container-monitor name=benchi-conduit
time=2026-08-02T15:41:34.000-07:00 level=DEBUG msg="promql query logged" test=archv2-parity tool=conduit-v1 collector=conduit type=conduit collector=conduit type=conduit params="map[end:2026-08-02T22:41:34.000Z query:rate(conduit_pipeline_execution_duration_seconds_count{pipeline_name=\"archv2-parity\"}[2s]) start:2026-08-02T22:41:06.996Z step:1]" stats="&{Timings:{EvalTotalTime:6.2375e-05 ResultSortTime:3.75e-07 QueryPreparationTime:1.9083e-05 InnerEvalTime:3.65e-05 ExecQueueTime:3.166e-06 ExecTotalTime:7.0875e-05} Samples:0x140010874d0}" spanID=0000000000000000
time=2026-08-02T15:41:34.000-07:00 level=DEBUG msg="Query returned data" test=archv2-parity tool=conduit-v1 collector=conduit type=conduit collector=conduit type=conduit name=msg-rate-per-second[archv2-parity] series-count=1 last-value=28895
time=2026-08-02T15:41:34.000-07:00 level=DEBUG msg="promql query logged" test=archv2-parity tool=conduit-v1 collector=conduit type=conduit collector=conduit type=conduit params="map[end:2026-08-02T22:41:34.000Z query:rate(conduit_connector_bytes_sum{pipeline_name=\"archv2-parity\",type=\"source\"}[2s])/1048576 start:2026-08-02T22:41:06.996Z step:1]" stats="&{Timings:{EvalTotalTime:0.00011275 ResultSortTime:4.16e-07 QueryPreparationTime:9.667e-06 InnerEvalTime:9.4875e-05 ExecQueueTime:1.5e-06 ExecTotalTime:0.000116958} Samples:0x14001087ef0}" spanID=0000000000000000
time=2026-08-02T15:41:34.001-07:00 level=DEBUG msg="Query returned data" test=archv2-parity tool=conduit-v1 collector=conduit type=conduit collector=conduit type=conduit name=msg-megabytes-in-per-second[archv2-parity] series-count=1 last-value=0.8170804977416992
time=2026-08-02T15:41:34.001-07:00 level=DEBUG msg="promql query logged" test=archv2-parity tool=conduit-v1 collector=conduit type=conduit collector=conduit type=conduit params="map[end:2026-08-02T22:41:34.001Z query:rate(conduit_connector_bytes_sum{pipeline_name=\"archv2-parity\",type=\"destination\"}[2s])/1048576 start:2026-08-02T22:41:06.996Z step:1]" stats="&{Timings:{EvalTotalTime:0.000239958 ResultSortTime:4.16e-07 QueryPreparationTime:9.709e-06 InnerEvalTime:0.000224542 ExecQueueTime:1.542e-06 ExecTotalTime:0.000243666} Samples:0x14000b81560}" spanID=0000000000000000
time=2026-08-02T15:41:34.001-07:00 level=DEBUG msg="Query returned data" test=archv2-parity tool=conduit-v1 collector=conduit type=conduit collector=conduit type=conduit name=msg-megabytes-out-per-second[archv2-parity] series-count=1 last-value=0.8170576095581055
time=2026-08-02T15:41:34.406-07:00 level=DEBUG msg="Inspecting container" model=container-monitor name=benchi-conduit
time=2026-08-02T15:41:34.912-07:00 level=DEBUG msg="Inspecting container" model=container-monitor name=benchi-conduit
time=2026-08-02T15:41:34.996-07:00 level=DEBUG msg="promql query logged" test=archv2-parity tool=conduit-v1 collector=conduit type=conduit collector=conduit type=conduit params="map[end:2026-08-02T22:41:34.996Z query:rate(conduit_pipeline_execution_duration_seconds_count{pipeline_name=\"archv2-parity\"}[2s]) start:2026-08-02T22:41:06.996Z step:1]" stats="&{Timings:{EvalTotalTime:5.1417e-05 ResultSortTime:3.75e-07 QueryPreparationTime:1.3625e-05 InnerEvalTime:3.1333e-05 ExecQueueTime:4.709e-06 ExecTotalTime:5.9209e-05} Samples:0x1400121a5a0}" spanID=0000000000000000
time=2026-08-02T15:41:34.996-07:00 level=DEBUG msg="Query returned data" test=archv2-parity tool=conduit-v1 collector=conduit type=conduit collector=conduit type=conduit name=msg-rate-per-second[archv2-parity] series-count=1 last-value=29285
time=2026-08-02T15:41:34.996-07:00 level=DEBUG msg="promql query logged" test=archv2-parity tool=conduit-v1 collector=conduit type=conduit collector=conduit type=conduit params="map[end:2026-08-02T22:41:34.996Z query:rate(conduit_connector_bytes_sum{pipeline_name=\"archv2-parity\",type=\"source\"}[2s])/1048576 start:2026-08-02T22:41:06.996Z step:1]" stats="&{Timings:{EvalTotalTime:5.4834e-05 ResultSortTime:2.5e-07 QueryPreparationTime:8.5e-06 InnerEvalTime:4.1792e-05 ExecQueueTime:1.166e-06 ExecTotalTime:5.7958e-05} Samples:0x1400121ae10}" spanID=0000000000000000
time=2026-08-02T15:41:34.996-07:00 level=DEBUG msg="Query returned data" test=archv2-parity tool=conduit-v1 collector=conduit type=conduit collector=conduit type=conduit name=msg-megabytes-in-per-second[archv2-parity] series-count=1 last-value=0.8276567459106445
time=2026-08-02T15:41:34.996-07:00 level=DEBUG msg="promql query logged" test=archv2-parity tool=conduit-v1 collector=conduit type=conduit collector=conduit type=conduit params="map[end:2026-08-02T22:41:34.996Z query:rate(conduit_connector_bytes_sum{pipeline_name=\"archv2-parity\",type=\"destination\"}[2s])/1048576 start:2026-08-02T22:41:06.996Z step:1]" stats="&{Timings:{EvalTotalTime:4.3833e-05 ResultSortTime:2.08e-07 QueryPreparationTime:5.917e-06 InnerEvalTime:3.4333e-05 ExecQueueTime:8.75e-07 ExecTotalTime:4.65e-05} Samples:0x1400121b470}" spanID=0000000000000000
time=2026-08-02T15:41:34.996-07:00 level=DEBUG msg="Query returned data" test=archv2-parity tool=conduit-v1 collector=conduit type=conduit collector=conduit type=conduit name=msg-megabytes-out-per-second[archv2-parity] series-count=1 last-value=0.8276815414428711
time=2026-08-02T15:41:35.417-07:00 level=DEBUG msg="Inspecting container" model=container-monitor name=benchi-conduit
time=2026-08-02T15:41:35.932-07:00 level=DEBUG msg="Inspecting container" model=container-monitor name=benchi-conduit
time=2026-08-02T15:41:35.997-07:00 level=DEBUG msg="promql query logged" test=archv2-parity tool=conduit-v1 collector=conduit type=conduit collector=conduit type=conduit params="map[end:2026-08-02T22:41:35.997Z query:rate(conduit_pipeline_execution_duration_seconds_count{pipeline_name=\"archv2-parity\"}[2s]) start:2026-08-02T22:41:06.996Z step:1]" stats="&{Timings:{EvalTotalTime:6.3625e-05 ResultSortTime:5.42e-07 QueryPreparationTime:1.825e-05 InnerEvalTime:3.9125e-05 ExecQueueTime:2.916e-06 ExecTotalTime:7.0208e-05} Samples:0x140016e72f0}" spanID=0000000000000000
time=2026-08-02T15:41:35.998-07:00 level=DEBUG msg="Query returned data" test=archv2-parity tool=conduit-v1 collector=conduit type=conduit collector=conduit type=conduit name=msg-rate-per-second[archv2-parity] series-count=1 last-value=29537
time=2026-08-02T15:41:35.998-07:00 level=DEBUG msg="promql query logged" test=archv2-parity tool=conduit-v1 collector=conduit type=conduit collector=conduit type=conduit params="map[end:2026-08-02T22:41:35.998Z query:rate(conduit_connector_bytes_sum{pipeline_name=\"archv2-parity\",type=\"source\"}[2s])/1048576 start:2026-08-02T22:41:06.996Z step:1]" stats="&{Timings:{EvalTotalTime:6.6125e-05 ResultSortTime:2.5e-07 QueryPreparationTime:1.05e-05 InnerEvalTime:5.1125e-05 ExecQueueTime:1.166e-06 ExecTotalTime:6.9667e-05} Samples:0x140016e7aa0}" spanID=0000000000000000
time=2026-08-02T15:41:35.998-07:00 level=DEBUG msg="Query returned data" test=archv2-parity tool=conduit-v1 collector=conduit type=conduit collector=conduit type=conduit name=msg-megabytes-in-per-second[archv2-parity] series-count=1 last-value=0.8346652984619141
time=2026-08-02T15:41:35.998-07:00 level=DEBUG msg="promql query logged" test=archv2-parity tool=conduit-v1 collector=conduit type=conduit collector=conduit type=conduit params="map[end:2026-08-02T22:41:35.998Z query:rate(conduit_connector_bytes_sum{pipeline_name=\"archv2-parity\",type=\"destination\"}[2s])/1048576 start:2026-08-02T22:41:06.996Z step:1]" stats="&{Timings:{EvalTotalTime:5.4125e-05 ResultSortTime:1.66e-07 QueryPreparationTime:7.208e-06 InnerEvalTime:4.325e-05 ExecQueueTime:1.001e-06 ExecTotalTime:5.6917e-05} Samples:0x140013e61b0}" spanID=0000000000000000
time=2026-08-02T15:41:35.998-07:00 level=DEBUG msg="Query returned data" test=archv2-parity tool=conduit-v1 collector=conduit type=conduit collector=conduit type=conduit name=msg-megabytes-out-per-second[archv2-parity] series-count=1 last-value=0.8346157073974609
time=2026-08-02T15:41:36.439-07:00 level=DEBUG msg="Inspecting container" model=container-monitor name=benchi-conduit
time=2026-08-02T15:41:36.945-07:00 level=DEBUG msg="Inspecting container" model=container-monitor name=benchi-conduit
time=2026-08-02T15:41:36.997-07:00 level=INFO msg="Test in progress" test=archv2-parity tool=conduit-v1 step=test time-left=30s
time=2026-08-02T15:41:37.003-07:00 level=DEBUG msg="promql query logged" test=archv2-parity tool=conduit-v1 collector=conduit type=conduit collector=conduit type=conduit params="map[end:2026-08-02T22:41:36.997Z query:rate(conduit_pipeline_execution_duration_seconds_count{pipeline_name=\"archv2-parity\"}[2s]) start:2026-08-02T22:41:06.996Z step:1]" stats="&{Timings:{EvalTotalTime:0.005607375 ResultSortTime:3.666e-06 QueryPreparationTime:2.3375e-05 InnerEvalTime:0.005563584 ExecQueueTime:3.291e-06 ExecTotalTime:0.005617417} Samples:0x1400131c930}" spanID=0000000000000000
time=2026-08-02T15:41:37.003-07:00 level=DEBUG msg="Query returned data" test=archv2-parity tool=conduit-v1 collector=conduit type=conduit collector=conduit type=conduit name=msg-rate-per-second[archv2-parity] series-count=1 last-value=30654
time=2026-08-02T15:41:37.003-07:00 level=DEBUG msg="promql query logged" test=archv2-parity tool=conduit-v1 collector=conduit type=conduit collector=conduit type=conduit params="map[end:2026-08-02T22:41:37.003Z query:rate(conduit_connector_bytes_sum{pipeline_name=\"archv2-parity\",type=\"source\"}[2s])/1048576 start:2026-08-02T22:41:06.996Z step:1]" stats="&{Timings:{EvalTotalTime:5.1666e-05 ResultSortTime:1.25e-07 QueryPreparationTime:1.2167e-05 InnerEvalTime:3.6834e-05 ExecQueueTime:1.375e-06 ExecTotalTime:5.3958e-05} Samples:0x1400131cfc0}" spanID=0000000000000000
time=2026-08-02T15:41:37.003-07:00 level=DEBUG msg="Query returned data" test=archv2-parity tool=conduit-v1 collector=conduit type=conduit collector=conduit type=conduit name=msg-megabytes-in-per-second[archv2-parity] series-count=1 last-value=0.8670320510864258
time=2026-08-02T15:41:37.003-07:00 level=DEBUG msg="promql query logged" test=archv2-parity tool=conduit-v1 collector=conduit type=conduit collector=conduit type=conduit params="map[end:2026-08-02T22:41:37.003Z query:rate(conduit_connector_bytes_sum{pipeline_name=\"archv2-parity\",type=\"destination\"}[2s])/1048576 start:2026-08-02T22:41:06.996Z step:1]" stats="&{Timings:{EvalTotalTime:2.4708e-05 ResultSortTime:8.3e-08 QueryPreparationTime:2.958e-06 InnerEvalTime:2.0041e-05 ExecQueueTime:5.42e-07 ExecTotalTime:2.6042e-05} Samples:0x1400131d620}" spanID=0000000000000000
time=2026-08-02T15:41:37.003-07:00 level=DEBUG msg="Query returned data" test=archv2-parity tool=conduit-v1 collector=conduit type=conduit collector=conduit type=conduit name=msg-megabytes-out-per-second[archv2-parity] series-count=1 last-value=0.8670568466186523
time=2026-08-02T15:41:37.451-07:00 level=DEBUG msg="Inspecting container" model=container-monitor name=benchi-conduit
time=2026-08-02T15:41:37.958-07:00 level=DEBUG msg="Inspecting container" model=container-monitor name=benchi-conduit
time=2026-08-02T15:41:37.996-07:00 level=DEBUG msg="promql query logged" test=archv2-parity tool=conduit-v1 collector=conduit type=conduit collector=conduit type=conduit params="map[end:2026-08-02T22:41:37.996Z query:rate(conduit_pipeline_execution_duration_seconds_count{pipeline_name=\"archv2-parity\"}[2s]) start:2026-08-02T22:41:06.996Z step:1]" stats="&{Timings:{EvalTotalTime:5.0916e-05 ResultSortTime:3.75e-07 QueryPreparationTime:1.525e-05 InnerEvalTime:3.0916e-05 ExecQueueTime:2.417e-06 ExecTotalTime:5.5791e-05} Samples:0x140016180f0}" spanID=0000000000000000
time=2026-08-02T15:41:37.996-07:00 level=DEBUG msg="Query returned data" test=archv2-parity tool=conduit-v1 collector=conduit type=conduit collector=conduit type=conduit name=msg-rate-per-second[archv2-parity] series-count=1 last-value=30582
time=2026-08-02T15:41:37.996-07:00 level=DEBUG msg="promql query logged" test=archv2-parity tool=conduit-v1 collector=conduit type=conduit collector=conduit type=conduit params="map[end:2026-08-02T22:41:37.996Z query:rate(conduit_connector_bytes_sum{pipeline_name=\"archv2-parity\",type=\"source\"}[2s])/1048576 start:2026-08-02T22:41:06.996Z step:1]" stats="&{Timings:{EvalTotalTime:4.7333e-05 ResultSortTime:1.25e-07 QueryPreparationTime:5.625e-06 InnerEvalTime:3.8708e-05 ExecQueueTime:7.92e-07 ExecTotalTime:4.9417e-05} Samples:0x14001618780}" spanID=0000000000000000
time=2026-08-02T15:41:37.996-07:00 level=DEBUG msg="Query returned data" test=archv2-parity tool=conduit-v1 collector=conduit type=conduit collector=conduit type=conduit name=msg-megabytes-in-per-second[archv2-parity] series-count=1 last-value=0.8645572662353516
time=2026-08-02T15:41:37.996-07:00 level=DEBUG msg="promql query logged" test=archv2-parity tool=conduit-v1 collector=conduit type=conduit collector=conduit type=conduit params="map[end:2026-08-02T22:41:37.996Z query:rate(conduit_connector_bytes_sum{pipeline_name=\"archv2-parity\",type=\"destination\"}[2s])/1048576 start:2026-08-02T22:41:06.996Z step:1]" stats="&{Timings:{EvalTotalTime:3.6917e-05 ResultSortTime:1.25e-07 QueryPreparationTime:3.875e-06 InnerEvalTime:3.0292e-05 ExecQueueTime:6.25e-07 ExecTotalTime:3.8875e-05} Samples:0x14001618de0}" spanID=0000000000000000
time=2026-08-02T15:41:37.996-07:00 level=DEBUG msg="Query returned data" test=archv2-parity tool=conduit-v1 collector=conduit type=conduit collector=conduit type=conduit name=msg-megabytes-out-per-second[archv2-parity] series-count=1 last-value=0.8645572662353516
time=2026-08-02T15:41:38.464-07:00 level=DEBUG msg="Inspecting container" model=container-monitor name=benchi-conduit
time=2026-08-02T15:41:38.972-07:00 level=DEBUG msg="Inspecting container" model=container-monitor name=benchi-conduit
time=2026-08-02T15:41:38.996-07:00 level=DEBUG msg="promql query logged" test=archv2-parity tool=conduit-v1 collector=conduit type=conduit collector=conduit type=conduit params="map[end:2026-08-02T22:41:38.996Z query:rate(conduit_pipeline_execution_duration_seconds_count{pipeline_name=\"archv2-parity\"}[2s]) start:2026-08-02T22:41:06.996Z step:1]" stats="&{Timings:{EvalTotalTime:6.1e-05 ResultSortTime:5e-07 QueryPreparationTime:1.375e-05 InnerEvalTime:4.1792e-05 ExecQueueTime:2.043e-06 ExecTotalTime:6.5583e-05} Samples:0x140017eef00}" spanID=0000000000000000
time=2026-08-02T15:41:38.996-07:00 level=DEBUG msg="Query returned data" test=archv2-parity tool=conduit-v1 collector=conduit type=conduit collector=conduit type=conduit name=msg-rate-per-second[archv2-parity] series-count=1 last-value=29923
time=2026-08-02T15:41:38.996-07:00 level=DEBUG msg="promql query logged" test=archv2-parity tool=conduit-v1 collector=conduit type=conduit collector=conduit type=conduit params="map[end:2026-08-02T22:41:38.996Z query:rate(conduit_connector_bytes_sum{pipeline_name=\"archv2-parity\",type=\"source\"}[2s])/1048576 start:2026-08-02T22:41:06.996Z step:1]" stats="&{Timings:{EvalTotalTime:5.4e-05 ResultSortTime:1.67e-07 QueryPreparationTime:7.666e-06 InnerEvalTime:4.1625e-05 ExecQueueTime:1.959e-06 ExecTotalTime:5.7542e-05} Samples:0x140017ef6b0}" spanID=0000000000000000
time=2026-08-02T15:41:38.996-07:00 level=DEBUG msg="Query returned data" test=archv2-parity tool=conduit-v1 collector=conduit type=conduit collector=conduit type=conduit name=msg-megabytes-in-per-second[archv2-parity] series-count=1 last-value=0.8452634811401367
time=2026-08-02T15:41:38.996-07:00 level=DEBUG msg="promql query logged" test=archv2-parity tool=conduit-v1 collector=conduit type=conduit collector=conduit type=conduit params="map[end:2026-08-02T22:41:38.996Z query:rate(conduit_connector_bytes_sum{pipeline_name=\"archv2-parity\",type=\"destination\"}[2s])/1048576 start:2026-08-02T22:41:06.996Z step:1]" stats="&{Timings:{EvalTotalTime:4.025e-05 ResultSortTime:2.5e-07 QueryPreparationTime:4.083e-06 InnerEvalTime:3.3041e-05 ExecQueueTime:7.91e-07 ExecTotalTime:4.3208e-05} Samples:0x140017efd10}" spanID=0000000000000000
time=2026-08-02T15:41:38.996-07:00 level=DEBUG msg="Query returned data" test=archv2-parity tool=conduit-v1 collector=conduit type=conduit collector=conduit type=conduit name=msg-megabytes-out-per-second[archv2-parity] series-count=1 last-value=0.8452634811401367
time=2026-08-02T15:41:39.477-07:00 level=DEBUG msg="Inspecting container" model=container-monitor name=benchi-conduit
time=2026-08-02T15:41:39.981-07:00 level=DEBUG msg="Inspecting container" model=container-monitor name=benchi-conduit
time=2026-08-02T15:41:39.996-07:00 level=DEBUG msg="promql query logged" test=archv2-parity tool=conduit-v1 collector=conduit type=conduit collector=conduit type=conduit params="map[end:2026-08-02T22:41:39.996Z query:rate(conduit_pipeline_execution_duration_seconds_count{pipeline_name=\"archv2-parity\"}[2s]) start:2026-08-02T22:41:06.996Z step:1]" stats="&{Timings:{EvalTotalTime:8.7209e-05 ResultSortTime:5e-07 QueryPreparationTime:3.85e-05 InnerEvalTime:4.1166e-05 ExecQueueTime:2.542e-06 ExecTotalTime:9.3708e-05} Samples:0x14001184390}" spanID=0000000000000000
time=2026-08-02T15:41:39.996-07:00 level=DEBUG msg="Query returned data" test=archv2-parity tool=conduit-v1 collector=conduit type=conduit collector=conduit type=conduit name=msg-rate-per-second[archv2-parity] series-count=1 last-value=33660
time=2026-08-02T15:41:39.996-07:00 level=DEBUG msg="promql query logged" test=archv2-parity tool=conduit-v1 collector=conduit type=conduit collector=conduit type=conduit params="map[end:2026-08-02T22:41:39.996Z query:rate(conduit_connector_bytes_sum{pipeline_name=\"archv2-parity\",type=\"source\"}[2s])/1048576 start:2026-08-02T22:41:06.996Z step:1]" stats="&{Timings:{EvalTotalTime:6.725e-05 ResultSortTime:2.08e-07 QueryPreparationTime:1.0708e-05 InnerEvalTime:5.05e-05 ExecQueueTime:9.16e-07 ExecTotalTime:7.025e-05} Samples:0x140011849f0}" spanID=0000000000000000
time=2026-08-02T15:41:39.996-07:00 level=DEBUG msg="Query returned data" test=archv2-parity tool=conduit-v1 collector=conduit type=conduit collector=conduit type=conduit name=msg-megabytes-in-per-second[archv2-parity] series-count=1 last-value=0.9507389068603516
time=2026-08-02T15:41:39.996-07:00 level=DEBUG msg="promql query logged" test=archv2-parity tool=conduit-v1 collector=conduit type=conduit collector=conduit type=conduit params="map[end:2026-08-02T22:41:39.996Z query:rate(conduit_connector_bytes_sum{pipeline_name=\"archv2-parity\",type=\"destination\"}[2s])/1048576 start:2026-08-02T22:41:06.996Z step:1]" stats="&{Timings:{EvalTotalTime:5.3583e-05 ResultSortTime:2.5e-07 QueryPreparationTime:1.1e-05 InnerEvalTime:3.8958e-05 ExecQueueTime:7.91e-07 ExecTotalTime:5.6209e-05} Samples:0x14001185050}" spanID=0000000000000000
time=2026-08-02T15:41:39.996-07:00 level=DEBUG msg="Query returned data" test=archv2-parity tool=conduit-v1 collector=conduit type=conduit collector=conduit type=conduit name=msg-megabytes-out-per-second[archv2-parity] series-count=1 last-value=0.9507904052734375
time=2026-08-02T15:41:40.487-07:00 level=DEBUG msg="Inspecting container" model=container-monitor name=benchi-conduit
time=2026-08-02T15:41:40.993-07:00 level=DEBUG msg="Inspecting container" model=container-monitor name=benchi-conduit
time=2026-08-02T15:41:40.996-07:00 level=DEBUG msg="promql query logged" test=archv2-parity tool=conduit-v1 collector=conduit type=conduit collector=conduit type=conduit params="map[end:2026-08-02T22:41:40.996Z query:rate(conduit_pipeline_execution_duration_seconds_count{pipeline_name=\"archv2-parity\"}[2s]) start:2026-08-02T22:41:06.996Z step:1]" stats="&{Timings:{EvalTotalTime:0.000125958 ResultSortTime:1.209e-06 QueryPreparationTime:3.1e-05 InnerEvalTime:8.3833e-05 ExecQueueTime:4.083e-06 ExecTotalTime:0.000135458} Samples:0x14001245440}" spanID=0000000000000000
time=2026-08-02T15:41:40.997-07:00 level=DEBUG msg="Query returned data" test=archv2-parity tool=conduit-v1 collector=conduit type=conduit collector=conduit type=conduit name=msg-rate-per-second[archv2-parity] series-count=1 last-value=31579.26221335992
time=2026-08-02T15:41:40.997-07:00 level=DEBUG msg="promql query logged" test=archv2-parity tool=conduit-v1 collector=conduit type=conduit collector=conduit type=conduit params="map[end:2026-08-02T22:41:40.997Z query:rate(conduit_connector_bytes_sum{pipeline_name=\"archv2-parity\",type=\"source\"}[2s])/1048576 start:2026-08-02T22:41:06.996Z step:1]" stats="&{Timings:{EvalTotalTime:0.00010275 ResultSortTime:3.33e-07 QueryPreparationTime:1.6583e-05 InnerEvalTime:8.0333e-05 ExecQueueTime:1.834e-06 ExecTotalTime:0.000108125} Samples:0x14001245aa0}" spanID=0000000000000000
time=2026-08-02T15:41:40.997-07:00 level=DEBUG msg="Query returned data" test=archv2-parity tool=conduit-v1 collector=conduit type=conduit collector=conduit type=conduit name=msg-megabytes-in-per-second[archv2-parity] series-count=1 last-value=0.8927199800135726
time=2026-08-02T15:41:40.997-07:00 level=DEBUG msg="promql query logged" test=archv2-parity tool=conduit-v1 collector=conduit type=conduit collector=conduit type=conduit params="map[end:2026-08-02T22:41:40.997Z query:rate(conduit_connector_bytes_sum{pipeline_name=\"archv2-parity\",type=\"destination\"}[2s])/1048576 start:2026-08-02T22:41:06.996Z step:1]" stats="&{Timings:{EvalTotalTime:6.8459e-05 ResultSortTime:3.75e-07 QueryPreparationTime:1.2709e-05 InnerEvalTime:5.0167e-05 ExecQueueTime:2e-06 ExecTotalTime:7.3042e-05} Samples:0x14001276180}" spanID=0000000000000000
time=2026-08-02T15:41:40.997-07:00 level=DEBUG msg="Query returned data" test=archv2-parity tool=conduit-v1 collector=conduit type=conduit collector=conduit type=conduit name=msg-megabytes-out-per-second[archv2-parity] series-count=1 last-value=0.8926686356336265
time=2026-08-02T15:41:41.507-07:00 level=DEBUG msg="Inspecting container" model=container-monitor name=benchi-conduit
time=2026-08-02T15:41:41.996-07:00 level=INFO msg="Test in progress" test=archv2-parity tool=conduit-v1 step=test time-left=25s
time=2026-08-02T15:41:41.996-07:00 level=DEBUG msg="promql query logged" test=archv2-parity tool=conduit-v1 collector=conduit type=conduit collector=conduit type=conduit params="map[end:2026-08-02T22:41:41.996Z query:rate(conduit_pipeline_execution_duration_seconds_count{pipeline_name=\"archv2-parity\"}[2s]) start:2026-08-02T22:41:06.996Z step:1]" stats="&{Timings:{EvalTotalTime:5.1709e-05 ResultSortTime:4.58e-07 QueryPreparationTime:1.4667e-05 InnerEvalTime:3.2042e-05 ExecQueueTime:2.25e-06 ExecTotalTime:5.6375e-05} Samples:0x14001277c20}" spanID=0000000000000000
time=2026-08-02T15:41:41.996-07:00 level=DEBUG msg="Query returned data" test=archv2-parity tool=conduit-v1 collector=conduit type=conduit collector=conduit type=conduit name=msg-rate-per-second[archv2-parity] series-count=1 last-value=27922.768304914745
time=2026-08-02T15:41:41.996-07:00 level=DEBUG msg="promql query logged" test=archv2-parity tool=conduit-v1 collector=conduit type=conduit collector=conduit type=conduit params="map[end:2026-08-02T22:41:41.996Z query:rate(conduit_connector_bytes_sum{pipeline_name=\"archv2-parity\",type=\"source\"}[2s])/1048576 start:2026-08-02T22:41:06.996Z step:1]" stats="&{Timings:{EvalTotalTime:5.4041e-05 ResultSortTime:2.5e-07 QueryPreparationTime:7.792e-06 InnerEvalTime:4.1166e-05 ExecQueueTime:7.5e-07 ExecTotalTime:5.6334e-05} Samples:0x140012c0300}" spanID=0000000000000000
time=2026-08-02T15:41:41.996-07:00 level=DEBUG msg="Query returned data" test=archv2-parity tool=conduit-v1 collector=conduit type=conduit collector=conduit type=conduit name=msg-megabytes-in-per-second[archv2-parity] series-count=1 last-value=0.7893142394101249
time=2026-08-02T15:41:41.996-07:00 level=DEBUG msg="promql query logged" test=archv2-parity tool=conduit-v1 collector=conduit type=conduit collector=conduit type=conduit params="map[end:2026-08-02T22:41:41.996Z query:rate(conduit_connector_bytes_sum{pipeline_name=\"archv2-parity\",type=\"destination\"}[2s])/1048576 start:2026-08-02T22:41:06.996Z step:1]" stats="&{Timings:{EvalTotalTime:4.3459e-05 ResultSortTime:1.25e-07 QueryPreparationTime:5.166e-06 InnerEvalTime:3.5584e-05 ExecQueueTime:7.09e-07 ExecTotalTime:4.5375e-05} Samples:0x140012c0960}" spanID=0000000000000000
time=2026-08-02T15:41:41.996-07:00 level=DEBUG msg="Query returned data" test=archv2-parity tool=conduit-v1 collector=conduit type=conduit collector=conduit type=conduit name=msg-megabytes-out-per-second[archv2-parity] series-count=1 last-value=0.7893142394101249
time=2026-08-02T15:41:42.014-07:00 level=DEBUG msg="Inspecting container" model=container-monitor name=benchi-conduit
time=2026-08-02T15:41:42.523-07:00 level=DEBUG msg="Inspecting container" model=container-monitor name=benchi-conduit
time=2026-08-02T15:41:42.996-07:00 level=DEBUG msg="promql query logged" test=archv2-parity tool=conduit-v1 collector=conduit type=conduit collector=conduit type=conduit params="map[end:2026-08-02T22:41:42.996Z query:rate(conduit_pipeline_execution_duration_seconds_count{pipeline_name=\"archv2-parity\"}[2s]) start:2026-08-02T22:41:06.996Z step:1]" stats="&{Timings:{EvalTotalTime:8.9083e-05 ResultSortTime:5.84e-07 QueryPreparationTime:3.1542e-05 InnerEvalTime:4.9458e-05 ExecQueueTime:4.167e-06 ExecTotalTime:9.6084e-05} Samples:0x14001337650}" spanID=0000000000000000
time=2026-08-02T15:41:42.996-07:00 level=DEBUG msg="Query returned data" test=archv2-parity tool=conduit-v1 collector=conduit type=conduit collector=conduit type=conduit name=msg-rate-per-second[archv2-parity] series-count=1 last-value=26358
time=2026-08-02T15:41:42.996-07:00 level=DEBUG msg="promql query logged" test=archv2-parity tool=conduit-v1 collector=conduit type=conduit collector=conduit type=conduit params="map[end:2026-08-02T22:41:42.996Z query:rate(conduit_connector_bytes_sum{pipeline_name=\"archv2-parity\",type=\"source\"}[2s])/1048576 start:2026-08-02T22:41:06.996Z step:1]" stats="&{Timings:{EvalTotalTime:7.5291e-05 ResultSortTime:3.75e-07 QueryPreparationTime:1.3375e-05 InnerEvalTime:5.7375e-05 ExecQueueTime:1.375e-06 ExecTotalTime:7.9e-05} Samples:0x14001337cb0}" spanID=0000000000000000
time=2026-08-02T15:41:42.996-07:00 level=DEBUG msg="Query returned data" test=archv2-parity tool=conduit-v1 collector=conduit type=conduit collector=conduit type=conduit name=msg-megabytes-in-per-second[archv2-parity] series-count=1 last-value=0.7452058792114258
time=2026-08-02T15:41:42.996-07:00 level=DEBUG msg="promql query logged" test=archv2-parity tool=conduit-v1 collector=conduit type=conduit collector=conduit type=conduit params="map[end:2026-08-02T22:41:42.996Z query:rate(conduit_connector_bytes_sum{pipeline_name=\"archv2-parity\",type=\"destination\"}[2s])/1048576 start:2026-08-02T22:41:06.996Z step:1]" stats="&{Timings:{EvalTotalTime:4.9125e-05 ResultSortTime:2.09e-07 QueryPreparationTime:5.208e-06 InnerEvalTime:3.8583e-05 ExecQueueTime:8.33e-07 ExecTotalTime:5.1084e-05} Samples:0x1400135c390}" spanID=0000000000000000
time=2026-08-02T15:41:42.996-07:00 level=DEBUG msg="Query returned data" test=archv2-parity tool=conduit-v1 collector=conduit type=conduit collector=conduit type=conduit name=msg-megabytes-out-per-second[archv2-parity] series-count=1 last-value=0.7452316284179688
time=2026-08-02T15:41:43.030-07:00 level=DEBUG msg="Inspecting container" model=container-monitor name=benchi-conduit
time=2026-08-02T15:41:43.539-07:00 level=DEBUG msg="Inspecting container" model=container-monitor name=benchi-conduit
time=2026-08-02T15:41:43.996-07:00 level=DEBUG msg="promql query logged" test=archv2-parity tool=conduit-v1 collector=conduit type=conduit collector=conduit type=conduit params="map[end:2026-08-02T22:41:43.996Z query:rate(conduit_pipeline_execution_duration_seconds_count{pipeline_name=\"archv2-parity\"}[2s]) start:2026-08-02T22:41:06.996Z step:1]" stats="&{Timings:{EvalTotalTime:8.4334e-05 ResultSortTime:6.25e-07 QueryPreparationTime:2.1416e-05 InnerEvalTime:4.8084e-05 ExecQueueTime:4.251e-06 ExecTotalTime:9.3e-05} Samples:0x140013b4c60}" spanID=0000000000000000
time=2026-08-02T15:41:43.996-07:00 level=DEBUG msg="Query returned data" test=archv2-parity tool=conduit-v1 collector=conduit type=conduit collector=conduit type=conduit name=msg-rate-per-second[archv2-parity] series-count=1 last-value=29111
time=2026-08-02T15:41:43.997-07:00 level=DEBUG msg="promql query logged" test=archv2-parity tool=conduit-v1 collector=conduit type=conduit collector=conduit type=conduit params="map[end:2026-08-02T22:41:43.996Z query:rate(conduit_connector_bytes_sum{pipeline_name=\"archv2-parity\",type=\"source\"}[2s])/1048576 start:2026-08-02T22:41:06.996Z step:1]" stats="&{Timings:{EvalTotalTime:9.0458e-05 ResultSortTime:3.75e-07 QueryPreparationTime:1.7292e-05 InnerEvalTime:6.675e-05 ExecQueueTime:2.583e-06 ExecTotalTime:0.00010125} Samples:0x140013b52c0}" spanID=0000000000000000
time=2026-08-02T15:41:43.997-07:00 level=DEBUG msg="Query returned data" test=archv2-parity tool=conduit-v1 collector=conduit type=conduit collector=conduit type=conduit name=msg-megabytes-in-per-second[archv2-parity] series-count=1 last-value=0.8224678039550781
time=2026-08-02T15:41:43.997-07:00 level=DEBUG msg="promql query logged" test=archv2-parity tool=conduit-v1 collector=conduit type=conduit collector=conduit type=conduit params="map[end:2026-08-02T22:41:43.997Z query:rate(conduit_connector_bytes_sum{pipeline_name=\"archv2-parity\",type=\"destination\"}[2s])/1048576 start:2026-08-02T22:41:06.996Z step:1]" stats="&{Timings:{EvalTotalTime:6.3875e-05 ResultSortTime:3.33e-07 QueryPreparationTime:9.25e-06 InnerEvalTime:5.0166e-05 ExecQueueTime:1.541e-06 ExecTotalTime:6.8083e-05} Samples:0x140013b5920}" spanID=0000000000000000
time=2026-08-02T15:41:43.997-07:00 level=DEBUG msg="Query returned data" test=archv2-parity tool=conduit-v1 collector=conduit type=conduit collector=conduit type=conduit name=msg-megabytes-out-per-second[archv2-parity] series-count=1 last-value=0.8224420547485352
time=2026-08-02T15:41:44.057-07:00 level=DEBUG msg="Inspecting container" model=container-monitor name=benchi-conduit
time=2026-08-02T15:41:44.563-07:00 level=DEBUG msg="Inspecting container" model=container-monitor name=benchi-conduit
time=2026-08-02T15:41:44.996-07:00 level=DEBUG msg="promql query logged" test=archv2-parity tool=conduit-v1 collector=conduit type=conduit collector=conduit type=conduit params="map[end:2026-08-02T22:41:44.996Z query:rate(conduit_pipeline_execution_duration_seconds_count{pipeline_name=\"archv2-parity\"}[2s]) start:2026-08-02T22:41:06.996Z step:1]" stats="&{Timings:{EvalTotalTime:6.5542e-05 ResultSortTime:7.08e-07 QueryPreparationTime:1.8292e-05 InnerEvalTime:4.1583e-05 ExecQueueTime:3.042e-06 ExecTotalTime:7.0917e-05} Samples:0x1400151a630}" spanID=0000000000000000
time=2026-08-02T15:41:44.996-07:00 level=DEBUG msg="Query returned data" test=archv2-parity tool=conduit-v1 collector=conduit type=conduit collector=conduit type=conduit name=msg-rate-per-second[archv2-parity] series-count=1 last-value=29221
time=2026-08-02T15:41:44.996-07:00 level=DEBUG msg="promql query logged" test=archv2-parity tool=conduit-v1 collector=conduit type=conduit collector=conduit type=conduit params="map[end:2026-08-02T22:41:44.996Z query:rate(conduit_connector_bytes_sum{pipeline_name=\"archv2-parity\",type=\"source\"}[2s])/1048576 start:2026-08-02T22:41:06.996Z step:1]" stats="&{Timings:{EvalTotalTime:6.4e-05 ResultSortTime:2.92e-07 QueryPreparationTime:8.166e-06 InnerEvalTime:5.2083e-05 ExecQueueTime:9.16e-07 ExecTotalTime:6.6708e-05} Samples:0x1400151ac90}" spanID=0000000000000000
time=2026-08-02T15:41:44.996-07:00 level=DEBUG msg="Query returned data" test=archv2-parity tool=conduit-v1 collector=conduit type=conduit collector=conduit type=conduit name=msg-megabytes-in-per-second[archv2-parity] series-count=1 last-value=0.8251266479492188
time=2026-08-02T15:41:44.996-07:00 level=DEBUG msg="promql query logged" test=archv2-parity tool=conduit-v1 collector=conduit type=conduit collector=conduit type=conduit params="map[end:2026-08-02T22:41:44.996Z query:rate(conduit_connector_bytes_sum{pipeline_name=\"archv2-parity\",type=\"destination\"}[2s])/1048576 start:2026-08-02T22:41:06.996Z step:1]" stats="&{Timings:{EvalTotalTime:4.375e-05 ResultSortTime:1.25e-07 QueryPreparationTime:4.708e-06 InnerEvalTime:3.5958e-05 ExecQueueTime:6.67e-07 ExecTotalTime:4.575e-05} Samples:0x1400151b2f0}" spanID=0000000000000000
time=2026-08-02T15:41:44.996-07:00 level=DEBUG msg="Query returned data" test=archv2-parity tool=conduit-v1 collector=conduit type=conduit collector=conduit type=conduit name=msg-megabytes-out-per-second[archv2-parity] series-count=1 last-value=0.8251266479492188
time=2026-08-02T15:41:45.076-07:00 level=DEBUG msg="Inspecting container" model=container-monitor name=benchi-conduit
time=2026-08-02T15:41:45.581-07:00 level=DEBUG msg="Inspecting container" model=container-monitor name=benchi-conduit
time=2026-08-02T15:41:45.996-07:00 level=DEBUG msg="promql query logged" test=archv2-parity tool=conduit-v1 collector=conduit type=conduit collector=conduit type=conduit params="map[end:2026-08-02T22:41:45.996Z query:rate(conduit_pipeline_execution_duration_seconds_count{pipeline_name=\"archv2-parity\"}[2s]) start:2026-08-02T22:41:06.996Z step:1]" stats="&{Timings:{EvalTotalTime:6.3e-05 ResultSortTime:3.75e-07 QueryPreparationTime:1.5791e-05 InnerEvalTime:4.2125e-05 ExecQueueTime:2.459e-06 ExecTotalTime:6.7375e-05} Samples:0x140015972c0}" spanID=0000000000000000
time=2026-08-02T15:41:45.996-07:00 level=DEBUG msg="Query returned data" test=archv2-parity tool=conduit-v1 collector=conduit type=conduit collector=conduit type=conduit name=msg-rate-per-second[archv2-parity] series-count=1 last-value=30708
time=2026-08-02T15:41:45.996-07:00 level=DEBUG msg="promql query logged" test=archv2-parity tool=conduit-v1 collector=conduit type=conduit collector=conduit type=conduit params="map[end:2026-08-02T22:41:45.996Z query:rate(conduit_connector_bytes_sum{pipeline_name=\"archv2-parity\",type=\"source\"}[2s])/1048576 start:2026-08-02T22:41:06.996Z step:1]" stats="&{Timings:{EvalTotalTime:5.425e-05 ResultSortTime:1.25e-07 QueryPreparationTime:6.5e-06 InnerEvalTime:4.4708e-05 ExecQueueTime:8.34e-07 ExecTotalTime:5.6667e-05} Samples:0x14001597950}" spanID=0000000000000000
time=2026-08-02T15:41:45.996-07:00 level=DEBUG msg="Query returned data" test=archv2-parity tool=conduit-v1 collector=conduit type=conduit collector=conduit type=conduit name=msg-megabytes-in-per-second[archv2-parity] series-count=1 last-value=0.8675575256347656
time=2026-08-02T15:41:45.996-07:00 level=DEBUG msg="promql query logged" test=archv2-parity tool=conduit-v1 collector=conduit type=conduit collector=conduit type=conduit params="map[end:2026-08-02T22:41:45.996Z query:rate(conduit_connector_bytes_sum{pipeline_name=\"archv2-parity\",type=\"destination\"}[2s])/1048576 start:2026-08-02T22:41:06.996Z step:1]" stats="&{Timings:{EvalTotalTime:4.4417e-05 ResultSortTime:1.66e-07 QueryPreparationTime:5.5e-06 InnerEvalTime:3.6042e-05 ExecQueueTime:7.91e-07 ExecTotalTime:4.6541e-05} Samples:0x140015dc030}" spanID=0000000000000000
time=2026-08-02T15:41:45.996-07:00 level=DEBUG msg="Query returned data" test=archv2-parity tool=conduit-v1 collector=conduit type=conduit collector=conduit type=conduit name=msg-megabytes-out-per-second[archv2-parity] series-count=1 last-value=0.8675575256347656
time=2026-08-02T15:41:46.086-07:00 level=DEBUG msg="Inspecting container" model=container-monitor name=benchi-conduit
time=2026-08-02T15:41:46.590-07:00 level=DEBUG msg="Inspecting container" model=container-monitor name=benchi-conduit
time=2026-08-02T15:41:46.997-07:00 level=INFO msg="Test in progress" test=archv2-parity tool=conduit-v1 step=test time-left=20s
time=2026-08-02T15:41:46.998-07:00 level=DEBUG msg="promql query logged" test=archv2-parity tool=conduit-v1 collector=conduit type=conduit collector=conduit type=conduit params="map[end:2026-08-02T22:41:46.998Z query:rate(conduit_pipeline_execution_duration_seconds_count{pipeline_name=\"archv2-parity\"}[2s]) start:2026-08-02T22:41:06.996Z step:1]" stats="&{Timings:{EvalTotalTime:5.2042e-05 ResultSortTime:2.92e-07 QueryPreparationTime:1.4208e-05 InnerEvalTime:3.3e-05 ExecQueueTime:2.125e-06 ExecTotalTime:5.6292e-05} Samples:0x140015dd290}" spanID=0000000000000000
time=2026-08-02T15:41:46.998-07:00 level=DEBUG msg="Query returned data" test=archv2-parity tool=conduit-v1 collector=conduit type=conduit collector=conduit type=conduit name=msg-rate-per-second[archv2-parity] series-count=1 last-value=33873
time=2026-08-02T15:41:46.998-07:00 level=DEBUG msg="promql query logged" test=archv2-parity tool=conduit-v1 collector=conduit type=conduit collector=conduit type=conduit params="map[end:2026-08-02T22:41:46.998Z query:rate(conduit_connector_bytes_sum{pipeline_name=\"archv2-parity\",type=\"source\"}[2s])/1048576 start:2026-08-02T22:41:06.996Z step:1]" stats="&{Timings:{EvalTotalTime:5.45e-05 ResultSortTime:2.08e-07 QueryPreparationTime:6e-06 InnerEvalTime:4.5375e-05 ExecQueueTime:8.32e-07 ExecTotalTime:5.6833e-05} Samples:0x140015dd8f0}" spanID=0000000000000000
time=2026-08-02T15:41:46.998-07:00 level=DEBUG msg="Query returned data" test=archv2-parity tool=conduit-v1 collector=conduit type=conduit collector=conduit type=conduit name=msg-megabytes-in-per-second[archv2-parity] series-count=1 last-value=0.9556636810302734
time=2026-08-02T15:41:46.998-07:00 level=DEBUG msg="promql query logged" test=archv2-parity tool=conduit-v1 collector=conduit type=conduit collector=conduit type=conduit params="map[end:2026-08-02T22:41:46.998Z query:rate(conduit_connector_bytes_sum{pipeline_name=\"archv2-parity\",type=\"destination\"}[2s])/1048576 start:2026-08-02T22:41:06.996Z step:1]" stats="&{Timings:{EvalTotalTime:4.2708e-05 ResultSortTime:1.25e-07 QueryPreparationTime:4.084e-06 InnerEvalTime:3.5792e-05 ExecQueueTime:6.25e-07 ExecTotalTime:4.4709e-05} Samples:0x140015ddf50}" spanID=0000000000000000
time=2026-08-02T15:41:46.998-07:00 level=DEBUG msg="Query returned data" test=archv2-parity tool=conduit-v1 collector=conduit type=conduit collector=conduit type=conduit name=msg-megabytes-out-per-second[archv2-parity] series-count=1 last-value=0.9556636810302734
time=2026-08-02T15:41:47.097-07:00 level=DEBUG msg="Inspecting container" model=container-monitor name=benchi-conduit
time=2026-08-02T15:41:47.612-07:00 level=DEBUG msg="Inspecting container" model=container-monitor name=benchi-conduit
time=2026-08-02T15:41:47.998-07:00 level=DEBUG msg="promql query logged" test=archv2-parity tool=conduit-v1 collector=conduit type=conduit collector=conduit type=conduit params="map[end:2026-08-02T22:41:47.998Z query:rate(conduit_pipeline_execution_duration_seconds_count{pipeline_name=\"archv2-parity\"}[2s]) start:2026-08-02T22:41:06.996Z step:1]" stats="&{Timings:{EvalTotalTime:5.6791e-05 ResultSortTime:5e-07 QueryPreparationTime:1.5334e-05 InnerEvalTime:3.5666e-05 ExecQueueTime:3.042e-06 ExecTotalTime:6.2208e-05} Samples:0x140016ff0b0}" spanID=0000000000000000
time=2026-08-02T15:41:47.998-07:00 level=DEBUG msg="Query returned data" test=archv2-parity tool=conduit-v1 collector=conduit type=conduit collector=conduit type=conduit name=msg-rate-per-second[archv2-parity] series-count=1 last-value=30540.378863409773
time=2026-08-02T15:41:47.998-07:00 level=DEBUG msg="promql query logged" test=archv2-parity tool=conduit-v1 collector=conduit type=conduit collector=conduit type=conduit params="map[end:2026-08-02T22:41:47.998Z query:rate(conduit_connector_bytes_sum{pipeline_name=\"archv2-parity\",type=\"source\"}[2s])/1048576 start:2026-08-02T22:41:06.996Z step:1]" stats="&{Timings:{EvalTotalTime:8.4833e-05 ResultSortTime:1.67e-07 QueryPreparationTime:7.666e-06 InnerEvalTime:7.3417e-05 ExecQueueTime:8.34e-07 ExecTotalTime:8.7625e-05} Samples:0x140016ff770}" spanID=0000000000000000
time=2026-08-02T15:41:47.998-07:00 level=DEBUG msg="Query returned data" test=archv2-parity tool=conduit-v1 collector=conduit type=conduit collector=conduit type=conduit name=msg-megabytes-in-per-second[archv2-parity] series-count=1 last-value=0.8615339741274225
time=2026-08-02T15:41:47.998-07:00 level=DEBUG msg="promql query logged" test=archv2-parity tool=conduit-v1 collector=conduit type=conduit collector=conduit type=conduit params="map[end:2026-08-02T22:41:47.998Z query:rate(conduit_connector_bytes_sum{pipeline_name=\"archv2-parity\",type=\"destination\"}[2s])/1048576 start:2026-08-02T22:41:06.996Z step:1]" stats="&{Timings:{EvalTotalTime:4.6458e-05 ResultSortTime:2.08e-07 QueryPreparationTime:4.792e-06 InnerEvalTime:3.7458e-05 ExecQueueTime:7.08e-07 ExecTotalTime:4.85e-05} Samples:0x140016ffdd0}" spanID=0000000000000000
time=2026-08-02T15:41:47.998-07:00 level=DEBUG msg="Query returned data" test=archv2-parity tool=conduit-v1 collector=conduit type=conduit collector=conduit type=conduit name=msg-megabytes-out-per-second[archv2-parity] series-count=1 last-value=0.8615339741274225
time=2026-08-02T15:41:48.116-07:00 level=DEBUG msg="Inspecting container" model=container-monitor name=benchi-conduit
time=2026-08-02T15:41:48.623-07:00 level=DEBUG msg="Inspecting container" model=container-monitor name=benchi-conduit
time=2026-08-02T15:41:48.997-07:00 level=DEBUG msg="promql query logged" test=archv2-parity tool=conduit-v1 collector=conduit type=conduit collector=conduit type=conduit params="map[end:2026-08-02T22:41:48.997Z query:rate(conduit_pipeline_execution_duration_seconds_count{pipeline_name=\"archv2-parity\"}[2s]) start:2026-08-02T22:41:06.996Z step:1]" stats="&{Timings:{EvalTotalTime:5.8083e-05 ResultSortTime:5e-07 QueryPreparationTime:1.6208e-05 InnerEvalTime:3.6542e-05 ExecQueueTime:2.375e-06 ExecTotalTime:6.225e-05} Samples:0x140010077a0}" spanID=0000000000000000
time=2026-08-02T15:41:48.997-07:00 level=DEBUG msg="Query returned data" test=archv2-parity tool=conduit-v1 collector=conduit type=conduit collector=conduit type=conduit name=msg-rate-per-second[archv2-parity] series-count=1 last-value=29395.18555667001
time=2026-08-02T15:41:48.997-07:00 level=DEBUG msg="promql query logged" test=archv2-parity tool=conduit-v1 collector=conduit type=conduit collector=conduit type=conduit params="map[end:2026-08-02T22:41:48.997Z query:rate(conduit_connector_bytes_sum{pipeline_name=\"archv2-parity\",type=\"source\"}[2s])/1048576 start:2026-08-02T22:41:06.996Z step:1]" stats="&{Timings:{EvalTotalTime:5.95e-05 ResultSortTime:2.5e-07 QueryPreparationTime:8.042e-06 InnerEvalTime:4.7666e-05 ExecQueueTime:2.124e-06 ExecTotalTime:6.3542e-05} Samples:0x140010868d0}" spanID=0000000000000000
time=2026-08-02T15:41:48.997-07:00 level=DEBUG msg="Query returned data" test=archv2-parity tool=conduit-v1 collector=conduit type=conduit collector=conduit type=conduit name=msg-megabytes-in-per-second[archv2-parity] series-count=1 last-value=0.8296842202021102
time=2026-08-02T15:41:48.998-07:00 level=DEBUG msg="promql query logged" test=archv2-parity tool=conduit-v1 collector=conduit type=conduit collector=conduit type=conduit params="map[end:2026-08-02T22:41:48.997Z query:rate(conduit_connector_bytes_sum{pipeline_name=\"archv2-parity\",type=\"destination\"}[2s])/1048576 start:2026-08-02T22:41:06.996Z step:1]" stats="&{Timings:{EvalTotalTime:4.6042e-05 ResultSortTime:1.25e-07 QueryPreparationTime:4.833e-06 InnerEvalTime:3.8375e-05 ExecQueueTime:7.5e-07 ExecTotalTime:4.825e-05} Samples:0x140010876b0}" spanID=0000000000000000
time=2026-08-02T15:41:48.998-07:00 level=DEBUG msg="Query returned data" test=archv2-parity tool=conduit-v1 collector=conduit type=conduit collector=conduit type=conduit name=msg-megabytes-out-per-second[archv2-parity] series-count=1 last-value=0.8296842202021102
time=2026-08-02T15:41:49.130-07:00 level=DEBUG msg="Inspecting container" model=container-monitor name=benchi-conduit
time=2026-08-02T15:41:49.637-07:00 level=DEBUG msg="Inspecting container" model=container-monitor name=benchi-conduit
time=2026-08-02T15:41:49.997-07:00 level=DEBUG msg="promql query logged" test=archv2-parity tool=conduit-v1 collector=conduit type=conduit collector=conduit type=conduit params="map[end:2026-08-02T22:41:49.997Z query:rate(conduit_pipeline_execution_duration_seconds_count{pipeline_name=\"archv2-parity\"}[2s]) start:2026-08-02T22:41:06.996Z step:1]" stats="&{Timings:{EvalTotalTime:5.1916e-05 ResultSortTime:3.75e-07 QueryPreparationTime:1.3417e-05 InnerEvalTime:3.325e-05 ExecQueueTime:2.084e-06 ExecTotalTime:5.6375e-05} Samples:0x14001087f50}" spanID=0000000000000000
time=2026-08-02T15:41:49.997-07:00 level=DEBUG msg="Query returned data" test=archv2-parity tool=conduit-v1 collector=conduit type=conduit collector=conduit type=conduit name=msg-rate-per-second[archv2-parity] series-count=1 last-value=27413
time=2026-08-02T15:41:49.997-07:00 level=DEBUG msg="promql query logged" test=archv2-parity tool=conduit-v1 collector=conduit type=conduit collector=conduit type=conduit params="map[end:2026-08-02T22:41:49.997Z query:rate(conduit_connector_bytes_sum{pipeline_name=\"archv2-parity\",type=\"source\"}[2s])/1048576 start:2026-08-02T22:41:06.996Z step:1]" stats="&{Timings:{EvalTotalTime:5.95e-05 ResultSortTime:1.25e-07 QueryPreparationTime:7e-06 InnerEvalTime:4.8208e-05 ExecQueueTime:8.34e-07 ExecTotalTime:6.1667e-05} Samples:0x140009c2630}" spanID=0000000000000000
time=2026-08-02T15:41:49.997-07:00 level=DEBUG msg="Query returned data" test=archv2-parity tool=conduit-v1 collector=conduit type=conduit collector=conduit type=conduit name=msg-megabytes-in-per-second[archv2-parity] series-count=1 last-value=0.7751665115356445
time=2026-08-02T15:41:49.997-07:00 level=DEBUG msg="promql query logged" test=archv2-parity tool=conduit-v1 collector=conduit type=conduit collector=conduit type=conduit params="map[end:2026-08-02T22:41:49.997Z query:rate(conduit_connector_bytes_sum{pipeline_name=\"archv2-parity\",type=\"destination\"}[2s])/1048576 start:2026-08-02T22:41:06.996Z step:1]" stats="&{Timings:{EvalTotalTime:4.7209e-05 ResultSortTime:1.67e-07 QueryPreparationTime:4.541e-06 InnerEvalTime:3.95e-05 ExecQueueTime:6.66e-07 ExecTotalTime:4.9875e-05} Samples:0x140009c2c90}" spanID=0000000000000000
time=2026-08-02T15:41:49.997-07:00 level=DEBUG msg="Query returned data" test=archv2-parity tool=conduit-v1 collector=conduit type=conduit collector=conduit type=conduit name=msg-megabytes-out-per-second[archv2-parity] series-count=1 last-value=0.7751665115356445
time=2026-08-02T15:41:50.145-07:00 level=DEBUG msg="Inspecting container" model=container-monitor name=benchi-conduit
time=2026-08-02T15:41:50.654-07:00 level=DEBUG msg="Inspecting container" model=container-monitor name=benchi-conduit
time=2026-08-02T15:41:50.996-07:00 level=DEBUG msg="promql query logged" test=archv2-parity tool=conduit-v1 collector=conduit type=conduit collector=conduit type=conduit params="map[end:2026-08-02T22:41:50.996Z query:rate(conduit_pipeline_execution_duration_seconds_count{pipeline_name=\"archv2-parity\"}[2s]) start:2026-08-02T22:41:06.996Z step:1]" stats="&{Timings:{EvalTotalTime:5.3458e-05 ResultSortTime:2.5e-07 QueryPreparationTime:1.3875e-05 InnerEvalTime:3.4667e-05 ExecQueueTime:2.625e-06 ExecTotalTime:5.825e-05} Samples:0x140017285d0}" spanID=0000000000000000
time=2026-08-02T15:41:50.996-07:00 level=DEBUG msg="Query returned data" test=archv2-parity tool=conduit-v1 collector=conduit type=conduit collector=conduit type=conduit name=msg-rate-per-second[archv2-parity] series-count=1 last-value=28062
time=2026-08-02T15:41:50.996-07:00 level=DEBUG msg="promql query logged" test=archv2-parity tool=conduit-v1 collector=conduit type=conduit collector=conduit type=conduit params="map[end:2026-08-02T22:41:50.996Z query:rate(conduit_connector_bytes_sum{pipeline_name=\"archv2-parity\",type=\"source\"}[2s])/1048576 start:2026-08-02T22:41:06.996Z step:1]" stats="&{Timings:{EvalTotalTime:6.2042e-05 ResultSortTime:2.92e-07 QueryPreparationTime:7.084e-06 InnerEvalTime:4.9e-05 ExecQueueTime:9.17e-07 ExecTotalTime:6.4416e-05} Samples:0x14001728c30}" spanID=0000000000000000
time=2026-08-02T15:41:50.996-07:00 level=DEBUG msg="Query returned data" test=archv2-parity tool=conduit-v1 collector=conduit type=conduit collector=conduit type=conduit name=msg-megabytes-in-per-second[archv2-parity] series-count=1 last-value=0.793309211730957
time=2026-08-02T15:41:50.996-07:00 level=DEBUG msg="promql query logged" test=archv2-parity tool=conduit-v1 collector=conduit type=conduit collector=conduit type=conduit params="map[end:2026-08-02T22:41:50.996Z query:rate(conduit_connector_bytes_sum{pipeline_name=\"archv2-parity\",type=\"destination\"}[2s])/1048576 start:2026-08-02T22:41:06.996Z step:1]" stats="&{Timings:{EvalTotalTime:4.8583e-05 ResultSortTime:1.25e-07 QueryPreparationTime:5.917e-06 InnerEvalTime:3.975e-05 ExecQueueTime:7.09e-07 ExecTotalTime:5.05e-05} Samples:0x14001729290}" spanID=0000000000000000
time=2026-08-02T15:41:50.996-07:00 level=DEBUG msg="Query returned data" test=archv2-parity tool=conduit-v1 collector=conduit type=conduit collector=conduit type=conduit name=msg-megabytes-out-per-second[archv2-parity] series-count=1 last-value=0.793339729309082
time=2026-08-02T15:41:51.159-07:00 level=DEBUG msg="Inspecting container" model=container-monitor name=benchi-conduit
time=2026-08-02T15:41:51.667-07:00 level=DEBUG msg="Inspecting container" model=container-monitor name=benchi-conduit
time=2026-08-02T15:41:51.996-07:00 level=INFO msg="Test in progress" test=archv2-parity tool=conduit-v1 step=test time-left=15s
time=2026-08-02T15:41:51.996-07:00 level=DEBUG msg="promql query logged" test=archv2-parity tool=conduit-v1 collector=conduit type=conduit collector=conduit type=conduit params="map[end:2026-08-02T22:41:51.996Z query:rate(conduit_pipeline_execution_duration_seconds_count{pipeline_name=\"archv2-parity\"}[2s]) start:2026-08-02T22:41:06.996Z step:1]" stats="&{Timings:{EvalTotalTime:5.1834e-05 ResultSortTime:3.75e-07 QueryPreparationTime:1.4375e-05 InnerEvalTime:3.2666e-05 ExecQueueTime:2.166e-06 ExecTotalTime:5.6334e-05} Samples:0x1400109c420}" spanID=0000000000000000
time=2026-08-02T15:41:51.996-07:00 level=DEBUG msg="Query returned data" test=archv2-parity tool=conduit-v1 collector=conduit type=conduit collector=conduit type=conduit name=msg-rate-per-second[archv2-parity] series-count=1 last-value=28045
time=2026-08-02T15:41:51.996-07:00 level=DEBUG msg="promql query logged" test=archv2-parity tool=conduit-v1 collector=conduit type=conduit collector=conduit type=conduit params="map[end:2026-08-02T22:41:51.996Z query:rate(conduit_connector_bytes_sum{pipeline_name=\"archv2-parity\",type=\"source\"}[2s])/1048576 start:2026-08-02T22:41:06.996Z step:1]" stats="&{Timings:{EvalTotalTime:5.5875e-05 ResultSortTime:1.67e-07 QueryPreparationTime:6.583e-06 InnerEvalTime:4.6291e-05 ExecQueueTime:8.32e-07 ExecTotalTime:5.8375e-05} Samples:0x1400109ca80}" spanID=0000000000000000
time=2026-08-02T15:41:51.996-07:00 level=DEBUG msg="Query returned data" test=archv2-parity tool=conduit-v1 collector=conduit type=conduit collector=conduit type=conduit name=msg-megabytes-in-per-second[archv2-parity] series-count=1 last-value=0.7913970947265625
time=2026-08-02T15:41:51.996-07:00 level=DEBUG msg="promql query logged" test=archv2-parity tool=conduit-v1 collector=conduit type=conduit collector=conduit type=conduit params="map[end:2026-08-02T22:41:51.996Z query:rate(conduit_connector_bytes_sum{pipeline_name=\"archv2-parity\",type=\"destination\"}[2s])/1048576 start:2026-08-02T22:41:06.996Z step:1]" stats="&{Timings:{EvalTotalTime:4.7459e-05 ResultSortTime:2.09e-07 QueryPreparationTime:4.458e-06 InnerEvalTime:3.9917e-05 ExecQueueTime:6.25e-07 ExecTotalTime:4.95e-05} Samples:0x1400109d110}" spanID=0000000000000000
time=2026-08-02T15:41:51.996-07:00 level=DEBUG msg="Query returned data" test=archv2-parity tool=conduit-v1 collector=conduit type=conduit collector=conduit type=conduit name=msg-megabytes-out-per-second[archv2-parity] series-count=1 last-value=0.7913665771484375
time=2026-08-02T15:41:52.181-07:00 level=DEBUG msg="Inspecting container" model=container-monitor name=benchi-conduit
time=2026-08-02T15:41:52.685-07:00 level=DEBUG msg="Inspecting container" model=container-monitor name=benchi-conduit
time=2026-08-02T15:41:52.996-07:00 level=DEBUG msg="promql query logged" test=archv2-parity tool=conduit-v1 collector=conduit type=conduit collector=conduit type=conduit params="map[end:2026-08-02T22:41:52.996Z query:rate(conduit_pipeline_execution_duration_seconds_count{pipeline_name=\"archv2-parity\"}[2s]) start:2026-08-02T22:41:06.996Z step:1]" stats="&{Timings:{EvalTotalTime:5.6041e-05 ResultSortTime:3.75e-07 QueryPreparationTime:1.5083e-05 InnerEvalTime:3.55e-05 ExecQueueTime:2.374e-06 ExecTotalTime:6.0875e-05} Samples:0x140013cfe00}" spanID=0000000000000000
time=2026-08-02T15:41:52.996-07:00 level=DEBUG msg="Query returned data" test=archv2-parity tool=conduit-v1 collector=conduit type=conduit collector=conduit type=conduit name=msg-rate-per-second[archv2-parity] series-count=1 last-value=28966
time=2026-08-02T15:41:52.996-07:00 level=DEBUG msg="promql query logged" test=archv2-parity tool=conduit-v1 collector=conduit type=conduit collector=conduit type=conduit params="map[end:2026-08-02T22:41:52.996Z query:rate(conduit_connector_bytes_sum{pipeline_name=\"archv2-parity\",type=\"source\"}[2s])/1048576 start:2026-08-02T22:41:06.996Z step:1]" stats="&{Timings:{EvalTotalTime:9.325e-05 ResultSortTime:2.92e-07 QueryPreparationTime:9.292e-06 InnerEvalTime:7.95e-05 ExecQueueTime:1.375e-06 ExecTotalTime:9.8042e-05} Samples:0x14001596510}" spanID=0000000000000000
time=2026-08-02T15:41:52.996-07:00 level=DEBUG msg="Query returned data" test=archv2-parity tool=conduit-v1 collector=conduit type=conduit collector=conduit type=conduit name=msg-megabytes-in-per-second[archv2-parity] series-count=1 last-value=0.8194122314453125
time=2026-08-02T15:41:52.996-07:00 level=DEBUG msg="promql query logged" test=archv2-parity tool=conduit-v1 collector=conduit type=conduit collector=conduit type=conduit params="map[end:2026-08-02T22:41:52.996Z query:rate(conduit_connector_bytes_sum{pipeline_name=\"archv2-parity\",type=\"destination\"}[2s])/1048576 start:2026-08-02T22:41:06.996Z step:1]" stats="&{Timings:{EvalTotalTime:5.275e-05 ResultSortTime:1.66e-07 QueryPreparationTime:5.25e-06 InnerEvalTime:4.4292e-05 ExecQueueTime:9.17e-07 ExecTotalTime:5.5083e-05} Samples:0x14001596b70}" spanID=0000000000000000
time=2026-08-02T15:41:52.996-07:00 level=DEBUG msg="Query returned data" test=archv2-parity tool=conduit-v1 collector=conduit type=conduit collector=conduit type=conduit name=msg-megabytes-out-per-second[archv2-parity] series-count=1 last-value=0.8194122314453125
time=2026-08-02T15:41:53.194-07:00 level=DEBUG msg="Inspecting container" model=container-monitor name=benchi-conduit
time=2026-08-02T15:41:53.700-07:00 level=DEBUG msg="Inspecting container" model=container-monitor name=benchi-conduit
time=2026-08-02T15:41:53.997-07:00 level=DEBUG msg="promql query logged" test=archv2-parity tool=conduit-v1 collector=conduit type=conduit collector=conduit type=conduit params="map[end:2026-08-02T22:41:53.997Z query:rate(conduit_pipeline_execution_duration_seconds_count{pipeline_name=\"archv2-parity\"}[2s]) start:2026-08-02T22:41:06.996Z step:1]" stats="&{Timings:{EvalTotalTime:5.7917e-05 ResultSortTime:3.34e-07 QueryPreparationTime:1.4417e-05 InnerEvalTime:3.7125e-05 ExecQueueTime:2.249e-06 ExecTotalTime:6.3125e-05} Samples:0x1400164cb10}" spanID=0000000000000000
time=2026-08-02T15:41:53.997-07:00 level=DEBUG msg="Query returned data" test=archv2-parity tool=conduit-v1 collector=conduit type=conduit collector=conduit type=conduit name=msg-rate-per-second[archv2-parity] series-count=1 last-value=29677.64471057884
time=2026-08-02T15:41:53.997-07:00 level=DEBUG msg="promql query logged" test=archv2-parity tool=conduit-v1 collector=conduit type=conduit collector=conduit type=conduit params="map[end:2026-08-02T22:41:53.997Z query:rate(conduit_connector_bytes_sum{pipeline_name=\"archv2-parity\",type=\"source\"}[2s])/1048576 start:2026-08-02T22:41:06.996Z step:1]" stats="&{Timings:{EvalTotalTime:6.2792e-05 ResultSortTime:3.34e-07 QueryPreparationTime:7.083e-06 InnerEvalTime:5.1584e-05 ExecQueueTime:1.125e-06 ExecTotalTime:6.5584e-05} Samples:0x1400164d170}" spanID=0000000000000000
time=2026-08-02T15:41:53.997-07:00 level=DEBUG msg="Query returned data" test=archv2-parity tool=conduit-v1 collector=conduit type=conduit collector=conduit type=conduit name=msg-megabytes-in-per-second[archv2-parity] series-count=1 last-value=0.8387165869067529
time=2026-08-02T15:41:53.997-07:00 level=DEBUG msg="promql query logged" test=archv2-parity tool=conduit-v1 collector=conduit type=conduit collector=conduit type=conduit params="map[end:2026-08-02T22:41:53.997Z query:rate(conduit_connector_bytes_sum{pipeline_name=\"archv2-parity\",type=\"destination\"}[2s])/1048576 start:2026-08-02T22:41:06.996Z step:1]" stats="&{Timings:{EvalTotalTime:5.1792e-05 ResultSortTime:2.08e-07 QueryPreparationTime:5e-06 InnerEvalTime:4.3834e-05 ExecQueueTime:7.92e-07 ExecTotalTime:5.3959e-05} Samples:0x1400164d7d0}" spanID=0000000000000000
time=2026-08-02T15:41:53.997-07:00 level=DEBUG msg="Query returned data" test=archv2-parity tool=conduit-v1 collector=conduit type=conduit collector=conduit type=conduit name=msg-megabytes-out-per-second[archv2-parity] series-count=1 last-value=0.8387165869067529
time=2026-08-02T15:41:54.211-07:00 level=DEBUG msg="Inspecting container" model=container-monitor name=benchi-conduit
time=2026-08-02T15:41:54.716-07:00 level=DEBUG msg="Inspecting container" model=container-monitor name=benchi-conduit
time=2026-08-02T15:41:54.998-07:00 level=DEBUG msg="promql query logged" test=archv2-parity tool=conduit-v1 collector=conduit type=conduit collector=conduit type=conduit params="map[end:2026-08-02T22:41:54.997Z query:rate(conduit_pipeline_execution_duration_seconds_count{pipeline_name=\"archv2-parity\"}[2s]) start:2026-08-02T22:41:06.996Z step:1]" stats="&{Timings:{EvalTotalTime:8.7083e-05 ResultSortTime:7.92e-07 QueryPreparationTime:2.3833e-05 InnerEvalTime:5.4625e-05 ExecQueueTime:4.084e-06 ExecTotalTime:9.5208e-05} Samples:0x1400106a6c0}" spanID=0000000000000000
time=2026-08-02T15:41:54.998-07:00 level=DEBUG msg="Query returned data" test=archv2-parity tool=conduit-v1 collector=conduit type=conduit collector=conduit type=conduit name=msg-rate-per-second[archv2-parity] series-count=1 last-value=30991.98396793587
time=2026-08-02T15:41:54.998-07:00 level=DEBUG msg="promql query logged" test=archv2-parity tool=conduit-v1 collector=conduit type=conduit collector=conduit type=conduit params="map[end:2026-08-02T22:41:54.998Z query:rate(conduit_connector_bytes_sum{pipeline_name=\"archv2-parity\",type=\"source\"}[2s])/1048576 start:2026-08-02T22:41:06.996Z step:1]" stats="&{Timings:{EvalTotalTime:9.5834e-05 ResultSortTime:4.58e-07 QueryPreparationTime:1.7458e-05 InnerEvalTime:7.225e-05 ExecQueueTime:3e-06 ExecTotalTime:0.000100583} Samples:0x1400106ad20}" spanID=0000000000000000
time=2026-08-02T15:41:54.998-07:00 level=DEBUG msg="Query returned data" test=archv2-parity tool=conduit-v1 collector=conduit type=conduit collector=conduit type=conduit name=msg-megabytes-in-per-second[archv2-parity] series-count=1 last-value=0.8759508152046279
time=2026-08-02T15:41:54.998-07:00 level=DEBUG msg="promql query logged" test=archv2-parity tool=conduit-v1 collector=conduit type=conduit collector=conduit type=conduit params="map[end:2026-08-02T22:41:54.998Z query:rate(conduit_connector_bytes_sum{pipeline_name=\"archv2-parity\",type=\"destination\"}[2s])/1048576 start:2026-08-02T22:41:06.996Z step:1]" stats="&{Timings:{EvalTotalTime:0.000107917 ResultSortTime:5e-07 QueryPreparationTime:1.0667e-05 InnerEvalTime:8.5083e-05 ExecQueueTime:1.708e-06 ExecTotalTime:0.000118125} Samples:0x1400106b380}" spanID=0000000000000000
time=2026-08-02T15:41:54.999-07:00 level=DEBUG msg="Query returned data" test=archv2-parity tool=conduit-v1 collector=conduit type=conduit collector=conduit type=conduit name=msg-megabytes-out-per-second[archv2-parity] series-count=1 last-value=0.8759508152046279
time=2026-08-02T15:41:55.221-07:00 level=DEBUG msg="Inspecting container" model=container-monitor name=benchi-conduit
time=2026-08-02T15:41:55.726-07:00 level=DEBUG msg="Inspecting container" model=container-monitor name=benchi-conduit
time=2026-08-02T15:41:55.996-07:00 level=DEBUG msg="promql query logged" test=archv2-parity tool=conduit-v1 collector=conduit type=conduit collector=conduit type=conduit params="map[end:2026-08-02T22:41:55.996Z query:rate(conduit_pipeline_execution_duration_seconds_count{pipeline_name=\"archv2-parity\"}[2s]) start:2026-08-02T22:41:06.996Z step:1]" stats="&{Timings:{EvalTotalTime:7.4417e-05 ResultSortTime:4.58e-07 QueryPreparationTime:1.8042e-05 InnerEvalTime:4.2791e-05 ExecQueueTime:3e-06 ExecTotalTime:8.0792e-05} Samples:0x14000fee540}" spanID=0000000000000000
time=2026-08-02T15:41:55.996-07:00 level=DEBUG msg="Query returned data" test=archv2-parity tool=conduit-v1 collector=conduit type=conduit collector=conduit type=conduit name=msg-rate-per-second[archv2-parity] series-count=1 last-value=29977
time=2026-08-02T15:41:55.996-07:00 level=DEBUG msg="promql query logged" test=archv2-parity tool=conduit-v1 collector=conduit type=conduit collector=conduit type=conduit params="map[end:2026-08-02T22:41:55.996Z query:rate(conduit_connector_bytes_sum{pipeline_name=\"archv2-parity\",type=\"source\"}[2s])/1048576 start:2026-08-02T22:41:06.996Z step:1]" stats="&{Timings:{EvalTotalTime:5.1292e-05 ResultSortTime:1.67e-07 QueryPreparationTime:8.584e-06 InnerEvalTime:4.0083e-05 ExecQueueTime:1.208e-06 ExecTotalTime:5.3791e-05} Samples:0x14000feeba0}" spanID=0000000000000000
time=2026-08-02T15:41:55.996-07:00 level=DEBUG msg="Query returned data" test=archv2-parity tool=conduit-v1 collector=conduit type=conduit collector=conduit type=conduit name=msg-megabytes-in-per-second[archv2-parity] series-count=1 last-value=0.8473129272460938
time=2026-08-02T15:41:55.996-07:00 level=DEBUG msg="promql query logged" test=archv2-parity tool=conduit-v1 collector=conduit type=conduit collector=conduit type=conduit params="map[end:2026-08-02T22:41:55.996Z query:rate(conduit_connector_bytes_sum{pipeline_name=\"archv2-parity\",type=\"destination\"}[2s])/1048576 start:2026-08-02T22:41:06.996Z step:1]" stats="&{Timings:{EvalTotalTime:3.0917e-05 ResultSortTime:8.3e-08 QueryPreparationTime:3e-06 InnerEvalTime:2.625e-05 ExecQueueTime:5e-07 ExecTotalTime:3.2292e-05} Samples:0x14000fef200}" spanID=0000000000000000
time=2026-08-02T15:41:55.996-07:00 level=DEBUG msg="Query returned data" test=archv2-parity tool=conduit-v1 collector=conduit type=conduit collector=conduit type=conduit name=msg-megabytes-out-per-second[archv2-parity] series-count=1 last-value=0.8473443984985352
time=2026-08-02T15:41:56.233-07:00 level=DEBUG msg="Inspecting container" model=container-monitor name=benchi-conduit
time=2026-08-02T15:41:56.745-07:00 level=DEBUG msg="Inspecting container" model=container-monitor name=benchi-conduit
time=2026-08-02T15:41:56.996-07:00 level=INFO msg="Test in progress" test=archv2-parity tool=conduit-v1 step=test time-left=10s
time=2026-08-02T15:41:56.996-07:00 level=DEBUG msg="promql query logged" test=archv2-parity tool=conduit-v1 collector=conduit type=conduit collector=conduit type=conduit params="map[end:2026-08-02T22:41:56.996Z query:rate(conduit_pipeline_execution_duration_seconds_count{pipeline_name=\"archv2-parity\"}[2s]) start:2026-08-02T22:41:06.996Z step:1]" stats="&{Timings:{EvalTotalTime:5.2708e-05 ResultSortTime:5e-07 QueryPreparationTime:1.4833e-05 InnerEvalTime:3.3291e-05 ExecQueueTime:2.125e-06 ExecTotalTime:5.6792e-05} Samples:0x1400135d410}" spanID=0000000000000000
time=2026-08-02T15:41:56.996-07:00 level=DEBUG msg="Query returned data" test=archv2-parity tool=conduit-v1 collector=conduit type=conduit collector=conduit type=conduit name=msg-rate-per-second[archv2-parity] series-count=1 last-value=29665
time=2026-08-02T15:41:56.996-07:00 level=DEBUG msg="promql query logged" test=archv2-parity tool=conduit-v1 collector=conduit type=conduit collector=conduit type=conduit params="map[end:2026-08-02T22:41:56.996Z query:rate(conduit_connector_bytes_sum{pipeline_name=\"archv2-parity\",type=\"source\"}[2s])/1048576 start:2026-08-02T22:41:06.996Z step:1]" stats="&{Timings:{EvalTotalTime:5.9209e-05 ResultSortTime:1.67e-07 QueryPreparationTime:5.666e-06 InnerEvalTime:5.0334e-05 ExecQueueTime:7.09e-07 ExecTotalTime:6.1291e-05} Samples:0x1400135da70}" spanID=0000000000000000
time=2026-08-02T15:41:56.996-07:00 level=DEBUG msg="Query returned data" test=archv2-parity tool=conduit-v1 collector=conduit type=conduit collector=conduit type=conduit name=msg-megabytes-in-per-second[archv2-parity] series-count=1 last-value=0.8401021957397461
time=2026-08-02T15:41:56.996-07:00 level=DEBUG msg="promql query logged" test=archv2-parity tool=conduit-v1 collector=conduit type=conduit collector=conduit type=conduit params="map[end:2026-08-02T22:41:56.996Z query:rate(conduit_connector_bytes_sum{pipeline_name=\"archv2-parity\",type=\"destination\"}[2s])/1048576 start:2026-08-02T22:41:06.996Z step:1]" stats="&{Timings:{EvalTotalTime:5.1542e-05 ResultSortTime:2.09e-07 QueryPreparationTime:4.041e-06 InnerEvalTime:4.4583e-05 ExecQueueTime:5.84e-07 ExecTotalTime:5.3417e-05} Samples:0x14001384150}" spanID=0000000000000000
time=2026-08-02T15:41:56.996-07:00 level=DEBUG msg="Query returned data" test=archv2-parity tool=conduit-v1 collector=conduit type=conduit collector=conduit type=conduit name=msg-megabytes-out-per-second[archv2-parity] series-count=1 last-value=0.8399887084960938
time=2026-08-02T15:41:57.260-07:00 level=DEBUG msg="Inspecting container" model=container-monitor name=benchi-conduit
time=2026-08-02T15:41:57.773-07:00 level=DEBUG msg="Inspecting container" model=container-monitor name=benchi-conduit
time=2026-08-02T15:41:57.996-07:00 level=DEBUG msg="promql query logged" test=archv2-parity tool=conduit-v1 collector=conduit type=conduit collector=conduit type=conduit params="map[end:2026-08-02T22:41:57.996Z query:rate(conduit_pipeline_execution_duration_seconds_count{pipeline_name=\"archv2-parity\"}[2s]) start:2026-08-02T22:41:06.996Z step:1]" stats="&{Timings:{EvalTotalTime:7.1834e-05 ResultSortTime:3.75e-07 QueryPreparationTime:2.0666e-05 InnerEvalTime:4.4292e-05 ExecQueueTime:3.291e-06 ExecTotalTime:7.8e-05} Samples:0x14001437a10}" spanID=0000000000000000
time=2026-08-02T15:41:57.996-07:00 level=DEBUG msg="Query returned data" test=archv2-parity tool=conduit-v1 collector=conduit type=conduit collector=conduit type=conduit name=msg-rate-per-second[archv2-parity] series-count=1 last-value=27308.38323353293
time=2026-08-02T15:41:57.996-07:00 level=DEBUG msg="promql query logged" test=archv2-parity tool=conduit-v1 collector=conduit type=conduit collector=conduit type=conduit params="map[end:2026-08-02T22:41:57.996Z query:rate(conduit_connector_bytes_sum{pipeline_name=\"archv2-parity\",type=\"source\"}[2s])/1048576 start:2026-08-02T22:41:06.996Z step:1]" stats="&{Timings:{EvalTotalTime:7.8e-05 ResultSortTime:3.33e-07 QueryPreparationTime:1.05e-05 InnerEvalTime:6.3042e-05 ExecQueueTime:1e-06 ExecTotalTime:8.1375e-05} Samples:0x140014640f0}" spanID=0000000000000000
time=2026-08-02T15:41:57.996-07:00 level=DEBUG msg="Query returned data" test=archv2-parity tool=conduit-v1 collector=conduit type=conduit collector=conduit type=conduit name=msg-megabytes-in-per-second[archv2-parity] series-count=1 last-value=0.7715605928036505
time=2026-08-02T15:41:57.997-07:00 level=DEBUG msg="promql query logged" test=archv2-parity tool=conduit-v1 collector=conduit type=conduit collector=conduit type=conduit params="map[end:2026-08-02T22:41:57.996Z query:rate(conduit_connector_bytes_sum{pipeline_name=\"archv2-parity\",type=\"destination\"}[2s])/1048576 start:2026-08-02T22:41:06.996Z step:1]" stats="&{Timings:{EvalTotalTime:6.2791e-05 ResultSortTime:2.08e-07 QueryPreparationTime:6.708e-06 InnerEvalTime:5.2458e-05 ExecQueueTime:1.167e-06 ExecTotalTime:6.5666e-05} Samples:0x14001464750}" spanID=0000000000000000
time=2026-08-02T15:41:57.997-07:00 level=DEBUG msg="Query returned data" test=archv2-parity tool=conduit-v1 collector=conduit type=conduit collector=conduit type=conduit name=msg-megabytes-out-per-second[archv2-parity] series-count=1 last-value=0.7716424450902881
time=2026-08-02T15:41:58.280-07:00 level=DEBUG msg="Inspecting container" model=container-monitor name=benchi-conduit
time=2026-08-02T15:41:58.787-07:00 level=DEBUG msg="Inspecting container" model=container-monitor name=benchi-conduit
time=2026-08-02T15:41:58.996-07:00 level=DEBUG msg="promql query logged" test=archv2-parity tool=conduit-v1 collector=conduit type=conduit collector=conduit type=conduit params="map[end:2026-08-02T22:41:58.996Z query:rate(conduit_pipeline_execution_duration_seconds_count{pipeline_name=\"archv2-parity\"}[2s]) start:2026-08-02T22:41:06.996Z step:1]" stats="&{Timings:{EvalTotalTime:0.000116834 ResultSortTime:1.75e-06 QueryPreparationTime:3.1166e-05 InnerEvalTime:7.4791e-05 ExecQueueTime:5.126e-06 ExecTotalTime:0.000125708} Samples:0x140012f57d0}" spanID=0000000000000000
time=2026-08-02T15:41:58.996-07:00 level=DEBUG msg="Query returned data" test=archv2-parity tool=conduit-v1 collector=conduit type=conduit collector=conduit type=conduit name=msg-rate-per-second[archv2-parity] series-count=1 last-value=29469.939879759517
time=2026-08-02T15:41:58.996-07:00 level=DEBUG msg="promql query logged" test=archv2-parity tool=conduit-v1 collector=conduit type=conduit collector=conduit type=conduit params="map[end:2026-08-02T22:41:58.996Z query:rate(conduit_connector_bytes_sum{pipeline_name=\"archv2-parity\",type=\"source\"}[2s])/1048576 start:2026-08-02T22:41:06.996Z step:1]" stats="&{Timings:{EvalTotalTime:0.00010175 ResultSortTime:4.58e-07 QueryPreparationTime:1.775e-05 InnerEvalTime:7.8125e-05 ExecQueueTime:1.792e-06 ExecTotalTime:0.000107541} Samples:0x140012f5e30}" spanID=0000000000000000
time=2026-08-02T15:41:58.996-07:00 level=DEBUG msg="Query returned data" test=archv2-parity tool=conduit-v1 collector=conduit type=conduit collector=conduit type=conduit name=msg-megabytes-in-per-second[archv2-parity] series-count=1 last-value=0.8340952152718522
time=2026-08-02T15:41:58.997-07:00 level=DEBUG msg="promql query logged" test=archv2-parity tool=conduit-v1 collector=conduit type=conduit collector=conduit type=conduit params="map[end:2026-08-02T22:41:58.996Z query:rate(conduit_connector_bytes_sum{pipeline_name=\"archv2-parity\",type=\"destination\"}[2s])/1048576 start:2026-08-02T22:41:06.996Z step:1]" stats="&{Timings:{EvalTotalTime:8.2417e-05 ResultSortTime:1.25e-07 QueryPreparationTime:1.175e-05 InnerEvalTime:6.5625e-05 ExecQueueTime:1.875e-06 ExecTotalTime:8.65e-05} Samples:0x1400149a510}" spanID=0000000000000000
time=2026-08-02T15:41:58.997-07:00 level=DEBUG msg="Query returned data" test=archv2-parity tool=conduit-v1 collector=conduit type=conduit collector=conduit type=conduit name=msg-megabytes-out-per-second[archv2-parity] series-count=1 last-value=0.8341171937380619
time=2026-08-02T15:41:59.297-07:00 level=DEBUG msg="Inspecting container" model=container-monitor name=benchi-conduit
time=2026-08-02T15:41:59.800-07:00 level=DEBUG msg="Inspecting container" model=container-monitor name=benchi-conduit
time=2026-08-02T15:41:59.996-07:00 level=DEBUG msg="promql query logged" test=archv2-parity tool=conduit-v1 collector=conduit type=conduit collector=conduit type=conduit params="map[end:2026-08-02T22:41:59.996Z query:rate(conduit_pipeline_execution_duration_seconds_count{pipeline_name=\"archv2-parity\"}[2s]) start:2026-08-02T22:41:06.996Z step:1]" stats="&{Timings:{EvalTotalTime:8.8583e-05 ResultSortTime:6.25e-07 QueryPreparationTime:2.4375e-05 InnerEvalTime:5.3709e-05 ExecQueueTime:3.499e-06 ExecTotalTime:9.525e-05} Samples:0x140015d2f90}" spanID=0000000000000000
time=2026-08-02T15:41:59.996-07:00 level=DEBUG msg="Query returned data" test=archv2-parity tool=conduit-v1 collector=conduit type=conduit collector=conduit type=conduit name=msg-rate-per-second[archv2-parity] series-count=1 last-value=29942
time=2026-08-02T15:41:59.996-07:00 level=DEBUG msg="promql query logged" test=archv2-parity tool=conduit-v1 collector=conduit type=conduit collector=conduit type=conduit params="map[end:2026-08-02T22:41:59.996Z query:rate(conduit_connector_bytes_sum{pipeline_name=\"archv2-parity\",type=\"source\"}[2s])/1048576 start:2026-08-02T22:41:06.996Z step:1]" stats="&{Timings:{EvalTotalTime:9.9125e-05 ResultSortTime:2.5e-07 QueryPreparationTime:1.6916e-05 InnerEvalTime:7.7416e-05 ExecQueueTime:2.084e-06 ExecTotalTime:0.000103041} Samples:0x140015d35f0}" spanID=0000000000000000
time=2026-08-02T15:41:59.996-07:00 level=DEBUG msg="Query returned data" test=archv2-parity tool=conduit-v1 collector=conduit type=conduit collector=conduit type=conduit name=msg-megabytes-in-per-second[archv2-parity] series-count=1 last-value=0.8468713760375977
time=2026-08-02T15:41:59.996-07:00 level=DEBUG msg="promql query logged" test=archv2-parity tool=conduit-v1 collector=conduit type=conduit collector=conduit type=conduit params="map[end:2026-08-02T22:41:59.996Z query:rate(conduit_connector_bytes_sum{pipeline_name=\"archv2-parity\",type=\"destination\"}[2s])/1048576 start:2026-08-02T22:41:06.996Z step:1]" stats="&{Timings:{EvalTotalTime:0.000141708 ResultSortTime:3.33e-07 QueryPreparationTime:5.9667e-05 InnerEvalTime:7.4416e-05 ExecQueueTime:8.75e-07 ExecTotalTime:0.000145375} Samples:0x140015d3c50}" spanID=0000000000000000
time=2026-08-02T15:41:59.997-07:00 level=DEBUG msg="Query returned data" test=archv2-parity tool=conduit-v1 collector=conduit type=conduit collector=conduit type=conduit name=msg-megabytes-out-per-second[archv2-parity] series-count=1 last-value=0.8468494415283203
time=2026-08-02T15:42:00.315-07:00 level=DEBUG msg="Inspecting container" model=container-monitor name=benchi-conduit
time=2026-08-02T15:42:00.831-07:00 level=DEBUG msg="Inspecting container" model=container-monitor name=benchi-conduit
time=2026-08-02T15:42:00.996-07:00 level=DEBUG msg="promql query logged" test=archv2-parity tool=conduit-v1 collector=conduit type=conduit collector=conduit type=conduit params="map[end:2026-08-02T22:42:00.996Z query:rate(conduit_pipeline_execution_duration_seconds_count{pipeline_name=\"archv2-parity\"}[2s]) start:2026-08-02T22:41:06.996Z step:1]" stats="&{Timings:{EvalTotalTime:0.00018325 ResultSortTime:8.34e-07 QueryPreparationTime:3.2875e-05 InnerEvalTime:0.000140375 ExecQueueTime:4.459e-06 ExecTotalTime:0.000191125} Samples:0x14001783470}" spanID=0000000000000000
time=2026-08-02T15:42:00.996-07:00 level=DEBUG msg="Query returned data" test=archv2-parity tool=conduit-v1 collector=conduit type=conduit collector=conduit type=conduit name=msg-rate-per-second[archv2-parity] series-count=1 last-value=24858
time=2026-08-02T15:42:00.996-07:00 level=DEBUG msg="promql query logged" test=archv2-parity tool=conduit-v1 collector=conduit type=conduit collector=conduit type=conduit params="map[end:2026-08-02T22:42:00.996Z query:rate(conduit_connector_bytes_sum{pipeline_name=\"archv2-parity\",type=\"source\"}[2s])/1048576 start:2026-08-02T22:41:06.996Z step:1]" stats="&{Timings:{EvalTotalTime:0.0001 ResultSortTime:3.75e-07 QueryPreparationTime:1.6083e-05 InnerEvalTime:7.9375e-05 ExecQueueTime:4.792e-06 ExecTotalTime:0.00010675} Samples:0x14001783ad0}" spanID=0000000000000000
time=2026-08-02T15:42:00.996-07:00 level=DEBUG msg="Query returned data" test=archv2-parity tool=conduit-v1 collector=conduit type=conduit collector=conduit type=conduit name=msg-megabytes-in-per-second[archv2-parity] series-count=1 last-value=0.7025203704833984
time=2026-08-02T15:42:00.996-07:00 level=DEBUG msg="promql query logged" test=archv2-parity tool=conduit-v1 collector=conduit type=conduit collector=conduit type=conduit params="map[end:2026-08-02T22:42:00.996Z query:rate(conduit_connector_bytes_sum{pipeline_name=\"archv2-parity\",type=\"destination\"}[2s])/1048576 start:2026-08-02T22:41:06.996Z step:1]" stats="&{Timings:{EvalTotalTime:0.000100542 ResultSortTime:1.25e-07 QueryPreparationTime:4.225e-05 InnerEvalTime:5.3958e-05 ExecQueueTime:7.09e-07 ExecTotalTime:0.00010275} Samples:0x140017c81b0}" spanID=0000000000000000
time=2026-08-02T15:42:00.996-07:00 level=DEBUG msg="Query returned data" test=archv2-parity tool=conduit-v1 collector=conduit type=conduit collector=conduit type=conduit name=msg-megabytes-out-per-second[archv2-parity] series-count=1 last-value=0.7025203704833984
time=2026-08-02T15:42:01.340-07:00 level=DEBUG msg="Inspecting container" model=container-monitor name=benchi-conduit
time=2026-08-02T15:42:01.854-07:00 level=DEBUG msg="Inspecting container" model=container-monitor name=benchi-conduit
time=2026-08-02T15:42:01.997-07:00 level=INFO msg="Test in progress" test=archv2-parity tool=conduit-v1 step=test time-left=5s
time=2026-08-02T15:42:01.997-07:00 level=DEBUG msg="promql query logged" test=archv2-parity tool=conduit-v1 collector=conduit type=conduit collector=conduit type=conduit params="map[end:2026-08-02T22:42:01.997Z query:rate(conduit_pipeline_execution_duration_seconds_count{pipeline_name=\"archv2-parity\"}[2s]) start:2026-08-02T22:41:06.996Z step:1]" stats="&{Timings:{EvalTotalTime:0.000110875 ResultSortTime:8.75e-07 QueryPreparationTime:3.1625e-05 InnerEvalTime:6.85e-05 ExecQueueTime:4.709e-06 ExecTotalTime:0.00012275} Samples:0x140014bb8f0}" spanID=0000000000000000
time=2026-08-02T15:42:01.997-07:00 level=DEBUG msg="Query returned data" test=archv2-parity tool=conduit-v1 collector=conduit type=conduit collector=conduit type=conduit name=msg-rate-per-second[archv2-parity] series-count=1 last-value=25462
time=2026-08-02T15:42:01.998-07:00 level=DEBUG msg="promql query logged" test=archv2-parity tool=conduit-v1 collector=conduit type=conduit collector=conduit type=conduit params="map[end:2026-08-02T22:42:01.997Z query:rate(conduit_connector_bytes_sum{pipeline_name=\"archv2-parity\",type=\"source\"}[2s])/1048576 start:2026-08-02T22:41:06.996Z step:1]" stats="&{Timings:{EvalTotalTime:0.000114792 ResultSortTime:5e-07 QueryPreparationTime:1.9208e-05 InnerEvalTime:8.575e-05 ExecQueueTime:1.542e-06 ExecTotalTime:0.000119125} Samples:0x140014bbf50}" spanID=0000000000000000
time=2026-08-02T15:42:01.998-07:00 level=DEBUG msg="Query returned data" test=archv2-parity tool=conduit-v1 collector=conduit type=conduit collector=conduit type=conduit name=msg-megabytes-in-per-second[archv2-parity] series-count=1 last-value=0.7198925018310547
time=2026-08-02T15:42:01.998-07:00 level=DEBUG msg="promql query logged" test=archv2-parity tool=conduit-v1 collector=conduit type=conduit collector=conduit type=conduit params="map[end:2026-08-02T22:42:01.998Z query:rate(conduit_connector_bytes_sum{pipeline_name=\"archv2-parity\",type=\"destination\"}[2s])/1048576 start:2026-08-02T22:41:06.996Z step:1]" stats="&{Timings:{EvalTotalTime:0.000105042 ResultSortTime:3.33e-07 QueryPreparationTime:1.05e-05 InnerEvalTime:8.9833e-05 ExecQueueTime:1.251e-06 ExecTotalTime:0.000108833} Samples:0x140014fe630}" spanID=0000000000000000
time=2026-08-02T15:42:01.998-07:00 level=DEBUG msg="Query returned data" test=archv2-parity tool=conduit-v1 collector=conduit type=conduit collector=conduit type=conduit name=msg-megabytes-out-per-second[archv2-parity] series-count=1 last-value=0.7198925018310547
time=2026-08-02T15:42:02.360-07:00 level=DEBUG msg="Inspecting container" model=container-monitor name=benchi-conduit
time=2026-08-02T15:42:02.868-07:00 level=DEBUG msg="Inspecting container" model=container-monitor name=benchi-conduit
time=2026-08-02T15:42:02.997-07:00 level=DEBUG msg="promql query logged" test=archv2-parity tool=conduit-v1 collector=conduit type=conduit collector=conduit type=conduit params="map[end:2026-08-02T22:42:02.997Z query:rate(conduit_pipeline_execution_duration_seconds_count{pipeline_name=\"archv2-parity\"}[2s]) start:2026-08-02T22:41:06.996Z step:1]" stats="&{Timings:{EvalTotalTime:5.7417e-05 ResultSortTime:3.75e-07 QueryPreparationTime:1.3833e-05 InnerEvalTime:3.8583e-05 ExecQueueTime:2.125e-06 ExecTotalTime:6.1583e-05} Samples:0x1400184e5a0}" spanID=0000000000000000
time=2026-08-02T15:42:02.997-07:00 level=DEBUG msg="Query returned data" test=archv2-parity tool=conduit-v1 collector=conduit type=conduit collector=conduit type=conduit name=msg-rate-per-second[archv2-parity] series-count=1 last-value=27976
time=2026-08-02T15:42:02.997-07:00 level=DEBUG msg="promql query logged" test=archv2-parity tool=conduit-v1 collector=conduit type=conduit collector=conduit type=conduit params="map[end:2026-08-02T22:42:02.997Z query:rate(conduit_connector_bytes_sum{pipeline_name=\"archv2-parity\",type=\"source\"}[2s])/1048576 start:2026-08-02T22:41:06.996Z step:1]" stats="&{Timings:{EvalTotalTime:9.2208e-05 ResultSortTime:2.92e-07 QueryPreparationTime:7.167e-06 InnerEvalTime:8.1375e-05 ExecQueueTime:8.75e-07 ExecTotalTime:9.4667e-05} Samples:0x1400184ec60}" spanID=0000000000000000
time=2026-08-02T15:42:02.997-07:00 level=DEBUG msg="Query returned data" test=archv2-parity tool=conduit-v1 collector=conduit type=conduit collector=conduit type=conduit name=msg-megabytes-in-per-second[archv2-parity] series-count=1 last-value=0.7898702621459961
time=2026-08-02T15:42:02.998-07:00 level=DEBUG msg="promql query logged" test=archv2-parity tool=conduit-v1 collector=conduit type=conduit collector=conduit type=conduit params="map[end:2026-08-02T22:42:02.997Z query:rate(conduit_connector_bytes_sum{pipeline_name=\"archv2-parity\",type=\"destination\"}[2s])/1048576 start:2026-08-02T22:41:06.996Z step:1]" stats="&{Timings:{EvalTotalTime:5.625e-05 ResultSortTime:2.09e-07 QueryPreparationTime:5.042e-06 InnerEvalTime:4.8167e-05 ExecQueueTime:7.5e-07 ExecTotalTime:5.8417e-05} Samples:0x1400184fc20}" spanID=0000000000000000
time=2026-08-02T15:42:02.998-07:00 level=DEBUG msg="Query returned data" test=archv2-parity tool=conduit-v1 collector=conduit type=conduit collector=conduit type=conduit name=msg-megabytes-out-per-second[archv2-parity] series-count=1 last-value=0.7898998260498047
time=2026-08-02T15:42:03.376-07:00 level=DEBUG msg="Inspecting container" model=container-monitor name=benchi-conduit
time=2026-08-02T15:42:03.883-07:00 level=DEBUG msg="Inspecting container" model=container-monitor name=benchi-conduit
time=2026-08-02T15:42:03.996-07:00 level=DEBUG msg="promql query logged" test=archv2-parity tool=conduit-v1 collector=conduit type=conduit collector=conduit type=conduit params="map[end:2026-08-02T22:42:03.996Z query:rate(conduit_pipeline_execution_duration_seconds_count{pipeline_name=\"archv2-parity\"}[2s]) start:2026-08-02T22:41:06.996Z step:1]" stats="&{Timings:{EvalTotalTime:0.000207416 ResultSortTime:1.5e-06 QueryPreparationTime:3.1709e-05 InnerEvalTime:0.000157917 ExecQueueTime:5.25e-06 ExecTotalTime:0.000217792} Samples:0x14000b814a0}" spanID=0000000000000000
time=2026-08-02T15:42:03.996-07:00 level=DEBUG msg="Query returned data" test=archv2-parity tool=conduit-v1 collector=conduit type=conduit collector=conduit type=conduit name=msg-rate-per-second[archv2-parity] series-count=1 last-value=28696
time=2026-08-02T15:42:03.997-07:00 level=DEBUG msg="promql query logged" test=archv2-parity tool=conduit-v1 collector=conduit type=conduit collector=conduit type=conduit params="map[end:2026-08-02T22:42:03.997Z query:rate(conduit_connector_bytes_sum{pipeline_name=\"archv2-parity\",type=\"source\"}[2s])/1048576 start:2026-08-02T22:41:06.996Z step:1]" stats="&{Timings:{EvalTotalTime:0.00013 ResultSortTime:3.33e-07 QueryPreparationTime:2.025e-05 InnerEvalTime:0.00010075 ExecQueueTime:2.083e-06 ExecTotalTime:0.000135916} Samples:0x14000b81b90}" spanID=0000000000000000
time=2026-08-02T15:42:03.997-07:00 level=DEBUG msg="Query returned data" test=archv2-parity tool=conduit-v1 collector=conduit type=conduit collector=conduit type=conduit name=msg-megabytes-in-per-second[archv2-parity] series-count=1 last-value=0.8112125396728516
time=2026-08-02T15:42:03.997-07:00 level=DEBUG msg="promql query logged" test=archv2-parity tool=conduit-v1 collector=conduit type=conduit collector=conduit type=conduit params="map[end:2026-08-02T22:42:03.997Z query:rate(conduit_connector_bytes_sum{pipeline_name=\"archv2-parity\",type=\"destination\"}[2s])/1048576 start:2026-08-02T22:41:06.996Z step:1]" stats="&{Timings:{EvalTotalTime:0.000143958 ResultSortTime:4.58e-07 QueryPreparationTime:1.0666e-05 InnerEvalTime:0.000124625 ExecQueueTime:1.376e-06 ExecTotalTime:0.000148542} Samples:0x14001086540}" spanID=0000000000000000
time=2026-08-02T15:42:03.997-07:00 level=DEBUG msg="Query returned data" test=archv2-parity tool=conduit-v1 collector=conduit type=conduit collector=conduit type=conduit name=msg-megabytes-out-per-second[archv2-parity] series-count=1 last-value=0.811244010925293
time=2026-08-02T15:42:04.388-07:00 level=DEBUG msg="Inspecting container" model=container-monitor name=benchi-conduit
time=2026-08-02T15:42:04.893-07:00 level=DEBUG msg="Inspecting container" model=container-monitor name=benchi-conduit
time=2026-08-02T15:42:04.996-07:00 level=DEBUG msg="promql query logged" test=archv2-parity tool=conduit-v1 collector=conduit type=conduit collector=conduit type=conduit params="map[end:2026-08-02T22:42:04.996Z query:rate(conduit_pipeline_execution_duration_seconds_count{pipeline_name=\"archv2-parity\"}[2s]) start:2026-08-02T22:41:06.996Z step:1]" stats="&{Timings:{EvalTotalTime:0.000102792 ResultSortTime:1e-06 QueryPreparationTime:3.075e-05 InnerEvalTime:6.4333e-05 ExecQueueTime:4.167e-06 ExecTotalTime:0.000110666} Samples:0x1400097efc0}" spanID=0000000000000000
time=2026-08-02T15:42:04.997-07:00 level=DEBUG msg="Query returned data" test=archv2-parity tool=conduit-v1 collector=conduit type=conduit collector=conduit type=conduit name=msg-rate-per-second[archv2-parity] series-count=1 last-value=28752
time=2026-08-02T15:42:04.997-07:00 level=DEBUG msg="promql query logged" test=archv2-parity tool=conduit-v1 collector=conduit type=conduit collector=conduit type=conduit params="map[end:2026-08-02T22:42:04.997Z query:rate(conduit_connector_bytes_sum{pipeline_name=\"archv2-parity\",type=\"source\"}[2s])/1048576 start:2026-08-02T22:41:06.996Z step:1]" stats="&{Timings:{EvalTotalTime:0.000310666 ResultSortTime:5e-07 QueryPreparationTime:1.1875e-05 InnerEvalTime:0.000294459 ExecQueueTime:9.59e-07 ExecTotalTime:0.000313041} Samples:0x1400097f680}" spanID=0000000000000000
time=2026-08-02T15:42:04.997-07:00 level=DEBUG msg="Query returned data" test=archv2-parity tool=conduit-v1 collector=conduit type=conduit collector=conduit type=conduit name=msg-megabytes-in-per-second[archv2-parity] series-count=1 last-value=0.8116426467895508
time=2026-08-02T15:42:04.997-07:00 level=DEBUG msg="promql query logged" test=archv2-parity tool=conduit-v1 collector=conduit type=conduit collector=conduit type=conduit params="map[end:2026-08-02T22:42:04.997Z query:rate(conduit_connector_bytes_sum{pipeline_name=\"archv2-parity\",type=\"destination\"}[2s])/1048576 start:2026-08-02T22:41:06.996Z step:1]" stats="&{Timings:{EvalTotalTime:3.7208e-05 ResultSortTime:4.2e-08 QueryPreparationTime:3.042e-06 InnerEvalTime:3.0792e-05 ExecQueueTime:4.58e-07 ExecTotalTime:3.8333e-05} Samples:0x140013ce0f0}" spanID=0000000000000000
time=2026-08-02T15:42:04.997-07:00 level=DEBUG msg="Query returned data" test=archv2-parity tool=conduit-v1 collector=conduit type=conduit collector=conduit type=conduit name=msg-megabytes-out-per-second[archv2-parity] series-count=1 last-value=0.8116426467895508
time=2026-08-02T15:42:05.403-07:00 level=DEBUG msg="Inspecting container" model=container-monitor name=benchi-conduit
time=2026-08-02T15:42:05.912-07:00 level=DEBUG msg="Inspecting container" model=container-monitor name=benchi-conduit
time=2026-08-02T15:42:05.997-07:00 level=DEBUG msg="promql query logged" test=archv2-parity tool=conduit-v1 collector=conduit type=conduit collector=conduit type=conduit params="map[end:2026-08-02T22:42:05.997Z query:rate(conduit_pipeline_execution_duration_seconds_count{pipeline_name=\"archv2-parity\"}[2s]) start:2026-08-02T22:41:06.996Z step:1]" stats="&{Timings:{EvalTotalTime:0.000107458 ResultSortTime:6.66e-07 QueryPreparationTime:3.2291e-05 InnerEvalTime:6.8292e-05 ExecQueueTime:3.542e-06 ExecTotalTime:0.0001145} Samples:0x140015d2f90}" spanID=0000000000000000
time=2026-08-02T15:42:05.997-07:00 level=DEBUG msg="Query returned data" test=archv2-parity tool=conduit-v1 collector=conduit type=conduit collector=conduit type=conduit name=msg-rate-per-second[archv2-parity] series-count=1 last-value=26988
time=2026-08-02T15:42:05.997-07:00 level=DEBUG msg="promql query logged" test=archv2-parity tool=conduit-v1 collector=conduit type=conduit collector=conduit type=conduit params="map[end:2026-08-02T22:42:05.997Z query:rate(conduit_connector_bytes_sum{pipeline_name=\"archv2-parity\",type=\"source\"}[2s])/1048576 start:2026-08-02T22:41:06.996Z step:1]" stats="&{Timings:{EvalTotalTime:0.000236917 ResultSortTime:5e-07 QueryPreparationTime:1.125e-05 InnerEvalTime:0.000218584 ExecQueueTime:1.292e-06 ExecTotalTime:0.000241584} Samples:0x140015d3620}" spanID=0000000000000000
time=2026-08-02T15:42:05.997-07:00 level=DEBUG msg="Query returned data" test=archv2-parity tool=conduit-v1 collector=conduit type=conduit collector=conduit type=conduit name=msg-megabytes-in-per-second[archv2-parity] series-count=1 last-value=0.7624053955078125
time=2026-08-02T15:42:05.998-07:00 level=DEBUG msg="promql query logged" test=archv2-parity tool=conduit-v1 collector=conduit type=conduit collector=conduit type=conduit params="map[end:2026-08-02T22:42:05.997Z query:rate(conduit_connector_bytes_sum{pipeline_name=\"archv2-parity\",type=\"destination\"}[2s])/1048576 start:2026-08-02T22:41:06.996Z step:1]" stats="&{Timings:{EvalTotalTime:0.000119125 ResultSortTime:5e-07 QueryPreparationTime:1.8625e-05 InnerEvalTime:9.4458e-05 ExecQueueTime:1.958e-06 ExecTotalTime:0.000122083} Samples:0x140015d3dd0}" spanID=0000000000000000
time=2026-08-02T15:42:05.998-07:00 level=DEBUG msg="Query returned data" test=archv2-parity tool=conduit-v1 collector=conduit type=conduit collector=conduit type=conduit name=msg-megabytes-out-per-second[archv2-parity] series-count=1 last-value=0.7623443603515625
time=2026-08-02T15:42:06.420-07:00 level=DEBUG msg="Inspecting container" model=container-monitor name=benchi-conduit
time=2026-08-02T15:42:06.926-07:00 level=DEBUG msg="Inspecting container" model=container-monitor name=benchi-conduit
time=2026-08-02T15:42:06.997-07:00 level=INFO msg="Test in progress" test=archv2-parity tool=conduit-v1 step=test time-left=0s
time=2026-08-02T15:42:06.998-07:00 level=DEBUG msg="promql query logged" test=archv2-parity tool=conduit-v1 collector=conduit type=conduit collector=conduit type=conduit params="map[end:2026-08-02T22:42:06.998Z query:rate(conduit_pipeline_execution_duration_seconds_count{pipeline_name=\"archv2-parity\"}[2s]) start:2026-08-02T22:41:06.996Z step:1]" stats="&{Timings:{EvalTotalTime:7.575e-05 ResultSortTime:6.25e-07 QueryPreparationTime:2.1584e-05 InnerEvalTime:4.8125e-05 ExecQueueTime:2.833e-06 ExecTotalTime:8.1084e-05} Samples:0x140014ffd10}" spanID=0000000000000000
time=2026-08-02T15:42:06.998-07:00 level=DEBUG msg="Query returned data" test=archv2-parity tool=conduit-v1 collector=conduit type=conduit collector=conduit type=conduit name=msg-rate-per-second[archv2-parity] series-count=1 last-value=30265.469061876247
time=2026-08-02T15:42:06.998-07:00 level=DEBUG msg="promql query logged" test=archv2-parity tool=conduit-v1 collector=conduit type=conduit collector=conduit type=conduit params="map[end:2026-08-02T22:42:06.998Z query:rate(conduit_connector_bytes_sum{pipeline_name=\"archv2-parity\",type=\"source\"}[2s])/1048576 start:2026-08-02T22:41:06.996Z step:1]" stats="&{Timings:{EvalTotalTime:8.1292e-05 ResultSortTime:4.17e-07 QueryPreparationTime:8.542e-06 InnerEvalTime:6.8458e-05 ExecQueueTime:8.76e-07 ExecTotalTime:8.6458e-05} Samples:0x14000f9a3f0}" spanID=0000000000000000
time=2026-08-02T15:42:06.998-07:00 level=DEBUG msg="Query returned data" test=archv2-parity tool=conduit-v1 collector=conduit type=conduit collector=conduit type=conduit name=msg-megabytes-in-per-second[archv2-parity] series-count=1 last-value=0.8559293613700333
time=2026-08-02T15:42:06.998-07:00 level=DEBUG msg="promql query logged" test=archv2-parity tool=conduit-v1 collector=conduit type=conduit collector=conduit type=conduit params="map[end:2026-08-02T22:42:06.998Z query:rate(conduit_connector_bytes_sum{pipeline_name=\"archv2-parity\",type=\"destination\"}[2s])/1048576 start:2026-08-02T22:41:06.996Z step:1]" stats="&{Timings:{EvalTotalTime:6.7e-05 ResultSortTime:3.75e-07 QueryPreparationTime:6.5e-06 InnerEvalTime:5.6916e-05 ExecQueueTime:8.75e-07 ExecTotalTime:6.9709e-05} Samples:0x14000f9aa50}" spanID=0000000000000000
time=2026-08-02T15:42:06.998-07:00 level=DEBUG msg="Query returned data" test=archv2-parity tool=conduit-v1 collector=conduit type=conduit collector=conduit type=conduit name=msg-megabytes-out-per-second[archv2-parity] series-count=1 last-value=0.8559569627225042
time=2026-08-02T15:42:07.435-07:00 level=DEBUG msg="Inspecting container" model=container-monitor name=benchi-conduit
time=2026-08-02T15:42:07.504-07:00 level=INFO msg="Step successful" test=archv2-parity tool=conduit-v1 step=test
time=2026-08-02T15:42:07.505-07:00 level=INFO msg="Running step" test=archv2-parity tool=conduit-v1 step=post-test
time=2026-08-02T15:42:07.505-07:00 level=INFO msg="Exporting metrics" test=archv2-parity tool=conduit-v1 step=post-test collector=docker path=/Users/devarisbrown/Code/projects/conduit/benchi/archv2-parity/results/r3/archv2-parity_conduit-v1/docker.csv
time=2026-08-02T15:42:07.506-07:00 level=INFO msg="Exporting metrics" test=archv2-parity tool=conduit-v1 step=post-test collector=conduit path=/Users/devarisbrown/Code/projects/conduit/benchi/archv2-parity/results/r3/archv2-parity_conduit-v1/conduit.csv
time=2026-08-02T15:42:07.509-07:00 level=DEBUG msg="Running hooks" test=archv2-parity tool=conduit-v1 step=post-test count=0
time=2026-08-02T15:42:07.509-07:00 level=INFO msg="Step successful" test=archv2-parity tool=conduit-v1 step=post-test
time=2026-08-02T15:42:07.509-07:00 level=INFO msg="Running step" test=archv2-parity tool=conduit-v1 step=pre-cleanup
time=2026-08-02T15:42:07.509-07:00 level=DEBUG msg="Running hooks" test=archv2-parity tool=conduit-v1 step=pre-cleanup count=0
time=2026-08-02T15:42:07.509-07:00 level=INFO msg="Step successful" test=archv2-parity tool=conduit-v1 step=pre-cleanup
time=2026-08-02T15:42:07.509-07:00 level=INFO msg="Running step" test=archv2-parity tool=conduit-v1 step=cleanup
time=2026-08-02T15:42:07.509-07:00 level=INFO msg="Stopping containers" test=archv2-parity tool=conduit-v1 step=tool
time=2026-08-02T15:42:07.510-07:00 level=DEBUG msg="Executing command" command="/usr/local/bin/docker compose -f ./tools/compose-conduit-v1.yml down"
time=2026-08-02T15:42:07.860-07:00 level=INFO msg="Step successful" test=archv2-parity tool=conduit-v1 step=cleanup
time=2026-08-02T15:42:07.861-07:00 level=INFO msg="Running step" test=archv2-parity tool=conduit-v1 step=post-cleanup
time=2026-08-02T15:42:07.861-07:00 level=DEBUG msg="Running hooks" test=archv2-parity tool=conduit-v1 step=post-cleanup count=0
time=2026-08-02T15:42:07.861-07:00 level=INFO msg="Step successful" test=archv2-parity tool=conduit-v1 step=post-cleanup
time=2026-08-02T15:42:07.861-07:00 level=INFO msg="Running step" test=archv2-parity tool=conduit-v2 step=pre-infrastructure
time=2026-08-02T15:42:07.861-07:00 level=INFO msg="Pulling docker images for tool containers" test=archv2-parity tool=conduit-v2 step=pre-infrastructure containers=[benchi-conduit]
time=2026-08-02T15:42:07.862-07:00 level=DEBUG msg="Executing command" command="/usr/local/bin/docker compose -f ./tools/compose-conduit-v2.yml pull"
time=2026-08-02T15:42:07.943-07:00 level=DEBUG msg="Inspecting container" model=container-monitor name=benchi-conduit
time=2026-08-02T15:42:07.946-07:00 level=DEBUG msg="Container not found" model=container-monitor name=benchi-conduit
time=2026-08-02T15:42:07.958-07:00 level=INFO msg="Pulling docker images for hooks" test=archv2-parity tool=conduit-v2 step=pre-infrastructure images=[]
time=2026-08-02T15:42:07.958-07:00 level=DEBUG msg="Running hooks" test=archv2-parity tool=conduit-v2 step=pre-infrastructure count=0
time=2026-08-02T15:42:07.958-07:00 level=INFO msg="Step successful" test=archv2-parity tool=conduit-v2 step=pre-infrastructure
time=2026-08-02T15:42:07.959-07:00 level=INFO msg="Running step" test=archv2-parity tool=conduit-v2 step=infrastructure
time=2026-08-02T15:42:07.959-07:00 level=INFO msg="No infrastructure to start" test=archv2-parity tool=conduit-v2 step=infrastructure
time=2026-08-02T15:42:07.959-07:00 level=INFO msg="Step successful" test=archv2-parity tool=conduit-v2 step=infrastructure
time=2026-08-02T15:42:07.959-07:00 level=INFO msg="Running step" test=archv2-parity tool=conduit-v2 step=post-infrastructure
time=2026-08-02T15:42:07.959-07:00 level=DEBUG msg="Running hooks" test=archv2-parity tool=conduit-v2 step=post-infrastructure count=0
time=2026-08-02T15:42:07.959-07:00 level=INFO msg="Step successful" test=archv2-parity tool=conduit-v2 step=post-infrastructure
time=2026-08-02T15:42:07.959-07:00 level=INFO msg="Running step" test=archv2-parity tool=conduit-v2 step=pre-tool
time=2026-08-02T15:42:07.959-07:00 level=DEBUG msg="Running hooks" test=archv2-parity tool=conduit-v2 step=pre-tool count=0
time=2026-08-02T15:42:07.959-07:00 level=INFO msg="Step successful" test=archv2-parity tool=conduit-v2 step=pre-tool
time=2026-08-02T15:42:07.959-07:00 level=INFO msg="Running step" test=archv2-parity tool=conduit-v2 step=tool
time=2026-08-02T15:42:07.959-07:00 level=INFO msg="Waiting for container status to be healthy" test=archv2-parity tool=conduit-v2 step=tool container=benchi-conduit status=N/A
time=2026-08-02T15:42:07.959-07:00 level=DEBUG msg="Executing command" command="/usr/local/bin/docker compose -f ./tools/compose-conduit-v2.yml up"
time=2026-08-02T15:42:08.361-07:00 level=DEBUG msg="Inspecting container" model=container-monitor name=benchi-conduit
time=2026-08-02T15:42:08.866-07:00 level=DEBUG msg="Inspecting container" model=container-monitor name=benchi-conduit
time=2026-08-02T15:42:08.972-07:00 level=DEBUG msg="Inspected container" test=archv2-parity tool=conduit-v2 step=tool container=benchi-conduit response="{ContainerJSONBase:0x140012929a0 Mounts:[{Type:bind Name: Source:/Users/devarisbrown/Code/projects/conduit/benchi/archv2-parity/pipeline.yml Destination:/app/pipelines/pipeline.yml Driver: Mode:rw RW:true Propagation:rprivate}] Config:0x1400017dcc0 NetworkSettings:0x140001ce700 ImageManifestDescriptor:<nil>}" state="{Status:running Running:true Paused:false Restarting:false OOMKilled:false Dead:false Pid:82083 ExitCode:0 Error: StartedAt:2026-08-02T22:42:08.148572424Z FinishedAt:0001-01-01T00:00:00Z Health:<nil>}"
time=2026-08-02T15:42:08.972-07:00 level=INFO msg="Container is running (consider adding a health check!)" test=archv2-parity tool=conduit-v2 step=tool container=/benchi-conduit
time=2026-08-02T15:42:08.972-07:00 level=INFO msg="Tools started" test=archv2-parity tool=conduit-v2 step=tool
time=2026-08-02T15:42:08.972-07:00 level=INFO msg="Step successful" test=archv2-parity tool=conduit-v2 step=tool
time=2026-08-02T15:42:08.972-07:00 level=INFO msg="Running step" test=archv2-parity tool=conduit-v2 step=post-tool
time=2026-08-02T15:42:08.972-07:00 level=DEBUG msg="Running hooks" test=archv2-parity tool=conduit-v2 step=post-tool count=0
time=2026-08-02T15:42:08.972-07:00 level=INFO msg="Step successful" test=archv2-parity tool=conduit-v2 step=post-tool
time=2026-08-02T15:42:08.973-07:00 level=INFO msg="Running step" test=archv2-parity tool=conduit-v2 step=pre-test
time=2026-08-02T15:42:08.973-07:00 level=DEBUG msg="Running hooks" test=archv2-parity tool=conduit-v2 step=pre-test count=0
time=2026-08-02T15:42:08.973-07:00 level=INFO msg="Step successful" test=archv2-parity tool=conduit-v2 step=pre-test
time=2026-08-02T15:42:08.973-07:00 level=INFO msg="Running step" test=archv2-parity tool=conduit-v2 step=test
time=2026-08-02T15:42:08.973-07:00 level=INFO msg="Running collector" test=archv2-parity tool=conduit-v2 step=test name=conduit type=conduit
time=2026-08-02T15:42:08.973-07:00 level=INFO msg="Running collector" test=archv2-parity tool=conduit-v2 step=test name=docker type=docker
time=2026-08-02T15:42:08.973-07:00 level=DEBUG msg="Collecting stats" test=archv2-parity tool=conduit-v2 collector=docker type=docker collector=docker type=docker container=benchi-conduit
time=2026-08-02T15:42:08.974-07:00 level=INFO msg="Test in progress" test=archv2-parity tool=conduit-v2 step=test time-left=1m0s
time=2026-08-02T15:42:09.371-07:00 level=DEBUG msg="Inspecting container" model=container-monitor name=benchi-conduit
time=2026-08-02T15:42:09.877-07:00 level=DEBUG msg="Inspecting container" model=container-monitor name=benchi-conduit
time=2026-08-02T15:42:09.974-07:00 level=DEBUG msg="promql query logged" test=archv2-parity tool=conduit-v2 collector=conduit type=conduit collector=conduit type=conduit params="map[end:2026-08-02T22:42:09.974Z query:rate(conduit_pipeline_execution_duration_seconds_count{pipeline_name=\"archv2-parity\"}[2s]) start:2026-08-02T22:42:08.973Z step:1]" stats="&{Timings:{EvalTotalTime:0.000102208 ResultSortTime:6.25e-07 QueryPreparationTime:1.7333e-05 InnerEvalTime:5.1958e-05 ExecQueueTime:2.707e-06 ExecTotalTime:0.000107834} Samples:0x140012d3890}" spanID=0000000000000000
time=2026-08-02T15:42:09.974-07:00 level=DEBUG msg="No data returned from query" test=archv2-parity tool=conduit-v2 collector=conduit type=conduit collector=conduit type=conduit
time=2026-08-02T15:42:09.974-07:00 level=DEBUG msg="promql query logged" test=archv2-parity tool=conduit-v2 collector=conduit type=conduit collector=conduit type=conduit params="map[end:2026-08-02T22:42:09.974Z query:rate(conduit_connector_bytes_sum{pipeline_name=\"archv2-parity\",type=\"source\"}[2s])/1048576 start:2026-08-02T22:42:08.973Z step:1]" stats="&{Timings:{EvalTotalTime:5.2584e-05 ResultSortTime:2.08e-07 QueryPreparationTime:7.166e-06 InnerEvalTime:4.2041e-05 ExecQueueTime:8.76e-07 ExecTotalTime:5.5e-05} Samples:0x140012d3ef0}" spanID=0000000000000000
time=2026-08-02T15:42:09.975-07:00 level=DEBUG msg="No data returned from query" test=archv2-parity tool=conduit-v2 collector=conduit type=conduit collector=conduit type=conduit
time=2026-08-02T15:42:09.975-07:00 level=DEBUG msg="promql query logged" test=archv2-parity tool=conduit-v2 collector=conduit type=conduit collector=conduit type=conduit params="map[end:2026-08-02T22:42:09.975Z query:rate(conduit_connector_bytes_sum{pipeline_name=\"archv2-parity\",type=\"destination\"}[2s])/1048576 start:2026-08-02T22:42:08.973Z step:1]" stats="&{Timings:{EvalTotalTime:1.7834e-05 ResultSortTime:1.25e-07 QueryPreparationTime:4.041e-06 InnerEvalTime:1.1125e-05 ExecQueueTime:7.91e-07 ExecTotalTime:1.975e-05} Samples:0x140013e85d0}" spanID=0000000000000000
time=2026-08-02T15:42:09.975-07:00 level=DEBUG msg="No data returned from query" test=archv2-parity tool=conduit-v2 collector=conduit type=conduit collector=conduit type=conduit
time=2026-08-02T15:42:10.389-07:00 level=DEBUG msg="Inspecting container" model=container-monitor name=benchi-conduit
time=2026-08-02T15:42:10.896-07:00 level=DEBUG msg="Inspecting container" model=container-monitor name=benchi-conduit
time=2026-08-02T15:42:10.974-07:00 level=DEBUG msg="promql query logged" test=archv2-parity tool=conduit-v2 collector=conduit type=conduit collector=conduit type=conduit params="map[end:2026-08-02T22:42:10.974Z query:rate(conduit_pipeline_execution_duration_seconds_count{pipeline_name=\"archv2-parity\"}[2s]) start:2026-08-02T22:42:08.973Z step:1]" stats="&{Timings:{EvalTotalTime:6.9084e-05 ResultSortTime:6.25e-07 QueryPreparationTime:3.0791e-05 InnerEvalTime:2.8875e-05 ExecQueueTime:2.5e-06 ExecTotalTime:7.4375e-05} Samples:0x140013e8a50}" spanID=0000000000000000
time=2026-08-02T15:42:10.974-07:00 level=DEBUG msg="Query returned data" test=archv2-parity tool=conduit-v2 collector=conduit type=conduit collector=conduit type=conduit name=msg-rate-per-second[archv2-parity] series-count=1 last-value=20553
time=2026-08-02T15:42:10.974-07:00 level=DEBUG msg="promql query logged" test=archv2-parity tool=conduit-v2 collector=conduit type=conduit collector=conduit type=conduit params="map[end:2026-08-02T22:42:10.974Z query:rate(conduit_connector_bytes_sum{pipeline_name=\"archv2-parity\",type=\"source\"}[2s])/1048576 start:2026-08-02T22:42:08.973Z step:1]" stats="&{Timings:{EvalTotalTime:4.8708e-05 ResultSortTime:2.5e-07 QueryPreparationTime:9.5e-06 InnerEvalTime:3.5125e-05 ExecQueueTime:1.459e-06 ExecTotalTime:5.2166e-05} Samples:0x140013e90b0}" spanID=0000000000000000
time=2026-08-02T15:42:10.974-07:00 level=DEBUG msg="Query returned data" test=archv2-parity tool=conduit-v2 collector=conduit type=conduit collector=conduit type=conduit name=msg-megabytes-in-per-second[archv2-parity] series-count=1 last-value=0.5805149078369141
time=2026-08-02T15:42:10.974-07:00 level=DEBUG msg="promql query logged" test=archv2-parity tool=conduit-v2 collector=conduit type=conduit collector=conduit type=conduit params="map[end:2026-08-02T22:42:10.974Z query:rate(conduit_connector_bytes_sum{pipeline_name=\"archv2-parity\",type=\"destination\"}[2s])/1048576 start:2026-08-02T22:42:08.973Z step:1]" stats="&{Timings:{EvalTotalTime:3.5e-05 ResultSortTime:2.5e-07 QueryPreparationTime:6.042e-06 InnerEvalTime:2.55e-05 ExecQueueTime:8.76e-07 ExecTotalTime:3.7541e-05} Samples:0x140013e9710}" spanID=0000000000000000
time=2026-08-02T15:42:10.975-07:00 level=DEBUG msg="Query returned data" test=archv2-parity tool=conduit-v2 collector=conduit type=conduit collector=conduit type=conduit name=msg-megabytes-out-per-second[archv2-parity] series-count=1 last-value=0.5805454254150391
time=2026-08-02T15:42:11.401-07:00 level=DEBUG msg="Inspecting container" model=container-monitor name=benchi-conduit
time=2026-08-02T15:42:11.907-07:00 level=DEBUG msg="Inspecting container" model=container-monitor name=benchi-conduit
time=2026-08-02T15:42:11.974-07:00 level=DEBUG msg="promql query logged" test=archv2-parity tool=conduit-v2 collector=conduit type=conduit collector=conduit type=conduit params="map[end:2026-08-02T22:42:11.974Z query:rate(conduit_pipeline_execution_duration_seconds_count{pipeline_name=\"archv2-parity\"}[2s]) start:2026-08-02T22:42:08.973Z step:1]" stats="&{Timings:{EvalTotalTime:7.7917e-05 ResultSortTime:4.59e-07 QueryPreparationTime:2.5417e-05 InnerEvalTime:4.4667e-05 ExecQueueTime:3.334e-06 ExecTotalTime:8.5e-05} Samples:0x14001473470}" spanID=0000000000000000
time=2026-08-02T15:42:11.974-07:00 level=DEBUG msg="Query returned data" test=archv2-parity tool=conduit-v2 collector=conduit type=conduit collector=conduit type=conduit name=msg-rate-per-second[archv2-parity] series-count=1 last-value=22487
time=2026-08-02T15:42:11.975-07:00 level=DEBUG msg="promql query logged" test=archv2-parity tool=conduit-v2 collector=conduit type=conduit collector=conduit type=conduit params="map[end:2026-08-02T22:42:11.975Z query:rate(conduit_connector_bytes_sum{pipeline_name=\"archv2-parity\",type=\"source\"}[2s])/1048576 start:2026-08-02T22:42:08.973Z step:1]" stats="&{Timings:{EvalTotalTime:5.2584e-05 ResultSortTime:2.5e-07 QueryPreparationTime:1.2708e-05 InnerEvalTime:3.5416e-05 ExecQueueTime:1.334e-06 ExecTotalTime:5.625e-05} Samples:0x14001473b00}" spanID=0000000000000000
time=2026-08-02T15:42:11.975-07:00 level=DEBUG msg="Query returned data" test=archv2-parity tool=conduit-v2 collector=conduit type=conduit collector=conduit type=conduit name=msg-megabytes-in-per-second[archv2-parity] series-count=1 last-value=0.6357431411743164
time=2026-08-02T15:42:11.975-07:00 level=DEBUG msg="promql query logged" test=archv2-parity tool=conduit-v2 collector=conduit type=conduit collector=conduit type=conduit params="map[end:2026-08-02T22:42:11.975Z query:rate(conduit_connector_bytes_sum{pipeline_name=\"archv2-parity\",type=\"destination\"}[2s])/1048576 start:2026-08-02T22:42:08.973Z step:1]" stats="&{Timings:{EvalTotalTime:3.6875e-05 ResultSortTime:2.08e-07 QueryPreparationTime:6.458e-06 InnerEvalTime:2.6791e-05 ExecQueueTime:8.34e-07 ExecTotalTime:3.9792e-05} Samples:0x140015721e0}" spanID=0000000000000000
time=2026-08-02T15:42:11.975-07:00 level=DEBUG msg="Query returned data" test=archv2-parity tool=conduit-v2 collector=conduit type=conduit collector=conduit type=conduit name=msg-megabytes-out-per-second[archv2-parity] series-count=1 last-value=0.6357145309448242
time=2026-08-02T15:42:12.414-07:00 level=DEBUG msg="Inspecting container" model=container-monitor name=benchi-conduit
time=2026-08-02T15:42:12.918-07:00 level=DEBUG msg="Inspecting container" model=container-monitor name=benchi-conduit
time=2026-08-02T15:42:12.976-07:00 level=DEBUG msg="promql query logged" test=archv2-parity tool=conduit-v2 collector=conduit type=conduit collector=conduit type=conduit params="map[end:2026-08-02T22:42:12.976Z query:rate(conduit_pipeline_execution_duration_seconds_count{pipeline_name=\"archv2-parity\"}[2s]) start:2026-08-02T22:42:08.973Z step:1]" stats="&{Timings:{EvalTotalTime:9.825e-05 ResultSortTime:9.16e-07 QueryPreparationTime:3.2208e-05 InnerEvalTime:5.8083e-05 ExecQueueTime:4.459e-06 ExecTotalTime:0.00010575} Samples:0x140015d86c0}" spanID=0000000000000000
time=2026-08-02T15:42:12.976-07:00 level=DEBUG msg="Query returned data" test=archv2-parity tool=conduit-v2 collector=conduit type=conduit collector=conduit type=conduit name=msg-rate-per-second[archv2-parity] series-count=1 last-value=20646
time=2026-08-02T15:42:12.976-07:00 level=DEBUG msg="promql query logged" test=archv2-parity tool=conduit-v2 collector=conduit type=conduit collector=conduit type=conduit params="map[end:2026-08-02T22:42:12.976Z query:rate(conduit_connector_bytes_sum{pipeline_name=\"archv2-parity\",type=\"source\"}[2s])/1048576 start:2026-08-02T22:42:08.973Z step:1]" stats="&{Timings:{EvalTotalTime:0.000102709 ResultSortTime:1.25e-07 QueryPreparationTime:5.4792e-05 InnerEvalTime:4.3625e-05 ExecQueueTime:8.33e-07 ExecTotalTime:0.000109083} Samples:0x140015d8d20}" spanID=0000000000000000
time=2026-08-02T15:42:12.976-07:00 level=DEBUG msg="Query returned data" test=archv2-parity tool=conduit-v2 collector=conduit type=conduit collector=conduit type=conduit name=msg-megabytes-in-per-second[archv2-parity] series-count=1 last-value=0.5838460922241211
time=2026-08-02T15:42:12.977-07:00 level=DEBUG msg="promql query logged" test=archv2-parity tool=conduit-v2 collector=conduit type=conduit collector=conduit type=conduit params="map[end:2026-08-02T22:42:12.976Z query:rate(conduit_connector_bytes_sum{pipeline_name=\"archv2-parity\",type=\"destination\"}[2s])/1048576 start:2026-08-02T22:42:08.973Z step:1]" stats="&{Timings:{EvalTotalTime:6.7166e-05 ResultSortTime:1.25e-07 QueryPreparationTime:5.083e-06 InnerEvalTime:5.9083e-05 ExecQueueTime:8.34e-07 ExecTotalTime:6.925e-05} Samples:0x140015d9380}" spanID=0000000000000000
time=2026-08-02T15:42:12.977-07:00 level=DEBUG msg="Query returned data" test=archv2-parity tool=conduit-v2 collector=conduit type=conduit collector=conduit type=conduit name=msg-megabytes-out-per-second[archv2-parity] series-count=1 last-value=0.5838441848754883
time=2026-08-02T15:42:13.427-07:00 level=DEBUG msg="Inspecting container" model=container-monitor name=benchi-conduit
time=2026-08-02T15:42:13.936-07:00 level=DEBUG msg="Inspecting container" model=container-monitor name=benchi-conduit
time=2026-08-02T15:42:13.976-07:00 level=INFO msg="Test in progress" test=archv2-parity tool=conduit-v2 step=test time-left=55s
time=2026-08-02T15:42:13.977-07:00 level=DEBUG msg="promql query logged" test=archv2-parity tool=conduit-v2 collector=conduit type=conduit collector=conduit type=conduit params="map[end:2026-08-02T22:42:13.976Z query:rate(conduit_pipeline_execution_duration_seconds_count{pipeline_name=\"archv2-parity\"}[2s]) start:2026-08-02T22:42:08.973Z step:1]" stats="&{Timings:{EvalTotalTime:0.00111975 ResultSortTime:7.08e-07 QueryPreparationTime:1.5e-05 InnerEvalTime:0.001095042 ExecQueueTime:1.918e-06 ExecTotalTime:0.001125292} Samples:0x140015732c0}" spanID=0000000000000000
time=2026-08-02T15:42:13.977-07:00 level=DEBUG msg="Query returned data" test=archv2-parity tool=conduit-v2 collector=conduit type=conduit collector=conduit type=conduit name=msg-rate-per-second[archv2-parity] series-count=1 last-value=21703
time=2026-08-02T15:42:13.977-07:00 level=DEBUG msg="promql query logged" test=archv2-parity tool=conduit-v2 collector=conduit type=conduit collector=conduit type=conduit params="map[end:2026-08-02T22:42:13.977Z query:rate(conduit_connector_bytes_sum{pipeline_name=\"archv2-parity\",type=\"source\"}[2s])/1048576 start:2026-08-02T22:42:08.973Z step:1]" stats="&{Timings:{EvalTotalTime:4.2209e-05 ResultSortTime:1.66e-07 QueryPreparationTime:1.1125e-05 InnerEvalTime:2.7291e-05 ExecQueueTime:1.5e-06 ExecTotalTime:4.6166e-05} Samples:0x14001573920}" spanID=0000000000000000
time=2026-08-02T15:42:13.977-07:00 level=DEBUG msg="Query returned data" test=archv2-parity tool=conduit-v2 collector=conduit type=conduit collector=conduit type=conduit name=msg-megabytes-in-per-second[archv2-parity] series-count=1 last-value=0.6126413345336914
time=2026-08-02T15:42:13.977-07:00 level=DEBUG msg="promql query logged" test=archv2-parity tool=conduit-v2 collector=conduit type=conduit collector=conduit type=conduit params="map[end:2026-08-02T22:42:13.977Z query:rate(conduit_connector_bytes_sum{pipeline_name=\"archv2-parity\",type=\"destination\"}[2s])/1048576 start:2026-08-02T22:42:08.973Z step:1]" stats="&{Timings:{EvalTotalTime:4.9792e-05 ResultSortTime:1.67e-07 QueryPreparationTime:4.958e-06 InnerEvalTime:4.1375e-05 ExecQueueTime:8.75e-07 ExecTotalTime:5.2583e-05} Samples:0x140016ae000}" spanID=0000000000000000
time=2026-08-02T15:42:13.977-07:00 level=DEBUG msg="Query returned data" test=archv2-parity tool=conduit-v2 collector=conduit type=conduit collector=conduit type=conduit name=msg-megabytes-out-per-second[archv2-parity] series-count=1 last-value=0.6126689910888672
time=2026-08-02T15:42:14.451-07:00 level=DEBUG msg="Inspecting container" model=container-monitor name=benchi-conduit
time=2026-08-02T15:42:14.956-07:00 level=DEBUG msg="Inspecting container" model=container-monitor name=benchi-conduit
time=2026-08-02T15:42:14.975-07:00 level=DEBUG msg="promql query logged" test=archv2-parity tool=conduit-v2 collector=conduit type=conduit collector=conduit type=conduit params="map[end:2026-08-02T22:42:14.975Z query:rate(conduit_pipeline_execution_duration_seconds_count{pipeline_name=\"archv2-parity\"}[2s]) start:2026-08-02T22:42:08.973Z step:1]" stats="&{Timings:{EvalTotalTime:6.725e-05 ResultSortTime:5.84e-07 QueryPreparationTime:2.1417e-05 InnerEvalTime:3.9292e-05 ExecQueueTime:3.5e-06 ExecTotalTime:7.3166e-05} Samples:0x14001727350}" spanID=0000000000000000
time=2026-08-02T15:42:14.976-07:00 level=DEBUG msg="Query returned data" test=archv2-parity tool=conduit-v2 collector=conduit type=conduit collector=conduit type=conduit name=msg-rate-per-second[archv2-parity] series-count=1 last-value=20214
time=2026-08-02T15:42:14.976-07:00 level=DEBUG msg="promql query logged" test=archv2-parity tool=conduit-v2 collector=conduit type=conduit collector=conduit type=conduit params="map[end:2026-08-02T22:42:14.976Z query:rate(conduit_connector_bytes_sum{pipeline_name=\"archv2-parity\",type=\"source\"}[2s])/1048576 start:2026-08-02T22:42:08.973Z step:1]" stats="&{Timings:{EvalTotalTime:7.1291e-05 ResultSortTime:1.66e-07 QueryPreparationTime:1.2958e-05 InnerEvalTime:5.3958e-05 ExecQueueTime:1.209e-06 ExecTotalTime:7.4208e-05} Samples:0x140017279b0}" spanID=0000000000000000
time=2026-08-02T15:42:14.976-07:00 level=DEBUG msg="Query returned data" test=archv2-parity tool=conduit-v2 collector=conduit type=conduit collector=conduit type=conduit name=msg-megabytes-in-per-second[archv2-parity] series-count=1 last-value=0.5719308853149414
time=2026-08-02T15:42:14.976-07:00 level=DEBUG msg="promql query logged" test=archv2-parity tool=conduit-v2 collector=conduit type=conduit collector=conduit type=conduit params="map[end:2026-08-02T22:42:14.976Z query:rate(conduit_connector_bytes_sum{pipeline_name=\"archv2-parity\",type=\"destination\"}[2s])/1048576 start:2026-08-02T22:42:08.973Z step:1]" stats="&{Timings:{EvalTotalTime:2.5959e-05 ResultSortTime:1.66e-07 QueryPreparationTime:4.375e-06 InnerEvalTime:1.7041e-05 ExecQueueTime:9.58e-07 ExecTotalTime:2.8125e-05} Samples:0x14001816090}" spanID=0000000000000000
time=2026-08-02T15:42:14.976-07:00 level=DEBUG msg="Query returned data" test=archv2-parity tool=conduit-v2 collector=conduit type=conduit collector=conduit type=conduit name=msg-megabytes-out-per-second[archv2-parity] series-count=1 last-value=0.571934700012207
time=2026-08-02T15:42:15.460-07:00 level=DEBUG msg="Inspecting container" model=container-monitor name=benchi-conduit
time=2026-08-02T15:42:15.974-07:00 level=DEBUG msg="promql query logged" test=archv2-parity tool=conduit-v2 collector=conduit type=conduit collector=conduit type=conduit params="map[end:2026-08-02T22:42:15.974Z query:rate(conduit_pipeline_execution_duration_seconds_count{pipeline_name=\"archv2-parity\"}[2s]) start:2026-08-02T22:42:08.973Z step:1]" stats="&{Timings:{EvalTotalTime:0.000119416 ResultSortTime:7.08e-07 QueryPreparationTime:2.0542e-05 InnerEvalTime:8.8666e-05 ExecQueueTime:1.7042e-05 ExecTotalTime:0.000140084} Samples:0x14001782510}" spanID=0000000000000000
time=2026-08-02T15:42:15.974-07:00 level=DEBUG msg="Query returned data" test=archv2-parity tool=conduit-v2 collector=conduit type=conduit collector=conduit type=conduit name=msg-rate-per-second[archv2-parity] series-count=1 last-value=20831
time=2026-08-02T15:42:15.975-07:00 level=DEBUG msg="promql query logged" test=archv2-parity tool=conduit-v2 collector=conduit type=conduit collector=conduit type=conduit params="map[end:2026-08-02T22:42:15.975Z query:rate(conduit_connector_bytes_sum{pipeline_name=\"archv2-parity\",type=\"source\"}[2s])/1048576 start:2026-08-02T22:42:08.973Z step:1]" stats="&{Timings:{EvalTotalTime:0.000100291 ResultSortTime:2.5e-07 QueryPreparationTime:1.1083e-05 InnerEvalTime:8.3291e-05 ExecQueueTime:1.459e-06 ExecTotalTime:0.000104042} Samples:0x14001782bd0}" spanID=0000000000000000
time=2026-08-02T15:42:15.975-07:00 level=DEBUG msg="Query returned data" test=archv2-parity tool=conduit-v2 collector=conduit type=conduit collector=conduit type=conduit name=msg-megabytes-in-per-second[archv2-parity] series-count=1 last-value=0.5885295867919922
time=2026-08-02T15:42:15.975-07:00 level=DEBUG msg="promql query logged" test=archv2-parity tool=conduit-v2 collector=conduit type=conduit collector=conduit type=conduit params="map[end:2026-08-02T22:42:15.975Z query:rate(conduit_connector_bytes_sum{pipeline_name=\"archv2-parity\",type=\"destination\"}[2s])/1048576 start:2026-08-02T22:42:08.973Z step:1]" stats="&{Timings:{EvalTotalTime:3.2291e-05 ResultSortTime:2.91e-07 QueryPreparationTime:6.708e-06 InnerEvalTime:2.2209e-05 ExecQueueTime:9.17e-07 ExecTotalTime:3.5e-05} Samples:0x14001783230}" spanID=0000000000000000
time=2026-08-02T15:42:15.975-07:00 level=DEBUG msg="Query returned data" test=archv2-parity tool=conduit-v2 collector=conduit type=conduit collector=conduit type=conduit name=msg-megabytes-out-per-second[archv2-parity] series-count=1 last-value=0.588531494140625
time=2026-08-02T15:42:15.975-07:00 level=DEBUG msg="Inspecting container" model=container-monitor name=benchi-conduit
time=2026-08-02T15:42:16.480-07:00 level=DEBUG msg="Inspecting container" model=container-monitor name=benchi-conduit
time=2026-08-02T15:42:16.975-07:00 level=DEBUG msg="promql query logged" test=archv2-parity tool=conduit-v2 collector=conduit type=conduit collector=conduit type=conduit params="map[end:2026-08-02T22:42:16.974Z query:rate(conduit_pipeline_execution_duration_seconds_count{pipeline_name=\"archv2-parity\"}[2s]) start:2026-08-02T22:42:08.973Z step:1]" stats="&{Timings:{EvalTotalTime:6.0667e-05 ResultSortTime:4.17e-07 QueryPreparationTime:2.4e-05 InnerEvalTime:3.1292e-05 ExecQueueTime:3.25e-06 ExecTotalTime:6.5667e-05} Samples:0x14000fdb500}" spanID=0000000000000000
time=2026-08-02T15:42:16.976-07:00 level=DEBUG msg="Query returned data" test=archv2-parity tool=conduit-v2 collector=conduit type=conduit collector=conduit type=conduit name=msg-rate-per-second[archv2-parity] series-count=1 last-value=20881
time=2026-08-02T15:42:16.976-07:00 level=DEBUG msg="promql query logged" test=archv2-parity tool=conduit-v2 collector=conduit type=conduit collector=conduit type=conduit params="map[end:2026-08-02T22:42:16.976Z query:rate(conduit_connector_bytes_sum{pipeline_name=\"archv2-parity\",type=\"source\"}[2s])/1048576 start:2026-08-02T22:42:08.973Z step:1]" stats="&{Timings:{EvalTotalTime:3.45e-05 ResultSortTime:1.67e-07 QueryPreparationTime:8.125e-06 InnerEvalTime:2.3958e-05 ExecQueueTime:1.416e-06 ExecTotalTime:3.7125e-05} Samples:0x14000fdbbc0}" spanID=0000000000000000
time=2026-08-02T15:42:16.976-07:00 level=DEBUG msg="Query returned data" test=archv2-parity tool=conduit-v2 collector=conduit type=conduit collector=conduit type=conduit name=msg-megabytes-in-per-second[archv2-parity] series-count=1 last-value=0.589813232421875
time=2026-08-02T15:42:16.976-07:00 level=DEBUG msg="promql query logged" test=archv2-parity tool=conduit-v2 collector=conduit type=conduit collector=conduit type=conduit params="map[end:2026-08-02T22:42:16.976Z query:rate(conduit_connector_bytes_sum{pipeline_name=\"archv2-parity\",type=\"destination\"}[2s])/1048576 start:2026-08-02T22:42:08.973Z step:1]" stats="&{Timings:{EvalTotalTime:1.675e-05 ResultSortTime:8.3e-08 QueryPreparationTime:2.75e-06 InnerEvalTime:1.2e-05 ExecQueueTime:5.41e-07 ExecTotalTime:1.8125e-05} Samples:0x140016442a0}" spanID=0000000000000000
time=2026-08-02T15:42:16.976-07:00 level=DEBUG msg="Query returned data" test=archv2-parity tool=conduit-v2 collector=conduit type=conduit collector=conduit type=conduit name=msg-megabytes-out-per-second[archv2-parity] series-count=1 last-value=0.5898075103759766
time=2026-08-02T15:42:16.996-07:00 level=DEBUG msg="Inspecting container" model=container-monitor name=benchi-conduit
time=2026-08-02T15:42:17.501-07:00 level=DEBUG msg="Inspecting container" model=container-monitor name=benchi-conduit
time=2026-08-02T15:42:17.975-07:00 level=DEBUG msg="promql query logged" test=archv2-parity tool=conduit-v2 collector=conduit type=conduit collector=conduit type=conduit params="map[end:2026-08-02T22:42:17.974Z query:rate(conduit_pipeline_execution_duration_seconds_count{pipeline_name=\"archv2-parity\"}[2s]) start:2026-08-02T22:42:08.973Z step:1]" stats="&{Timings:{EvalTotalTime:6.5292e-05 ResultSortTime:2.91e-07 QueryPreparationTime:2.025e-05 InnerEvalTime:3.8625e-05 ExecQueueTime:4.125e-06 ExecTotalTime:7.1208e-05} Samples:0x140016af7d0}" spanID=0000000000000000
time=2026-08-02T15:42:17.975-07:00 level=DEBUG msg="Query returned data" test=archv2-parity tool=conduit-v2 collector=conduit type=conduit collector=conduit type=conduit name=msg-rate-per-second[archv2-parity] series-count=1 last-value=20725
time=2026-08-02T15:42:17.975-07:00 level=DEBUG msg="promql query logged" test=archv2-parity tool=conduit-v2 collector=conduit type=conduit collector=conduit type=conduit params="map[end:2026-08-02T22:42:17.975Z query:rate(conduit_connector_bytes_sum{pipeline_name=\"archv2-parity\",type=\"source\"}[2s])/1048576 start:2026-08-02T22:42:08.973Z step:1]" stats="&{Timings:{EvalTotalTime:4.3916e-05 ResultSortTime:2.5e-07 QueryPreparationTime:7.875e-06 InnerEvalTime:3.225e-05 ExecQueueTime:9.58e-07 ExecTotalTime:4.675e-05} Samples:0x140016afe60}" spanID=0000000000000000
time=2026-08-02T15:42:17.975-07:00 level=DEBUG msg="Query returned data" test=archv2-parity tool=conduit-v2 collector=conduit type=conduit collector=conduit type=conduit name=msg-megabytes-in-per-second[archv2-parity] series-count=1 last-value=0.5863094329833984
time=2026-08-02T15:42:17.975-07:00 level=DEBUG msg="promql query logged" test=archv2-parity tool=conduit-v2 collector=conduit type=conduit collector=conduit type=conduit params="map[end:2026-08-02T22:42:17.975Z query:rate(conduit_connector_bytes_sum{pipeline_name=\"archv2-parity\",type=\"destination\"}[2s])/1048576 start:2026-08-02T22:42:08.973Z step:1]" stats="&{Timings:{EvalTotalTime:5.3291e-05 ResultSortTime:1.25e-07 QueryPreparationTime:2.2708e-05 InnerEvalTime:2.6667e-05 ExecQueueTime:7.51e-07 ExecTotalTime:5.625e-05} Samples:0x140007fc660}" spanID=0000000000000000
time=2026-08-02T15:42:17.975-07:00 level=DEBUG msg="Query returned data" test=archv2-parity tool=conduit-v2 collector=conduit type=conduit collector=conduit type=conduit name=msg-megabytes-out-per-second[archv2-parity] series-count=1 last-value=0.5862817764282227
time=2026-08-02T15:42:18.012-07:00 level=DEBUG msg="Inspecting container" model=container-monitor name=benchi-conduit
time=2026-08-02T15:42:18.525-07:00 level=DEBUG msg="Inspecting container" model=container-monitor name=benchi-conduit
time=2026-08-02T15:42:18.976-07:00 level=INFO msg="Test in progress" test=archv2-parity tool=conduit-v2 step=test time-left=50s
time=2026-08-02T15:42:18.976-07:00 level=DEBUG msg="promql query logged" test=archv2-parity tool=conduit-v2 collector=conduit type=conduit collector=conduit type=conduit params="map[end:2026-08-02T22:42:18.976Z query:rate(conduit_pipeline_execution_duration_seconds_count{pipeline_name=\"archv2-parity\"}[2s]) start:2026-08-02T22:42:08.973Z step:1]" stats="&{Timings:{EvalTotalTime:4.9084e-05 ResultSortTime:3.34e-07 QueryPreparationTime:1.6917e-05 InnerEvalTime:2.7334e-05 ExecQueueTime:2.542e-06 ExecTotalTime:5.375e-05} Samples:0x14000f2ac00}" spanID=0000000000000000
time=2026-08-02T15:42:18.976-07:00 level=DEBUG msg="Query returned data" test=archv2-parity tool=conduit-v2 collector=conduit type=conduit collector=conduit type=conduit name=msg-rate-per-second[archv2-parity] series-count=1 last-value=21279
time=2026-08-02T15:42:18.976-07:00 level=DEBUG msg="promql query logged" test=archv2-parity tool=conduit-v2 collector=conduit type=conduit collector=conduit type=conduit params="map[end:2026-08-02T22:42:18.976Z query:rate(conduit_connector_bytes_sum{pipeline_name=\"archv2-parity\",type=\"source\"}[2s])/1048576 start:2026-08-02T22:42:08.973Z step:1]" stats="&{Timings:{EvalTotalTime:3.65e-05 ResultSortTime:2.5e-07 QueryPreparationTime:6.833e-06 InnerEvalTime:2.6416e-05 ExecQueueTime:8.33e-07 ExecTotalTime:3.8792e-05} Samples:0x14000f2b530}" spanID=0000000000000000
time=2026-08-02T15:42:18.976-07:00 level=DEBUG msg="Query returned data" test=archv2-parity tool=conduit-v2 collector=conduit type=conduit collector=conduit type=conduit name=msg-megabytes-in-per-second[archv2-parity] series-count=1 last-value=0.6011238098144531
time=2026-08-02T15:42:18.976-07:00 level=DEBUG msg="promql query logged" test=archv2-parity tool=conduit-v2 collector=conduit type=conduit collector=conduit type=conduit params="map[end:2026-08-02T22:42:18.976Z query:rate(conduit_connector_bytes_sum{pipeline_name=\"archv2-parity\",type=\"destination\"}[2s])/1048576 start:2026-08-02T22:42:08.973Z step:1]" stats="&{Timings:{EvalTotalTime:2.7791e-05 ResultSortTime:1.25e-07 QueryPreparationTime:4.667e-06 InnerEvalTime:2.0208e-05 ExecQueueTime:9.99e-07 ExecTotalTime:2.9875e-05} Samples:0x14000f2bb90}" spanID=0000000000000000
time=2026-08-02T15:42:18.976-07:00 level=DEBUG msg="Query returned data" test=archv2-parity tool=conduit-v2 collector=conduit type=conduit collector=conduit type=conduit name=msg-megabytes-out-per-second[archv2-parity] series-count=1 last-value=0.6011466979980469
time=2026-08-02T15:42:19.034-07:00 level=DEBUG msg="Inspecting container" model=container-monitor name=benchi-conduit
time=2026-08-02T15:42:19.541-07:00 level=DEBUG msg="Inspecting container" model=container-monitor name=benchi-conduit
time=2026-08-02T15:42:19.975-07:00 level=DEBUG msg="promql query logged" test=archv2-parity tool=conduit-v2 collector=conduit type=conduit collector=conduit type=conduit params="map[end:2026-08-02T22:42:19.975Z query:rate(conduit_pipeline_execution_duration_seconds_count{pipeline_name=\"archv2-parity\"}[2s]) start:2026-08-02T22:42:08.973Z step:1]" stats="&{Timings:{EvalTotalTime:4.7042e-05 ResultSortTime:4.17e-07 QueryPreparationTime:1.45e-05 InnerEvalTime:2.7667e-05 ExecQueueTime:2.25e-06 ExecTotalTime:5.1917e-05} Samples:0x140017317d0}" spanID=0000000000000000
time=2026-08-02T15:42:19.975-07:00 level=DEBUG msg="Query returned data" test=archv2-parity tool=conduit-v2 collector=conduit type=conduit collector=conduit type=conduit name=msg-rate-per-second[archv2-parity] series-count=1 last-value=20049
time=2026-08-02T15:42:19.975-07:00 level=DEBUG msg="promql query logged" test=archv2-parity tool=conduit-v2 collector=conduit type=conduit collector=conduit type=conduit params="map[end:2026-08-02T22:42:19.975Z query:rate(conduit_connector_bytes_sum{pipeline_name=\"archv2-parity\",type=\"source\"}[2s])/1048576 start:2026-08-02T22:42:08.973Z step:1]" stats="&{Timings:{EvalTotalTime:3.55e-05 ResultSortTime:1.67e-07 QueryPreparationTime:6.209e-06 InnerEvalTime:2.6083e-05 ExecQueueTime:8.34e-07 ExecTotalTime:3.7791e-05} Samples:0x14001731e30}" spanID=0000000000000000
time=2026-08-02T15:42:19.975-07:00 level=DEBUG msg="Query returned data" test=archv2-parity tool=conduit-v2 collector=conduit type=conduit collector=conduit type=conduit name=msg-megabytes-in-per-second[archv2-parity] series-count=1 last-value=0.5662565231323242
time=2026-08-02T15:42:19.975-07:00 level=DEBUG msg="promql query logged" test=archv2-parity tool=conduit-v2 collector=conduit type=conduit collector=conduit type=conduit params="map[end:2026-08-02T22:42:19.975Z query:rate(conduit_connector_bytes_sum{pipeline_name=\"archv2-parity\",type=\"destination\"}[2s])/1048576 start:2026-08-02T22:42:08.973Z step:1]" stats="&{Timings:{EvalTotalTime:2.4542e-05 ResultSortTime:1.25e-07 QueryPreparationTime:4e-06 InnerEvalTime:1.7375e-05 ExecQueueTime:6.67e-07 ExecTotalTime:2.6666e-05} Samples:0x14000b81560}" spanID=0000000000000000
time=2026-08-02T15:42:19.975-07:00 level=DEBUG msg="Query returned data" test=archv2-parity tool=conduit-v2 collector=conduit type=conduit collector=conduit type=conduit name=msg-megabytes-out-per-second[archv2-parity] series-count=1 last-value=0.5662651062011719
time=2026-08-02T15:42:20.046-07:00 level=DEBUG msg="Inspecting container" model=container-monitor name=benchi-conduit
time=2026-08-02T15:42:20.555-07:00 level=DEBUG msg="Inspecting container" model=container-monitor name=benchi-conduit
time=2026-08-02T15:42:20.976-07:00 level=DEBUG msg="promql query logged" test=archv2-parity tool=conduit-v2 collector=conduit type=conduit collector=conduit type=conduit params="map[end:2026-08-02T22:42:20.975Z query:rate(conduit_pipeline_execution_duration_seconds_count{pipeline_name=\"archv2-parity\"}[2s]) start:2026-08-02T22:42:08.973Z step:1]" stats="&{Timings:{EvalTotalTime:7.0958e-05 ResultSortTime:1.8584e-05 QueryPreparationTime:1.7166e-05 InnerEvalTime:3.0541e-05 ExecQueueTime:2.542e-06 ExecTotalTime:7.5667e-05} Samples:0x14001086180}" spanID=0000000000000000
time=2026-08-02T15:42:20.976-07:00 level=DEBUG msg="Query returned data" test=archv2-parity tool=conduit-v2 collector=conduit type=conduit collector=conduit type=conduit name=msg-rate-per-second[archv2-parity] series-count=1 last-value=19714
time=2026-08-02T15:42:20.976-07:00 level=DEBUG msg="promql query logged" test=archv2-parity tool=conduit-v2 collector=conduit type=conduit collector=conduit type=conduit params="map[end:2026-08-02T22:42:20.976Z query:rate(conduit_connector_bytes_sum{pipeline_name=\"archv2-parity\",type=\"source\"}[2s])/1048576 start:2026-08-02T22:42:08.973Z step:1]" stats="&{Timings:{EvalTotalTime:4.3958e-05 ResultSortTime:1.66e-07 QueryPreparationTime:7.833e-06 InnerEvalTime:3.2792e-05 ExecQueueTime:9.17e-07 ExecTotalTime:4.6833e-05} Samples:0x14001086e70}" spanID=0000000000000000
time=2026-08-02T15:42:20.976-07:00 level=DEBUG msg="Query returned data" test=archv2-parity tool=conduit-v2 collector=conduit type=conduit collector=conduit type=conduit name=msg-megabytes-in-per-second[archv2-parity] series-count=1 last-value=0.5568218231201172
time=2026-08-02T15:42:20.976-07:00 level=DEBUG msg="promql query logged" test=archv2-parity tool=conduit-v2 collector=conduit type=conduit collector=conduit type=conduit params="map[end:2026-08-02T22:42:20.976Z query:rate(conduit_connector_bytes_sum{pipeline_name=\"archv2-parity\",type=\"destination\"}[2s])/1048576 start:2026-08-02T22:42:08.973Z step:1]" stats="&{Timings:{EvalTotalTime:2.8291e-05 ResultSortTime:8.3e-08 QueryPreparationTime:4.042e-06 InnerEvalTime:2.1375e-05 ExecQueueTime:7.91e-07 ExecTotalTime:3.0667e-05} Samples:0x14001087ce0}" spanID=0000000000000000
time=2026-08-02T15:42:20.976-07:00 level=DEBUG msg="Query returned data" test=archv2-parity tool=conduit-v2 collector=conduit type=conduit collector=conduit type=conduit name=msg-megabytes-out-per-second[archv2-parity] series-count=1 last-value=0.5568199157714844
time=2026-08-02T15:42:21.060-07:00 level=DEBUG msg="Inspecting container" model=container-monitor name=benchi-conduit
time=2026-08-02T15:42:21.569-07:00 level=DEBUG msg="Inspecting container" model=container-monitor name=benchi-conduit
time=2026-08-02T15:42:21.974-07:00 level=DEBUG msg="promql query logged" test=archv2-parity tool=conduit-v2 collector=conduit type=conduit collector=conduit type=conduit params="map[end:2026-08-02T22:42:21.974Z query:rate(conduit_pipeline_execution_duration_seconds_count{pipeline_name=\"archv2-parity\"}[2s]) start:2026-08-02T22:42:08.973Z step:1]" stats="&{Timings:{EvalTotalTime:6.8916e-05 ResultSortTime:4.58e-07 QueryPreparationTime:1.6125e-05 InnerEvalTime:4.6917e-05 ExecQueueTime:2.458e-06 ExecTotalTime:7.4541e-05} Samples:0x140010c25a0}" spanID=0000000000000000
time=2026-08-02T15:42:21.974-07:00 level=DEBUG msg="Query returned data" test=archv2-parity tool=conduit-v2 collector=conduit type=conduit collector=conduit type=conduit name=msg-rate-per-second[archv2-parity] series-count=1 last-value=23822.355289421157
time=2026-08-02T15:42:21.974-07:00 level=DEBUG msg="promql query logged" test=archv2-parity tool=conduit-v2 collector=conduit type=conduit collector=conduit type=conduit params="map[end:2026-08-02T22:42:21.974Z query:rate(conduit_connector_bytes_sum{pipeline_name=\"archv2-parity\",type=\"source\"}[2s])/1048576 start:2026-08-02T22:42:08.973Z step:1]" stats="&{Timings:{EvalTotalTime:5.45e-05 ResultSortTime:2.92e-07 QueryPreparationTime:1.125e-05 InnerEvalTime:3.8375e-05 ExecQueueTime:1.791e-06 ExecTotalTime:5.8459e-05} Samples:0x140010c2db0}" spanID=0000000000000000
time=2026-08-02T15:42:21.974-07:00 level=DEBUG msg="Query returned data" test=archv2-parity tool=conduit-v2 collector=conduit type=conduit collector=conduit type=conduit name=msg-megabytes-in-per-second[archv2-parity] series-count=1 last-value=0.6724565091009387
time=2026-08-02T15:42:21.974-07:00 level=DEBUG msg="promql query logged" test=archv2-parity tool=conduit-v2 collector=conduit type=conduit collector=conduit type=conduit params="map[end:2026-08-02T22:42:21.974Z query:rate(conduit_connector_bytes_sum{pipeline_name=\"archv2-parity\",type=\"destination\"}[2s])/1048576 start:2026-08-02T22:42:08.973Z step:1]" stats="&{Timings:{EvalTotalTime:3.475e-05 ResultSortTime:1.66e-07 QueryPreparationTime:6.708e-06 InnerEvalTime:2.4541e-05 ExecQueueTime:9.99e-07 ExecTotalTime:3.7458e-05} Samples:0x140010c3410}" spanID=0000000000000000
time=2026-08-02T15:42:21.975-07:00 level=DEBUG msg="Query returned data" test=archv2-parity tool=conduit-v2 collector=conduit type=conduit collector=conduit type=conduit name=msg-megabytes-out-per-second[archv2-parity] series-count=1 last-value=0.672454605559389
time=2026-08-02T15:42:22.073-07:00 level=DEBUG msg="Inspecting container" model=container-monitor name=benchi-conduit
time=2026-08-02T15:42:22.579-07:00 level=DEBUG msg="Inspecting container" model=container-monitor name=benchi-conduit
time=2026-08-02T15:42:22.974-07:00 level=DEBUG msg="promql query logged" test=archv2-parity tool=conduit-v2 collector=conduit type=conduit collector=conduit type=conduit params="map[end:2026-08-02T22:42:22.974Z query:rate(conduit_pipeline_execution_duration_seconds_count{pipeline_name=\"archv2-parity\"}[2s]) start:2026-08-02T22:42:08.973Z step:1]" stats="&{Timings:{EvalTotalTime:5.1084e-05 ResultSortTime:5.42e-07 QueryPreparationTime:1.5125e-05 InnerEvalTime:3.0666e-05 ExecQueueTime:2.667e-06 ExecTotalTime:5.925e-05} Samples:0x1400112a2d0}" spanID=0000000000000000
time=2026-08-02T15:42:22.974-07:00 level=DEBUG msg="Query returned data" test=archv2-parity tool=conduit-v2 collector=conduit type=conduit collector=conduit type=conduit name=msg-rate-per-second[archv2-parity] series-count=1 last-value=20911
time=2026-08-02T15:42:22.975-07:00 level=DEBUG msg="promql query logged" test=archv2-parity tool=conduit-v2 collector=conduit type=conduit collector=conduit type=conduit params="map[end:2026-08-02T22:42:22.975Z query:rate(conduit_connector_bytes_sum{pipeline_name=\"archv2-parity\",type=\"source\"}[2s])/1048576 start:2026-08-02T22:42:08.973Z step:1]" stats="&{Timings:{EvalTotalTime:3.7375e-05 ResultSortTime:1.25e-07 QueryPreparationTime:5.708e-06 InnerEvalTime:2.8708e-05 ExecQueueTime:7.91e-07 ExecTotalTime:3.9667e-05} Samples:0x1400112aa50}" spanID=0000000000000000
time=2026-08-02T15:42:22.975-07:00 level=DEBUG msg="Query returned data" test=archv2-parity tool=conduit-v2 collector=conduit type=conduit collector=conduit type=conduit name=msg-megabytes-in-per-second[archv2-parity] series-count=1 last-value=0.5907363891601562
time=2026-08-02T15:42:22.975-07:00 level=DEBUG msg="promql query logged" test=archv2-parity tool=conduit-v2 collector=conduit type=conduit collector=conduit type=conduit params="map[end:2026-08-02T22:42:22.975Z query:rate(conduit_connector_bytes_sum{pipeline_name=\"archv2-parity\",type=\"destination\"}[2s])/1048576 start:2026-08-02T22:42:08.973Z step:1]" stats="&{Timings:{EvalTotalTime:2.7542e-05 ResultSortTime:1.25e-07 QueryPreparationTime:3.875e-06 InnerEvalTime:2.0792e-05 ExecQueueTime:6.25e-07 ExecTotalTime:2.9375e-05} Samples:0x1400112b0b0}" spanID=0000000000000000
time=2026-08-02T15:42:22.975-07:00 level=DEBUG msg="Query returned data" test=archv2-parity tool=conduit-v2 collector=conduit type=conduit collector=conduit type=conduit name=msg-megabytes-out-per-second[archv2-parity] series-count=1 last-value=0.5907087326049805
time=2026-08-02T15:42:23.084-07:00 level=DEBUG msg="Inspecting container" model=container-monitor name=benchi-conduit
time=2026-08-02T15:42:23.590-07:00 level=DEBUG msg="Inspecting container" model=container-monitor name=benchi-conduit
time=2026-08-02T15:42:23.975-07:00 level=INFO msg="Test in progress" test=archv2-parity tool=conduit-v2 step=test time-left=45s
time=2026-08-02T15:42:23.975-07:00 level=DEBUG msg="promql query logged" test=archv2-parity tool=conduit-v2 collector=conduit type=conduit collector=conduit type=conduit params="map[end:2026-08-02T22:42:23.975Z query:rate(conduit_pipeline_execution_duration_seconds_count{pipeline_name=\"archv2-parity\"}[2s]) start:2026-08-02T22:42:08.973Z step:1]" stats="&{Timings:{EvalTotalTime:6.6667e-05 ResultSortTime:7.08e-07 QueryPreparationTime:2.025e-05 InnerEvalTime:4.0667e-05 ExecQueueTime:2.666e-06 ExecTotalTime:7.1875e-05} Samples:0x140015d34d0}" spanID=0000000000000000
time=2026-08-02T15:42:23.975-07:00 level=DEBUG msg="Query returned data" test=archv2-parity tool=conduit-v2 collector=conduit type=conduit collector=conduit type=conduit name=msg-rate-per-second[archv2-parity] series-count=1 last-value=21676.35270541082
time=2026-08-02T15:42:23.975-07:00 level=DEBUG msg="promql query logged" test=archv2-parity tool=conduit-v2 collector=conduit type=conduit collector=conduit type=conduit params="map[end:2026-08-02T22:42:23.975Z query:rate(conduit_connector_bytes_sum{pipeline_name=\"archv2-parity\",type=\"source\"}[2s])/1048576 start:2026-08-02T22:42:08.973Z step:1]" stats="&{Timings:{EvalTotalTime:6.3959e-05 ResultSortTime:2.92e-07 QueryPreparationTime:9e-06 InnerEvalTime:5.125e-05 ExecQueueTime:7.09e-07 ExecTotalTime:6.6625e-05} Samples:0x140015d3b30}" spanID=0000000000000000
time=2026-08-02T15:42:23.975-07:00 level=DEBUG msg="Query returned data" test=archv2-parity tool=conduit-v2 collector=conduit type=conduit collector=conduit type=conduit name=msg-megabytes-in-per-second[archv2-parity] series-count=1 last-value=0.6134811049711727
time=2026-08-02T15:42:23.975-07:00 level=DEBUG msg="promql query logged" test=archv2-parity tool=conduit-v2 collector=conduit type=conduit collector=conduit type=conduit params="map[end:2026-08-02T22:42:23.975Z query:rate(conduit_connector_bytes_sum{pipeline_name=\"archv2-parity\",type=\"destination\"}[2s])/1048576 start:2026-08-02T22:42:08.973Z step:1]" stats="&{Timings:{EvalTotalTime:3.1667e-05 ResultSortTime:1.67e-07 QueryPreparationTime:4.416e-06 InnerEvalTime:2.4375e-05 ExecQueueTime:6.66e-07 ExecTotalTime:3.3667e-05} Samples:0x14000f9a210}" spanID=0000000000000000
time=2026-08-02T15:42:23.975-07:00 level=DEBUG msg="Query returned data" test=archv2-parity tool=conduit-v2 collector=conduit type=conduit collector=conduit type=conduit name=msg-megabytes-out-per-second[archv2-parity] series-count=1 last-value=0.6134811049711727
time=2026-08-02T15:42:24.098-07:00 level=DEBUG msg="Inspecting container" model=container-monitor name=benchi-conduit
time=2026-08-02T15:42:24.605-07:00 level=DEBUG msg="Inspecting container" model=container-monitor name=benchi-conduit
time=2026-08-02T15:42:24.974-07:00 level=DEBUG msg="promql query logged" test=archv2-parity tool=conduit-v2 collector=conduit type=conduit collector=conduit type=conduit params="map[end:2026-08-02T22:42:24.974Z query:rate(conduit_pipeline_execution_duration_seconds_count{pipeline_name=\"archv2-parity\"}[2s]) start:2026-08-02T22:42:08.973Z step:1]" stats="&{Timings:{EvalTotalTime:7.975e-05 ResultSortTime:8.33e-07 QueryPreparationTime:2.4041e-05 InnerEvalTime:4.7333e-05 ExecQueueTime:4.083e-06 ExecTotalTime:8.7541e-05} Samples:0x140009c24e0}" spanID=0000000000000000
time=2026-08-02T15:42:24.974-07:00 level=DEBUG msg="Query returned data" test=archv2-parity tool=conduit-v2 collector=conduit type=conduit collector=conduit type=conduit name=msg-rate-per-second[archv2-parity] series-count=1 last-value=20968
time=2026-08-02T15:42:24.974-07:00 level=DEBUG msg="promql query logged" test=archv2-parity tool=conduit-v2 collector=conduit type=conduit collector=conduit type=conduit params="map[end:2026-08-02T22:42:24.974Z query:rate(conduit_connector_bytes_sum{pipeline_name=\"archv2-parity\",type=\"source\"}[2s])/1048576 start:2026-08-02T22:42:08.973Z step:1]" stats="&{Timings:{EvalTotalTime:7.8333e-05 ResultSortTime:5.42e-07 QueryPreparationTime:1.5667e-05 InnerEvalTime:5.6917e-05 ExecQueueTime:2.208e-06 ExecTotalTime:8.3708e-05} Samples:0x140009c2b40}" spanID=0000000000000000
time=2026-08-02T15:42:24.975-07:00 level=DEBUG msg="Query returned data" test=archv2-parity tool=conduit-v2 collector=conduit type=conduit collector=conduit type=conduit name=msg-megabytes-in-per-second[archv2-parity] series-count=1 last-value=0.5933618545532227
time=2026-08-02T15:42:24.975-07:00 level=DEBUG msg="promql query logged" test=archv2-parity tool=conduit-v2 collector=conduit type=conduit collector=conduit type=conduit params="map[end:2026-08-02T22:42:24.975Z query:rate(conduit_connector_bytes_sum{pipeline_name=\"archv2-parity\",type=\"destination\"}[2s])/1048576 start:2026-08-02T22:42:08.973Z step:1]" stats="&{Timings:{EvalTotalTime:5.0125e-05 ResultSortTime:2.5e-07 QueryPreparationTime:1.0333e-05 InnerEvalTime:3.5541e-05 ExecQueueTime:1.417e-06 ExecTotalTime:5.375e-05} Samples:0x140009c31a0}" spanID=0000000000000000
time=2026-08-02T15:42:24.975-07:00 level=DEBUG msg="Query returned data" test=archv2-parity tool=conduit-v2 collector=conduit type=conduit collector=conduit type=conduit name=msg-megabytes-out-per-second[archv2-parity] series-count=1 last-value=0.5933399200439453
time=2026-08-02T15:42:25.110-07:00 level=DEBUG msg="Inspecting container" model=container-monitor name=benchi-conduit
time=2026-08-02T15:42:25.614-07:00 level=DEBUG msg="Inspecting container" model=container-monitor name=benchi-conduit
time=2026-08-02T15:42:25.976-07:00 level=DEBUG msg="promql query logged" test=archv2-parity tool=conduit-v2 collector=conduit type=conduit collector=conduit type=conduit params="map[end:2026-08-02T22:42:25.976Z query:rate(conduit_pipeline_execution_duration_seconds_count{pipeline_name=\"archv2-parity\"}[2s]) start:2026-08-02T22:42:08.973Z step:1]" stats="&{Timings:{EvalTotalTime:9.9417e-05 ResultSortTime:9.17e-07 QueryPreparationTime:3.2208e-05 InnerEvalTime:5.8792e-05 ExecQueueTime:4.292e-06 ExecTotalTime:0.0001175} Samples:0x140009c79e0}" spanID=0000000000000000
time=2026-08-02T15:42:25.976-07:00 level=DEBUG msg="Query returned data" test=archv2-parity tool=conduit-v2 collector=conduit type=conduit collector=conduit type=conduit name=msg-rate-per-second[archv2-parity] series-count=1 last-value=21088
time=2026-08-02T15:42:25.976-07:00 level=DEBUG msg="promql query logged" test=archv2-parity tool=conduit-v2 collector=conduit type=conduit collector=conduit type=conduit params="map[end:2026-08-02T22:42:25.976Z query:rate(conduit_connector_bytes_sum{pipeline_name=\"archv2-parity\",type=\"source\"}[2s])/1048576 start:2026-08-02T22:42:08.973Z step:1]" stats="&{Timings:{EvalTotalTime:6.0084e-05 ResultSortTime:1.25e-07 QueryPreparationTime:9.875e-06 InnerEvalTime:4.7e-05 ExecQueueTime:1.125e-06 ExecTotalTime:6.2625e-05} Samples:0x140018d60f0}" spanID=0000000000000000
time=2026-08-02T15:42:25.976-07:00 level=DEBUG msg="Query returned data" test=archv2-parity tool=conduit-v2 collector=conduit type=conduit collector=conduit type=conduit name=msg-megabytes-in-per-second[archv2-parity] series-count=1 last-value=0.5955944061279297
time=2026-08-02T15:42:25.976-07:00 level=DEBUG msg="promql query logged" test=archv2-parity tool=conduit-v2 collector=conduit type=conduit collector=conduit type=conduit params="map[end:2026-08-02T22:42:25.976Z query:rate(conduit_connector_bytes_sum{pipeline_name=\"archv2-parity\",type=\"destination\"}[2s])/1048576 start:2026-08-02T22:42:08.973Z step:1]" stats="&{Timings:{EvalTotalTime:3.3833e-05 ResultSortTime:1.25e-07 QueryPreparationTime:4.25e-06 InnerEvalTime:2.6709e-05 ExecQueueTime:7.92e-07 ExecTotalTime:3.6333e-05} Samples:0x140018d6780}" spanID=0000000000000000
time=2026-08-02T15:42:25.976-07:00 level=DEBUG msg="Query returned data" test=archv2-parity tool=conduit-v2 collector=conduit type=conduit collector=conduit type=conduit name=msg-megabytes-out-per-second[archv2-parity] series-count=1 last-value=0.5956430435180664
time=2026-08-02T15:42:26.127-07:00 level=DEBUG msg="Inspecting container" model=container-monitor name=benchi-conduit
time=2026-08-02T15:42:26.635-07:00 level=DEBUG msg="Inspecting container" model=container-monitor name=benchi-conduit
time=2026-08-02T15:42:26.974-07:00 level=DEBUG msg="promql query logged" test=archv2-parity tool=conduit-v2 collector=conduit type=conduit collector=conduit type=conduit params="map[end:2026-08-02T22:42:26.974Z query:rate(conduit_pipeline_execution_duration_seconds_count{pipeline_name=\"archv2-parity\"}[2s]) start:2026-08-02T22:42:08.973Z step:1]" stats="&{Timings:{EvalTotalTime:6.0708e-05 ResultSortTime:3.33e-07 QueryPreparationTime:1.7542e-05 InnerEvalTime:3.7625e-05 ExecQueueTime:2.959e-06 ExecTotalTime:6.5791e-05} Samples:0x14001088f60}" spanID=0000000000000000
time=2026-08-02T15:42:26.974-07:00 level=DEBUG msg="Query returned data" test=archv2-parity tool=conduit-v2 collector=conduit type=conduit collector=conduit type=conduit name=msg-rate-per-second[archv2-parity] series-count=1 last-value=19211
time=2026-08-02T15:42:26.974-07:00 level=DEBUG msg="promql query logged" test=archv2-parity tool=conduit-v2 collector=conduit type=conduit collector=conduit type=conduit params="map[end:2026-08-02T22:42:26.974Z query:rate(conduit_connector_bytes_sum{pipeline_name=\"archv2-parity\",type=\"source\"}[2s])/1048576 start:2026-08-02T22:42:08.973Z step:1]" stats="&{Timings:{EvalTotalTime:9.9166e-05 ResultSortTime:3.75e-07 QueryPreparationTime:9.416e-06 InnerEvalTime:6.3583e-05 ExecQueueTime:1.167e-06 ExecTotalTime:0.000102833} Samples:0x140010895f0}" spanID=0000000000000000
time=2026-08-02T15:42:26.974-07:00 level=DEBUG msg="Query returned data" test=archv2-parity tool=conduit-v2 collector=conduit type=conduit collector=conduit type=conduit name=msg-megabytes-in-per-second[archv2-parity] series-count=1 last-value=0.5422830581665039
time=2026-08-02T15:42:26.974-07:00 level=DEBUG msg="promql query logged" test=archv2-parity tool=conduit-v2 collector=conduit type=conduit collector=conduit type=conduit params="map[end:2026-08-02T22:42:26.974Z query:rate(conduit_connector_bytes_sum{pipeline_name=\"archv2-parity\",type=\"destination\"}[2s])/1048576 start:2026-08-02T22:42:08.973Z step:1]" stats="&{Timings:{EvalTotalTime:4.35e-05 ResultSortTime:1.25e-07 QueryPreparationTime:9.125e-06 InnerEvalTime:3.1042e-05 ExecQueueTime:1.417e-06 ExecTotalTime:4.65e-05} Samples:0x14001089c50}" spanID=0000000000000000
time=2026-08-02T15:42:26.974-07:00 level=DEBUG msg="Query returned data" test=archv2-parity tool=conduit-v2 collector=conduit type=conduit collector=conduit type=conduit name=msg-megabytes-out-per-second[archv2-parity] series-count=1 last-value=0.5422801971435547
time=2026-08-02T15:42:27.142-07:00 level=DEBUG msg="Inspecting container" model=container-monitor name=benchi-conduit
time=2026-08-02T15:42:27.648-07:00 level=DEBUG msg="Inspecting container" model=container-monitor name=benchi-conduit
time=2026-08-02T15:42:27.974-07:00 level=DEBUG msg="promql query logged" test=archv2-parity tool=conduit-v2 collector=conduit type=conduit collector=conduit type=conduit params="map[end:2026-08-02T22:42:27.974Z query:rate(conduit_pipeline_execution_duration_seconds_count{pipeline_name=\"archv2-parity\"}[2s]) start:2026-08-02T22:42:08.973Z step:1]" stats="&{Timings:{EvalTotalTime:8.6166e-05 ResultSortTime:5.42e-07 QueryPreparationTime:2.7625e-05 InnerEvalTime:5.0208e-05 ExecQueueTime:4.209e-06 ExecTotalTime:9.4125e-05} Samples:0x14001006bd0}" spanID=0000000000000000
time=2026-08-02T15:42:27.974-07:00 level=DEBUG msg="Query returned data" test=archv2-parity tool=conduit-v2 collector=conduit type=conduit collector=conduit type=conduit name=msg-rate-per-second[archv2-parity] series-count=1 last-value=21353.29341317365
time=2026-08-02T15:42:27.975-07:00 level=DEBUG msg="promql query logged" test=archv2-parity tool=conduit-v2 collector=conduit type=conduit collector=conduit type=conduit params="map[end:2026-08-02T22:42:27.974Z query:rate(conduit_connector_bytes_sum{pipeline_name=\"archv2-parity\",type=\"source\"}[2s])/1048576 start:2026-08-02T22:42:08.973Z step:1]" stats="&{Timings:{EvalTotalTime:7.7166e-05 ResultSortTime:3.33e-07 QueryPreparationTime:1.5375e-05 InnerEvalTime:5.5708e-05 ExecQueueTime:2.249e-06 ExecTotalTime:8.2459e-05} Samples:0x14001007830}" spanID=0000000000000000
time=2026-08-02T15:42:27.975-07:00 level=DEBUG msg="Query returned data" test=archv2-parity tool=conduit-v2 collector=conduit type=conduit collector=conduit type=conduit name=msg-megabytes-in-per-second[archv2-parity] series-count=1 last-value=0.6021863210225057
time=2026-08-02T15:42:27.975-07:00 level=DEBUG msg="promql query logged" test=archv2-parity tool=conduit-v2 collector=conduit type=conduit collector=conduit type=conduit params="map[end:2026-08-02T22:42:27.975Z query:rate(conduit_connector_bytes_sum{pipeline_name=\"archv2-parity\",type=\"destination\"}[2s])/1048576 start:2026-08-02T22:42:08.973Z step:1]" stats="&{Timings:{EvalTotalTime:5.3375e-05 ResultSortTime:2.5e-07 QueryPreparationTime:8.875e-06 InnerEvalTime:3.9083e-05 ExecQueueTime:1.542e-06 ExecTotalTime:5.95e-05} Samples:0x14001726480}" spanID=0000000000000000
time=2026-08-02T15:42:27.975-07:00 level=DEBUG msg="Query returned data" test=archv2-parity tool=conduit-v2 collector=conduit type=conduit collector=conduit type=conduit name=msg-megabytes-out-per-second[archv2-parity] series-count=1 last-value=0.6021368289422132
time=2026-08-02T15:42:28.159-07:00 level=DEBUG msg="Inspecting container" model=container-monitor name=benchi-conduit
time=2026-08-02T15:42:28.665-07:00 level=DEBUG msg="Inspecting container" model=container-monitor name=benchi-conduit
time=2026-08-02T15:42:28.974-07:00 level=INFO msg="Test in progress" test=archv2-parity tool=conduit-v2 step=test time-left=40s
time=2026-08-02T15:42:28.974-07:00 level=DEBUG msg="promql query logged" test=archv2-parity tool=conduit-v2 collector=conduit type=conduit collector=conduit type=conduit params="map[end:2026-08-02T22:42:28.974Z query:rate(conduit_pipeline_execution_duration_seconds_count{pipeline_name=\"archv2-parity\"}[2s]) start:2026-08-02T22:42:08.973Z step:1]" stats="&{Timings:{EvalTotalTime:6.1292e-05 ResultSortTime:7.5e-07 QueryPreparationTime:1.8292e-05 InnerEvalTime:3.5459e-05 ExecQueueTime:2.167e-06 ExecTotalTime:6.4917e-05} Samples:0x14001124c60}" spanID=0000000000000000
time=2026-08-02T15:42:28.974-07:00 level=DEBUG msg="Query returned data" test=archv2-parity tool=conduit-v2 collector=conduit type=conduit collector=conduit type=conduit name=msg-rate-per-second[archv2-parity] series-count=1 last-value=20606.2124248497
time=2026-08-02T15:42:28.974-07:00 level=DEBUG msg="promql query logged" test=archv2-parity tool=conduit-v2 collector=conduit type=conduit collector=conduit type=conduit params="map[end:2026-08-02T22:42:28.974Z query:rate(conduit_connector_bytes_sum{pipeline_name=\"archv2-parity\",type=\"source\"}[2s])/1048576 start:2026-08-02T22:42:08.973Z step:1]" stats="&{Timings:{EvalTotalTime:3.4458e-05 ResultSortTime:1.25e-07 QueryPreparationTime:4.708e-06 InnerEvalTime:2.775e-05 ExecQueueTime:5e-07 ExecTotalTime:3.5792e-05} Samples:0x140011252c0}" spanID=0000000000000000
time=2026-08-02T15:42:28.974-07:00 level=DEBUG msg="Query returned data" test=archv2-parity tool=conduit-v2 collector=conduit type=conduit collector=conduit type=conduit name=msg-megabytes-in-per-second[archv2-parity] series-count=1 last-value=0.5824312657297015
time=2026-08-02T15:42:28.974-07:00 level=DEBUG msg="promql query logged" test=archv2-parity tool=conduit-v2 collector=conduit type=conduit collector=conduit type=conduit params="map[end:2026-08-02T22:42:28.974Z query:rate(conduit_connector_bytes_sum{pipeline_name=\"archv2-parity\",type=\"destination\"}[2s])/1048576 start:2026-08-02T22:42:08.973Z step:1]" stats="&{Timings:{EvalTotalTime:1.9833e-05 ResultSortTime:4.1e-08 QueryPreparationTime:3.542e-06 InnerEvalTime:1.45e-05 ExecQueueTime:5e-07 ExecTotalTime:2.1083e-05} Samples:0x14001125920}" spanID=0000000000000000
time=2026-08-02T15:42:28.974-07:00 level=DEBUG msg="Query returned data" test=archv2-parity tool=conduit-v2 collector=conduit type=conduit collector=conduit type=conduit name=msg-megabytes-out-per-second[archv2-parity] series-count=1 last-value=0.5824838229315075
time=2026-08-02T15:42:29.170-07:00 level=DEBUG msg="Inspecting container" model=container-monitor name=benchi-conduit
time=2026-08-02T15:42:29.679-07:00 level=DEBUG msg="Inspecting container" model=container-monitor name=benchi-conduit
time=2026-08-02T15:42:29.974-07:00 level=DEBUG msg="promql query logged" test=archv2-parity tool=conduit-v2 collector=conduit type=conduit collector=conduit type=conduit params="map[end:2026-08-02T22:42:29.974Z query:rate(conduit_pipeline_execution_duration_seconds_count{pipeline_name=\"archv2-parity\"}[2s]) start:2026-08-02T22:42:08.973Z step:1]" stats="&{Timings:{EvalTotalTime:0.000104417 ResultSortTime:8.34e-07 QueryPreparationTime:3.1459e-05 InnerEvalTime:6.375e-05 ExecQueueTime:4.875e-06 ExecTotalTime:0.000151083} Samples:0x14001643230}" spanID=0000000000000000
time=2026-08-02T15:42:29.975-07:00 level=DEBUG msg="Query returned data" test=archv2-parity tool=conduit-v2 collector=conduit type=conduit collector=conduit type=conduit name=msg-rate-per-second[archv2-parity] series-count=1 last-value=19566
time=2026-08-02T15:42:29.975-07:00 level=DEBUG msg="promql query logged" test=archv2-parity tool=conduit-v2 collector=conduit type=conduit collector=conduit type=conduit params="map[end:2026-08-02T22:42:29.975Z query:rate(conduit_connector_bytes_sum{pipeline_name=\"archv2-parity\",type=\"source\"}[2s])/1048576 start:2026-08-02T22:42:08.973Z step:1]" stats="&{Timings:{EvalTotalTime:7.5e-05 ResultSortTime:3.75e-07 QueryPreparationTime:1.5375e-05 InnerEvalTime:5.5583e-05 ExecQueueTime:1.833e-06 ExecTotalTime:7.8875e-05} Samples:0x14001643890}" spanID=0000000000000000
time=2026-08-02T15:42:29.975-07:00 level=DEBUG msg="Query returned data" test=archv2-parity tool=conduit-v2 collector=conduit type=conduit collector=conduit type=conduit name=msg-megabytes-in-per-second[archv2-parity] series-count=1 last-value=0.5525236129760742
time=2026-08-02T15:42:29.975-07:00 level=DEBUG msg="promql query logged" test=archv2-parity tool=conduit-v2 collector=conduit type=conduit collector=conduit type=conduit params="map[end:2026-08-02T22:42:29.975Z query:rate(conduit_connector_bytes_sum{pipeline_name=\"archv2-parity\",type=\"destination\"}[2s])/1048576 start:2026-08-02T22:42:08.973Z step:1]" stats="&{Timings:{EvalTotalTime:3.9833e-05 ResultSortTime:1.25e-07 QueryPreparationTime:4.416e-06 InnerEvalTime:2.8e-05 ExecQueueTime:7.08e-07 ExecTotalTime:4.1958e-05} Samples:0x14001643ef0}" spanID=0000000000000000
time=2026-08-02T15:42:29.975-07:00 level=DEBUG msg="Query returned data" test=archv2-parity tool=conduit-v2 collector=conduit type=conduit collector=conduit type=conduit name=msg-megabytes-out-per-second[archv2-parity] series-count=1 last-value=0.5525264739990234
time=2026-08-02T15:42:30.190-07:00 level=DEBUG msg="Inspecting container" model=container-monitor name=benchi-conduit
time=2026-08-02T15:42:30.697-07:00 level=DEBUG msg="Inspecting container" model=container-monitor name=benchi-conduit
time=2026-08-02T15:42:30.974-07:00 level=DEBUG msg="promql query logged" test=archv2-parity tool=conduit-v2 collector=conduit type=conduit collector=conduit type=conduit params="map[end:2026-08-02T22:42:30.974Z query:rate(conduit_pipeline_execution_duration_seconds_count{pipeline_name=\"archv2-parity\"}[2s]) start:2026-08-02T22:42:08.973Z step:1]" stats="&{Timings:{EvalTotalTime:0.000109292 ResultSortTime:1.375e-06 QueryPreparationTime:3.375e-05 InnerEvalTime:6.6375e-05 ExecQueueTime:5.375e-06 ExecTotalTime:0.00011975} Samples:0x1400166f8c0}" spanID=0000000000000000
time=2026-08-02T15:42:30.975-07:00 level=DEBUG msg="Query returned data" test=archv2-parity tool=conduit-v2 collector=conduit type=conduit collector=conduit type=conduit name=msg-rate-per-second[archv2-parity] series-count=1 last-value=20852.295409181635
time=2026-08-02T15:42:30.975-07:00 level=DEBUG msg="promql query logged" test=archv2-parity tool=conduit-v2 collector=conduit type=conduit collector=conduit type=conduit params="map[end:2026-08-02T22:42:30.975Z query:rate(conduit_connector_bytes_sum{pipeline_name=\"archv2-parity\",type=\"source\"}[2s])/1048576 start:2026-08-02T22:42:08.973Z step:1]" stats="&{Timings:{EvalTotalTime:8.625e-05 ResultSortTime:3.34e-07 QueryPreparationTime:1.55e-05 InnerEvalTime:6.3291e-05 ExecQueueTime:2.334e-06 ExecTotalTime:9.1584e-05} Samples:0x1400166ff20}" spanID=0000000000000000
time=2026-08-02T15:42:30.975-07:00 level=DEBUG msg="Query returned data" test=archv2-parity tool=conduit-v2 collector=conduit type=conduit collector=conduit type=conduit name=msg-megabytes-in-per-second[archv2-parity] series-count=1 last-value=0.5886654653948937
time=2026-08-02T15:42:30.975-07:00 level=DEBUG msg="promql query logged" test=archv2-parity tool=conduit-v2 collector=conduit type=conduit collector=conduit type=conduit params="map[end:2026-08-02T22:42:30.975Z query:rate(conduit_connector_bytes_sum{pipeline_name=\"archv2-parity\",type=\"destination\"}[2s])/1048576 start:2026-08-02T22:42:08.973Z step:1]" stats="&{Timings:{EvalTotalTime:6.1875e-05 ResultSortTime:2.5e-07 QueryPreparationTime:1.1959e-05 InnerEvalTime:4.45e-05 ExecQueueTime:1.666e-06 ExecTotalTime:6.5875e-05} Samples:0x140017f0600}" spanID=0000000000000000
time=2026-08-02T15:42:30.975-07:00 level=DEBUG msg="Query returned data" test=archv2-parity tool=conduit-v2 collector=conduit type=conduit collector=conduit type=conduit name=msg-megabytes-out-per-second[archv2-parity] series-count=1 last-value=0.5886607065410195
time=2026-08-02T15:42:31.201-07:00 level=DEBUG msg="Inspecting container" model=container-monitor name=benchi-conduit
time=2026-08-02T15:42:31.712-07:00 level=DEBUG msg="Inspecting container" model=container-monitor name=benchi-conduit
time=2026-08-02T15:42:31.974-07:00 level=DEBUG msg="promql query logged" test=archv2-parity tool=conduit-v2 collector=conduit type=conduit collector=conduit type=conduit params="map[end:2026-08-02T22:42:31.974Z query:rate(conduit_pipeline_execution_duration_seconds_count{pipeline_name=\"archv2-parity\"}[2s]) start:2026-08-02T22:42:08.973Z step:1]" stats="&{Timings:{EvalTotalTime:5.95e-05 ResultSortTime:4.17e-07 QueryPreparationTime:1.7125e-05 InnerEvalTime:3.4458e-05 ExecQueueTime:3.125e-06 ExecTotalTime:6.5375e-05} Samples:0x140018cc480}" spanID=0000000000000000
time=2026-08-02T15:42:31.974-07:00 level=DEBUG msg="Query returned data" test=archv2-parity tool=conduit-v2 collector=conduit type=conduit collector=conduit type=conduit name=msg-rate-per-second[archv2-parity] series-count=1 last-value=20344
time=2026-08-02T15:42:31.974-07:00 level=DEBUG msg="promql query logged" test=archv2-parity tool=conduit-v2 collector=conduit type=conduit collector=conduit type=conduit params="map[end:2026-08-02T22:42:31.974Z query:rate(conduit_connector_bytes_sum{pipeline_name=\"archv2-parity\",type=\"source\"}[2s])/1048576 start:2026-08-02T22:42:08.973Z step:1]" stats="&{Timings:{EvalTotalTime:5.2917e-05 ResultSortTime:2.92e-07 QueryPreparationTime:8.042e-06 InnerEvalTime:4.1125e-05 ExecQueueTime:8.75e-07 ExecTotalTime:5.5833e-05} Samples:0x140018ccae0}" spanID=0000000000000000
time=2026-08-02T15:42:31.974-07:00 level=DEBUG msg="Query returned data" test=archv2-parity tool=conduit-v2 collector=conduit type=conduit collector=conduit type=conduit name=msg-megabytes-in-per-second[archv2-parity] series-count=1 last-value=0.5747804641723633
time=2026-08-02T15:42:31.975-07:00 level=DEBUG msg="promql query logged" test=archv2-parity tool=conduit-v2 collector=conduit type=conduit collector=conduit type=conduit params="map[end:2026-08-02T22:42:31.974Z query:rate(conduit_connector_bytes_sum{pipeline_name=\"archv2-parity\",type=\"destination\"}[2s])/1048576 start:2026-08-02T22:42:08.973Z step:1]" stats="&{Timings:{EvalTotalTime:3.825e-05 ResultSortTime:2.09e-07 QueryPreparationTime:5.292e-06 InnerEvalTime:2.9708e-05 ExecQueueTime:8.34e-07 ExecTotalTime:4.0583e-05} Samples:0x140018cd140}" spanID=0000000000000000
time=2026-08-02T15:42:31.975-07:00 level=DEBUG msg="Query returned data" test=archv2-parity tool=conduit-v2 collector=conduit type=conduit collector=conduit type=conduit name=msg-megabytes-out-per-second[archv2-parity] series-count=1 last-value=0.5747795104980469
time=2026-08-02T15:42:32.223-07:00 level=DEBUG msg="Inspecting container" model=container-monitor name=benchi-conduit
time=2026-08-02T15:42:32.735-07:00 level=DEBUG msg="Inspecting container" model=container-monitor name=benchi-conduit
time=2026-08-02T15:42:32.975-07:00 level=DEBUG msg="promql query logged" test=archv2-parity tool=conduit-v2 collector=conduit type=conduit collector=conduit type=conduit params="map[end:2026-08-02T22:42:32.975Z query:rate(conduit_pipeline_execution_duration_seconds_count{pipeline_name=\"archv2-parity\"}[2s]) start:2026-08-02T22:42:08.973Z step:1]" stats="&{Timings:{EvalTotalTime:9.9834e-05 ResultSortTime:1.125e-06 QueryPreparationTime:3.0541e-05 InnerEvalTime:6.075e-05 ExecQueueTime:5.041e-06 ExecTotalTime:0.000108834} Samples:0x140019b0c90}" spanID=0000000000000000
time=2026-08-02T15:42:32.975-07:00 level=DEBUG msg="Query returned data" test=archv2-parity tool=conduit-v2 collector=conduit type=conduit collector=conduit type=conduit name=msg-rate-per-second[archv2-parity] series-count=1 last-value=20313.060817547357
time=2026-08-02T15:42:32.976-07:00 level=DEBUG msg="promql query logged" test=archv2-parity tool=conduit-v2 collector=conduit type=conduit collector=conduit type=conduit params="map[end:2026-08-02T22:42:32.976Z query:rate(conduit_connector_bytes_sum{pipeline_name=\"archv2-parity\",type=\"source\"}[2s])/1048576 start:2026-08-02T22:42:08.973Z step:1]" stats="&{Timings:{EvalTotalTime:6.775e-05 ResultSortTime:1.25e-07 QueryPreparationTime:1.1458e-05 InnerEvalTime:5.2708e-05 ExecQueueTime:1.417e-06 ExecTotalTime:7.1792e-05} Samples:0x140019b12f0}" spanID=0000000000000000
time=2026-08-02T15:42:32.976-07:00 level=DEBUG msg="Query returned data" test=archv2-parity tool=conduit-v2 collector=conduit type=conduit collector=conduit type=conduit name=msg-megabytes-in-per-second[archv2-parity] series-count=1 last-value=0.5731573133383054
time=2026-08-02T15:42:32.976-07:00 level=DEBUG msg="promql query logged" test=archv2-parity tool=conduit-v2 collector=conduit type=conduit collector=conduit type=conduit params="map[end:2026-08-02T22:42:32.976Z query:rate(conduit_connector_bytes_sum{pipeline_name=\"archv2-parity\",type=\"destination\"}[2s])/1048576 start:2026-08-02T22:42:08.973Z step:1]" stats="&{Timings:{EvalTotalTime:5.7709e-05 ResultSortTime:4.16e-07 QueryPreparationTime:4.625e-06 InnerEvalTime:4.9583e-05 ExecQueueTime:8.75e-07 ExecTotalTime:6.0167e-05} Samples:0x140019b1950}" spanID=0000000000000000
time=2026-08-02T15:42:32.976-07:00 level=DEBUG msg="Query returned data" test=archv2-parity tool=conduit-v2 collector=conduit type=conduit collector=conduit type=conduit name=msg-megabytes-out-per-second[archv2-parity] series-count=1 last-value=0.5731867888156819
time=2026-08-02T15:42:33.242-07:00 level=DEBUG msg="Inspecting container" model=container-monitor name=benchi-conduit
time=2026-08-02T15:42:33.748-07:00 level=DEBUG msg="Inspecting container" model=container-monitor name=benchi-conduit
time=2026-08-02T15:42:33.974-07:00 level=DEBUG msg="promql query logged" test=archv2-parity tool=conduit-v2 collector=conduit type=conduit collector=conduit type=conduit params="map[end:2026-08-02T22:42:33.974Z query:rate(conduit_pipeline_execution_duration_seconds_count{pipeline_name=\"archv2-parity\"}[2s]) start:2026-08-02T22:42:08.973Z step:1]" stats="&{Timings:{EvalTotalTime:5.5958e-05 ResultSortTime:4.17e-07 QueryPreparationTime:1.4667e-05 InnerEvalTime:3.5542e-05 ExecQueueTime:2.542e-06 ExecTotalTime:6.1333e-05} Samples:0x140019cacc0}" spanID=0000000000000000
time=2026-08-02T15:42:33.974-07:00 level=INFO msg="Test in progress" test=archv2-parity tool=conduit-v2 step=test time-left=35s
time=2026-08-02T15:42:33.978-07:00 level=DEBUG msg="Query returned data" test=archv2-parity tool=conduit-v2 collector=conduit type=conduit collector=conduit type=conduit name=msg-rate-per-second[archv2-parity] series-count=1 last-value=21348.743718592963
time=2026-08-02T15:42:33.978-07:00 level=DEBUG msg="promql query logged" test=archv2-parity tool=conduit-v2 collector=conduit type=conduit collector=conduit type=conduit params="map[end:2026-08-02T22:42:33.978Z query:rate(conduit_connector_bytes_sum{pipeline_name=\"archv2-parity\",type=\"source\"}[2s])/1048576 start:2026-08-02T22:42:08.973Z step:1]" stats="&{Timings:{EvalTotalTime:0.000107417 ResultSortTime:2.09e-07 QueryPreparationTime:1.1291e-05 InnerEvalTime:9.15e-05 ExecQueueTime:1.626e-06 ExecTotalTime:0.000111167} Samples:0x140019cb500}" spanID=0000000000000000
time=2026-08-02T15:42:33.978-07:00 level=DEBUG msg="Query returned data" test=archv2-parity tool=conduit-v2 collector=conduit type=conduit collector=conduit type=conduit name=msg-megabytes-in-per-second[archv2-parity] series-count=1 last-value=0.602747088101641
time=2026-08-02T15:42:33.978-07:00 level=DEBUG msg="promql query logged" test=archv2-parity tool=conduit-v2 collector=conduit type=conduit collector=conduit type=conduit params="map[end:2026-08-02T22:42:33.978Z query:rate(conduit_connector_bytes_sum{pipeline_name=\"archv2-parity\",type=\"destination\"}[2s])/1048576 start:2026-08-02T22:42:08.973Z step:1]" stats="&{Timings:{EvalTotalTime:3.5625e-05 ResultSortTime:1.66e-07 QueryPreparationTime:4.791e-06 InnerEvalTime:2.8e-05 ExecQueueTime:7.49e-07 ExecTotalTime:3.8084e-05} Samples:0x140019cbb60}" spanID=0000000000000000
time=2026-08-02T15:42:33.978-07:00 level=DEBUG msg="Query returned data" test=archv2-parity tool=conduit-v2 collector=conduit type=conduit collector=conduit type=conduit name=msg-megabytes-out-per-second[archv2-parity] series-count=1 last-value=0.6027768005677803
time=2026-08-02T15:42:34.257-07:00 level=DEBUG msg="Inspecting container" model=container-monitor name=benchi-conduit
time=2026-08-02T15:42:34.763-07:00 level=DEBUG msg="Inspecting container" model=container-monitor name=benchi-conduit
time=2026-08-02T15:42:34.974-07:00 level=DEBUG msg="promql query logged" test=archv2-parity tool=conduit-v2 collector=conduit type=conduit collector=conduit type=conduit params="map[end:2026-08-02T22:42:34.974Z query:rate(conduit_pipeline_execution_duration_seconds_count{pipeline_name=\"archv2-parity\"}[2s]) start:2026-08-02T22:42:08.973Z step:1]" stats="&{Timings:{EvalTotalTime:0.000118375 ResultSortTime:1.125e-06 QueryPreparationTime:3.85e-05 InnerEvalTime:6.9292e-05 ExecQueueTime:5.75e-06 ExecTotalTime:0.000128958} Samples:0x1400172b950}" spanID=0000000000000000
time=2026-08-02T15:42:34.978-07:00 level=DEBUG msg="Query returned data" test=archv2-parity tool=conduit-v2 collector=conduit type=conduit collector=conduit type=conduit name=msg-rate-per-second[archv2-parity] series-count=1 last-value=21384
time=2026-08-02T15:42:34.978-07:00 level=DEBUG msg="promql query logged" test=archv2-parity tool=conduit-v2 collector=conduit type=conduit collector=conduit type=conduit params="map[end:2026-08-02T22:42:34.978Z query:rate(conduit_connector_bytes_sum{pipeline_name=\"archv2-parity\",type=\"source\"}[2s])/1048576 start:2026-08-02T22:42:08.973Z step:1]" stats="&{Timings:{EvalTotalTime:6.3709e-05 ResultSortTime:1.875e-06 QueryPreparationTime:1.3042e-05 InnerEvalTime:4.5542e-05 ExecQueueTime:1.876e-06 ExecTotalTime:6.6917e-05} Samples:0x140011cc030}" spanID=0000000000000000
time=2026-08-02T15:42:34.978-07:00 level=DEBUG msg="Query returned data" test=archv2-parity tool=conduit-v2 collector=conduit type=conduit collector=conduit type=conduit name=msg-megabytes-in-per-second[archv2-parity] series-count=1 last-value=0.6055622100830078
time=2026-08-02T15:42:34.978-07:00 level=DEBUG msg="promql query logged" test=archv2-parity tool=conduit-v2 collector=conduit type=conduit collector=conduit type=conduit params="map[end:2026-08-02T22:42:34.978Z query:rate(conduit_connector_bytes_sum{pipeline_name=\"archv2-parity\",type=\"destination\"}[2s])/1048576 start:2026-08-02T22:42:08.973Z step:1]" stats="&{Timings:{EvalTotalTime:2.3416e-05 ResultSortTime:8.3e-08 QueryPreparationTime:3.125e-06 InnerEvalTime:1.8584e-05 ExecQueueTime:5.84e-07 ExecTotalTime:2.4875e-05} Samples:0x140011cc6f0}" spanID=0000000000000000
time=2026-08-02T15:42:34.978-07:00 level=DEBUG msg="Query returned data" test=archv2-parity tool=conduit-v2 collector=conduit type=conduit collector=conduit type=conduit name=msg-megabytes-out-per-second[archv2-parity] series-count=1 last-value=0.6055231094360352
time=2026-08-02T15:42:35.267-07:00 level=DEBUG msg="Inspecting container" model=container-monitor name=benchi-conduit
time=2026-08-02T15:42:35.775-07:00 level=DEBUG msg="Inspecting container" model=container-monitor name=benchi-conduit
time=2026-08-02T15:42:35.974-07:00 level=DEBUG msg="promql query logged" test=archv2-parity tool=conduit-v2 collector=conduit type=conduit collector=conduit type=conduit params="map[end:2026-08-02T22:42:35.974Z query:rate(conduit_pipeline_execution_duration_seconds_count{pipeline_name=\"archv2-parity\"}[2s]) start:2026-08-02T22:42:08.973Z step:1]" stats="&{Timings:{EvalTotalTime:8.6834e-05 ResultSortTime:4.16e-07 QueryPreparationTime:2.8584e-05 InnerEvalTime:5.1542e-05 ExecQueueTime:3.25e-06 ExecTotalTime:9.3834e-05} Samples:0x14001730ba0}" spanID=0000000000000000
time=2026-08-02T15:42:35.975-07:00 level=DEBUG msg="Query returned data" test=archv2-parity tool=conduit-v2 collector=conduit type=conduit collector=conduit type=conduit name=msg-rate-per-second[archv2-parity] series-count=1 last-value=19113
time=2026-08-02T15:42:35.975-07:00 level=DEBUG msg="promql query logged" test=archv2-parity tool=conduit-v2 collector=conduit type=conduit collector=conduit type=conduit params="map[end:2026-08-02T22:42:35.975Z query:rate(conduit_connector_bytes_sum{pipeline_name=\"archv2-parity\",type=\"source\"}[2s])/1048576 start:2026-08-02T22:42:08.973Z step:1]" stats="&{Timings:{EvalTotalTime:8.1583e-05 ResultSortTime:2.5e-07 QueryPreparationTime:1.7375e-05 InnerEvalTime:5.9166e-05 ExecQueueTime:2.834e-06 ExecTotalTime:8.5917e-05} Samples:0x14001731230}" spanID=0000000000000000
time=2026-08-02T15:42:35.975-07:00 level=DEBUG msg="Query returned data" test=archv2-parity tool=conduit-v2 collector=conduit type=conduit collector=conduit type=conduit name=msg-megabytes-in-per-second[archv2-parity] series-count=1 last-value=0.5408926010131836
time=2026-08-02T15:42:35.976-07:00 level=DEBUG msg="promql query logged" test=archv2-parity tool=conduit-v2 collector=conduit type=conduit collector=conduit type=conduit params="map[end:2026-08-02T22:42:35.975Z query:rate(conduit_connector_bytes_sum{pipeline_name=\"archv2-parity\",type=\"destination\"}[2s])/1048576 start:2026-08-02T22:42:08.973Z step:1]" stats="&{Timings:{EvalTotalTime:4.6375e-05 ResultSortTime:1.25e-07 QueryPreparationTime:5.708e-06 InnerEvalTime:3.3334e-05 ExecQueueTime:1e-06 ExecTotalTime:4.8667e-05} Samples:0x14001731890}" spanID=0000000000000000
time=2026-08-02T15:42:35.976-07:00 level=DEBUG msg="Query returned data" test=archv2-parity tool=conduit-v2 collector=conduit type=conduit collector=conduit type=conduit name=msg-megabytes-out-per-second[archv2-parity] series-count=1 last-value=0.5408802032470703
time=2026-08-02T15:42:36.281-07:00 level=DEBUG msg="Inspecting container" model=container-monitor name=benchi-conduit
time=2026-08-02T15:42:36.795-07:00 level=DEBUG msg="Inspecting container" model=container-monitor name=benchi-conduit
time=2026-08-02T15:42:36.976-07:00 level=DEBUG msg="promql query logged" test=archv2-parity tool=conduit-v2 collector=conduit type=conduit collector=conduit type=conduit params="map[end:2026-08-02T22:42:36.976Z query:rate(conduit_pipeline_execution_duration_seconds_count{pipeline_name=\"archv2-parity\"}[2s]) start:2026-08-02T22:42:08.973Z step:1]" stats="&{Timings:{EvalTotalTime:6.125e-05 ResultSortTime:3.75e-07 QueryPreparationTime:2.1875e-05 InnerEvalTime:3.375e-05 ExecQueueTime:2.626e-06 ExecTotalTime:6.6875e-05} Samples:0x14001087590}" spanID=0000000000000000
time=2026-08-02T15:42:36.976-07:00 level=DEBUG msg="Query returned data" test=archv2-parity tool=conduit-v2 collector=conduit type=conduit collector=conduit type=conduit name=msg-rate-per-second[archv2-parity] series-count=1 last-value=21140
time=2026-08-02T15:42:36.976-07:00 level=DEBUG msg="promql query logged" test=archv2-parity tool=conduit-v2 collector=conduit type=conduit collector=conduit type=conduit params="map[end:2026-08-02T22:42:36.976Z query:rate(conduit_connector_bytes_sum{pipeline_name=\"archv2-parity\",type=\"source\"}[2s])/1048576 start:2026-08-02T22:42:08.973Z step:1]" stats="&{Timings:{EvalTotalTime:5.7542e-05 ResultSortTime:2.08e-07 QueryPreparationTime:1.1042e-05 InnerEvalTime:4.2625e-05 ExecQueueTime:1.166e-06 ExecTotalTime:6.0625e-05} Samples:0x1400184e0f0}" spanID=0000000000000000
time=2026-08-02T15:42:36.976-07:00 level=DEBUG msg="Query returned data" test=archv2-parity tool=conduit-v2 collector=conduit type=conduit collector=conduit type=conduit name=msg-megabytes-in-per-second[archv2-parity] series-count=1 last-value=0.5969352722167969
time=2026-08-02T15:42:36.976-07:00 level=DEBUG msg="promql query logged" test=archv2-parity tool=conduit-v2 collector=conduit type=conduit collector=conduit type=conduit params="map[end:2026-08-02T22:42:36.976Z query:rate(conduit_connector_bytes_sum{pipeline_name=\"archv2-parity\",type=\"destination\"}[2s])/1048576 start:2026-08-02T22:42:08.973Z step:1]" stats="&{Timings:{EvalTotalTime:5.0041e-05 ResultSortTime:2.08e-07 QueryPreparationTime:6.375e-06 InnerEvalTime:4e-05 ExecQueueTime:1.125e-06 ExecTotalTime:5.3e-05} Samples:0x1400184e750}" spanID=0000000000000000
time=2026-08-02T15:42:36.976-07:00 level=DEBUG msg="Query returned data" test=archv2-parity tool=conduit-v2 collector=conduit type=conduit collector=conduit type=conduit name=msg-megabytes-out-per-second[archv2-parity] series-count=1 last-value=0.5969305038452148
time=2026-08-02T15:42:37.299-07:00 level=DEBUG msg="Inspecting container" model=container-monitor name=benchi-conduit
time=2026-08-02T15:42:37.804-07:00 level=DEBUG msg="Inspecting container" model=container-monitor name=benchi-conduit
time=2026-08-02T15:42:37.974-07:00 level=DEBUG msg="promql query logged" test=archv2-parity tool=conduit-v2 collector=conduit type=conduit collector=conduit type=conduit params="map[end:2026-08-02T22:42:37.974Z query:rate(conduit_pipeline_execution_duration_seconds_count{pipeline_name=\"archv2-parity\"}[2s]) start:2026-08-02T22:42:08.973Z step:1]" stats="&{Timings:{EvalTotalTime:7.1833e-05 ResultSortTime:3.33e-07 QueryPreparationTime:2.1375e-05 InnerEvalTime:4.4083e-05 ExecQueueTime:3.791e-06 ExecTotalTime:7.9292e-05} Samples:0x140010c3b60}" spanID=0000000000000000
time=2026-08-02T15:42:37.974-07:00 level=DEBUG msg="Query returned data" test=archv2-parity tool=conduit-v2 collector=conduit type=conduit collector=conduit type=conduit name=msg-rate-per-second[archv2-parity] series-count=1 last-value=20511
time=2026-08-02T15:42:37.974-07:00 level=DEBUG msg="promql query logged" test=archv2-parity tool=conduit-v2 collector=conduit type=conduit collector=conduit type=conduit params="map[end:2026-08-02T22:42:37.974Z query:rate(conduit_connector_bytes_sum{pipeline_name=\"archv2-parity\",type=\"source\"}[2s])/1048576 start:2026-08-02T22:42:08.973Z step:1]" stats="&{Timings:{EvalTotalTime:5.9584e-05 ResultSortTime:4.59e-07 QueryPreparationTime:7.833e-06 InnerEvalTime:4.8125e-05 ExecQueueTime:8.75e-07 ExecTotalTime:6.1916e-05} Samples:0x14000b00240}" spanID=0000000000000000
time=2026-08-02T15:42:37.974-07:00 level=DEBUG msg="Query returned data" test=archv2-parity tool=conduit-v2 collector=conduit type=conduit collector=conduit type=conduit name=msg-megabytes-in-per-second[archv2-parity] series-count=1 last-value=0.579524040222168
time=2026-08-02T15:42:37.975-07:00 level=DEBUG msg="promql query logged" test=archv2-parity tool=conduit-v2 collector=conduit type=conduit collector=conduit type=conduit params="map[end:2026-08-02T22:42:37.974Z query:rate(conduit_connector_bytes_sum{pipeline_name=\"archv2-parity\",type=\"destination\"}[2s])/1048576 start:2026-08-02T22:42:08.973Z step:1]" stats="&{Timings:{EvalTotalTime:3.9667e-05 ResultSortTime:1.25e-07 QueryPreparationTime:4.041e-06 InnerEvalTime:3.25e-05 ExecQueueTime:6.67e-07 ExecTotalTime:4.1666e-05} Samples:0x14000b00a80}" spanID=0000000000000000
time=2026-08-02T15:42:37.975-07:00 level=DEBUG msg="Query returned data" test=archv2-parity tool=conduit-v2 collector=conduit type=conduit collector=conduit type=conduit name=msg-megabytes-out-per-second[archv2-parity] series-count=1 last-value=0.5795202255249023
time=2026-08-02T15:42:38.309-07:00 level=DEBUG msg="Inspecting container" model=container-monitor name=benchi-conduit
time=2026-08-02T15:42:38.813-07:00 level=DEBUG msg="Inspecting container" model=container-monitor name=benchi-conduit
time=2026-08-02T15:42:38.974-07:00 level=INFO msg="Test in progress" test=archv2-parity tool=conduit-v2 step=test time-left=30s
time=2026-08-02T15:42:38.974-07:00 level=DEBUG msg="promql query logged" test=archv2-parity tool=conduit-v2 collector=conduit type=conduit collector=conduit type=conduit params="map[end:2026-08-02T22:42:38.974Z query:rate(conduit_pipeline_execution_duration_seconds_count{pipeline_name=\"archv2-parity\"}[2s]) start:2026-08-02T22:42:08.973Z step:1]" stats="&{Timings:{EvalTotalTime:0.000102709 ResultSortTime:8.34e-07 QueryPreparationTime:3.125e-05 InnerEvalTime:6.05e-05 ExecQueueTime:6.417e-06 ExecTotalTime:0.000118125} Samples:0x1400121b320}" spanID=0000000000000000
time=2026-08-02T15:42:38.976-07:00 level=DEBUG msg="Query returned data" test=archv2-parity tool=conduit-v2 collector=conduit type=conduit collector=conduit type=conduit name=msg-rate-per-second[archv2-parity] series-count=1 last-value=21032
time=2026-08-02T15:42:38.976-07:00 level=DEBUG msg="promql query logged" test=archv2-parity tool=conduit-v2 collector=conduit type=conduit collector=conduit type=conduit params="map[end:2026-08-02T22:42:38.976Z query:rate(conduit_connector_bytes_sum{pipeline_name=\"archv2-parity\",type=\"source\"}[2s])/1048576 start:2026-08-02T22:42:08.973Z step:1]" stats="&{Timings:{EvalTotalTime:8.7333e-05 ResultSortTime:3.75e-07 QueryPreparationTime:1.7875e-05 InnerEvalTime:6.3791e-05 ExecQueueTime:2.75e-06 ExecTotalTime:9.2208e-05} Samples:0x1400121b980}" spanID=0000000000000000
time=2026-08-02T15:42:38.976-07:00 level=DEBUG msg="Query returned data" test=archv2-parity tool=conduit-v2 collector=conduit type=conduit collector=conduit type=conduit name=msg-megabytes-in-per-second[archv2-parity] series-count=1 last-value=0.5958662033081055
time=2026-08-02T15:42:38.977-07:00 level=DEBUG msg="promql query logged" test=archv2-parity tool=conduit-v2 collector=conduit type=conduit collector=conduit type=conduit params="map[end:2026-08-02T22:42:38.976Z query:rate(conduit_connector_bytes_sum{pipeline_name=\"archv2-parity\",type=\"destination\"}[2s])/1048576 start:2026-08-02T22:42:08.973Z step:1]" stats="&{Timings:{EvalTotalTime:5.6459e-05 ResultSortTime:2.5e-07 QueryPreparationTime:7.5e-06 InnerEvalTime:4.5417e-05 ExecQueueTime:1.333e-06 ExecTotalTime:5.9625e-05} Samples:0x140009c6180}" spanID=0000000000000000
time=2026-08-02T15:42:38.977-07:00 level=DEBUG msg="Query returned data" test=archv2-parity tool=conduit-v2 collector=conduit type=conduit collector=conduit type=conduit name=msg-megabytes-out-per-second[archv2-parity] series-count=1 last-value=0.5958623886108398
time=2026-08-02T15:42:39.320-07:00 level=DEBUG msg="Inspecting container" model=container-monitor name=benchi-conduit
time=2026-08-02T15:42:39.838-07:00 level=DEBUG msg="Inspecting container" model=container-monitor name=benchi-conduit
time=2026-08-02T15:42:39.977-07:00 level=DEBUG msg="promql query logged" test=archv2-parity tool=conduit-v2 collector=conduit type=conduit collector=conduit type=conduit params="map[end:2026-08-02T22:42:39.976Z query:rate(conduit_pipeline_execution_duration_seconds_count{pipeline_name=\"archv2-parity\"}[2s]) start:2026-08-02T22:42:08.973Z step:1]" stats="&{Timings:{EvalTotalTime:0.000111583 ResultSortTime:1.125e-06 QueryPreparationTime:3.2958e-05 InnerEvalTime:6.8208e-05 ExecQueueTime:5.375e-06 ExecTotalTime:0.000122708} Samples:0x14001441e00}" spanID=0000000000000000
time=2026-08-02T15:42:39.977-07:00 level=DEBUG msg="Query returned data" test=archv2-parity tool=conduit-v2 collector=conduit type=conduit collector=conduit type=conduit name=msg-rate-per-second[archv2-parity] series-count=1 last-value=20545
time=2026-08-02T15:42:39.977-07:00 level=DEBUG msg="promql query logged" test=archv2-parity tool=conduit-v2 collector=conduit type=conduit collector=conduit type=conduit params="map[end:2026-08-02T22:42:39.977Z query:rate(conduit_connector_bytes_sum{pipeline_name=\"archv2-parity\",type=\"source\"}[2s])/1048576 start:2026-08-02T22:42:08.973Z step:1]" stats="&{Timings:{EvalTotalTime:0.000102292 ResultSortTime:4.17e-07 QueryPreparationTime:1.6833e-05 InnerEvalTime:7.025e-05 ExecQueueTime:1.708e-06 ExecTotalTime:0.000107583} Samples:0x140012d2a80}" spanID=0000000000000000
time=2026-08-02T15:42:39.977-07:00 level=DEBUG msg="Query returned data" test=archv2-parity tool=conduit-v2 collector=conduit type=conduit collector=conduit type=conduit name=msg-megabytes-in-per-second[archv2-parity] series-count=1 last-value=0.5803327560424805
time=2026-08-02T15:42:39.977-07:00 level=DEBUG msg="promql query logged" test=archv2-parity tool=conduit-v2 collector=conduit type=conduit collector=conduit type=conduit params="map[end:2026-08-02T22:42:39.977Z query:rate(conduit_connector_bytes_sum{pipeline_name=\"archv2-parity\",type=\"destination\"}[2s])/1048576 start:2026-08-02T22:42:08.973Z step:1]" stats="&{Timings:{EvalTotalTime:6.75e-05 ResultSortTime:2.92e-07 QueryPreparationTime:9.917e-06 InnerEvalTime:5.0542e-05 ExecQueueTime:1.542e-06 ExecTotalTime:7.1625e-05} Samples:0x140012d3230}" spanID=0000000000000000
time=2026-08-02T15:42:39.978-07:00 level=DEBUG msg="Query returned data" test=archv2-parity tool=conduit-v2 collector=conduit type=conduit collector=conduit type=conduit name=msg-megabytes-out-per-second[archv2-parity] series-count=1 last-value=0.5803136825561523
time=2026-08-02T15:42:40.345-07:00 level=DEBUG msg="Inspecting container" model=container-monitor name=benchi-conduit
time=2026-08-02T15:42:40.857-07:00 level=DEBUG msg="Inspecting container" model=container-monitor name=benchi-conduit
time=2026-08-02T15:42:40.974-07:00 level=DEBUG msg="promql query logged" test=archv2-parity tool=conduit-v2 collector=conduit type=conduit collector=conduit type=conduit params="map[end:2026-08-02T22:42:40.974Z query:rate(conduit_pipeline_execution_duration_seconds_count{pipeline_name=\"archv2-parity\"}[2s]) start:2026-08-02T22:42:08.973Z step:1]" stats="&{Timings:{EvalTotalTime:0.000112625 ResultSortTime:5e-07 QueryPreparationTime:3.45e-05 InnerEvalTime:6.375e-05 ExecQueueTime:4.917e-06 ExecTotalTime:0.000123} Samples:0x14001122270}" spanID=0000000000000000
time=2026-08-02T15:42:40.974-07:00 level=DEBUG msg="Query returned data" test=archv2-parity tool=conduit-v2 collector=conduit type=conduit collector=conduit type=conduit name=msg-rate-per-second[archv2-parity] series-count=1 last-value=20576
time=2026-08-02T15:42:40.975-07:00 level=DEBUG msg="promql query logged" test=archv2-parity tool=conduit-v2 collector=conduit type=conduit collector=conduit type=conduit params="map[end:2026-08-02T22:42:40.974Z query:rate(conduit_connector_bytes_sum{pipeline_name=\"archv2-parity\",type=\"source\"}[2s])/1048576 start:2026-08-02T22:42:08.973Z step:1]" stats="&{Timings:{EvalTotalTime:9.6333e-05 ResultSortTime:4.17e-07 QueryPreparationTime:2.1e-05 InnerEvalTime:6.7708e-05 ExecQueueTime:1.75e-06 ExecTotalTime:0.000101709} Samples:0x140011228d0}" spanID=0000000000000000
time=2026-08-02T15:42:40.975-07:00 level=DEBUG msg="Query returned data" test=archv2-parity tool=conduit-v2 collector=conduit type=conduit collector=conduit type=conduit name=msg-megabytes-in-per-second[archv2-parity] series-count=1 last-value=0.5805778503417969
time=2026-08-02T15:42:40.975-07:00 level=DEBUG msg="promql query logged" test=archv2-parity tool=conduit-v2 collector=conduit type=conduit collector=conduit type=conduit params="map[end:2026-08-02T22:42:40.975Z query:rate(conduit_connector_bytes_sum{pipeline_name=\"archv2-parity\",type=\"destination\"}[2s])/1048576 start:2026-08-02T22:42:08.973Z step:1]" stats="&{Timings:{EvalTotalTime:6.1833e-05 ResultSortTime:2.91e-07 QueryPreparationTime:8.666e-06 InnerEvalTime:4.9e-05 ExecQueueTime:1.291e-06 ExecTotalTime:6.5167e-05} Samples:0x14001122f60}" spanID=0000000000000000
time=2026-08-02T15:42:40.975-07:00 level=DEBUG msg="Query returned data" test=archv2-parity tool=conduit-v2 collector=conduit type=conduit collector=conduit type=conduit name=msg-megabytes-out-per-second[archv2-parity] series-count=1 last-value=0.5806026458740234
time=2026-08-02T15:42:41.361-07:00 level=DEBUG msg="Inspecting container" model=container-monitor name=benchi-conduit
time=2026-08-02T15:42:41.870-07:00 level=DEBUG msg="Inspecting container" model=container-monitor name=benchi-conduit
time=2026-08-02T15:42:41.974-07:00 level=DEBUG msg="promql query logged" test=archv2-parity tool=conduit-v2 collector=conduit type=conduit collector=conduit type=conduit params="map[end:2026-08-02T22:42:41.974Z query:rate(conduit_pipeline_execution_duration_seconds_count{pipeline_name=\"archv2-parity\"}[2s]) start:2026-08-02T22:42:08.973Z step:1]" stats="&{Timings:{EvalTotalTime:0.00011875 ResultSortTime:8.75e-07 QueryPreparationTime:3.8e-05 InnerEvalTime:6.9125e-05 ExecQueueTime:4.25e-06 ExecTotalTime:0.00012975} Samples:0x1400118c000}" spanID=0000000000000000
time=2026-08-02T15:42:41.975-07:00 level=DEBUG msg="Query returned data" test=archv2-parity tool=conduit-v2 collector=conduit type=conduit collector=conduit type=conduit name=msg-rate-per-second[archv2-parity] series-count=1 last-value=21129
time=2026-08-02T15:42:41.975-07:00 level=DEBUG msg="promql query logged" test=archv2-parity tool=conduit-v2 collector=conduit type=conduit collector=conduit type=conduit params="map[end:2026-08-02T22:42:41.975Z query:rate(conduit_connector_bytes_sum{pipeline_name=\"archv2-parity\",type=\"source\"}[2s])/1048576 start:2026-08-02T22:42:08.973Z step:1]" stats="&{Timings:{EvalTotalTime:8.6125e-05 ResultSortTime:3.75e-07 QueryPreparationTime:1.4334e-05 InnerEvalTime:6.6416e-05 ExecQueueTime:1.667e-06 ExecTotalTime:9.0208e-05} Samples:0x1400118c660}" spanID=0000000000000000
time=2026-08-02T15:42:41.975-07:00 level=DEBUG msg="Query returned data" test=archv2-parity tool=conduit-v2 collector=conduit type=conduit collector=conduit type=conduit name=msg-megabytes-in-per-second[archv2-parity] series-count=1 last-value=0.5967521667480469
time=2026-08-02T15:42:41.975-07:00 level=DEBUG msg="promql query logged" test=archv2-parity tool=conduit-v2 collector=conduit type=conduit collector=conduit type=conduit params="map[end:2026-08-02T22:42:41.975Z query:rate(conduit_connector_bytes_sum{pipeline_name=\"archv2-parity\",type=\"destination\"}[2s])/1048576 start:2026-08-02T22:42:08.973Z step:1]" stats="&{Timings:{EvalTotalTime:7.1709e-05 ResultSortTime:2.5e-07 QueryPreparationTime:1.3833e-05 InnerEvalTime:5.0208e-05 ExecQueueTime:2.625e-06 ExecTotalTime:7.5625e-05} Samples:0x1400118ccc0}" spanID=0000000000000000
time=2026-08-02T15:42:41.975-07:00 level=DEBUG msg="Query returned data" test=archv2-parity tool=conduit-v2 collector=conduit type=conduit collector=conduit type=conduit name=msg-megabytes-out-per-second[archv2-parity] series-count=1 last-value=0.5967273712158203
time=2026-08-02T15:42:42.381-07:00 level=DEBUG msg="Inspecting container" model=container-monitor name=benchi-conduit
time=2026-08-02T15:42:42.890-07:00 level=DEBUG msg="Inspecting container" model=container-monitor name=benchi-conduit
time=2026-08-02T15:42:42.975-07:00 level=DEBUG msg="promql query logged" test=archv2-parity tool=conduit-v2 collector=conduit type=conduit collector=conduit type=conduit params="map[end:2026-08-02T22:42:42.975Z query:rate(conduit_pipeline_execution_duration_seconds_count{pipeline_name=\"archv2-parity\"}[2s]) start:2026-08-02T22:42:08.973Z step:1]" stats="&{Timings:{EvalTotalTime:5.2375e-05 ResultSortTime:5.42e-07 QueryPreparationTime:1.475e-05 InnerEvalTime:3.2666e-05 ExecQueueTime:2.334e-06 ExecTotalTime:5.7166e-05} Samples:0x14000fff350}" spanID=0000000000000000
time=2026-08-02T15:42:42.975-07:00 level=DEBUG msg="Query returned data" test=archv2-parity tool=conduit-v2 collector=conduit type=conduit collector=conduit type=conduit name=msg-rate-per-second[archv2-parity] series-count=1 last-value=22879
time=2026-08-02T15:42:42.975-07:00 level=DEBUG msg="promql query logged" test=archv2-parity tool=conduit-v2 collector=conduit type=conduit collector=conduit type=conduit params="map[end:2026-08-02T22:42:42.975Z query:rate(conduit_connector_bytes_sum{pipeline_name=\"archv2-parity\",type=\"source\"}[2s])/1048576 start:2026-08-02T22:42:08.973Z step:1]" stats="&{Timings:{EvalTotalTime:5.2708e-05 ResultSortTime:2.08e-07 QueryPreparationTime:6.292e-06 InnerEvalTime:4.3292e-05 ExecQueueTime:8.34e-07 ExecTotalTime:5.5e-05} Samples:0x14000fff9b0}" spanID=0000000000000000
time=2026-08-02T15:42:42.975-07:00 level=DEBUG msg="Query returned data" test=archv2-parity tool=conduit-v2 collector=conduit type=conduit collector=conduit type=conduit name=msg-megabytes-in-per-second[archv2-parity] series-count=1 last-value=0.6469793319702148
time=2026-08-02T15:42:42.975-07:00 level=DEBUG msg="promql query logged" test=archv2-parity tool=conduit-v2 collector=conduit type=conduit collector=conduit type=conduit params="map[end:2026-08-02T22:42:42.975Z query:rate(conduit_connector_bytes_sum{pipeline_name=\"archv2-parity\",type=\"destination\"}[2s])/1048576 start:2026-08-02T22:42:08.973Z step:1]" stats="&{Timings:{EvalTotalTime:4.6083e-05 ResultSortTime:1.25e-07 QueryPreparationTime:3.708e-06 InnerEvalTime:3.5166e-05 ExecQueueTime:7.08e-07 ExecTotalTime:4.7875e-05} Samples:0x14001232090}" spanID=0000000000000000
time=2026-08-02T15:42:42.975-07:00 level=DEBUG msg="Query returned data" test=archv2-parity tool=conduit-v2 collector=conduit type=conduit collector=conduit type=conduit name=msg-megabytes-out-per-second[archv2-parity] series-count=1 last-value=0.6469793319702148
time=2026-08-02T15:42:43.395-07:00 level=DEBUG msg="Inspecting container" model=container-monitor name=benchi-conduit
time=2026-08-02T15:42:43.900-07:00 level=DEBUG msg="Inspecting container" model=container-monitor name=benchi-conduit
time=2026-08-02T15:42:43.974-07:00 level=DEBUG msg="promql query logged" test=archv2-parity tool=conduit-v2 collector=conduit type=conduit collector=conduit type=conduit params="map[end:2026-08-02T22:42:43.974Z query:rate(conduit_pipeline_execution_duration_seconds_count{pipeline_name=\"archv2-parity\"}[2s]) start:2026-08-02T22:42:08.973Z step:1]" stats="&{Timings:{EvalTotalTime:5.725e-05 ResultSortTime:2.5e-07 QueryPreparationTime:1.7125e-05 InnerEvalTime:3.3375e-05 ExecQueueTime:4.959e-06 ExecTotalTime:6.45e-05} Samples:0x14001233a40}" spanID=0000000000000000
time=2026-08-02T15:42:43.974-07:00 level=DEBUG msg="Query returned data" test=archv2-parity tool=conduit-v2 collector=conduit type=conduit collector=conduit type=conduit name=msg-rate-per-second[archv2-parity] series-count=1 last-value=23137
time=2026-08-02T15:42:43.974-07:00 level=INFO msg="Test in progress" test=archv2-parity tool=conduit-v2 step=test time-left=25s
time=2026-08-02T15:42:43.974-07:00 level=DEBUG msg="promql query logged" test=archv2-parity tool=conduit-v2 collector=conduit type=conduit collector=conduit type=conduit params="map[end:2026-08-02T22:42:43.974Z query:rate(conduit_connector_bytes_sum{pipeline_name=\"archv2-parity\",type=\"source\"}[2s])/1048576 start:2026-08-02T22:42:08.973Z step:1]" stats="&{Timings:{EvalTotalTime:5.6625e-05 ResultSortTime:2.08e-07 QueryPreparationTime:6.875e-06 InnerEvalTime:4.6166e-05 ExecQueueTime:1.126e-06 ExecTotalTime:5.9208e-05} Samples:0x1400126c120}" spanID=0000000000000000
time=2026-08-02T15:42:43.974-07:00 level=DEBUG msg="Query returned data" test=archv2-parity tool=conduit-v2 collector=conduit type=conduit collector=conduit type=conduit name=msg-megabytes-in-per-second[archv2-parity] series-count=1 last-value=0.6532459259033203
time=2026-08-02T15:42:43.974-07:00 level=DEBUG msg="promql query logged" test=archv2-parity tool=conduit-v2 collector=conduit type=conduit collector=conduit type=conduit params="map[end:2026-08-02T22:42:43.974Z query:rate(conduit_connector_bytes_sum{pipeline_name=\"archv2-parity\",type=\"destination\"}[2s])/1048576 start:2026-08-02T22:42:08.973Z step:1]" stats="&{Timings:{EvalTotalTime:4.25e-05 ResultSortTime:1.25e-07 QueryPreparationTime:4.125e-06 InnerEvalTime:3.4416e-05 ExecQueueTime:7.09e-07 ExecTotalTime:4.4625e-05} Samples:0x1400126c780}" spanID=0000000000000000
time=2026-08-02T15:42:43.974-07:00 level=DEBUG msg="Query returned data" test=archv2-parity tool=conduit-v2 collector=conduit type=conduit collector=conduit type=conduit name=msg-megabytes-out-per-second[archv2-parity] series-count=1 last-value=0.6532802581787109
time=2026-08-02T15:42:44.405-07:00 level=DEBUG msg="Inspecting container" model=container-monitor name=benchi-conduit
time=2026-08-02T15:42:44.916-07:00 level=DEBUG msg="Inspecting container" model=container-monitor name=benchi-conduit
time=2026-08-02T15:42:44.975-07:00 level=DEBUG msg="promql query logged" test=archv2-parity tool=conduit-v2 collector=conduit type=conduit collector=conduit type=conduit params="map[end:2026-08-02T22:42:44.975Z query:rate(conduit_pipeline_execution_duration_seconds_count{pipeline_name=\"archv2-parity\"}[2s]) start:2026-08-02T22:42:08.973Z step:1]" stats="&{Timings:{EvalTotalTime:5.2542e-05 ResultSortTime:2.92e-07 QueryPreparationTime:1.3791e-05 InnerEvalTime:3.4e-05 ExecQueueTime:2.417e-06 ExecTotalTime:5.7166e-05} Samples:0x14001161020}" spanID=0000000000000000
time=2026-08-02T15:42:44.975-07:00 level=DEBUG msg="Query returned data" test=archv2-parity tool=conduit-v2 collector=conduit type=conduit collector=conduit type=conduit name=msg-rate-per-second[archv2-parity] series-count=1 last-value=23942
time=2026-08-02T15:42:44.975-07:00 level=DEBUG msg="promql query logged" test=archv2-parity tool=conduit-v2 collector=conduit type=conduit collector=conduit type=conduit params="map[end:2026-08-02T22:42:44.975Z query:rate(conduit_connector_bytes_sum{pipeline_name=\"archv2-parity\",type=\"source\"}[2s])/1048576 start:2026-08-02T22:42:08.973Z step:1]" stats="&{Timings:{EvalTotalTime:5.3167e-05 ResultSortTime:1.67e-07 QueryPreparationTime:6.5e-06 InnerEvalTime:4.3375e-05 ExecQueueTime:7.92e-07 ExecTotalTime:5.55e-05} Samples:0x14001161680}" spanID=0000000000000000
time=2026-08-02T15:42:44.975-07:00 level=DEBUG msg="Query returned data" test=archv2-parity tool=conduit-v2 collector=conduit type=conduit collector=conduit type=conduit name=msg-megabytes-in-per-second[archv2-parity] series-count=1 last-value=0.6777305603027344
time=2026-08-02T15:42:44.976-07:00 level=DEBUG msg="promql query logged" test=archv2-parity tool=conduit-v2 collector=conduit type=conduit collector=conduit type=conduit params="map[end:2026-08-02T22:42:44.975Z query:rate(conduit_connector_bytes_sum{pipeline_name=\"archv2-parity\",type=\"destination\"}[2s])/1048576 start:2026-08-02T22:42:08.973Z step:1]" stats="&{Timings:{EvalTotalTime:4.0875e-05 ResultSortTime:8.4e-08 QueryPreparationTime:3.792e-06 InnerEvalTime:3.4417e-05 ExecQueueTime:6.66e-07 ExecTotalTime:4.2708e-05} Samples:0x14001161ce0}" spanID=0000000000000000
time=2026-08-02T15:42:44.976-07:00 level=DEBUG msg="Query returned data" test=archv2-parity tool=conduit-v2 collector=conduit type=conduit collector=conduit type=conduit name=msg-megabytes-out-per-second[archv2-parity] series-count=1 last-value=0.6777801513671875
time=2026-08-02T15:42:45.421-07:00 level=DEBUG msg="Inspecting container" model=container-monitor name=benchi-conduit
time=2026-08-02T15:42:45.937-07:00 level=DEBUG msg="Inspecting container" model=container-monitor name=benchi-conduit
time=2026-08-02T15:42:45.974-07:00 level=DEBUG msg="promql query logged" test=archv2-parity tool=conduit-v2 collector=conduit type=conduit collector=conduit type=conduit params="map[end:2026-08-02T22:42:45.974Z query:rate(conduit_pipeline_execution_duration_seconds_count{pipeline_name=\"archv2-parity\"}[2s]) start:2026-08-02T22:42:08.973Z step:1]" stats="&{Timings:{EvalTotalTime:5.7167e-05 ResultSortTime:5e-07 QueryPreparationTime:1.5208e-05 InnerEvalTime:3.6125e-05 ExecQueueTime:2.458e-06 ExecTotalTime:6.2541e-05} Samples:0x140013b6690}" spanID=0000000000000000
time=2026-08-02T15:42:45.974-07:00 level=DEBUG msg="Query returned data" test=archv2-parity tool=conduit-v2 collector=conduit type=conduit collector=conduit type=conduit name=msg-rate-per-second[archv2-parity] series-count=1 last-value=22685
time=2026-08-02T15:42:45.975-07:00 level=DEBUG msg="promql query logged" test=archv2-parity tool=conduit-v2 collector=conduit type=conduit collector=conduit type=conduit params="map[end:2026-08-02T22:42:45.974Z query:rate(conduit_connector_bytes_sum{pipeline_name=\"archv2-parity\",type=\"source\"}[2s])/1048576 start:2026-08-02T22:42:08.973Z step:1]" stats="&{Timings:{EvalTotalTime:5.8584e-05 ResultSortTime:2.09e-07 QueryPreparationTime:7.583e-06 InnerEvalTime:4.7125e-05 ExecQueueTime:1.042e-06 ExecTotalTime:6.45e-05} Samples:0x140013b6cf0}" spanID=0000000000000000
time=2026-08-02T15:42:45.975-07:00 level=DEBUG msg="Query returned data" test=archv2-parity tool=conduit-v2 collector=conduit type=conduit collector=conduit type=conduit name=msg-megabytes-in-per-second[archv2-parity] series-count=1 last-value=0.6412973403930664
time=2026-08-02T15:42:45.975-07:00 level=DEBUG msg="promql query logged" test=archv2-parity tool=conduit-v2 collector=conduit type=conduit collector=conduit type=conduit params="map[end:2026-08-02T22:42:45.975Z query:rate(conduit_connector_bytes_sum{pipeline_name=\"archv2-parity\",type=\"destination\"}[2s])/1048576 start:2026-08-02T22:42:08.973Z step:1]" stats="&{Timings:{EvalTotalTime:4.7459e-05 ResultSortTime:2.92e-07 QueryPreparationTime:5.625e-06 InnerEvalTime:3.8375e-05 ExecQueueTime:1.083e-06 ExecTotalTime:5.0125e-05} Samples:0x140013b7350}" spanID=0000000000000000
time=2026-08-02T15:42:45.975-07:00 level=DEBUG msg="Query returned data" test=archv2-parity tool=conduit-v2 collector=conduit type=conduit collector=conduit type=conduit name=msg-megabytes-out-per-second[archv2-parity] series-count=1 last-value=0.641240119934082
time=2026-08-02T15:42:46.444-07:00 level=DEBUG msg="Inspecting container" model=container-monitor name=benchi-conduit
time=2026-08-02T15:42:46.956-07:00 level=DEBUG msg="Inspecting container" model=container-monitor name=benchi-conduit
time=2026-08-02T15:42:46.974-07:00 level=DEBUG msg="promql query logged" test=archv2-parity tool=conduit-v2 collector=conduit type=conduit collector=conduit type=conduit params="map[end:2026-08-02T22:42:46.974Z query:rate(conduit_pipeline_execution_duration_seconds_count{pipeline_name=\"archv2-parity\"}[2s]) start:2026-08-02T22:42:08.973Z step:1]" stats="&{Timings:{EvalTotalTime:4.9584e-05 ResultSortTime:5e-07 QueryPreparationTime:1.3667e-05 InnerEvalTime:3.1e-05 ExecQueueTime:2.291e-06 ExecTotalTime:5.4e-05} Samples:0x140013d3da0}" spanID=0000000000000000
time=2026-08-02T15:42:46.974-07:00 level=DEBUG msg="Query returned data" test=archv2-parity tool=conduit-v2 collector=conduit type=conduit collector=conduit type=conduit name=msg-rate-per-second[archv2-parity] series-count=1 last-value=22083
time=2026-08-02T15:42:46.975-07:00 level=DEBUG msg="promql query logged" test=archv2-parity tool=conduit-v2 collector=conduit type=conduit collector=conduit type=conduit params="map[end:2026-08-02T22:42:46.974Z query:rate(conduit_connector_bytes_sum{pipeline_name=\"archv2-parity\",type=\"source\"}[2s])/1048576 start:2026-08-02T22:42:08.973Z step:1]" stats="&{Timings:{EvalTotalTime:5.7041e-05 ResultSortTime:1.66e-07 QueryPreparationTime:6.209e-06 InnerEvalTime:4.7334e-05 ExecQueueTime:1e-06 ExecTotalTime:6.0291e-05} Samples:0x1400158a480}" spanID=0000000000000000
time=2026-08-02T15:42:46.975-07:00 level=DEBUG msg="Query returned data" test=archv2-parity tool=conduit-v2 collector=conduit type=conduit collector=conduit type=conduit name=msg-megabytes-in-per-second[archv2-parity] series-count=1 last-value=0.6240787506103516
time=2026-08-02T15:42:46.975-07:00 level=DEBUG msg="promql query logged" test=archv2-parity tool=conduit-v2 collector=conduit type=conduit collector=conduit type=conduit params="map[end:2026-08-02T22:42:46.975Z query:rate(conduit_connector_bytes_sum{pipeline_name=\"archv2-parity\",type=\"destination\"}[2s])/1048576 start:2026-08-02T22:42:08.973Z step:1]" stats="&{Timings:{EvalTotalTime:4.3125e-05 ResultSortTime:1.25e-07 QueryPreparationTime:4.667e-06 InnerEvalTime:3.575e-05 ExecQueueTime:6.66e-07 ExecTotalTime:4.5041e-05} Samples:0x1400158aae0}" spanID=0000000000000000
time=2026-08-02T15:42:46.975-07:00 level=DEBUG msg="Query returned data" test=archv2-parity tool=conduit-v2 collector=conduit type=conduit collector=conduit type=conduit name=msg-megabytes-out-per-second[archv2-parity] series-count=1 last-value=0.6241044998168945
time=2026-08-02T15:42:47.464-07:00 level=DEBUG msg="Inspecting container" model=container-monitor name=benchi-conduit
time=2026-08-02T15:42:47.970-07:00 level=DEBUG msg="Inspecting container" model=container-monitor name=benchi-conduit
time=2026-08-02T15:42:47.974-07:00 level=DEBUG msg="promql query logged" test=archv2-parity tool=conduit-v2 collector=conduit type=conduit collector=conduit type=conduit params="map[end:2026-08-02T22:42:47.974Z query:rate(conduit_pipeline_execution_duration_seconds_count{pipeline_name=\"archv2-parity\"}[2s]) start:2026-08-02T22:42:08.973Z step:1]" stats="&{Timings:{EvalTotalTime:5.7584e-05 ResultSortTime:5e-07 QueryPreparationTime:1.4417e-05 InnerEvalTime:3.75e-05 ExecQueueTime:1.834e-06 ExecTotalTime:6.1917e-05} Samples:0x140009c3050}" spanID=0000000000000000
time=2026-08-02T15:42:47.974-07:00 level=DEBUG msg="Query returned data" test=archv2-parity tool=conduit-v2 collector=conduit type=conduit collector=conduit type=conduit name=msg-rate-per-second[archv2-parity] series-count=1 last-value=23131
time=2026-08-02T15:42:47.974-07:00 level=DEBUG msg="promql query logged" test=archv2-parity tool=conduit-v2 collector=conduit type=conduit collector=conduit type=conduit params="map[end:2026-08-02T22:42:47.974Z query:rate(conduit_connector_bytes_sum{pipeline_name=\"archv2-parity\",type=\"source\"}[2s])/1048576 start:2026-08-02T22:42:08.973Z step:1]" stats="&{Timings:{EvalTotalTime:6.4e-05 ResultSortTime:2.5e-07 QueryPreparationTime:8.958e-06 InnerEvalTime:5.1333e-05 ExecQueueTime:1e-06 ExecTotalTime:6.6958e-05} Samples:0x140009c3710}" spanID=0000000000000000
time=2026-08-02T15:42:47.974-07:00 level=DEBUG msg="Query returned data" test=archv2-parity tool=conduit-v2 collector=conduit type=conduit collector=conduit type=conduit name=msg-megabytes-in-per-second[archv2-parity] series-count=1 last-value=0.6547212600708008
time=2026-08-02T15:42:47.974-07:00 level=DEBUG msg="promql query logged" test=archv2-parity tool=conduit-v2 collector=conduit type=conduit collector=conduit type=conduit params="map[end:2026-08-02T22:42:47.974Z query:rate(conduit_connector_bytes_sum{pipeline_name=\"archv2-parity\",type=\"destination\"}[2s])/1048576 start:2026-08-02T22:42:08.973Z step:1]" stats="&{Timings:{EvalTotalTime:4.9583e-05 ResultSortTime:2.08e-07 QueryPreparationTime:5.417e-06 InnerEvalTime:4.05e-05 ExecQueueTime:9.17e-07 ExecTotalTime:5.1875e-05} Samples:0x140009c3d70}" spanID=0000000000000000
time=2026-08-02T15:42:47.974-07:00 level=DEBUG msg="Query returned data" test=archv2-parity tool=conduit-v2 collector=conduit type=conduit collector=conduit type=conduit name=msg-megabytes-out-per-second[archv2-parity] series-count=1 last-value=0.6546688079833984
time=2026-08-02T15:42:48.475-07:00 level=DEBUG msg="Inspecting container" model=container-monitor name=benchi-conduit
time=2026-08-02T15:42:48.975-07:00 level=INFO msg="Test in progress" test=archv2-parity tool=conduit-v2 step=test time-left=20s
time=2026-08-02T15:42:48.975-07:00 level=DEBUG msg="promql query logged" test=archv2-parity tool=conduit-v2 collector=conduit type=conduit collector=conduit type=conduit params="map[end:2026-08-02T22:42:48.975Z query:rate(conduit_pipeline_execution_duration_seconds_count{pipeline_name=\"archv2-parity\"}[2s]) start:2026-08-02T22:42:08.973Z step:1]" stats="&{Timings:{EvalTotalTime:6.2e-05 ResultSortTime:5e-07 QueryPreparationTime:1.7167e-05 InnerEvalTime:3.925e-05 ExecQueueTime:2.751e-06 ExecTotalTime:6.7666e-05} Samples:0x1400178e4e0}" spanID=0000000000000000
time=2026-08-02T15:42:48.975-07:00 level=DEBUG msg="Query returned data" test=archv2-parity tool=conduit-v2 collector=conduit type=conduit collector=conduit type=conduit name=msg-rate-per-second[archv2-parity] series-count=1 last-value=23620
time=2026-08-02T15:42:48.975-07:00 level=DEBUG msg="promql query logged" test=archv2-parity tool=conduit-v2 collector=conduit type=conduit collector=conduit type=conduit params="map[end:2026-08-02T22:42:48.975Z query:rate(conduit_connector_bytes_sum{pipeline_name=\"archv2-parity\",type=\"source\"}[2s])/1048576 start:2026-08-02T22:42:08.973Z step:1]" stats="&{Timings:{EvalTotalTime:7.7167e-05 ResultSortTime:3.33e-07 QueryPreparationTime:6.417e-06 InnerEvalTime:6.7209e-05 ExecQueueTime:8.33e-07 ExecTotalTime:7.975e-05} Samples:0x1400178eb40}" spanID=0000000000000000
time=2026-08-02T15:42:48.975-07:00 level=DEBUG msg="Query returned data" test=archv2-parity tool=conduit-v2 collector=conduit type=conduit collector=conduit type=conduit name=msg-megabytes-in-per-second[archv2-parity] series-count=1 last-value=0.667363166809082
time=2026-08-02T15:42:48.975-07:00 level=DEBUG msg="promql query logged" test=archv2-parity tool=conduit-v2 collector=conduit type=conduit collector=conduit type=conduit params="map[end:2026-08-02T22:42:48.975Z query:rate(conduit_connector_bytes_sum{pipeline_name=\"archv2-parity\",type=\"destination\"}[2s])/1048576 start:2026-08-02T22:42:08.973Z step:1]" stats="&{Timings:{EvalTotalTime:4.4125e-05 ResultSortTime:1.25e-07 QueryPreparationTime:4.25e-06 InnerEvalTime:3.7209e-05 ExecQueueTime:7.51e-07 ExecTotalTime:4.6083e-05} Samples:0x1400178f1a0}" spanID=0000000000000000
time=2026-08-02T15:42:48.975-07:00 level=DEBUG msg="Query returned data" test=archv2-parity tool=conduit-v2 collector=conduit type=conduit collector=conduit type=conduit name=msg-megabytes-out-per-second[archv2-parity] series-count=1 last-value=0.6673946380615234
time=2026-08-02T15:42:48.982-07:00 level=DEBUG msg="Inspecting container" model=container-monitor name=benchi-conduit
time=2026-08-02T15:42:49.486-07:00 level=DEBUG msg="Inspecting container" model=container-monitor name=benchi-conduit
time=2026-08-02T15:42:49.975-07:00 level=DEBUG msg="promql query logged" test=archv2-parity tool=conduit-v2 collector=conduit type=conduit collector=conduit type=conduit params="map[end:2026-08-02T22:42:49.974Z query:rate(conduit_pipeline_execution_duration_seconds_count{pipeline_name=\"archv2-parity\"}[2s]) start:2026-08-02T22:42:08.973Z step:1]" stats="&{Timings:{EvalTotalTime:5.9541e-05 ResultSortTime:5.83e-07 QueryPreparationTime:1.6875e-05 InnerEvalTime:3.7042e-05 ExecQueueTime:2.541e-06 ExecTotalTime:6.4833e-05} Samples:0x140015ad9b0}" spanID=0000000000000000
time=2026-08-02T15:42:49.975-07:00 level=DEBUG msg="Query returned data" test=archv2-parity tool=conduit-v2 collector=conduit type=conduit collector=conduit type=conduit name=msg-rate-per-second[archv2-parity] series-count=1 last-value=22431
time=2026-08-02T15:42:49.975-07:00 level=DEBUG msg="promql query logged" test=archv2-parity tool=conduit-v2 collector=conduit type=conduit collector=conduit type=conduit params="map[end:2026-08-02T22:42:49.975Z query:rate(conduit_connector_bytes_sum{pipeline_name=\"archv2-parity\",type=\"source\"}[2s])/1048576 start:2026-08-02T22:42:08.973Z step:1]" stats="&{Timings:{EvalTotalTime:6.7e-05 ResultSortTime:2.92e-07 QueryPreparationTime:1.1625e-05 InnerEvalTime:5.0375e-05 ExecQueueTime:9.58e-07 ExecTotalTime:6.9584e-05} Samples:0x140015f0090}" spanID=0000000000000000
time=2026-08-02T15:42:49.975-07:00 level=DEBUG msg="Query returned data" test=archv2-parity tool=conduit-v2 collector=conduit type=conduit collector=conduit type=conduit name=msg-megabytes-in-per-second[archv2-parity] series-count=1 last-value=0.632817268371582
time=2026-08-02T15:42:49.975-07:00 level=DEBUG msg="promql query logged" test=archv2-parity tool=conduit-v2 collector=conduit type=conduit collector=conduit type=conduit params="map[end:2026-08-02T22:42:49.975Z query:rate(conduit_connector_bytes_sum{pipeline_name=\"archv2-parity\",type=\"destination\"}[2s])/1048576 start:2026-08-02T22:42:08.973Z step:1]" stats="&{Timings:{EvalTotalTime:5.1458e-05 ResultSortTime:2.08e-07 QueryPreparationTime:6e-06 InnerEvalTime:4.2292e-05 ExecQueueTime:9.58e-07 ExecTotalTime:5.5208e-05} Samples:0x140015f06f0}" spanID=0000000000000000
time=2026-08-02T15:42:49.975-07:00 level=DEBUG msg="Query returned data" test=archv2-parity tool=conduit-v2 collector=conduit type=conduit collector=conduit type=conduit name=msg-megabytes-out-per-second[archv2-parity] series-count=1 last-value=0.6328678131103516
time=2026-08-02T15:42:49.991-07:00 level=DEBUG msg="Inspecting container" model=container-monitor name=benchi-conduit
time=2026-08-02T15:42:50.496-07:00 level=DEBUG msg="Inspecting container" model=container-monitor name=benchi-conduit
time=2026-08-02T15:42:50.974-07:00 level=DEBUG msg="promql query logged" test=archv2-parity tool=conduit-v2 collector=conduit type=conduit collector=conduit type=conduit params="map[end:2026-08-02T22:42:50.974Z query:rate(conduit_pipeline_execution_duration_seconds_count{pipeline_name=\"archv2-parity\"}[2s]) start:2026-08-02T22:42:08.973Z step:1]" stats="&{Timings:{EvalTotalTime:0.000116625 ResultSortTime:1.416e-06 QueryPreparationTime:3.1125e-05 InnerEvalTime:6.9e-05 ExecQueueTime:5.334e-06 ExecTotalTime:0.000126209} Samples:0x140017fd650}" spanID=0000000000000000
time=2026-08-02T15:42:50.975-07:00 level=DEBUG msg="Query returned data" test=archv2-parity tool=conduit-v2 collector=conduit type=conduit collector=conduit type=conduit name=msg-rate-per-second[archv2-parity] series-count=1 last-value=20276
time=2026-08-02T15:42:50.975-07:00 level=DEBUG msg="promql query logged" test=archv2-parity tool=conduit-v2 collector=conduit type=conduit collector=conduit type=conduit params="map[end:2026-08-02T22:42:50.975Z query:rate(conduit_connector_bytes_sum{pipeline_name=\"archv2-parity\",type=\"source\"}[2s])/1048576 start:2026-08-02T22:42:08.973Z step:1]" stats="&{Timings:{EvalTotalTime:8.8125e-05 ResultSortTime:3.75e-07 QueryPreparationTime:1.2917e-05 InnerEvalTime:7.0125e-05 ExecQueueTime:1.667e-06 ExecTotalTime:9.2417e-05} Samples:0x140017fdcb0}" spanID=0000000000000000
time=2026-08-02T15:42:50.975-07:00 level=DEBUG msg="Query returned data" test=archv2-parity tool=conduit-v2 collector=conduit type=conduit collector=conduit type=conduit name=msg-megabytes-in-per-second[archv2-parity] series-count=1 last-value=0.5737524032592773
time=2026-08-02T15:42:50.975-07:00 level=DEBUG msg="promql query logged" test=archv2-parity tool=conduit-v2 collector=conduit type=conduit collector=conduit type=conduit params="map[end:2026-08-02T22:42:50.975Z query:rate(conduit_connector_bytes_sum{pipeline_name=\"archv2-parity\",type=\"destination\"}[2s])/1048576 start:2026-08-02T22:42:08.973Z step:1]" stats="&{Timings:{EvalTotalTime:7.4375e-05 ResultSortTime:2.5e-07 QueryPreparationTime:9.583e-06 InnerEvalTime:5.8917e-05 ExecQueueTime:1.374e-06 ExecTotalTime:7.8333e-05} Samples:0x14001824390}" spanID=0000000000000000
time=2026-08-02T15:42:50.975-07:00 level=DEBUG msg="Query returned data" test=archv2-parity tool=conduit-v2 collector=conduit type=conduit collector=conduit type=conduit name=msg-megabytes-out-per-second[archv2-parity] series-count=1 last-value=0.5736703872680664
time=2026-08-02T15:42:51.009-07:00 level=DEBUG msg="Inspecting container" model=container-monitor name=benchi-conduit
time=2026-08-02T15:42:51.520-07:00 level=DEBUG msg="Inspecting container" model=container-monitor name=benchi-conduit
time=2026-08-02T15:42:51.974-07:00 level=DEBUG msg="promql query logged" test=archv2-parity tool=conduit-v2 collector=conduit type=conduit collector=conduit type=conduit params="map[end:2026-08-02T22:42:51.974Z query:rate(conduit_pipeline_execution_duration_seconds_count{pipeline_name=\"archv2-parity\"}[2s]) start:2026-08-02T22:42:08.973Z step:1]" stats="&{Timings:{EvalTotalTime:5.5792e-05 ResultSortTime:4.16e-07 QueryPreparationTime:1.4208e-05 InnerEvalTime:3.6542e-05 ExecQueueTime:2.583e-06 ExecTotalTime:6.05e-05} Samples:0x140019cacc0}" spanID=0000000000000000
time=2026-08-02T15:42:51.974-07:00 level=DEBUG msg="Query returned data" test=archv2-parity tool=conduit-v2 collector=conduit type=conduit collector=conduit type=conduit name=msg-rate-per-second[archv2-parity] series-count=1 last-value=21524
time=2026-08-02T15:42:51.974-07:00 level=DEBUG msg="promql query logged" test=archv2-parity tool=conduit-v2 collector=conduit type=conduit collector=conduit type=conduit params="map[end:2026-08-02T22:42:51.974Z query:rate(conduit_connector_bytes_sum{pipeline_name=\"archv2-parity\",type=\"source\"}[2s])/1048576 start:2026-08-02T22:42:08.973Z step:1]" stats="&{Timings:{EvalTotalTime:9.0792e-05 ResultSortTime:1.66e-07 QueryPreparationTime:8.333e-06 InnerEvalTime:7.8792e-05 ExecQueueTime:1.208e-06 ExecTotalTime:9.375e-05} Samples:0x140016b92c0}" spanID=0000000000000000
time=2026-08-02T15:42:51.974-07:00 level=DEBUG msg="Query returned data" test=archv2-parity tool=conduit-v2 collector=conduit type=conduit collector=conduit type=conduit name=msg-megabytes-in-per-second[archv2-parity] series-count=1 last-value=0.6078739166259766
time=2026-08-02T15:42:51.974-07:00 level=DEBUG msg="promql query logged" test=archv2-parity tool=conduit-v2 collector=conduit type=conduit collector=conduit type=conduit params="map[end:2026-08-02T22:42:51.974Z query:rate(conduit_connector_bytes_sum{pipeline_name=\"archv2-parity\",type=\"destination\"}[2s])/1048576 start:2026-08-02T22:42:08.973Z step:1]" stats="&{Timings:{EvalTotalTime:4.7042e-05 ResultSortTime:1.25e-07 QueryPreparationTime:4.583e-06 InnerEvalTime:3.9208e-05 ExecQueueTime:7.92e-07 ExecTotalTime:4.9125e-05} Samples:0x140016b9920}" spanID=0000000000000000
time=2026-08-02T15:42:51.974-07:00 level=DEBUG msg="Query returned data" test=archv2-parity tool=conduit-v2 collector=conduit type=conduit collector=conduit type=conduit name=msg-megabytes-out-per-second[archv2-parity] series-count=1 last-value=0.6079587936401367
time=2026-08-02T15:42:52.034-07:00 level=DEBUG msg="Inspecting container" model=container-monitor name=benchi-conduit
time=2026-08-02T15:42:52.540-07:00 level=DEBUG msg="Inspecting container" model=container-monitor name=benchi-conduit
time=2026-08-02T15:42:52.976-07:00 level=DEBUG msg="promql query logged" test=archv2-parity tool=conduit-v2 collector=conduit type=conduit collector=conduit type=conduit params="map[end:2026-08-02T22:42:52.976Z query:rate(conduit_pipeline_execution_duration_seconds_count{pipeline_name=\"archv2-parity\"}[2s]) start:2026-08-02T22:42:08.973Z step:1]" stats="&{Timings:{EvalTotalTime:6.7208e-05 ResultSortTime:6.67e-07 QueryPreparationTime:1.8708e-05 InnerEvalTime:4.1916e-05 ExecQueueTime:2.958e-06 ExecTotalTime:7.3083e-05} Samples:0x14001730720}" spanID=0000000000000000
time=2026-08-02T15:42:52.976-07:00 level=DEBUG msg="Query returned data" test=archv2-parity tool=conduit-v2 collector=conduit type=conduit collector=conduit type=conduit name=msg-rate-per-second[archv2-parity] series-count=1 last-value=22085.828343313373
time=2026-08-02T15:42:52.976-07:00 level=DEBUG msg="promql query logged" test=archv2-parity tool=conduit-v2 collector=conduit type=conduit collector=conduit type=conduit params="map[end:2026-08-02T22:42:52.976Z query:rate(conduit_connector_bytes_sum{pipeline_name=\"archv2-parity\",type=\"source\"}[2s])/1048576 start:2026-08-02T22:42:08.973Z step:1]" stats="&{Timings:{EvalTotalTime:6.725e-05 ResultSortTime:2.5e-07 QueryPreparationTime:9.167e-06 InnerEvalTime:5.4334e-05 ExecQueueTime:1.333e-06 ExecTotalTime:7.0667e-05} Samples:0x14001730e10}" spanID=0000000000000000
time=2026-08-02T15:42:52.976-07:00 level=DEBUG msg="Query returned data" test=archv2-parity tool=conduit-v2 collector=conduit type=conduit collector=conduit type=conduit name=msg-megabytes-in-per-second[archv2-parity] series-count=1 last-value=0.6239200066663547
time=2026-08-02T15:42:52.976-07:00 level=DEBUG msg="promql query logged" test=archv2-parity tool=conduit-v2 collector=conduit type=conduit collector=conduit type=conduit params="map[end:2026-08-02T22:42:52.976Z query:rate(conduit_connector_bytes_sum{pipeline_name=\"archv2-parity\",type=\"destination\"}[2s])/1048576 start:2026-08-02T22:42:08.973Z step:1]" stats="&{Timings:{EvalTotalTime:5.4584e-05 ResultSortTime:1.67e-07 QueryPreparationTime:5.625e-06 InnerEvalTime:4.3917e-05 ExecQueueTime:7.92e-07 ExecTotalTime:5.7167e-05} Samples:0x14001731470}" spanID=0000000000000000
time=2026-08-02T15:42:52.976-07:00 level=DEBUG msg="Query returned data" test=archv2-parity tool=conduit-v2 collector=conduit type=conduit collector=conduit type=conduit name=msg-megabytes-out-per-second[archv2-parity] series-count=1 last-value=0.623891453543109
time=2026-08-02T15:42:53.052-07:00 level=DEBUG msg="Inspecting container" model=container-monitor name=benchi-conduit
time=2026-08-02T15:42:53.560-07:00 level=DEBUG msg="Inspecting container" model=container-monitor name=benchi-conduit
time=2026-08-02T15:42:53.974-07:00 level=INFO msg="Test in progress" test=archv2-parity tool=conduit-v2 step=test time-left=15s
time=2026-08-02T15:42:53.974-07:00 level=DEBUG msg="promql query logged" test=archv2-parity tool=conduit-v2 collector=conduit type=conduit collector=conduit type=conduit params="map[end:2026-08-02T22:42:53.974Z query:rate(conduit_pipeline_execution_duration_seconds_count{pipeline_name=\"archv2-parity\"}[2s]) start:2026-08-02T22:42:08.973Z step:1]" stats="&{Timings:{EvalTotalTime:7.725e-05 ResultSortTime:7.08e-07 QueryPreparationTime:1.8916e-05 InnerEvalTime:4.7833e-05 ExecQueueTime:3.75e-06 ExecTotalTime:8.4667e-05} Samples:0x14000a04780}" spanID=0000000000000000
time=2026-08-02T15:42:53.974-07:00 level=DEBUG msg="Query returned data" test=archv2-parity tool=conduit-v2 collector=conduit type=conduit collector=conduit type=conduit name=msg-rate-per-second[archv2-parity] series-count=1 last-value=20348.69739478958
time=2026-08-02T15:42:53.974-07:00 level=DEBUG msg="promql query logged" test=archv2-parity tool=conduit-v2 collector=conduit type=conduit collector=conduit type=conduit params="map[end:2026-08-02T22:42:53.974Z query:rate(conduit_connector_bytes_sum{pipeline_name=\"archv2-parity\",type=\"source\"}[2s])/1048576 start:2026-08-02T22:42:08.973Z step:1]" stats="&{Timings:{EvalTotalTime:7.0209e-05 ResultSortTime:2.5e-07 QueryPreparationTime:8.042e-06 InnerEvalTime:5.7583e-05 ExecQueueTime:1.166e-06 ExecTotalTime:7.375e-05} Samples:0x14000a057a0}" spanID=0000000000000000
time=2026-08-02T15:42:53.974-07:00 level=DEBUG msg="Query returned data" test=archv2-parity tool=conduit-v2 collector=conduit type=conduit collector=conduit type=conduit name=msg-megabytes-in-per-second[archv2-parity] series-count=1 last-value=0.5755300273398358
time=2026-08-02T15:42:53.974-07:00 level=DEBUG msg="promql query logged" test=archv2-parity tool=conduit-v2 collector=conduit type=conduit collector=conduit type=conduit params="map[end:2026-08-02T22:42:53.974Z query:rate(conduit_connector_bytes_sum{pipeline_name=\"archv2-parity\",type=\"destination\"}[2s])/1048576 start:2026-08-02T22:42:08.973Z step:1]" stats="&{Timings:{EvalTotalTime:8.8084e-05 ResultSortTime:1.66e-07 QueryPreparationTime:6.459e-06 InnerEvalTime:7.7625e-05 ExecQueueTime:8.74e-07 ExecTotalTime:9.0875e-05} Samples:0x14000a05e90}" spanID=0000000000000000
time=2026-08-02T15:42:53.974-07:00 level=DEBUG msg="Query returned data" test=archv2-parity tool=conduit-v2 collector=conduit type=conduit collector=conduit type=conduit name=msg-megabytes-out-per-second[archv2-parity] series-count=1 last-value=0.5754994486042396
time=2026-08-02T15:42:54.065-07:00 level=DEBUG msg="Inspecting container" model=container-monitor name=benchi-conduit
time=2026-08-02T15:42:54.576-07:00 level=DEBUG msg="Inspecting container" model=container-monitor name=benchi-conduit
time=2026-08-02T15:42:54.978-07:00 level=DEBUG msg="promql query logged" test=archv2-parity tool=conduit-v2 collector=conduit type=conduit collector=conduit type=conduit params="map[end:2026-08-02T22:42:54.977Z query:rate(conduit_pipeline_execution_duration_seconds_count{pipeline_name=\"archv2-parity\"}[2s]) start:2026-08-02T22:42:08.973Z step:1]" stats="&{Timings:{EvalTotalTime:7.05e-05 ResultSortTime:6.67e-07 QueryPreparationTime:2.0375e-05 InnerEvalTime:4.35e-05 ExecQueueTime:2.917e-06 ExecTotalTime:7.8375e-05} Samples:0x140018d6330}" spanID=0000000000000000
time=2026-08-02T15:42:54.978-07:00 level=DEBUG msg="Query returned data" test=archv2-parity tool=conduit-v2 collector=conduit type=conduit collector=conduit type=conduit name=msg-rate-per-second[archv2-parity] series-count=1 last-value=21469
time=2026-08-02T15:42:54.979-07:00 level=DEBUG msg="promql query logged" test=archv2-parity tool=conduit-v2 collector=conduit type=conduit collector=conduit type=conduit params="map[end:2026-08-02T22:42:54.978Z query:rate(conduit_connector_bytes_sum{pipeline_name=\"archv2-parity\",type=\"source\"}[2s])/1048576 start:2026-08-02T22:42:08.973Z step:1]" stats="&{Timings:{EvalTotalTime:9.375e-05 ResultSortTime:3.75e-07 QueryPreparationTime:1.5792e-05 InnerEvalTime:7.2375e-05 ExecQueueTime:2.501e-06 ExecTotalTime:0.000100458} Samples:0x140018d6ab0}" spanID=0000000000000000
time=2026-08-02T15:42:54.980-07:00 level=DEBUG msg="Query returned data" test=archv2-parity tool=conduit-v2 collector=conduit type=conduit collector=conduit type=conduit name=msg-megabytes-in-per-second[archv2-parity] series-count=1 last-value=0.6061382293701172
time=2026-08-02T15:42:54.980-07:00 level=DEBUG msg="promql query logged" test=archv2-parity tool=conduit-v2 collector=conduit type=conduit collector=conduit type=conduit params="map[end:2026-08-02T22:42:54.980Z query:rate(conduit_connector_bytes_sum{pipeline_name=\"archv2-parity\",type=\"destination\"}[2s])/1048576 start:2026-08-02T22:42:08.973Z step:1]" stats="&{Timings:{EvalTotalTime:0.000569792 ResultSortTime:0.000446208 QueryPreparationTime:8.167e-06 InnerEvalTime:0.000110459 ExecQueueTime:1.083e-06 ExecTotalTime:0.000577791} Samples:0x140018d7110}" spanID=0000000000000000
time=2026-08-02T15:42:54.980-07:00 level=DEBUG msg="Query returned data" test=archv2-parity tool=conduit-v2 collector=conduit type=conduit collector=conduit type=conduit name=msg-megabytes-out-per-second[archv2-parity] series-count=1 last-value=0.6061410903930664
time=2026-08-02T15:42:55.081-07:00 level=DEBUG msg="Inspecting container" model=container-monitor name=benchi-conduit
time=2026-08-02T15:42:55.586-07:00 level=DEBUG msg="Inspecting container" model=container-monitor name=benchi-conduit
time=2026-08-02T15:42:55.975-07:00 level=DEBUG msg="promql query logged" test=archv2-parity tool=conduit-v2 collector=conduit type=conduit collector=conduit type=conduit params="map[end:2026-08-02T22:42:55.975Z query:rate(conduit_pipeline_execution_duration_seconds_count{pipeline_name=\"archv2-parity\"}[2s]) start:2026-08-02T22:42:08.973Z step:1]" stats="&{Timings:{EvalTotalTime:8.9084e-05 ResultSortTime:8.75e-07 QueryPreparationTime:2.6209e-05 InnerEvalTime:5.6333e-05 ExecQueueTime:3.625e-06 ExecTotalTime:9.4958e-05} Samples:0x140010c29c0}" spanID=0000000000000000
time=2026-08-02T15:42:55.975-07:00 level=DEBUG msg="Query returned data" test=archv2-parity tool=conduit-v2 collector=conduit type=conduit collector=conduit type=conduit name=msg-rate-per-second[archv2-parity] series-count=1 last-value=19748.75373878365
time=2026-08-02T15:42:55.975-07:00 level=DEBUG msg="promql query logged" test=archv2-parity tool=conduit-v2 collector=conduit type=conduit collector=conduit type=conduit params="map[end:2026-08-02T22:42:55.975Z query:rate(conduit_connector_bytes_sum{pipeline_name=\"archv2-parity\",type=\"source\"}[2s])/1048576 start:2026-08-02T22:42:08.973Z step:1]" stats="&{Timings:{EvalTotalTime:7.2042e-05 ResultSortTime:1.25e-07 QueryPreparationTime:1.0625e-05 InnerEvalTime:5.8125e-05 ExecQueueTime:7.51e-07 ExecTotalTime:7.4708e-05} Samples:0x140010c3110}" spanID=0000000000000000
time=2026-08-02T15:42:55.975-07:00 level=DEBUG msg="Query returned data" test=archv2-parity tool=conduit-v2 collector=conduit type=conduit collector=conduit type=conduit name=msg-megabytes-in-per-second[archv2-parity] series-count=1 last-value=0.5579679342709177
time=2026-08-02T15:42:55.975-07:00 level=DEBUG msg="promql query logged" test=archv2-parity tool=conduit-v2 collector=conduit type=conduit collector=conduit type=conduit params="map[end:2026-08-02T22:42:55.975Z query:rate(conduit_connector_bytes_sum{pipeline_name=\"archv2-parity\",type=\"destination\"}[2s])/1048576 start:2026-08-02T22:42:08.973Z step:1]" stats="&{Timings:{EvalTotalTime:5.1084e-05 ResultSortTime:1.25e-07 QueryPreparationTime:4.167e-06 InnerEvalTime:4.4125e-05 ExecQueueTime:7.92e-07 ExecTotalTime:5.3208e-05} Samples:0x140010c3770}" spanID=0000000000000000
time=2026-08-02T15:42:55.975-07:00 level=DEBUG msg="Query returned data" test=archv2-parity tool=conduit-v2 collector=conduit type=conduit collector=conduit type=conduit name=msg-megabytes-out-per-second[archv2-parity] series-count=1 last-value=0.5579394096153921
time=2026-08-02T15:42:56.094-07:00 level=DEBUG msg="Inspecting container" model=container-monitor name=benchi-conduit
time=2026-08-02T15:42:56.620-07:00 level=DEBUG msg="Inspecting container" model=container-monitor name=benchi-conduit
time=2026-08-02T15:42:56.975-07:00 level=DEBUG msg="promql query logged" test=archv2-parity tool=conduit-v2 collector=conduit type=conduit collector=conduit type=conduit params="map[end:2026-08-02T22:42:56.974Z query:rate(conduit_pipeline_execution_duration_seconds_count{pipeline_name=\"archv2-parity\"}[2s]) start:2026-08-02T22:42:08.973Z step:1]" stats="&{Timings:{EvalTotalTime:6.8333e-05 ResultSortTime:4.59e-07 QueryPreparationTime:1.8542e-05 InnerEvalTime:4.3708e-05 ExecQueueTime:2.75e-06 ExecTotalTime:7.4667e-05} Samples:0x14001472990}" spanID=0000000000000000
time=2026-08-02T15:42:56.975-07:00 level=DEBUG msg="Query returned data" test=archv2-parity tool=conduit-v2 collector=conduit type=conduit collector=conduit type=conduit name=msg-rate-per-second[archv2-parity] series-count=1 last-value=21240.722166499498
time=2026-08-02T15:42:56.975-07:00 level=DEBUG msg="promql query logged" test=archv2-parity tool=conduit-v2 collector=conduit type=conduit collector=conduit type=conduit params="map[end:2026-08-02T22:42:56.975Z query:rate(conduit_connector_bytes_sum{pipeline_name=\"archv2-parity\",type=\"source\"}[2s])/1048576 start:2026-08-02T22:42:08.973Z step:1]" stats="&{Timings:{EvalTotalTime:7.2875e-05 ResultSortTime:2.5e-07 QueryPreparationTime:7.958e-06 InnerEvalTime:6.0959e-05 ExecQueueTime:1.041e-06 ExecTotalTime:7.6333e-05} Samples:0x14001473020}" spanID=0000000000000000
time=2026-08-02T15:42:56.975-07:00 level=DEBUG msg="Query returned data" test=archv2-parity tool=conduit-v2 collector=conduit type=conduit collector=conduit type=conduit name=msg-megabytes-in-per-second[archv2-parity] series-count=1 last-value=0.6005555959259615
time=2026-08-02T15:42:56.975-07:00 level=DEBUG msg="promql query logged" test=archv2-parity tool=conduit-v2 collector=conduit type=conduit collector=conduit type=conduit params="map[end:2026-08-02T22:42:56.975Z query:rate(conduit_connector_bytes_sum{pipeline_name=\"archv2-parity\",type=\"destination\"}[2s])/1048576 start:2026-08-02T22:42:08.973Z step:1]" stats="&{Timings:{EvalTotalTime:9.0583e-05 ResultSortTime:3.33e-07 QueryPreparationTime:8.166e-06 InnerEvalTime:7.7e-05 ExecQueueTime:9.99e-07 ExecTotalTime:9.5417e-05} Samples:0x14001473680}" spanID=0000000000000000
time=2026-08-02T15:42:56.975-07:00 level=DEBUG msg="Query returned data" test=archv2-parity tool=conduit-v2 collector=conduit type=conduit collector=conduit type=conduit name=msg-megabytes-out-per-second[archv2-parity] series-count=1 last-value=0.6005909880520468
time=2026-08-02T15:42:57.126-07:00 level=DEBUG msg="Inspecting container" model=container-monitor name=benchi-conduit
time=2026-08-02T15:42:57.632-07:00 level=DEBUG msg="Inspecting container" model=container-monitor name=benchi-conduit
time=2026-08-02T15:42:57.975-07:00 level=DEBUG msg="promql query logged" test=archv2-parity tool=conduit-v2 collector=conduit type=conduit collector=conduit type=conduit params="map[end:2026-08-02T22:42:57.975Z query:rate(conduit_pipeline_execution_duration_seconds_count{pipeline_name=\"archv2-parity\"}[2s]) start:2026-08-02T22:42:08.973Z step:1]" stats="&{Timings:{EvalTotalTime:5.7167e-05 ResultSortTime:5.42e-07 QueryPreparationTime:1.4834e-05 InnerEvalTime:3.6875e-05 ExecQueueTime:2.709e-06 ExecTotalTime:6.1792e-05} Samples:0x140012d2f30}" spanID=0000000000000000
time=2026-08-02T15:42:57.975-07:00 level=DEBUG msg="Query returned data" test=archv2-parity tool=conduit-v2 collector=conduit type=conduit collector=conduit type=conduit name=msg-rate-per-second[archv2-parity] series-count=1 last-value=20506.480558325027
time=2026-08-02T15:42:57.975-07:00 level=DEBUG msg="promql query logged" test=archv2-parity tool=conduit-v2 collector=conduit type=conduit collector=conduit type=conduit params="map[end:2026-08-02T22:42:57.975Z query:rate(conduit_connector_bytes_sum{pipeline_name=\"archv2-parity\",type=\"source\"}[2s])/1048576 start:2026-08-02T22:42:08.973Z step:1]" stats="&{Timings:{EvalTotalTime:6.8709e-05 ResultSortTime:1.67e-07 QueryPreparationTime:9.25e-06 InnerEvalTime:5.5917e-05 ExecQueueTime:1.042e-06 ExecTotalTime:7.1834e-05} Samples:0x140012d3620}" spanID=0000000000000000
time=2026-08-02T15:42:57.976-07:00 level=DEBUG msg="Query returned data" test=archv2-parity tool=conduit-v2 collector=conduit type=conduit collector=conduit type=conduit name=msg-megabytes-in-per-second[archv2-parity] series-count=1 last-value=0.5790847367565273
time=2026-08-02T15:42:57.976-07:00 level=DEBUG msg="promql query logged" test=archv2-parity tool=conduit-v2 collector=conduit type=conduit collector=conduit type=conduit params="map[end:2026-08-02T22:42:57.976Z query:rate(conduit_connector_bytes_sum{pipeline_name=\"archv2-parity\",type=\"destination\"}[2s])/1048576 start:2026-08-02T22:42:08.973Z step:1]" stats="&{Timings:{EvalTotalTime:5.5875e-05 ResultSortTime:1.66e-07 QueryPreparationTime:5.709e-06 InnerEvalTime:4.6791e-05 ExecQueueTime:1.001e-06 ExecTotalTime:5.875e-05} Samples:0x140012d3c80}" spanID=0000000000000000
time=2026-08-02T15:42:57.976-07:00 level=DEBUG msg="Query returned data" test=archv2-parity tool=conduit-v2 collector=conduit type=conduit collector=conduit type=conduit name=msg-megabytes-out-per-second[archv2-parity] series-count=1 last-value=0.5790704744287645
time=2026-08-02T15:42:58.142-07:00 level=DEBUG msg="Inspecting container" model=container-monitor name=benchi-conduit
time=2026-08-02T15:42:58.651-07:00 level=DEBUG msg="Inspecting container" model=container-monitor name=benchi-conduit
time=2026-08-02T15:42:58.975-07:00 level=INFO msg="Test in progress" test=archv2-parity tool=conduit-v2 step=test time-left=10s
time=2026-08-02T15:42:58.975-07:00 level=DEBUG msg="promql query logged" test=archv2-parity tool=conduit-v2 collector=conduit type=conduit collector=conduit type=conduit params="map[end:2026-08-02T22:42:58.975Z query:rate(conduit_pipeline_execution_duration_seconds_count{pipeline_name=\"archv2-parity\"}[2s]) start:2026-08-02T22:42:08.973Z step:1]" stats="&{Timings:{EvalTotalTime:6.4875e-05 ResultSortTime:4.17e-07 QueryPreparationTime:2.0708e-05 InnerEvalTime:3.8542e-05 ExecQueueTime:2.458e-06 ExecTotalTime:6.9333e-05} Samples:0x140011e9dd0}" spanID=0000000000000000
time=2026-08-02T15:42:58.975-07:00 level=DEBUG msg="Query returned data" test=archv2-parity tool=conduit-v2 collector=conduit type=conduit collector=conduit type=conduit name=msg-rate-per-second[archv2-parity] series-count=1 last-value=20709
time=2026-08-02T15:42:58.975-07:00 level=DEBUG msg="promql query logged" test=archv2-parity tool=conduit-v2 collector=conduit type=conduit collector=conduit type=conduit params="map[end:2026-08-02T22:42:58.975Z query:rate(conduit_connector_bytes_sum{pipeline_name=\"archv2-parity\",type=\"source\"}[2s])/1048576 start:2026-08-02T22:42:08.973Z step:1]" stats="&{Timings:{EvalTotalTime:6.1709e-05 ResultSortTime:1.25e-07 QueryPreparationTime:6.25e-06 InnerEvalTime:5.2459e-05 ExecQueueTime:6.25e-07 ExecTotalTime:6.3792e-05} Samples:0x140012224b0}" spanID=0000000000000000
time=2026-08-02T15:42:58.975-07:00 level=DEBUG msg="Query returned data" test=archv2-parity tool=conduit-v2 collector=conduit type=conduit collector=conduit type=conduit name=msg-megabytes-in-per-second[archv2-parity] series-count=1 last-value=0.5850467681884766
time=2026-08-02T15:42:58.975-07:00 level=DEBUG msg="promql query logged" test=archv2-parity tool=conduit-v2 collector=conduit type=conduit collector=conduit type=conduit params="map[end:2026-08-02T22:42:58.975Z query:rate(conduit_connector_bytes_sum{pipeline_name=\"archv2-parity\",type=\"destination\"}[2s])/1048576 start:2026-08-02T22:42:08.973Z step:1]" stats="&{Timings:{EvalTotalTime:5.1834e-05 ResultSortTime:1.25e-07 QueryPreparationTime:4.041e-06 InnerEvalTime:4.5e-05 ExecQueueTime:7.08e-07 ExecTotalTime:5.3666e-05} Samples:0x14001222b10}" spanID=0000000000000000
time=2026-08-02T15:42:58.975-07:00 level=DEBUG msg="Query returned data" test=archv2-parity tool=conduit-v2 collector=conduit type=conduit collector=conduit type=conduit name=msg-megabytes-out-per-second[archv2-parity] series-count=1 last-value=0.5850553512573242
time=2026-08-02T15:42:59.167-07:00 level=DEBUG msg="Inspecting container" model=container-monitor name=benchi-conduit
time=2026-08-02T15:42:59.671-07:00 level=DEBUG msg="Inspecting container" model=container-monitor name=benchi-conduit
time=2026-08-02T15:42:59.974-07:00 level=DEBUG msg="promql query logged" test=archv2-parity tool=conduit-v2 collector=conduit type=conduit collector=conduit type=conduit params="map[end:2026-08-02T22:42:59.974Z query:rate(conduit_pipeline_execution_duration_seconds_count{pipeline_name=\"archv2-parity\"}[2s]) start:2026-08-02T22:42:08.973Z step:1]" stats="&{Timings:{EvalTotalTime:6.0291e-05 ResultSortTime:2.91e-07 QueryPreparationTime:1.6208e-05 InnerEvalTime:3.8792e-05 ExecQueueTime:2.75e-06 ExecTotalTime:6.5875e-05} Samples:0x1400131eab0}" spanID=0000000000000000
time=2026-08-02T15:42:59.975-07:00 level=DEBUG msg="Query returned data" test=archv2-parity tool=conduit-v2 collector=conduit type=conduit collector=conduit type=conduit name=msg-rate-per-second[archv2-parity] series-count=1 last-value=19590.590590590593
time=2026-08-02T15:42:59.975-07:00 level=DEBUG msg="promql query logged" test=archv2-parity tool=conduit-v2 collector=conduit type=conduit collector=conduit type=conduit params="map[end:2026-08-02T22:42:59.975Z query:rate(conduit_connector_bytes_sum{pipeline_name=\"archv2-parity\",type=\"source\"}[2s])/1048576 start:2026-08-02T22:42:08.973Z step:1]" stats="&{Timings:{EvalTotalTime:6.9875e-05 ResultSortTime:2.5e-07 QueryPreparationTime:8.25e-06 InnerEvalTime:5.7917e-05 ExecQueueTime:1.167e-06 ExecTotalTime:7.2958e-05} Samples:0x1400131f110}" spanID=0000000000000000
time=2026-08-02T15:42:59.975-07:00 level=DEBUG msg="Query returned data" test=archv2-parity tool=conduit-v2 collector=conduit type=conduit collector=conduit type=conduit name=msg-megabytes-in-per-second[archv2-parity] series-count=1 last-value=0.5538938520429609
time=2026-08-02T15:42:59.975-07:00 level=DEBUG msg="promql query logged" test=archv2-parity tool=conduit-v2 collector=conduit type=conduit collector=conduit type=conduit params="map[end:2026-08-02T22:42:59.975Z query:rate(conduit_connector_bytes_sum{pipeline_name=\"archv2-parity\",type=\"destination\"}[2s])/1048576 start:2026-08-02T22:42:08.973Z step:1]" stats="&{Timings:{EvalTotalTime:5.6833e-05 ResultSortTime:2.08e-07 QueryPreparationTime:6.708e-06 InnerEvalTime:4.6833e-05 ExecQueueTime:9.16e-07 ExecTotalTime:5.9417e-05} Samples:0x1400131f770}" spanID=0000000000000000
time=2026-08-02T15:42:59.975-07:00 level=DEBUG msg="Query returned data" test=archv2-parity tool=conduit-v2 collector=conduit type=conduit collector=conduit type=conduit name=msg-megabytes-out-per-second[archv2-parity] series-count=1 last-value=0.5538938520429609
time=2026-08-02T15:43:00.179-07:00 level=DEBUG msg="Inspecting container" model=container-monitor name=benchi-conduit
time=2026-08-02T15:43:00.686-07:00 level=DEBUG msg="Inspecting container" model=container-monitor name=benchi-conduit
time=2026-08-02T15:43:00.974-07:00 level=DEBUG msg="promql query logged" test=archv2-parity tool=conduit-v2 collector=conduit type=conduit collector=conduit type=conduit params="map[end:2026-08-02T22:43:00.974Z query:rate(conduit_pipeline_execution_duration_seconds_count{pipeline_name=\"archv2-parity\"}[2s]) start:2026-08-02T22:42:08.973Z step:1]" stats="&{Timings:{EvalTotalTime:8.1041e-05 ResultSortTime:5.83e-07 QueryPreparationTime:2.2541e-05 InnerEvalTime:5.1166e-05 ExecQueueTime:3.75e-06 ExecTotalTime:8.8709e-05} Samples:0x140014b26c0}" spanID=0000000000000000
time=2026-08-02T15:43:00.975-07:00 level=DEBUG msg="Query returned data" test=archv2-parity tool=conduit-v2 collector=conduit type=conduit collector=conduit type=conduit name=msg-rate-per-second[archv2-parity] series-count=1 last-value=18306.613226452904
time=2026-08-02T15:43:00.975-07:00 level=DEBUG msg="promql query logged" test=archv2-parity tool=conduit-v2 collector=conduit type=conduit collector=conduit type=conduit params="map[end:2026-08-02T22:43:00.975Z query:rate(conduit_connector_bytes_sum{pipeline_name=\"archv2-parity\",type=\"source\"}[2s])/1048576 start:2026-08-02T22:42:08.973Z step:1]" stats="&{Timings:{EvalTotalTime:9.7084e-05 ResultSortTime:4.17e-07 QueryPreparationTime:1.35e-05 InnerEvalTime:7.7542e-05 ExecQueueTime:1.876e-06 ExecTotalTime:0.000104042} Samples:0x140014b2d20}" spanID=0000000000000000
time=2026-08-02T15:43:00.975-07:00 level=DEBUG msg="Query returned data" test=archv2-parity tool=conduit-v2 collector=conduit type=conduit collector=conduit type=conduit name=msg-megabytes-in-per-second[archv2-parity] series-count=1 last-value=0.5174543193442549
time=2026-08-02T15:43:00.975-07:00 level=DEBUG msg="promql query logged" test=archv2-parity tool=conduit-v2 collector=conduit type=conduit collector=conduit type=conduit params="map[end:2026-08-02T22:43:00.975Z query:rate(conduit_connector_bytes_sum{pipeline_name=\"archv2-parity\",type=\"destination\"}[2s])/1048576 start:2026-08-02T22:42:08.973Z step:1]" stats="&{Timings:{EvalTotalTime:8.625e-05 ResultSortTime:3.33e-07 QueryPreparationTime:1.3209e-05 InnerEvalTime:6.4708e-05 ExecQueueTime:1.707e-06 ExecTotalTime:9.0417e-05} Samples:0x140014b3380}" spanID=0000000000000000
time=2026-08-02T15:43:00.975-07:00 level=DEBUG msg="Query returned data" test=archv2-parity tool=conduit-v2 collector=conduit type=conduit collector=conduit type=conduit name=msg-megabytes-out-per-second[archv2-parity] series-count=1 last-value=0.5174514525877927
time=2026-08-02T15:43:01.196-07:00 level=DEBUG msg="Inspecting container" model=container-monitor name=benchi-conduit
time=2026-08-02T15:43:01.701-07:00 level=DEBUG msg="Inspecting container" model=container-monitor name=benchi-conduit
time=2026-08-02T15:43:01.975-07:00 level=DEBUG msg="promql query logged" test=archv2-parity tool=conduit-v2 collector=conduit type=conduit collector=conduit type=conduit params="map[end:2026-08-02T22:43:01.975Z query:rate(conduit_pipeline_execution_duration_seconds_count{pipeline_name=\"archv2-parity\"}[2s]) start:2026-08-02T22:42:08.973Z step:1]" stats="&{Timings:{EvalTotalTime:0.000126208 ResultSortTime:7.5e-07 QueryPreparationTime:4.1334e-05 InnerEvalTime:7.2625e-05 ExecQueueTime:5.541e-06 ExecTotalTime:0.000136375} Samples:0x14001534510}" spanID=0000000000000000
time=2026-08-02T15:43:01.975-07:00 level=DEBUG msg="Query returned data" test=archv2-parity tool=conduit-v2 collector=conduit type=conduit collector=conduit type=conduit name=msg-rate-per-second[archv2-parity] series-count=1 last-value=19654.03788634098
time=2026-08-02T15:43:01.975-07:00 level=DEBUG msg="promql query logged" test=archv2-parity tool=conduit-v2 collector=conduit type=conduit collector=conduit type=conduit params="map[end:2026-08-02T22:43:01.975Z query:rate(conduit_connector_bytes_sum{pipeline_name=\"archv2-parity\",type=\"source\"}[2s])/1048576 start:2026-08-02T22:42:08.973Z step:1]" stats="&{Timings:{EvalTotalTime:0.0001105 ResultSortTime:3.33e-07 QueryPreparationTime:1.5833e-05 InnerEvalTime:8.6625e-05 ExecQueueTime:1.708e-06 ExecTotalTime:0.00011575} Samples:0x14001534b70}" spanID=0000000000000000
time=2026-08-02T15:43:01.975-07:00 level=DEBUG msg="Query returned data" test=archv2-parity tool=conduit-v2 collector=conduit type=conduit collector=conduit type=conduit name=msg-megabytes-in-per-second[archv2-parity] series-count=1 last-value=0.5559740608496776
time=2026-08-02T15:43:01.976-07:00 level=DEBUG msg="promql query logged" test=archv2-parity tool=conduit-v2 collector=conduit type=conduit collector=conduit type=conduit params="map[end:2026-08-02T22:43:01.976Z query:rate(conduit_connector_bytes_sum{pipeline_name=\"archv2-parity\",type=\"destination\"}[2s])/1048576 start:2026-08-02T22:42:08.973Z step:1]" stats="&{Timings:{EvalTotalTime:7.5875e-05 ResultSortTime:5.83e-07 QueryPreparationTime:9.291e-06 InnerEvalTime:6.2208e-05 ExecQueueTime:1.417e-06 ExecTotalTime:8.0333e-05} Samples:0x140015351d0}" spanID=0000000000000000
time=2026-08-02T15:43:01.976-07:00 level=DEBUG msg="Query returned data" test=archv2-parity tool=conduit-v2 collector=conduit type=conduit collector=conduit type=conduit name=msg-megabytes-out-per-second[archv2-parity] series-count=1 last-value=0.5559835690681861
time=2026-08-02T15:43:02.208-07:00 level=DEBUG msg="Inspecting container" model=container-monitor name=benchi-conduit
time=2026-08-02T15:43:02.718-07:00 level=DEBUG msg="Inspecting container" model=container-monitor name=benchi-conduit
time=2026-08-02T15:43:02.976-07:00 level=DEBUG msg="promql query logged" test=archv2-parity tool=conduit-v2 collector=conduit type=conduit collector=conduit type=conduit params="map[end:2026-08-02T22:43:02.976Z query:rate(conduit_pipeline_execution_duration_seconds_count{pipeline_name=\"archv2-parity\"}[2s]) start:2026-08-02T22:42:08.973Z step:1]" stats="&{Timings:{EvalTotalTime:7.0167e-05 ResultSortTime:4.58e-07 QueryPreparationTime:1.3958e-05 InnerEvalTime:4.3208e-05 ExecQueueTime:2.667e-06 ExecTotalTime:7.5833e-05} Samples:0x1400169f350}" spanID=0000000000000000
time=2026-08-02T15:43:02.976-07:00 level=DEBUG msg="Query returned data" test=archv2-parity tool=conduit-v2 collector=conduit type=conduit collector=conduit type=conduit name=msg-rate-per-second[archv2-parity] series-count=1 last-value=19814.44332998997
time=2026-08-02T15:43:02.976-07:00 level=DEBUG msg="promql query logged" test=archv2-parity tool=conduit-v2 collector=conduit type=conduit collector=conduit type=conduit params="map[end:2026-08-02T22:43:02.976Z query:rate(conduit_connector_bytes_sum{pipeline_name=\"archv2-parity\",type=\"source\"}[2s])/1048576 start:2026-08-02T22:42:08.973Z step:1]" stats="&{Timings:{EvalTotalTime:7.2583e-05 ResultSortTime:2.5e-07 QueryPreparationTime:9.25e-06 InnerEvalTime:5.9125e-05 ExecQueueTime:1.125e-06 ExecTotalTime:7.5542e-05} Samples:0x1400169f9b0}" spanID=0000000000000000
time=2026-08-02T15:43:02.976-07:00 level=DEBUG msg="Query returned data" test=archv2-parity tool=conduit-v2 collector=conduit type=conduit collector=conduit type=conduit name=msg-megabytes-in-per-second[archv2-parity] series-count=1 last-value=0.5611698988567264
time=2026-08-02T15:43:02.976-07:00 level=DEBUG msg="promql query logged" test=archv2-parity tool=conduit-v2 collector=conduit type=conduit collector=conduit type=conduit params="map[end:2026-08-02T22:43:02.976Z query:rate(conduit_connector_bytes_sum{pipeline_name=\"archv2-parity\",type=\"destination\"}[2s])/1048576 start:2026-08-02T22:42:08.973Z step:1]" stats="&{Timings:{EvalTotalTime:6.1709e-05 ResultSortTime:1.25e-07 QueryPreparationTime:9.084e-06 InnerEvalTime:4.825e-05 ExecQueueTime:1.001e-06 ExecTotalTime:6.4125e-05} Samples:0x140016ca090}" spanID=0000000000000000
time=2026-08-02T15:43:02.976-07:00 level=DEBUG msg="Query returned data" test=archv2-parity tool=conduit-v2 collector=conduit type=conduit collector=conduit type=conduit name=msg-megabytes-out-per-second[archv2-parity] series-count=1 last-value=0.5611660726809334
time=2026-08-02T15:43:03.224-07:00 level=DEBUG msg="Inspecting container" model=container-monitor name=benchi-conduit
time=2026-08-02T15:43:03.733-07:00 level=DEBUG msg="Inspecting container" model=container-monitor name=benchi-conduit
time=2026-08-02T15:43:03.974-07:00 level=INFO msg="Test in progress" test=archv2-parity tool=conduit-v2 step=test time-left=5s
time=2026-08-02T15:43:03.974-07:00 level=DEBUG msg="promql query logged" test=archv2-parity tool=conduit-v2 collector=conduit type=conduit collector=conduit type=conduit params="map[end:2026-08-02T22:43:03.974Z query:rate(conduit_pipeline_execution_duration_seconds_count{pipeline_name=\"archv2-parity\"}[2s]) start:2026-08-02T22:42:08.973Z step:1]" stats="&{Timings:{EvalTotalTime:0.000112875 ResultSortTime:7.5e-07 QueryPreparationTime:4.0292e-05 InnerEvalTime:6.5e-05 ExecQueueTime:4.459e-06 ExecTotalTime:0.000120208} Samples:0x140015b15c0}" spanID=0000000000000000
time=2026-08-02T15:43:03.974-07:00 level=DEBUG msg="Query returned data" test=archv2-parity tool=conduit-v2 collector=conduit type=conduit collector=conduit type=conduit name=msg-rate-per-second[archv2-parity] series-count=1 last-value=19390
time=2026-08-02T15:43:03.974-07:00 level=DEBUG msg="promql query logged" test=archv2-parity tool=conduit-v2 collector=conduit type=conduit collector=conduit type=conduit params="map[end:2026-08-02T22:43:03.974Z query:rate(conduit_connector_bytes_sum{pipeline_name=\"archv2-parity\",type=\"source\"}[2s])/1048576 start:2026-08-02T22:42:08.973Z step:1]" stats="&{Timings:{EvalTotalTime:8.8792e-05 ResultSortTime:2.5e-07 QueryPreparationTime:9.584e-06 InnerEvalTime:7.5459e-05 ExecQueueTime:1e-06 ExecTotalTime:9.1167e-05} Samples:0x140015b1c20}" spanID=0000000000000000
time=2026-08-02T15:43:03.974-07:00 level=DEBUG msg="Query returned data" test=archv2-parity tool=conduit-v2 collector=conduit type=conduit collector=conduit type=conduit name=msg-megabytes-in-per-second[archv2-parity] series-count=1 last-value=0.5475397109985352
time=2026-08-02T15:43:03.975-07:00 level=DEBUG msg="promql query logged" test=archv2-parity tool=conduit-v2 collector=conduit type=conduit collector=conduit type=conduit params="map[end:2026-08-02T22:43:03.974Z query:rate(conduit_connector_bytes_sum{pipeline_name=\"archv2-parity\",type=\"destination\"}[2s])/1048576 start:2026-08-02T22:42:08.973Z step:1]" stats="&{Timings:{EvalTotalTime:6.2959e-05 ResultSortTime:1.25e-07 QueryPreparationTime:6.166e-06 InnerEvalTime:5.4e-05 ExecQueueTime:7.49e-07 ExecTotalTime:6.5125e-05} Samples:0x140015ce300}" spanID=0000000000000000
time=2026-08-02T15:43:03.975-07:00 level=DEBUG msg="Query returned data" test=archv2-parity tool=conduit-v2 collector=conduit type=conduit collector=conduit type=conduit name=msg-megabytes-out-per-second[archv2-parity] series-count=1 last-value=0.5475349426269531
time=2026-08-02T15:43:04.242-07:00 level=DEBUG msg="Inspecting container" model=container-monitor name=benchi-conduit
time=2026-08-02T15:43:04.751-07:00 level=DEBUG msg="Inspecting container" model=container-monitor name=benchi-conduit
time=2026-08-02T15:43:04.975-07:00 level=DEBUG msg="promql query logged" test=archv2-parity tool=conduit-v2 collector=conduit type=conduit collector=conduit type=conduit params="map[end:2026-08-02T22:43:04.975Z query:rate(conduit_pipeline_execution_duration_seconds_count{pipeline_name=\"archv2-parity\"}[2s]) start:2026-08-02T22:42:08.973Z step:1]" stats="&{Timings:{EvalTotalTime:7.9834e-05 ResultSortTime:5.42e-07 QueryPreparationTime:2.3459e-05 InnerEvalTime:5.0042e-05 ExecQueueTime:7.25e-06 ExecTotalTime:8.8291e-05} Samples:0x1400163a300}" spanID=0000000000000000
time=2026-08-02T15:43:04.975-07:00 level=DEBUG msg="Query returned data" test=archv2-parity tool=conduit-v2 collector=conduit type=conduit collector=conduit type=conduit name=msg-rate-per-second[archv2-parity] series-count=1 last-value=19599
time=2026-08-02T15:43:04.975-07:00 level=DEBUG msg="promql query logged" test=archv2-parity tool=conduit-v2 collector=conduit type=conduit collector=conduit type=conduit params="map[end:2026-08-02T22:43:04.975Z query:rate(conduit_connector_bytes_sum{pipeline_name=\"archv2-parity\",type=\"source\"}[2s])/1048576 start:2026-08-02T22:42:08.973Z step:1]" stats="&{Timings:{EvalTotalTime:8.7875e-05 ResultSortTime:2.5e-07 QueryPreparationTime:1.2625e-05 InnerEvalTime:7.1042e-05 ExecQueueTime:1.125e-06 ExecTotalTime:9.1166e-05} Samples:0x1400163a960}" spanID=0000000000000000
time=2026-08-02T15:43:04.975-07:00 level=DEBUG msg="Query returned data" test=archv2-parity tool=conduit-v2 collector=conduit type=conduit collector=conduit type=conduit name=msg-megabytes-in-per-second[archv2-parity] series-count=1 last-value=0.5529489517211914
time=2026-08-02T15:43:04.975-07:00 level=DEBUG msg="promql query logged" test=archv2-parity tool=conduit-v2 collector=conduit type=conduit collector=conduit type=conduit params="map[end:2026-08-02T22:43:04.975Z query:rate(conduit_connector_bytes_sum{pipeline_name=\"archv2-parity\",type=\"destination\"}[2s])/1048576 start:2026-08-02T22:42:08.973Z step:1]" stats="&{Timings:{EvalTotalTime:5.95e-05 ResultSortTime:1.25e-07 QueryPreparationTime:5.208e-06 InnerEvalTime:5.1167e-05 ExecQueueTime:7.09e-07 ExecTotalTime:6.1542e-05} Samples:0x1400163afc0}" spanID=0000000000000000
time=2026-08-02T15:43:04.975-07:00 level=DEBUG msg="Query returned data" test=archv2-parity tool=conduit-v2 collector=conduit type=conduit collector=conduit type=conduit name=msg-megabytes-out-per-second[archv2-parity] series-count=1 last-value=0.5528936386108398
time=2026-08-02T15:43:05.270-07:00 level=DEBUG msg="Inspecting container" model=container-monitor name=benchi-conduit
time=2026-08-02T15:43:05.780-07:00 level=DEBUG msg="Inspecting container" model=container-monitor name=benchi-conduit
time=2026-08-02T15:43:05.975-07:00 level=DEBUG msg="promql query logged" test=archv2-parity tool=conduit-v2 collector=conduit type=conduit collector=conduit type=conduit params="map[end:2026-08-02T22:43:05.974Z query:rate(conduit_pipeline_execution_duration_seconds_count{pipeline_name=\"archv2-parity\"}[2s]) start:2026-08-02T22:42:08.973Z step:1]" stats="&{Timings:{EvalTotalTime:7.8959e-05 ResultSortTime:5.42e-07 QueryPreparationTime:1.9167e-05 InnerEvalTime:4.4875e-05 ExecQueueTime:3.041e-06 ExecTotalTime:8.4167e-05} Samples:0x140016636b0}" spanID=0000000000000000
time=2026-08-02T15:43:05.975-07:00 level=DEBUG msg="Query returned data" test=archv2-parity tool=conduit-v2 collector=conduit type=conduit collector=conduit type=conduit name=msg-rate-per-second[archv2-parity] series-count=1 last-value=20935
time=2026-08-02T15:43:05.975-07:00 level=DEBUG msg="promql query logged" test=archv2-parity tool=conduit-v2 collector=conduit type=conduit collector=conduit type=conduit params="map[end:2026-08-02T22:43:05.975Z query:rate(conduit_connector_bytes_sum{pipeline_name=\"archv2-parity\",type=\"source\"}[2s])/1048576 start:2026-08-02T22:42:08.973Z step:1]" stats="&{Timings:{EvalTotalTime:7.4333e-05 ResultSortTime:2.08e-07 QueryPreparationTime:8.042e-06 InnerEvalTime:6.125e-05 ExecQueueTime:1e-06 ExecTotalTime:7.6875e-05} Samples:0x14001663d10}" spanID=0000000000000000
time=2026-08-02T15:43:05.975-07:00 level=DEBUG msg="Query returned data" test=archv2-parity tool=conduit-v2 collector=conduit type=conduit collector=conduit type=conduit name=msg-megabytes-in-per-second[archv2-parity] series-count=1 last-value=0.5929021835327148
time=2026-08-02T15:43:05.975-07:00 level=DEBUG msg="promql query logged" test=archv2-parity tool=conduit-v2 collector=conduit type=conduit collector=conduit type=conduit params="map[end:2026-08-02T22:43:05.975Z query:rate(conduit_connector_bytes_sum{pipeline_name=\"archv2-parity\",type=\"destination\"}[2s])/1048576 start:2026-08-02T22:42:08.973Z step:1]" stats="&{Timings:{EvalTotalTime:6.1041e-05 ResultSortTime:1.25e-07 QueryPreparationTime:4.583e-06 InnerEvalTime:5.3584e-05 ExecQueueTime:6.66e-07 ExecTotalTime:6.4458e-05} Samples:0x1400190a3f0}" spanID=0000000000000000
time=2026-08-02T15:43:05.975-07:00 level=DEBUG msg="Query returned data" test=archv2-parity tool=conduit-v2 collector=conduit type=conduit collector=conduit type=conduit name=msg-megabytes-out-per-second[archv2-parity] series-count=1 last-value=0.5929546356201172
time=2026-08-02T15:43:06.292-07:00 level=DEBUG msg="Inspecting container" model=container-monitor name=benchi-conduit
time=2026-08-02T15:43:06.801-07:00 level=DEBUG msg="Inspecting container" model=container-monitor name=benchi-conduit
time=2026-08-02T15:43:06.975-07:00 level=DEBUG msg="promql query logged" test=archv2-parity tool=conduit-v2 collector=conduit type=conduit collector=conduit type=conduit params="map[end:2026-08-02T22:43:06.975Z query:rate(conduit_pipeline_execution_duration_seconds_count{pipeline_name=\"archv2-parity\"}[2s]) start:2026-08-02T22:42:08.973Z step:1]" stats="&{Timings:{EvalTotalTime:0.00012425 ResultSortTime:3.625e-06 QueryPreparationTime:3.8292e-05 InnerEvalTime:7.2292e-05 ExecQueueTime:5e-06 ExecTotalTime:0.000133042} Samples:0x14000561d40}" spanID=0000000000000000
time=2026-08-02T15:43:06.975-07:00 level=DEBUG msg="Query returned data" test=archv2-parity tool=conduit-v2 collector=conduit type=conduit collector=conduit type=conduit name=msg-rate-per-second[archv2-parity] series-count=1 last-value=20501
time=2026-08-02T15:43:06.976-07:00 level=DEBUG msg="promql query logged" test=archv2-parity tool=conduit-v2 collector=conduit type=conduit collector=conduit type=conduit params="map[end:2026-08-02T22:43:06.975Z query:rate(conduit_connector_bytes_sum{pipeline_name=\"archv2-parity\",type=\"source\"}[2s])/1048576 start:2026-08-02T22:42:08.973Z step:1]" stats="&{Timings:{EvalTotalTime:0.000160583 ResultSortTime:7.09e-07 QueryPreparationTime:1.4417e-05 InnerEvalTime:0.000139333 ExecQueueTime:1.792e-06 ExecTotalTime:0.0001675} Samples:0x140019ca3c0}" spanID=0000000000000000
time=2026-08-02T15:43:06.976-07:00 level=DEBUG msg="Query returned data" test=archv2-parity tool=conduit-v2 collector=conduit type=conduit collector=conduit type=conduit name=msg-megabytes-in-per-second[archv2-parity] series-count=1 last-value=0.578974723815918
time=2026-08-02T15:43:06.976-07:00 level=DEBUG msg="promql query logged" test=archv2-parity tool=conduit-v2 collector=conduit type=conduit collector=conduit type=conduit params="map[end:2026-08-02T22:43:06.976Z query:rate(conduit_connector_bytes_sum{pipeline_name=\"archv2-parity\",type=\"destination\"}[2s])/1048576 start:2026-08-02T22:42:08.973Z step:1]" stats="&{Timings:{EvalTotalTime:7.9042e-05 ResultSortTime:5.42e-07 QueryPreparationTime:1.0333e-05 InnerEvalTime:6.3584e-05 ExecQueueTime:1.542e-06 ExecTotalTime:8.1833e-05} Samples:0x140019caa50}" spanID=0000000000000000
time=2026-08-02T15:43:06.976-07:00 level=DEBUG msg="Query returned data" test=archv2-parity tool=conduit-v2 collector=conduit type=conduit collector=conduit type=conduit name=msg-megabytes-out-per-second[archv2-parity] series-count=1 last-value=0.5789499282836914
time=2026-08-02T15:43:07.311-07:00 level=DEBUG msg="Inspecting container" model=container-monitor name=benchi-conduit
time=2026-08-02T15:43:07.840-07:00 level=DEBUG msg="Inspecting container" model=container-monitor name=benchi-conduit
time=2026-08-02T15:43:07.974-07:00 level=DEBUG msg="promql query logged" test=archv2-parity tool=conduit-v2 collector=conduit type=conduit collector=conduit type=conduit params="map[end:2026-08-02T22:43:07.974Z query:rate(conduit_pipeline_execution_duration_seconds_count{pipeline_name=\"archv2-parity\"}[2s]) start:2026-08-02T22:42:08.973Z step:1]" stats="&{Timings:{EvalTotalTime:0.000143417 ResultSortTime:1.083e-06 QueryPreparationTime:5.025e-05 InnerEvalTime:7.4584e-05 ExecQueueTime:5.584e-06 ExecTotalTime:0.000153334} Samples:0x14000b81ad0}" spanID=0000000000000000
time=2026-08-02T15:43:07.974-07:00 level=DEBUG msg="Query returned data" test=archv2-parity tool=conduit-v2 collector=conduit type=conduit collector=conduit type=conduit name=msg-rate-per-second[archv2-parity] series-count=1 last-value=20746
time=2026-08-02T15:43:07.975-07:00 level=DEBUG msg="promql query logged" test=archv2-parity tool=conduit-v2 collector=conduit type=conduit collector=conduit type=conduit params="map[end:2026-08-02T22:43:07.975Z query:rate(conduit_connector_bytes_sum{pipeline_name=\"archv2-parity\",type=\"source\"}[2s])/1048576 start:2026-08-02T22:42:08.973Z step:1]" stats="&{Timings:{EvalTotalTime:0.000125208 ResultSortTime:3.33e-07 QueryPreparationTime:1.8458e-05 InnerEvalTime:0.00010025 ExecQueueTime:1.5e-06 ExecTotalTime:0.000130459} Samples:0x140017821b0}" spanID=0000000000000000
time=2026-08-02T15:43:07.975-07:00 level=DEBUG msg="Query returned data" test=archv2-parity tool=conduit-v2 collector=conduit type=conduit collector=conduit type=conduit name=msg-megabytes-in-per-second[archv2-parity] series-count=1 last-value=0.5862150192260742
time=2026-08-02T15:43:07.975-07:00 level=DEBUG msg="promql query logged" test=archv2-parity tool=conduit-v2 collector=conduit type=conduit collector=conduit type=conduit params="map[end:2026-08-02T22:43:07.975Z query:rate(conduit_connector_bytes_sum{pipeline_name=\"archv2-parity\",type=\"destination\"}[2s])/1048576 start:2026-08-02T22:42:08.973Z step:1]" stats="&{Timings:{EvalTotalTime:8.875e-05 ResultSortTime:3.75e-07 QueryPreparationTime:9.584e-06 InnerEvalTime:7.3375e-05 ExecQueueTime:1.333e-06 ExecTotalTime:9.1875e-05} Samples:0x14001782810}" spanID=0000000000000000
time=2026-08-02T15:43:07.975-07:00 level=DEBUG msg="Query returned data" test=archv2-parity tool=conduit-v2 collector=conduit type=conduit collector=conduit type=conduit name=msg-megabytes-out-per-second[archv2-parity] series-count=1 last-value=0.5862407684326172
time=2026-08-02T15:43:08.347-07:00 level=DEBUG msg="Inspecting container" model=container-monitor name=benchi-conduit
time=2026-08-02T15:43:08.851-07:00 level=DEBUG msg="Inspecting container" model=container-monitor name=benchi-conduit
time=2026-08-02T15:43:08.974-07:00 level=INFO msg="Test in progress" test=archv2-parity tool=conduit-v2 step=test time-left=0s
time=2026-08-02T15:43:08.974-07:00 level=DEBUG msg="promql query logged" test=archv2-parity tool=conduit-v2 collector=conduit type=conduit collector=conduit type=conduit params="map[end:2026-08-02T22:43:08.974Z query:rate(conduit_pipeline_execution_duration_seconds_count{pipeline_name=\"archv2-parity\"}[2s]) start:2026-08-02T22:42:08.973Z step:1]" stats="&{Timings:{EvalTotalTime:9.4125e-05 ResultSortTime:3.33e-07 QueryPreparationTime:2.0625e-05 InnerEvalTime:6.4375e-05 ExecQueueTime:2.792e-06 ExecTotalTime:0.000101667} Samples:0x1400121a600}" spanID=0000000000000000
time=2026-08-02T15:43:08.974-07:00 level=DEBUG msg="Query returned data" test=archv2-parity tool=conduit-v2 collector=conduit type=conduit collector=conduit type=conduit name=msg-rate-per-second[archv2-parity] series-count=1 last-value=19282
time=2026-08-02T15:43:08.974-07:00 level=DEBUG msg="promql query logged" test=archv2-parity tool=conduit-v2 collector=conduit type=conduit collector=conduit type=conduit params="map[end:2026-08-02T22:43:08.974Z query:rate(conduit_connector_bytes_sum{pipeline_name=\"archv2-parity\",type=\"source\"}[2s])/1048576 start:2026-08-02T22:42:08.973Z step:1]" stats="&{Timings:{EvalTotalTime:7.5208e-05 ResultSortTime:2.5e-07 QueryPreparationTime:9.416e-06 InnerEvalTime:6.225e-05 ExecQueueTime:9.16e-07 ExecTotalTime:7.75e-05} Samples:0x1400121ae70}" spanID=0000000000000000
time=2026-08-02T15:43:08.974-07:00 level=DEBUG msg="Query returned data" test=archv2-parity tool=conduit-v2 collector=conduit type=conduit collector=conduit type=conduit name=msg-megabytes-in-per-second[archv2-parity] series-count=1 last-value=0.5441465377807617
time=2026-08-02T15:43:08.974-07:00 level=DEBUG msg="promql query logged" test=archv2-parity tool=conduit-v2 collector=conduit type=conduit collector=conduit type=conduit params="map[end:2026-08-02T22:43:08.974Z query:rate(conduit_connector_bytes_sum{pipeline_name=\"archv2-parity\",type=\"destination\"}[2s])/1048576 start:2026-08-02T22:42:08.973Z step:1]" stats="&{Timings:{EvalTotalTime:5.6042e-05 ResultSortTime:8.4e-08 QueryPreparationTime:3.875e-06 InnerEvalTime:4.925e-05 ExecQueueTime:6.67e-07 ExecTotalTime:5.8e-05} Samples:0x1400121b4d0}" spanID=0000000000000000
time=2026-08-02T15:43:08.974-07:00 level=DEBUG msg="Query returned data" test=archv2-parity tool=conduit-v2 collector=conduit type=conduit collector=conduit type=conduit name=msg-megabytes-out-per-second[archv2-parity] series-count=1 last-value=0.5442113876342773
time=2026-08-02T15:43:09.358-07:00 level=DEBUG msg="Inspecting container" model=container-monitor name=benchi-conduit
time=2026-08-02T15:43:09.480-07:00 level=INFO msg="Step successful" test=archv2-parity tool=conduit-v2 step=test
time=2026-08-02T15:43:09.480-07:00 level=INFO msg="Running step" test=archv2-parity tool=conduit-v2 step=post-test
time=2026-08-02T15:43:09.481-07:00 level=INFO msg="Exporting metrics" test=archv2-parity tool=conduit-v2 step=post-test collector=conduit path=/Users/devarisbrown/Code/projects/conduit/benchi/archv2-parity/results/r3/archv2-parity_conduit-v2/conduit.csv
time=2026-08-02T15:43:09.481-07:00 level=INFO msg="Exporting metrics" test=archv2-parity tool=conduit-v2 step=post-test collector=docker path=/Users/devarisbrown/Code/projects/conduit/benchi/archv2-parity/results/r3/archv2-parity_conduit-v2/docker.csv
time=2026-08-02T15:43:09.482-07:00 level=DEBUG msg="Running hooks" test=archv2-parity tool=conduit-v2 step=post-test count=0
time=2026-08-02T15:43:09.482-07:00 level=INFO msg="Step successful" test=archv2-parity tool=conduit-v2 step=post-test
time=2026-08-02T15:43:09.482-07:00 level=INFO msg="Running step" test=archv2-parity tool=conduit-v2 step=pre-cleanup
time=2026-08-02T15:43:09.482-07:00 level=DEBUG msg="Running hooks" test=archv2-parity tool=conduit-v2 step=pre-cleanup count=0
time=2026-08-02T15:43:09.482-07:00 level=INFO msg="Step successful" test=archv2-parity tool=conduit-v2 step=pre-cleanup
time=2026-08-02T15:43:09.482-07:00 level=INFO msg="Running step" test=archv2-parity tool=conduit-v2 step=cleanup
time=2026-08-02T15:43:09.482-07:00 level=INFO msg="Stopping containers" test=archv2-parity tool=conduit-v2 step=tool
time=2026-08-02T15:43:09.483-07:00 level=DEBUG msg="Executing command" command="/usr/local/bin/docker compose -f ./tools/compose-conduit-v2.yml down"
time=2026-08-02T15:43:09.845-07:00 level=INFO msg="Step successful" test=archv2-parity tool=conduit-v2 step=cleanup
time=2026-08-02T15:43:09.845-07:00 level=INFO msg="Running step" test=archv2-parity tool=conduit-v2 step=post-cleanup
time=2026-08-02T15:43:09.845-07:00 level=DEBUG msg="Running hooks" test=archv2-parity tool=conduit-v2 step=post-cleanup count=0
time=2026-08-02T15:43:09.845-07:00 level=INFO msg="Step successful" test=archv2-parity tool=conduit-v2 step=post-cleanup
time=2026-08-02T15:43:09.846-07:00 level=INFO msg="Exporting aggregated metrics" path=/Users/devarisbrown/Code/projects/conduit/benchi/archv2-parity/results/r3/aggregated-results.csv
time=2026-08-02T15:43:09.846-07:00 level=INFO msg="Removing docker network" network=benchi
time=2026-08-02T15:43:09.846-07:00 level=INFO msg="Removing network" network=benchi
time=2026-08-02T15:43:09.869-07:00 level=DEBUG msg="Inspecting container" model=container-monitor name=benchi-conduit
time=2026-08-02T15:43:09.875-07:00 level=DEBUG msg="Container not found" model=container-monitor name=benchi-conduit
time=2026-08-02T15:43:10.069-07:00 level=INFO msg="Network removed" network=benchi
