time=2026-08-02T15:51:57.844-07:00 level=INFO msg="Results directory" path=/Users/devarisbrown/Code/projects/conduit/benchi/archv2-nxm-batched/results/r2
time=2026-08-02T15:51:57.844-07:00 level=INFO msg="Config file" path=/Users/devarisbrown/Code/projects/conduit/benchi/archv2-nxm-batched/bench.yml
time=2026-08-02T15:51:57.845-07:00 level=INFO msg="Parsed config" path=/Users/devarisbrown/Code/projects/conduit/benchi/archv2-nxm-batched/bench.yml
time=2026-08-02T15:51:57.845-07:00 level=INFO msg="Creating docker client"
time=2026-08-02T15:51:57.851-07:00 level=INFO msg="Creating docker network" network=benchi
time=2026-08-02T15:51:57.859-07:00 level=INFO msg="Docker network not found, creating it" network=benchi
time=2026-08-02T15:51:58.906-07:00 level=INFO msg="Network created" network-id=6d1ef8f61684ea924814e1cf51b83d99b2180cdc1b719e3c89c41a1a0f805f15
time=2026-08-02T15:51:58.910-07:00 level=INFO msg="Using network" network=benchi network-id=6d1ef8f61684ea924814e1cf51b83d99b2180cdc1b719e3c89c41a1a0f805f15
time=2026-08-02T15:51:58.911-07:00 level=DEBUG msg="Executing command" command="/usr/local/bin/docker compose -f ./tools/compose-conduit-v1.yml config --format json"
time=2026-08-02T15:51:59.021-07:00 level=INFO msg="Replaying on-disk memory mappable chunks if any" test=archv2-nxm-batched tool=conduit-v1 collector=conduit type=conduit collector=conduit type=conduit collector.prometheus=tsdb
time=2026-08-02T15:51:59.021-07:00 level=INFO msg="On-disk memory mappable chunks replay completed" test=archv2-nxm-batched tool=conduit-v1 collector=conduit type=conduit collector=conduit type=conduit collector.prometheus=tsdb duration=15.708µs
time=2026-08-02T15:51:59.021-07:00 level=INFO msg="Replaying WAL, this may take a while" test=archv2-nxm-batched tool=conduit-v1 collector=conduit type=conduit collector=conduit type=conduit collector.prometheus=tsdb
time=2026-08-02T15:51:59.022-07:00 level=INFO msg="WAL segment loaded" test=archv2-nxm-batched tool=conduit-v1 collector=conduit type=conduit collector=conduit type=conduit collector.prometheus=tsdb segment=0 maxSegment=0
time=2026-08-02T15:51:59.022-07:00 level=INFO msg="WAL replay completed" test=archv2-nxm-batched tool=conduit-v1 collector=conduit type=conduit collector=conduit type=conduit collector.prometheus=tsdb checkpoint_replay_duration=170.125µs wal_replay_duration=453.542µs wbl_replay_duration=209ns chunk_snapshot_load_duration=0s mmap_chunk_replay_duration=15.708µs total_replay_duration=763.333µs
time=2026-08-02T15:51:59.044-07:00 level=DEBUG msg="Lookback delta is zero, setting to default value" test=archv2-nxm-batched tool=conduit-v1 collector=conduit type=conduit collector=conduit type=conduit collector.prometheus="query engine" value=5m0s
time=2026-08-02T15:51:59.044-07:00 level=DEBUG msg="Executing command" command="/usr/local/bin/docker compose -f ./tools/compose-conduit-v2.yml config --format json"
time=2026-08-02T15:51:59.144-07:00 level=INFO msg="Replaying on-disk memory mappable chunks if any" test=archv2-nxm-batched tool=conduit-v2 collector=conduit type=conduit collector=conduit type=conduit collector.prometheus=tsdb
time=2026-08-02T15:51:59.144-07:00 level=INFO msg="On-disk memory mappable chunks replay completed" test=archv2-nxm-batched tool=conduit-v2 collector=conduit type=conduit collector=conduit type=conduit collector.prometheus=tsdb duration=10.125µs
time=2026-08-02T15:51:59.144-07:00 level=INFO msg="Replaying WAL, this may take a while" test=archv2-nxm-batched tool=conduit-v2 collector=conduit type=conduit collector=conduit type=conduit collector.prometheus=tsdb
time=2026-08-02T15:51:59.146-07:00 level=INFO msg="WAL segment loaded" test=archv2-nxm-batched tool=conduit-v2 collector=conduit type=conduit collector=conduit type=conduit collector.prometheus=tsdb segment=0 maxSegment=0
time=2026-08-02T15:51:59.146-07:00 level=INFO msg="WAL replay completed" test=archv2-nxm-batched tool=conduit-v2 collector=conduit type=conduit collector=conduit type=conduit collector.prometheus=tsdb checkpoint_replay_duration=90.834µs wal_replay_duration=2.024167ms wbl_replay_duration=166ns chunk_snapshot_load_duration=0s mmap_chunk_replay_duration=10.125µs total_replay_duration=2.199333ms
time=2026-08-02T15:51:59.151-07:00 level=DEBUG msg="Lookback delta is zero, setting to default value" test=archv2-nxm-batched tool=conduit-v2 collector=conduit type=conduit collector=conduit type=conduit collector.prometheus="query engine" value=5m0s
time=2026-08-02T15:51:59.151-07:00 level=INFO msg="Running step" test=archv2-nxm-batched tool=conduit-v1 step=pre-infrastructure
time=2026-08-02T15:51:59.151-07:00 level=INFO msg="Pulling docker images for tool containers" test=archv2-nxm-batched tool=conduit-v1 step=pre-infrastructure containers=[benchi-conduit]
time=2026-08-02T15:51:59.152-07:00 level=DEBUG msg="Executing command" command="/usr/local/bin/docker compose -f ./tools/compose-conduit-v1.yml pull"
time=2026-08-02T15:51:59.262-07:00 level=INFO msg="Pulling docker images for hooks" test=archv2-nxm-batched tool=conduit-v1 step=pre-infrastructure images=[]
time=2026-08-02T15:51:59.262-07:00 level=DEBUG msg="Running hooks" test=archv2-nxm-batched tool=conduit-v1 step=pre-infrastructure count=0
time=2026-08-02T15:51:59.262-07:00 level=INFO msg="Step successful" test=archv2-nxm-batched tool=conduit-v1 step=pre-infrastructure
time=2026-08-02T15:51:59.262-07:00 level=INFO msg="Running step" test=archv2-nxm-batched tool=conduit-v1 step=infrastructure
time=2026-08-02T15:51:59.262-07:00 level=INFO msg="No infrastructure to start" test=archv2-nxm-batched tool=conduit-v1 step=infrastructure
time=2026-08-02T15:51:59.262-07:00 level=INFO msg="Step successful" test=archv2-nxm-batched tool=conduit-v1 step=infrastructure
time=2026-08-02T15:51:59.262-07:00 level=INFO msg="Running step" test=archv2-nxm-batched tool=conduit-v1 step=post-infrastructure
time=2026-08-02T15:51:59.262-07:00 level=DEBUG msg="Running hooks" test=archv2-nxm-batched tool=conduit-v1 step=post-infrastructure count=0
time=2026-08-02T15:51:59.262-07:00 level=INFO msg="Step successful" test=archv2-nxm-batched tool=conduit-v1 step=post-infrastructure
time=2026-08-02T15:51:59.262-07:00 level=INFO msg="Running step" test=archv2-nxm-batched tool=conduit-v1 step=pre-tool
time=2026-08-02T15:51:59.262-07:00 level=DEBUG msg="Running hooks" test=archv2-nxm-batched tool=conduit-v1 step=pre-tool count=0
time=2026-08-02T15:51:59.262-07:00 level=INFO msg="Step successful" test=archv2-nxm-batched tool=conduit-v1 step=pre-tool
time=2026-08-02T15:51:59.263-07:00 level=INFO msg="Running step" test=archv2-nxm-batched tool=conduit-v1 step=tool
time=2026-08-02T15:51:59.263-07:00 level=INFO msg="Waiting for container status to be healthy" test=archv2-nxm-batched tool=conduit-v1 step=tool container=benchi-conduit status=N/A
time=2026-08-02T15:51:59.263-07:00 level=DEBUG msg="Executing command" command="/usr/local/bin/docker compose -f ./tools/compose-conduit-v1.yml up"
time=2026-08-02T15:51:59.652-07:00 level=DEBUG msg="Inspecting container" model=container-monitor name=benchi-conduit
time=2026-08-02T15:52:00.158-07:00 level=DEBUG msg="Inspecting container" model=container-monitor name=benchi-conduit
time=2026-08-02T15:52:00.268-07:00 level=DEBUG msg="Inspected container" test=archv2-nxm-batched tool=conduit-v1 step=tool container=benchi-conduit response="{ContainerJSONBase:0x140010142c0 Mounts:[{Type:bind Name: Source:/Users/devarisbrown/Code/projects/conduit/benchi/archv2-nxm-batched/pipeline.yml Destination:/app/pipelines/pipeline.yml Driver: Mode:rw RW:true Propagation:rprivate}] Config:0x14000000500 NetworkSettings:0x14000230300 ImageManifestDescriptor:<nil>}" state="{Status:running Running:true Paused:false Restarting:false OOMKilled:false Dead:false Pid:17439 ExitCode:0 Error: StartedAt:2026-08-02T22:51:59.470386045Z FinishedAt:0001-01-01T00:00:00Z Health:<nil>}"
time=2026-08-02T15:52:00.268-07:00 level=INFO msg="Container is running (consider adding a health check!)" test=archv2-nxm-batched tool=conduit-v1 step=tool container=/benchi-conduit
time=2026-08-02T15:52:00.268-07:00 level=INFO msg="Tools started" test=archv2-nxm-batched tool=conduit-v1 step=tool
time=2026-08-02T15:52:00.268-07:00 level=INFO msg="Step successful" test=archv2-nxm-batched tool=conduit-v1 step=tool
time=2026-08-02T15:52:00.268-07:00 level=INFO msg="Running step" test=archv2-nxm-batched tool=conduit-v1 step=post-tool
time=2026-08-02T15:52:00.268-07:00 level=DEBUG msg="Running hooks" test=archv2-nxm-batched tool=conduit-v1 step=post-tool count=0
time=2026-08-02T15:52:00.268-07:00 level=INFO msg="Step successful" test=archv2-nxm-batched tool=conduit-v1 step=post-tool
time=2026-08-02T15:52:00.269-07:00 level=INFO msg="Running step" test=archv2-nxm-batched tool=conduit-v1 step=pre-test
time=2026-08-02T15:52:00.269-07:00 level=DEBUG msg="Running hooks" test=archv2-nxm-batched tool=conduit-v1 step=pre-test count=0
time=2026-08-02T15:52:00.269-07:00 level=INFO msg="Step successful" test=archv2-nxm-batched tool=conduit-v1 step=pre-test
time=2026-08-02T15:52:00.269-07:00 level=INFO msg="Running step" test=archv2-nxm-batched tool=conduit-v1 step=test
time=2026-08-02T15:52:00.269-07:00 level=INFO msg="Running collector" test=archv2-nxm-batched tool=conduit-v1 step=test name=conduit type=conduit
time=2026-08-02T15:52:00.269-07:00 level=INFO msg="Running collector" test=archv2-nxm-batched tool=conduit-v1 step=test name=docker type=docker
time=2026-08-02T15:52:00.269-07:00 level=INFO msg="Test in progress" test=archv2-nxm-batched tool=conduit-v1 step=test time-left=1m0s
time=2026-08-02T15:52:00.269-07:00 level=DEBUG msg="Collecting stats" test=archv2-nxm-batched tool=conduit-v1 collector=docker type=docker collector=docker type=docker container=benchi-conduit
time=2026-08-02T15:52:00.672-07:00 level=DEBUG msg="Inspecting container" model=container-monitor name=benchi-conduit
time=2026-08-02T15:52:01.184-07:00 level=DEBUG msg="Inspecting container" model=container-monitor name=benchi-conduit
time=2026-08-02T15:52:01.270-07:00 level=DEBUG msg="promql query logged" test=archv2-nxm-batched tool=conduit-v1 collector=conduit type=conduit collector=conduit type=conduit params="map[end:2026-08-02T22:52:01.270Z query:rate(conduit_pipeline_execution_duration_seconds_count{pipeline_name=\"archv2-nxm-batched\"}[2s]) start:2026-08-02T22:52:00.269Z step:1]" stats="&{Timings:{EvalTotalTime:0.000103958 ResultSortTime:5.42e-07 QueryPreparationTime:2.4667e-05 InnerEvalTime:5.9083e-05 ExecQueueTime:3.417e-06 ExecTotalTime:0.000114667} Samples:0x14000fdb2c0}" spanID=0000000000000000
time=2026-08-02T15:52:01.270-07:00 level=DEBUG msg="No data returned from query" test=archv2-nxm-batched tool=conduit-v1 collector=conduit type=conduit collector=conduit type=conduit
time=2026-08-02T15:52:01.270-07:00 level=DEBUG msg="promql query logged" test=archv2-nxm-batched tool=conduit-v1 collector=conduit type=conduit collector=conduit type=conduit params="map[end:2026-08-02T22:52:01.270Z query:rate(conduit_connector_bytes_sum{pipeline_name=\"archv2-nxm-batched\",type=\"source\"}[2s])/1048576 start:2026-08-02T22:52:00.269Z step:1]" stats="&{Timings:{EvalTotalTime:3.7459e-05 ResultSortTime:8.4e-08 QueryPreparationTime:4.542e-06 InnerEvalTime:3.0916e-05 ExecQueueTime:6.67e-07 ExecTotalTime:3.9e-05} Samples:0x14000fdb9b0}" spanID=0000000000000000
time=2026-08-02T15:52:01.270-07:00 level=DEBUG msg="No data returned from query" test=archv2-nxm-batched tool=conduit-v1 collector=conduit type=conduit collector=conduit type=conduit
time=2026-08-02T15:52:01.270-07:00 level=DEBUG msg="promql query logged" test=archv2-nxm-batched tool=conduit-v1 collector=conduit type=conduit collector=conduit type=conduit params="map[end:2026-08-02T22:52:01.270Z query:rate(conduit_connector_bytes_sum{pipeline_name=\"archv2-nxm-batched\",type=\"destination\"}[2s])/1048576 start:2026-08-02T22:52:00.269Z step:1]" stats="&{Timings:{EvalTotalTime:1.675e-05 ResultSortTime:1.67e-07 QueryPreparationTime:3.875e-06 InnerEvalTime:1.1083e-05 ExecQueueTime:5.42e-07 ExecTotalTime:1.7958e-05} Samples:0x140012320f0}" spanID=0000000000000000
time=2026-08-02T15:52:01.271-07:00 level=DEBUG msg="No data returned from query" test=archv2-nxm-batched tool=conduit-v1 collector=conduit type=conduit collector=conduit type=conduit
time=2026-08-02T15:52:01.693-07:00 level=DEBUG msg="Inspecting container" model=container-monitor name=benchi-conduit
time=2026-08-02T15:52:02.197-07:00 level=DEBUG msg="Inspecting container" model=container-monitor name=benchi-conduit
time=2026-08-02T15:52:02.270-07:00 level=DEBUG msg="promql query logged" test=archv2-nxm-batched tool=conduit-v1 collector=conduit type=conduit collector=conduit type=conduit params="map[end:2026-08-02T22:52:02.269Z query:rate(conduit_pipeline_execution_duration_seconds_count{pipeline_name=\"archv2-nxm-batched\"}[2s]) start:2026-08-02T22:52:00.269Z step:1]" stats="&{Timings:{EvalTotalTime:0.000298292 ResultSortTime:5.41e-07 QueryPreparationTime:5.1042e-05 InnerEvalTime:0.000236417 ExecQueueTime:2.209e-06 ExecTotalTime:0.000304333} Samples:0x14001134e40}" spanID=0000000000000000
time=2026-08-02T15:52:02.270-07:00 level=DEBUG msg="Query returned data" test=archv2-nxm-batched tool=conduit-v1 collector=conduit type=conduit collector=conduit type=conduit name=msg-rate-per-second[archv2-nxm-batched] series-count=1 last-value=20574.850299401198
time=2026-08-02T15:52:02.270-07:00 level=DEBUG msg="promql query logged" test=archv2-nxm-batched tool=conduit-v1 collector=conduit type=conduit collector=conduit type=conduit params="map[end:2026-08-02T22:52:02.270Z query:rate(conduit_connector_bytes_sum{pipeline_name=\"archv2-nxm-batched\",type=\"source\"}[2s])/1048576 start:2026-08-02T22:52:00.269Z step:1]" stats="&{Timings:{EvalTotalTime:3.0666e-05 ResultSortTime:7.5e-07 QueryPreparationTime:7.959e-06 InnerEvalTime:1.9834e-05 ExecQueueTime:1.124e-06 ExecTotalTime:3.2709e-05} Samples:0x14001135560}" spanID=0000000000000000
time=2026-08-02T15:52:02.270-07:00 level=WARN msg="Query returned multiple series, only first will be used" test=archv2-nxm-batched tool=conduit-v1 collector=conduit type=conduit collector=conduit type=conduit series-count=2
time=2026-08-02T15:52:02.270-07:00 level=DEBUG msg="Query returned data" test=archv2-nxm-batched tool=conduit-v1 collector=conduit type=conduit collector=conduit type=conduit name=msg-megabytes-in-per-second[archv2-nxm-batched] series-count=1 last-value=0.29211177559431917
time=2026-08-02T15:52:02.270-07:00 level=DEBUG msg="promql query logged" test=archv2-nxm-batched tool=conduit-v1 collector=conduit type=conduit collector=conduit type=conduit params="map[end:2026-08-02T22:52:02.270Z query:rate(conduit_connector_bytes_sum{pipeline_name=\"archv2-nxm-batched\",type=\"destination\"}[2s])/1048576 start:2026-08-02T22:52:00.269Z step:1]" stats="&{Timings:{EvalTotalTime:3.3208e-05 ResultSortTime:3.75e-07 QueryPreparationTime:5.625e-06 InnerEvalTime:2.4791e-05 ExecQueueTime:1.042e-06 ExecTotalTime:3.5625e-05} Samples:0x14000f0f320}" spanID=0000000000000000
time=2026-08-02T15:52:02.270-07:00 level=WARN msg="Query returned multiple series, only first will be used" test=archv2-nxm-batched tool=conduit-v1 collector=conduit type=conduit collector=conduit type=conduit series-count=2
time=2026-08-02T15:52:02.270-07:00 level=DEBUG msg="Query returned data" test=archv2-nxm-batched tool=conduit-v1 collector=conduit type=conduit collector=conduit type=conduit name=msg-megabytes-out-per-second[archv2-nxm-batched] series-count=1 last-value=0.5807543467142863
time=2026-08-02T15:52:02.703-07:00 level=DEBUG msg="Inspecting container" model=container-monitor name=benchi-conduit
time=2026-08-02T15:52:03.212-07:00 level=DEBUG msg="Inspecting container" model=container-monitor name=benchi-conduit
time=2026-08-02T15:52:03.272-07:00 level=DEBUG msg="promql query logged" test=archv2-nxm-batched tool=conduit-v1 collector=conduit type=conduit collector=conduit type=conduit params="map[end:2026-08-02T22:52:03.271Z query:rate(conduit_pipeline_execution_duration_seconds_count{pipeline_name=\"archv2-nxm-batched\"}[2s]) start:2026-08-02T22:52:00.269Z step:1]" stats="&{Timings:{EvalTotalTime:4.45e-05 ResultSortTime:5e-07 QueryPreparationTime:1.375e-05 InnerEvalTime:2.5666e-05 ExecQueueTime:2.625e-06 ExecTotalTime:4.9542e-05} Samples:0x14000f0fad0}" spanID=0000000000000000
time=2026-08-02T15:52:03.272-07:00 level=DEBUG msg="Query returned data" test=archv2-nxm-batched tool=conduit-v1 collector=conduit type=conduit collector=conduit type=conduit name=msg-rate-per-second[archv2-nxm-batched] series-count=1 last-value=20199.39879759519
time=2026-08-02T15:52:03.272-07:00 level=DEBUG msg="promql query logged" test=archv2-nxm-batched tool=conduit-v1 collector=conduit type=conduit collector=conduit type=conduit params="map[end:2026-08-02T22:52:03.272Z query:rate(conduit_connector_bytes_sum{pipeline_name=\"archv2-nxm-batched\",type=\"source\"}[2s])/1048576 start:2026-08-02T22:52:00.269Z step:1]" stats="&{Timings:{EvalTotalTime:4.4042e-05 ResultSortTime:9.58e-07 QueryPreparationTime:5.917e-06 InnerEvalTime:3.4125e-05 ExecQueueTime:7.51e-07 ExecTotalTime:4.6292e-05} Samples:0x14000f5e210}" spanID=0000000000000000
time=2026-08-02T15:52:03.272-07:00 level=WARN msg="Query returned multiple series, only first will be used" test=archv2-nxm-batched tool=conduit-v1 collector=conduit type=conduit collector=conduit type=conduit series-count=2
time=2026-08-02T15:52:03.272-07:00 level=DEBUG msg="Query returned data" test=archv2-nxm-batched tool=conduit-v1 collector=conduit type=conduit collector=conduit type=conduit name=msg-megabytes-in-per-second[archv2-nxm-batched] series-count=1 last-value=0.28420736890039844
time=2026-08-02T15:52:03.272-07:00 level=DEBUG msg="promql query logged" test=archv2-nxm-batched tool=conduit-v1 collector=conduit type=conduit collector=conduit type=conduit params="map[end:2026-08-02T22:52:03.272Z query:rate(conduit_connector_bytes_sum{pipeline_name=\"archv2-nxm-batched\",type=\"destination\"}[2s])/1048576 start:2026-08-02T22:52:00.269Z step:1]" stats="&{Timings:{EvalTotalTime:2.9959e-05 ResultSortTime:2.92e-07 QueryPreparationTime:5.166e-06 InnerEvalTime:2.1417e-05 ExecQueueTime:7.08e-07 ExecTotalTime:3.2e-05} Samples:0x14000f5ea50}" spanID=0000000000000000
time=2026-08-02T15:52:03.272-07:00 level=WARN msg="Query returned multiple series, only first will be used" test=archv2-nxm-batched tool=conduit-v1 collector=conduit type=conduit collector=conduit type=conduit series-count=2
time=2026-08-02T15:52:03.272-07:00 level=DEBUG msg="Query returned data" test=archv2-nxm-batched tool=conduit-v1 collector=conduit type=conduit collector=conduit type=conduit name=msg-megabytes-out-per-second[archv2-nxm-batched] series-count=1 last-value=0.5702695292318034
time=2026-08-02T15:52:03.724-07:00 level=DEBUG msg="Inspecting container" model=container-monitor name=benchi-conduit
time=2026-08-02T15:52:04.239-07:00 level=DEBUG msg="Inspecting container" model=container-monitor name=benchi-conduit
time=2026-08-02T15:52:04.271-07:00 level=DEBUG msg="promql query logged" test=archv2-nxm-batched tool=conduit-v1 collector=conduit type=conduit collector=conduit type=conduit params="map[end:2026-08-02T22:52:04.271Z query:rate(conduit_pipeline_execution_duration_seconds_count{pipeline_name=\"archv2-nxm-batched\"}[2s]) start:2026-08-02T22:52:00.269Z step:1]" stats="&{Timings:{EvalTotalTime:4.925e-05 ResultSortTime:2.92e-07 QueryPreparationTime:1.4917e-05 InnerEvalTime:2.9542e-05 ExecQueueTime:2.375e-06 ExecTotalTime:5.425e-05} Samples:0x14000f5eb70}" spanID=0000000000000000
time=2026-08-02T15:52:04.271-07:00 level=DEBUG msg="Query returned data" test=archv2-nxm-batched tool=conduit-v1 collector=conduit type=conduit collector=conduit type=conduit name=msg-rate-per-second[archv2-nxm-batched] series-count=1 last-value=14586.826347305388
time=2026-08-02T15:52:04.271-07:00 level=DEBUG msg="promql query logged" test=archv2-nxm-batched tool=conduit-v1 collector=conduit type=conduit collector=conduit type=conduit params="map[end:2026-08-02T22:52:04.271Z query:rate(conduit_connector_bytes_sum{pipeline_name=\"archv2-nxm-batched\",type=\"source\"}[2s])/1048576 start:2026-08-02T22:52:00.269Z step:1]" stats="&{Timings:{EvalTotalTime:8.3625e-05 ResultSortTime:9.16e-07 QueryPreparationTime:6.833e-06 InnerEvalTime:7.2084e-05 ExecQueueTime:8.76e-07 ExecTotalTime:8.6167e-05} Samples:0x14000f5f290}" spanID=0000000000000000
time=2026-08-02T15:52:04.272-07:00 level=WARN msg="Query returned multiple series, only first will be used" test=archv2-nxm-batched tool=conduit-v1 collector=conduit type=conduit collector=conduit type=conduit series-count=2
time=2026-08-02T15:52:04.272-07:00 level=DEBUG msg="Query returned data" test=archv2-nxm-batched tool=conduit-v1 collector=conduit type=conduit collector=conduit type=conduit name=msg-megabytes-in-per-second[archv2-nxm-batched] series-count=1 last-value=0.2049400420959838
time=2026-08-02T15:52:04.272-07:00 level=DEBUG msg="promql query logged" test=archv2-nxm-batched tool=conduit-v1 collector=conduit type=conduit collector=conduit type=conduit params="map[end:2026-08-02T22:52:04.272Z query:rate(conduit_connector_bytes_sum{pipeline_name=\"archv2-nxm-batched\",type=\"destination\"}[2s])/1048576 start:2026-08-02T22:52:00.269Z step:1]" stats="&{Timings:{EvalTotalTime:3.5459e-05 ResultSortTime:5.41e-07 QueryPreparationTime:7.625e-06 InnerEvalTime:2.4459e-05 ExecQueueTime:1.458e-06 ExecTotalTime:3.8416e-05} Samples:0x14001232f60}" spanID=0000000000000000
time=2026-08-02T15:52:04.272-07:00 level=WARN msg="Query returned multiple series, only first will be used" test=archv2-nxm-batched tool=conduit-v1 collector=conduit type=conduit collector=conduit type=conduit series-count=2
time=2026-08-02T15:52:04.272-07:00 level=DEBUG msg="Query returned data" test=archv2-nxm-batched tool=conduit-v1 collector=conduit type=conduit collector=conduit type=conduit name=msg-megabytes-out-per-second[archv2-nxm-batched] series-count=1 last-value=0.41167512387334704
time=2026-08-02T15:52:04.750-07:00 level=DEBUG msg="Inspecting container" model=container-monitor name=benchi-conduit
time=2026-08-02T15:52:05.253-07:00 level=DEBUG msg="Inspecting container" model=container-monitor name=benchi-conduit
time=2026-08-02T15:52:05.270-07:00 level=INFO msg="Test in progress" test=archv2-nxm-batched tool=conduit-v1 step=test time-left=55s
time=2026-08-02T15:52:05.270-07:00 level=DEBUG msg="promql query logged" test=archv2-nxm-batched tool=conduit-v1 collector=conduit type=conduit collector=conduit type=conduit params="map[end:2026-08-02T22:52:05.270Z query:rate(conduit_pipeline_execution_duration_seconds_count{pipeline_name=\"archv2-nxm-batched\"}[2s]) start:2026-08-02T22:52:00.269Z step:1]" stats="&{Timings:{EvalTotalTime:4.4042e-05 ResultSortTime:4.59e-07 QueryPreparationTime:1.3042e-05 InnerEvalTime:2.5458e-05 ExecQueueTime:2.125e-06 ExecTotalTime:4.8e-05} Samples:0x14000a04b10}" spanID=0000000000000000
time=2026-08-02T15:52:05.270-07:00 level=DEBUG msg="Query returned data" test=archv2-nxm-batched tool=conduit-v1 collector=conduit type=conduit collector=conduit type=conduit name=msg-rate-per-second[archv2-nxm-batched] series-count=1 last-value=16473.94789579158
time=2026-08-02T15:52:05.270-07:00 level=DEBUG msg="promql query logged" test=archv2-nxm-batched tool=conduit-v1 collector=conduit type=conduit collector=conduit type=conduit params="map[end:2026-08-02T22:52:05.270Z query:rate(conduit_connector_bytes_sum{pipeline_name=\"archv2-nxm-batched\",type=\"source\"}[2s])/1048576 start:2026-08-02T22:52:00.269Z step:1]" stats="&{Timings:{EvalTotalTime:3.8083e-05 ResultSortTime:7.92e-07 QueryPreparationTime:5.875e-06 InnerEvalTime:2.8458e-05 ExecQueueTime:9.16e-07 ExecTotalTime:4.0333e-05} Samples:0x14000a051d0}" spanID=0000000000000000
time=2026-08-02T15:52:05.270-07:00 level=WARN msg="Query returned multiple series, only first will be used" test=archv2-nxm-batched tool=conduit-v1 collector=conduit type=conduit collector=conduit type=conduit series-count=2
time=2026-08-02T15:52:05.270-07:00 level=DEBUG msg="Query returned data" test=archv2-nxm-batched tool=conduit-v1 collector=conduit type=conduit collector=conduit type=conduit name=msg-megabytes-in-per-second[archv2-nxm-batched] series-count=1 last-value=0.22702991126295557
time=2026-08-02T15:52:05.270-07:00 level=DEBUG msg="promql query logged" test=archv2-nxm-batched tool=conduit-v1 collector=conduit type=conduit collector=conduit type=conduit params="map[end:2026-08-02T22:52:05.270Z query:rate(conduit_connector_bytes_sum{pipeline_name=\"archv2-nxm-batched\",type=\"destination\"}[2s])/1048576 start:2026-08-02T22:52:00.269Z step:1]" stats="&{Timings:{EvalTotalTime:3.825e-05 ResultSortTime:6.67e-07 QueryPreparationTime:7.416e-06 InnerEvalTime:2.6083e-05 ExecQueueTime:1.458e-06 ExecTotalTime:7.4458e-05} Samples:0x14000a05ad0}" spanID=0000000000000000
time=2026-08-02T15:52:05.270-07:00 level=WARN msg="Query returned multiple series, only first will be used" test=archv2-nxm-batched tool=conduit-v1 collector=conduit type=conduit collector=conduit type=conduit series-count=2
time=2026-08-02T15:52:05.270-07:00 level=DEBUG msg="Query returned data" test=archv2-nxm-batched tool=conduit-v1 collector=conduit type=conduit collector=conduit type=conduit name=msg-megabytes-out-per-second[archv2-nxm-batched] series-count=1 last-value=0.465761922404379
time=2026-08-02T15:52:05.768-07:00 level=DEBUG msg="Inspecting container" model=container-monitor name=benchi-conduit
time=2026-08-02T15:52:06.270-07:00 level=DEBUG msg="promql query logged" test=archv2-nxm-batched tool=conduit-v1 collector=conduit type=conduit collector=conduit type=conduit params="map[end:2026-08-02T22:52:06.270Z query:rate(conduit_pipeline_execution_duration_seconds_count{pipeline_name=\"archv2-nxm-batched\"}[2s]) start:2026-08-02T22:52:00.269Z step:1]" stats="&{Timings:{EvalTotalTime:4.7084e-05 ResultSortTime:5e-07 QueryPreparationTime:1.4417e-05 InnerEvalTime:2.7e-05 ExecQueueTime:2.124e-06 ExecTotalTime:5.1625e-05} Samples:0x14000926a20}" spanID=0000000000000000
time=2026-08-02T15:52:06.270-07:00 level=DEBUG msg="Query returned data" test=archv2-nxm-batched tool=conduit-v1 collector=conduit type=conduit collector=conduit type=conduit name=msg-rate-per-second[archv2-nxm-batched] series-count=1 last-value=17887.896825396827
time=2026-08-02T15:52:06.270-07:00 level=DEBUG msg="promql query logged" test=archv2-nxm-batched tool=conduit-v1 collector=conduit type=conduit collector=conduit type=conduit params="map[end:2026-08-02T22:52:06.270Z query:rate(conduit_connector_bytes_sum{pipeline_name=\"archv2-nxm-batched\",type=\"source\"}[2s])/1048576 start:2026-08-02T22:52:00.269Z step:1]" stats="&{Timings:{EvalTotalTime:3.8542e-05 ResultSortTime:6.25e-07 QueryPreparationTime:7.958e-06 InnerEvalTime:2.7416e-05 ExecQueueTime:1.208e-06 ExecTotalTime:4.1208e-05} Samples:0x14001135500}" spanID=0000000000000000
time=2026-08-02T15:52:06.270-07:00 level=WARN msg="Query returned multiple series, only first will be used" test=archv2-nxm-batched tool=conduit-v1 collector=conduit type=conduit collector=conduit type=conduit series-count=2
time=2026-08-02T15:52:06.271-07:00 level=DEBUG msg="Query returned data" test=archv2-nxm-batched tool=conduit-v1 collector=conduit type=conduit collector=conduit type=conduit name=msg-megabytes-in-per-second[archv2-nxm-batched] series-count=1 last-value=0.25459414436703637
time=2026-08-02T15:52:06.271-07:00 level=DEBUG msg="promql query logged" test=archv2-nxm-batched tool=conduit-v1 collector=conduit type=conduit collector=conduit type=conduit params="map[end:2026-08-02T22:52:06.271Z query:rate(conduit_connector_bytes_sum{pipeline_name=\"archv2-nxm-batched\",type=\"destination\"}[2s])/1048576 start:2026-08-02T22:52:00.269Z step:1]" stats="&{Timings:{EvalTotalTime:1.8542e-05 ResultSortTime:2.08e-07 QueryPreparationTime:3.125e-06 InnerEvalTime:1.3458e-05 ExecQueueTime:5.41e-07 ExecTotalTime:2.0084e-05} Samples:0x140009270e0}" spanID=0000000000000000
time=2026-08-02T15:52:06.271-07:00 level=WARN msg="Query returned multiple series, only first will be used" test=archv2-nxm-batched tool=conduit-v1 collector=conduit type=conduit collector=conduit type=conduit series-count=2
time=2026-08-02T15:52:06.271-07:00 level=DEBUG msg="Query returned data" test=archv2-nxm-batched tool=conduit-v1 collector=conduit type=conduit collector=conduit type=conduit name=msg-megabytes-out-per-second[archv2-nxm-batched] series-count=1 last-value=0.505832452622671
time=2026-08-02T15:52:06.284-07:00 level=DEBUG msg="Inspecting container" model=container-monitor name=benchi-conduit
time=2026-08-02T15:52:06.796-07:00 level=DEBUG msg="Inspecting container" model=container-monitor name=benchi-conduit
time=2026-08-02T15:52:07.272-07:00 level=DEBUG msg="promql query logged" test=archv2-nxm-batched tool=conduit-v1 collector=conduit type=conduit collector=conduit type=conduit params="map[end:2026-08-02T22:52:07.272Z query:rate(conduit_pipeline_execution_duration_seconds_count{pipeline_name=\"archv2-nxm-batched\"}[2s]) start:2026-08-02T22:52:00.269Z step:1]" stats="&{Timings:{EvalTotalTime:4.9209e-05 ResultSortTime:5e-07 QueryPreparationTime:1.5375e-05 InnerEvalTime:2.8625e-05 ExecQueueTime:2.542e-06 ExecTotalTime:5.4041e-05} Samples:0x14000955890}" spanID=0000000000000000
time=2026-08-02T15:52:07.272-07:00 level=DEBUG msg="Query returned data" test=archv2-nxm-batched tool=conduit-v1 collector=conduit type=conduit collector=conduit type=conduit name=msg-rate-per-second[archv2-nxm-batched] series-count=1 last-value=14352.822580645161
time=2026-08-02T15:52:07.272-07:00 level=DEBUG msg="promql query logged" test=archv2-nxm-batched tool=conduit-v1 collector=conduit type=conduit collector=conduit type=conduit params="map[end:2026-08-02T22:52:07.272Z query:rate(conduit_connector_bytes_sum{pipeline_name=\"archv2-nxm-batched\",type=\"source\"}[2s])/1048576 start:2026-08-02T22:52:00.269Z step:1]" stats="&{Timings:{EvalTotalTime:4.8542e-05 ResultSortTime:9.17e-07 QueryPreparationTime:7.333e-06 InnerEvalTime:3.5333e-05 ExecQueueTime:1.125e-06 ExecTotalTime:5.1791e-05} Samples:0x14000e40510}" spanID=0000000000000000
time=2026-08-02T15:52:07.272-07:00 level=WARN msg="Query returned multiple series, only first will be used" test=archv2-nxm-batched tool=conduit-v1 collector=conduit type=conduit collector=conduit type=conduit series-count=2
time=2026-08-02T15:52:07.272-07:00 level=DEBUG msg="Query returned data" test=archv2-nxm-batched tool=conduit-v1 collector=conduit type=conduit collector=conduit type=conduit name=msg-megabytes-in-per-second[archv2-nxm-batched] series-count=1 last-value=0.2052937784502583
time=2026-08-02T15:52:07.272-07:00 level=DEBUG msg="promql query logged" test=archv2-nxm-batched tool=conduit-v1 collector=conduit type=conduit collector=conduit type=conduit params="map[end:2026-08-02T22:52:07.272Z query:rate(conduit_connector_bytes_sum{pipeline_name=\"archv2-nxm-batched\",type=\"destination\"}[2s])/1048576 start:2026-08-02T22:52:00.269Z step:1]" stats="&{Timings:{EvalTotalTime:4.1958e-05 ResultSortTime:5.42e-07 QueryPreparationTime:8.666e-06 InnerEvalTime:2.8958e-05 ExecQueueTime:9.58e-07 ExecTotalTime:4.4958e-05} Samples:0x14000e41d70}" spanID=0000000000000000
time=2026-08-02T15:52:07.272-07:00 level=WARN msg="Query returned multiple series, only first will be used" test=archv2-nxm-batched tool=conduit-v1 collector=conduit type=conduit collector=conduit type=conduit series-count=2
time=2026-08-02T15:52:07.272-07:00 level=DEBUG msg="Query returned data" test=archv2-nxm-batched tool=conduit-v1 collector=conduit type=conduit collector=conduit type=conduit name=msg-megabytes-out-per-second[archv2-nxm-batched] series-count=1 last-value=0.4064094635748094
time=2026-08-02T15:52:07.326-07:00 level=DEBUG msg="Inspecting container" model=container-monitor name=benchi-conduit
time=2026-08-02T15:52:07.979-07:00 level=DEBUG msg="Inspecting container" model=container-monitor name=benchi-conduit
time=2026-08-02T15:52:08.271-07:00 level=DEBUG msg="promql query logged" test=archv2-nxm-batched tool=conduit-v1 collector=conduit type=conduit collector=conduit type=conduit params="map[end:2026-08-02T22:52:08.270Z query:rate(conduit_pipeline_execution_duration_seconds_count{pipeline_name=\"archv2-nxm-batched\"}[2s]) start:2026-08-02T22:52:00.269Z step:1]" stats="&{Timings:{EvalTotalTime:8.4833e-05 ResultSortTime:8.33e-07 QueryPreparationTime:2.4458e-05 InnerEvalTime:4.7833e-05 ExecQueueTime:4.082e-06 ExecTotalTime:9.3625e-05} Samples:0x140013073e0}" spanID=0000000000000000
time=2026-08-02T15:52:08.271-07:00 level=DEBUG msg="Query returned data" test=archv2-nxm-batched tool=conduit-v1 collector=conduit type=conduit collector=conduit type=conduit name=msg-rate-per-second[archv2-nxm-batched] series-count=1 last-value=14262
time=2026-08-02T15:52:08.271-07:00 level=DEBUG msg="promql query logged" test=archv2-nxm-batched tool=conduit-v1 collector=conduit type=conduit collector=conduit type=conduit params="map[end:2026-08-02T22:52:08.271Z query:rate(conduit_connector_bytes_sum{pipeline_name=\"archv2-nxm-batched\",type=\"source\"}[2s])/1048576 start:2026-08-02T22:52:00.269Z step:1]" stats="&{Timings:{EvalTotalTime:9.5375e-05 ResultSortTime:5.75e-06 QueryPreparationTime:1.6583e-05 InnerEvalTime:6.5875e-05 ExecQueueTime:2.834e-06 ExecTotalTime:0.000102} Samples:0x14001307b00}" spanID=0000000000000000
time=2026-08-02T15:52:08.271-07:00 level=WARN msg="Query returned multiple series, only first will be used" test=archv2-nxm-batched tool=conduit-v1 collector=conduit type=conduit collector=conduit type=conduit series-count=2
time=2026-08-02T15:52:08.271-07:00 level=DEBUG msg="Query returned data" test=archv2-nxm-batched tool=conduit-v1 collector=conduit type=conduit collector=conduit type=conduit name=msg-megabytes-in-per-second[archv2-nxm-batched] series-count=1 last-value=0.19324684143066406
time=2026-08-02T15:52:08.272-07:00 level=DEBUG msg="promql query logged" test=archv2-nxm-batched tool=conduit-v1 collector=conduit type=conduit collector=conduit type=conduit params="map[end:2026-08-02T22:52:08.272Z query:rate(conduit_connector_bytes_sum{pipeline_name=\"archv2-nxm-batched\",type=\"destination\"}[2s])/1048576 start:2026-08-02T22:52:00.269Z step:1]" stats="&{Timings:{EvalTotalTime:0.000109166 ResultSortTime:1.333e-06 QueryPreparationTime:4.2542e-05 InnerEvalTime:5.7167e-05 ExecQueueTime:2.375e-06 ExecTotalTime:0.000114584} Samples:0x140010aac60}" spanID=0000000000000000
time=2026-08-02T15:52:08.272-07:00 level=WARN msg="Query returned multiple series, only first will be used" test=archv2-nxm-batched tool=conduit-v1 collector=conduit type=conduit collector=conduit type=conduit series-count=2
time=2026-08-02T15:52:08.272-07:00 level=DEBUG msg="Query returned data" test=archv2-nxm-batched tool=conduit-v1 collector=conduit type=conduit collector=conduit type=conduit name=msg-megabytes-out-per-second[archv2-nxm-batched] series-count=1 last-value=0.40249061584472656
time=2026-08-02T15:52:08.497-07:00 level=DEBUG msg="Inspecting container" model=container-monitor name=benchi-conduit
time=2026-08-02T15:52:09.002-07:00 level=DEBUG msg="Inspecting container" model=container-monitor name=benchi-conduit
time=2026-08-02T15:52:09.271-07:00 level=DEBUG msg="promql query logged" test=archv2-nxm-batched tool=conduit-v1 collector=conduit type=conduit collector=conduit type=conduit params="map[end:2026-08-02T22:52:09.271Z query:rate(conduit_pipeline_execution_duration_seconds_count{pipeline_name=\"archv2-nxm-batched\"}[2s]) start:2026-08-02T22:52:00.269Z step:1]" stats="&{Timings:{EvalTotalTime:5.75e-05 ResultSortTime:5.42e-07 QueryPreparationTime:1.6666e-05 InnerEvalTime:3.425e-05 ExecQueueTime:2.875e-06 ExecTotalTime:6.2833e-05} Samples:0x140010dcb70}" spanID=0000000000000000
time=2026-08-02T15:52:09.271-07:00 level=DEBUG msg="Query returned data" test=archv2-nxm-batched tool=conduit-v1 collector=conduit type=conduit collector=conduit type=conduit name=msg-rate-per-second[archv2-nxm-batched] series-count=1 last-value=14459
time=2026-08-02T15:52:09.271-07:00 level=DEBUG msg="promql query logged" test=archv2-nxm-batched tool=conduit-v1 collector=conduit type=conduit collector=conduit type=conduit params="map[end:2026-08-02T22:52:09.271Z query:rate(conduit_connector_bytes_sum{pipeline_name=\"archv2-nxm-batched\",type=\"source\"}[2s])/1048576 start:2026-08-02T22:52:00.269Z step:1]" stats="&{Timings:{EvalTotalTime:9.7625e-05 ResultSortTime:9.59e-07 QueryPreparationTime:8.917e-06 InnerEvalTime:8.1584e-05 ExecQueueTime:1.501e-06 ExecTotalTime:0.000100916} Samples:0x14001022270}" spanID=0000000000000000
time=2026-08-02T15:52:09.271-07:00 level=WARN msg="Query returned multiple series, only first will be used" test=archv2-nxm-batched tool=conduit-v1 collector=conduit type=conduit collector=conduit type=conduit series-count=2
time=2026-08-02T15:52:09.271-07:00 level=DEBUG msg="Query returned data" test=archv2-nxm-batched tool=conduit-v1 collector=conduit type=conduit collector=conduit type=conduit name=msg-megabytes-in-per-second[archv2-nxm-batched] series-count=1 last-value=0.20230770111083984
time=2026-08-02T15:52:09.272-07:00 level=DEBUG msg="promql query logged" test=archv2-nxm-batched tool=conduit-v1 collector=conduit type=conduit collector=conduit type=conduit params="map[end:2026-08-02T22:52:09.271Z query:rate(conduit_connector_bytes_sum{pipeline_name=\"archv2-nxm-batched\",type=\"destination\"}[2s])/1048576 start:2026-08-02T22:52:00.269Z step:1]" stats="&{Timings:{EvalTotalTime:7.0209e-05 ResultSortTime:8.33e-07 QueryPreparationTime:8.375e-06 InnerEvalTime:3.8416e-05 ExecQueueTime:1.167e-06 ExecTotalTime:7.3667e-05} Samples:0x14000f81500}" spanID=0000000000000000
time=2026-08-02T15:52:09.272-07:00 level=WARN msg="Query returned multiple series, only first will be used" test=archv2-nxm-batched tool=conduit-v1 collector=conduit type=conduit collector=conduit type=conduit series-count=2
time=2026-08-02T15:52:09.272-07:00 level=DEBUG msg="Query returned data" test=archv2-nxm-batched tool=conduit-v1 collector=conduit type=conduit collector=conduit type=conduit name=msg-megabytes-out-per-second[archv2-nxm-batched] series-count=1 last-value=0.4081897735595703
time=2026-08-02T15:52:09.515-07:00 level=DEBUG msg="Inspecting container" model=container-monitor name=benchi-conduit
time=2026-08-02T15:52:10.048-07:00 level=DEBUG msg="Inspecting container" model=container-monitor name=benchi-conduit
time=2026-08-02T15:52:10.280-07:00 level=INFO msg="Test in progress" test=archv2-nxm-batched tool=conduit-v1 step=test time-left=50s
time=2026-08-02T15:52:10.280-07:00 level=DEBUG msg="promql query logged" test=archv2-nxm-batched tool=conduit-v1 collector=conduit type=conduit collector=conduit type=conduit params="map[end:2026-08-02T22:52:10.280Z query:rate(conduit_pipeline_execution_duration_seconds_count{pipeline_name=\"archv2-nxm-batched\"}[2s]) start:2026-08-02T22:52:00.269Z step:1]" stats="&{Timings:{EvalTotalTime:4.9541e-05 ResultSortTime:3.75e-07 QueryPreparationTime:1.6333e-05 InnerEvalTime:2.8167e-05 ExecQueueTime:1.874e-06 ExecTotalTime:5.4208e-05} Samples:0x14000f0eff0}" spanID=0000000000000000
time=2026-08-02T15:52:10.280-07:00 level=DEBUG msg="Query returned data" test=archv2-nxm-batched tool=conduit-v1 collector=conduit type=conduit collector=conduit type=conduit name=msg-rate-per-second[archv2-nxm-batched] series-count=1 last-value=12897
time=2026-08-02T15:52:10.280-07:00 level=DEBUG msg="promql query logged" test=archv2-nxm-batched tool=conduit-v1 collector=conduit type=conduit collector=conduit type=conduit params="map[end:2026-08-02T22:52:10.280Z query:rate(conduit_connector_bytes_sum{pipeline_name=\"archv2-nxm-batched\",type=\"source\"}[2s])/1048576 start:2026-08-02T22:52:00.269Z step:1]" stats="&{Timings:{EvalTotalTime:5.1667e-05 ResultSortTime:5.83e-07 QueryPreparationTime:6.416e-06 InnerEvalTime:4.1375e-05 ExecQueueTime:7.07e-07 ExecTotalTime:5.4083e-05} Samples:0x14000f0f6e0}" spanID=0000000000000000
time=2026-08-02T15:52:10.280-07:00 level=WARN msg="Query returned multiple series, only first will be used" test=archv2-nxm-batched tool=conduit-v1 collector=conduit type=conduit collector=conduit type=conduit series-count=2
time=2026-08-02T15:52:10.280-07:00 level=DEBUG msg="Query returned data" test=archv2-nxm-batched tool=conduit-v1 collector=conduit type=conduit collector=conduit type=conduit name=msg-megabytes-in-per-second[archv2-nxm-batched] series-count=1 last-value=0.18033885955810547
time=2026-08-02T15:52:10.280-07:00 level=DEBUG msg="promql query logged" test=archv2-nxm-batched tool=conduit-v1 collector=conduit type=conduit collector=conduit type=conduit params="map[end:2026-08-02T22:52:10.280Z query:rate(conduit_connector_bytes_sum{pipeline_name=\"archv2-nxm-batched\",type=\"destination\"}[2s])/1048576 start:2026-08-02T22:52:00.269Z step:1]" stats="&{Timings:{EvalTotalTime:4.9209e-05 ResultSortTime:5.84e-07 QueryPreparationTime:8.625e-06 InnerEvalTime:3.65e-05 ExecQueueTime:9.58e-07 ExecTotalTime:5.25e-05} Samples:0x14001023f20}" spanID=0000000000000000
time=2026-08-02T15:52:10.280-07:00 level=WARN msg="Query returned multiple series, only first will be used" test=archv2-nxm-batched tool=conduit-v1 collector=conduit type=conduit collector=conduit type=conduit series-count=2
time=2026-08-02T15:52:10.281-07:00 level=DEBUG msg="Query returned data" test=archv2-nxm-batched tool=conduit-v1 collector=conduit type=conduit collector=conduit type=conduit name=msg-megabytes-out-per-second[archv2-nxm-batched] series-count=1 last-value=0.36383819580078125
time=2026-08-02T15:52:10.562-07:00 level=DEBUG msg="Inspecting container" model=container-monitor name=benchi-conduit
time=2026-08-02T15:52:11.075-07:00 level=DEBUG msg="Inspecting container" model=container-monitor name=benchi-conduit
time=2026-08-02T15:52:11.270-07:00 level=DEBUG msg="promql query logged" test=archv2-nxm-batched tool=conduit-v1 collector=conduit type=conduit collector=conduit type=conduit params="map[end:2026-08-02T22:52:11.270Z query:rate(conduit_pipeline_execution_duration_seconds_count{pipeline_name=\"archv2-nxm-batched\"}[2s]) start:2026-08-02T22:52:00.269Z step:1]" stats="&{Timings:{EvalTotalTime:5.6792e-05 ResultSortTime:6.66e-07 QueryPreparationTime:1.7042e-05 InnerEvalTime:3.325e-05 ExecQueueTime:2.875e-06 ExecTotalTime:6.4042e-05} Samples:0x140013c86c0}" spanID=0000000000000000
time=2026-08-02T15:52:11.271-07:00 level=DEBUG msg="Query returned data" test=archv2-nxm-batched tool=conduit-v1 collector=conduit type=conduit collector=conduit type=conduit name=msg-rate-per-second[archv2-nxm-batched] series-count=1 last-value=14982
time=2026-08-02T15:52:11.271-07:00 level=DEBUG msg="promql query logged" test=archv2-nxm-batched tool=conduit-v1 collector=conduit type=conduit collector=conduit type=conduit params="map[end:2026-08-02T22:52:11.271Z query:rate(conduit_connector_bytes_sum{pipeline_name=\"archv2-nxm-batched\",type=\"source\"}[2s])/1048576 start:2026-08-02T22:52:00.269Z step:1]" stats="&{Timings:{EvalTotalTime:8.5041e-05 ResultSortTime:8.75e-07 QueryPreparationTime:8.459e-06 InnerEvalTime:5.1709e-05 ExecQueueTime:1.124e-06 ExecTotalTime:8.7958e-05} Samples:0x140013c8d80}" spanID=0000000000000000
time=2026-08-02T15:52:11.271-07:00 level=WARN msg="Query returned multiple series, only first will be used" test=archv2-nxm-batched tool=conduit-v1 collector=conduit type=conduit collector=conduit type=conduit series-count=2
time=2026-08-02T15:52:11.271-07:00 level=DEBUG msg="Query returned data" test=archv2-nxm-batched tool=conduit-v1 collector=conduit type=conduit collector=conduit type=conduit name=msg-megabytes-in-per-second[archv2-nxm-batched] series-count=1 last-value=0.2145252227783203
time=2026-08-02T15:52:11.271-07:00 level=DEBUG msg="promql query logged" test=archv2-nxm-batched tool=conduit-v1 collector=conduit type=conduit collector=conduit type=conduit params="map[end:2026-08-02T22:52:11.271Z query:rate(conduit_connector_bytes_sum{pipeline_name=\"archv2-nxm-batched\",type=\"destination\"}[2s])/1048576 start:2026-08-02T22:52:00.269Z step:1]" stats="&{Timings:{EvalTotalTime:5.5209e-05 ResultSortTime:6.66e-07 QueryPreparationTime:9.375e-06 InnerEvalTime:3.9042e-05 ExecQueueTime:1.875e-06 ExecTotalTime:0.000214292} Samples:0x14001343560}" spanID=0000000000000000
time=2026-08-02T15:52:11.271-07:00 level=WARN msg="Query returned multiple series, only first will be used" test=archv2-nxm-batched tool=conduit-v1 collector=conduit type=conduit collector=conduit type=conduit series-count=2
time=2026-08-02T15:52:11.271-07:00 level=DEBUG msg="Query returned data" test=archv2-nxm-batched tool=conduit-v1 collector=conduit type=conduit collector=conduit type=conduit name=msg-megabytes-out-per-second[archv2-nxm-batched] series-count=1 last-value=0.42333412170410156
time=2026-08-02T15:52:11.596-07:00 level=DEBUG msg="Inspecting container" model=container-monitor name=benchi-conduit
time=2026-08-02T15:52:12.123-07:00 level=DEBUG msg="Inspecting container" model=container-monitor name=benchi-conduit
time=2026-08-02T15:52:12.270-07:00 level=DEBUG msg="promql query logged" test=archv2-nxm-batched tool=conduit-v1 collector=conduit type=conduit collector=conduit type=conduit params="map[end:2026-08-02T22:52:12.270Z query:rate(conduit_pipeline_execution_duration_seconds_count{pipeline_name=\"archv2-nxm-batched\"}[2s]) start:2026-08-02T22:52:00.269Z step:1]" stats="&{Timings:{EvalTotalTime:6.3292e-05 ResultSortTime:5e-07 QueryPreparationTime:2.0291e-05 InnerEvalTime:3.7167e-05 ExecQueueTime:3.124e-06 ExecTotalTime:6.8833e-05} Samples:0x140014aeb10}" spanID=0000000000000000
time=2026-08-02T15:52:12.271-07:00 level=DEBUG msg="Query returned data" test=archv2-nxm-batched tool=conduit-v1 collector=conduit type=conduit collector=conduit type=conduit name=msg-rate-per-second[archv2-nxm-batched] series-count=1 last-value=14332
time=2026-08-02T15:52:12.271-07:00 level=DEBUG msg="promql query logged" test=archv2-nxm-batched tool=conduit-v1 collector=conduit type=conduit collector=conduit type=conduit params="map[end:2026-08-02T22:52:12.271Z query:rate(conduit_connector_bytes_sum{pipeline_name=\"archv2-nxm-batched\",type=\"source\"}[2s])/1048576 start:2026-08-02T22:52:00.269Z step:1]" stats="&{Timings:{EvalTotalTime:4.5834e-05 ResultSortTime:8.75e-07 QueryPreparationTime:8.292e-06 InnerEvalTime:3.4042e-05 ExecQueueTime:1.499e-06 ExecTotalTime:4.8417e-05} Samples:0x140014af1d0}" spanID=0000000000000000
time=2026-08-02T15:52:12.271-07:00 level=WARN msg="Query returned multiple series, only first will be used" test=archv2-nxm-batched tool=conduit-v1 collector=conduit type=conduit collector=conduit type=conduit series-count=2
time=2026-08-02T15:52:12.271-07:00 level=DEBUG msg="Query returned data" test=archv2-nxm-batched tool=conduit-v1 collector=conduit type=conduit collector=conduit type=conduit name=msg-megabytes-in-per-second[archv2-nxm-batched] series-count=1 last-value=0.20439910888671875
time=2026-08-02T15:52:12.271-07:00 level=DEBUG msg="promql query logged" test=archv2-nxm-batched tool=conduit-v1 collector=conduit type=conduit collector=conduit type=conduit params="map[end:2026-08-02T22:52:12.271Z query:rate(conduit_connector_bytes_sum{pipeline_name=\"archv2-nxm-batched\",type=\"destination\"}[2s])/1048576 start:2026-08-02T22:52:00.269Z step:1]" stats="&{Timings:{EvalTotalTime:0.000102833 ResultSortTime:9.16e-07 QueryPreparationTime:1.2834e-05 InnerEvalTime:5.0917e-05 ExecQueueTime:2.458e-06 ExecTotalTime:0.000107375} Samples:0x140013c9d70}" spanID=0000000000000000
time=2026-08-02T15:52:12.271-07:00 level=WARN msg="Query returned multiple series, only first will be used" test=archv2-nxm-batched tool=conduit-v1 collector=conduit type=conduit collector=conduit type=conduit series-count=2
time=2026-08-02T15:52:12.271-07:00 level=DEBUG msg="Query returned data" test=archv2-nxm-batched tool=conduit-v1 collector=conduit type=conduit collector=conduit type=conduit name=msg-megabytes-out-per-second[archv2-nxm-batched] series-count=1 last-value=0.4052743911743164
time=2026-08-02T15:52:12.636-07:00 level=DEBUG msg="Inspecting container" model=container-monitor name=benchi-conduit
time=2026-08-02T15:52:13.161-07:00 level=DEBUG msg="Inspecting container" model=container-monitor name=benchi-conduit
time=2026-08-02T15:52:13.270-07:00 level=DEBUG msg="promql query logged" test=archv2-nxm-batched tool=conduit-v1 collector=conduit type=conduit collector=conduit type=conduit params="map[end:2026-08-02T22:52:13.269Z query:rate(conduit_pipeline_execution_duration_seconds_count{pipeline_name=\"archv2-nxm-batched\"}[2s]) start:2026-08-02T22:52:00.269Z step:1]" stats="&{Timings:{EvalTotalTime:6.1667e-05 ResultSortTime:5e-07 QueryPreparationTime:1.875e-05 InnerEvalTime:3.65e-05 ExecQueueTime:3.6833e-05 ExecTotalTime:0.000104} Samples:0x140014afce0}" spanID=0000000000000000
time=2026-08-02T15:52:13.270-07:00 level=DEBUG msg="Query returned data" test=archv2-nxm-batched tool=conduit-v1 collector=conduit type=conduit collector=conduit type=conduit name=msg-rate-per-second[archv2-nxm-batched] series-count=1 last-value=13624
time=2026-08-02T15:52:13.270-07:00 level=DEBUG msg="promql query logged" test=archv2-nxm-batched tool=conduit-v1 collector=conduit type=conduit collector=conduit type=conduit params="map[end:2026-08-02T22:52:13.270Z query:rate(conduit_connector_bytes_sum{pipeline_name=\"archv2-nxm-batched\",type=\"source\"}[2s])/1048576 start:2026-08-02T22:52:00.269Z step:1]" stats="&{Timings:{EvalTotalTime:9.6375e-05 ResultSortTime:9.58e-07 QueryPreparationTime:1.3666e-05 InnerEvalTime:5.3125e-05 ExecQueueTime:1.875e-06 ExecTotalTime:0.00010175} Samples:0x140014f4420}" spanID=0000000000000000
time=2026-08-02T15:52:13.270-07:00 level=WARN msg="Query returned multiple series, only first will be used" test=archv2-nxm-batched tool=conduit-v1 collector=conduit type=conduit collector=conduit type=conduit series-count=2
time=2026-08-02T15:52:13.271-07:00 level=DEBUG msg="Query returned data" test=archv2-nxm-batched tool=conduit-v1 collector=conduit type=conduit collector=conduit type=conduit name=msg-megabytes-in-per-second[archv2-nxm-batched] series-count=1 last-value=0.18964195251464844
time=2026-08-02T15:52:13.271-07:00 level=DEBUG msg="promql query logged" test=archv2-nxm-batched tool=conduit-v1 collector=conduit type=conduit collector=conduit type=conduit params="map[end:2026-08-02T22:52:13.271Z query:rate(conduit_connector_bytes_sum{pipeline_name=\"archv2-nxm-batched\",type=\"destination\"}[2s])/1048576 start:2026-08-02T22:52:00.269Z step:1]" stats="&{Timings:{EvalTotalTime:9.0584e-05 ResultSortTime:8.75e-07 QueryPreparationTime:3.1291e-05 InnerEvalTime:5.35e-05 ExecQueueTime:1.5e-06 ExecTotalTime:9.4542e-05} Samples:0x140014f4f00}" spanID=0000000000000000
time=2026-08-02T15:52:13.271-07:00 level=WARN msg="Query returned multiple series, only first will be used" test=archv2-nxm-batched tool=conduit-v1 collector=conduit type=conduit collector=conduit type=conduit series-count=2
time=2026-08-02T15:52:13.271-07:00 level=DEBUG msg="Query returned data" test=archv2-nxm-batched tool=conduit-v1 collector=conduit type=conduit collector=conduit type=conduit name=msg-megabytes-out-per-second[archv2-nxm-batched] series-count=1 last-value=0.38565731048583984
time=2026-08-02T15:52:13.687-07:00 level=DEBUG msg="Inspecting container" model=container-monitor name=benchi-conduit
time=2026-08-02T15:52:14.199-07:00 level=DEBUG msg="Inspecting container" model=container-monitor name=benchi-conduit
time=2026-08-02T15:52:14.271-07:00 level=DEBUG msg="promql query logged" test=archv2-nxm-batched tool=conduit-v1 collector=conduit type=conduit collector=conduit type=conduit params="map[end:2026-08-02T22:52:14.270Z query:rate(conduit_pipeline_execution_duration_seconds_count{pipeline_name=\"archv2-nxm-batched\"}[2s]) start:2026-08-02T22:52:00.269Z step:1]" stats="&{Timings:{EvalTotalTime:0.000103666 ResultSortTime:5.1459e-05 QueryPreparationTime:1.6e-05 InnerEvalTime:3.05e-05 ExecQueueTime:2.5e-06 ExecTotalTime:0.000108875} Samples:0x140010bbc80}" spanID=0000000000000000
time=2026-08-02T15:52:14.272-07:00 level=DEBUG msg="Query returned data" test=archv2-nxm-batched tool=conduit-v1 collector=conduit type=conduit collector=conduit type=conduit name=msg-rate-per-second[archv2-nxm-batched] series-count=1 last-value=13256
time=2026-08-02T15:52:14.273-07:00 level=DEBUG msg="promql query logged" test=archv2-nxm-batched tool=conduit-v1 collector=conduit type=conduit collector=conduit type=conduit params="map[end:2026-08-02T22:52:14.272Z query:rate(conduit_connector_bytes_sum{pipeline_name=\"archv2-nxm-batched\",type=\"source\"}[2s])/1048576 start:2026-08-02T22:52:00.269Z step:1]" stats="&{Timings:{EvalTotalTime:6.8333e-05 ResultSortTime:8.75e-07 QueryPreparationTime:8.958e-06 InnerEvalTime:5.4417e-05 ExecQueueTime:1.625e-06 ExecTotalTime:7.1042e-05} Samples:0x14001232420}" spanID=0000000000000000
time=2026-08-02T15:52:14.273-07:00 level=WARN msg="Query returned multiple series, only first will be used" test=archv2-nxm-batched tool=conduit-v1 collector=conduit type=conduit collector=conduit type=conduit series-count=2
time=2026-08-02T15:52:14.273-07:00 level=DEBUG msg="Query returned data" test=archv2-nxm-batched tool=conduit-v1 collector=conduit type=conduit collector=conduit type=conduit name=msg-megabytes-in-per-second[archv2-nxm-batched] series-count=1 last-value=0.1850748062133789
time=2026-08-02T15:52:14.273-07:00 level=DEBUG msg="promql query logged" test=archv2-nxm-batched tool=conduit-v1 collector=conduit type=conduit collector=conduit type=conduit params="map[end:2026-08-02T22:52:14.273Z query:rate(conduit_connector_bytes_sum{pipeline_name=\"archv2-nxm-batched\",type=\"destination\"}[2s])/1048576 start:2026-08-02T22:52:00.269Z step:1]" stats="&{Timings:{EvalTotalTime:9.2208e-05 ResultSortTime:7.5e-07 QueryPreparationTime:1.2875e-05 InnerEvalTime:5.7292e-05 ExecQueueTime:2.333e-06 ExecTotalTime:9.7125e-05} Samples:0x140014f5230}" spanID=0000000000000000
time=2026-08-02T15:52:14.273-07:00 level=WARN msg="Query returned multiple series, only first will be used" test=archv2-nxm-batched tool=conduit-v1 collector=conduit type=conduit collector=conduit type=conduit series-count=2
time=2026-08-02T15:52:14.273-07:00 level=DEBUG msg="Query returned data" test=archv2-nxm-batched tool=conduit-v1 collector=conduit type=conduit collector=conduit type=conduit name=msg-megabytes-out-per-second[archv2-nxm-batched] series-count=1 last-value=0.37540531158447266
time=2026-08-02T15:52:14.709-07:00 level=DEBUG msg="Inspecting container" model=container-monitor name=benchi-conduit
time=2026-08-02T15:52:15.227-07:00 level=DEBUG msg="Inspecting container" model=container-monitor name=benchi-conduit
time=2026-08-02T15:52:15.271-07:00 level=DEBUG msg="promql query logged" test=archv2-nxm-batched tool=conduit-v1 collector=conduit type=conduit collector=conduit type=conduit params="map[end:2026-08-02T22:52:15.271Z query:rate(conduit_pipeline_execution_duration_seconds_count{pipeline_name=\"archv2-nxm-batched\"}[2s]) start:2026-08-02T22:52:00.269Z step:1]" stats="&{Timings:{EvalTotalTime:6.9333e-05 ResultSortTime:5.42e-07 QueryPreparationTime:1.9291e-05 InnerEvalTime:4.2667e-05 ExecQueueTime:2.709e-06 ExecTotalTime:7.6833e-05} Samples:0x14000f5e540}" spanID=0000000000000000
time=2026-08-02T15:52:15.272-07:00 level=DEBUG msg="Query returned data" test=archv2-nxm-batched tool=conduit-v1 collector=conduit type=conduit collector=conduit type=conduit name=msg-rate-per-second[archv2-nxm-batched] series-count=1 last-value=15285
time=2026-08-02T15:52:15.272-07:00 level=INFO msg="Test in progress" test=archv2-nxm-batched tool=conduit-v1 step=test time-left=45s
time=2026-08-02T15:52:15.272-07:00 level=DEBUG msg="promql query logged" test=archv2-nxm-batched tool=conduit-v1 collector=conduit type=conduit collector=conduit type=conduit params="map[end:2026-08-02T22:52:15.272Z query:rate(conduit_connector_bytes_sum{pipeline_name=\"archv2-nxm-batched\",type=\"source\"}[2s])/1048576 start:2026-08-02T22:52:00.269Z step:1]" stats="&{Timings:{EvalTotalTime:6.525e-05 ResultSortTime:9.59e-07 QueryPreparationTime:9.584e-06 InnerEvalTime:5.05e-05 ExecQueueTime:1.251e-06 ExecTotalTime:6.8708e-05} Samples:0x14000f5ed20}" spanID=0000000000000000
time=2026-08-02T15:52:15.272-07:00 level=WARN msg="Query returned multiple series, only first will be used" test=archv2-nxm-batched tool=conduit-v1 collector=conduit type=conduit collector=conduit type=conduit series-count=2
time=2026-08-02T15:52:15.272-07:00 level=DEBUG msg="Query returned data" test=archv2-nxm-batched tool=conduit-v1 collector=conduit type=conduit collector=conduit type=conduit name=msg-megabytes-in-per-second[archv2-nxm-batched] series-count=1 last-value=0.21523094177246094
time=2026-08-02T15:52:15.272-07:00 level=DEBUG msg="promql query logged" test=archv2-nxm-batched tool=conduit-v1 collector=conduit type=conduit collector=conduit type=conduit params="map[end:2026-08-02T22:52:15.272Z query:rate(conduit_connector_bytes_sum{pipeline_name=\"archv2-nxm-batched\",type=\"destination\"}[2s])/1048576 start:2026-08-02T22:52:00.269Z step:1]" stats="&{Timings:{EvalTotalTime:6.925e-05 ResultSortTime:7.92e-07 QueryPreparationTime:1.1167e-05 InnerEvalTime:5.2667e-05 ExecQueueTime:1.334e-06 ExecTotalTime:7.3541e-05} Samples:0x14000a05830}" spanID=0000000000000000
time=2026-08-02T15:52:15.272-07:00 level=WARN msg="Query returned multiple series, only first will be used" test=archv2-nxm-batched tool=conduit-v1 collector=conduit type=conduit collector=conduit type=conduit series-count=2
time=2026-08-02T15:52:15.272-07:00 level=DEBUG msg="Query returned data" test=archv2-nxm-batched tool=conduit-v1 collector=conduit type=conduit collector=conduit type=conduit name=msg-megabytes-out-per-second[archv2-nxm-batched] series-count=1 last-value=0.4314393997192383
time=2026-08-02T15:52:15.754-07:00 level=DEBUG msg="Inspecting container" model=container-monitor name=benchi-conduit
time=2026-08-02T15:52:16.264-07:00 level=DEBUG msg="Inspecting container" model=container-monitor name=benchi-conduit
time=2026-08-02T15:52:16.270-07:00 level=DEBUG msg="promql query logged" test=archv2-nxm-batched tool=conduit-v1 collector=conduit type=conduit collector=conduit type=conduit params="map[end:2026-08-02T22:52:16.270Z query:rate(conduit_pipeline_execution_duration_seconds_count{pipeline_name=\"archv2-nxm-batched\"}[2s]) start:2026-08-02T22:52:00.269Z step:1]" stats="&{Timings:{EvalTotalTime:5.2458e-05 ResultSortTime:5.42e-07 QueryPreparationTime:1.4375e-05 InnerEvalTime:3.2083e-05 ExecQueueTime:1.791e-06 ExecTotalTime:5.725e-05} Samples:0x14000f5fb90}" spanID=0000000000000000
time=2026-08-02T15:52:16.270-07:00 level=DEBUG msg="Query returned data" test=archv2-nxm-batched tool=conduit-v1 collector=conduit type=conduit collector=conduit type=conduit name=msg-rate-per-second[archv2-nxm-batched] series-count=1 last-value=13606
time=2026-08-02T15:52:16.271-07:00 level=DEBUG msg="promql query logged" test=archv2-nxm-batched tool=conduit-v1 collector=conduit type=conduit collector=conduit type=conduit params="map[end:2026-08-02T22:52:16.270Z query:rate(conduit_connector_bytes_sum{pipeline_name=\"archv2-nxm-batched\",type=\"source\"}[2s])/1048576 start:2026-08-02T22:52:00.269Z step:1]" stats="&{Timings:{EvalTotalTime:5.7958e-05 ResultSortTime:7.09e-07 QueryPreparationTime:7.5e-06 InnerEvalTime:4.475e-05 ExecQueueTime:1.042e-06 ExecTotalTime:6.0875e-05} Samples:0x14000e402d0}" spanID=0000000000000000
time=2026-08-02T15:52:16.271-07:00 level=WARN msg="Query returned multiple series, only first will be used" test=archv2-nxm-batched tool=conduit-v1 collector=conduit type=conduit collector=conduit type=conduit series-count=2
time=2026-08-02T15:52:16.271-07:00 level=DEBUG msg="Query returned data" test=archv2-nxm-batched tool=conduit-v1 collector=conduit type=conduit collector=conduit type=conduit name=msg-megabytes-in-per-second[archv2-nxm-batched] series-count=1 last-value=0.18766021728515625
time=2026-08-02T15:52:16.271-07:00 level=DEBUG msg="promql query logged" test=archv2-nxm-batched tool=conduit-v1 collector=conduit type=conduit collector=conduit type=conduit params="map[end:2026-08-02T22:52:16.271Z query:rate(conduit_connector_bytes_sum{pipeline_name=\"archv2-nxm-batched\",type=\"destination\"}[2s])/1048576 start:2026-08-02T22:52:00.269Z step:1]" stats="&{Timings:{EvalTotalTime:5.9291e-05 ResultSortTime:6.25e-07 QueryPreparationTime:9.458e-06 InnerEvalTime:4.4625e-05 ExecQueueTime:1.541e-06 ExecTotalTime:6.2916e-05} Samples:0x14000e41d70}" spanID=0000000000000000
time=2026-08-02T15:52:16.271-07:00 level=WARN msg="Query returned multiple series, only first will be used" test=archv2-nxm-batched tool=conduit-v1 collector=conduit type=conduit collector=conduit type=conduit series-count=2
time=2026-08-02T15:52:16.271-07:00 level=DEBUG msg="Query returned data" test=archv2-nxm-batched tool=conduit-v1 collector=conduit type=conduit collector=conduit type=conduit name=msg-megabytes-out-per-second[archv2-nxm-batched] series-count=1 last-value=0.38451671600341797
time=2026-08-02T15:52:16.788-07:00 level=DEBUG msg="Inspecting container" model=container-monitor name=benchi-conduit
time=2026-08-02T15:52:17.273-07:00 level=DEBUG msg="promql query logged" test=archv2-nxm-batched tool=conduit-v1 collector=conduit type=conduit collector=conduit type=conduit params="map[end:2026-08-02T22:52:17.272Z query:rate(conduit_pipeline_execution_duration_seconds_count{pipeline_name=\"archv2-nxm-batched\"}[2s]) start:2026-08-02T22:52:00.269Z step:1]" stats="&{Timings:{EvalTotalTime:6.3583e-05 ResultSortTime:4.58e-07 QueryPreparationTime:1.7416e-05 InnerEvalTime:4e-05 ExecQueueTime:2.792e-06 ExecTotalTime:7.1417e-05} Samples:0x14001307d70}" spanID=0000000000000000
time=2026-08-02T15:52:17.273-07:00 level=DEBUG msg="Query returned data" test=archv2-nxm-batched tool=conduit-v1 collector=conduit type=conduit collector=conduit type=conduit name=msg-rate-per-second[archv2-nxm-batched] series-count=1 last-value=13364
time=2026-08-02T15:52:17.273-07:00 level=DEBUG msg="promql query logged" test=archv2-nxm-batched tool=conduit-v1 collector=conduit type=conduit collector=conduit type=conduit params="map[end:2026-08-02T22:52:17.273Z query:rate(conduit_connector_bytes_sum{pipeline_name=\"archv2-nxm-batched\",type=\"source\"}[2s])/1048576 start:2026-08-02T22:52:00.269Z step:1]" stats="&{Timings:{EvalTotalTime:8.2166e-05 ResultSortTime:8.75e-07 QueryPreparationTime:8.291e-06 InnerEvalTime:6.8583e-05 ExecQueueTime:9.17e-07 ExecTotalTime:8.5e-05} Samples:0x14000952570}" spanID=0000000000000000
time=2026-08-02T15:52:17.273-07:00 level=WARN msg="Query returned multiple series, only first will be used" test=archv2-nxm-batched tool=conduit-v1 collector=conduit type=conduit collector=conduit type=conduit series-count=2
time=2026-08-02T15:52:17.273-07:00 level=DEBUG msg="Query returned data" test=archv2-nxm-batched tool=conduit-v1 collector=conduit type=conduit collector=conduit type=conduit name=msg-megabytes-in-per-second[archv2-nxm-batched] series-count=1 last-value=0.19104671478271484
time=2026-08-02T15:52:17.273-07:00 level=DEBUG msg="promql query logged" test=archv2-nxm-batched tool=conduit-v1 collector=conduit type=conduit collector=conduit type=conduit params="map[end:2026-08-02T22:52:17.273Z query:rate(conduit_connector_bytes_sum{pipeline_name=\"archv2-nxm-batched\",type=\"destination\"}[2s])/1048576 start:2026-08-02T22:52:00.269Z step:1]" stats="&{Timings:{EvalTotalTime:5.55e-05 ResultSortTime:5.42e-07 QueryPreparationTime:9.042e-06 InnerEvalTime:4.0709e-05 ExecQueueTime:9.17e-07 ExecTotalTime:5.8625e-05} Samples:0x14000953170}" spanID=0000000000000000
time=2026-08-02T15:52:17.273-07:00 level=WARN msg="Query returned multiple series, only first will be used" test=archv2-nxm-batched tool=conduit-v1 collector=conduit type=conduit collector=conduit type=conduit series-count=2
time=2026-08-02T15:52:17.274-07:00 level=DEBUG msg="Query returned data" test=archv2-nxm-batched tool=conduit-v1 collector=conduit type=conduit collector=conduit type=conduit name=msg-megabytes-out-per-second[archv2-nxm-batched] series-count=1 last-value=0.3781442642211914
time=2026-08-02T15:52:17.310-07:00 level=DEBUG msg="Inspecting container" model=container-monitor name=benchi-conduit
time=2026-08-02T15:52:17.829-07:00 level=DEBUG msg="Inspecting container" model=container-monitor name=benchi-conduit
time=2026-08-02T15:52:18.270-07:00 level=DEBUG msg="promql query logged" test=archv2-nxm-batched tool=conduit-v1 collector=conduit type=conduit collector=conduit type=conduit params="map[end:2026-08-02T22:52:18.269Z query:rate(conduit_pipeline_execution_duration_seconds_count{pipeline_name=\"archv2-nxm-batched\"}[2s]) start:2026-08-02T22:52:00.269Z step:1]" stats="&{Timings:{EvalTotalTime:5.8458e-05 ResultSortTime:5.84e-07 QueryPreparationTime:1.575e-05 InnerEvalTime:3.525e-05 ExecQueueTime:2.75e-06 ExecTotalTime:6.4708e-05} Samples:0x14000f81140}" spanID=0000000000000000
time=2026-08-02T15:52:18.270-07:00 level=DEBUG msg="Query returned data" test=archv2-nxm-batched tool=conduit-v1 collector=conduit type=conduit collector=conduit type=conduit name=msg-rate-per-second[archv2-nxm-batched] series-count=1 last-value=14579
time=2026-08-02T15:52:18.270-07:00 level=DEBUG msg="promql query logged" test=archv2-nxm-batched tool=conduit-v1 collector=conduit type=conduit collector=conduit type=conduit params="map[end:2026-08-02T22:52:18.270Z query:rate(conduit_connector_bytes_sum{pipeline_name=\"archv2-nxm-batched\",type=\"source\"}[2s])/1048576 start:2026-08-02T22:52:00.269Z step:1]" stats="&{Timings:{EvalTotalTime:6.2292e-05 ResultSortTime:8.75e-07 QueryPreparationTime:7.834e-06 InnerEvalTime:5.025e-05 ExecQueueTime:1.167e-06 ExecTotalTime:6.5166e-05} Samples:0x14000f81ec0}" spanID=0000000000000000
time=2026-08-02T15:52:18.270-07:00 level=WARN msg="Query returned multiple series, only first will be used" test=archv2-nxm-batched tool=conduit-v1 collector=conduit type=conduit collector=conduit type=conduit series-count=2
time=2026-08-02T15:52:18.270-07:00 level=DEBUG msg="Query returned data" test=archv2-nxm-batched tool=conduit-v1 collector=conduit type=conduit collector=conduit type=conduit name=msg-megabytes-in-per-second[archv2-nxm-batched] series-count=1 last-value=0.2087421417236328
time=2026-08-02T15:52:18.270-07:00 level=DEBUG msg="promql query logged" test=archv2-nxm-batched tool=conduit-v1 collector=conduit type=conduit collector=conduit type=conduit params="map[end:2026-08-02T22:52:18.270Z query:rate(conduit_connector_bytes_sum{pipeline_name=\"archv2-nxm-batched\",type=\"destination\"}[2s])/1048576 start:2026-08-02T22:52:00.269Z step:1]" stats="&{Timings:{EvalTotalTime:6.1459e-05 ResultSortTime:7.5e-07 QueryPreparationTime:9.792e-06 InnerEvalTime:4.6792e-05 ExecQueueTime:1.333e-06 ExecTotalTime:6.5292e-05} Samples:0x140010220f0}" spanID=0000000000000000
time=2026-08-02T15:52:18.270-07:00 level=WARN msg="Query returned multiple series, only first will be used" test=archv2-nxm-batched tool=conduit-v1 collector=conduit type=conduit collector=conduit type=conduit series-count=2
time=2026-08-02T15:52:18.270-07:00 level=DEBUG msg="Query returned data" test=archv2-nxm-batched tool=conduit-v1 collector=conduit type=conduit collector=conduit type=conduit name=msg-megabytes-out-per-second[archv2-nxm-batched] series-count=1 last-value=0.41121768951416016
time=2026-08-02T15:52:18.336-07:00 level=DEBUG msg="Inspecting container" model=container-monitor name=benchi-conduit
time=2026-08-02T15:52:18.852-07:00 level=DEBUG msg="Inspecting container" model=container-monitor name=benchi-conduit
time=2026-08-02T15:52:19.270-07:00 level=DEBUG msg="promql query logged" test=archv2-nxm-batched tool=conduit-v1 collector=conduit type=conduit collector=conduit type=conduit params="map[end:2026-08-02T22:52:19.269Z query:rate(conduit_pipeline_execution_duration_seconds_count{pipeline_name=\"archv2-nxm-batched\"}[2s]) start:2026-08-02T22:52:00.269Z step:1]" stats="&{Timings:{EvalTotalTime:6.6417e-05 ResultSortTime:4.58e-07 QueryPreparationTime:1.2125e-05 InnerEvalTime:4.8333e-05 ExecQueueTime:2.001e-06 ExecTotalTime:7.05e-05} Samples:0x14001023c80}" spanID=0000000000000000
time=2026-08-02T15:52:19.270-07:00 level=DEBUG msg="Query returned data" test=archv2-nxm-batched tool=conduit-v1 collector=conduit type=conduit collector=conduit type=conduit name=msg-rate-per-second[archv2-nxm-batched] series-count=1 last-value=14190
time=2026-08-02T15:52:19.270-07:00 level=DEBUG msg="promql query logged" test=archv2-nxm-batched tool=conduit-v1 collector=conduit type=conduit collector=conduit type=conduit params="map[end:2026-08-02T22:52:19.270Z query:rate(conduit_connector_bytes_sum{pipeline_name=\"archv2-nxm-batched\",type=\"source\"}[2s])/1048576 start:2026-08-02T22:52:00.269Z step:1]" stats="&{Timings:{EvalTotalTime:4.0167e-05 ResultSortTime:5.83e-07 QueryPreparationTime:4.25e-06 InnerEvalTime:3.2375e-05 ExecQueueTime:5.41e-07 ExecTotalTime:4.15e-05} Samples:0x140013c83f0}" spanID=0000000000000000
time=2026-08-02T15:52:19.270-07:00 level=WARN msg="Query returned multiple series, only first will be used" test=archv2-nxm-batched tool=conduit-v1 collector=conduit type=conduit collector=conduit type=conduit series-count=2
time=2026-08-02T15:52:19.270-07:00 level=DEBUG msg="Query returned data" test=archv2-nxm-batched tool=conduit-v1 collector=conduit type=conduit collector=conduit type=conduit name=msg-megabytes-in-per-second[archv2-nxm-batched] series-count=1 last-value=0.19947433471679688
time=2026-08-02T15:52:19.270-07:00 level=DEBUG msg="promql query logged" test=archv2-nxm-batched tool=conduit-v1 collector=conduit type=conduit collector=conduit type=conduit params="map[end:2026-08-02T22:52:19.270Z query:rate(conduit_connector_bytes_sum{pipeline_name=\"archv2-nxm-batched\",type=\"destination\"}[2s])/1048576 start:2026-08-02T22:52:00.269Z step:1]" stats="&{Timings:{EvalTotalTime:7.475e-05 ResultSortTime:2e-06 QueryPreparationTime:1.4209e-05 InnerEvalTime:5.3041e-05 ExecQueueTime:1.709e-06 ExecTotalTime:7.8708e-05} Samples:0x14000f0efc0}" spanID=0000000000000000
time=2026-08-02T15:52:19.270-07:00 level=WARN msg="Query returned multiple series, only first will be used" test=archv2-nxm-batched tool=conduit-v1 collector=conduit type=conduit collector=conduit type=conduit series-count=2
time=2026-08-02T15:52:19.270-07:00 level=DEBUG msg="Query returned data" test=archv2-nxm-batched tool=conduit-v1 collector=conduit type=conduit collector=conduit type=conduit name=msg-megabytes-out-per-second[archv2-nxm-batched] series-count=1 last-value=0.40139007568359375
time=2026-08-02T15:52:19.381-07:00 level=DEBUG msg="Inspecting container" model=container-monitor name=benchi-conduit
time=2026-08-02T15:52:19.897-07:00 level=DEBUG msg="Inspecting container" model=container-monitor name=benchi-conduit
time=2026-08-02T15:52:20.271-07:00 level=INFO msg="Test in progress" test=archv2-nxm-batched tool=conduit-v1 step=test time-left=40s
time=2026-08-02T15:52:20.271-07:00 level=DEBUG msg="promql query logged" test=archv2-nxm-batched tool=conduit-v1 collector=conduit type=conduit collector=conduit type=conduit params="map[end:2026-08-02T22:52:20.271Z query:rate(conduit_pipeline_execution_duration_seconds_count{pipeline_name=\"archv2-nxm-batched\"}[2s]) start:2026-08-02T22:52:00.269Z step:1]" stats="&{Timings:{EvalTotalTime:6.7334e-05 ResultSortTime:7.08e-07 QueryPreparationTime:2.075e-05 InnerEvalTime:3.9917e-05 ExecQueueTime:2.5e-06 ExecTotalTime:7.2417e-05} Samples:0x140013ba030}" spanID=0000000000000000
time=2026-08-02T15:52:20.271-07:00 level=DEBUG msg="Query returned data" test=archv2-nxm-batched tool=conduit-v1 collector=conduit type=conduit collector=conduit type=conduit name=msg-rate-per-second[archv2-nxm-batched] series-count=1 last-value=15122
time=2026-08-02T15:52:20.272-07:00 level=DEBUG msg="promql query logged" test=archv2-nxm-batched tool=conduit-v1 collector=conduit type=conduit collector=conduit type=conduit params="map[end:2026-08-02T22:52:20.271Z query:rate(conduit_connector_bytes_sum{pipeline_name=\"archv2-nxm-batched\",type=\"source\"}[2s])/1048576 start:2026-08-02T22:52:00.269Z step:1]" stats="&{Timings:{EvalTotalTime:7.5833e-05 ResultSortTime:2.917e-06 QueryPreparationTime:1.025e-05 InnerEvalTime:5.8833e-05 ExecQueueTime:1.25e-06 ExecTotalTime:7.9333e-05} Samples:0x140013ba6f0}" spanID=0000000000000000
time=2026-08-02T15:52:20.272-07:00 level=WARN msg="Query returned multiple series, only first will be used" test=archv2-nxm-batched tool=conduit-v1 collector=conduit type=conduit collector=conduit type=conduit series-count=2
time=2026-08-02T15:52:20.272-07:00 level=DEBUG msg="Query returned data" test=archv2-nxm-batched tool=conduit-v1 collector=conduit type=conduit collector=conduit type=conduit name=msg-megabytes-in-per-second[archv2-nxm-batched] series-count=1 last-value=0.2099447250366211
time=2026-08-02T15:52:20.272-07:00 level=DEBUG msg="promql query logged" test=archv2-nxm-batched tool=conduit-v1 collector=conduit type=conduit collector=conduit type=conduit params="map[end:2026-08-02T22:52:20.272Z query:rate(conduit_connector_bytes_sum{pipeline_name=\"archv2-nxm-batched\",type=\"destination\"}[2s])/1048576 start:2026-08-02T22:52:00.269Z step:1]" stats="&{Timings:{EvalTotalTime:5.1541e-05 ResultSortTime:3.75e-07 QueryPreparationTime:5.875e-06 InnerEvalTime:4.0667e-05 ExecQueueTime:8.33e-07 ExecTotalTime:5.4583e-05} Samples:0x140013baf00}" spanID=0000000000000000
time=2026-08-02T15:52:20.272-07:00 level=WARN msg="Query returned multiple series, only first will be used" test=archv2-nxm-batched tool=conduit-v1 collector=conduit type=conduit collector=conduit type=conduit series-count=2
time=2026-08-02T15:52:20.272-07:00 level=DEBUG msg="Query returned data" test=archv2-nxm-batched tool=conduit-v1 collector=conduit type=conduit collector=conduit type=conduit name=msg-megabytes-out-per-second[archv2-nxm-batched] series-count=1 last-value=0.4262962341308594
time=2026-08-02T15:52:20.434-07:00 level=DEBUG msg="Inspecting container" model=container-monitor name=benchi-conduit
time=2026-08-02T15:52:20.961-07:00 level=DEBUG msg="Inspecting container" model=container-monitor name=benchi-conduit
time=2026-08-02T15:52:21.270-07:00 level=DEBUG msg="promql query logged" test=archv2-nxm-batched tool=conduit-v1 collector=conduit type=conduit collector=conduit type=conduit params="map[end:2026-08-02T22:52:21.270Z query:rate(conduit_pipeline_execution_duration_seconds_count{pipeline_name=\"archv2-nxm-batched\"}[2s]) start:2026-08-02T22:52:00.269Z step:1]" stats="&{Timings:{EvalTotalTime:4.8666e-05 ResultSortTime:6.25e-07 QueryPreparationTime:1.4291e-05 InnerEvalTime:2.8917e-05 ExecQueueTime:2.207e-06 ExecTotalTime:5.3708e-05} Samples:0x140014acab0}" spanID=0000000000000000
time=2026-08-02T15:52:21.270-07:00 level=DEBUG msg="Query returned data" test=archv2-nxm-batched tool=conduit-v1 collector=conduit type=conduit collector=conduit type=conduit name=msg-rate-per-second[archv2-nxm-batched] series-count=1 last-value=14222.55489021956
time=2026-08-02T15:52:21.270-07:00 level=DEBUG msg="promql query logged" test=archv2-nxm-batched tool=conduit-v1 collector=conduit type=conduit collector=conduit type=conduit params="map[end:2026-08-02T22:52:21.270Z query:rate(conduit_connector_bytes_sum{pipeline_name=\"archv2-nxm-batched\",type=\"source\"}[2s])/1048576 start:2026-08-02T22:52:00.269Z step:1]" stats="&{Timings:{EvalTotalTime:5.8292e-05 ResultSortTime:7.09e-07 QueryPreparationTime:9.208e-06 InnerEvalTime:4.5125e-05 ExecQueueTime:8.34e-07 ExecTotalTime:6.0833e-05} Samples:0x140014ad170}" spanID=0000000000000000
time=2026-08-02T15:52:21.270-07:00 level=WARN msg="Query returned multiple series, only first will be used" test=archv2-nxm-batched tool=conduit-v1 collector=conduit type=conduit collector=conduit type=conduit series-count=2
time=2026-08-02T15:52:21.270-07:00 level=DEBUG msg="Query returned data" test=archv2-nxm-batched tool=conduit-v1 collector=conduit type=conduit collector=conduit type=conduit name=msg-megabytes-in-per-second[archv2-nxm-batched] series-count=1 last-value=0.20129000117440898
time=2026-08-02T15:52:21.271-07:00 level=DEBUG msg="promql query logged" test=archv2-nxm-batched tool=conduit-v1 collector=conduit type=conduit collector=conduit type=conduit params="map[end:2026-08-02T22:52:21.271Z query:rate(conduit_connector_bytes_sum{pipeline_name=\"archv2-nxm-batched\",type=\"destination\"}[2s])/1048576 start:2026-08-02T22:52:00.269Z step:1]" stats="&{Timings:{EvalTotalTime:4.4e-05 ResultSortTime:4.17e-07 QueryPreparationTime:6.875e-06 InnerEvalTime:3.4334e-05 ExecQueueTime:1.333e-06 ExecTotalTime:4.6541e-05} Samples:0x14001541e90}" spanID=0000000000000000
time=2026-08-02T15:52:21.271-07:00 level=WARN msg="Query returned multiple series, only first will be used" test=archv2-nxm-batched tool=conduit-v1 collector=conduit type=conduit collector=conduit type=conduit series-count=2
time=2026-08-02T15:52:21.271-07:00 level=DEBUG msg="Query returned data" test=archv2-nxm-batched tool=conduit-v1 collector=conduit type=conduit collector=conduit type=conduit name=msg-megabytes-out-per-second[archv2-nxm-batched] series-count=1 last-value=0.401883306141623
time=2026-08-02T15:52:21.479-07:00 level=DEBUG msg="Inspecting container" model=container-monitor name=benchi-conduit
time=2026-08-02T15:52:21.999-07:00 level=DEBUG msg="Inspecting container" model=container-monitor name=benchi-conduit
time=2026-08-02T15:52:22.270-07:00 level=DEBUG msg="promql query logged" test=archv2-nxm-batched tool=conduit-v1 collector=conduit type=conduit collector=conduit type=conduit params="map[end:2026-08-02T22:52:22.270Z query:rate(conduit_pipeline_execution_duration_seconds_count{pipeline_name=\"archv2-nxm-batched\"}[2s]) start:2026-08-02T22:52:00.269Z step:1]" stats="&{Timings:{EvalTotalTime:7.0959e-05 ResultSortTime:8.34e-07 QueryPreparationTime:2.45e-05 InnerEvalTime:3.9458e-05 ExecQueueTime:2.874e-06 ExecTotalTime:7.825e-05} Samples:0x140013ed1d0}" spanID=0000000000000000
time=2026-08-02T15:52:22.271-07:00 level=DEBUG msg="Query returned data" test=archv2-nxm-batched tool=conduit-v1 collector=conduit type=conduit collector=conduit type=conduit name=msg-rate-per-second[archv2-nxm-batched] series-count=1 last-value=15161.32264529058
time=2026-08-02T15:52:22.271-07:00 level=DEBUG msg="promql query logged" test=archv2-nxm-batched tool=conduit-v1 collector=conduit type=conduit collector=conduit type=conduit params="map[end:2026-08-02T22:52:22.271Z query:rate(conduit_connector_bytes_sum{pipeline_name=\"archv2-nxm-batched\",type=\"source\"}[2s])/1048576 start:2026-08-02T22:52:00.269Z step:1]" stats="&{Timings:{EvalTotalTime:7.3625e-05 ResultSortTime:9.17e-07 QueryPreparationTime:1.1083e-05 InnerEvalTime:5.7e-05 ExecQueueTime:1.584e-06 ExecTotalTime:7.7667e-05} Samples:0x140013ed890}" spanID=0000000000000000
time=2026-08-02T15:52:22.271-07:00 level=WARN msg="Query returned multiple series, only first will be used" test=archv2-nxm-batched tool=conduit-v1 collector=conduit type=conduit collector=conduit type=conduit series-count=2
time=2026-08-02T15:52:22.271-07:00 level=DEBUG msg="Query returned data" test=archv2-nxm-batched tool=conduit-v1 collector=conduit type=conduit collector=conduit type=conduit name=msg-megabytes-in-per-second[archv2-nxm-batched] series-count=1 last-value=0.20935540208835637
time=2026-08-02T15:52:22.271-07:00 level=DEBUG msg="promql query logged" test=archv2-nxm-batched tool=conduit-v1 collector=conduit type=conduit collector=conduit type=conduit params="map[end:2026-08-02T22:52:22.271Z query:rate(conduit_connector_bytes_sum{pipeline_name=\"archv2-nxm-batched\",type=\"destination\"}[2s])/1048576 start:2026-08-02T22:52:00.269Z step:1]" stats="&{Timings:{EvalTotalTime:6.3042e-05 ResultSortTime:6.25e-07 QueryPreparationTime:8.25e-06 InnerEvalTime:5.0458e-05 ExecQueueTime:1.082e-06 ExecTotalTime:6.6125e-05} Samples:0x14000a7cf90}" spanID=0000000000000000
time=2026-08-02T15:52:22.271-07:00 level=WARN msg="Query returned multiple series, only first will be used" test=archv2-nxm-batched tool=conduit-v1 collector=conduit type=conduit collector=conduit type=conduit series-count=2
time=2026-08-02T15:52:22.271-07:00 level=DEBUG msg="Query returned data" test=archv2-nxm-batched tool=conduit-v1 collector=conduit type=conduit collector=conduit type=conduit name=msg-megabytes-out-per-second[archv2-nxm-batched] series-count=1 last-value=0.4283803737235212
time=2026-08-02T15:52:22.521-07:00 level=DEBUG msg="Inspecting container" model=container-monitor name=benchi-conduit
time=2026-08-02T15:52:23.045-07:00 level=DEBUG msg="Inspecting container" model=container-monitor name=benchi-conduit
time=2026-08-02T15:52:23.270-07:00 level=DEBUG msg="promql query logged" test=archv2-nxm-batched tool=conduit-v1 collector=conduit type=conduit collector=conduit type=conduit params="map[end:2026-08-02T22:52:23.270Z query:rate(conduit_pipeline_execution_duration_seconds_count{pipeline_name=\"archv2-nxm-batched\"}[2s]) start:2026-08-02T22:52:00.269Z step:1]" stats="&{Timings:{EvalTotalTime:5.3875e-05 ResultSortTime:5.42e-07 QueryPreparationTime:1.525e-05 InnerEvalTime:3.3375e-05 ExecQueueTime:2.042e-06 ExecTotalTime:5.8334e-05} Samples:0x140010ba060}" spanID=0000000000000000
time=2026-08-02T15:52:23.270-07:00 level=DEBUG msg="Query returned data" test=archv2-nxm-batched tool=conduit-v1 collector=conduit type=conduit collector=conduit type=conduit name=msg-rate-per-second[archv2-nxm-batched] series-count=1 last-value=15906
time=2026-08-02T15:52:23.271-07:00 level=DEBUG msg="promql query logged" test=archv2-nxm-batched tool=conduit-v1 collector=conduit type=conduit collector=conduit type=conduit params="map[end:2026-08-02T22:52:23.270Z query:rate(conduit_connector_bytes_sum{pipeline_name=\"archv2-nxm-batched\",type=\"source\"}[2s])/1048576 start:2026-08-02T22:52:00.269Z step:1]" stats="&{Timings:{EvalTotalTime:0.000119208 ResultSortTime:1.125e-06 QueryPreparationTime:7.625e-06 InnerEvalTime:0.000104708 ExecQueueTime:1e-06 ExecTotalTime:0.000123459} Samples:0x140010bae40}" spanID=0000000000000000
time=2026-08-02T15:52:23.271-07:00 level=WARN msg="Query returned multiple series, only first will be used" test=archv2-nxm-batched tool=conduit-v1 collector=conduit type=conduit collector=conduit type=conduit series-count=2
time=2026-08-02T15:52:23.271-07:00 level=DEBUG msg="Query returned data" test=archv2-nxm-batched tool=conduit-v1 collector=conduit type=conduit collector=conduit type=conduit name=msg-megabytes-in-per-second[archv2-nxm-batched] series-count=1 last-value=0.22598648071289062
time=2026-08-02T15:52:23.271-07:00 level=DEBUG msg="promql query logged" test=archv2-nxm-batched tool=conduit-v1 collector=conduit type=conduit collector=conduit type=conduit params="map[end:2026-08-02T22:52:23.271Z query:rate(conduit_connector_bytes_sum{pipeline_name=\"archv2-nxm-batched\",type=\"destination\"}[2s])/1048576 start:2026-08-02T22:52:00.269Z step:1]" stats="&{Timings:{EvalTotalTime:5.9292e-05 ResultSortTime:5e-07 QueryPreparationTime:7.75e-06 InnerEvalTime:4.7583e-05 ExecQueueTime:6.25e-07 ExecTotalTime:6.1917e-05} Samples:0x140016a3860}" spanID=0000000000000000
time=2026-08-02T15:52:23.271-07:00 level=WARN msg="Query returned multiple series, only first will be used" test=archv2-nxm-batched tool=conduit-v1 collector=conduit type=conduit collector=conduit type=conduit series-count=2
time=2026-08-02T15:52:23.271-07:00 level=DEBUG msg="Query returned data" test=archv2-nxm-batched tool=conduit-v1 collector=conduit type=conduit collector=conduit type=conduit name=msg-megabytes-out-per-second[archv2-nxm-batched] series-count=1 last-value=0.45010852813720703
time=2026-08-02T15:52:23.563-07:00 level=DEBUG msg="Inspecting container" model=container-monitor name=benchi-conduit
time=2026-08-02T15:52:24.079-07:00 level=DEBUG msg="Inspecting container" model=container-monitor name=benchi-conduit
time=2026-08-02T15:52:24.271-07:00 level=DEBUG msg="promql query logged" test=archv2-nxm-batched tool=conduit-v1 collector=conduit type=conduit collector=conduit type=conduit params="map[end:2026-08-02T22:52:24.270Z query:rate(conduit_pipeline_execution_duration_seconds_count{pipeline_name=\"archv2-nxm-batched\"}[2s]) start:2026-08-02T22:52:00.269Z step:1]" stats="&{Timings:{EvalTotalTime:0.00010225 ResultSortTime:5.83e-07 QueryPreparationTime:1.85e-05 InnerEvalTime:7.6916e-05 ExecQueueTime:2.75e-06 ExecTotalTime:0.000107917} Samples:0x14001233680}" spanID=0000000000000000
time=2026-08-02T15:52:24.271-07:00 level=DEBUG msg="Query returned data" test=archv2-nxm-batched tool=conduit-v1 collector=conduit type=conduit collector=conduit type=conduit name=msg-rate-per-second[archv2-nxm-batched] series-count=1 last-value=13999
time=2026-08-02T15:52:24.271-07:00 level=DEBUG msg="promql query logged" test=archv2-nxm-batched tool=conduit-v1 collector=conduit type=conduit collector=conduit type=conduit params="map[end:2026-08-02T22:52:24.271Z query:rate(conduit_connector_bytes_sum{pipeline_name=\"archv2-nxm-batched\",type=\"source\"}[2s])/1048576 start:2026-08-02T22:52:00.269Z step:1]" stats="&{Timings:{EvalTotalTime:6.9542e-05 ResultSortTime:8.33e-07 QueryPreparationTime:8.083e-06 InnerEvalTime:5.675e-05 ExecQueueTime:1.083e-06 ExecTotalTime:7.2458e-05} Samples:0x14001233d70}" spanID=0000000000000000
time=2026-08-02T15:52:24.271-07:00 level=WARN msg="Query returned multiple series, only first will be used" test=archv2-nxm-batched tool=conduit-v1 collector=conduit type=conduit collector=conduit type=conduit series-count=2
time=2026-08-02T15:52:24.271-07:00 level=DEBUG msg="Query returned data" test=archv2-nxm-batched tool=conduit-v1 collector=conduit type=conduit collector=conduit type=conduit name=msg-megabytes-in-per-second[archv2-nxm-batched] series-count=1 last-value=0.19129180908203125
time=2026-08-02T15:52:24.271-07:00 level=DEBUG msg="promql query logged" test=archv2-nxm-batched tool=conduit-v1 collector=conduit type=conduit collector=conduit type=conduit params="map[end:2026-08-02T22:52:24.271Z query:rate(conduit_connector_bytes_sum{pipeline_name=\"archv2-nxm-batched\",type=\"destination\"}[2s])/1048576 start:2026-08-02T22:52:00.269Z step:1]" stats="&{Timings:{EvalTotalTime:6.9125e-05 ResultSortTime:5.83e-07 QueryPreparationTime:8.709e-06 InnerEvalTime:5.5292e-05 ExecQueueTime:1.208e-06 ExecTotalTime:7.2334e-05} Samples:0x14000f5e7e0}" spanID=0000000000000000
time=2026-08-02T15:52:24.271-07:00 level=WARN msg="Query returned multiple series, only first will be used" test=archv2-nxm-batched tool=conduit-v1 collector=conduit type=conduit collector=conduit type=conduit series-count=2
time=2026-08-02T15:52:24.271-07:00 level=DEBUG msg="Query returned data" test=archv2-nxm-batched tool=conduit-v1 collector=conduit type=conduit collector=conduit type=conduit name=msg-megabytes-out-per-second[archv2-nxm-batched] series-count=1 last-value=0.3956289291381836
time=2026-08-02T15:52:24.597-07:00 level=DEBUG msg="Inspecting container" model=container-monitor name=benchi-conduit
time=2026-08-02T15:52:25.108-07:00 level=DEBUG msg="Inspecting container" model=container-monitor name=benchi-conduit
time=2026-08-02T15:52:25.270-07:00 level=INFO msg="Test in progress" test=archv2-nxm-batched tool=conduit-v1 step=test time-left=35s
time=2026-08-02T15:52:25.270-07:00 level=DEBUG msg="promql query logged" test=archv2-nxm-batched tool=conduit-v1 collector=conduit type=conduit collector=conduit type=conduit params="map[end:2026-08-02T22:52:25.270Z query:rate(conduit_pipeline_execution_duration_seconds_count{pipeline_name=\"archv2-nxm-batched\"}[2s]) start:2026-08-02T22:52:00.269Z step:1]" stats="&{Timings:{EvalTotalTime:5.8708e-05 ResultSortTime:5.83e-07 QueryPreparationTime:1.7167e-05 InnerEvalTime:3.5125e-05 ExecQueueTime:2.708e-06 ExecTotalTime:6.5167e-05} Samples:0x140010aac60}" spanID=0000000000000000
time=2026-08-02T15:52:25.271-07:00 level=DEBUG msg="Query returned data" test=archv2-nxm-batched tool=conduit-v1 collector=conduit type=conduit collector=conduit type=conduit name=msg-rate-per-second[archv2-nxm-batched] series-count=1 last-value=14996
time=2026-08-02T15:52:25.271-07:00 level=DEBUG msg="promql query logged" test=archv2-nxm-batched tool=conduit-v1 collector=conduit type=conduit collector=conduit type=conduit params="map[end:2026-08-02T22:52:25.271Z query:rate(conduit_connector_bytes_sum{pipeline_name=\"archv2-nxm-batched\",type=\"source\"}[2s])/1048576 start:2026-08-02T22:52:00.269Z step:1]" stats="&{Timings:{EvalTotalTime:7.9791e-05 ResultSortTime:8.75e-07 QueryPreparationTime:1.1208e-05 InnerEvalTime:6.3292e-05 ExecQueueTime:1.542e-06 ExecTotalTime:8.3875e-05} Samples:0x14000a05ef0}" spanID=0000000000000000
time=2026-08-02T15:52:25.271-07:00 level=WARN msg="Query returned multiple series, only first will be used" test=archv2-nxm-batched tool=conduit-v1 collector=conduit type=conduit collector=conduit type=conduit series-count=2
time=2026-08-02T15:52:25.271-07:00 level=DEBUG msg="Query returned data" test=archv2-nxm-batched tool=conduit-v1 collector=conduit type=conduit collector=conduit type=conduit name=msg-megabytes-in-per-second[archv2-nxm-batched] series-count=1 last-value=0.1994924545288086
time=2026-08-02T15:52:25.271-07:00 level=DEBUG msg="promql query logged" test=archv2-nxm-batched tool=conduit-v1 collector=conduit type=conduit collector=conduit type=conduit params="map[end:2026-08-02T22:52:25.271Z query:rate(conduit_connector_bytes_sum{pipeline_name=\"archv2-nxm-batched\",type=\"destination\"}[2s])/1048576 start:2026-08-02T22:52:00.269Z step:1]" stats="&{Timings:{EvalTotalTime:5.4708e-05 ResultSortTime:5e-07 QueryPreparationTime:5.959e-06 InnerEvalTime:4.5125e-05 ExecQueueTime:9.16e-07 ExecTotalTime:5.75e-05} Samples:0x14000952660}" spanID=0000000000000000
time=2026-08-02T15:52:25.271-07:00 level=WARN msg="Query returned multiple series, only first will be used" test=archv2-nxm-batched tool=conduit-v1 collector=conduit type=conduit collector=conduit type=conduit series-count=2
time=2026-08-02T15:52:25.271-07:00 level=DEBUG msg="Query returned data" test=archv2-nxm-batched tool=conduit-v1 collector=conduit type=conduit collector=conduit type=conduit name=msg-megabytes-out-per-second[archv2-nxm-batched] series-count=1 last-value=0.4236898422241211
time=2026-08-02T15:52:25.629-07:00 level=DEBUG msg="Inspecting container" model=container-monitor name=benchi-conduit
time=2026-08-02T15:52:26.155-07:00 level=DEBUG msg="Inspecting container" model=container-monitor name=benchi-conduit
time=2026-08-02T15:52:26.271-07:00 level=DEBUG msg="promql query logged" test=archv2-nxm-batched tool=conduit-v1 collector=conduit type=conduit collector=conduit type=conduit params="map[end:2026-08-02T22:52:26.271Z query:rate(conduit_pipeline_execution_duration_seconds_count{pipeline_name=\"archv2-nxm-batched\"}[2s]) start:2026-08-02T22:52:00.269Z step:1]" stats="&{Timings:{EvalTotalTime:5.4125e-05 ResultSortTime:4.59e-07 QueryPreparationTime:1.55e-05 InnerEvalTime:3.2542e-05 ExecQueueTime:2.792e-06 ExecTotalTime:6.025e-05} Samples:0x14000b9a480}" spanID=0000000000000000
time=2026-08-02T15:52:26.271-07:00 level=DEBUG msg="Query returned data" test=archv2-nxm-batched tool=conduit-v1 collector=conduit type=conduit collector=conduit type=conduit name=msg-rate-per-second[archv2-nxm-batched] series-count=1 last-value=13274
time=2026-08-02T15:52:26.271-07:00 level=DEBUG msg="promql query logged" test=archv2-nxm-batched tool=conduit-v1 collector=conduit type=conduit collector=conduit type=conduit params="map[end:2026-08-02T22:52:26.271Z query:rate(conduit_connector_bytes_sum{pipeline_name=\"archv2-nxm-batched\",type=\"source\"}[2s])/1048576 start:2026-08-02T22:52:00.269Z step:1]" stats="&{Timings:{EvalTotalTime:7.4333e-05 ResultSortTime:7.09e-07 QueryPreparationTime:8.708e-06 InnerEvalTime:6.025e-05 ExecQueueTime:1.251e-06 ExecTotalTime:7.7834e-05} Samples:0x14000b9b290}" spanID=0000000000000000
time=2026-08-02T15:52:26.271-07:00 level=WARN msg="Query returned multiple series, only first will be used" test=archv2-nxm-batched tool=conduit-v1 collector=conduit type=conduit collector=conduit type=conduit series-count=2
time=2026-08-02T15:52:26.271-07:00 level=DEBUG msg="Query returned data" test=archv2-nxm-batched tool=conduit-v1 collector=conduit type=conduit collector=conduit type=conduit name=msg-megabytes-in-per-second[archv2-nxm-batched] series-count=1 last-value=0.18696880340576172
time=2026-08-02T15:52:26.272-07:00 level=DEBUG msg="promql query logged" test=archv2-nxm-batched tool=conduit-v1 collector=conduit type=conduit collector=conduit type=conduit params="map[end:2026-08-02T22:52:26.271Z query:rate(conduit_connector_bytes_sum{pipeline_name=\"archv2-nxm-batched\",type=\"destination\"}[2s])/1048576 start:2026-08-02T22:52:00.269Z step:1]" stats="&{Timings:{EvalTotalTime:8.1042e-05 ResultSortTime:7.09e-07 QueryPreparationTime:1.1792e-05 InnerEvalTime:6.2709e-05 ExecQueueTime:1.625e-06 ExecTotalTime:8.5166e-05} Samples:0x14001134720}" spanID=0000000000000000
time=2026-08-02T15:52:26.272-07:00 level=WARN msg="Query returned multiple series, only first will be used" test=archv2-nxm-batched tool=conduit-v1 collector=conduit type=conduit collector=conduit type=conduit series-count=2
time=2026-08-02T15:52:26.272-07:00 level=DEBUG msg="Query returned data" test=archv2-nxm-batched tool=conduit-v1 collector=conduit type=conduit collector=conduit type=conduit name=msg-megabytes-out-per-second[archv2-nxm-batched] series-count=1 last-value=0.37558841705322266
time=2026-08-02T15:52:26.671-07:00 level=DEBUG msg="Inspecting container" model=container-monitor name=benchi-conduit
time=2026-08-02T15:52:27.190-07:00 level=DEBUG msg="Inspecting container" model=container-monitor name=benchi-conduit
time=2026-08-02T15:52:27.271-07:00 level=DEBUG msg="promql query logged" test=archv2-nxm-batched tool=conduit-v1 collector=conduit type=conduit collector=conduit type=conduit params="map[end:2026-08-02T22:52:27.271Z query:rate(conduit_pipeline_execution_duration_seconds_count{pipeline_name=\"archv2-nxm-batched\"}[2s]) start:2026-08-02T22:52:00.269Z step:1]" stats="&{Timings:{EvalTotalTime:5.2083e-05 ResultSortTime:5e-07 QueryPreparationTime:1.35e-05 InnerEvalTime:3.05e-05 ExecQueueTime:2.541e-06 ExecTotalTime:5.7333e-05} Samples:0x14001135c50}" spanID=0000000000000000
time=2026-08-02T15:52:27.271-07:00 level=DEBUG msg="Query returned data" test=archv2-nxm-batched tool=conduit-v1 collector=conduit type=conduit collector=conduit type=conduit name=msg-rate-per-second[archv2-nxm-batched] series-count=1 last-value=15153.692614770458
time=2026-08-02T15:52:27.271-07:00 level=DEBUG msg="promql query logged" test=archv2-nxm-batched tool=conduit-v1 collector=conduit type=conduit collector=conduit type=conduit params="map[end:2026-08-02T22:52:27.271Z query:rate(conduit_connector_bytes_sum{pipeline_name=\"archv2-nxm-batched\",type=\"source\"}[2s])/1048576 start:2026-08-02T22:52:00.269Z step:1]" stats="&{Timings:{EvalTotalTime:6.8708e-05 ResultSortTime:6.67e-07 QueryPreparationTime:1.1209e-05 InnerEvalTime:5.3625e-05 ExecQueueTime:8.33e-07 ExecTotalTime:7.1667e-05} Samples:0x14001540390}" spanID=0000000000000000
time=2026-08-02T15:52:27.271-07:00 level=WARN msg="Query returned multiple series, only first will be used" test=archv2-nxm-batched tool=conduit-v1 collector=conduit type=conduit collector=conduit type=conduit series-count=2
time=2026-08-02T15:52:27.271-07:00 level=DEBUG msg="Query returned data" test=archv2-nxm-batched tool=conduit-v1 collector=conduit type=conduit collector=conduit type=conduit name=msg-megabytes-in-per-second[archv2-nxm-batched] series-count=1 last-value=0.21282070411179593
time=2026-08-02T15:52:27.271-07:00 level=DEBUG msg="promql query logged" test=archv2-nxm-batched tool=conduit-v1 collector=conduit type=conduit collector=conduit type=conduit params="map[end:2026-08-02T22:52:27.271Z query:rate(conduit_connector_bytes_sum{pipeline_name=\"archv2-nxm-batched\",type=\"destination\"}[2s])/1048576 start:2026-08-02T22:52:00.269Z step:1]" stats="&{Timings:{EvalTotalTime:4.6959e-05 ResultSortTime:5.42e-07 QueryPreparationTime:7.292e-06 InnerEvalTime:3.6625e-05 ExecQueueTime:1.083e-06 ExecTotalTime:4.9375e-05} Samples:0x14000fdb3e0}" spanID=0000000000000000
time=2026-08-02T15:52:27.271-07:00 level=WARN msg="Query returned multiple series, only first will be used" test=archv2-nxm-batched tool=conduit-v1 collector=conduit type=conduit collector=conduit type=conduit series-count=2
time=2026-08-02T15:52:27.272-07:00 level=DEBUG msg="Query returned data" test=archv2-nxm-batched tool=conduit-v1 collector=conduit type=conduit collector=conduit type=conduit name=msg-megabytes-out-per-second[archv2-nxm-batched] series-count=1 last-value=0.4280141727653092
time=2026-08-02T15:52:27.710-07:00 level=DEBUG msg="Inspecting container" model=container-monitor name=benchi-conduit
time=2026-08-02T15:52:28.228-07:00 level=DEBUG msg="Inspecting container" model=container-monitor name=benchi-conduit
time=2026-08-02T15:52:28.269-07:00 level=DEBUG msg="promql query logged" test=archv2-nxm-batched tool=conduit-v1 collector=conduit type=conduit collector=conduit type=conduit params="map[end:2026-08-02T22:52:28.269Z query:rate(conduit_pipeline_execution_duration_seconds_count{pipeline_name=\"archv2-nxm-batched\"}[2s]) start:2026-08-02T22:52:00.269Z step:1]" stats="&{Timings:{EvalTotalTime:5.5666e-05 ResultSortTime:4.17e-07 QueryPreparationTime:1.4584e-05 InnerEvalTime:3.5375e-05 ExecQueueTime:2.167e-06 ExecTotalTime:6.1167e-05} Samples:0x14001023b30}" spanID=0000000000000000
time=2026-08-02T15:52:28.269-07:00 level=DEBUG msg="Query returned data" test=archv2-nxm-batched tool=conduit-v1 collector=conduit type=conduit collector=conduit type=conduit name=msg-rate-per-second[archv2-nxm-batched] series-count=1 last-value=13773.547094188376
time=2026-08-02T15:52:28.269-07:00 level=DEBUG msg="promql query logged" test=archv2-nxm-batched tool=conduit-v1 collector=conduit type=conduit collector=conduit type=conduit params="map[end:2026-08-02T22:52:28.269Z query:rate(conduit_connector_bytes_sum{pipeline_name=\"archv2-nxm-batched\",type=\"source\"}[2s])/1048576 start:2026-08-02T22:52:00.269Z step:1]" stats="&{Timings:{EvalTotalTime:7.4709e-05 ResultSortTime:8.75e-07 QueryPreparationTime:7.833e-06 InnerEvalTime:6.2e-05 ExecQueueTime:1.374e-06 ExecTotalTime:7.7666e-05} Samples:0x140013ec2a0}" spanID=0000000000000000
time=2026-08-02T15:52:28.270-07:00 level=WARN msg="Query returned multiple series, only first will be used" test=archv2-nxm-batched tool=conduit-v1 collector=conduit type=conduit collector=conduit type=conduit series-count=2
time=2026-08-02T15:52:28.270-07:00 level=DEBUG msg="Query returned data" test=archv2-nxm-batched tool=conduit-v1 collector=conduit type=conduit collector=conduit type=conduit name=msg-megabytes-in-per-second[archv2-nxm-batched] series-count=1 last-value=0.1963441500921765
time=2026-08-02T15:52:28.270-07:00 level=DEBUG msg="promql query logged" test=archv2-nxm-batched tool=conduit-v1 collector=conduit type=conduit collector=conduit type=conduit params="map[end:2026-08-02T22:52:28.270Z query:rate(conduit_connector_bytes_sum{pipeline_name=\"archv2-nxm-batched\",type=\"destination\"}[2s])/1048576 start:2026-08-02T22:52:00.269Z step:1]" stats="&{Timings:{EvalTotalTime:6.125e-05 ResultSortTime:5.42e-07 QueryPreparationTime:7.166e-06 InnerEvalTime:5e-05 ExecQueueTime:8.34e-07 ExecTotalTime:6.3958e-05} Samples:0x140013ec960}" spanID=0000000000000000
time=2026-08-02T15:52:28.270-07:00 level=WARN msg="Query returned multiple series, only first will be used" test=archv2-nxm-batched tool=conduit-v1 collector=conduit type=conduit collector=conduit type=conduit series-count=2
time=2026-08-02T15:52:28.270-07:00 level=DEBUG msg="Query returned data" test=archv2-nxm-batched tool=conduit-v1 collector=conduit type=conduit collector=conduit type=conduit name=msg-megabytes-out-per-second[archv2-nxm-batched] series-count=1 last-value=0.38933228395267094
time=2026-08-02T15:52:28.743-07:00 level=DEBUG msg="Inspecting container" model=container-monitor name=benchi-conduit
time=2026-08-02T15:52:29.259-07:00 level=DEBUG msg="Inspecting container" model=container-monitor name=benchi-conduit
time=2026-08-02T15:52:29.271-07:00 level=DEBUG msg="promql query logged" test=archv2-nxm-batched tool=conduit-v1 collector=conduit type=conduit collector=conduit type=conduit params="map[end:2026-08-02T22:52:29.271Z query:rate(conduit_pipeline_execution_duration_seconds_count{pipeline_name=\"archv2-nxm-batched\"}[2s]) start:2026-08-02T22:52:00.269Z step:1]" stats="&{Timings:{EvalTotalTime:0.000145084 ResultSortTime:7.91e-07 QueryPreparationTime:3.9708e-05 InnerEvalTime:9.5167e-05 ExecQueueTime:3.959e-06 ExecTotalTime:0.000152209} Samples:0x1400112d740}" spanID=0000000000000000
time=2026-08-02T15:52:29.271-07:00 level=DEBUG msg="Query returned data" test=archv2-nxm-batched tool=conduit-v1 collector=conduit type=conduit collector=conduit type=conduit name=msg-rate-per-second[archv2-nxm-batched] series-count=1 last-value=15650.69860279441
time=2026-08-02T15:52:29.271-07:00 level=DEBUG msg="promql query logged" test=archv2-nxm-batched tool=conduit-v1 collector=conduit type=conduit collector=conduit type=conduit params="map[end:2026-08-02T22:52:29.271Z query:rate(conduit_connector_bytes_sum{pipeline_name=\"archv2-nxm-batched\",type=\"source\"}[2s])/1048576 start:2026-08-02T22:52:00.269Z step:1]" stats="&{Timings:{EvalTotalTime:9.4625e-05 ResultSortTime:1.792e-06 QueryPreparationTime:1.2791e-05 InnerEvalTime:7.5541e-05 ExecQueueTime:1.542e-06 ExecTotalTime:9.825e-05} Samples:0x1400112de00}" spanID=0000000000000000
time=2026-08-02T15:52:29.271-07:00 level=WARN msg="Query returned multiple series, only first will be used" test=archv2-nxm-batched tool=conduit-v1 collector=conduit type=conduit collector=conduit type=conduit series-count=2
time=2026-08-02T15:52:29.272-07:00 level=DEBUG msg="Query returned data" test=archv2-nxm-batched tool=conduit-v1 collector=conduit type=conduit collector=conduit type=conduit name=msg-megabytes-in-per-second[archv2-nxm-batched] series-count=1 last-value=0.21936317641815975
time=2026-08-02T15:52:29.272-07:00 level=DEBUG msg="promql query logged" test=archv2-nxm-batched tool=conduit-v1 collector=conduit type=conduit collector=conduit type=conduit params="map[end:2026-08-02T22:52:29.272Z query:rate(conduit_connector_bytes_sum{pipeline_name=\"archv2-nxm-batched\",type=\"destination\"}[2s])/1048576 start:2026-08-02T22:52:00.269Z step:1]" stats="&{Timings:{EvalTotalTime:9.5916e-05 ResultSortTime:8.33e-07 QueryPreparationTime:1.4542e-05 InnerEvalTime:7.6125e-05 ExecQueueTime:1.333e-06 ExecTotalTime:0.000101292} Samples:0x140012acf60}" spanID=0000000000000000
time=2026-08-02T15:52:29.272-07:00 level=WARN msg="Query returned multiple series, only first will be used" test=archv2-nxm-batched tool=conduit-v1 collector=conduit type=conduit collector=conduit type=conduit series-count=2
time=2026-08-02T15:52:29.272-07:00 level=DEBUG msg="Query returned data" test=archv2-nxm-batched tool=conduit-v1 collector=conduit type=conduit collector=conduit type=conduit name=msg-megabytes-out-per-second[archv2-nxm-batched] series-count=1 last-value=0.44128756799145846
time=2026-08-02T15:52:29.788-07:00 level=DEBUG msg="Inspecting container" model=container-monitor name=benchi-conduit
time=2026-08-02T15:52:30.269-07:00 level=INFO msg="Test in progress" test=archv2-nxm-batched tool=conduit-v1 step=test time-left=30s
time=2026-08-02T15:52:30.270-07:00 level=DEBUG msg="promql query logged" test=archv2-nxm-batched tool=conduit-v1 collector=conduit type=conduit collector=conduit type=conduit params="map[end:2026-08-02T22:52:30.269Z query:rate(conduit_pipeline_execution_duration_seconds_count{pipeline_name=\"archv2-nxm-batched\"}[2s]) start:2026-08-02T22:52:00.269Z step:1]" stats="&{Timings:{EvalTotalTime:5.05e-05 ResultSortTime:5e-07 QueryPreparationTime:1.375e-05 InnerEvalTime:3.1333e-05 ExecQueueTime:2e-06 ExecTotalTime:5.4458e-05} Samples:0x140012e2720}" spanID=0000000000000000
time=2026-08-02T15:52:30.270-07:00 level=DEBUG msg="Query returned data" test=archv2-nxm-batched tool=conduit-v1 collector=conduit type=conduit collector=conduit type=conduit name=msg-rate-per-second[archv2-nxm-batched] series-count=1 last-value=13142.284569138275
time=2026-08-02T15:52:30.270-07:00 level=DEBUG msg="promql query logged" test=archv2-nxm-batched tool=conduit-v1 collector=conduit type=conduit collector=conduit type=conduit params="map[end:2026-08-02T22:52:30.270Z query:rate(conduit_connector_bytes_sum{pipeline_name=\"archv2-nxm-batched\",type=\"source\"}[2s])/1048576 start:2026-08-02T22:52:00.269Z step:1]" stats="&{Timings:{EvalTotalTime:6.4584e-05 ResultSortTime:8.33e-07 QueryPreparationTime:5.792e-06 InnerEvalTime:5.4125e-05 ExecQueueTime:7.92e-07 ExecTotalTime:6.7084e-05} Samples:0x140012e2de0}" spanID=0000000000000000
time=2026-08-02T15:52:30.270-07:00 level=WARN msg="Query returned multiple series, only first will be used" test=archv2-nxm-batched tool=conduit-v1 collector=conduit type=conduit collector=conduit type=conduit series-count=2
time=2026-08-02T15:52:30.270-07:00 level=DEBUG msg="Query returned data" test=archv2-nxm-batched tool=conduit-v1 collector=conduit type=conduit collector=conduit type=conduit name=msg-megabytes-in-per-second[archv2-nxm-batched] series-count=1 last-value=0.18682938539432378
time=2026-08-02T15:52:30.270-07:00 level=DEBUG msg="promql query logged" test=archv2-nxm-batched tool=conduit-v1 collector=conduit type=conduit collector=conduit type=conduit params="map[end:2026-08-02T22:52:30.270Z query:rate(conduit_connector_bytes_sum{pipeline_name=\"archv2-nxm-batched\",type=\"destination\"}[2s])/1048576 start:2026-08-02T22:52:00.269Z step:1]" stats="&{Timings:{EvalTotalTime:7.1458e-05 ResultSortTime:5e-07 QueryPreparationTime:7.75e-06 InnerEvalTime:5.9333e-05 ExecQueueTime:9.58e-07 ExecTotalTime:7.4625e-05} Samples:0x1400115ed80}" spanID=0000000000000000
time=2026-08-02T15:52:30.270-07:00 level=WARN msg="Query returned multiple series, only first will be used" test=archv2-nxm-batched tool=conduit-v1 collector=conduit type=conduit collector=conduit type=conduit series-count=2
time=2026-08-02T15:52:30.270-07:00 level=DEBUG msg="Query returned data" test=archv2-nxm-batched tool=conduit-v1 collector=conduit type=conduit collector=conduit type=conduit name=msg-megabytes-out-per-second[archv2-nxm-batched] series-count=1 last-value=0.3712048272570531
time=2026-08-02T15:52:30.314-07:00 level=DEBUG msg="Inspecting container" model=container-monitor name=benchi-conduit
time=2026-08-02T15:52:30.829-07:00 level=DEBUG msg="Inspecting container" model=container-monitor name=benchi-conduit
time=2026-08-02T15:52:31.271-07:00 level=DEBUG msg="promql query logged" test=archv2-nxm-batched tool=conduit-v1 collector=conduit type=conduit collector=conduit type=conduit params="map[end:2026-08-02T22:52:31.270Z query:rate(conduit_pipeline_execution_duration_seconds_count{pipeline_name=\"archv2-nxm-batched\"}[2s]) start:2026-08-02T22:52:00.269Z step:1]" stats="&{Timings:{EvalTotalTime:5.0625e-05 ResultSortTime:4.58e-07 QueryPreparationTime:1.3709e-05 InnerEvalTime:3.1542e-05 ExecQueueTime:2.5e-06 ExecTotalTime:5.55e-05} Samples:0x140010597d0}" spanID=0000000000000000
time=2026-08-02T15:52:31.271-07:00 level=DEBUG msg="Query returned data" test=archv2-nxm-batched tool=conduit-v1 collector=conduit type=conduit collector=conduit type=conduit name=msg-rate-per-second[archv2-nxm-batched] series-count=1 last-value=14209
time=2026-08-02T15:52:31.271-07:00 level=DEBUG msg="promql query logged" test=archv2-nxm-batched tool=conduit-v1 collector=conduit type=conduit collector=conduit type=conduit params="map[end:2026-08-02T22:52:31.271Z query:rate(conduit_connector_bytes_sum{pipeline_name=\"archv2-nxm-batched\",type=\"source\"}[2s])/1048576 start:2026-08-02T22:52:00.269Z step:1]" stats="&{Timings:{EvalTotalTime:6.675e-05 ResultSortTime:7.5e-07 QueryPreparationTime:5.75e-06 InnerEvalTime:5.7167e-05 ExecQueueTime:8.34e-07 ExecTotalTime:6.925e-05} Samples:0x14001059e90}" spanID=0000000000000000
time=2026-08-02T15:52:31.271-07:00 level=WARN msg="Query returned multiple series, only first will be used" test=archv2-nxm-batched tool=conduit-v1 collector=conduit type=conduit collector=conduit type=conduit series-count=2
time=2026-08-02T15:52:31.271-07:00 level=DEBUG msg="Query returned data" test=archv2-nxm-batched tool=conduit-v1 collector=conduit type=conduit collector=conduit type=conduit name=msg-megabytes-in-per-second[archv2-nxm-batched] series-count=1 last-value=0.20438385009765625
time=2026-08-02T15:52:31.271-07:00 level=DEBUG msg="promql query logged" test=archv2-nxm-batched tool=conduit-v1 collector=conduit type=conduit collector=conduit type=conduit params="map[end:2026-08-02T22:52:31.271Z query:rate(conduit_connector_bytes_sum{pipeline_name=\"archv2-nxm-batched\",type=\"destination\"}[2s])/1048576 start:2026-08-02T22:52:00.269Z step:1]" stats="&{Timings:{EvalTotalTime:6.725e-05 ResultSortTime:4.58e-07 QueryPreparationTime:7.209e-06 InnerEvalTime:5.5916e-05 ExecQueueTime:1.042e-06 ExecTotalTime:7.05e-05} Samples:0x14001487350}" spanID=0000000000000000
time=2026-08-02T15:52:31.271-07:00 level=WARN msg="Query returned multiple series, only first will be used" test=archv2-nxm-batched tool=conduit-v1 collector=conduit type=conduit collector=conduit type=conduit series-count=2
time=2026-08-02T15:52:31.271-07:00 level=DEBUG msg="Query returned data" test=archv2-nxm-batched tool=conduit-v1 collector=conduit type=conduit collector=conduit type=conduit name=msg-megabytes-out-per-second[archv2-nxm-batched] series-count=1 last-value=0.40108299255371094
time=2026-08-02T15:52:31.348-07:00 level=DEBUG msg="Inspecting container" model=container-monitor name=benchi-conduit
time=2026-08-02T15:52:31.870-07:00 level=DEBUG msg="Inspecting container" model=container-monitor name=benchi-conduit
time=2026-08-02T15:52:32.271-07:00 level=DEBUG msg="promql query logged" test=archv2-nxm-batched tool=conduit-v1 collector=conduit type=conduit collector=conduit type=conduit params="map[end:2026-08-02T22:52:32.271Z query:rate(conduit_pipeline_execution_duration_seconds_count{pipeline_name=\"archv2-nxm-batched\"}[2s]) start:2026-08-02T22:52:00.269Z step:1]" stats="&{Timings:{EvalTotalTime:8.6375e-05 ResultSortTime:7.5e-07 QueryPreparationTime:1.625e-05 InnerEvalTime:6.0125e-05 ExecQueueTime:2.751e-06 ExecTotalTime:9.2584e-05} Samples:0x14001601200}" spanID=0000000000000000
time=2026-08-02T15:52:32.271-07:00 level=DEBUG msg="Query returned data" test=archv2-nxm-batched tool=conduit-v1 collector=conduit type=conduit collector=conduit type=conduit name=msg-rate-per-second[archv2-nxm-batched] series-count=1 last-value=14966.067864271456
time=2026-08-02T15:52:32.271-07:00 level=DEBUG msg="promql query logged" test=archv2-nxm-batched tool=conduit-v1 collector=conduit type=conduit collector=conduit type=conduit params="map[end:2026-08-02T22:52:32.271Z query:rate(conduit_connector_bytes_sum{pipeline_name=\"archv2-nxm-batched\",type=\"source\"}[2s])/1048576 start:2026-08-02T22:52:00.269Z step:1]" stats="&{Timings:{EvalTotalTime:0.00011475 ResultSortTime:7.92e-07 QueryPreparationTime:1.0333e-05 InnerEvalTime:9.9e-05 ExecQueueTime:1.667e-06 ExecTotalTime:0.00011875} Samples:0x14001601920}" spanID=0000000000000000
time=2026-08-02T15:52:32.271-07:00 level=WARN msg="Query returned multiple series, only first will be used" test=archv2-nxm-batched tool=conduit-v1 collector=conduit type=conduit collector=conduit type=conduit series-count=2
time=2026-08-02T15:52:32.271-07:00 level=DEBUG msg="Query returned data" test=archv2-nxm-batched tool=conduit-v1 collector=conduit type=conduit collector=conduit type=conduit name=msg-megabytes-in-per-second[archv2-nxm-batched] series-count=1 last-value=0.21106849411528505
time=2026-08-02T15:52:32.271-07:00 level=DEBUG msg="promql query logged" test=archv2-nxm-batched tool=conduit-v1 collector=conduit type=conduit collector=conduit type=conduit params="map[end:2026-08-02T22:52:32.271Z query:rate(conduit_connector_bytes_sum{pipeline_name=\"archv2-nxm-batched\",type=\"destination\"}[2s])/1048576 start:2026-08-02T22:52:00.269Z step:1]" stats="&{Timings:{EvalTotalTime:8.0459e-05 ResultSortTime:5.84e-07 QueryPreparationTime:9.25e-06 InnerEvalTime:6.6625e-05 ExecQueueTime:9.58e-07 ExecTotalTime:8.3667e-05} Samples:0x14000a7c720}" spanID=0000000000000000
time=2026-08-02T15:52:32.271-07:00 level=WARN msg="Query returned multiple series, only first will be used" test=archv2-nxm-batched tool=conduit-v1 collector=conduit type=conduit collector=conduit type=conduit series-count=2
time=2026-08-02T15:52:32.271-07:00 level=DEBUG msg="Query returned data" test=archv2-nxm-batched tool=conduit-v1 collector=conduit type=conduit collector=conduit type=conduit name=msg-megabytes-out-per-second[archv2-nxm-batched] series-count=1 last-value=0.42230640342849457
time=2026-08-02T15:52:32.395-07:00 level=DEBUG msg="Inspecting container" model=container-monitor name=benchi-conduit
time=2026-08-02T15:52:32.917-07:00 level=DEBUG msg="Inspecting container" model=container-monitor name=benchi-conduit
time=2026-08-02T15:52:33.270-07:00 level=DEBUG msg="promql query logged" test=archv2-nxm-batched tool=conduit-v1 collector=conduit type=conduit collector=conduit type=conduit params="map[end:2026-08-02T22:52:33.270Z query:rate(conduit_pipeline_execution_duration_seconds_count{pipeline_name=\"archv2-nxm-batched\"}[2s]) start:2026-08-02T22:52:00.269Z step:1]" stats="&{Timings:{EvalTotalTime:5.4584e-05 ResultSortTime:5e-07 QueryPreparationTime:1.5667e-05 InnerEvalTime:3.3459e-05 ExecQueueTime:2.25e-06 ExecTotalTime:5.875e-05} Samples:0x14001232210}" spanID=0000000000000000
time=2026-08-02T15:52:33.270-07:00 level=DEBUG msg="Query returned data" test=archv2-nxm-batched tool=conduit-v1 collector=conduit type=conduit collector=conduit type=conduit name=msg-rate-per-second[archv2-nxm-batched] series-count=1 last-value=13720.440881763525
time=2026-08-02T15:52:33.270-07:00 level=DEBUG msg="promql query logged" test=archv2-nxm-batched tool=conduit-v1 collector=conduit type=conduit collector=conduit type=conduit params="map[end:2026-08-02T22:52:33.270Z query:rate(conduit_connector_bytes_sum{pipeline_name=\"archv2-nxm-batched\",type=\"source\"}[2s])/1048576 start:2026-08-02T22:52:00.269Z step:1]" stats="&{Timings:{EvalTotalTime:6.7542e-05 ResultSortTime:8.33e-07 QueryPreparationTime:6.084e-06 InnerEvalTime:5.75e-05 ExecQueueTime:9.17e-07 ExecTotalTime:7e-05} Samples:0x14001232b10}" spanID=0000000000000000
time=2026-08-02T15:52:33.270-07:00 level=WARN msg="Query returned multiple series, only first will be used" test=archv2-nxm-batched tool=conduit-v1 collector=conduit type=conduit collector=conduit type=conduit series-count=2
time=2026-08-02T15:52:33.270-07:00 level=DEBUG msg="Query returned data" test=archv2-nxm-batched tool=conduit-v1 collector=conduit type=conduit collector=conduit type=conduit name=msg-megabytes-in-per-second[archv2-nxm-batched] series-count=1 last-value=0.19428964129430734
time=2026-08-02T15:52:33.271-07:00 level=DEBUG msg="promql query logged" test=archv2-nxm-batched tool=conduit-v1 collector=conduit type=conduit collector=conduit type=conduit params="map[end:2026-08-02T22:52:33.270Z query:rate(conduit_connector_bytes_sum{pipeline_name=\"archv2-nxm-batched\",type=\"destination\"}[2s])/1048576 start:2026-08-02T22:52:00.269Z step:1]" stats="&{Timings:{EvalTotalTime:7.4167e-05 ResultSortTime:6.67e-07 QueryPreparationTime:7.417e-06 InnerEvalTime:6.175e-05 ExecQueueTime:1.084e-06 ExecTotalTime:7.8542e-05} Samples:0x14000e400c0}" spanID=0000000000000000
time=2026-08-02T15:52:33.271-07:00 level=WARN msg="Query returned multiple series, only first will be used" test=archv2-nxm-batched tool=conduit-v1 collector=conduit type=conduit collector=conduit type=conduit series-count=2
time=2026-08-02T15:52:33.271-07:00 level=DEBUG msg="Query returned data" test=archv2-nxm-batched tool=conduit-v1 collector=conduit type=conduit collector=conduit type=conduit name=msg-megabytes-out-per-second[archv2-nxm-batched] series-count=1 last-value=0.387737411774232
time=2026-08-02T15:52:33.445-07:00 level=DEBUG msg="Inspecting container" model=container-monitor name=benchi-conduit
time=2026-08-02T15:52:33.966-07:00 level=DEBUG msg="Inspecting container" model=container-monitor name=benchi-conduit
time=2026-08-02T15:52:34.270-07:00 level=DEBUG msg="promql query logged" test=archv2-nxm-batched tool=conduit-v1 collector=conduit type=conduit collector=conduit type=conduit params="map[end:2026-08-02T22:52:34.269Z query:rate(conduit_pipeline_execution_duration_seconds_count{pipeline_name=\"archv2-nxm-batched\"}[2s]) start:2026-08-02T22:52:00.269Z step:1]" stats="&{Timings:{EvalTotalTime:7.9333e-05 ResultSortTime:5.83e-07 QueryPreparationTime:2.2791e-05 InnerEvalTime:4.7458e-05 ExecQueueTime:3.917e-06 ExecTotalTime:8.7834e-05} Samples:0x14000e406f0}" spanID=0000000000000000
time=2026-08-02T15:52:34.270-07:00 level=DEBUG msg="Query returned data" test=archv2-nxm-batched tool=conduit-v1 collector=conduit type=conduit collector=conduit type=conduit name=msg-rate-per-second[archv2-nxm-batched] series-count=1 last-value=15038
time=2026-08-02T15:52:34.270-07:00 level=DEBUG msg="promql query logged" test=archv2-nxm-batched tool=conduit-v1 collector=conduit type=conduit collector=conduit type=conduit params="map[end:2026-08-02T22:52:34.270Z query:rate(conduit_connector_bytes_sum{pipeline_name=\"archv2-nxm-batched\",type=\"source\"}[2s])/1048576 start:2026-08-02T22:52:00.269Z step:1]" stats="&{Timings:{EvalTotalTime:0.000104667 ResultSortTime:1e-06 QueryPreparationTime:1.2791e-05 InnerEvalTime:8.5333e-05 ExecQueueTime:2.667e-06 ExecTotalTime:0.000110458} Samples:0x14000e41cb0}" spanID=0000000000000000
time=2026-08-02T15:52:34.272-07:00 level=WARN msg="Query returned multiple series, only first will be used" test=archv2-nxm-batched tool=conduit-v1 collector=conduit type=conduit collector=conduit type=conduit series-count=2
time=2026-08-02T15:52:34.272-07:00 level=DEBUG msg="Query returned data" test=archv2-nxm-batched tool=conduit-v1 collector=conduit type=conduit collector=conduit type=conduit name=msg-megabytes-in-per-second[archv2-nxm-batched] series-count=1 last-value=0.2114706039428711
time=2026-08-02T15:52:34.272-07:00 level=DEBUG msg="promql query logged" test=archv2-nxm-batched tool=conduit-v1 collector=conduit type=conduit collector=conduit type=conduit params="map[end:2026-08-02T22:52:34.272Z query:rate(conduit_connector_bytes_sum{pipeline_name=\"archv2-nxm-batched\",type=\"destination\"}[2s])/1048576 start:2026-08-02T22:52:00.269Z step:1]" stats="&{Timings:{EvalTotalTime:0.000111292 ResultSortTime:9.16e-07 QueryPreparationTime:1.7125e-05 InnerEvalTime:8.6083e-05 ExecQueueTime:3e-06 ExecTotalTime:0.000117292} Samples:0x14000a05aa0}" spanID=0000000000000000
time=2026-08-02T15:52:34.272-07:00 level=WARN msg="Query returned multiple series, only first will be used" test=archv2-nxm-batched tool=conduit-v1 collector=conduit type=conduit collector=conduit type=conduit series-count=2
time=2026-08-02T15:52:34.273-07:00 level=DEBUG msg="Query returned data" test=archv2-nxm-batched tool=conduit-v1 collector=conduit type=conduit collector=conduit type=conduit name=msg-megabytes-out-per-second[archv2-nxm-batched] series-count=1 last-value=0.42568111419677734
time=2026-08-02T15:52:34.505-07:00 level=DEBUG msg="Inspecting container" model=container-monitor name=benchi-conduit
time=2026-08-02T15:52:35.014-07:00 level=DEBUG msg="Inspecting container" model=container-monitor name=benchi-conduit
time=2026-08-02T15:52:35.269-07:00 level=INFO msg="Test in progress" test=archv2-nxm-batched tool=conduit-v1 step=test time-left=25s
time=2026-08-02T15:52:35.270-07:00 level=DEBUG msg="promql query logged" test=archv2-nxm-batched tool=conduit-v1 collector=conduit type=conduit collector=conduit type=conduit params="map[end:2026-08-02T22:52:35.270Z query:rate(conduit_pipeline_execution_duration_seconds_count{pipeline_name=\"archv2-nxm-batched\"}[2s]) start:2026-08-02T22:52:00.269Z step:1]" stats="&{Timings:{EvalTotalTime:5.7042e-05 ResultSortTime:6.25e-07 QueryPreparationTime:1.5042e-05 InnerEvalTime:3.5917e-05 ExecQueueTime:2.084e-06 ExecTotalTime:6.1458e-05} Samples:0x14000926d50}" spanID=0000000000000000
time=2026-08-02T15:52:35.270-07:00 level=DEBUG msg="Query returned data" test=archv2-nxm-batched tool=conduit-v1 collector=conduit type=conduit collector=conduit type=conduit name=msg-rate-per-second[archv2-nxm-batched] series-count=1 last-value=13871.385842472584
time=2026-08-02T15:52:35.270-07:00 level=DEBUG msg="promql query logged" test=archv2-nxm-batched tool=conduit-v1 collector=conduit type=conduit collector=conduit type=conduit params="map[end:2026-08-02T22:52:35.270Z query:rate(conduit_connector_bytes_sum{pipeline_name=\"archv2-nxm-batched\",type=\"source\"}[2s])/1048576 start:2026-08-02T22:52:00.269Z step:1]" stats="&{Timings:{EvalTotalTime:5.5125e-05 ResultSortTime:7.91e-07 QueryPreparationTime:7.666e-06 InnerEvalTime:4.3584e-05 ExecQueueTime:1.375e-06 ExecTotalTime:5.7833e-05} Samples:0x14000927410}" spanID=0000000000000000
time=2026-08-02T15:52:35.270-07:00 level=WARN msg="Query returned multiple series, only first will be used" test=archv2-nxm-batched tool=conduit-v1 collector=conduit type=conduit collector=conduit type=conduit series-count=2
time=2026-08-02T15:52:35.271-07:00 level=DEBUG msg="Query returned data" test=archv2-nxm-batched tool=conduit-v1 collector=conduit type=conduit collector=conduit type=conduit name=msg-megabytes-in-per-second[archv2-nxm-batched] series-count=1 last-value=0.19426051070421552
time=2026-08-02T15:52:35.271-07:00 level=DEBUG msg="promql query logged" test=archv2-nxm-batched tool=conduit-v1 collector=conduit type=conduit collector=conduit type=conduit params="map[end:2026-08-02T22:52:35.271Z query:rate(conduit_connector_bytes_sum{pipeline_name=\"archv2-nxm-batched\",type=\"destination\"}[2s])/1048576 start:2026-08-02T22:52:00.269Z step:1]" stats="&{Timings:{EvalTotalTime:9.6833e-05 ResultSortTime:8.33e-07 QueryPreparationTime:1.4666e-05 InnerEvalTime:7.55e-05 ExecQueueTime:2.416e-06 ExecTotalTime:0.000101708} Samples:0x14001307dd0}" spanID=0000000000000000
time=2026-08-02T15:52:35.271-07:00 level=WARN msg="Query returned multiple series, only first will be used" test=archv2-nxm-batched tool=conduit-v1 collector=conduit type=conduit collector=conduit type=conduit series-count=2
time=2026-08-02T15:52:35.271-07:00 level=DEBUG msg="Query returned data" test=archv2-nxm-batched tool=conduit-v1 collector=conduit type=conduit collector=conduit type=conduit name=msg-megabytes-out-per-second[archv2-nxm-batched] series-count=1 last-value=0.39184224213346297
time=2026-08-02T15:52:35.529-07:00 level=DEBUG msg="Inspecting container" model=container-monitor name=benchi-conduit
time=2026-08-02T15:52:36.045-07:00 level=DEBUG msg="Inspecting container" model=container-monitor name=benchi-conduit
time=2026-08-02T15:52:36.270-07:00 level=DEBUG msg="promql query logged" test=archv2-nxm-batched tool=conduit-v1 collector=conduit type=conduit collector=conduit type=conduit params="map[end:2026-08-02T22:52:36.270Z query:rate(conduit_pipeline_execution_duration_seconds_count{pipeline_name=\"archv2-nxm-batched\"}[2s]) start:2026-08-02T22:52:00.269Z step:1]" stats="&{Timings:{EvalTotalTime:5.35e-05 ResultSortTime:4.16e-07 QueryPreparationTime:1.4459e-05 InnerEvalTime:3.3833e-05 ExecQueueTime:2.625e-06 ExecTotalTime:5.9917e-05} Samples:0x140013ec2d0}" spanID=0000000000000000
time=2026-08-02T15:52:36.270-07:00 level=DEBUG msg="Query returned data" test=archv2-nxm-batched tool=conduit-v1 collector=conduit type=conduit collector=conduit type=conduit name=msg-rate-per-second[archv2-nxm-batched] series-count=1 last-value=15010
time=2026-08-02T15:52:36.270-07:00 level=DEBUG msg="promql query logged" test=archv2-nxm-batched tool=conduit-v1 collector=conduit type=conduit collector=conduit type=conduit params="map[end:2026-08-02T22:52:36.270Z query:rate(conduit_connector_bytes_sum{pipeline_name=\"archv2-nxm-batched\",type=\"source\"}[2s])/1048576 start:2026-08-02T22:52:00.269Z step:1]" stats="&{Timings:{EvalTotalTime:0.000131667 ResultSortTime:7.5e-07 QueryPreparationTime:8.042e-06 InnerEvalTime:0.000118042 ExecQueueTime:1.083e-06 ExecTotalTime:0.000134583} Samples:0x140013ecb10}" spanID=0000000000000000
time=2026-08-02T15:52:36.270-07:00 level=WARN msg="Query returned multiple series, only first will be used" test=archv2-nxm-batched tool=conduit-v1 collector=conduit type=conduit collector=conduit type=conduit series-count=2
time=2026-08-02T15:52:36.270-07:00 level=DEBUG msg="Query returned data" test=archv2-nxm-batched tool=conduit-v1 collector=conduit type=conduit collector=conduit type=conduit name=msg-megabytes-in-per-second[archv2-nxm-batched] series-count=1 last-value=0.2085561752319336
time=2026-08-02T15:52:36.271-07:00 level=DEBUG msg="promql query logged" test=archv2-nxm-batched tool=conduit-v1 collector=conduit type=conduit collector=conduit type=conduit params="map[end:2026-08-02T22:52:36.270Z query:rate(conduit_connector_bytes_sum{pipeline_name=\"archv2-nxm-batched\",type=\"destination\"}[2s])/1048576 start:2026-08-02T22:52:00.269Z step:1]" stats="&{Timings:{EvalTotalTime:5.4e-05 ResultSortTime:4.59e-07 QueryPreparationTime:7.709e-06 InnerEvalTime:4.325e-05 ExecQueueTime:1.376e-06 ExecTotalTime:5.6333e-05} Samples:0x14001023d70}" spanID=0000000000000000
time=2026-08-02T15:52:36.271-07:00 level=WARN msg="Query returned multiple series, only first will be used" test=archv2-nxm-batched tool=conduit-v1 collector=conduit type=conduit collector=conduit type=conduit series-count=2
time=2026-08-02T15:52:36.271-07:00 level=DEBUG msg="Query returned data" test=archv2-nxm-batched tool=conduit-v1 collector=conduit type=conduit collector=conduit type=conduit name=msg-megabytes-out-per-second[archv2-nxm-batched] series-count=1 last-value=0.4245023727416992
time=2026-08-02T15:52:36.562-07:00 level=DEBUG msg="Inspecting container" model=container-monitor name=benchi-conduit
time=2026-08-02T15:52:37.089-07:00 level=DEBUG msg="Inspecting container" model=container-monitor name=benchi-conduit
time=2026-08-02T15:52:37.271-07:00 level=DEBUG msg="promql query logged" test=archv2-nxm-batched tool=conduit-v1 collector=conduit type=conduit collector=conduit type=conduit params="map[end:2026-08-02T22:52:37.270Z query:rate(conduit_pipeline_execution_duration_seconds_count{pipeline_name=\"archv2-nxm-batched\"}[2s]) start:2026-08-02T22:52:00.269Z step:1]" stats="&{Timings:{EvalTotalTime:5.7458e-05 ResultSortTime:4.17e-07 QueryPreparationTime:1.5e-05 InnerEvalTime:3.4416e-05 ExecQueueTime:2.416e-06 ExecTotalTime:6.175e-05} Samples:0x14000f0ee10}" spanID=0000000000000000
time=2026-08-02T15:52:37.271-07:00 level=DEBUG msg="Query returned data" test=archv2-nxm-batched tool=conduit-v1 collector=conduit type=conduit collector=conduit type=conduit name=msg-rate-per-second[archv2-nxm-batched] series-count=1 last-value=14490.471414242727
time=2026-08-02T15:52:37.271-07:00 level=DEBUG msg="promql query logged" test=archv2-nxm-batched tool=conduit-v1 collector=conduit type=conduit collector=conduit type=conduit params="map[end:2026-08-02T22:52:37.271Z query:rate(conduit_connector_bytes_sum{pipeline_name=\"archv2-nxm-batched\",type=\"source\"}[2s])/1048576 start:2026-08-02T22:52:00.269Z step:1]" stats="&{Timings:{EvalTotalTime:7.8083e-05 ResultSortTime:9.58e-07 QueryPreparationTime:7.459e-06 InnerEvalTime:6.6417e-05 ExecQueueTime:1.083e-06 ExecTotalTime:8.0916e-05} Samples:0x14000f0f4d0}" spanID=0000000000000000
time=2026-08-02T15:52:37.271-07:00 level=WARN msg="Query returned multiple series, only first will be used" test=archv2-nxm-batched tool=conduit-v1 collector=conduit type=conduit collector=conduit type=conduit series-count=2
time=2026-08-02T15:52:37.271-07:00 level=DEBUG msg="Query returned data" test=archv2-nxm-batched tool=conduit-v1 collector=conduit type=conduit collector=conduit type=conduit name=msg-megabytes-in-per-second[archv2-nxm-batched] series-count=1 last-value=0.20529633180547502
time=2026-08-02T15:52:37.271-07:00 level=DEBUG msg="promql query logged" test=archv2-nxm-batched tool=conduit-v1 collector=conduit type=conduit collector=conduit type=conduit params="map[end:2026-08-02T22:52:37.271Z query:rate(conduit_connector_bytes_sum{pipeline_name=\"archv2-nxm-batched\",type=\"destination\"}[2s])/1048576 start:2026-08-02T22:52:00.269Z step:1]" stats="&{Timings:{EvalTotalTime:7.9708e-05 ResultSortTime:5.42e-07 QueryPreparationTime:9.416e-06 InnerEvalTime:6.575e-05 ExecQueueTime:1.293e-06 ExecTotalTime:8.3125e-05} Samples:0x140011405d0}" spanID=0000000000000000
time=2026-08-02T15:52:37.271-07:00 level=WARN msg="Query returned multiple series, only first will be used" test=archv2-nxm-batched tool=conduit-v1 collector=conduit type=conduit collector=conduit type=conduit series-count=2
time=2026-08-02T15:52:37.271-07:00 level=DEBUG msg="Query returned data" test=archv2-nxm-batched tool=conduit-v1 collector=conduit type=conduit collector=conduit type=conduit name=msg-megabytes-out-per-second[archv2-nxm-batched] series-count=1 last-value=0.4086384443246732
time=2026-08-02T15:52:37.603-07:00 level=DEBUG msg="Inspecting container" model=container-monitor name=benchi-conduit
time=2026-08-02T15:52:38.134-07:00 level=DEBUG msg="Inspecting container" model=container-monitor name=benchi-conduit
time=2026-08-02T15:52:38.270-07:00 level=DEBUG msg="promql query logged" test=archv2-nxm-batched tool=conduit-v1 collector=conduit type=conduit collector=conduit type=conduit params="map[end:2026-08-02T22:52:38.270Z query:rate(conduit_pipeline_execution_duration_seconds_count{pipeline_name=\"archv2-nxm-batched\"}[2s]) start:2026-08-02T22:52:00.269Z step:1]" stats="&{Timings:{EvalTotalTime:5.525e-05 ResultSortTime:2.91e-07 QueryPreparationTime:1.425e-05 InnerEvalTime:3.3333e-05 ExecQueueTime:3.375e-06 ExecTotalTime:5.9791e-05} Samples:0x140013879e0}" spanID=0000000000000000
time=2026-08-02T15:52:38.270-07:00 level=DEBUG msg="Query returned data" test=archv2-nxm-batched tool=conduit-v1 collector=conduit type=conduit collector=conduit type=conduit name=msg-rate-per-second[archv2-nxm-batched] series-count=1 last-value=14828
time=2026-08-02T15:52:38.271-07:00 level=DEBUG msg="promql query logged" test=archv2-nxm-batched tool=conduit-v1 collector=conduit type=conduit collector=conduit type=conduit params="map[end:2026-08-02T22:52:38.270Z query:rate(conduit_connector_bytes_sum{pipeline_name=\"archv2-nxm-batched\",type=\"source\"}[2s])/1048576 start:2026-08-02T22:52:00.269Z step:1]" stats="&{Timings:{EvalTotalTime:8.0333e-05 ResultSortTime:6.67e-07 QueryPreparationTime:6.25e-06 InnerEvalTime:6.9125e-05 ExecQueueTime:9.59e-07 ExecTotalTime:8.2958e-05} Samples:0x140013b8120}" spanID=0000000000000000
time=2026-08-02T15:52:38.271-07:00 level=WARN msg="Query returned multiple series, only first will be used" test=archv2-nxm-batched tool=conduit-v1 collector=conduit type=conduit collector=conduit type=conduit series-count=2
time=2026-08-02T15:52:38.271-07:00 level=DEBUG msg="Query returned data" test=archv2-nxm-batched tool=conduit-v1 collector=conduit type=conduit collector=conduit type=conduit name=msg-megabytes-in-per-second[archv2-nxm-batched] series-count=1 last-value=0.21140003204345703
time=2026-08-02T15:52:38.271-07:00 level=DEBUG msg="promql query logged" test=archv2-nxm-batched tool=conduit-v1 collector=conduit type=conduit collector=conduit type=conduit params="map[end:2026-08-02T22:52:38.271Z query:rate(conduit_connector_bytes_sum{pipeline_name=\"archv2-nxm-batched\",type=\"destination\"}[2s])/1048576 start:2026-08-02T22:52:00.269Z step:1]" stats="&{Timings:{EvalTotalTime:7.35e-05 ResultSortTime:5.83e-07 QueryPreparationTime:8.166e-06 InnerEvalTime:6.1291e-05 ExecQueueTime:1.166e-06 ExecTotalTime:7.675e-05} Samples:0x140013b9260}" spanID=0000000000000000
time=2026-08-02T15:52:38.271-07:00 level=WARN msg="Query returned multiple series, only first will be used" test=archv2-nxm-batched tool=conduit-v1 collector=conduit type=conduit collector=conduit type=conduit series-count=2
time=2026-08-02T15:52:38.271-07:00 level=DEBUG msg="Query returned data" test=archv2-nxm-batched tool=conduit-v1 collector=conduit type=conduit collector=conduit type=conduit name=msg-megabytes-out-per-second[archv2-nxm-batched] series-count=1 last-value=0.4197578430175781
time=2026-08-02T15:52:38.659-07:00 level=DEBUG msg="Inspecting container" model=container-monitor name=benchi-conduit
time=2026-08-02T15:52:39.193-07:00 level=DEBUG msg="Inspecting container" model=container-monitor name=benchi-conduit
time=2026-08-02T15:52:39.273-07:00 level=DEBUG msg="promql query logged" test=archv2-nxm-batched tool=conduit-v1 collector=conduit type=conduit collector=conduit type=conduit params="map[end:2026-08-02T22:52:39.273Z query:rate(conduit_pipeline_execution_duration_seconds_count{pipeline_name=\"archv2-nxm-batched\"}[2s]) start:2026-08-02T22:52:00.269Z step:1]" stats="&{Timings:{EvalTotalTime:3.2167e-05 ResultSortTime:3.33e-07 QueryPreparationTime:8.875e-06 InnerEvalTime:2.0458e-05 ExecQueueTime:1.25e-06 ExecTotalTime:3.6167e-05} Samples:0x1400132ae10}" spanID=0000000000000000
time=2026-08-02T15:52:39.275-07:00 level=DEBUG msg="Query returned data" test=archv2-nxm-batched tool=conduit-v1 collector=conduit type=conduit collector=conduit type=conduit name=msg-rate-per-second[archv2-nxm-batched] series-count=1 last-value=13889
time=2026-08-02T15:52:39.275-07:00 level=DEBUG msg="promql query logged" test=archv2-nxm-batched tool=conduit-v1 collector=conduit type=conduit collector=conduit type=conduit params="map[end:2026-08-02T22:52:39.275Z query:rate(conduit_connector_bytes_sum{pipeline_name=\"archv2-nxm-batched\",type=\"source\"}[2s])/1048576 start:2026-08-02T22:52:00.269Z step:1]" stats="&{Timings:{EvalTotalTime:5.7125e-05 ResultSortTime:5.83e-07 QueryPreparationTime:1.0042e-05 InnerEvalTime:4.425e-05 ExecQueueTime:1.083e-06 ExecTotalTime:5.9583e-05} Samples:0x1400132b4d0}" spanID=0000000000000000
time=2026-08-02T15:52:39.275-07:00 level=WARN msg="Query returned multiple series, only first will be used" test=archv2-nxm-batched tool=conduit-v1 collector=conduit type=conduit collector=conduit type=conduit series-count=2
time=2026-08-02T15:52:39.275-07:00 level=DEBUG msg="Query returned data" test=archv2-nxm-batched tool=conduit-v1 collector=conduit type=conduit collector=conduit type=conduit name=msg-megabytes-in-per-second[archv2-nxm-batched] series-count=1 last-value=0.1883983612060547
time=2026-08-02T15:52:39.275-07:00 level=DEBUG msg="promql query logged" test=archv2-nxm-batched tool=conduit-v1 collector=conduit type=conduit collector=conduit type=conduit params="map[end:2026-08-02T22:52:39.275Z query:rate(conduit_connector_bytes_sum{pipeline_name=\"archv2-nxm-batched\",type=\"destination\"}[2s])/1048576 start:2026-08-02T22:52:00.269Z step:1]" stats="&{Timings:{EvalTotalTime:3.7125e-05 ResultSortTime:1.67e-07 QueryPreparationTime:3.25e-06 InnerEvalTime:3.2084e-05 ExecQueueTime:4.16e-07 ExecTotalTime:3.8584e-05} Samples:0x1400134a690}" spanID=0000000000000000
time=2026-08-02T15:52:39.275-07:00 level=WARN msg="Query returned multiple series, only first will be used" test=archv2-nxm-batched tool=conduit-v1 collector=conduit type=conduit collector=conduit type=conduit series-count=2
time=2026-08-02T15:52:39.276-07:00 level=DEBUG msg="Query returned data" test=archv2-nxm-batched tool=conduit-v1 collector=conduit type=conduit collector=conduit type=conduit name=msg-megabytes-out-per-second[archv2-nxm-batched] series-count=1 last-value=0.3928871154785156
time=2026-08-02T15:52:39.713-07:00 level=DEBUG msg="Inspecting container" model=container-monitor name=benchi-conduit
time=2026-08-02T15:52:40.226-07:00 level=DEBUG msg="Inspecting container" model=container-monitor name=benchi-conduit
time=2026-08-02T15:52:40.270-07:00 level=INFO msg="Test in progress" test=archv2-nxm-batched tool=conduit-v1 step=test time-left=20s
time=2026-08-02T15:52:40.270-07:00 level=DEBUG msg="promql query logged" test=archv2-nxm-batched tool=conduit-v1 collector=conduit type=conduit collector=conduit type=conduit params="map[end:2026-08-02T22:52:40.270Z query:rate(conduit_pipeline_execution_duration_seconds_count{pipeline_name=\"archv2-nxm-batched\"}[2s]) start:2026-08-02T22:52:00.269Z step:1]" stats="&{Timings:{EvalTotalTime:5.1e-05 ResultSortTime:2.92e-07 QueryPreparationTime:1.4583e-05 InnerEvalTime:3.1708e-05 ExecQueueTime:2.25e-06 ExecTotalTime:5.9458e-05} Samples:0x1400127ab10}" spanID=0000000000000000
time=2026-08-02T15:52:40.270-07:00 level=DEBUG msg="Query returned data" test=archv2-nxm-batched tool=conduit-v1 collector=conduit type=conduit collector=conduit type=conduit name=msg-rate-per-second[archv2-nxm-batched] series-count=1 last-value=14737
time=2026-08-02T15:52:40.270-07:00 level=DEBUG msg="promql query logged" test=archv2-nxm-batched tool=conduit-v1 collector=conduit type=conduit collector=conduit type=conduit params="map[end:2026-08-02T22:52:40.270Z query:rate(conduit_connector_bytes_sum{pipeline_name=\"archv2-nxm-batched\",type=\"source\"}[2s])/1048576 start:2026-08-02T22:52:00.269Z step:1]" stats="&{Timings:{EvalTotalTime:7.6208e-05 ResultSortTime:7.5e-07 QueryPreparationTime:6.959e-06 InnerEvalTime:6.4083e-05 ExecQueueTime:1.166e-06 ExecTotalTime:7.8584e-05} Samples:0x1400127b1d0}" spanID=0000000000000000
time=2026-08-02T15:52:40.270-07:00 level=WARN msg="Query returned multiple series, only first will be used" test=archv2-nxm-batched tool=conduit-v1 collector=conduit type=conduit collector=conduit type=conduit series-count=2
time=2026-08-02T15:52:40.270-07:00 level=DEBUG msg="Query returned data" test=archv2-nxm-batched tool=conduit-v1 collector=conduit type=conduit collector=conduit type=conduit name=msg-megabytes-in-per-second[archv2-nxm-batched] series-count=1 last-value=0.2086648941040039
time=2026-08-02T15:52:40.270-07:00 level=DEBUG msg="promql query logged" test=archv2-nxm-batched tool=conduit-v1 collector=conduit type=conduit collector=conduit type=conduit params="map[end:2026-08-02T22:52:40.270Z query:rate(conduit_connector_bytes_sum{pipeline_name=\"archv2-nxm-batched\",type=\"destination\"}[2s])/1048576 start:2026-08-02T22:52:00.269Z step:1]" stats="&{Timings:{EvalTotalTime:8.3958e-05 ResultSortTime:5.84e-07 QueryPreparationTime:7.25e-06 InnerEvalTime:7.2208e-05 ExecQueueTime:1.25e-06 ExecTotalTime:8.7334e-05} Samples:0x14000953860}" spanID=0000000000000000
time=2026-08-02T15:52:40.271-07:00 level=WARN msg="Query returned multiple series, only first will be used" test=archv2-nxm-batched tool=conduit-v1 collector=conduit type=conduit collector=conduit type=conduit series-count=2
time=2026-08-02T15:52:40.271-07:00 level=DEBUG msg="Query returned data" test=archv2-nxm-batched tool=conduit-v1 collector=conduit type=conduit collector=conduit type=conduit name=msg-megabytes-out-per-second[archv2-nxm-batched] series-count=1 last-value=0.4165048599243164
time=2026-08-02T15:52:40.751-07:00 level=DEBUG msg="Inspecting container" model=container-monitor name=benchi-conduit
time=2026-08-02T15:52:41.272-07:00 level=DEBUG msg="promql query logged" test=archv2-nxm-batched tool=conduit-v1 collector=conduit type=conduit collector=conduit type=conduit params="map[end:2026-08-02T22:52:41.271Z query:rate(conduit_pipeline_execution_duration_seconds_count{pipeline_name=\"archv2-nxm-batched\"}[2s]) start:2026-08-02T22:52:00.269Z step:1]" stats="&{Timings:{EvalTotalTime:5.575e-05 ResultSortTime:4.58e-07 QueryPreparationTime:1.4375e-05 InnerEvalTime:3.575e-05 ExecQueueTime:2.459e-06 ExecTotalTime:6e-05} Samples:0x14001701d40}" spanID=0000000000000000
time=2026-08-02T15:52:41.272-07:00 level=DEBUG msg="Query returned data" test=archv2-nxm-batched tool=conduit-v1 collector=conduit type=conduit collector=conduit type=conduit name=msg-rate-per-second[archv2-nxm-batched] series-count=1 last-value=13327
time=2026-08-02T15:52:41.272-07:00 level=DEBUG msg="promql query logged" test=archv2-nxm-batched tool=conduit-v1 collector=conduit type=conduit collector=conduit type=conduit params="map[end:2026-08-02T22:52:41.272Z query:rate(conduit_connector_bytes_sum{pipeline_name=\"archv2-nxm-batched\",type=\"source\"}[2s])/1048576 start:2026-08-02T22:52:00.269Z step:1]" stats="&{Timings:{EvalTotalTime:0.0001045 ResultSortTime:8.75e-07 QueryPreparationTime:8.167e-06 InnerEvalTime:9.2e-05 ExecQueueTime:1.082e-06 ExecTotalTime:0.000108875} Samples:0x1400127a4e0}" spanID=0000000000000000
time=2026-08-02T15:52:41.272-07:00 level=WARN msg="Query returned multiple series, only first will be used" test=archv2-nxm-batched tool=conduit-v1 collector=conduit type=conduit collector=conduit type=conduit series-count=2
time=2026-08-02T15:52:41.272-07:00 level=DEBUG msg="Query returned data" test=archv2-nxm-batched tool=conduit-v1 collector=conduit type=conduit collector=conduit type=conduit name=msg-megabytes-in-per-second[archv2-nxm-batched] series-count=1 last-value=0.1909046173095703
time=2026-08-02T15:52:41.272-07:00 level=DEBUG msg="promql query logged" test=archv2-nxm-batched tool=conduit-v1 collector=conduit type=conduit collector=conduit type=conduit params="map[end:2026-08-02T22:52:41.272Z query:rate(conduit_connector_bytes_sum{pipeline_name=\"archv2-nxm-batched\",type=\"destination\"}[2s])/1048576 start:2026-08-02T22:52:00.269Z step:1]" stats="&{Timings:{EvalTotalTime:8.1833e-05 ResultSortTime:5.42e-07 QueryPreparationTime:9.958e-06 InnerEvalTime:6.7375e-05 ExecQueueTime:1.167e-06 ExecTotalTime:8.4875e-05} Samples:0x1400127b860}" spanID=0000000000000000
time=2026-08-02T15:52:41.272-07:00 level=WARN msg="Query returned multiple series, only first will be used" test=archv2-nxm-batched tool=conduit-v1 collector=conduit type=conduit collector=conduit type=conduit series-count=2
time=2026-08-02T15:52:41.273-07:00 level=DEBUG msg="Query returned data" test=archv2-nxm-batched tool=conduit-v1 collector=conduit type=conduit collector=conduit type=conduit name=msg-megabytes-out-per-second[archv2-nxm-batched] series-count=1 last-value=0.37787532806396484
time=2026-08-02T15:52:41.284-07:00 level=DEBUG msg="Inspecting container" model=container-monitor name=benchi-conduit
time=2026-08-02T15:52:41.811-07:00 level=DEBUG msg="Inspecting container" model=container-monitor name=benchi-conduit
time=2026-08-02T15:52:42.270-07:00 level=DEBUG msg="promql query logged" test=archv2-nxm-batched tool=conduit-v1 collector=conduit type=conduit collector=conduit type=conduit params="map[end:2026-08-02T22:52:42.269Z query:rate(conduit_pipeline_execution_duration_seconds_count{pipeline_name=\"archv2-nxm-batched\"}[2s]) start:2026-08-02T22:52:00.269Z step:1]" stats="&{Timings:{EvalTotalTime:5.5458e-05 ResultSortTime:5e-07 QueryPreparationTime:1.5792e-05 InnerEvalTime:3.3375e-05 ExecQueueTime:2.334e-06 ExecTotalTime:6.0125e-05} Samples:0x14001594600}" spanID=0000000000000000
time=2026-08-02T15:52:42.270-07:00 level=DEBUG msg="Query returned data" test=archv2-nxm-batched tool=conduit-v1 collector=conduit type=conduit collector=conduit type=conduit name=msg-rate-per-second[archv2-nxm-batched] series-count=1 last-value=14818
time=2026-08-02T15:52:42.270-07:00 level=DEBUG msg="promql query logged" test=archv2-nxm-batched tool=conduit-v1 collector=conduit type=conduit collector=conduit type=conduit params="map[end:2026-08-02T22:52:42.270Z query:rate(conduit_connector_bytes_sum{pipeline_name=\"archv2-nxm-batched\",type=\"source\"}[2s])/1048576 start:2026-08-02T22:52:00.269Z step:1]" stats="&{Timings:{EvalTotalTime:7.6334e-05 ResultSortTime:6.67e-07 QueryPreparationTime:7.625e-06 InnerEvalTime:6.5e-05 ExecQueueTime:8.33e-07 ExecTotalTime:7.8708e-05} Samples:0x14001594cc0}" spanID=0000000000000000
time=2026-08-02T15:52:42.270-07:00 level=WARN msg="Query returned multiple series, only first will be used" test=archv2-nxm-batched tool=conduit-v1 collector=conduit type=conduit collector=conduit type=conduit series-count=2
time=2026-08-02T15:52:42.270-07:00 level=DEBUG msg="Query returned data" test=archv2-nxm-batched tool=conduit-v1 collector=conduit type=conduit collector=conduit type=conduit name=msg-megabytes-in-per-second[archv2-nxm-batched] series-count=1 last-value=0.20943069458007812
time=2026-08-02T15:52:42.270-07:00 level=DEBUG msg="promql query logged" test=archv2-nxm-batched tool=conduit-v1 collector=conduit type=conduit collector=conduit type=conduit params="map[end:2026-08-02T22:52:42.270Z query:rate(conduit_connector_bytes_sum{pipeline_name=\"archv2-nxm-batched\",type=\"destination\"}[2s])/1048576 start:2026-08-02T22:52:00.269Z step:1]" stats="&{Timings:{EvalTotalTime:5.7625e-05 ResultSortTime:5e-07 QueryPreparationTime:8.042e-06 InnerEvalTime:4.6541e-05 ExecQueueTime:1.125e-06 ExecTotalTime:6.0083e-05} Samples:0x140014f4ea0}" spanID=0000000000000000
time=2026-08-02T15:52:42.270-07:00 level=WARN msg="Query returned multiple series, only first will be used" test=archv2-nxm-batched tool=conduit-v1 collector=conduit type=conduit collector=conduit type=conduit series-count=2
time=2026-08-02T15:52:42.270-07:00 level=DEBUG msg="Query returned data" test=archv2-nxm-batched tool=conduit-v1 collector=conduit type=conduit collector=conduit type=conduit name=msg-megabytes-out-per-second[archv2-nxm-batched] series-count=1 last-value=0.4185037612915039
time=2026-08-02T15:52:42.329-07:00 level=DEBUG msg="Inspecting container" model=container-monitor name=benchi-conduit
time=2026-08-02T15:52:42.848-07:00 level=DEBUG msg="Inspecting container" model=container-monitor name=benchi-conduit
time=2026-08-02T15:52:43.270-07:00 level=DEBUG msg="promql query logged" test=archv2-nxm-batched tool=conduit-v1 collector=conduit type=conduit collector=conduit type=conduit params="map[end:2026-08-02T22:52:43.270Z query:rate(conduit_pipeline_execution_duration_seconds_count{pipeline_name=\"archv2-nxm-batched\"}[2s]) start:2026-08-02T22:52:00.269Z step:1]" stats="&{Timings:{EvalTotalTime:5.3541e-05 ResultSortTime:5e-07 QueryPreparationTime:1.45e-05 InnerEvalTime:3.375e-05 ExecQueueTime:2.291e-06 ExecTotalTime:6.2208e-05} Samples:0x14000b9a6f0}" spanID=0000000000000000
time=2026-08-02T15:52:43.270-07:00 level=DEBUG msg="Query returned data" test=archv2-nxm-batched tool=conduit-v1 collector=conduit type=conduit collector=conduit type=conduit name=msg-rate-per-second[archv2-nxm-batched] series-count=1 last-value=14176
time=2026-08-02T15:52:43.270-07:00 level=DEBUG msg="promql query logged" test=archv2-nxm-batched tool=conduit-v1 collector=conduit type=conduit collector=conduit type=conduit params="map[end:2026-08-02T22:52:43.270Z query:rate(conduit_connector_bytes_sum{pipeline_name=\"archv2-nxm-batched\",type=\"source\"}[2s])/1048576 start:2026-08-02T22:52:00.269Z step:1]" stats="&{Timings:{EvalTotalTime:7.7167e-05 ResultSortTime:7.08e-07 QueryPreparationTime:7.375e-06 InnerEvalTime:6.5958e-05 ExecQueueTime:7.5e-07 ExecTotalTime:7.95e-05} Samples:0x14000b9b6e0}" spanID=0000000000000000
time=2026-08-02T15:52:43.271-07:00 level=WARN msg="Query returned multiple series, only first will be used" test=archv2-nxm-batched tool=conduit-v1 collector=conduit type=conduit collector=conduit type=conduit series-count=2
time=2026-08-02T15:52:43.271-07:00 level=DEBUG msg="Query returned data" test=archv2-nxm-batched tool=conduit-v1 collector=conduit type=conduit collector=conduit type=conduit name=msg-megabytes-in-per-second[archv2-nxm-batched] series-count=1 last-value=0.2002420425415039
time=2026-08-02T15:52:43.271-07:00 level=DEBUG msg="promql query logged" test=archv2-nxm-batched tool=conduit-v1 collector=conduit type=conduit collector=conduit type=conduit params="map[end:2026-08-02T22:52:43.271Z query:rate(conduit_connector_bytes_sum{pipeline_name=\"archv2-nxm-batched\",type=\"destination\"}[2s])/1048576 start:2026-08-02T22:52:00.269Z step:1]" stats="&{Timings:{EvalTotalTime:8.0875e-05 ResultSortTime:7.5e-07 QueryPreparationTime:1.0083e-05 InnerEvalTime:6.6e-05 ExecQueueTime:1.208e-06 ExecTotalTime:8.5292e-05} Samples:0x14001306c60}" spanID=0000000000000000
time=2026-08-02T15:52:43.271-07:00 level=WARN msg="Query returned multiple series, only first will be used" test=archv2-nxm-batched tool=conduit-v1 collector=conduit type=conduit collector=conduit type=conduit series-count=2
time=2026-08-02T15:52:43.272-07:00 level=DEBUG msg="Query returned data" test=archv2-nxm-batched tool=conduit-v1 collector=conduit type=conduit collector=conduit type=conduit name=msg-megabytes-out-per-second[archv2-nxm-batched] series-count=1 last-value=0.40022754669189453
time=2026-08-02T15:52:43.366-07:00 level=DEBUG msg="Inspecting container" model=container-monitor name=benchi-conduit
time=2026-08-02T15:52:43.881-07:00 level=DEBUG msg="Inspecting container" model=container-monitor name=benchi-conduit
time=2026-08-02T15:52:44.270-07:00 level=DEBUG msg="promql query logged" test=archv2-nxm-batched tool=conduit-v1 collector=conduit type=conduit collector=conduit type=conduit params="map[end:2026-08-02T22:52:44.270Z query:rate(conduit_pipeline_execution_duration_seconds_count{pipeline_name=\"archv2-nxm-batched\"}[2s]) start:2026-08-02T22:52:00.269Z step:1]" stats="&{Timings:{EvalTotalTime:5.1708e-05 ResultSortTime:5e-07 QueryPreparationTime:1.4042e-05 InnerEvalTime:3.225e-05 ExecQueueTime:2.374e-06 ExecTotalTime:5.6208e-05} Samples:0x14000fdad80}" spanID=0000000000000000
time=2026-08-02T15:52:44.270-07:00 level=DEBUG msg="Query returned data" test=archv2-nxm-batched tool=conduit-v1 collector=conduit type=conduit collector=conduit type=conduit name=msg-rate-per-second[archv2-nxm-batched] series-count=1 last-value=13514
time=2026-08-02T15:52:44.270-07:00 level=DEBUG msg="promql query logged" test=archv2-nxm-batched tool=conduit-v1 collector=conduit type=conduit collector=conduit type=conduit params="map[end:2026-08-02T22:52:44.270Z query:rate(conduit_connector_bytes_sum{pipeline_name=\"archv2-nxm-batched\",type=\"source\"}[2s])/1048576 start:2026-08-02T22:52:00.269Z step:1]" stats="&{Timings:{EvalTotalTime:7.8959e-05 ResultSortTime:8.33e-07 QueryPreparationTime:6.375e-06 InnerEvalTime:6.8458e-05 ExecQueueTime:8.75e-07 ExecTotalTime:8.1417e-05} Samples:0x14000fdb4a0}" spanID=0000000000000000
time=2026-08-02T15:52:44.271-07:00 level=WARN msg="Query returned multiple series, only first will be used" test=archv2-nxm-batched tool=conduit-v1 collector=conduit type=conduit collector=conduit type=conduit series-count=2
time=2026-08-02T15:52:44.271-07:00 level=DEBUG msg="Query returned data" test=archv2-nxm-batched tool=conduit-v1 collector=conduit type=conduit collector=conduit type=conduit name=msg-megabytes-in-per-second[archv2-nxm-batched] series-count=1 last-value=0.18990421295166016
time=2026-08-02T15:52:44.271-07:00 level=DEBUG msg="promql query logged" test=archv2-nxm-batched tool=conduit-v1 collector=conduit type=conduit collector=conduit type=conduit params="map[end:2026-08-02T22:52:44.271Z query:rate(conduit_connector_bytes_sum{pipeline_name=\"archv2-nxm-batched\",type=\"destination\"}[2s])/1048576 start:2026-08-02T22:52:00.269Z step:1]" stats="&{Timings:{EvalTotalTime:8.3583e-05 ResultSortTime:4.16e-07 QueryPreparationTime:7.459e-06 InnerEvalTime:7.0542e-05 ExecQueueTime:1e-06 ExecTotalTime:8.6458e-05} Samples:0x14000927a70}" spanID=0000000000000000
time=2026-08-02T15:52:44.271-07:00 level=WARN msg="Query returned multiple series, only first will be used" test=archv2-nxm-batched tool=conduit-v1 collector=conduit type=conduit collector=conduit type=conduit series-count=2
time=2026-08-02T15:52:44.271-07:00 level=DEBUG msg="Query returned data" test=archv2-nxm-batched tool=conduit-v1 collector=conduit type=conduit collector=conduit type=conduit name=msg-megabytes-out-per-second[archv2-nxm-batched] series-count=1 last-value=0.38168907165527344
time=2026-08-02T15:52:44.426-07:00 level=DEBUG msg="Inspecting container" model=container-monitor name=benchi-conduit
time=2026-08-02T15:52:44.995-07:00 level=DEBUG msg="Inspecting container" model=container-monitor name=benchi-conduit
time=2026-08-02T15:52:45.271-07:00 level=INFO msg="Test in progress" test=archv2-nxm-batched tool=conduit-v1 step=test time-left=15s
time=2026-08-02T15:52:45.271-07:00 level=DEBUG msg="promql query logged" test=archv2-nxm-batched tool=conduit-v1 collector=conduit type=conduit collector=conduit type=conduit params="map[end:2026-08-02T22:52:45.271Z query:rate(conduit_pipeline_execution_duration_seconds_count{pipeline_name=\"archv2-nxm-batched\"}[2s]) start:2026-08-02T22:52:00.269Z step:1]" stats="&{Timings:{EvalTotalTime:4.05e-05 ResultSortTime:5e-07 QueryPreparationTime:1.1416e-05 InnerEvalTime:2.5667e-05 ExecQueueTime:1.958e-06 ExecTotalTime:4.575e-05} Samples:0x1400134b020}" spanID=0000000000000000
time=2026-08-02T15:52:45.271-07:00 level=DEBUG msg="Query returned data" test=archv2-nxm-batched tool=conduit-v1 collector=conduit type=conduit collector=conduit type=conduit name=msg-rate-per-second[archv2-nxm-batched] series-count=1 last-value=14008.982035928142
time=2026-08-02T15:52:45.271-07:00 level=DEBUG msg="promql query logged" test=archv2-nxm-batched tool=conduit-v1 collector=conduit type=conduit collector=conduit type=conduit params="map[end:2026-08-02T22:52:45.271Z query:rate(conduit_connector_bytes_sum{pipeline_name=\"archv2-nxm-batched\",type=\"source\"}[2s])/1048576 start:2026-08-02T22:52:00.269Z step:1]" stats="&{Timings:{EvalTotalTime:4.7334e-05 ResultSortTime:6.67e-07 QueryPreparationTime:3.792e-06 InnerEvalTime:4.1125e-05 ExecQueueTime:5.01e-07 ExecTotalTime:4.8666e-05} Samples:0x1400134b6e0}" spanID=0000000000000000
time=2026-08-02T15:52:45.271-07:00 level=WARN msg="Query returned multiple series, only first will be used" test=archv2-nxm-batched tool=conduit-v1 collector=conduit type=conduit collector=conduit type=conduit series-count=2
time=2026-08-02T15:52:45.271-07:00 level=DEBUG msg="Query returned data" test=archv2-nxm-batched tool=conduit-v1 collector=conduit type=conduit collector=conduit type=conduit name=msg-megabytes-in-per-second[archv2-nxm-batched] series-count=1 last-value=0.20173733343859154
time=2026-08-02T15:52:45.271-07:00 level=DEBUG msg="promql query logged" test=archv2-nxm-batched tool=conduit-v1 collector=conduit type=conduit collector=conduit type=conduit params="map[end:2026-08-02T22:52:45.271Z query:rate(conduit_connector_bytes_sum{pipeline_name=\"archv2-nxm-batched\",type=\"destination\"}[2s])/1048576 start:2026-08-02T22:52:00.269Z step:1]" stats="&{Timings:{EvalTotalTime:4.0042e-05 ResultSortTime:1.66e-07 QueryPreparationTime:3.291e-06 InnerEvalTime:3.5083e-05 ExecQueueTime:4.58e-07 ExecTotalTime:4.1083e-05} Samples:0x1400134bda0}" spanID=0000000000000000
time=2026-08-02T15:52:45.271-07:00 level=WARN msg="Query returned multiple series, only first will be used" test=archv2-nxm-batched tool=conduit-v1 collector=conduit type=conduit collector=conduit type=conduit series-count=2
time=2026-08-02T15:52:45.271-07:00 level=DEBUG msg="Query returned data" test=archv2-nxm-batched tool=conduit-v1 collector=conduit type=conduit collector=conduit type=conduit name=msg-megabytes-out-per-second[archv2-nxm-batched] series-count=1 last-value=0.3963820710629522
time=2026-08-02T15:52:45.516-07:00 level=DEBUG msg="Inspecting container" model=container-monitor name=benchi-conduit
time=2026-08-02T15:52:46.028-07:00 level=DEBUG msg="Inspecting container" model=container-monitor name=benchi-conduit
time=2026-08-02T15:52:46.272-07:00 level=DEBUG msg="promql query logged" test=archv2-nxm-batched tool=conduit-v1 collector=conduit type=conduit collector=conduit type=conduit params="map[end:2026-08-02T22:52:46.271Z query:rate(conduit_pipeline_execution_duration_seconds_count{pipeline_name=\"archv2-nxm-batched\"}[2s]) start:2026-08-02T22:52:00.269Z step:1]" stats="&{Timings:{EvalTotalTime:0.000174209 ResultSortTime:1e-06 QueryPreparationTime:3.6083e-05 InnerEvalTime:7.8959e-05 ExecQueueTime:5.834e-06 ExecTotalTime:0.000186958} Samples:0x140012d7710}" spanID=0000000000000000
time=2026-08-02T15:52:46.272-07:00 level=DEBUG msg="Query returned data" test=archv2-nxm-batched tool=conduit-v1 collector=conduit type=conduit collector=conduit type=conduit name=msg-rate-per-second[archv2-nxm-batched] series-count=1 last-value=14411.823647294588
time=2026-08-02T15:52:46.272-07:00 level=DEBUG msg="promql query logged" test=archv2-nxm-batched tool=conduit-v1 collector=conduit type=conduit collector=conduit type=conduit params="map[end:2026-08-02T22:52:46.272Z query:rate(conduit_connector_bytes_sum{pipeline_name=\"archv2-nxm-batched\",type=\"source\"}[2s])/1048576 start:2026-08-02T22:52:00.269Z step:1]" stats="&{Timings:{EvalTotalTime:0.000282875 ResultSortTime:0.00013675 QueryPreparationTime:2.325e-05 InnerEvalTime:0.000114958 ExecQueueTime:2.583e-06 ExecTotalTime:0.000289542} Samples:0x140012d7dd0}" spanID=0000000000000000
time=2026-08-02T15:52:46.275-07:00 level=WARN msg="Query returned multiple series, only first will be used" test=archv2-nxm-batched tool=conduit-v1 collector=conduit type=conduit collector=conduit type=conduit series-count=2
time=2026-08-02T15:52:46.275-07:00 level=DEBUG msg="Query returned data" test=archv2-nxm-batched tool=conduit-v1 collector=conduit type=conduit collector=conduit type=conduit name=msg-megabytes-in-per-second[archv2-nxm-batched] series-count=1 last-value=0.2029873804004493
time=2026-08-02T15:52:46.275-07:00 level=DEBUG msg="promql query logged" test=archv2-nxm-batched tool=conduit-v1 collector=conduit type=conduit collector=conduit type=conduit params="map[end:2026-08-02T22:52:46.275Z query:rate(conduit_connector_bytes_sum{pipeline_name=\"archv2-nxm-batched\",type=\"destination\"}[2s])/1048576 start:2026-08-02T22:52:00.269Z step:1]" stats="&{Timings:{EvalTotalTime:0.000142 ResultSortTime:1.125e-06 QueryPreparationTime:2.0916e-05 InnerEvalTime:0.000112333 ExecQueueTime:3.333e-06 ExecTotalTime:0.000148708} Samples:0x14001382210}" spanID=0000000000000000
time=2026-08-02T15:52:46.275-07:00 level=WARN msg="Query returned multiple series, only first will be used" test=archv2-nxm-batched tool=conduit-v1 collector=conduit type=conduit collector=conduit type=conduit series-count=2
time=2026-08-02T15:52:46.275-07:00 level=DEBUG msg="Query returned data" test=archv2-nxm-batched tool=conduit-v1 collector=conduit type=conduit collector=conduit type=conduit name=msg-megabytes-out-per-second[archv2-nxm-batched] series-count=1 last-value=0.407385204980273
time=2026-08-02T15:52:46.555-07:00 level=DEBUG msg="Inspecting container" model=container-monitor name=benchi-conduit
time=2026-08-02T15:52:47.064-07:00 level=DEBUG msg="Inspecting container" model=container-monitor name=benchi-conduit
time=2026-08-02T15:52:47.270-07:00 level=DEBUG msg="promql query logged" test=archv2-nxm-batched tool=conduit-v1 collector=conduit type=conduit collector=conduit type=conduit params="map[end:2026-08-02T22:52:47.270Z query:rate(conduit_pipeline_execution_duration_seconds_count{pipeline_name=\"archv2-nxm-batched\"}[2s]) start:2026-08-02T22:52:00.269Z step:1]" stats="&{Timings:{EvalTotalTime:5.5084e-05 ResultSortTime:2.5e-07 QueryPreparationTime:1.475e-05 InnerEvalTime:3.5166e-05 ExecQueueTime:2.25e-06 ExecTotalTime:5.9375e-05} Samples:0x14001133350}" spanID=0000000000000000
time=2026-08-02T15:52:47.270-07:00 level=DEBUG msg="Query returned data" test=archv2-nxm-batched tool=conduit-v1 collector=conduit type=conduit collector=conduit type=conduit name=msg-rate-per-second[archv2-nxm-batched] series-count=1 last-value=14743.512974051895
time=2026-08-02T15:52:47.270-07:00 level=DEBUG msg="promql query logged" test=archv2-nxm-batched tool=conduit-v1 collector=conduit type=conduit collector=conduit type=conduit params="map[end:2026-08-02T22:52:47.270Z query:rate(conduit_connector_bytes_sum{pipeline_name=\"archv2-nxm-batched\",type=\"source\"}[2s])/1048576 start:2026-08-02T22:52:00.269Z step:1]" stats="&{Timings:{EvalTotalTime:0.000118542 ResultSortTime:8.34e-07 QueryPreparationTime:8.75e-06 InnerEvalTime:0.000101375 ExecQueueTime:1.124e-06 ExecTotalTime:0.000121959} Samples:0x14001133a10}" spanID=0000000000000000
time=2026-08-02T15:52:47.270-07:00 level=WARN msg="Query returned multiple series, only first will be used" test=archv2-nxm-batched tool=conduit-v1 collector=conduit type=conduit collector=conduit type=conduit series-count=2
time=2026-08-02T15:52:47.270-07:00 level=DEBUG msg="Query returned data" test=archv2-nxm-batched tool=conduit-v1 collector=conduit type=conduit collector=conduit type=conduit name=msg-megabytes-in-per-second[archv2-nxm-batched] series-count=1 last-value=0.21133974878611916
time=2026-08-02T15:52:47.270-07:00 level=DEBUG msg="promql query logged" test=archv2-nxm-batched tool=conduit-v1 collector=conduit type=conduit collector=conduit type=conduit params="map[end:2026-08-02T22:52:47.270Z query:rate(conduit_connector_bytes_sum{pipeline_name=\"archv2-nxm-batched\",type=\"destination\"}[2s])/1048576 start:2026-08-02T22:52:00.269Z step:1]" stats="&{Timings:{EvalTotalTime:9.1667e-05 ResultSortTime:5.83e-07 QueryPreparationTime:8.292e-06 InnerEvalTime:7.8875e-05 ExecQueueTime:1.125e-06 ExecTotalTime:9.5042e-05} Samples:0x14001152e10}" spanID=0000000000000000
time=2026-08-02T15:52:47.271-07:00 level=WARN msg="Query returned multiple series, only first will be used" test=archv2-nxm-batched tool=conduit-v1 collector=conduit type=conduit collector=conduit type=conduit series-count=2
time=2026-08-02T15:52:47.271-07:00 level=DEBUG msg="Query returned data" test=archv2-nxm-batched tool=conduit-v1 collector=conduit type=conduit collector=conduit type=conduit name=msg-megabytes-out-per-second[archv2-nxm-batched] series-count=1 last-value=0.4171915872844155
time=2026-08-02T15:52:47.581-07:00 level=DEBUG msg="Inspecting container" model=container-monitor name=benchi-conduit
time=2026-08-02T15:52:48.095-07:00 level=DEBUG msg="Inspecting container" model=container-monitor name=benchi-conduit
time=2026-08-02T15:52:48.270-07:00 level=DEBUG msg="promql query logged" test=archv2-nxm-batched tool=conduit-v1 collector=conduit type=conduit collector=conduit type=conduit params="map[end:2026-08-02T22:52:48.269Z query:rate(conduit_pipeline_execution_duration_seconds_count{pipeline_name=\"archv2-nxm-batched\"}[2s]) start:2026-08-02T22:52:00.269Z step:1]" stats="&{Timings:{EvalTotalTime:6.6167e-05 ResultSortTime:4.17e-07 QueryPreparationTime:1.7084e-05 InnerEvalTime:4.3291e-05 ExecQueueTime:2.708e-06 ExecTotalTime:7.2125e-05} Samples:0x140011620f0}" spanID=0000000000000000
time=2026-08-02T15:52:48.270-07:00 level=DEBUG msg="Query returned data" test=archv2-nxm-batched tool=conduit-v1 collector=conduit type=conduit collector=conduit type=conduit name=msg-rate-per-second[archv2-nxm-batched] series-count=1 last-value=13910.821643286572
time=2026-08-02T15:52:48.270-07:00 level=DEBUG msg="promql query logged" test=archv2-nxm-batched tool=conduit-v1 collector=conduit type=conduit collector=conduit type=conduit params="map[end:2026-08-02T22:52:48.270Z query:rate(conduit_connector_bytes_sum{pipeline_name=\"archv2-nxm-batched\",type=\"source\"}[2s])/1048576 start:2026-08-02T22:52:00.269Z step:1]" stats="&{Timings:{EvalTotalTime:9.4958e-05 ResultSortTime:7.91e-07 QueryPreparationTime:9.25e-06 InnerEvalTime:8.0584e-05 ExecQueueTime:1.041e-06 ExecTotalTime:9.9625e-05} Samples:0x140011627b0}" spanID=0000000000000000
time=2026-08-02T15:52:48.270-07:00 level=WARN msg="Query returned multiple series, only first will be used" test=archv2-nxm-batched tool=conduit-v1 collector=conduit type=conduit collector=conduit type=conduit series-count=2
time=2026-08-02T15:52:48.270-07:00 level=DEBUG msg="Query returned data" test=archv2-nxm-batched tool=conduit-v1 collector=conduit type=conduit collector=conduit type=conduit name=msg-megabytes-in-per-second[archv2-nxm-batched] series-count=1 last-value=0.20166580567140138
time=2026-08-02T15:52:48.270-07:00 level=DEBUG msg="promql query logged" test=archv2-nxm-batched tool=conduit-v1 collector=conduit type=conduit collector=conduit type=conduit params="map[end:2026-08-02T22:52:48.270Z query:rate(conduit_connector_bytes_sum{pipeline_name=\"archv2-nxm-batched\",type=\"destination\"}[2s])/1048576 start:2026-08-02T22:52:00.269Z step:1]" stats="&{Timings:{EvalTotalTime:9.825e-05 ResultSortTime:6.25e-07 QueryPreparationTime:1.0458e-05 InnerEvalTime:8.2916e-05 ExecQueueTime:1.667e-06 ExecTotalTime:0.000101666} Samples:0x140014a6c00}" spanID=0000000000000000
time=2026-08-02T15:52:48.271-07:00 level=WARN msg="Query returned multiple series, only first will be used" test=archv2-nxm-batched tool=conduit-v1 collector=conduit type=conduit collector=conduit type=conduit series-count=2
time=2026-08-02T15:52:48.271-07:00 level=DEBUG msg="Query returned data" test=archv2-nxm-batched tool=conduit-v1 collector=conduit type=conduit collector=conduit type=conduit name=msg-megabytes-out-per-second[archv2-nxm-batched] series-count=1 last-value=0.3928325935929476
time=2026-08-02T15:52:48.626-07:00 level=DEBUG msg="Inspecting container" model=container-monitor name=benchi-conduit
time=2026-08-02T15:52:49.161-07:00 level=DEBUG msg="Inspecting container" model=container-monitor name=benchi-conduit
time=2026-08-02T15:52:49.270-07:00 level=DEBUG msg="promql query logged" test=archv2-nxm-batched tool=conduit-v1 collector=conduit type=conduit collector=conduit type=conduit params="map[end:2026-08-02T22:52:49.270Z query:rate(conduit_pipeline_execution_duration_seconds_count{pipeline_name=\"archv2-nxm-batched\"}[2s]) start:2026-08-02T22:52:00.269Z step:1]" stats="&{Timings:{EvalTotalTime:0.000170292 ResultSortTime:4.17e-07 QueryPreparationTime:1.8375e-05 InnerEvalTime:0.000144458 ExecQueueTime:2.751e-06 ExecTotalTime:0.000176125} Samples:0x14001621560}" spanID=0000000000000000
time=2026-08-02T15:52:49.270-07:00 level=DEBUG msg="Query returned data" test=archv2-nxm-batched tool=conduit-v1 collector=conduit type=conduit collector=conduit type=conduit name=msg-rate-per-second[archv2-nxm-batched] series-count=1 last-value=10705
time=2026-08-02T15:52:49.271-07:00 level=DEBUG msg="promql query logged" test=archv2-nxm-batched tool=conduit-v1 collector=conduit type=conduit collector=conduit type=conduit params="map[end:2026-08-02T22:52:49.270Z query:rate(conduit_connector_bytes_sum{pipeline_name=\"archv2-nxm-batched\",type=\"source\"}[2s])/1048576 start:2026-08-02T22:52:00.269Z step:1]" stats="&{Timings:{EvalTotalTime:0.000166125 ResultSortTime:9.17e-07 QueryPreparationTime:9.916e-06 InnerEvalTime:0.000149333 ExecQueueTime:1.5e-06 ExecTotalTime:0.000170041} Samples:0x14001621c20}" spanID=0000000000000000
time=2026-08-02T15:52:49.271-07:00 level=WARN msg="Query returned multiple series, only first will be used" test=archv2-nxm-batched tool=conduit-v1 collector=conduit type=conduit collector=conduit type=conduit series-count=2
time=2026-08-02T15:52:49.271-07:00 level=DEBUG msg="Query returned data" test=archv2-nxm-batched tool=conduit-v1 collector=conduit type=conduit collector=conduit type=conduit name=msg-megabytes-in-per-second[archv2-nxm-batched] series-count=1 last-value=0.15642261505126953
time=2026-08-02T15:52:49.271-07:00 level=DEBUG msg="promql query logged" test=archv2-nxm-batched tool=conduit-v1 collector=conduit type=conduit collector=conduit type=conduit params="map[end:2026-08-02T22:52:49.271Z query:rate(conduit_connector_bytes_sum{pipeline_name=\"archv2-nxm-batched\",type=\"destination\"}[2s])/1048576 start:2026-08-02T22:52:00.269Z step:1]" stats="&{Timings:{EvalTotalTime:9.125e-05 ResultSortTime:8.34e-07 QueryPreparationTime:1.0833e-05 InnerEvalTime:7.5708e-05 ExecQueueTime:1.042e-06 ExecTotalTime:9.4166e-05} Samples:0x14001643080}" spanID=0000000000000000
time=2026-08-02T15:52:49.271-07:00 level=WARN msg="Query returned multiple series, only first will be used" test=archv2-nxm-batched tool=conduit-v1 collector=conduit type=conduit collector=conduit type=conduit series-count=2
time=2026-08-02T15:52:49.272-07:00 level=DEBUG msg="Query returned data" test=archv2-nxm-batched tool=conduit-v1 collector=conduit type=conduit collector=conduit type=conduit name=msg-megabytes-out-per-second[archv2-nxm-batched] series-count=1 last-value=0.3022651672363281
time=2026-08-02T15:52:49.674-07:00 level=DEBUG msg="Inspecting container" model=container-monitor name=benchi-conduit
time=2026-08-02T15:52:50.225-07:00 level=DEBUG msg="Inspecting container" model=container-monitor name=benchi-conduit
time=2026-08-02T15:52:50.270-07:00 level=DEBUG msg="promql query logged" test=archv2-nxm-batched tool=conduit-v1 collector=conduit type=conduit collector=conduit type=conduit params="map[end:2026-08-02T22:52:50.270Z query:rate(conduit_pipeline_execution_duration_seconds_count{pipeline_name=\"archv2-nxm-batched\"}[2s]) start:2026-08-02T22:52:00.269Z step:1]" stats="&{Timings:{EvalTotalTime:5.7083e-05 ResultSortTime:4.16e-07 QueryPreparationTime:1.5292e-05 InnerEvalTime:3.6625e-05 ExecQueueTime:2.251e-06 ExecTotalTime:6.1833e-05} Samples:0x140016b8e40}" spanID=0000000000000000
time=2026-08-02T15:52:50.271-07:00 level=DEBUG msg="Query returned data" test=archv2-nxm-batched tool=conduit-v1 collector=conduit type=conduit collector=conduit type=conduit name=msg-rate-per-second[archv2-nxm-batched] series-count=1 last-value=12406
time=2026-08-02T15:52:50.271-07:00 level=INFO msg="Test in progress" test=archv2-nxm-batched tool=conduit-v1 step=test time-left=10s
time=2026-08-02T15:52:50.271-07:00 level=DEBUG msg="promql query logged" test=archv2-nxm-batched tool=conduit-v1 collector=conduit type=conduit collector=conduit type=conduit params="map[end:2026-08-02T22:52:50.271Z query:rate(conduit_connector_bytes_sum{pipeline_name=\"archv2-nxm-batched\",type=\"source\"}[2s])/1048576 start:2026-08-02T22:52:00.269Z step:1]" stats="&{Timings:{EvalTotalTime:6.5167e-05 ResultSortTime:7.5e-07 QueryPreparationTime:1.0166e-05 InnerEvalTime:5.1625e-05 ExecQueueTime:1.541e-06 ExecTotalTime:6.7833e-05} Samples:0x140016b9500}" spanID=0000000000000000
time=2026-08-02T15:52:50.271-07:00 level=WARN msg="Query returned multiple series, only first will be used" test=archv2-nxm-batched tool=conduit-v1 collector=conduit type=conduit collector=conduit type=conduit series-count=2
time=2026-08-02T15:52:50.271-07:00 level=DEBUG msg="Query returned data" test=archv2-nxm-batched tool=conduit-v1 collector=conduit type=conduit collector=conduit type=conduit name=msg-megabytes-in-per-second[archv2-nxm-batched] series-count=1 last-value=0.1834392547607422
time=2026-08-02T15:52:50.271-07:00 level=DEBUG msg="promql query logged" test=archv2-nxm-batched tool=conduit-v1 collector=conduit type=conduit collector=conduit type=conduit params="map[end:2026-08-02T22:52:50.271Z query:rate(conduit_connector_bytes_sum{pipeline_name=\"archv2-nxm-batched\",type=\"destination\"}[2s])/1048576 start:2026-08-02T22:52:00.269Z step:1]" stats="&{Timings:{EvalTotalTime:4.3125e-05 ResultSortTime:2.09e-07 QueryPreparationTime:3.209e-06 InnerEvalTime:3.8083e-05 ExecQueueTime:5e-07 ExecTotalTime:4.4458e-05} Samples:0x140016b9bc0}" spanID=0000000000000000
time=2026-08-02T15:52:50.271-07:00 level=WARN msg="Query returned multiple series, only first will be used" test=archv2-nxm-batched tool=conduit-v1 collector=conduit type=conduit collector=conduit type=conduit series-count=2
time=2026-08-02T15:52:50.271-07:00 level=DEBUG msg="Query returned data" test=archv2-nxm-batched tool=conduit-v1 collector=conduit type=conduit collector=conduit type=conduit name=msg-megabytes-out-per-second[archv2-nxm-batched] series-count=1 last-value=0.3509941101074219
time=2026-08-02T15:52:50.764-07:00 level=DEBUG msg="Inspecting container" model=container-monitor name=benchi-conduit
time=2026-08-02T15:52:51.271-07:00 level=DEBUG msg="promql query logged" test=archv2-nxm-batched tool=conduit-v1 collector=conduit type=conduit collector=conduit type=conduit params="map[end:2026-08-02T22:52:51.271Z query:rate(conduit_pipeline_execution_duration_seconds_count{pipeline_name=\"archv2-nxm-batched\"}[2s]) start:2026-08-02T22:52:00.269Z step:1]" stats="&{Timings:{EvalTotalTime:7.0292e-05 ResultSortTime:3.75e-07 QueryPreparationTime:1.3792e-05 InnerEvalTime:3.3875e-05 ExecQueueTime:2.499e-06 ExecTotalTime:7.4958e-05} Samples:0x14001816c00}" spanID=0000000000000000
time=2026-08-02T15:52:51.271-07:00 level=DEBUG msg="Query returned data" test=archv2-nxm-batched tool=conduit-v1 collector=conduit type=conduit collector=conduit type=conduit name=msg-rate-per-second[archv2-nxm-batched] series-count=1 last-value=11211
time=2026-08-02T15:52:51.271-07:00 level=DEBUG msg="promql query logged" test=archv2-nxm-batched tool=conduit-v1 collector=conduit type=conduit collector=conduit type=conduit params="map[end:2026-08-02T22:52:51.271Z query:rate(conduit_connector_bytes_sum{pipeline_name=\"archv2-nxm-batched\",type=\"source\"}[2s])/1048576 start:2026-08-02T22:52:00.269Z step:1]" stats="&{Timings:{EvalTotalTime:9.4625e-05 ResultSortTime:7.92e-07 QueryPreparationTime:6.541e-06 InnerEvalTime:8.4125e-05 ExecQueueTime:8.76e-07 ExecTotalTime:9.6958e-05} Samples:0x140018172c0}" spanID=0000000000000000
time=2026-08-02T15:52:51.272-07:00 level=WARN msg="Query returned multiple series, only first will be used" test=archv2-nxm-batched tool=conduit-v1 collector=conduit type=conduit collector=conduit type=conduit series-count=2
time=2026-08-02T15:52:51.272-07:00 level=DEBUG msg="Query returned data" test=archv2-nxm-batched tool=conduit-v1 collector=conduit type=conduit collector=conduit type=conduit name=msg-megabytes-in-per-second[archv2-nxm-batched] series-count=1 last-value=0.1679525375366211
time=2026-08-02T15:52:51.272-07:00 level=DEBUG msg="promql query logged" test=archv2-nxm-batched tool=conduit-v1 collector=conduit type=conduit collector=conduit type=conduit params="map[end:2026-08-02T22:52:51.272Z query:rate(conduit_connector_bytes_sum{pipeline_name=\"archv2-nxm-batched\",type=\"destination\"}[2s])/1048576 start:2026-08-02T22:52:00.269Z step:1]" stats="&{Timings:{EvalTotalTime:9.0792e-05 ResultSortTime:6.67e-07 QueryPreparationTime:7.084e-06 InnerEvalTime:7.725e-05 ExecQueueTime:8.33e-07 ExecTotalTime:9.3292e-05} Samples:0x14001817bc0}" spanID=0000000000000000
time=2026-08-02T15:52:51.272-07:00 level=WARN msg="Query returned multiple series, only first will be used" test=archv2-nxm-batched tool=conduit-v1 collector=conduit type=conduit collector=conduit type=conduit series-count=2
time=2026-08-02T15:52:51.272-07:00 level=DEBUG msg="Query returned data" test=archv2-nxm-batched tool=conduit-v1 collector=conduit type=conduit collector=conduit type=conduit name=msg-megabytes-out-per-second[archv2-nxm-batched] series-count=1 last-value=0.3174152374267578
time=2026-08-02T15:52:51.285-07:00 level=DEBUG msg="Inspecting container" model=container-monitor name=benchi-conduit
time=2026-08-02T15:52:51.803-07:00 level=DEBUG msg="Inspecting container" model=container-monitor name=benchi-conduit
time=2026-08-02T15:52:52.271-07:00 level=DEBUG msg="promql query logged" test=archv2-nxm-batched tool=conduit-v1 collector=conduit type=conduit collector=conduit type=conduit params="map[end:2026-08-02T22:52:52.271Z query:rate(conduit_pipeline_execution_duration_seconds_count{pipeline_name=\"archv2-nxm-batched\"}[2s]) start:2026-08-02T22:52:00.269Z step:1]" stats="&{Timings:{EvalTotalTime:6.6083e-05 ResultSortTime:4.58e-07 QueryPreparationTime:1.8e-05 InnerEvalTime:4.2875e-05 ExecQueueTime:2.25e-06 ExecTotalTime:7.1208e-05} Samples:0x14001700510}" spanID=0000000000000000
time=2026-08-02T15:52:52.271-07:00 level=DEBUG msg="Query returned data" test=archv2-nxm-batched tool=conduit-v1 collector=conduit type=conduit collector=conduit type=conduit name=msg-rate-per-second[archv2-nxm-batched] series-count=1 last-value=14514
time=2026-08-02T15:52:52.271-07:00 level=DEBUG msg="promql query logged" test=archv2-nxm-batched tool=conduit-v1 collector=conduit type=conduit collector=conduit type=conduit params="map[end:2026-08-02T22:52:52.271Z query:rate(conduit_connector_bytes_sum{pipeline_name=\"archv2-nxm-batched\",type=\"source\"}[2s])/1048576 start:2026-08-02T22:52:00.269Z step:1]" stats="&{Timings:{EvalTotalTime:0.00018775 ResultSortTime:1.25e-06 QueryPreparationTime:1.6916e-05 InnerEvalTime:0.000163833 ExecQueueTime:1.001e-06 ExecTotalTime:0.000191542} Samples:0x14001700c30}" spanID=0000000000000000
time=2026-08-02T15:52:52.271-07:00 level=WARN msg="Query returned multiple series, only first will be used" test=archv2-nxm-batched tool=conduit-v1 collector=conduit type=conduit collector=conduit type=conduit series-count=2
time=2026-08-02T15:52:52.272-07:00 level=DEBUG msg="Query returned data" test=archv2-nxm-batched tool=conduit-v1 collector=conduit type=conduit collector=conduit type=conduit name=msg-megabytes-in-per-second[archv2-nxm-batched] series-count=1 last-value=0.20647335052490234
time=2026-08-02T15:52:52.272-07:00 level=DEBUG msg="promql query logged" test=archv2-nxm-batched tool=conduit-v1 collector=conduit type=conduit collector=conduit type=conduit params="map[end:2026-08-02T22:52:52.272Z query:rate(conduit_connector_bytes_sum{pipeline_name=\"archv2-nxm-batched\",type=\"destination\"}[2s])/1048576 start:2026-08-02T22:52:00.269Z step:1]" stats="&{Timings:{EvalTotalTime:9.3625e-05 ResultSortTime:6.25e-07 QueryPreparationTime:8.917e-06 InnerEvalTime:8.0167e-05 ExecQueueTime:1.333e-06 ExecTotalTime:9.725e-05} Samples:0x140010ba3c0}" spanID=0000000000000000
time=2026-08-02T15:52:52.272-07:00 level=WARN msg="Query returned multiple series, only first will be used" test=archv2-nxm-batched tool=conduit-v1 collector=conduit type=conduit collector=conduit type=conduit series-count=2
time=2026-08-02T15:52:52.272-07:00 level=DEBUG msg="Query returned data" test=archv2-nxm-batched tool=conduit-v1 collector=conduit type=conduit collector=conduit type=conduit name=msg-megabytes-out-per-second[archv2-nxm-batched] series-count=1 last-value=0.41014862060546875
time=2026-08-02T15:52:52.342-07:00 level=DEBUG msg="Inspecting container" model=container-monitor name=benchi-conduit
time=2026-08-02T15:52:52.856-07:00 level=DEBUG msg="Inspecting container" model=container-monitor name=benchi-conduit
time=2026-08-02T15:52:53.273-07:00 level=DEBUG msg="promql query logged" test=archv2-nxm-batched tool=conduit-v1 collector=conduit type=conduit collector=conduit type=conduit params="map[end:2026-08-02T22:52:53.272Z query:rate(conduit_pipeline_execution_duration_seconds_count{pipeline_name=\"archv2-nxm-batched\"}[2s]) start:2026-08-02T22:52:00.269Z step:1]" stats="&{Timings:{EvalTotalTime:6.1375e-05 ResultSortTime:4.16e-07 QueryPreparationTime:1.7125e-05 InnerEvalTime:3.8166e-05 ExecQueueTime:2.707e-06 ExecTotalTime:6.7084e-05} Samples:0x14000b9bb90}" spanID=0000000000000000
time=2026-08-02T15:52:53.273-07:00 level=DEBUG msg="Query returned data" test=archv2-nxm-batched tool=conduit-v1 collector=conduit type=conduit collector=conduit type=conduit name=msg-rate-per-second[archv2-nxm-batched] series-count=1 last-value=13765
time=2026-08-02T15:52:53.273-07:00 level=DEBUG msg="promql query logged" test=archv2-nxm-batched tool=conduit-v1 collector=conduit type=conduit collector=conduit type=conduit params="map[end:2026-08-02T22:52:53.273Z query:rate(conduit_connector_bytes_sum{pipeline_name=\"archv2-nxm-batched\",type=\"source\"}[2s])/1048576 start:2026-08-02T22:52:00.269Z step:1]" stats="&{Timings:{EvalTotalTime:0.000100583 ResultSortTime:8.75e-07 QueryPreparationTime:8.667e-06 InnerEvalTime:8.7167e-05 ExecQueueTime:1.166e-06 ExecTotalTime:0.000105375} Samples:0x140010aabd0}" spanID=0000000000000000
time=2026-08-02T15:52:53.273-07:00 level=WARN msg="Query returned multiple series, only first will be used" test=archv2-nxm-batched tool=conduit-v1 collector=conduit type=conduit collector=conduit type=conduit series-count=2
time=2026-08-02T15:52:53.273-07:00 level=DEBUG msg="Query returned data" test=archv2-nxm-batched tool=conduit-v1 collector=conduit type=conduit collector=conduit type=conduit name=msg-megabytes-in-per-second[archv2-nxm-batched] series-count=1 last-value=0.19559001922607422
time=2026-08-02T15:52:53.273-07:00 level=DEBUG msg="promql query logged" test=archv2-nxm-batched tool=conduit-v1 collector=conduit type=conduit collector=conduit type=conduit params="map[end:2026-08-02T22:52:53.273Z query:rate(conduit_connector_bytes_sum{pipeline_name=\"archv2-nxm-batched\",type=\"destination\"}[2s])/1048576 start:2026-08-02T22:52:00.269Z step:1]" stats="&{Timings:{EvalTotalTime:0.00010825 ResultSortTime:9.58e-07 QueryPreparationTime:1.1542e-05 InnerEvalTime:9.0959e-05 ExecQueueTime:1.459e-06 ExecTotalTime:0.000112333} Samples:0x14000f80f30}" spanID=0000000000000000
time=2026-08-02T15:52:53.273-07:00 level=WARN msg="Query returned multiple series, only first will be used" test=archv2-nxm-batched tool=conduit-v1 collector=conduit type=conduit collector=conduit type=conduit series-count=2
time=2026-08-02T15:52:53.274-07:00 level=DEBUG msg="Query returned data" test=archv2-nxm-batched tool=conduit-v1 collector=conduit type=conduit collector=conduit type=conduit name=msg-megabytes-out-per-second[archv2-nxm-batched] series-count=1 last-value=0.3889923095703125
time=2026-08-02T15:52:53.373-07:00 level=DEBUG msg="Inspecting container" model=container-monitor name=benchi-conduit
time=2026-08-02T15:52:53.899-07:00 level=DEBUG msg="Inspecting container" model=container-monitor name=benchi-conduit
time=2026-08-02T15:52:54.270-07:00 level=DEBUG msg="promql query logged" test=archv2-nxm-batched tool=conduit-v1 collector=conduit type=conduit collector=conduit type=conduit params="map[end:2026-08-02T22:52:54.270Z query:rate(conduit_pipeline_execution_duration_seconds_count{pipeline_name=\"archv2-nxm-batched\"}[2s]) start:2026-08-02T22:52:00.269Z step:1]" stats="&{Timings:{EvalTotalTime:7.5208e-05 ResultSortTime:7.5e-07 QueryPreparationTime:2.0459e-05 InnerEvalTime:4.825e-05 ExecQueueTime:2.959e-06 ExecTotalTime:8.125e-05} Samples:0x14000926900}" spanID=0000000000000000
time=2026-08-02T15:52:54.271-07:00 level=DEBUG msg="Query returned data" test=archv2-nxm-batched tool=conduit-v1 collector=conduit type=conduit collector=conduit type=conduit name=msg-rate-per-second[archv2-nxm-batched] series-count=1 last-value=13188
time=2026-08-02T15:52:54.271-07:00 level=DEBUG msg="promql query logged" test=archv2-nxm-batched tool=conduit-v1 collector=conduit type=conduit collector=conduit type=conduit params="map[end:2026-08-02T22:52:54.271Z query:rate(conduit_connector_bytes_sum{pipeline_name=\"archv2-nxm-batched\",type=\"source\"}[2s])/1048576 start:2026-08-02T22:52:00.269Z step:1]" stats="&{Timings:{EvalTotalTime:0.000102292 ResultSortTime:1.041e-06 QueryPreparationTime:9.334e-06 InnerEvalTime:8.5833e-05 ExecQueueTime:1.125e-06 ExecTotalTime:0.000105209} Samples:0x14000926fc0}" spanID=0000000000000000
time=2026-08-02T15:52:54.271-07:00 level=WARN msg="Query returned multiple series, only first will be used" test=archv2-nxm-batched tool=conduit-v1 collector=conduit type=conduit collector=conduit type=conduit series-count=2
time=2026-08-02T15:52:54.271-07:00 level=DEBUG msg="Query returned data" test=archv2-nxm-batched tool=conduit-v1 collector=conduit type=conduit collector=conduit type=conduit name=msg-megabytes-in-per-second[archv2-nxm-batched] series-count=1 last-value=0.1858539581298828
time=2026-08-02T15:52:54.271-07:00 level=DEBUG msg="promql query logged" test=archv2-nxm-batched tool=conduit-v1 collector=conduit type=conduit collector=conduit type=conduit params="map[end:2026-08-02T22:52:54.271Z query:rate(conduit_connector_bytes_sum{pipeline_name=\"archv2-nxm-batched\",type=\"destination\"}[2s])/1048576 start:2026-08-02T22:52:00.269Z step:1]" stats="&{Timings:{EvalTotalTime:0.000104416 ResultSortTime:8.75e-07 QueryPreparationTime:1.0834e-05 InnerEvalTime:8.9083e-05 ExecQueueTime:1.292e-06 ExecTotalTime:0.000108042} Samples:0x14001023f20}" spanID=0000000000000000
time=2026-08-02T15:52:54.271-07:00 level=WARN msg="Query returned multiple series, only first will be used" test=archv2-nxm-batched tool=conduit-v1 collector=conduit type=conduit collector=conduit type=conduit series-count=2
time=2026-08-02T15:52:54.271-07:00 level=DEBUG msg="Query returned data" test=archv2-nxm-batched tool=conduit-v1 collector=conduit type=conduit collector=conduit type=conduit name=msg-megabytes-out-per-second[archv2-nxm-batched] series-count=1 last-value=0.3732767105102539
time=2026-08-02T15:52:54.427-07:00 level=DEBUG msg="Inspecting container" model=container-monitor name=benchi-conduit
time=2026-08-02T15:52:54.946-07:00 level=DEBUG msg="Inspecting container" model=container-monitor name=benchi-conduit
time=2026-08-02T15:52:55.270-07:00 level=DEBUG msg="promql query logged" test=archv2-nxm-batched tool=conduit-v1 collector=conduit type=conduit collector=conduit type=conduit params="map[end:2026-08-02T22:52:55.270Z query:rate(conduit_pipeline_execution_duration_seconds_count{pipeline_name=\"archv2-nxm-batched\"}[2s]) start:2026-08-02T22:52:00.269Z step:1]" stats="&{Timings:{EvalTotalTime:0.000121875 ResultSortTime:4.59e-07 QueryPreparationTime:2.7667e-05 InnerEvalTime:8.6917e-05 ExecQueueTime:3.041e-06 ExecTotalTime:0.000128} Samples:0x14001162e40}" spanID=0000000000000000
time=2026-08-02T15:52:55.270-07:00 level=DEBUG msg="Query returned data" test=archv2-nxm-batched tool=conduit-v1 collector=conduit type=conduit collector=conduit type=conduit name=msg-rate-per-second[archv2-nxm-batched] series-count=1 last-value=13481
time=2026-08-02T15:52:55.270-07:00 level=INFO msg="Test in progress" test=archv2-nxm-batched tool=conduit-v1 step=test time-left=5s
time=2026-08-02T15:52:55.270-07:00 level=DEBUG msg="promql query logged" test=archv2-nxm-batched tool=conduit-v1 collector=conduit type=conduit collector=conduit type=conduit params="map[end:2026-08-02T22:52:55.270Z query:rate(conduit_connector_bytes_sum{pipeline_name=\"archv2-nxm-batched\",type=\"source\"}[2s])/1048576 start:2026-08-02T22:52:00.269Z step:1]" stats="&{Timings:{EvalTotalTime:0.000113417 ResultSortTime:1.208e-06 QueryPreparationTime:1.3208e-05 InnerEvalTime:9.4958e-05 ExecQueueTime:1.5e-06 ExecTotalTime:0.000116709} Samples:0x14001163500}" spanID=0000000000000000
time=2026-08-02T15:52:55.270-07:00 level=WARN msg="Query returned multiple series, only first will be used" test=archv2-nxm-batched tool=conduit-v1 collector=conduit type=conduit collector=conduit type=conduit series-count=2
time=2026-08-02T15:52:55.271-07:00 level=DEBUG msg="Query returned data" test=archv2-nxm-batched tool=conduit-v1 collector=conduit type=conduit collector=conduit type=conduit name=msg-megabytes-in-per-second[archv2-nxm-batched] series-count=1 last-value=0.189605712890625
time=2026-08-02T15:52:55.271-07:00 level=DEBUG msg="promql query logged" test=archv2-nxm-batched tool=conduit-v1 collector=conduit type=conduit collector=conduit type=conduit params="map[end:2026-08-02T22:52:55.271Z query:rate(conduit_connector_bytes_sum{pipeline_name=\"archv2-nxm-batched\",type=\"destination\"}[2s])/1048576 start:2026-08-02T22:52:00.269Z step:1]" stats="&{Timings:{EvalTotalTime:0.000118625 ResultSortTime:8.75e-07 QueryPreparationTime:1.4208e-05 InnerEvalTime:9.7208e-05 ExecQueueTime:1.417e-06 ExecTotalTime:0.000122584} Samples:0x14001620750}" spanID=0000000000000000
time=2026-08-02T15:52:55.271-07:00 level=WARN msg="Query returned multiple series, only first will be used" test=archv2-nxm-batched tool=conduit-v1 collector=conduit type=conduit collector=conduit type=conduit series-count=2
time=2026-08-02T15:52:55.271-07:00 level=DEBUG msg="Query returned data" test=archv2-nxm-batched tool=conduit-v1 collector=conduit type=conduit collector=conduit type=conduit name=msg-megabytes-out-per-second[archv2-nxm-batched] series-count=1 last-value=0.38132476806640625
time=2026-08-02T15:52:55.461-07:00 level=DEBUG msg="Inspecting container" model=container-monitor name=benchi-conduit
time=2026-08-02T15:52:55.973-07:00 level=DEBUG msg="Inspecting container" model=container-monitor name=benchi-conduit
time=2026-08-02T15:52:56.270-07:00 level=DEBUG msg="promql query logged" test=archv2-nxm-batched tool=conduit-v1 collector=conduit type=conduit collector=conduit type=conduit params="map[end:2026-08-02T22:52:56.270Z query:rate(conduit_pipeline_execution_duration_seconds_count{pipeline_name=\"archv2-nxm-batched\"}[2s]) start:2026-08-02T22:52:00.269Z step:1]" stats="&{Timings:{EvalTotalTime:7.9208e-05 ResultSortTime:5e-07 QueryPreparationTime:2.2166e-05 InnerEvalTime:4.9416e-05 ExecQueueTime:3.75e-06 ExecTotalTime:8.4834e-05} Samples:0x140016cf2f0}" spanID=0000000000000000
time=2026-08-02T15:52:56.270-07:00 level=DEBUG msg="Query returned data" test=archv2-nxm-batched tool=conduit-v1 collector=conduit type=conduit collector=conduit type=conduit name=msg-rate-per-second[archv2-nxm-batched] series-count=1 last-value=14788
time=2026-08-02T15:52:56.271-07:00 level=DEBUG msg="promql query logged" test=archv2-nxm-batched tool=conduit-v1 collector=conduit type=conduit collector=conduit type=conduit params="map[end:2026-08-02T22:52:56.270Z query:rate(conduit_connector_bytes_sum{pipeline_name=\"archv2-nxm-batched\",type=\"source\"}[2s])/1048576 start:2026-08-02T22:52:00.269Z step:1]" stats="&{Timings:{EvalTotalTime:0.00012525 ResultSortTime:1.25e-06 QueryPreparationTime:1.4709e-05 InnerEvalTime:0.000104375 ExecQueueTime:2.083e-06 ExecTotalTime:0.00013} Samples:0x140016cf9b0}" spanID=0000000000000000
time=2026-08-02T15:52:56.271-07:00 level=WARN msg="Query returned multiple series, only first will be used" test=archv2-nxm-batched tool=conduit-v1 collector=conduit type=conduit collector=conduit type=conduit series-count=2
time=2026-08-02T15:52:56.271-07:00 level=DEBUG msg="Query returned data" test=archv2-nxm-batched tool=conduit-v1 collector=conduit type=conduit collector=conduit type=conduit name=msg-megabytes-in-per-second[archv2-nxm-batched] series-count=1 last-value=0.2078866958618164
time=2026-08-02T15:52:56.271-07:00 level=DEBUG msg="promql query logged" test=archv2-nxm-batched tool=conduit-v1 collector=conduit type=conduit collector=conduit type=conduit params="map[end:2026-08-02T22:52:56.271Z query:rate(conduit_connector_bytes_sum{pipeline_name=\"archv2-nxm-batched\",type=\"destination\"}[2s])/1048576 start:2026-08-02T22:52:00.269Z step:1]" stats="&{Timings:{EvalTotalTime:0.000109416 ResultSortTime:6.25e-07 QueryPreparationTime:1.1833e-05 InnerEvalTime:9.2542e-05 ExecQueueTime:1.583e-06 ExecTotalTime:0.000113542} Samples:0x14001163bc0}" spanID=0000000000000000
time=2026-08-02T15:52:56.271-07:00 level=WARN msg="Query returned multiple series, only first will be used" test=archv2-nxm-batched tool=conduit-v1 collector=conduit type=conduit collector=conduit type=conduit series-count=2
time=2026-08-02T15:52:56.271-07:00 level=DEBUG msg="Query returned data" test=archv2-nxm-batched tool=conduit-v1 collector=conduit type=conduit collector=conduit type=conduit name=msg-megabytes-out-per-second[archv2-nxm-batched] series-count=1 last-value=0.41773128509521484
time=2026-08-02T15:52:56.486-07:00 level=DEBUG msg="Inspecting container" model=container-monitor name=benchi-conduit
time=2026-08-02T15:52:57.015-07:00 level=DEBUG msg="Inspecting container" model=container-monitor name=benchi-conduit
time=2026-08-02T15:52:57.270-07:00 level=DEBUG msg="promql query logged" test=archv2-nxm-batched tool=conduit-v1 collector=conduit type=conduit collector=conduit type=conduit params="map[end:2026-08-02T22:52:57.270Z query:rate(conduit_pipeline_execution_duration_seconds_count{pipeline_name=\"archv2-nxm-batched\"}[2s]) start:2026-08-02T22:52:00.269Z step:1]" stats="&{Timings:{EvalTotalTime:8.15e-05 ResultSortTime:1.916e-06 QueryPreparationTime:3.0083e-05 InnerEvalTime:4.375e-05 ExecQueueTime:2.667e-06 ExecTotalTime:8.8708e-05} Samples:0x1400121f290}" spanID=0000000000000000
time=2026-08-02T15:52:57.270-07:00 level=DEBUG msg="Query returned data" test=archv2-nxm-batched tool=conduit-v1 collector=conduit type=conduit collector=conduit type=conduit name=msg-rate-per-second[archv2-nxm-batched] series-count=1 last-value=14302
time=2026-08-02T15:52:57.271-07:00 level=DEBUG msg="promql query logged" test=archv2-nxm-batched tool=conduit-v1 collector=conduit type=conduit collector=conduit type=conduit params="map[end:2026-08-02T22:52:57.271Z query:rate(conduit_connector_bytes_sum{pipeline_name=\"archv2-nxm-batched\",type=\"source\"}[2s])/1048576 start:2026-08-02T22:52:00.269Z step:1]" stats="&{Timings:{EvalTotalTime:0.00010275 ResultSortTime:8.33e-07 QueryPreparationTime:8.833e-06 InnerEvalTime:8.8875e-05 ExecQueueTime:1.291e-06 ExecTotalTime:0.000106292} Samples:0x1400121f950}" spanID=0000000000000000
time=2026-08-02T15:52:57.271-07:00 level=WARN msg="Query returned multiple series, only first will be used" test=archv2-nxm-batched tool=conduit-v1 collector=conduit type=conduit collector=conduit type=conduit series-count=2
time=2026-08-02T15:52:57.271-07:00 level=DEBUG msg="Query returned data" test=archv2-nxm-batched tool=conduit-v1 collector=conduit type=conduit collector=conduit type=conduit name=msg-megabytes-in-per-second[archv2-nxm-batched] series-count=1 last-value=0.19804763793945312
time=2026-08-02T15:52:57.271-07:00 level=DEBUG msg="promql query logged" test=archv2-nxm-batched tool=conduit-v1 collector=conduit type=conduit collector=conduit type=conduit params="map[end:2026-08-02T22:52:57.271Z query:rate(conduit_connector_bytes_sum{pipeline_name=\"archv2-nxm-batched\",type=\"destination\"}[2s])/1048576 start:2026-08-02T22:52:00.269Z step:1]" stats="&{Timings:{EvalTotalTime:0.000102208 ResultSortTime:5.42e-07 QueryPreparationTime:8.333e-06 InnerEvalTime:8.9083e-05 ExecQueueTime:1.416e-06 ExecTotalTime:0.000106834} Samples:0x140011272f0}" spanID=0000000000000000
time=2026-08-02T15:52:57.271-07:00 level=WARN msg="Query returned multiple series, only first will be used" test=archv2-nxm-batched tool=conduit-v1 collector=conduit type=conduit collector=conduit type=conduit series-count=2
time=2026-08-02T15:52:57.271-07:00 level=DEBUG msg="Query returned data" test=archv2-nxm-batched tool=conduit-v1 collector=conduit type=conduit collector=conduit type=conduit name=msg-megabytes-out-per-second[archv2-nxm-batched] series-count=1 last-value=0.40274715423583984
time=2026-08-02T15:52:57.558-07:00 level=DEBUG msg="Inspecting container" model=container-monitor name=benchi-conduit
time=2026-08-02T15:52:58.076-07:00 level=DEBUG msg="Inspecting container" model=container-monitor name=benchi-conduit
time=2026-08-02T15:52:58.269-07:00 level=DEBUG msg="promql query logged" test=archv2-nxm-batched tool=conduit-v1 collector=conduit type=conduit collector=conduit type=conduit params="map[end:2026-08-02T22:52:58.269Z query:rate(conduit_pipeline_execution_duration_seconds_count{pipeline_name=\"archv2-nxm-batched\"}[2s]) start:2026-08-02T22:52:00.269Z step:1]" stats="&{Timings:{EvalTotalTime:5.975e-05 ResultSortTime:4.16e-07 QueryPreparationTime:1.5875e-05 InnerEvalTime:3.7292e-05 ExecQueueTime:2.084e-06 ExecTotalTime:6.4083e-05} Samples:0x1400135f140}" spanID=0000000000000000
time=2026-08-02T15:52:58.270-07:00 level=DEBUG msg="Query returned data" test=archv2-nxm-batched tool=conduit-v1 collector=conduit type=conduit collector=conduit type=conduit name=msg-rate-per-second[archv2-nxm-batched] series-count=1 last-value=14611
time=2026-08-02T15:52:58.270-07:00 level=DEBUG msg="promql query logged" test=archv2-nxm-batched tool=conduit-v1 collector=conduit type=conduit collector=conduit type=conduit params="map[end:2026-08-02T22:52:58.270Z query:rate(conduit_connector_bytes_sum{pipeline_name=\"archv2-nxm-batched\",type=\"source\"}[2s])/1048576 start:2026-08-02T22:52:00.269Z step:1]" stats="&{Timings:{EvalTotalTime:9.2291e-05 ResultSortTime:6.25e-07 QueryPreparationTime:6.333e-06 InnerEvalTime:8.2208e-05 ExecQueueTime:9.58e-07 ExecTotalTime:9.4459e-05} Samples:0x1400135f800}" spanID=0000000000000000
time=2026-08-02T15:52:58.270-07:00 level=WARN msg="Query returned multiple series, only first will be used" test=archv2-nxm-batched tool=conduit-v1 collector=conduit type=conduit collector=conduit type=conduit series-count=2
time=2026-08-02T15:52:58.270-07:00 level=DEBUG msg="Query returned data" test=archv2-nxm-batched tool=conduit-v1 collector=conduit type=conduit collector=conduit type=conduit name=msg-megabytes-in-per-second[archv2-nxm-batched] series-count=1 last-value=0.2072010040283203
time=2026-08-02T15:52:58.270-07:00 level=DEBUG msg="promql query logged" test=archv2-nxm-batched tool=conduit-v1 collector=conduit type=conduit collector=conduit type=conduit params="map[end:2026-08-02T22:52:58.270Z query:rate(conduit_connector_bytes_sum{pipeline_name=\"archv2-nxm-batched\",type=\"destination\"}[2s])/1048576 start:2026-08-02T22:52:00.269Z step:1]" stats="&{Timings:{EvalTotalTime:0.000102583 ResultSortTime:8.75e-07 QueryPreparationTime:7.125e-06 InnerEvalTime:9.0958e-05 ExecQueueTime:1.166e-06 ExecTotalTime:0.0001055} Samples:0x14001135c80}" spanID=0000000000000000
time=2026-08-02T15:52:58.270-07:00 level=WARN msg="Query returned multiple series, only first will be used" test=archv2-nxm-batched tool=conduit-v1 collector=conduit type=conduit collector=conduit type=conduit series-count=2
time=2026-08-02T15:52:58.270-07:00 level=DEBUG msg="Query returned data" test=archv2-nxm-batched tool=conduit-v1 collector=conduit type=conduit collector=conduit type=conduit name=msg-megabytes-out-per-second[archv2-nxm-batched] series-count=1 last-value=0.41341495513916016
time=2026-08-02T15:52:58.591-07:00 level=DEBUG msg="Inspecting container" model=container-monitor name=benchi-conduit
time=2026-08-02T15:52:59.128-07:00 level=DEBUG msg="Inspecting container" model=container-monitor name=benchi-conduit
time=2026-08-02T15:52:59.270-07:00 level=DEBUG msg="promql query logged" test=archv2-nxm-batched tool=conduit-v1 collector=conduit type=conduit collector=conduit type=conduit params="map[end:2026-08-02T22:52:59.270Z query:rate(conduit_pipeline_execution_duration_seconds_count{pipeline_name=\"archv2-nxm-batched\"}[2s]) start:2026-08-02T22:52:00.269Z step:1]" stats="&{Timings:{EvalTotalTime:5.8166e-05 ResultSortTime:3.75e-07 QueryPreparationTime:1.45e-05 InnerEvalTime:3.7666e-05 ExecQueueTime:2.333e-06 ExecTotalTime:6.3e-05} Samples:0x140012c46f0}" spanID=0000000000000000
time=2026-08-02T15:52:59.273-07:00 level=DEBUG msg="Query returned data" test=archv2-nxm-batched tool=conduit-v1 collector=conduit type=conduit collector=conduit type=conduit name=msg-rate-per-second[archv2-nxm-batched] series-count=1 last-value=11886
time=2026-08-02T15:52:59.273-07:00 level=DEBUG msg="promql query logged" test=archv2-nxm-batched tool=conduit-v1 collector=conduit type=conduit collector=conduit type=conduit params="map[end:2026-08-02T22:52:59.273Z query:rate(conduit_connector_bytes_sum{pipeline_name=\"archv2-nxm-batched\",type=\"source\"}[2s])/1048576 start:2026-08-02T22:52:00.269Z step:1]" stats="&{Timings:{EvalTotalTime:6.8875e-05 ResultSortTime:8.33e-07 QueryPreparationTime:8.084e-06 InnerEvalTime:5.6041e-05 ExecQueueTime:1.25e-06 ExecTotalTime:7.1167e-05} Samples:0x140012c4db0}" spanID=0000000000000000
time=2026-08-02T15:52:59.273-07:00 level=WARN msg="Query returned multiple series, only first will be used" test=archv2-nxm-batched tool=conduit-v1 collector=conduit type=conduit collector=conduit type=conduit series-count=2
time=2026-08-02T15:52:59.273-07:00 level=DEBUG msg="Query returned data" test=archv2-nxm-batched tool=conduit-v1 collector=conduit type=conduit collector=conduit type=conduit name=msg-megabytes-in-per-second[archv2-nxm-batched] series-count=1 last-value=0.16973114013671875
time=2026-08-02T15:52:59.273-07:00 level=DEBUG msg="promql query logged" test=archv2-nxm-batched tool=conduit-v1 collector=conduit type=conduit collector=conduit type=conduit params="map[end:2026-08-02T22:52:59.273Z query:rate(conduit_connector_bytes_sum{pipeline_name=\"archv2-nxm-batched\",type=\"destination\"}[2s])/1048576 start:2026-08-02T22:52:00.269Z step:1]" stats="&{Timings:{EvalTotalTime:0.000113834 ResultSortTime:8.34e-07 QueryPreparationTime:1.175e-05 InnerEvalTime:9.575e-05 ExecQueueTime:2.083e-06 ExecTotalTime:0.000118084} Samples:0x140013767b0}" spanID=0000000000000000
time=2026-08-02T15:52:59.273-07:00 level=WARN msg="Query returned multiple series, only first will be used" test=archv2-nxm-batched tool=conduit-v1 collector=conduit type=conduit collector=conduit type=conduit series-count=2
time=2026-08-02T15:52:59.273-07:00 level=DEBUG msg="Query returned data" test=archv2-nxm-batched tool=conduit-v1 collector=conduit type=conduit collector=conduit type=conduit name=msg-megabytes-out-per-second[archv2-nxm-batched] series-count=1 last-value=0.3356819152832031
time=2026-08-02T15:52:59.634-07:00 level=DEBUG msg="Inspecting container" model=container-monitor name=benchi-conduit
time=2026-08-02T15:53:00.188-07:00 level=DEBUG msg="Inspecting container" model=container-monitor name=benchi-conduit
time=2026-08-02T15:53:00.271-07:00 level=DEBUG msg="promql query logged" test=archv2-nxm-batched tool=conduit-v1 collector=conduit type=conduit collector=conduit type=conduit params="map[end:2026-08-02T22:53:00.271Z query:rate(conduit_pipeline_execution_duration_seconds_count{pipeline_name=\"archv2-nxm-batched\"}[2s]) start:2026-08-02T22:52:00.269Z step:1]" stats="&{Timings:{EvalTotalTime:6.05e-05 ResultSortTime:4.17e-07 QueryPreparationTime:1.6833e-05 InnerEvalTime:3.7458e-05 ExecQueueTime:2.499e-06 ExecTotalTime:6.475e-05} Samples:0x140014f8420}" spanID=0000000000000000
time=2026-08-02T15:53:00.271-07:00 level=DEBUG msg="Query returned data" test=archv2-nxm-batched tool=conduit-v1 collector=conduit type=conduit collector=conduit type=conduit name=msg-rate-per-second[archv2-nxm-batched] series-count=1 last-value=14573
time=2026-08-02T15:53:00.271-07:00 level=INFO msg="Test in progress" test=archv2-nxm-batched tool=conduit-v1 step=test time-left=0s
time=2026-08-02T15:53:00.271-07:00 level=DEBUG msg="promql query logged" test=archv2-nxm-batched tool=conduit-v1 collector=conduit type=conduit collector=conduit type=conduit params="map[end:2026-08-02T22:53:00.271Z query:rate(conduit_connector_bytes_sum{pipeline_name=\"archv2-nxm-batched\",type=\"source\"}[2s])/1048576 start:2026-08-02T22:52:00.269Z step:1]" stats="&{Timings:{EvalTotalTime:0.000110167 ResultSortTime:8.33e-07 QueryPreparationTime:9.834e-06 InnerEvalTime:9.5541e-05 ExecQueueTime:1.334e-06 ExecTotalTime:0.000115541} Samples:0x140014f8ae0}" spanID=0000000000000000
time=2026-08-02T15:53:00.271-07:00 level=WARN msg="Query returned multiple series, only first will be used" test=archv2-nxm-batched tool=conduit-v1 collector=conduit type=conduit collector=conduit type=conduit series-count=2
time=2026-08-02T15:53:00.272-07:00 level=DEBUG msg="Query returned data" test=archv2-nxm-batched tool=conduit-v1 collector=conduit type=conduit collector=conduit type=conduit name=msg-megabytes-in-per-second[archv2-nxm-batched] series-count=1 last-value=0.2028799057006836
time=2026-08-02T15:53:00.272-07:00 level=DEBUG msg="promql query logged" test=archv2-nxm-batched tool=conduit-v1 collector=conduit type=conduit collector=conduit type=conduit params="map[end:2026-08-02T22:53:00.272Z query:rate(conduit_connector_bytes_sum{pipeline_name=\"archv2-nxm-batched\",type=\"destination\"}[2s])/1048576 start:2026-08-02T22:52:00.269Z step:1]" stats="&{Timings:{EvalTotalTime:0.000101625 ResultSortTime:6.25e-07 QueryPreparationTime:8e-06 InnerEvalTime:8.8458e-05 ExecQueueTime:1e-06 ExecTotalTime:0.000104125} Samples:0x14001577590}" spanID=0000000000000000
time=2026-08-02T15:53:00.272-07:00 level=WARN msg="Query returned multiple series, only first will be used" test=archv2-nxm-batched tool=conduit-v1 collector=conduit type=conduit collector=conduit type=conduit series-count=2
time=2026-08-02T15:53:00.272-07:00 level=DEBUG msg="Query returned data" test=archv2-nxm-batched tool=conduit-v1 collector=conduit type=conduit collector=conduit type=conduit name=msg-megabytes-out-per-second[archv2-nxm-batched] series-count=1 last-value=0.41318511962890625
time=2026-08-02T15:53:00.703-07:00 level=DEBUG msg="Inspecting container" model=container-monitor name=benchi-conduit
time=2026-08-02T15:53:00.775-07:00 level=INFO msg="Step successful" test=archv2-nxm-batched tool=conduit-v1 step=test
time=2026-08-02T15:53:00.775-07:00 level=INFO msg="Running step" test=archv2-nxm-batched tool=conduit-v1 step=post-test
time=2026-08-02T15:53:00.775-07:00 level=INFO msg="Exporting metrics" test=archv2-nxm-batched tool=conduit-v1 step=post-test collector=conduit path=/Users/devarisbrown/Code/projects/conduit/benchi/archv2-nxm-batched/results/r2/archv2-nxm-batched_conduit-v1/conduit.csv
time=2026-08-02T15:53:00.776-07:00 level=INFO msg="Exporting metrics" test=archv2-nxm-batched tool=conduit-v1 step=post-test collector=docker path=/Users/devarisbrown/Code/projects/conduit/benchi/archv2-nxm-batched/results/r2/archv2-nxm-batched_conduit-v1/docker.csv
time=2026-08-02T15:53:00.777-07:00 level=DEBUG msg="Running hooks" test=archv2-nxm-batched tool=conduit-v1 step=post-test count=0
time=2026-08-02T15:53:00.777-07:00 level=INFO msg="Step successful" test=archv2-nxm-batched tool=conduit-v1 step=post-test
time=2026-08-02T15:53:00.777-07:00 level=INFO msg="Running step" test=archv2-nxm-batched tool=conduit-v1 step=pre-cleanup
time=2026-08-02T15:53:00.777-07:00 level=DEBUG msg="Running hooks" test=archv2-nxm-batched tool=conduit-v1 step=pre-cleanup count=0
time=2026-08-02T15:53:00.777-07:00 level=INFO msg="Step successful" test=archv2-nxm-batched tool=conduit-v1 step=pre-cleanup
time=2026-08-02T15:53:00.777-07:00 level=INFO msg="Running step" test=archv2-nxm-batched tool=conduit-v1 step=cleanup
time=2026-08-02T15:53:00.777-07:00 level=INFO msg="Stopping containers" test=archv2-nxm-batched tool=conduit-v1 step=tool
time=2026-08-02T15:53:00.777-07:00 level=DEBUG msg="Executing command" command="/usr/local/bin/docker compose -f ./tools/compose-conduit-v1.yml down"
time=2026-08-02T15:53:01.232-07:00 level=DEBUG msg="Inspecting container" model=container-monitor name=benchi-conduit
time=2026-08-02T15:53:01.487-07:00 level=INFO msg="Step successful" test=archv2-nxm-batched tool=conduit-v1 step=cleanup
time=2026-08-02T15:53:01.487-07:00 level=INFO msg="Running step" test=archv2-nxm-batched tool=conduit-v1 step=post-cleanup
time=2026-08-02T15:53:01.487-07:00 level=DEBUG msg="Running hooks" test=archv2-nxm-batched tool=conduit-v1 step=post-cleanup count=0
time=2026-08-02T15:53:01.487-07:00 level=INFO msg="Step successful" test=archv2-nxm-batched tool=conduit-v1 step=post-cleanup
time=2026-08-02T15:53:01.487-07:00 level=INFO msg="Running step" test=archv2-nxm-batched tool=conduit-v2 step=pre-infrastructure
time=2026-08-02T15:53:01.491-07:00 level=INFO msg="Pulling docker images for tool containers" test=archv2-nxm-batched tool=conduit-v2 step=pre-infrastructure containers=[benchi-conduit]
time=2026-08-02T15:53:01.491-07:00 level=DEBUG msg="Executing command" command="/usr/local/bin/docker compose -f ./tools/compose-conduit-v2.yml pull"
time=2026-08-02T15:53:01.600-07:00 level=INFO msg="Pulling docker images for hooks" test=archv2-nxm-batched tool=conduit-v2 step=pre-infrastructure images=[]
time=2026-08-02T15:53:01.601-07:00 level=DEBUG msg="Running hooks" test=archv2-nxm-batched tool=conduit-v2 step=pre-infrastructure count=0
time=2026-08-02T15:53:01.601-07:00 level=INFO msg="Step successful" test=archv2-nxm-batched tool=conduit-v2 step=pre-infrastructure
time=2026-08-02T15:53:01.601-07:00 level=INFO msg="Running step" test=archv2-nxm-batched tool=conduit-v2 step=infrastructure
time=2026-08-02T15:53:01.601-07:00 level=INFO msg="No infrastructure to start" test=archv2-nxm-batched tool=conduit-v2 step=infrastructure
time=2026-08-02T15:53:01.601-07:00 level=INFO msg="Step successful" test=archv2-nxm-batched tool=conduit-v2 step=infrastructure
time=2026-08-02T15:53:01.601-07:00 level=INFO msg="Running step" test=archv2-nxm-batched tool=conduit-v2 step=post-infrastructure
time=2026-08-02T15:53:01.601-07:00 level=DEBUG msg="Running hooks" test=archv2-nxm-batched tool=conduit-v2 step=post-infrastructure count=0
time=2026-08-02T15:53:01.601-07:00 level=INFO msg="Step successful" test=archv2-nxm-batched tool=conduit-v2 step=post-infrastructure
time=2026-08-02T15:53:01.601-07:00 level=INFO msg="Running step" test=archv2-nxm-batched tool=conduit-v2 step=pre-tool
time=2026-08-02T15:53:01.601-07:00 level=DEBUG msg="Running hooks" test=archv2-nxm-batched tool=conduit-v2 step=pre-tool count=0
time=2026-08-02T15:53:01.601-07:00 level=INFO msg="Step successful" test=archv2-nxm-batched tool=conduit-v2 step=pre-tool
time=2026-08-02T15:53:01.601-07:00 level=INFO msg="Running step" test=archv2-nxm-batched tool=conduit-v2 step=tool
time=2026-08-02T15:53:01.601-07:00 level=INFO msg="Waiting for container status to be healthy" test=archv2-nxm-batched tool=conduit-v2 step=tool container=benchi-conduit status=N/A
time=2026-08-02T15:53:01.602-07:00 level=DEBUG msg="Executing command" command="/usr/local/bin/docker compose -f ./tools/compose-conduit-v2.yml up"
time=2026-08-02T15:53:01.915-07:00 level=DEBUG msg="Inspecting container" model=container-monitor name=benchi-conduit
time=2026-08-02T15:53:01.933-07:00 level=DEBUG msg="Container not found" model=container-monitor name=benchi-conduit
time=2026-08-02T15:53:01.989-07:00 level=DEBUG msg="Inspecting container" model=container-monitor name=benchi-conduit
time=2026-08-02T15:53:02.503-07:00 level=DEBUG msg="Inspecting container" model=container-monitor name=benchi-conduit
time=2026-08-02T15:53:02.629-07:00 level=DEBUG msg="Inspected container" test=archv2-nxm-batched tool=conduit-v2 step=tool container=benchi-conduit response="{ContainerJSONBase:0x14001725ce0 Mounts:[{Type:bind Name: Source:/Users/devarisbrown/Code/projects/conduit/benchi/archv2-nxm-batched/pipeline.yml Destination:/app/pipelines/pipeline.yml Driver: Mode:rw RW:true Propagation:rprivate}] Config:0x140014c0b40 NetworkSettings:0x1400011d700 ImageManifestDescriptor:<nil>}" state="{Status:running Running:true Paused:false Restarting:false OOMKilled:false Dead:false Pid:21016 ExitCode:0 Error: StartedAt:2026-08-02T22:53:02.151799754Z FinishedAt:0001-01-01T00:00:00Z Health:<nil>}"
time=2026-08-02T15:53:02.629-07:00 level=INFO msg="Container is running (consider adding a health check!)" test=archv2-nxm-batched tool=conduit-v2 step=tool container=/benchi-conduit
time=2026-08-02T15:53:02.629-07:00 level=INFO msg="Tools started" test=archv2-nxm-batched tool=conduit-v2 step=tool
time=2026-08-02T15:53:02.629-07:00 level=INFO msg="Step successful" test=archv2-nxm-batched tool=conduit-v2 step=tool
time=2026-08-02T15:53:02.629-07:00 level=INFO msg="Running step" test=archv2-nxm-batched tool=conduit-v2 step=post-tool
time=2026-08-02T15:53:02.629-07:00 level=DEBUG msg="Running hooks" test=archv2-nxm-batched tool=conduit-v2 step=post-tool count=0
time=2026-08-02T15:53:02.629-07:00 level=INFO msg="Step successful" test=archv2-nxm-batched tool=conduit-v2 step=post-tool
time=2026-08-02T15:53:02.629-07:00 level=INFO msg="Running step" test=archv2-nxm-batched tool=conduit-v2 step=pre-test
time=2026-08-02T15:53:02.629-07:00 level=DEBUG msg="Running hooks" test=archv2-nxm-batched tool=conduit-v2 step=pre-test count=0
time=2026-08-02T15:53:02.629-07:00 level=INFO msg="Step successful" test=archv2-nxm-batched tool=conduit-v2 step=pre-test
time=2026-08-02T15:53:02.630-07:00 level=INFO msg="Running step" test=archv2-nxm-batched tool=conduit-v2 step=test
time=2026-08-02T15:53:02.630-07:00 level=INFO msg="Running collector" test=archv2-nxm-batched tool=conduit-v2 step=test name=conduit type=conduit
time=2026-08-02T15:53:02.630-07:00 level=INFO msg="Running collector" test=archv2-nxm-batched tool=conduit-v2 step=test name=docker type=docker
time=2026-08-02T15:53:02.630-07:00 level=INFO msg="Test in progress" test=archv2-nxm-batched tool=conduit-v2 step=test time-left=1m0s
time=2026-08-02T15:53:02.630-07:00 level=DEBUG msg="Collecting stats" test=archv2-nxm-batched tool=conduit-v2 collector=docker type=docker collector=docker type=docker container=benchi-conduit
time=2026-08-02T15:53:03.013-07:00 level=DEBUG msg="Inspecting container" model=container-monitor name=benchi-conduit
time=2026-08-02T15:53:03.564-07:00 level=DEBUG msg="Inspecting container" model=container-monitor name=benchi-conduit
time=2026-08-02T15:53:03.630-07:00 level=DEBUG msg="promql query logged" test=archv2-nxm-batched tool=conduit-v2 collector=conduit type=conduit collector=conduit type=conduit params="map[end:2026-08-02T22:53:03.630Z query:rate(conduit_pipeline_execution_duration_seconds_count{pipeline_name=\"archv2-nxm-batched\"}[2s]) start:2026-08-02T22:53:02.630Z step:1]" stats="&{Timings:{EvalTotalTime:8.6958e-05 ResultSortTime:4.17e-07 QueryPreparationTime:2.1667e-05 InnerEvalTime:4.6875e-05 ExecQueueTime:6.458e-06 ExecTotalTime:9.4167e-05} Samples:0x14001b90ab0}" spanID=0000000000000000
time=2026-08-02T15:53:03.630-07:00 level=DEBUG msg="No data returned from query" test=archv2-nxm-batched tool=conduit-v2 collector=conduit type=conduit collector=conduit type=conduit
time=2026-08-02T15:53:03.630-07:00 level=DEBUG msg="promql query logged" test=archv2-nxm-batched tool=conduit-v2 collector=conduit type=conduit collector=conduit type=conduit params="map[end:2026-08-02T22:53:03.630Z query:rate(conduit_connector_bytes_sum{pipeline_name=\"archv2-nxm-batched\",type=\"source\"}[2s])/1048576 start:2026-08-02T22:53:02.630Z step:1]" stats="&{Timings:{EvalTotalTime:6.9e-05 ResultSortTime:1.25e-07 QueryPreparationTime:9.291e-06 InnerEvalTime:5.575e-05 ExecQueueTime:9.58e-07 ExecTotalTime:7.3291e-05} Samples:0x14001b912f0}" spanID=0000000000000000
time=2026-08-02T15:53:03.630-07:00 level=DEBUG msg="No data returned from query" test=archv2-nxm-batched tool=conduit-v2 collector=conduit type=conduit collector=conduit type=conduit
time=2026-08-02T15:53:03.630-07:00 level=DEBUG msg="promql query logged" test=archv2-nxm-batched tool=conduit-v2 collector=conduit type=conduit collector=conduit type=conduit params="map[end:2026-08-02T22:53:03.630Z query:rate(conduit_connector_bytes_sum{pipeline_name=\"archv2-nxm-batched\",type=\"destination\"}[2s])/1048576 start:2026-08-02T22:53:02.630Z step:1]" stats="&{Timings:{EvalTotalTime:2.3166e-05 ResultSortTime:2.08e-07 QueryPreparationTime:6.208e-06 InnerEvalTime:1.4e-05 ExecQueueTime:8.34e-07 ExecTotalTime:2.5209e-05} Samples:0x14001b919b0}" spanID=0000000000000000
time=2026-08-02T15:53:03.631-07:00 level=DEBUG msg="No data returned from query" test=archv2-nxm-batched tool=conduit-v2 collector=conduit type=conduit collector=conduit type=conduit
time=2026-08-02T15:53:04.089-07:00 level=DEBUG msg="Inspecting container" model=container-monitor name=benchi-conduit
time=2026-08-02T15:53:04.596-07:00 level=DEBUG msg="Inspecting container" model=container-monitor name=benchi-conduit
time=2026-08-02T15:53:04.630-07:00 level=DEBUG msg="promql query logged" test=archv2-nxm-batched tool=conduit-v2 collector=conduit type=conduit collector=conduit type=conduit params="map[end:2026-08-02T22:53:04.630Z query:rate(conduit_pipeline_execution_duration_seconds_count{pipeline_name=\"archv2-nxm-batched\"}[2s]) start:2026-08-02T22:53:02.630Z step:1]" stats="&{Timings:{EvalTotalTime:5.5e-05 ResultSortTime:5.41e-07 QueryPreparationTime:1.8042e-05 InnerEvalTime:2.8667e-05 ExecQueueTime:2.416e-06 ExecTotalTime:6.0333e-05} Samples:0x14000e40450}" spanID=0000000000000000
time=2026-08-02T15:53:04.630-07:00 level=DEBUG msg="Query returned data" test=archv2-nxm-batched tool=conduit-v2 collector=conduit type=conduit collector=conduit type=conduit name=msg-rate-per-second[archv2-nxm-batched] series-count=1 last-value=32614
time=2026-08-02T15:53:04.630-07:00 level=DEBUG msg="promql query logged" test=archv2-nxm-batched tool=conduit-v2 collector=conduit type=conduit collector=conduit type=conduit params="map[end:2026-08-02T22:53:04.630Z query:rate(conduit_connector_bytes_sum{pipeline_name=\"archv2-nxm-batched\",type=\"source\"}[2s])/1048576 start:2026-08-02T22:53:02.630Z step:1]" stats="&{Timings:{EvalTotalTime:4.8334e-05 ResultSortTime:8.75e-07 QueryPreparationTime:7.166e-06 InnerEvalTime:3.5875e-05 ExecQueueTime:9.59e-07 ExecTotalTime:5.2167e-05} Samples:0x14000e41110}" spanID=0000000000000000
time=2026-08-02T15:53:04.630-07:00 level=WARN msg="Query returned multiple series, only first will be used" test=archv2-nxm-batched tool=conduit-v2 collector=conduit type=conduit collector=conduit type=conduit series-count=2
time=2026-08-02T15:53:04.631-07:00 level=DEBUG msg="Query returned data" test=archv2-nxm-batched tool=conduit-v2 collector=conduit type=conduit collector=conduit type=conduit name=msg-megabytes-in-per-second[archv2-nxm-batched] series-count=1 last-value=0.4467296600341797
time=2026-08-02T15:53:04.631-07:00 level=DEBUG msg="promql query logged" test=archv2-nxm-batched tool=conduit-v2 collector=conduit type=conduit collector=conduit type=conduit params="map[end:2026-08-02T22:53:04.631Z query:rate(conduit_connector_bytes_sum{pipeline_name=\"archv2-nxm-batched\",type=\"destination\"}[2s])/1048576 start:2026-08-02T22:53:02.630Z step:1]" stats="&{Timings:{EvalTotalTime:3.45e-05 ResultSortTime:4.59e-07 QueryPreparationTime:7.791e-06 InnerEvalTime:2.2708e-05 ExecQueueTime:2.292e-06 ExecTotalTime:3.875e-05} Samples:0x140011f2480}" spanID=0000000000000000
time=2026-08-02T15:53:04.631-07:00 level=WARN msg="Query returned multiple series, only first will be used" test=archv2-nxm-batched tool=conduit-v2 collector=conduit type=conduit collector=conduit type=conduit series-count=2
time=2026-08-02T15:53:04.631-07:00 level=DEBUG msg="Query returned data" test=archv2-nxm-batched tool=conduit-v2 collector=conduit type=conduit collector=conduit type=conduit name=msg-megabytes-out-per-second[archv2-nxm-batched] series-count=1 last-value=0.9261302947998047
time=2026-08-02T15:53:05.116-07:00 level=DEBUG msg="Inspecting container" model=container-monitor name=benchi-conduit
time=2026-08-02T15:53:05.626-07:00 level=DEBUG msg="Inspecting container" model=container-monitor name=benchi-conduit
time=2026-08-02T15:53:05.631-07:00 level=DEBUG msg="promql query logged" test=archv2-nxm-batched tool=conduit-v2 collector=conduit type=conduit collector=conduit type=conduit params="map[end:2026-08-02T22:53:05.630Z query:rate(conduit_pipeline_execution_duration_seconds_count{pipeline_name=\"archv2-nxm-batched\"}[2s]) start:2026-08-02T22:53:02.630Z step:1]" stats="&{Timings:{EvalTotalTime:0.000102667 ResultSortTime:9.16e-07 QueryPreparationTime:3.7583e-05 InnerEvalTime:5.5458e-05 ExecQueueTime:3.125e-06 ExecTotalTime:0.000110792} Samples:0x14000954ed0}" spanID=0000000000000000
time=2026-08-02T15:53:05.631-07:00 level=DEBUG msg="Query returned data" test=archv2-nxm-batched tool=conduit-v2 collector=conduit type=conduit collector=conduit type=conduit name=msg-rate-per-second[archv2-nxm-batched] series-count=1 last-value=37114
time=2026-08-02T15:53:05.632-07:00 level=DEBUG msg="promql query logged" test=archv2-nxm-batched tool=conduit-v2 collector=conduit type=conduit collector=conduit type=conduit params="map[end:2026-08-02T22:53:05.631Z query:rate(conduit_connector_bytes_sum{pipeline_name=\"archv2-nxm-batched\",type=\"source\"}[2s])/1048576 start:2026-08-02T22:53:02.630Z step:1]" stats="&{Timings:{EvalTotalTime:6.1041e-05 ResultSortTime:1.375e-06 QueryPreparationTime:1.2625e-05 InnerEvalTime:4.3125e-05 ExecQueueTime:2.207e-06 ExecTotalTime:6.4e-05} Samples:0x14000955650}" spanID=0000000000000000
time=2026-08-02T15:53:05.632-07:00 level=WARN msg="Query returned multiple series, only first will be used" test=archv2-nxm-batched tool=conduit-v2 collector=conduit type=conduit collector=conduit type=conduit series-count=2
time=2026-08-02T15:53:05.632-07:00 level=DEBUG msg="Query returned data" test=archv2-nxm-batched tool=conduit-v2 collector=conduit type=conduit collector=conduit type=conduit name=msg-megabytes-in-per-second[archv2-nxm-batched] series-count=1 last-value=0.5004005432128906
time=2026-08-02T15:53:05.632-07:00 level=DEBUG msg="promql query logged" test=archv2-nxm-batched tool=conduit-v2 collector=conduit type=conduit collector=conduit type=conduit params="map[end:2026-08-02T22:53:05.632Z query:rate(conduit_connector_bytes_sum{pipeline_name=\"archv2-nxm-batched\",type=\"destination\"}[2s])/1048576 start:2026-08-02T22:53:02.630Z step:1]" stats="&{Timings:{EvalTotalTime:2.0625e-05 ResultSortTime:1.25e-07 QueryPreparationTime:3.417e-06 InnerEvalTime:1.3417e-05 ExecQueueTime:5e-07 ExecTotalTime:2.2083e-05} Samples:0x140010dc810}" spanID=0000000000000000
time=2026-08-02T15:53:05.632-07:00 level=WARN msg="Query returned multiple series, only first will be used" test=archv2-nxm-batched tool=conduit-v2 collector=conduit type=conduit collector=conduit type=conduit series-count=2
time=2026-08-02T15:53:05.632-07:00 level=DEBUG msg="Query returned data" test=archv2-nxm-batched tool=conduit-v2 collector=conduit type=conduit collector=conduit type=conduit name=msg-megabytes-out-per-second[archv2-nxm-batched] series-count=1 last-value=1.0445518493652344
time=2026-08-02T15:53:06.144-07:00 level=DEBUG msg="Inspecting container" model=container-monitor name=benchi-conduit
time=2026-08-02T15:53:06.633-07:00 level=DEBUG msg="promql query logged" test=archv2-nxm-batched tool=conduit-v2 collector=conduit type=conduit collector=conduit type=conduit params="map[end:2026-08-02T22:53:06.633Z query:rate(conduit_pipeline_execution_duration_seconds_count{pipeline_name=\"archv2-nxm-batched\"}[2s]) start:2026-08-02T22:53:02.630Z step:1]" stats="&{Timings:{EvalTotalTime:8.5833e-05 ResultSortTime:6.67e-07 QueryPreparationTime:2.5125e-05 InnerEvalTime:5.3375e-05 ExecQueueTime:3.208e-06 ExecTotalTime:9.3084e-05} Samples:0x14000b9a180}" spanID=0000000000000000
time=2026-08-02T15:53:06.633-07:00 level=DEBUG msg="Query returned data" test=archv2-nxm-batched tool=conduit-v2 collector=conduit type=conduit collector=conduit type=conduit name=msg-rate-per-second[archv2-nxm-batched] series-count=1 last-value=37586.653386454185
time=2026-08-02T15:53:06.633-07:00 level=DEBUG msg="promql query logged" test=archv2-nxm-batched tool=conduit-v2 collector=conduit type=conduit collector=conduit type=conduit params="map[end:2026-08-02T22:53:06.633Z query:rate(conduit_connector_bytes_sum{pipeline_name=\"archv2-nxm-batched\",type=\"source\"}[2s])/1048576 start:2026-08-02T22:53:02.630Z step:1]" stats="&{Timings:{EvalTotalTime:5.9e-05 ResultSortTime:1.292e-06 QueryPreparationTime:1.1917e-05 InnerEvalTime:4.1791e-05 ExecQueueTime:1.166e-06 ExecTotalTime:6.2e-05} Samples:0x14000b9ac90}" spanID=0000000000000000
time=2026-08-02T15:53:06.633-07:00 level=WARN msg="Query returned multiple series, only first will be used" test=archv2-nxm-batched tool=conduit-v2 collector=conduit type=conduit collector=conduit type=conduit series-count=2
time=2026-08-02T15:53:06.633-07:00 level=DEBUG msg="Query returned data" test=archv2-nxm-batched tool=conduit-v2 collector=conduit type=conduit collector=conduit type=conduit name=msg-megabytes-in-per-second[archv2-nxm-batched] series-count=1 last-value=0.5235282548395286
time=2026-08-02T15:53:06.633-07:00 level=DEBUG msg="promql query logged" test=archv2-nxm-batched tool=conduit-v2 collector=conduit type=conduit collector=conduit type=conduit params="map[end:2026-08-02T22:53:06.633Z query:rate(conduit_connector_bytes_sum{pipeline_name=\"archv2-nxm-batched\",type=\"destination\"}[2s])/1048576 start:2026-08-02T22:53:02.630Z step:1]" stats="&{Timings:{EvalTotalTime:6.2292e-05 ResultSortTime:7.5e-07 QueryPreparationTime:1.5334e-05 InnerEvalTime:4.1625e-05 ExecQueueTime:1.376e-06 ExecTotalTime:6.6166e-05} Samples:0x140010dd920}" spanID=0000000000000000
time=2026-08-02T15:53:06.633-07:00 level=WARN msg="Query returned multiple series, only first will be used" test=archv2-nxm-batched tool=conduit-v2 collector=conduit type=conduit collector=conduit type=conduit series-count=2
time=2026-08-02T15:53:06.634-07:00 level=DEBUG msg="Query returned data" test=archv2-nxm-batched tool=conduit-v2 collector=conduit type=conduit collector=conduit type=conduit name=msg-megabytes-out-per-second[archv2-nxm-batched] series-count=1 last-value=1.0675928032255744
time=2026-08-02T15:53:06.663-07:00 level=DEBUG msg="Inspecting container" model=container-monitor name=benchi-conduit
time=2026-08-02T15:53:07.185-07:00 level=DEBUG msg="Inspecting container" model=container-monitor name=benchi-conduit
time=2026-08-02T15:53:07.630-07:00 level=INFO msg="Test in progress" test=archv2-nxm-batched tool=conduit-v2 step=test time-left=55s
time=2026-08-02T15:53:07.631-07:00 level=DEBUG msg="promql query logged" test=archv2-nxm-batched tool=conduit-v2 collector=conduit type=conduit collector=conduit type=conduit params="map[end:2026-08-02T22:53:07.631Z query:rate(conduit_pipeline_execution_duration_seconds_count{pipeline_name=\"archv2-nxm-batched\"}[2s]) start:2026-08-02T22:53:02.630Z step:1]" stats="&{Timings:{EvalTotalTime:9.0084e-05 ResultSortTime:7.09e-07 QueryPreparationTime:2.1e-05 InnerEvalTime:3.9e-05 ExecQueueTime:2.667e-06 ExecTotalTime:9.6959e-05} Samples:0x14000f80420}" spanID=0000000000000000
time=2026-08-02T15:53:07.631-07:00 level=DEBUG msg="Query returned data" test=archv2-nxm-batched tool=conduit-v2 collector=conduit type=conduit collector=conduit type=conduit name=msg-rate-per-second[archv2-nxm-batched] series-count=1 last-value=40395.604395604394
time=2026-08-02T15:53:07.632-07:00 level=DEBUG msg="promql query logged" test=archv2-nxm-batched tool=conduit-v2 collector=conduit type=conduit collector=conduit type=conduit params="map[end:2026-08-02T22:53:07.631Z query:rate(conduit_connector_bytes_sum{pipeline_name=\"archv2-nxm-batched\",type=\"source\"}[2s])/1048576 start:2026-08-02T22:53:02.630Z step:1]" stats="&{Timings:{EvalTotalTime:0.000143417 ResultSortTime:1.542e-06 QueryPreparationTime:2.1416e-05 InnerEvalTime:0.000113125 ExecQueueTime:2.25e-06 ExecTotalTime:0.000152125} Samples:0x14000f80b40}" spanID=0000000000000000
time=2026-08-02T15:53:07.632-07:00 level=WARN msg="Query returned multiple series, only first will be used" test=archv2-nxm-batched tool=conduit-v2 collector=conduit type=conduit collector=conduit type=conduit series-count=2
time=2026-08-02T15:53:07.632-07:00 level=DEBUG msg="Query returned data" test=archv2-nxm-batched tool=conduit-v2 collector=conduit type=conduit collector=conduit type=conduit name=msg-megabytes-in-per-second[archv2-nxm-batched] series-count=1 last-value=0.5787383545409669
time=2026-08-02T15:53:07.632-07:00 level=DEBUG msg="promql query logged" test=archv2-nxm-batched tool=conduit-v2 collector=conduit type=conduit collector=conduit type=conduit params="map[end:2026-08-02T22:53:07.632Z query:rate(conduit_connector_bytes_sum{pipeline_name=\"archv2-nxm-batched\",type=\"destination\"}[2s])/1048576 start:2026-08-02T22:53:02.630Z step:1]" stats="&{Timings:{EvalTotalTime:9.6584e-05 ResultSortTime:8.75e-07 QueryPreparationTime:4.5458e-05 InnerEvalTime:4.4625e-05 ExecQueueTime:1.791e-06 ExecTotalTime:0.000102041} Samples:0x14000f81530}" spanID=0000000000000000
time=2026-08-02T15:53:07.634-07:00 level=WARN msg="Query returned multiple series, only first will be used" test=archv2-nxm-batched tool=conduit-v2 collector=conduit type=conduit collector=conduit type=conduit series-count=2
time=2026-08-02T15:53:07.634-07:00 level=DEBUG msg="Query returned data" test=archv2-nxm-batched tool=conduit-v2 collector=conduit type=conduit collector=conduit type=conduit name=msg-megabytes-out-per-second[archv2-nxm-batched] series-count=1 last-value=1.1419416307569383
time=2026-08-02T15:53:07.707-07:00 level=DEBUG msg="Inspecting container" model=container-monitor name=benchi-conduit
time=2026-08-02T15:53:08.216-07:00 level=DEBUG msg="Inspecting container" model=container-monitor name=benchi-conduit
time=2026-08-02T15:53:08.630-07:00 level=DEBUG msg="promql query logged" test=archv2-nxm-batched tool=conduit-v2 collector=conduit type=conduit collector=conduit type=conduit params="map[end:2026-08-02T22:53:08.630Z query:rate(conduit_pipeline_execution_duration_seconds_count{pipeline_name=\"archv2-nxm-batched\"}[2s]) start:2026-08-02T22:53:02.630Z step:1]" stats="&{Timings:{EvalTotalTime:3.8875e-05 ResultSortTime:4.58e-07 QueryPreparationTime:1.3625e-05 InnerEvalTime:2.2e-05 ExecQueueTime:1.791e-06 ExecTotalTime:4.2458e-05} Samples:0x140013075c0}" spanID=0000000000000000
time=2026-08-02T15:53:08.631-07:00 level=DEBUG msg="Query returned data" test=archv2-nxm-batched tool=conduit-v2 collector=conduit type=conduit collector=conduit type=conduit name=msg-rate-per-second[archv2-nxm-batched] series-count=1 last-value=40943.83149448345
time=2026-08-02T15:53:08.631-07:00 level=DEBUG msg="promql query logged" test=archv2-nxm-batched tool=conduit-v2 collector=conduit type=conduit collector=conduit type=conduit params="map[end:2026-08-02T22:53:08.631Z query:rate(conduit_connector_bytes_sum{pipeline_name=\"archv2-nxm-batched\",type=\"source\"}[2s])/1048576 start:2026-08-02T22:53:02.630Z step:1]" stats="&{Timings:{EvalTotalTime:2.7875e-05 ResultSortTime:7.08e-07 QueryPreparationTime:4.208e-06 InnerEvalTime:2.0875e-05 ExecQueueTime:7.08e-07 ExecTotalTime:2.9541e-05} Samples:0x14001307c80}" spanID=0000000000000000
time=2026-08-02T15:53:08.631-07:00 level=WARN msg="Query returned multiple series, only first will be used" test=archv2-nxm-batched tool=conduit-v2 collector=conduit type=conduit collector=conduit type=conduit series-count=2
time=2026-08-02T15:53:08.631-07:00 level=DEBUG msg="Query returned data" test=archv2-nxm-batched tool=conduit-v2 collector=conduit type=conduit collector=conduit type=conduit name=msg-megabytes-in-per-second[archv2-nxm-batched] series-count=1 last-value=0.5661707106181827
time=2026-08-02T15:53:08.631-07:00 level=DEBUG msg="promql query logged" test=archv2-nxm-batched tool=conduit-v2 collector=conduit type=conduit collector=conduit type=conduit params="map[end:2026-08-02T22:53:08.631Z query:rate(conduit_connector_bytes_sum{pipeline_name=\"archv2-nxm-batched\",type=\"destination\"}[2s])/1048576 start:2026-08-02T22:53:02.630Z step:1]" stats="&{Timings:{EvalTotalTime:1.8916e-05 ResultSortTime:2.08e-07 QueryPreparationTime:3.25e-06 InnerEvalTime:1.3792e-05 ExecQueueTime:1.084e-06 ExecTotalTime:2.025e-05} Samples:0x14001232810}" spanID=0000000000000000
time=2026-08-02T15:53:08.631-07:00 level=WARN msg="Query returned multiple series, only first will be used" test=archv2-nxm-batched tool=conduit-v2 collector=conduit type=conduit collector=conduit type=conduit series-count=2
time=2026-08-02T15:53:08.631-07:00 level=DEBUG msg="Query returned data" test=archv2-nxm-batched tool=conduit-v2 collector=conduit type=conduit collector=conduit type=conduit name=msg-megabytes-out-per-second[archv2-nxm-batched] series-count=1 last-value=1.1540320118069052
time=2026-08-02T15:53:08.751-07:00 level=DEBUG msg="Inspecting container" model=container-monitor name=benchi-conduit
time=2026-08-02T15:53:09.261-07:00 level=DEBUG msg="Inspecting container" model=container-monitor name=benchi-conduit
time=2026-08-02T15:53:09.630-07:00 level=DEBUG msg="promql query logged" test=archv2-nxm-batched tool=conduit-v2 collector=conduit type=conduit collector=conduit type=conduit params="map[end:2026-08-02T22:53:09.630Z query:rate(conduit_pipeline_execution_duration_seconds_count{pipeline_name=\"archv2-nxm-batched\"}[2s]) start:2026-08-02T22:53:02.630Z step:1]" stats="&{Timings:{EvalTotalTime:4.9208e-05 ResultSortTime:2.92e-07 QueryPreparationTime:1.4791e-05 InnerEvalTime:2.8125e-05 ExecQueueTime:2.125e-06 ExecTotalTime:5.8208e-05} Samples:0x14001022360}" spanID=0000000000000000
time=2026-08-02T15:53:09.630-07:00 level=DEBUG msg="Query returned data" test=archv2-nxm-batched tool=conduit-v2 collector=conduit type=conduit collector=conduit type=conduit name=msg-rate-per-second[archv2-nxm-batched] series-count=1 last-value=37461.92384769538
time=2026-08-02T15:53:09.630-07:00 level=DEBUG msg="promql query logged" test=archv2-nxm-batched tool=conduit-v2 collector=conduit type=conduit collector=conduit type=conduit params="map[end:2026-08-02T22:53:09.630Z query:rate(conduit_connector_bytes_sum{pipeline_name=\"archv2-nxm-batched\",type=\"source\"}[2s])/1048576 start:2026-08-02T22:53:02.630Z step:1]" stats="&{Timings:{EvalTotalTime:4.45e-05 ResultSortTime:7.08e-07 QueryPreparationTime:6.75e-06 InnerEvalTime:3.3791e-05 ExecQueueTime:2.251e-06 ExecTotalTime:4.8458e-05} Samples:0x14001022a20}" spanID=0000000000000000
time=2026-08-02T15:53:09.630-07:00 level=WARN msg="Query returned multiple series, only first will be used" test=archv2-nxm-batched tool=conduit-v2 collector=conduit type=conduit collector=conduit type=conduit series-count=2
time=2026-08-02T15:53:09.631-07:00 level=DEBUG msg="Query returned data" test=archv2-nxm-batched tool=conduit-v2 collector=conduit type=conduit collector=conduit type=conduit name=msg-megabytes-in-per-second[archv2-nxm-batched] series-count=1 last-value=0.5232164998331623
time=2026-08-02T15:53:09.631-07:00 level=DEBUG msg="promql query logged" test=archv2-nxm-batched tool=conduit-v2 collector=conduit type=conduit collector=conduit type=conduit params="map[end:2026-08-02T22:53:09.631Z query:rate(conduit_connector_bytes_sum{pipeline_name=\"archv2-nxm-batched\",type=\"destination\"}[2s])/1048576 start:2026-08-02T22:53:02.630Z step:1]" stats="&{Timings:{EvalTotalTime:3.9917e-05 ResultSortTime:4.58e-07 QueryPreparationTime:7.834e-06 InnerEvalTime:2.8375e-05 ExecQueueTime:1.166e-06 ExecTotalTime:4.35e-05} Samples:0x14001023440}" spanID=0000000000000000
time=2026-08-02T15:53:09.631-07:00 level=WARN msg="Query returned multiple series, only first will be used" test=archv2-nxm-batched tool=conduit-v2 collector=conduit type=conduit collector=conduit type=conduit series-count=2
time=2026-08-02T15:53:09.631-07:00 level=DEBUG msg="Query returned data" test=archv2-nxm-batched tool=conduit-v2 collector=conduit type=conduit collector=conduit type=conduit name=msg-megabytes-out-per-second[archv2-nxm-batched] series-count=1 last-value=1.0624811023414014
time=2026-08-02T15:53:09.784-07:00 level=DEBUG msg="Inspecting container" model=container-monitor name=benchi-conduit
time=2026-08-02T15:53:10.310-07:00 level=DEBUG msg="Inspecting container" model=container-monitor name=benchi-conduit
time=2026-08-02T15:53:10.630-07:00 level=DEBUG msg="promql query logged" test=archv2-nxm-batched tool=conduit-v2 collector=conduit type=conduit collector=conduit type=conduit params="map[end:2026-08-02T22:53:10.630Z query:rate(conduit_pipeline_execution_duration_seconds_count{pipeline_name=\"archv2-nxm-batched\"}[2s]) start:2026-08-02T22:53:02.630Z step:1]" stats="&{Timings:{EvalTotalTime:4.9833e-05 ResultSortTime:3.33e-07 QueryPreparationTime:1.5208e-05 InnerEvalTime:2.8958e-05 ExecQueueTime:2.459e-06 ExecTotalTime:5.5083e-05} Samples:0x14000926840}" spanID=0000000000000000
time=2026-08-02T15:53:10.630-07:00 level=DEBUG msg="Query returned data" test=archv2-nxm-batched tool=conduit-v2 collector=conduit type=conduit collector=conduit type=conduit name=msg-rate-per-second[archv2-nxm-batched] series-count=1 last-value=38007
time=2026-08-02T15:53:10.630-07:00 level=DEBUG msg="promql query logged" test=archv2-nxm-batched tool=conduit-v2 collector=conduit type=conduit collector=conduit type=conduit params="map[end:2026-08-02T22:53:10.630Z query:rate(conduit_connector_bytes_sum{pipeline_name=\"archv2-nxm-batched\",type=\"source\"}[2s])/1048576 start:2026-08-02T22:53:02.630Z step:1]" stats="&{Timings:{EvalTotalTime:5.2125e-05 ResultSortTime:8.34e-07 QueryPreparationTime:8.292e-06 InnerEvalTime:3.9333e-05 ExecQueueTime:1.459e-06 ExecTotalTime:5.525e-05} Samples:0x14000926f00}" spanID=0000000000000000
time=2026-08-02T15:53:10.630-07:00 level=WARN msg="Query returned multiple series, only first will be used" test=archv2-nxm-batched tool=conduit-v2 collector=conduit type=conduit collector=conduit type=conduit series-count=2
time=2026-08-02T15:53:10.630-07:00 level=DEBUG msg="Query returned data" test=archv2-nxm-batched tool=conduit-v2 collector=conduit type=conduit collector=conduit type=conduit name=msg-megabytes-in-per-second[archv2-nxm-batched] series-count=1 last-value=0.5736331939697266
time=2026-08-02T15:53:10.631-07:00 level=DEBUG msg="promql query logged" test=archv2-nxm-batched tool=conduit-v2 collector=conduit type=conduit collector=conduit type=conduit params="map[end:2026-08-02T22:53:10.631Z query:rate(conduit_connector_bytes_sum{pipeline_name=\"archv2-nxm-batched\",type=\"destination\"}[2s])/1048576 start:2026-08-02T22:53:02.630Z step:1]" stats="&{Timings:{EvalTotalTime:5.9583e-05 ResultSortTime:9.16e-07 QueryPreparationTime:1.0167e-05 InnerEvalTime:4.275e-05 ExecQueueTime:1.625e-06 ExecTotalTime:6.3167e-05} Samples:0x14001233a10}" spanID=0000000000000000
time=2026-08-02T15:53:10.631-07:00 level=WARN msg="Query returned multiple series, only first will be used" test=archv2-nxm-batched tool=conduit-v2 collector=conduit type=conduit collector=conduit type=conduit series-count=2
time=2026-08-02T15:53:10.631-07:00 level=DEBUG msg="Query returned data" test=archv2-nxm-batched tool=conduit-v2 collector=conduit type=conduit collector=conduit type=conduit name=msg-megabytes-out-per-second[archv2-nxm-batched] series-count=1 last-value=1.073002815246582
time=2026-08-02T15:53:10.848-07:00 level=DEBUG msg="Inspecting container" model=container-monitor name=benchi-conduit
time=2026-08-02T15:53:11.370-07:00 level=DEBUG msg="Inspecting container" model=container-monitor name=benchi-conduit
time=2026-08-02T15:53:11.631-07:00 level=DEBUG msg="promql query logged" test=archv2-nxm-batched tool=conduit-v2 collector=conduit type=conduit collector=conduit type=conduit params="map[end:2026-08-02T22:53:11.631Z query:rate(conduit_pipeline_execution_duration_seconds_count{pipeline_name=\"archv2-nxm-batched\"}[2s]) start:2026-08-02T22:53:02.630Z step:1]" stats="&{Timings:{EvalTotalTime:6.0542e-05 ResultSortTime:5.42e-07 QueryPreparationTime:1.7666e-05 InnerEvalTime:3.6584e-05 ExecQueueTime:5.709e-06 ExecTotalTime:6.9333e-05} Samples:0x14001382300}" spanID=0000000000000000
time=2026-08-02T15:53:11.632-07:00 level=DEBUG msg="Query returned data" test=archv2-nxm-batched tool=conduit-v2 collector=conduit type=conduit collector=conduit type=conduit name=msg-rate-per-second[archv2-nxm-batched] series-count=1 last-value=36553
time=2026-08-02T15:53:11.632-07:00 level=DEBUG msg="promql query logged" test=archv2-nxm-batched tool=conduit-v2 collector=conduit type=conduit collector=conduit type=conduit params="map[end:2026-08-02T22:53:11.632Z query:rate(conduit_connector_bytes_sum{pipeline_name=\"archv2-nxm-batched\",type=\"source\"}[2s])/1048576 start:2026-08-02T22:53:02.630Z step:1]" stats="&{Timings:{EvalTotalTime:8.1e-05 ResultSortTime:1.25e-06 QueryPreparationTime:1.0958e-05 InnerEvalTime:6.4084e-05 ExecQueueTime:1.876e-06 ExecTotalTime:8.5166e-05} Samples:0x140013829c0}" spanID=0000000000000000
time=2026-08-02T15:53:11.632-07:00 level=WARN msg="Query returned multiple series, only first will be used" test=archv2-nxm-batched tool=conduit-v2 collector=conduit type=conduit collector=conduit type=conduit series-count=2
time=2026-08-02T15:53:11.632-07:00 level=DEBUG msg="Query returned data" test=archv2-nxm-batched tool=conduit-v2 collector=conduit type=conduit collector=conduit type=conduit name=msg-megabytes-in-per-second[archv2-nxm-batched] series-count=1 last-value=0.5080509185791016
time=2026-08-02T15:53:11.632-07:00 level=DEBUG msg="promql query logged" test=archv2-nxm-batched tool=conduit-v2 collector=conduit type=conduit collector=conduit type=conduit params="map[end:2026-08-02T22:53:11.632Z query:rate(conduit_connector_bytes_sum{pipeline_name=\"archv2-nxm-batched\",type=\"destination\"}[2s])/1048576 start:2026-08-02T22:53:02.630Z step:1]" stats="&{Timings:{EvalTotalTime:8.8083e-05 ResultSortTime:7.91e-07 QueryPreparationTime:1.0834e-05 InnerEvalTime:7.2417e-05 ExecQueueTime:9.99e-07 ExecTotalTime:9.125e-05} Samples:0x140009527b0}" spanID=0000000000000000
time=2026-08-02T15:53:11.632-07:00 level=WARN msg="Query returned multiple series, only first will be used" test=archv2-nxm-batched tool=conduit-v2 collector=conduit type=conduit collector=conduit type=conduit series-count=2
time=2026-08-02T15:53:11.632-07:00 level=DEBUG msg="Query returned data" test=archv2-nxm-batched tool=conduit-v2 collector=conduit type=conduit collector=conduit type=conduit name=msg-megabytes-out-per-second[archv2-nxm-batched] series-count=1 last-value=1.0263748168945312
time=2026-08-02T15:53:11.902-07:00 level=DEBUG msg="Inspecting container" model=container-monitor name=benchi-conduit
time=2026-08-02T15:53:12.417-07:00 level=DEBUG msg="Inspecting container" model=container-monitor name=benchi-conduit
time=2026-08-02T15:53:12.630-07:00 level=INFO msg="Test in progress" test=archv2-nxm-batched tool=conduit-v2 step=test time-left=50s
time=2026-08-02T15:53:12.630-07:00 level=DEBUG msg="promql query logged" test=archv2-nxm-batched tool=conduit-v2 collector=conduit type=conduit collector=conduit type=conduit params="map[end:2026-08-02T22:53:12.630Z query:rate(conduit_pipeline_execution_duration_seconds_count{pipeline_name=\"archv2-nxm-batched\"}[2s]) start:2026-08-02T22:53:02.630Z step:1]" stats="&{Timings:{EvalTotalTime:4.8875e-05 ResultSortTime:6.25e-07 QueryPreparationTime:1.4083e-05 InnerEvalTime:2.6542e-05 ExecQueueTime:2.124e-06 ExecTotalTime:5.3208e-05} Samples:0x14001383830}" spanID=0000000000000000
time=2026-08-02T15:53:12.630-07:00 level=DEBUG msg="Query returned data" test=archv2-nxm-batched tool=conduit-v2 collector=conduit type=conduit collector=conduit type=conduit name=msg-rate-per-second[archv2-nxm-batched] series-count=1 last-value=35901
time=2026-08-02T15:53:12.630-07:00 level=DEBUG msg="promql query logged" test=archv2-nxm-batched tool=conduit-v2 collector=conduit type=conduit collector=conduit type=conduit params="map[end:2026-08-02T22:53:12.630Z query:rate(conduit_connector_bytes_sum{pipeline_name=\"archv2-nxm-batched\",type=\"source\"}[2s])/1048576 start:2026-08-02T22:53:02.630Z step:1]" stats="&{Timings:{EvalTotalTime:5.15e-05 ResultSortTime:8.33e-07 QueryPreparationTime:8.25e-06 InnerEvalTime:3.8667e-05 ExecQueueTime:8.75e-07 ExecTotalTime:5.4209e-05} Samples:0x14001383ef0}" spanID=0000000000000000
time=2026-08-02T15:53:12.630-07:00 level=WARN msg="Query returned multiple series, only first will be used" test=archv2-nxm-batched tool=conduit-v2 collector=conduit type=conduit collector=conduit type=conduit series-count=2
time=2026-08-02T15:53:12.631-07:00 level=DEBUG msg="Query returned data" test=archv2-nxm-batched tool=conduit-v2 collector=conduit type=conduit collector=conduit type=conduit name=msg-megabytes-in-per-second[archv2-nxm-batched] series-count=1 last-value=0.5023469924926758
time=2026-08-02T15:53:12.631-07:00 level=DEBUG msg="promql query logged" test=archv2-nxm-batched tool=conduit-v2 collector=conduit type=conduit collector=conduit type=conduit params="map[end:2026-08-02T22:53:12.631Z query:rate(conduit_connector_bytes_sum{pipeline_name=\"archv2-nxm-batched\",type=\"destination\"}[2s])/1048576 start:2026-08-02T22:53:02.630Z step:1]" stats="&{Timings:{EvalTotalTime:4.5708e-05 ResultSortTime:5.83e-07 QueryPreparationTime:8.292e-06 InnerEvalTime:3.325e-05 ExecQueueTime:8.34e-07 ExecTotalTime:4.8417e-05} Samples:0x140011632c0}" spanID=0000000000000000
time=2026-08-02T15:53:12.631-07:00 level=WARN msg="Query returned multiple series, only first will be used" test=archv2-nxm-batched tool=conduit-v2 collector=conduit type=conduit collector=conduit type=conduit series-count=2
time=2026-08-02T15:53:12.631-07:00 level=DEBUG msg="Query returned data" test=archv2-nxm-batched tool=conduit-v2 collector=conduit type=conduit collector=conduit type=conduit name=msg-megabytes-out-per-second[archv2-nxm-batched] series-count=1 last-value=1.0199918746948242
time=2026-08-02T15:53:12.928-07:00 level=DEBUG msg="Inspecting container" model=container-monitor name=benchi-conduit
time=2026-08-02T15:53:13.447-07:00 level=DEBUG msg="Inspecting container" model=container-monitor name=benchi-conduit
time=2026-08-02T15:53:13.630-07:00 level=DEBUG msg="promql query logged" test=archv2-nxm-batched tool=conduit-v2 collector=conduit type=conduit collector=conduit type=conduit params="map[end:2026-08-02T22:53:13.630Z query:rate(conduit_pipeline_execution_duration_seconds_count{pipeline_name=\"archv2-nxm-batched\"}[2s]) start:2026-08-02T22:53:02.630Z step:1]" stats="&{Timings:{EvalTotalTime:6.7458e-05 ResultSortTime:5e-07 QueryPreparationTime:1.4917e-05 InnerEvalTime:2.9625e-05 ExecQueueTime:1.917e-06 ExecTotalTime:7.2917e-05} Samples:0x140011347b0}" spanID=0000000000000000
time=2026-08-02T15:53:13.630-07:00 level=DEBUG msg="Query returned data" test=archv2-nxm-batched tool=conduit-v2 collector=conduit type=conduit collector=conduit type=conduit name=msg-rate-per-second[archv2-nxm-batched] series-count=1 last-value=35591
time=2026-08-02T15:53:13.630-07:00 level=DEBUG msg="promql query logged" test=archv2-nxm-batched tool=conduit-v2 collector=conduit type=conduit collector=conduit type=conduit params="map[end:2026-08-02T22:53:13.630Z query:rate(conduit_connector_bytes_sum{pipeline_name=\"archv2-nxm-batched\",type=\"source\"}[2s])/1048576 start:2026-08-02T22:53:02.630Z step:1]" stats="&{Timings:{EvalTotalTime:4.4292e-05 ResultSortTime:7.08e-07 QueryPreparationTime:5.917e-06 InnerEvalTime:3.4583e-05 ExecQueueTime:7.92e-07 ExecTotalTime:4.6417e-05} Samples:0x14001134e70}" spanID=0000000000000000
time=2026-08-02T15:53:13.630-07:00 level=WARN msg="Query returned multiple series, only first will be used" test=archv2-nxm-batched tool=conduit-v2 collector=conduit type=conduit collector=conduit type=conduit series-count=2
time=2026-08-02T15:53:13.630-07:00 level=DEBUG msg="Query returned data" test=archv2-nxm-batched tool=conduit-v2 collector=conduit type=conduit collector=conduit type=conduit name=msg-megabytes-in-per-second[archv2-nxm-batched] series-count=1 last-value=0.4896230697631836
time=2026-08-02T15:53:13.630-07:00 level=DEBUG msg="promql query logged" test=archv2-nxm-batched tool=conduit-v2 collector=conduit type=conduit collector=conduit type=conduit params="map[end:2026-08-02T22:53:13.630Z query:rate(conduit_connector_bytes_sum{pipeline_name=\"archv2-nxm-batched\",type=\"destination\"}[2s])/1048576 start:2026-08-02T22:53:02.630Z step:1]" stats="&{Timings:{EvalTotalTime:4.4958e-05 ResultSortTime:4.58e-07 QueryPreparationTime:7e-06 InnerEvalTime:3.375e-05 ExecQueueTime:1.041e-06 ExecTotalTime:4.9125e-05} Samples:0x140011f6840}" spanID=0000000000000000
time=2026-08-02T15:53:13.630-07:00 level=WARN msg="Query returned multiple series, only first will be used" test=archv2-nxm-batched tool=conduit-v2 collector=conduit type=conduit collector=conduit type=conduit series-count=2
time=2026-08-02T15:53:13.631-07:00 level=DEBUG msg="Query returned data" test=archv2-nxm-batched tool=conduit-v2 collector=conduit type=conduit collector=conduit type=conduit name=msg-megabytes-out-per-second[archv2-nxm-batched] series-count=1 last-value=1.0023889541625977
time=2026-08-02T15:53:14.023-07:00 level=DEBUG msg="Inspecting container" model=container-monitor name=benchi-conduit
time=2026-08-02T15:53:14.550-07:00 level=DEBUG msg="Inspecting container" model=container-monitor name=benchi-conduit
time=2026-08-02T15:53:14.630-07:00 level=DEBUG msg="promql query logged" test=archv2-nxm-batched tool=conduit-v2 collector=conduit type=conduit collector=conduit type=conduit params="map[end:2026-08-02T22:53:14.630Z query:rate(conduit_pipeline_execution_duration_seconds_count{pipeline_name=\"archv2-nxm-batched\"}[2s]) start:2026-08-02T22:53:02.630Z step:1]" stats="&{Timings:{EvalTotalTime:6.0458e-05 ResultSortTime:3.75e-07 QueryPreparationTime:1.4375e-05 InnerEvalTime:4.0875e-05 ExecQueueTime:2.125e-06 ExecTotalTime:6.4917e-05} Samples:0x140011f7cb0}" spanID=0000000000000000
time=2026-08-02T15:53:14.630-07:00 level=DEBUG msg="Query returned data" test=archv2-nxm-batched tool=conduit-v2 collector=conduit type=conduit collector=conduit type=conduit name=msg-rate-per-second[archv2-nxm-batched] series-count=1 last-value=40322
time=2026-08-02T15:53:14.631-07:00 level=DEBUG msg="promql query logged" test=archv2-nxm-batched tool=conduit-v2 collector=conduit type=conduit collector=conduit type=conduit params="map[end:2026-08-02T22:53:14.630Z query:rate(conduit_connector_bytes_sum{pipeline_name=\"archv2-nxm-batched\",type=\"source\"}[2s])/1048576 start:2026-08-02T22:53:02.630Z step:1]" stats="&{Timings:{EvalTotalTime:5.0166e-05 ResultSortTime:7.5e-07 QueryPreparationTime:6.625e-06 InnerEvalTime:3.8334e-05 ExecQueueTime:7.91e-07 ExecTotalTime:5.2625e-05} Samples:0x140015763f0}" spanID=0000000000000000
time=2026-08-02T15:53:14.631-07:00 level=WARN msg="Query returned multiple series, only first will be used" test=archv2-nxm-batched tool=conduit-v2 collector=conduit type=conduit collector=conduit type=conduit series-count=2
time=2026-08-02T15:53:14.631-07:00 level=DEBUG msg="Query returned data" test=archv2-nxm-batched tool=conduit-v2 collector=conduit type=conduit collector=conduit type=conduit name=msg-megabytes-in-per-second[archv2-nxm-batched] series-count=1 last-value=0.5695686340332031
time=2026-08-02T15:53:14.631-07:00 level=DEBUG msg="promql query logged" test=archv2-nxm-batched tool=conduit-v2 collector=conduit type=conduit collector=conduit type=conduit params="map[end:2026-08-02T22:53:14.631Z query:rate(conduit_connector_bytes_sum{pipeline_name=\"archv2-nxm-batched\",type=\"destination\"}[2s])/1048576 start:2026-08-02T22:53:02.630Z step:1]" stats="&{Timings:{EvalTotalTime:7.0709e-05 ResultSortTime:5.84e-07 QueryPreparationTime:1.7459e-05 InnerEvalTime:4.825e-05 ExecQueueTime:1.291e-06 ExecTotalTime:7.4208e-05} Samples:0x14001623620}" spanID=0000000000000000
time=2026-08-02T15:53:14.631-07:00 level=WARN msg="Query returned multiple series, only first will be used" test=archv2-nxm-batched tool=conduit-v2 collector=conduit type=conduit collector=conduit type=conduit series-count=2
time=2026-08-02T15:53:14.631-07:00 level=DEBUG msg="Query returned data" test=archv2-nxm-batched tool=conduit-v2 collector=conduit type=conduit collector=conduit type=conduit name=msg-megabytes-out-per-second[archv2-nxm-batched] series-count=1 last-value=1.1394538879394531
time=2026-08-02T15:53:15.058-07:00 level=DEBUG msg="Inspecting container" model=container-monitor name=benchi-conduit
time=2026-08-02T15:53:15.592-07:00 level=DEBUG msg="Inspecting container" model=container-monitor name=benchi-conduit
time=2026-08-02T15:53:15.630-07:00 level=DEBUG msg="promql query logged" test=archv2-nxm-batched tool=conduit-v2 collector=conduit type=conduit collector=conduit type=conduit params="map[end:2026-08-02T22:53:15.630Z query:rate(conduit_pipeline_execution_duration_seconds_count{pipeline_name=\"archv2-nxm-batched\"}[2s]) start:2026-08-02T22:53:02.630Z step:1]" stats="&{Timings:{EvalTotalTime:5.6833e-05 ResultSortTime:4.58e-07 QueryPreparationTime:1.7417e-05 InnerEvalTime:3.4e-05 ExecQueueTime:2.459e-06 ExecTotalTime:6.1666e-05} Samples:0x14001623ef0}" spanID=0000000000000000
time=2026-08-02T15:53:15.630-07:00 level=DEBUG msg="Query returned data" test=archv2-nxm-batched tool=conduit-v2 collector=conduit type=conduit collector=conduit type=conduit name=msg-rate-per-second[archv2-nxm-batched] series-count=1 last-value=38822
time=2026-08-02T15:53:15.631-07:00 level=DEBUG msg="promql query logged" test=archv2-nxm-batched tool=conduit-v2 collector=conduit type=conduit collector=conduit type=conduit params="map[end:2026-08-02T22:53:15.630Z query:rate(conduit_connector_bytes_sum{pipeline_name=\"archv2-nxm-batched\",type=\"source\"}[2s])/1048576 start:2026-08-02T22:53:02.630Z step:1]" stats="&{Timings:{EvalTotalTime:5.0959e-05 ResultSortTime:8.33e-07 QueryPreparationTime:6.208e-06 InnerEvalTime:4.0875e-05 ExecQueueTime:9.58e-07 ExecTotalTime:5.325e-05} Samples:0x1400142a630}" spanID=0000000000000000
time=2026-08-02T15:53:15.631-07:00 level=WARN msg="Query returned multiple series, only first will be used" test=archv2-nxm-batched tool=conduit-v2 collector=conduit type=conduit collector=conduit type=conduit series-count=2
time=2026-08-02T15:53:15.631-07:00 level=DEBUG msg="Query returned data" test=archv2-nxm-batched tool=conduit-v2 collector=conduit type=conduit collector=conduit type=conduit name=msg-megabytes-in-per-second[archv2-nxm-batched] series-count=1 last-value=0.5455465316772461
time=2026-08-02T15:53:15.631-07:00 level=DEBUG msg="promql query logged" test=archv2-nxm-batched tool=conduit-v2 collector=conduit type=conduit collector=conduit type=conduit params="map[end:2026-08-02T22:53:15.631Z query:rate(conduit_connector_bytes_sum{pipeline_name=\"archv2-nxm-batched\",type=\"destination\"}[2s])/1048576 start:2026-08-02T22:53:02.630Z step:1]" stats="&{Timings:{EvalTotalTime:4.8666e-05 ResultSortTime:4.58e-07 QueryPreparationTime:8.208e-06 InnerEvalTime:3.6458e-05 ExecQueueTime:1.208e-06 ExecTotalTime:5.1666e-05} Samples:0x140014bd800}" spanID=0000000000000000
time=2026-08-02T15:53:15.631-07:00 level=WARN msg="Query returned multiple series, only first will be used" test=archv2-nxm-batched tool=conduit-v2 collector=conduit type=conduit collector=conduit type=conduit series-count=2
time=2026-08-02T15:53:15.631-07:00 level=DEBUG msg="Query returned data" test=archv2-nxm-batched tool=conduit-v2 collector=conduit type=conduit collector=conduit type=conduit name=msg-megabytes-out-per-second[archv2-nxm-batched] series-count=1 last-value=1.0962800979614258
time=2026-08-02T15:53:16.114-07:00 level=DEBUG msg="Inspecting container" model=container-monitor name=benchi-conduit
time=2026-08-02T15:53:16.631-07:00 level=DEBUG msg="promql query logged" test=archv2-nxm-batched tool=conduit-v2 collector=conduit type=conduit collector=conduit type=conduit params="map[end:2026-08-02T22:53:16.631Z query:rate(conduit_pipeline_execution_duration_seconds_count{pipeline_name=\"archv2-nxm-batched\"}[2s]) start:2026-08-02T22:53:02.630Z step:1]" stats="&{Timings:{EvalTotalTime:5.2166e-05 ResultSortTime:4.58e-07 QueryPreparationTime:1.8333e-05 InnerEvalTime:2.8291e-05 ExecQueueTime:2.209e-06 ExecTotalTime:5.6875e-05} Samples:0x140016d79e0}" spanID=0000000000000000
time=2026-08-02T15:53:16.631-07:00 level=DEBUG msg="Query returned data" test=archv2-nxm-batched tool=conduit-v2 collector=conduit type=conduit collector=conduit type=conduit name=msg-rate-per-second[archv2-nxm-batched] series-count=1 last-value=39349
time=2026-08-02T15:53:16.631-07:00 level=DEBUG msg="promql query logged" test=archv2-nxm-batched tool=conduit-v2 collector=conduit type=conduit collector=conduit type=conduit params="map[end:2026-08-02T22:53:16.631Z query:rate(conduit_connector_bytes_sum{pipeline_name=\"archv2-nxm-batched\",type=\"source\"}[2s])/1048576 start:2026-08-02T22:53:02.630Z step:1]" stats="&{Timings:{EvalTotalTime:7.2792e-05 ResultSortTime:6.67e-07 QueryPreparationTime:8.5e-06 InnerEvalTime:5.9208e-05 ExecQueueTime:1.417e-06 ExecTotalTime:7.6083e-05} Samples:0x140019480f0}" spanID=0000000000000000
time=2026-08-02T15:53:16.631-07:00 level=WARN msg="Query returned multiple series, only first will be used" test=archv2-nxm-batched tool=conduit-v2 collector=conduit type=conduit collector=conduit type=conduit series-count=2
time=2026-08-02T15:53:16.631-07:00 level=DEBUG msg="Query returned data" test=archv2-nxm-batched tool=conduit-v2 collector=conduit type=conduit collector=conduit type=conduit name=msg-megabytes-in-per-second[archv2-nxm-batched] series-count=1 last-value=0.5552139282226562
time=2026-08-02T15:53:16.631-07:00 level=DEBUG msg="promql query logged" test=archv2-nxm-batched tool=conduit-v2 collector=conduit type=conduit collector=conduit type=conduit params="map[end:2026-08-02T22:53:16.631Z query:rate(conduit_connector_bytes_sum{pipeline_name=\"archv2-nxm-batched\",type=\"destination\"}[2s])/1048576 start:2026-08-02T22:53:02.630Z step:1]" stats="&{Timings:{EvalTotalTime:5.6e-05 ResultSortTime:7.08e-07 QueryPreparationTime:6.958e-06 InnerEvalTime:4.4708e-05 ExecQueueTime:1e-06 ExecTotalTime:5.8834e-05} Samples:0x14001948c30}" spanID=0000000000000000
time=2026-08-02T15:53:16.631-07:00 level=WARN msg="Query returned multiple series, only first will be used" test=archv2-nxm-batched tool=conduit-v2 collector=conduit type=conduit collector=conduit type=conduit series-count=2
time=2026-08-02T15:53:16.632-07:00 level=DEBUG msg="Query returned data" test=archv2-nxm-batched tool=conduit-v2 collector=conduit type=conduit collector=conduit type=conduit name=msg-megabytes-out-per-second[archv2-nxm-batched] series-count=1 last-value=1.110727310180664
time=2026-08-02T15:53:16.641-07:00 level=DEBUG msg="Inspecting container" model=container-monitor name=benchi-conduit
time=2026-08-02T15:53:17.168-07:00 level=DEBUG msg="Inspecting container" model=container-monitor name=benchi-conduit
time=2026-08-02T15:53:17.630-07:00 level=DEBUG msg="promql query logged" test=archv2-nxm-batched tool=conduit-v2 collector=conduit type=conduit collector=conduit type=conduit params="map[end:2026-08-02T22:53:17.630Z query:rate(conduit_pipeline_execution_duration_seconds_count{pipeline_name=\"archv2-nxm-batched\"}[2s]) start:2026-08-02T22:53:02.630Z step:1]" stats="&{Timings:{EvalTotalTime:5.3375e-05 ResultSortTime:2.91e-07 QueryPreparationTime:1.6083e-05 InnerEvalTime:3.2292e-05 ExecQueueTime:2.375e-06 ExecTotalTime:5.775e-05} Samples:0x14001948630}" spanID=0000000000000000
time=2026-08-02T15:53:17.630-07:00 level=DEBUG msg="Query returned data" test=archv2-nxm-batched tool=conduit-v2 collector=conduit type=conduit collector=conduit type=conduit name=msg-rate-per-second[archv2-nxm-batched] series-count=1 last-value=34322
time=2026-08-02T15:53:17.630-07:00 level=INFO msg="Test in progress" test=archv2-nxm-batched tool=conduit-v2 step=test time-left=45s
time=2026-08-02T15:53:17.630-07:00 level=DEBUG msg="promql query logged" test=archv2-nxm-batched tool=conduit-v2 collector=conduit type=conduit collector=conduit type=conduit params="map[end:2026-08-02T22:53:17.630Z query:rate(conduit_connector_bytes_sum{pipeline_name=\"archv2-nxm-batched\",type=\"source\"}[2s])/1048576 start:2026-08-02T22:53:02.630Z step:1]" stats="&{Timings:{EvalTotalTime:8.5208e-05 ResultSortTime:7.91e-07 QueryPreparationTime:7.959e-06 InnerEvalTime:7.2916e-05 ExecQueueTime:8.33e-07 ExecTotalTime:8.9125e-05} Samples:0x14001948ea0}" spanID=0000000000000000
time=2026-08-02T15:53:17.630-07:00 level=WARN msg="Query returned multiple series, only first will be used" test=archv2-nxm-batched tool=conduit-v2 collector=conduit type=conduit collector=conduit type=conduit series-count=2
time=2026-08-02T15:53:17.630-07:00 level=DEBUG msg="Query returned data" test=archv2-nxm-batched tool=conduit-v2 collector=conduit type=conduit collector=conduit type=conduit name=msg-megabytes-in-per-second[archv2-nxm-batched] series-count=1 last-value=0.4849739074707031
time=2026-08-02T15:53:17.630-07:00 level=DEBUG msg="promql query logged" test=archv2-nxm-batched tool=conduit-v2 collector=conduit type=conduit collector=conduit type=conduit params="map[end:2026-08-02T22:53:17.630Z query:rate(conduit_connector_bytes_sum{pipeline_name=\"archv2-nxm-batched\",type=\"destination\"}[2s])/1048576 start:2026-08-02T22:53:02.630Z step:1]" stats="&{Timings:{EvalTotalTime:4.8666e-05 ResultSortTime:4.58e-07 QueryPreparationTime:6.917e-06 InnerEvalTime:3.8208e-05 ExecQueueTime:1.084e-06 ExecTotalTime:5.1083e-05} Samples:0x140019495c0}" spanID=0000000000000000
time=2026-08-02T15:53:17.630-07:00 level=WARN msg="Query returned multiple series, only first will be used" test=archv2-nxm-batched tool=conduit-v2 collector=conduit type=conduit collector=conduit type=conduit series-count=2
time=2026-08-02T15:53:17.631-07:00 level=DEBUG msg="Query returned data" test=archv2-nxm-batched tool=conduit-v2 collector=conduit type=conduit collector=conduit type=conduit name=msg-megabytes-out-per-second[archv2-nxm-batched] series-count=1 last-value=0.9696016311645508
time=2026-08-02T15:53:17.687-07:00 level=DEBUG msg="Inspecting container" model=container-monitor name=benchi-conduit
time=2026-08-02T15:53:18.197-07:00 level=DEBUG msg="Inspecting container" model=container-monitor name=benchi-conduit
time=2026-08-02T15:53:18.630-07:00 level=DEBUG msg="promql query logged" test=archv2-nxm-batched tool=conduit-v2 collector=conduit type=conduit collector=conduit type=conduit params="map[end:2026-08-02T22:53:18.630Z query:rate(conduit_pipeline_execution_duration_seconds_count{pipeline_name=\"archv2-nxm-batched\"}[2s]) start:2026-08-02T22:53:02.630Z step:1]" stats="&{Timings:{EvalTotalTime:5.0333e-05 ResultSortTime:4.17e-07 QueryPreparationTime:1.6e-05 InnerEvalTime:2.9e-05 ExecQueueTime:2.166e-06 ExecTotalTime:5.5e-05} Samples:0x14001b90a80}" spanID=0000000000000000
time=2026-08-02T15:53:18.631-07:00 level=DEBUG msg="Query returned data" test=archv2-nxm-batched tool=conduit-v2 collector=conduit type=conduit collector=conduit type=conduit name=msg-rate-per-second[archv2-nxm-batched] series-count=1 last-value=43100
time=2026-08-02T15:53:18.631-07:00 level=DEBUG msg="promql query logged" test=archv2-nxm-batched tool=conduit-v2 collector=conduit type=conduit collector=conduit type=conduit params="map[end:2026-08-02T22:53:18.631Z query:rate(conduit_connector_bytes_sum{pipeline_name=\"archv2-nxm-batched\",type=\"source\"}[2s])/1048576 start:2026-08-02T22:53:02.630Z step:1]" stats="&{Timings:{EvalTotalTime:6.8792e-05 ResultSortTime:8.34e-07 QueryPreparationTime:6.625e-06 InnerEvalTime:5.8042e-05 ExecQueueTime:8.34e-07 ExecTotalTime:7.1333e-05} Samples:0x14001b91170}" spanID=0000000000000000
time=2026-08-02T15:53:18.631-07:00 level=WARN msg="Query returned multiple series, only first will be used" test=archv2-nxm-batched tool=conduit-v2 collector=conduit type=conduit collector=conduit type=conduit series-count=2
time=2026-08-02T15:53:18.631-07:00 level=DEBUG msg="Query returned data" test=archv2-nxm-batched tool=conduit-v2 collector=conduit type=conduit collector=conduit type=conduit name=msg-megabytes-in-per-second[archv2-nxm-batched] series-count=1 last-value=0.6229648590087891
time=2026-08-02T15:53:18.631-07:00 level=DEBUG msg="promql query logged" test=archv2-nxm-batched tool=conduit-v2 collector=conduit type=conduit collector=conduit type=conduit params="map[end:2026-08-02T22:53:18.631Z query:rate(conduit_connector_bytes_sum{pipeline_name=\"archv2-nxm-batched\",type=\"destination\"}[2s])/1048576 start:2026-08-02T22:53:02.630Z step:1]" stats="&{Timings:{EvalTotalTime:5.7208e-05 ResultSortTime:6.25e-07 QueryPreparationTime:9.75e-06 InnerEvalTime:4.3208e-05 ExecQueueTime:1.417e-06 ExecTotalTime:6.0625e-05} Samples:0x14001b91f20}" spanID=0000000000000000
time=2026-08-02T15:53:18.631-07:00 level=WARN msg="Query returned multiple series, only first will be used" test=archv2-nxm-batched tool=conduit-v2 collector=conduit type=conduit collector=conduit type=conduit series-count=2
time=2026-08-02T15:53:18.631-07:00 level=DEBUG msg="Query returned data" test=archv2-nxm-batched tool=conduit-v2 collector=conduit type=conduit collector=conduit type=conduit name=msg-megabytes-out-per-second[archv2-nxm-batched] series-count=1 last-value=1.2225637435913086
time=2026-08-02T15:53:18.725-07:00 level=DEBUG msg="Inspecting container" model=container-monitor name=benchi-conduit
time=2026-08-02T15:53:19.280-07:00 level=DEBUG msg="Inspecting container" model=container-monitor name=benchi-conduit
time=2026-08-02T15:53:19.630-07:00 level=DEBUG msg="promql query logged" test=archv2-nxm-batched tool=conduit-v2 collector=conduit type=conduit collector=conduit type=conduit params="map[end:2026-08-02T22:53:19.630Z query:rate(conduit_pipeline_execution_duration_seconds_count{pipeline_name=\"archv2-nxm-batched\"}[2s]) start:2026-08-02T22:53:02.630Z step:1]" stats="&{Timings:{EvalTotalTime:4.7542e-05 ResultSortTime:2.92e-07 QueryPreparationTime:1.3375e-05 InnerEvalTime:2.9125e-05 ExecQueueTime:2.041e-06 ExecTotalTime:5.1541e-05} Samples:0x140010bbbc0}" spanID=0000000000000000
time=2026-08-02T15:53:19.631-07:00 level=DEBUG msg="Query returned data" test=archv2-nxm-batched tool=conduit-v2 collector=conduit type=conduit collector=conduit type=conduit name=msg-rate-per-second[archv2-nxm-batched] series-count=1 last-value=40332
time=2026-08-02T15:53:19.631-07:00 level=DEBUG msg="promql query logged" test=archv2-nxm-batched tool=conduit-v2 collector=conduit type=conduit collector=conduit type=conduit params="map[end:2026-08-02T22:53:19.631Z query:rate(conduit_connector_bytes_sum{pipeline_name=\"archv2-nxm-batched\",type=\"source\"}[2s])/1048576 start:2026-08-02T22:53:02.630Z step:1]" stats="&{Timings:{EvalTotalTime:5.0833e-05 ResultSortTime:7.91e-07 QueryPreparationTime:6.417e-06 InnerEvalTime:4.0667e-05 ExecQueueTime:7.49e-07 ExecTotalTime:5.2875e-05} Samples:0x140011f2300}" spanID=0000000000000000
time=2026-08-02T15:53:19.631-07:00 level=WARN msg="Query returned multiple series, only first will be used" test=archv2-nxm-batched tool=conduit-v2 collector=conduit type=conduit collector=conduit type=conduit series-count=2
time=2026-08-02T15:53:19.631-07:00 level=DEBUG msg="Query returned data" test=archv2-nxm-batched tool=conduit-v2 collector=conduit type=conduit collector=conduit type=conduit name=msg-megabytes-in-per-second[archv2-nxm-batched] series-count=1 last-value=0.5880842208862305
time=2026-08-02T15:53:19.631-07:00 level=DEBUG msg="promql query logged" test=archv2-nxm-batched tool=conduit-v2 collector=conduit type=conduit collector=conduit type=conduit params="map[end:2026-08-02T22:53:19.631Z query:rate(conduit_connector_bytes_sum{pipeline_name=\"archv2-nxm-batched\",type=\"destination\"}[2s])/1048576 start:2026-08-02T22:53:02.630Z step:1]" stats="&{Timings:{EvalTotalTime:5.4125e-05 ResultSortTime:4.16e-07 QueryPreparationTime:7.917e-06 InnerEvalTime:4.225e-05 ExecQueueTime:1.208e-06 ExecTotalTime:5.6958e-05} Samples:0x14001700810}" spanID=0000000000000000
time=2026-08-02T15:53:19.631-07:00 level=WARN msg="Query returned multiple series, only first will be used" test=archv2-nxm-batched tool=conduit-v2 collector=conduit type=conduit collector=conduit type=conduit series-count=2
time=2026-08-02T15:53:19.631-07:00 level=DEBUG msg="Query returned data" test=archv2-nxm-batched tool=conduit-v2 collector=conduit type=conduit collector=conduit type=conduit name=msg-megabytes-out-per-second[archv2-nxm-batched] series-count=1 last-value=1.1386642456054688
time=2026-08-02T15:53:19.803-07:00 level=DEBUG msg="Inspecting container" model=container-monitor name=benchi-conduit
time=2026-08-02T15:53:20.318-07:00 level=DEBUG msg="Inspecting container" model=container-monitor name=benchi-conduit
time=2026-08-02T15:53:20.630-07:00 level=DEBUG msg="promql query logged" test=archv2-nxm-batched tool=conduit-v2 collector=conduit type=conduit collector=conduit type=conduit params="map[end:2026-08-02T22:53:20.630Z query:rate(conduit_pipeline_execution_duration_seconds_count{pipeline_name=\"archv2-nxm-batched\"}[2s]) start:2026-08-02T22:53:02.630Z step:1]" stats="&{Timings:{EvalTotalTime:5.7417e-05 ResultSortTime:2.92e-07 QueryPreparationTime:1.7792e-05 InnerEvalTime:3.3083e-05 ExecQueueTime:2.042e-06 ExecTotalTime:6.6125e-05} Samples:0x14000f80000}" spanID=0000000000000000
time=2026-08-02T15:53:20.630-07:00 level=DEBUG msg="Query returned data" test=archv2-nxm-batched tool=conduit-v2 collector=conduit type=conduit collector=conduit type=conduit name=msg-rate-per-second[archv2-nxm-batched] series-count=1 last-value=31117
time=2026-08-02T15:53:20.630-07:00 level=DEBUG msg="promql query logged" test=archv2-nxm-batched tool=conduit-v2 collector=conduit type=conduit collector=conduit type=conduit params="map[end:2026-08-02T22:53:20.630Z query:rate(conduit_connector_bytes_sum{pipeline_name=\"archv2-nxm-batched\",type=\"source\"}[2s])/1048576 start:2026-08-02T22:53:02.630Z step:1]" stats="&{Timings:{EvalTotalTime:9.6542e-05 ResultSortTime:1e-06 QueryPreparationTime:9.375e-06 InnerEvalTime:8.1542e-05 ExecQueueTime:1.624e-06 ExecTotalTime:0.000100167} Samples:0x14000f806c0}" spanID=0000000000000000
time=2026-08-02T15:53:20.630-07:00 level=WARN msg="Query returned multiple series, only first will be used" test=archv2-nxm-batched tool=conduit-v2 collector=conduit type=conduit collector=conduit type=conduit series-count=2
time=2026-08-02T15:53:20.630-07:00 level=DEBUG msg="Query returned data" test=archv2-nxm-batched tool=conduit-v2 collector=conduit type=conduit collector=conduit type=conduit name=msg-megabytes-in-per-second[archv2-nxm-batched] series-count=1 last-value=0.48282718658447266
time=2026-08-02T15:53:20.630-07:00 level=DEBUG msg="promql query logged" test=archv2-nxm-batched tool=conduit-v2 collector=conduit type=conduit collector=conduit type=conduit params="map[end:2026-08-02T22:53:20.630Z query:rate(conduit_connector_bytes_sum{pipeline_name=\"archv2-nxm-batched\",type=\"destination\"}[2s])/1048576 start:2026-08-02T22:53:02.630Z step:1]" stats="&{Timings:{EvalTotalTime:6.6709e-05 ResultSortTime:7.5e-07 QueryPreparationTime:1.0583e-05 InnerEvalTime:5.1083e-05 ExecQueueTime:1.375e-06 ExecTotalTime:7.0875e-05} Samples:0x140013069c0}" spanID=0000000000000000
time=2026-08-02T15:53:20.630-07:00 level=WARN msg="Query returned multiple series, only first will be used" test=archv2-nxm-batched tool=conduit-v2 collector=conduit type=conduit collector=conduit type=conduit series-count=2
time=2026-08-02T15:53:20.630-07:00 level=DEBUG msg="Query returned data" test=archv2-nxm-batched tool=conduit-v2 collector=conduit type=conduit collector=conduit type=conduit name=msg-megabytes-out-per-second[archv2-nxm-batched] series-count=1 last-value=0.8818683624267578
time=2026-08-02T15:53:20.835-07:00 level=DEBUG msg="Inspecting container" model=container-monitor name=benchi-conduit
time=2026-08-02T15:53:21.362-07:00 level=DEBUG msg="Inspecting container" model=container-monitor name=benchi-conduit
time=2026-08-02T15:53:21.630-07:00 level=DEBUG msg="promql query logged" test=archv2-nxm-batched tool=conduit-v2 collector=conduit type=conduit collector=conduit type=conduit params="map[end:2026-08-02T22:53:21.630Z query:rate(conduit_pipeline_execution_duration_seconds_count{pipeline_name=\"archv2-nxm-batched\"}[2s]) start:2026-08-02T22:53:02.630Z step:1]" stats="&{Timings:{EvalTotalTime:4.8292e-05 ResultSortTime:3.75e-07 QueryPreparationTime:1.4167e-05 InnerEvalTime:2.9e-05 ExecQueueTime:2.041e-06 ExecTotalTime:5.325e-05} Samples:0x14001022690}" spanID=0000000000000000
time=2026-08-02T15:53:21.630-07:00 level=DEBUG msg="Query returned data" test=archv2-nxm-batched tool=conduit-v2 collector=conduit type=conduit collector=conduit type=conduit name=msg-rate-per-second[archv2-nxm-batched] series-count=1 last-value=38246
time=2026-08-02T15:53:21.630-07:00 level=DEBUG msg="promql query logged" test=archv2-nxm-batched tool=conduit-v2 collector=conduit type=conduit collector=conduit type=conduit params="map[end:2026-08-02T22:53:21.630Z query:rate(conduit_connector_bytes_sum{pipeline_name=\"archv2-nxm-batched\",type=\"source\"}[2s])/1048576 start:2026-08-02T22:53:02.630Z step:1]" stats="&{Timings:{EvalTotalTime:5.3583e-05 ResultSortTime:8.33e-07 QueryPreparationTime:6.667e-06 InnerEvalTime:4.2959e-05 ExecQueueTime:8.75e-07 ExecTotalTime:5.5791e-05} Samples:0x14001022d50}" spanID=0000000000000000
time=2026-08-02T15:53:21.630-07:00 level=WARN msg="Query returned multiple series, only first will be used" test=archv2-nxm-batched tool=conduit-v2 collector=conduit type=conduit collector=conduit type=conduit series-count=2
time=2026-08-02T15:53:21.631-07:00 level=DEBUG msg="Query returned data" test=archv2-nxm-batched tool=conduit-v2 collector=conduit type=conduit collector=conduit type=conduit name=msg-megabytes-in-per-second[archv2-nxm-batched] series-count=1 last-value=0.5591650009155273
time=2026-08-02T15:53:21.631-07:00 level=DEBUG msg="promql query logged" test=archv2-nxm-batched tool=conduit-v2 collector=conduit type=conduit collector=conduit type=conduit params="map[end:2026-08-02T22:53:21.631Z query:rate(conduit_connector_bytes_sum{pipeline_name=\"archv2-nxm-batched\",type=\"destination\"}[2s])/1048576 start:2026-08-02T22:53:02.630Z step:1]" stats="&{Timings:{EvalTotalTime:4.3791e-05 ResultSortTime:2.92e-07 QueryPreparationTime:5.542e-06 InnerEvalTime:3.4042e-05 ExecQueueTime:8.34e-07 ExecTotalTime:4.6166e-05} Samples:0x14001023a70}" spanID=0000000000000000
time=2026-08-02T15:53:21.631-07:00 level=WARN msg="Query returned multiple series, only first will be used" test=archv2-nxm-batched tool=conduit-v2 collector=conduit type=conduit collector=conduit type=conduit series-count=2
time=2026-08-02T15:53:21.631-07:00 level=DEBUG msg="Query returned data" test=archv2-nxm-batched tool=conduit-v2 collector=conduit type=conduit collector=conduit type=conduit name=msg-megabytes-out-per-second[archv2-nxm-batched] series-count=1 last-value=1.0783863067626953
time=2026-08-02T15:53:21.908-07:00 level=DEBUG msg="Inspecting container" model=container-monitor name=benchi-conduit
time=2026-08-02T15:53:22.430-07:00 level=DEBUG msg="Inspecting container" model=container-monitor name=benchi-conduit
time=2026-08-02T15:53:22.630-07:00 level=INFO msg="Test in progress" test=archv2-nxm-batched tool=conduit-v2 step=test time-left=40s
time=2026-08-02T15:53:22.630-07:00 level=DEBUG msg="promql query logged" test=archv2-nxm-batched tool=conduit-v2 collector=conduit type=conduit collector=conduit type=conduit params="map[end:2026-08-02T22:53:22.630Z query:rate(conduit_pipeline_execution_duration_seconds_count{pipeline_name=\"archv2-nxm-batched\"}[2s]) start:2026-08-02T22:53:02.630Z step:1]" stats="&{Timings:{EvalTotalTime:5.0333e-05 ResultSortTime:3.75e-07 QueryPreparationTime:1.5292e-05 InnerEvalTime:2.9958e-05 ExecQueueTime:3.709e-06 ExecTotalTime:5.5875e-05} Samples:0x14000f0e3f0}" spanID=0000000000000000
time=2026-08-02T15:53:22.630-07:00 level=DEBUG msg="Query returned data" test=archv2-nxm-batched tool=conduit-v2 collector=conduit type=conduit collector=conduit type=conduit name=msg-rate-per-second[archv2-nxm-batched] series-count=1 last-value=36429
time=2026-08-02T15:53:22.630-07:00 level=DEBUG msg="promql query logged" test=archv2-nxm-batched tool=conduit-v2 collector=conduit type=conduit collector=conduit type=conduit params="map[end:2026-08-02T22:53:22.630Z query:rate(conduit_connector_bytes_sum{pipeline_name=\"archv2-nxm-batched\",type=\"source\"}[2s])/1048576 start:2026-08-02T22:53:02.630Z step:1]" stats="&{Timings:{EvalTotalTime:5.7708e-05 ResultSortTime:6.66e-07 QueryPreparationTime:5.542e-06 InnerEvalTime:4.7958e-05 ExecQueueTime:7.92e-07 ExecTotalTime:6.1166e-05} Samples:0x14000f0eae0}" spanID=0000000000000000
time=2026-08-02T15:53:22.630-07:00 level=WARN msg="Query returned multiple series, only first will be used" test=archv2-nxm-batched tool=conduit-v2 collector=conduit type=conduit collector=conduit type=conduit series-count=2
time=2026-08-02T15:53:22.630-07:00 level=DEBUG msg="Query returned data" test=archv2-nxm-batched tool=conduit-v2 collector=conduit type=conduit collector=conduit type=conduit name=msg-megabytes-in-per-second[archv2-nxm-batched] series-count=1 last-value=0.5060596466064453
time=2026-08-02T15:53:22.631-07:00 level=DEBUG msg="promql query logged" test=archv2-nxm-batched tool=conduit-v2 collector=conduit type=conduit collector=conduit type=conduit params="map[end:2026-08-02T22:53:22.631Z query:rate(conduit_connector_bytes_sum{pipeline_name=\"archv2-nxm-batched\",type=\"destination\"}[2s])/1048576 start:2026-08-02T22:53:02.630Z step:1]" stats="&{Timings:{EvalTotalTime:4.4875e-05 ResultSortTime:3.34e-07 QueryPreparationTime:4.833e-06 InnerEvalTime:3.6833e-05 ExecQueueTime:6.67e-07 ExecTotalTime:4.6875e-05} Samples:0x14001232ba0}" spanID=0000000000000000
time=2026-08-02T15:53:22.631-07:00 level=WARN msg="Query returned multiple series, only first will be used" test=archv2-nxm-batched tool=conduit-v2 collector=conduit type=conduit collector=conduit type=conduit series-count=2
time=2026-08-02T15:53:22.631-07:00 level=DEBUG msg="Query returned data" test=archv2-nxm-batched tool=conduit-v2 collector=conduit type=conduit collector=conduit type=conduit name=msg-megabytes-out-per-second[archv2-nxm-batched] series-count=1 last-value=1.029378890991211
time=2026-08-02T15:53:22.945-07:00 level=DEBUG msg="Inspecting container" model=container-monitor name=benchi-conduit
time=2026-08-02T15:53:23.472-07:00 level=DEBUG msg="Inspecting container" model=container-monitor name=benchi-conduit
time=2026-08-02T15:53:23.630-07:00 level=DEBUG msg="promql query logged" test=archv2-nxm-batched tool=conduit-v2 collector=conduit type=conduit collector=conduit type=conduit params="map[end:2026-08-02T22:53:23.630Z query:rate(conduit_pipeline_execution_duration_seconds_count{pipeline_name=\"archv2-nxm-batched\"}[2s]) start:2026-08-02T22:53:02.630Z step:1]" stats="&{Timings:{EvalTotalTime:7.5834e-05 ResultSortTime:6.25e-07 QueryPreparationTime:2.2959e-05 InnerEvalTime:4.5459e-05 ExecQueueTime:2.917e-06 ExecTotalTime:8.1708e-05} Samples:0x140011f7050}" spanID=0000000000000000
time=2026-08-02T15:53:23.630-07:00 level=DEBUG msg="Query returned data" test=archv2-nxm-batched tool=conduit-v2 collector=conduit type=conduit collector=conduit type=conduit name=msg-rate-per-second[archv2-nxm-batched] series-count=1 last-value=37474.05189620758
time=2026-08-02T15:53:23.630-07:00 level=DEBUG msg="promql query logged" test=archv2-nxm-batched tool=conduit-v2 collector=conduit type=conduit collector=conduit type=conduit params="map[end:2026-08-02T22:53:23.630Z query:rate(conduit_connector_bytes_sum{pipeline_name=\"archv2-nxm-batched\",type=\"source\"}[2s])/1048576 start:2026-08-02T22:53:02.630Z step:1]" stats="&{Timings:{EvalTotalTime:7.0375e-05 ResultSortTime:8.75e-07 QueryPreparationTime:9.25e-06 InnerEvalTime:5.6375e-05 ExecQueueTime:1.333e-06 ExecTotalTime:7.3417e-05} Samples:0x140011f7710}" spanID=0000000000000000
time=2026-08-02T15:53:23.630-07:00 level=WARN msg="Query returned multiple series, only first will be used" test=archv2-nxm-batched tool=conduit-v2 collector=conduit type=conduit collector=conduit type=conduit series-count=2
time=2026-08-02T15:53:23.631-07:00 level=DEBUG msg="Query returned data" test=archv2-nxm-batched tool=conduit-v2 collector=conduit type=conduit collector=conduit type=conduit name=msg-megabytes-in-per-second[archv2-nxm-batched] series-count=1 last-value=0.5357612868744932
time=2026-08-02T15:53:23.631-07:00 level=DEBUG msg="promql query logged" test=archv2-nxm-batched tool=conduit-v2 collector=conduit type=conduit collector=conduit type=conduit params="map[end:2026-08-02T22:53:23.631Z query:rate(conduit_connector_bytes_sum{pipeline_name=\"archv2-nxm-batched\",type=\"destination\"}[2s])/1048576 start:2026-08-02T22:53:02.630Z step:1]" stats="&{Timings:{EvalTotalTime:5.7917e-05 ResultSortTime:3.75e-07 QueryPreparationTime:7.917e-06 InnerEvalTime:4.6375e-05 ExecQueueTime:9.16e-07 ExecTotalTime:6.1e-05} Samples:0x140015765d0}" spanID=0000000000000000
time=2026-08-02T15:53:23.631-07:00 level=WARN msg="Query returned multiple series, only first will be used" test=archv2-nxm-batched tool=conduit-v2 collector=conduit type=conduit collector=conduit type=conduit series-count=2
time=2026-08-02T15:53:23.631-07:00 level=DEBUG msg="Query returned data" test=archv2-nxm-batched tool=conduit-v2 collector=conduit type=conduit collector=conduit type=conduit name=msg-megabytes-out-per-second[archv2-nxm-batched] series-count=1 last-value=1.0588345175493739
time=2026-08-02T15:53:23.996-07:00 level=DEBUG msg="Inspecting container" model=container-monitor name=benchi-conduit
time=2026-08-02T15:53:24.539-07:00 level=DEBUG msg="Inspecting container" model=container-monitor name=benchi-conduit
time=2026-08-02T15:53:24.630-07:00 level=DEBUG msg="promql query logged" test=archv2-nxm-batched tool=conduit-v2 collector=conduit type=conduit collector=conduit type=conduit params="map[end:2026-08-02T22:53:24.630Z query:rate(conduit_pipeline_execution_duration_seconds_count{pipeline_name=\"archv2-nxm-batched\"}[2s]) start:2026-08-02T22:53:02.630Z step:1]" stats="&{Timings:{EvalTotalTime:5.0875e-05 ResultSortTime:6.25e-07 QueryPreparationTime:1.4125e-05 InnerEvalTime:3.0041e-05 ExecQueueTime:2.25e-06 ExecTotalTime:5.575e-05} Samples:0x14001577d10}" spanID=0000000000000000
time=2026-08-02T15:53:24.630-07:00 level=DEBUG msg="Query returned data" test=archv2-nxm-batched tool=conduit-v2 collector=conduit type=conduit collector=conduit type=conduit name=msg-rate-per-second[archv2-nxm-batched] series-count=1 last-value=37211.42284569138
time=2026-08-02T15:53:24.630-07:00 level=DEBUG msg="promql query logged" test=archv2-nxm-batched tool=conduit-v2 collector=conduit type=conduit collector=conduit type=conduit params="map[end:2026-08-02T22:53:24.630Z query:rate(conduit_connector_bytes_sum{pipeline_name=\"archv2-nxm-batched\",type=\"source\"}[2s])/1048576 start:2026-08-02T22:53:02.630Z step:1]" stats="&{Timings:{EvalTotalTime:5.8125e-05 ResultSortTime:7.91e-07 QueryPreparationTime:6.958e-06 InnerEvalTime:4.7125e-05 ExecQueueTime:1e-06 ExecTotalTime:6.1958e-05} Samples:0x140014bc450}" spanID=0000000000000000
time=2026-08-02T15:53:24.631-07:00 level=WARN msg="Query returned multiple series, only first will be used" test=archv2-nxm-batched tool=conduit-v2 collector=conduit type=conduit collector=conduit type=conduit series-count=2
time=2026-08-02T15:53:24.631-07:00 level=DEBUG msg="Query returned data" test=archv2-nxm-batched tool=conduit-v2 collector=conduit type=conduit collector=conduit type=conduit name=msg-megabytes-in-per-second[archv2-nxm-batched] series-count=1 last-value=0.544260403436267
time=2026-08-02T15:53:24.631-07:00 level=DEBUG msg="promql query logged" test=archv2-nxm-batched tool=conduit-v2 collector=conduit type=conduit collector=conduit type=conduit params="map[end:2026-08-02T22:53:24.631Z query:rate(conduit_connector_bytes_sum{pipeline_name=\"archv2-nxm-batched\",type=\"destination\"}[2s])/1048576 start:2026-08-02T22:53:02.630Z step:1]" stats="&{Timings:{EvalTotalTime:5.575e-05 ResultSortTime:4.59e-07 QueryPreparationTime:8e-06 InnerEvalTime:4.3458e-05 ExecQueueTime:9.58e-07 ExecTotalTime:5.8334e-05} Samples:0x140014bd170}" spanID=0000000000000000
time=2026-08-02T15:53:24.631-07:00 level=WARN msg="Query returned multiple series, only first will be used" test=archv2-nxm-batched tool=conduit-v2 collector=conduit type=conduit collector=conduit type=conduit series-count=2
time=2026-08-02T15:53:24.631-07:00 level=DEBUG msg="Query returned data" test=archv2-nxm-batched tool=conduit-v2 collector=conduit type=conduit collector=conduit type=conduit name=msg-megabytes-out-per-second[archv2-nxm-batched] series-count=1 last-value=1.0521598234921992
time=2026-08-02T15:53:25.065-07:00 level=DEBUG msg="Inspecting container" model=container-monitor name=benchi-conduit
time=2026-08-02T15:53:25.581-07:00 level=DEBUG msg="Inspecting container" model=container-monitor name=benchi-conduit
time=2026-08-02T15:53:25.631-07:00 level=DEBUG msg="promql query logged" test=archv2-nxm-batched tool=conduit-v2 collector=conduit type=conduit collector=conduit type=conduit params="map[end:2026-08-02T22:53:25.631Z query:rate(conduit_pipeline_execution_duration_seconds_count{pipeline_name=\"archv2-nxm-batched\"}[2s]) start:2026-08-02T22:53:02.630Z step:1]" stats="&{Timings:{EvalTotalTime:6.2083e-05 ResultSortTime:3.75e-07 QueryPreparationTime:1.8208e-05 InnerEvalTime:3.7792e-05 ExecQueueTime:2.875e-06 ExecTotalTime:6.75e-05} Samples:0x140016d6b70}" spanID=0000000000000000
time=2026-08-02T15:53:25.631-07:00 level=DEBUG msg="Query returned data" test=archv2-nxm-batched tool=conduit-v2 collector=conduit type=conduit collector=conduit type=conduit name=msg-rate-per-second[archv2-nxm-batched] series-count=1 last-value=39140.71856287425
time=2026-08-02T15:53:25.631-07:00 level=DEBUG msg="promql query logged" test=archv2-nxm-batched tool=conduit-v2 collector=conduit type=conduit collector=conduit type=conduit params="map[end:2026-08-02T22:53:25.631Z query:rate(conduit_connector_bytes_sum{pipeline_name=\"archv2-nxm-batched\",type=\"source\"}[2s])/1048576 start:2026-08-02T22:53:02.630Z step:1]" stats="&{Timings:{EvalTotalTime:6.7958e-05 ResultSortTime:7.5e-07 QueryPreparationTime:9.292e-06 InnerEvalTime:5.45e-05 ExecQueueTime:1.083e-06 ExecTotalTime:7.2417e-05} Samples:0x140016d7230}" spanID=0000000000000000
time=2026-08-02T15:53:25.631-07:00 level=WARN msg="Query returned multiple series, only first will be used" test=archv2-nxm-batched tool=conduit-v2 collector=conduit type=conduit collector=conduit type=conduit series-count=2
time=2026-08-02T15:53:25.631-07:00 level=DEBUG msg="Query returned data" test=archv2-nxm-batched tool=conduit-v2 collector=conduit type=conduit collector=conduit type=conduit name=msg-megabytes-in-per-second[archv2-nxm-batched] series-count=1 last-value=0.5529160033205074
time=2026-08-02T15:53:25.631-07:00 level=DEBUG msg="promql query logged" test=archv2-nxm-batched tool=conduit-v2 collector=conduit type=conduit collector=conduit type=conduit params="map[end:2026-08-02T22:53:25.631Z query:rate(conduit_connector_bytes_sum{pipeline_name=\"archv2-nxm-batched\",type=\"destination\"}[2s])/1048576 start:2026-08-02T22:53:02.630Z step:1]" stats="&{Timings:{EvalTotalTime:5.15e-05 ResultSortTime:6.25e-07 QueryPreparationTime:8.5e-06 InnerEvalTime:3.95e-05 ExecQueueTime:1.208e-06 ExecTotalTime:5.4542e-05} Samples:0x140014f4cc0}" spanID=0000000000000000
time=2026-08-02T15:53:25.631-07:00 level=WARN msg="Query returned multiple series, only first will be used" test=archv2-nxm-batched tool=conduit-v2 collector=conduit type=conduit collector=conduit type=conduit series-count=2
time=2026-08-02T15:53:25.631-07:00 level=DEBUG msg="Query returned data" test=archv2-nxm-batched tool=conduit-v2 collector=conduit type=conduit collector=conduit type=conduit name=msg-megabytes-out-per-second[archv2-nxm-batched] series-count=1 last-value=1.1095220219351336
time=2026-08-02T15:53:26.102-07:00 level=DEBUG msg="Inspecting container" model=container-monitor name=benchi-conduit
time=2026-08-02T15:53:26.625-07:00 level=DEBUG msg="Inspecting container" model=container-monitor name=benchi-conduit
time=2026-08-02T15:53:26.631-07:00 level=DEBUG msg="promql query logged" test=archv2-nxm-batched tool=conduit-v2 collector=conduit type=conduit collector=conduit type=conduit params="map[end:2026-08-02T22:53:26.631Z query:rate(conduit_pipeline_execution_duration_seconds_count{pipeline_name=\"archv2-nxm-batched\"}[2s]) start:2026-08-02T22:53:02.630Z step:1]" stats="&{Timings:{EvalTotalTime:4.9833e-05 ResultSortTime:3.75e-07 QueryPreparationTime:1.4708e-05 InnerEvalTime:3.0333e-05 ExecQueueTime:2.291e-06 ExecTotalTime:5.4208e-05} Samples:0x1400152aa20}" spanID=0000000000000000
time=2026-08-02T15:53:26.631-07:00 level=DEBUG msg="Query returned data" test=archv2-nxm-batched tool=conduit-v2 collector=conduit type=conduit collector=conduit type=conduit name=msg-rate-per-second[archv2-nxm-batched] series-count=1 last-value=42125.250501001996
time=2026-08-02T15:53:26.631-07:00 level=DEBUG msg="promql query logged" test=archv2-nxm-batched tool=conduit-v2 collector=conduit type=conduit collector=conduit type=conduit params="map[end:2026-08-02T22:53:26.631Z query:rate(conduit_connector_bytes_sum{pipeline_name=\"archv2-nxm-batched\",type=\"source\"}[2s])/1048576 start:2026-08-02T22:53:02.630Z step:1]" stats="&{Timings:{EvalTotalTime:5.4917e-05 ResultSortTime:6.67e-07 QueryPreparationTime:5.167e-06 InnerEvalTime:4.625e-05 ExecQueueTime:6.67e-07 ExecTotalTime:5.75e-05} Samples:0x1400152b0e0}" spanID=0000000000000000
time=2026-08-02T15:53:26.631-07:00 level=WARN msg="Query returned multiple series, only first will be used" test=archv2-nxm-batched tool=conduit-v2 collector=conduit type=conduit collector=conduit type=conduit series-count=2
time=2026-08-02T15:53:26.632-07:00 level=DEBUG msg="Query returned data" test=archv2-nxm-batched tool=conduit-v2 collector=conduit type=conduit collector=conduit type=conduit name=msg-megabytes-in-per-second[archv2-nxm-batched] series-count=1 last-value=0.602424025296687
time=2026-08-02T15:53:26.632-07:00 level=DEBUG msg="promql query logged" test=archv2-nxm-batched tool=conduit-v2 collector=conduit type=conduit collector=conduit type=conduit params="map[end:2026-08-02T22:53:26.632Z query:rate(conduit_connector_bytes_sum{pipeline_name=\"archv2-nxm-batched\",type=\"destination\"}[2s])/1048576 start:2026-08-02T22:53:02.630Z step:1]" stats="&{Timings:{EvalTotalTime:6.25e-05 ResultSortTime:5.83e-07 QueryPreparationTime:9.042e-06 InnerEvalTime:4.9042e-05 ExecQueueTime:1.208e-06 ExecTotalTime:6.5458e-05} Samples:0x1400152be60}" spanID=0000000000000000
time=2026-08-02T15:53:26.632-07:00 level=WARN msg="Query returned multiple series, only first will be used" test=archv2-nxm-batched tool=conduit-v2 collector=conduit type=conduit collector=conduit type=conduit series-count=2
time=2026-08-02T15:53:26.632-07:00 level=DEBUG msg="Query returned data" test=archv2-nxm-batched tool=conduit-v2 collector=conduit type=conduit collector=conduit type=conduit name=msg-megabytes-out-per-second[archv2-nxm-batched] series-count=1 last-value=1.1880383462848547
time=2026-08-02T15:53:27.146-07:00 level=DEBUG msg="Inspecting container" model=container-monitor name=benchi-conduit
time=2026-08-02T15:53:27.630-07:00 level=INFO msg="Test in progress" test=archv2-nxm-batched tool=conduit-v2 step=test time-left=35s
time=2026-08-02T15:53:27.630-07:00 level=DEBUG msg="promql query logged" test=archv2-nxm-batched tool=conduit-v2 collector=conduit type=conduit collector=conduit type=conduit params="map[end:2026-08-02T22:53:27.630Z query:rate(conduit_pipeline_execution_duration_seconds_count{pipeline_name=\"archv2-nxm-batched\"}[2s]) start:2026-08-02T22:53:02.630Z step:1]" stats="&{Timings:{EvalTotalTime:5.7625e-05 ResultSortTime:4.59e-07 QueryPreparationTime:1.625e-05 InnerEvalTime:3.4166e-05 ExecQueueTime:2.083e-06 ExecTotalTime:6.2625e-05} Samples:0x140015678f0}" spanID=0000000000000000
time=2026-08-02T15:53:27.630-07:00 level=DEBUG msg="Query returned data" test=archv2-nxm-batched tool=conduit-v2 collector=conduit type=conduit collector=conduit type=conduit name=msg-rate-per-second[archv2-nxm-batched] series-count=1 last-value=40300
time=2026-08-02T15:53:27.631-07:00 level=DEBUG msg="promql query logged" test=archv2-nxm-batched tool=conduit-v2 collector=conduit type=conduit collector=conduit type=conduit params="map[end:2026-08-02T22:53:27.630Z query:rate(conduit_connector_bytes_sum{pipeline_name=\"archv2-nxm-batched\",type=\"source\"}[2s])/1048576 start:2026-08-02T22:53:02.630Z step:1]" stats="&{Timings:{EvalTotalTime:6.9959e-05 ResultSortTime:1.042e-06 QueryPreparationTime:7.833e-06 InnerEvalTime:5.6541e-05 ExecQueueTime:1.001e-06 ExecTotalTime:7.3208e-05} Samples:0x1400172c030}" spanID=0000000000000000
time=2026-08-02T15:53:27.631-07:00 level=WARN msg="Query returned multiple series, only first will be used" test=archv2-nxm-batched tool=conduit-v2 collector=conduit type=conduit collector=conduit type=conduit series-count=2
time=2026-08-02T15:53:27.631-07:00 level=DEBUG msg="Query returned data" test=archv2-nxm-batched tool=conduit-v2 collector=conduit type=conduit collector=conduit type=conduit name=msg-megabytes-in-per-second[archv2-nxm-batched] series-count=1 last-value=0.571502685546875
time=2026-08-02T15:53:27.631-07:00 level=DEBUG msg="promql query logged" test=archv2-nxm-batched tool=conduit-v2 collector=conduit type=conduit collector=conduit type=conduit params="map[end:2026-08-02T22:53:27.631Z query:rate(conduit_connector_bytes_sum{pipeline_name=\"archv2-nxm-batched\",type=\"destination\"}[2s])/1048576 start:2026-08-02T22:53:02.630Z step:1]" stats="&{Timings:{EvalTotalTime:7.1333e-05 ResultSortTime:5.41e-07 QueryPreparationTime:7.666e-06 InnerEvalTime:5.925e-05 ExecQueueTime:9.58e-07 ExecTotalTime:7.45e-05} Samples:0x1400172ce10}" spanID=0000000000000000
time=2026-08-02T15:53:27.631-07:00 level=WARN msg="Query returned multiple series, only first will be used" test=archv2-nxm-batched tool=conduit-v2 collector=conduit type=conduit collector=conduit type=conduit series-count=2
time=2026-08-02T15:53:27.631-07:00 level=DEBUG msg="Query returned data" test=archv2-nxm-batched tool=conduit-v2 collector=conduit type=conduit collector=conduit type=conduit name=msg-megabytes-out-per-second[archv2-nxm-batched] series-count=1 last-value=1.1395902633666992
time=2026-08-02T15:53:27.680-07:00 level=DEBUG msg="Inspecting container" model=container-monitor name=benchi-conduit
time=2026-08-02T15:53:28.202-07:00 level=DEBUG msg="Inspecting container" model=container-monitor name=benchi-conduit
time=2026-08-02T15:53:28.630-07:00 level=DEBUG msg="promql query logged" test=archv2-nxm-batched tool=conduit-v2 collector=conduit type=conduit collector=conduit type=conduit params="map[end:2026-08-02T22:53:28.630Z query:rate(conduit_pipeline_execution_duration_seconds_count{pipeline_name=\"archv2-nxm-batched\"}[2s]) start:2026-08-02T22:53:02.630Z step:1]" stats="&{Timings:{EvalTotalTime:5.55e-05 ResultSortTime:4.17e-07 QueryPreparationTime:1.6209e-05 InnerEvalTime:3.4166e-05 ExecQueueTime:2.417e-06 ExecTotalTime:6.0708e-05} Samples:0x140016c6fc0}" spanID=0000000000000000
time=2026-08-02T15:53:28.630-07:00 level=DEBUG msg="Query returned data" test=archv2-nxm-batched tool=conduit-v2 collector=conduit type=conduit collector=conduit type=conduit name=msg-rate-per-second[archv2-nxm-batched] series-count=1 last-value=42057
time=2026-08-02T15:53:28.630-07:00 level=DEBUG msg="promql query logged" test=archv2-nxm-batched tool=conduit-v2 collector=conduit type=conduit collector=conduit type=conduit params="map[end:2026-08-02T22:53:28.630Z query:rate(conduit_connector_bytes_sum{pipeline_name=\"archv2-nxm-batched\",type=\"source\"}[2s])/1048576 start:2026-08-02T22:53:02.630Z step:1]" stats="&{Timings:{EvalTotalTime:6.2542e-05 ResultSortTime:8.75e-07 QueryPreparationTime:6.25e-06 InnerEvalTime:5.225e-05 ExecQueueTime:7.91e-07 ExecTotalTime:6.4583e-05} Samples:0x140016c7680}" spanID=0000000000000000
time=2026-08-02T15:53:28.630-07:00 level=WARN msg="Query returned multiple series, only first will be used" test=archv2-nxm-batched tool=conduit-v2 collector=conduit type=conduit collector=conduit type=conduit series-count=2
time=2026-08-02T15:53:28.631-07:00 level=DEBUG msg="Query returned data" test=archv2-nxm-batched tool=conduit-v2 collector=conduit type=conduit collector=conduit type=conduit name=msg-megabytes-in-per-second[archv2-nxm-batched] series-count=1 last-value=0.5947370529174805
time=2026-08-02T15:53:28.631-07:00 level=DEBUG msg="promql query logged" test=archv2-nxm-batched tool=conduit-v2 collector=conduit type=conduit collector=conduit type=conduit params="map[end:2026-08-02T22:53:28.631Z query:rate(conduit_connector_bytes_sum{pipeline_name=\"archv2-nxm-batched\",type=\"destination\"}[2s])/1048576 start:2026-08-02T22:53:02.630Z step:1]" stats="&{Timings:{EvalTotalTime:4.8375e-05 ResultSortTime:5.84e-07 QueryPreparationTime:7.708e-06 InnerEvalTime:3.7666e-05 ExecQueueTime:1.083e-06 ExecTotalTime:5.075e-05} Samples:0x140017d0ab0}" spanID=0000000000000000
time=2026-08-02T15:53:28.631-07:00 level=WARN msg="Query returned multiple series, only first will be used" test=archv2-nxm-batched tool=conduit-v2 collector=conduit type=conduit collector=conduit type=conduit series-count=2
time=2026-08-02T15:53:28.631-07:00 level=DEBUG msg="Query returned data" test=archv2-nxm-batched tool=conduit-v2 collector=conduit type=conduit collector=conduit type=conduit name=msg-megabytes-out-per-second[archv2-nxm-batched] series-count=1 last-value=1.1884832382202148
time=2026-08-02T15:53:28.719-07:00 level=DEBUG msg="Inspecting container" model=container-monitor name=benchi-conduit
time=2026-08-02T15:53:29.226-07:00 level=DEBUG msg="Inspecting container" model=container-monitor name=benchi-conduit
time=2026-08-02T15:53:29.630-07:00 level=DEBUG msg="promql query logged" test=archv2-nxm-batched tool=conduit-v2 collector=conduit type=conduit collector=conduit type=conduit params="map[end:2026-08-02T22:53:29.630Z query:rate(conduit_pipeline_execution_duration_seconds_count{pipeline_name=\"archv2-nxm-batched\"}[2s]) start:2026-08-02T22:53:02.630Z step:1]" stats="&{Timings:{EvalTotalTime:5.5417e-05 ResultSortTime:3.75e-07 QueryPreparationTime:1.5709e-05 InnerEvalTime:3.3875e-05 ExecQueueTime:2.292e-06 ExecTotalTime:6.0541e-05} Samples:0x1400182ed80}" spanID=0000000000000000
time=2026-08-02T15:53:29.630-07:00 level=DEBUG msg="Query returned data" test=archv2-nxm-batched tool=conduit-v2 collector=conduit type=conduit collector=conduit type=conduit name=msg-rate-per-second[archv2-nxm-batched] series-count=1 last-value=37619
time=2026-08-02T15:53:29.630-07:00 level=DEBUG msg="promql query logged" test=archv2-nxm-batched tool=conduit-v2 collector=conduit type=conduit collector=conduit type=conduit params="map[end:2026-08-02T22:53:29.630Z query:rate(conduit_connector_bytes_sum{pipeline_name=\"archv2-nxm-batched\",type=\"source\"}[2s])/1048576 start:2026-08-02T22:53:02.630Z step:1]" stats="&{Timings:{EvalTotalTime:6.9334e-05 ResultSortTime:9.16e-07 QueryPreparationTime:8.417e-06 InnerEvalTime:5.5833e-05 ExecQueueTime:1.375e-06 ExecTotalTime:7.2584e-05} Samples:0x1400182f440}" spanID=0000000000000000
time=2026-08-02T15:53:29.630-07:00 level=WARN msg="Query returned multiple series, only first will be used" test=archv2-nxm-batched tool=conduit-v2 collector=conduit type=conduit collector=conduit type=conduit series-count=2
time=2026-08-02T15:53:29.631-07:00 level=DEBUG msg="Query returned data" test=archv2-nxm-batched tool=conduit-v2 collector=conduit type=conduit collector=conduit type=conduit name=msg-megabytes-in-per-second[archv2-nxm-batched] series-count=1 last-value=0.5412530899047852
time=2026-08-02T15:53:29.631-07:00 level=DEBUG msg="promql query logged" test=archv2-nxm-batched tool=conduit-v2 collector=conduit type=conduit collector=conduit type=conduit params="map[end:2026-08-02T22:53:29.631Z query:rate(conduit_connector_bytes_sum{pipeline_name=\"archv2-nxm-batched\",type=\"destination\"}[2s])/1048576 start:2026-08-02T22:53:02.630Z step:1]" stats="&{Timings:{EvalTotalTime:6.4708e-05 ResultSortTime:5.83e-07 QueryPreparationTime:8.042e-06 InnerEvalTime:5.2209e-05 ExecQueueTime:1.125e-06 ExecTotalTime:6.7667e-05} Samples:0x1400194e300}" spanID=0000000000000000
time=2026-08-02T15:53:29.631-07:00 level=WARN msg="Query returned multiple series, only first will be used" test=archv2-nxm-batched tool=conduit-v2 collector=conduit type=conduit collector=conduit type=conduit series-count=2
time=2026-08-02T15:53:29.631-07:00 level=DEBUG msg="Query returned data" test=archv2-nxm-batched tool=conduit-v2 collector=conduit type=conduit collector=conduit type=conduit name=msg-megabytes-out-per-second[archv2-nxm-batched] series-count=1 last-value=1.0629806518554688
time=2026-08-02T15:53:29.745-07:00 level=DEBUG msg="Inspecting container" model=container-monitor name=benchi-conduit
time=2026-08-02T15:53:30.274-07:00 level=DEBUG msg="Inspecting container" model=container-monitor name=benchi-conduit
time=2026-08-02T15:53:30.630-07:00 level=DEBUG msg="promql query logged" test=archv2-nxm-batched tool=conduit-v2 collector=conduit type=conduit collector=conduit type=conduit params="map[end:2026-08-02T22:53:30.630Z query:rate(conduit_pipeline_execution_duration_seconds_count{pipeline_name=\"archv2-nxm-batched\"}[2s]) start:2026-08-02T22:53:02.630Z step:1]" stats="&{Timings:{EvalTotalTime:5.5458e-05 ResultSortTime:3.34e-07 QueryPreparationTime:1.5292e-05 InnerEvalTime:3.4792e-05 ExecQueueTime:2.416e-06 ExecTotalTime:6.0834e-05} Samples:0x140018e27e0}" spanID=0000000000000000
time=2026-08-02T15:53:30.630-07:00 level=DEBUG msg="Query returned data" test=archv2-nxm-batched tool=conduit-v2 collector=conduit type=conduit collector=conduit type=conduit name=msg-rate-per-second[archv2-nxm-batched] series-count=1 last-value=38875
time=2026-08-02T15:53:30.630-07:00 level=DEBUG msg="promql query logged" test=archv2-nxm-batched tool=conduit-v2 collector=conduit type=conduit collector=conduit type=conduit params="map[end:2026-08-02T22:53:30.630Z query:rate(conduit_connector_bytes_sum{pipeline_name=\"archv2-nxm-batched\",type=\"source\"}[2s])/1048576 start:2026-08-02T22:53:02.630Z step:1]" stats="&{Timings:{EvalTotalTime:9.7667e-05 ResultSortTime:8.75e-07 QueryPreparationTime:8.5e-06 InnerEvalTime:8.4542e-05 ExecQueueTime:1.125e-06 ExecTotalTime:0.0001005} Samples:0x140018e2ed0}" spanID=0000000000000000
time=2026-08-02T15:53:30.631-07:00 level=WARN msg="Query returned multiple series, only first will be used" test=archv2-nxm-batched tool=conduit-v2 collector=conduit type=conduit collector=conduit type=conduit series-count=2
time=2026-08-02T15:53:30.631-07:00 level=DEBUG msg="Query returned data" test=archv2-nxm-batched tool=conduit-v2 collector=conduit type=conduit collector=conduit type=conduit name=msg-megabytes-in-per-second[archv2-nxm-batched] series-count=1 last-value=0.5314359664916992
time=2026-08-02T15:53:30.631-07:00 level=DEBUG msg="promql query logged" test=archv2-nxm-batched tool=conduit-v2 collector=conduit type=conduit collector=conduit type=conduit params="map[end:2026-08-02T22:53:30.631Z query:rate(conduit_connector_bytes_sum{pipeline_name=\"archv2-nxm-batched\",type=\"destination\"}[2s])/1048576 start:2026-08-02T22:53:02.630Z step:1]" stats="&{Timings:{EvalTotalTime:5.6625e-05 ResultSortTime:4.59e-07 QueryPreparationTime:5.959e-06 InnerEvalTime:4.7042e-05 ExecQueueTime:8.33e-07 ExecTotalTime:5.9084e-05} Samples:0x140018e3dd0}" spanID=0000000000000000
time=2026-08-02T15:53:30.631-07:00 level=WARN msg="Query returned multiple series, only first will be used" test=archv2-nxm-batched tool=conduit-v2 collector=conduit type=conduit collector=conduit type=conduit series-count=2
time=2026-08-02T15:53:30.631-07:00 level=DEBUG msg="Query returned data" test=archv2-nxm-batched tool=conduit-v2 collector=conduit type=conduit collector=conduit type=conduit name=msg-megabytes-out-per-second[archv2-nxm-batched] series-count=1 last-value=1.0980415344238281
time=2026-08-02T15:53:30.789-07:00 level=DEBUG msg="Inspecting container" model=container-monitor name=benchi-conduit
time=2026-08-02T15:53:31.295-07:00 level=DEBUG msg="Inspecting container" model=container-monitor name=benchi-conduit
time=2026-08-02T15:53:31.630-07:00 level=DEBUG msg="promql query logged" test=archv2-nxm-batched tool=conduit-v2 collector=conduit type=conduit collector=conduit type=conduit params="map[end:2026-08-02T22:53:31.630Z query:rate(conduit_pipeline_execution_duration_seconds_count{pipeline_name=\"archv2-nxm-batched\"}[2s]) start:2026-08-02T22:53:02.630Z step:1]" stats="&{Timings:{EvalTotalTime:5.3583e-05 ResultSortTime:3.75e-07 QueryPreparationTime:1.5833e-05 InnerEvalTime:3.25e-05 ExecQueueTime:2.083e-06 ExecTotalTime:5.7917e-05} Samples:0x14001b91980}" spanID=0000000000000000
time=2026-08-02T15:53:31.634-07:00 level=DEBUG msg="Query returned data" test=archv2-nxm-batched tool=conduit-v2 collector=conduit type=conduit collector=conduit type=conduit name=msg-rate-per-second[archv2-nxm-batched] series-count=1 last-value=40080.83832335329
time=2026-08-02T15:53:31.634-07:00 level=DEBUG msg="promql query logged" test=archv2-nxm-batched tool=conduit-v2 collector=conduit type=conduit collector=conduit type=conduit params="map[end:2026-08-02T22:53:31.634Z query:rate(conduit_connector_bytes_sum{pipeline_name=\"archv2-nxm-batched\",type=\"source\"}[2s])/1048576 start:2026-08-02T22:53:02.630Z step:1]" stats="&{Timings:{EvalTotalTime:7.0625e-05 ResultSortTime:8.34e-07 QueryPreparationTime:8.292e-06 InnerEvalTime:5.8709e-05 ExecQueueTime:1.499e-06 ExecTotalTime:7.325e-05} Samples:0x1400142b9e0}" spanID=0000000000000000
time=2026-08-02T15:53:31.634-07:00 level=WARN msg="Query returned multiple series, only first will be used" test=archv2-nxm-batched tool=conduit-v2 collector=conduit type=conduit collector=conduit type=conduit series-count=2
time=2026-08-02T15:53:31.634-07:00 level=DEBUG msg="Query returned data" test=archv2-nxm-batched tool=conduit-v2 collector=conduit type=conduit collector=conduit type=conduit name=msg-megabytes-in-per-second[archv2-nxm-batched] series-count=1 last-value=0.568369905391853
time=2026-08-02T15:53:31.634-07:00 level=DEBUG msg="promql query logged" test=archv2-nxm-batched tool=conduit-v2 collector=conduit type=conduit collector=conduit type=conduit params="map[end:2026-08-02T22:53:31.634Z query:rate(conduit_connector_bytes_sum{pipeline_name=\"archv2-nxm-batched\",type=\"destination\"}[2s])/1048576 start:2026-08-02T22:53:02.630Z step:1]" stats="&{Timings:{EvalTotalTime:9.7333e-05 ResultSortTime:6.25e-07 QueryPreparationTime:1.1208e-05 InnerEvalTime:8.1208e-05 ExecQueueTime:1.583e-06 ExecTotalTime:0.000100792} Samples:0x1400194fa70}" spanID=0000000000000000
time=2026-08-02T15:53:31.634-07:00 level=WARN msg="Query returned multiple series, only first will be used" test=archv2-nxm-batched tool=conduit-v2 collector=conduit type=conduit collector=conduit type=conduit series-count=2
time=2026-08-02T15:53:31.634-07:00 level=DEBUG msg="Query returned data" test=archv2-nxm-batched tool=conduit-v2 collector=conduit type=conduit collector=conduit type=conduit name=msg-megabytes-out-per-second[archv2-nxm-batched] series-count=1 last-value=1.1319876193048473
time=2026-08-02T15:53:31.833-07:00 level=DEBUG msg="Inspecting container" model=container-monitor name=benchi-conduit
time=2026-08-02T15:53:32.371-07:00 level=DEBUG msg="Inspecting container" model=container-monitor name=benchi-conduit
time=2026-08-02T15:53:32.631-07:00 level=INFO msg="Test in progress" test=archv2-nxm-batched tool=conduit-v2 step=test time-left=30s
time=2026-08-02T15:53:32.631-07:00 level=DEBUG msg="promql query logged" test=archv2-nxm-batched tool=conduit-v2 collector=conduit type=conduit collector=conduit type=conduit params="map[end:2026-08-02T22:53:32.631Z query:rate(conduit_pipeline_execution_duration_seconds_count{pipeline_name=\"archv2-nxm-batched\"}[2s]) start:2026-08-02T22:53:02.630Z step:1]" stats="&{Timings:{EvalTotalTime:6.0166e-05 ResultSortTime:4.58e-07 QueryPreparationTime:2.2708e-05 InnerEvalTime:3.0625e-05 ExecQueueTime:1.958e-06 ExecTotalTime:6.4833e-05} Samples:0x14001949440}" spanID=0000000000000000
time=2026-08-02T15:53:32.632-07:00 level=DEBUG msg="Query returned data" test=archv2-nxm-batched tool=conduit-v2 collector=conduit type=conduit collector=conduit type=conduit name=msg-rate-per-second[archv2-nxm-batched] series-count=1 last-value=36194
time=2026-08-02T15:53:32.632-07:00 level=DEBUG msg="promql query logged" test=archv2-nxm-batched tool=conduit-v2 collector=conduit type=conduit collector=conduit type=conduit params="map[end:2026-08-02T22:53:32.632Z query:rate(conduit_connector_bytes_sum{pipeline_name=\"archv2-nxm-batched\",type=\"source\"}[2s])/1048576 start:2026-08-02T22:53:02.630Z step:1]" stats="&{Timings:{EvalTotalTime:6.8959e-05 ResultSortTime:8.33e-07 QueryPreparationTime:6.875e-06 InnerEvalTime:5.7709e-05 ExecQueueTime:9.99e-07 ExecTotalTime:7.1875e-05} Samples:0x14001949b00}" spanID=0000000000000000
time=2026-08-02T15:53:32.632-07:00 level=WARN msg="Query returned multiple series, only first will be used" test=archv2-nxm-batched tool=conduit-v2 collector=conduit type=conduit collector=conduit type=conduit series-count=2
time=2026-08-02T15:53:32.632-07:00 level=DEBUG msg="Query returned data" test=archv2-nxm-batched tool=conduit-v2 collector=conduit type=conduit collector=conduit type=conduit name=msg-megabytes-in-per-second[archv2-nxm-batched] series-count=1 last-value=0.5225200653076172
time=2026-08-02T15:53:32.632-07:00 level=DEBUG msg="promql query logged" test=archv2-nxm-batched tool=conduit-v2 collector=conduit type=conduit collector=conduit type=conduit params="map[end:2026-08-02T22:53:32.632Z query:rate(conduit_connector_bytes_sum{pipeline_name=\"archv2-nxm-batched\",type=\"destination\"}[2s])/1048576 start:2026-08-02T22:53:02.630Z step:1]" stats="&{Timings:{EvalTotalTime:5.8833e-05 ResultSortTime:5.83e-07 QueryPreparationTime:6.583e-06 InnerEvalTime:4.8375e-05 ExecQueueTime:9.59e-07 ExecTotalTime:6.1458e-05} Samples:0x14000b9b080}" spanID=0000000000000000
time=2026-08-02T15:53:32.632-07:00 level=WARN msg="Query returned multiple series, only first will be used" test=archv2-nxm-batched tool=conduit-v2 collector=conduit type=conduit collector=conduit type=conduit series-count=2
time=2026-08-02T15:53:32.632-07:00 level=DEBUG msg="Query returned data" test=archv2-nxm-batched tool=conduit-v2 collector=conduit type=conduit collector=conduit type=conduit name=msg-megabytes-out-per-second[archv2-nxm-batched] series-count=1 last-value=1.022979736328125
time=2026-08-02T15:53:32.885-07:00 level=DEBUG msg="Inspecting container" model=container-monitor name=benchi-conduit
time=2026-08-02T15:53:33.412-07:00 level=DEBUG msg="Inspecting container" model=container-monitor name=benchi-conduit
time=2026-08-02T15:53:33.630-07:00 level=DEBUG msg="promql query logged" test=archv2-nxm-batched tool=conduit-v2 collector=conduit type=conduit collector=conduit type=conduit params="map[end:2026-08-02T22:53:33.630Z query:rate(conduit_pipeline_execution_duration_seconds_count{pipeline_name=\"archv2-nxm-batched\"}[2s]) start:2026-08-02T22:53:02.630Z step:1]" stats="&{Timings:{EvalTotalTime:6.5916e-05 ResultSortTime:5e-07 QueryPreparationTime:1.7834e-05 InnerEvalTime:3.85e-05 ExecQueueTime:3.291e-06 ExecTotalTime:7.1708e-05} Samples:0x14000f81440}" spanID=0000000000000000
time=2026-08-02T15:53:33.631-07:00 level=DEBUG msg="Query returned data" test=archv2-nxm-batched tool=conduit-v2 collector=conduit type=conduit collector=conduit type=conduit name=msg-rate-per-second[archv2-nxm-batched] series-count=1 last-value=38880.76152304609
time=2026-08-02T15:53:33.631-07:00 level=DEBUG msg="promql query logged" test=archv2-nxm-batched tool=conduit-v2 collector=conduit type=conduit collector=conduit type=conduit params="map[end:2026-08-02T22:53:33.631Z query:rate(conduit_connector_bytes_sum{pipeline_name=\"archv2-nxm-batched\",type=\"source\"}[2s])/1048576 start:2026-08-02T22:53:02.630Z step:1]" stats="&{Timings:{EvalTotalTime:5.525e-05 ResultSortTime:1.292e-06 QueryPreparationTime:8.416e-06 InnerEvalTime:4.3e-05 ExecQueueTime:1.292e-06 ExecTotalTime:5.7625e-05} Samples:0x140010ab020}" spanID=0000000000000000
time=2026-08-02T15:53:33.631-07:00 level=WARN msg="Query returned multiple series, only first will be used" test=archv2-nxm-batched tool=conduit-v2 collector=conduit type=conduit collector=conduit type=conduit series-count=2
time=2026-08-02T15:53:33.631-07:00 level=DEBUG msg="Query returned data" test=archv2-nxm-batched tool=conduit-v2 collector=conduit type=conduit collector=conduit type=conduit name=msg-megabytes-in-per-second[archv2-nxm-batched] series-count=1 last-value=0.5620868507033597
time=2026-08-02T15:53:33.631-07:00 level=DEBUG msg="promql query logged" test=archv2-nxm-batched tool=conduit-v2 collector=conduit type=conduit collector=conduit type=conduit params="map[end:2026-08-02T22:53:33.631Z query:rate(conduit_connector_bytes_sum{pipeline_name=\"archv2-nxm-batched\",type=\"destination\"}[2s])/1048576 start:2026-08-02T22:53:02.630Z step:1]" stats="&{Timings:{EvalTotalTime:8.4584e-05 ResultSortTime:8.75e-07 QueryPreparationTime:1.2375e-05 InnerEvalTime:6.65e-05 ExecQueueTime:2.25e-06 ExecTotalTime:9.1125e-05} Samples:0x140013067e0}" spanID=0000000000000000
time=2026-08-02T15:53:33.631-07:00 level=WARN msg="Query returned multiple series, only first will be used" test=archv2-nxm-batched tool=conduit-v2 collector=conduit type=conduit collector=conduit type=conduit series-count=2
time=2026-08-02T15:53:33.631-07:00 level=DEBUG msg="Query returned data" test=archv2-nxm-batched tool=conduit-v2 collector=conduit type=conduit collector=conduit type=conduit name=msg-megabytes-out-per-second[archv2-nxm-batched] series-count=1 last-value=1.0979209013119011
time=2026-08-02T15:53:33.934-07:00 level=DEBUG msg="Inspecting container" model=container-monitor name=benchi-conduit
time=2026-08-02T15:53:34.459-07:00 level=DEBUG msg="Inspecting container" model=container-monitor name=benchi-conduit
time=2026-08-02T15:53:34.630-07:00 level=DEBUG msg="promql query logged" test=archv2-nxm-batched tool=conduit-v2 collector=conduit type=conduit collector=conduit type=conduit params="map[end:2026-08-02T22:53:34.630Z query:rate(conduit_pipeline_execution_duration_seconds_count{pipeline_name=\"archv2-nxm-batched\"}[2s]) start:2026-08-02T22:53:02.630Z step:1]" stats="&{Timings:{EvalTotalTime:5.4583e-05 ResultSortTime:2.91e-07 QueryPreparationTime:1.5542e-05 InnerEvalTime:3.2792e-05 ExecQueueTime:2.416e-06 ExecTotalTime:6.05e-05} Samples:0x14001232540}" spanID=0000000000000000
time=2026-08-02T15:53:34.630-07:00 level=DEBUG msg="Query returned data" test=archv2-nxm-batched tool=conduit-v2 collector=conduit type=conduit collector=conduit type=conduit name=msg-rate-per-second[archv2-nxm-batched] series-count=1 last-value=40474
time=2026-08-02T15:53:34.631-07:00 level=DEBUG msg="promql query logged" test=archv2-nxm-batched tool=conduit-v2 collector=conduit type=conduit collector=conduit type=conduit params="map[end:2026-08-02T22:53:34.630Z query:rate(conduit_connector_bytes_sum{pipeline_name=\"archv2-nxm-batched\",type=\"source\"}[2s])/1048576 start:2026-08-02T22:53:02.630Z step:1]" stats="&{Timings:{EvalTotalTime:7.1625e-05 ResultSortTime:8.75e-07 QueryPreparationTime:7.167e-06 InnerEvalTime:6.0375e-05 ExecQueueTime:1.083e-06 ExecTotalTime:7.4375e-05} Samples:0x14001232e10}" spanID=0000000000000000
time=2026-08-02T15:53:34.631-07:00 level=WARN msg="Query returned multiple series, only first will be used" test=archv2-nxm-batched tool=conduit-v2 collector=conduit type=conduit collector=conduit type=conduit series-count=2
time=2026-08-02T15:53:34.631-07:00 level=DEBUG msg="Query returned data" test=archv2-nxm-batched tool=conduit-v2 collector=conduit type=conduit collector=conduit type=conduit name=msg-megabytes-in-per-second[archv2-nxm-batched] series-count=1 last-value=0.5761508941650391
time=2026-08-02T15:53:34.631-07:00 level=DEBUG msg="promql query logged" test=archv2-nxm-batched tool=conduit-v2 collector=conduit type=conduit collector=conduit type=conduit params="map[end:2026-08-02T22:53:34.631Z query:rate(conduit_connector_bytes_sum{pipeline_name=\"archv2-nxm-batched\",type=\"destination\"}[2s])/1048576 start:2026-08-02T22:53:02.630Z step:1]" stats="&{Timings:{EvalTotalTime:5.6917e-05 ResultSortTime:5.84e-07 QueryPreparationTime:8.541e-06 InnerEvalTime:4.5125e-05 ExecQueueTime:1.792e-06 ExecTotalTime:5.9541e-05} Samples:0x14000fdbe00}" spanID=0000000000000000
time=2026-08-02T15:53:34.631-07:00 level=WARN msg="Query returned multiple series, only first will be used" test=archv2-nxm-batched tool=conduit-v2 collector=conduit type=conduit collector=conduit type=conduit series-count=2
time=2026-08-02T15:53:34.631-07:00 level=DEBUG msg="Query returned data" test=archv2-nxm-batched tool=conduit-v2 collector=conduit type=conduit collector=conduit type=conduit name=msg-megabytes-out-per-second[archv2-nxm-batched] series-count=1 last-value=1.1437616348266602
time=2026-08-02T15:53:35.012-07:00 level=DEBUG msg="Inspecting container" model=container-monitor name=benchi-conduit
time=2026-08-02T15:53:35.548-07:00 level=DEBUG msg="Inspecting container" model=container-monitor name=benchi-conduit
time=2026-08-02T15:53:35.630-07:00 level=DEBUG msg="promql query logged" test=archv2-nxm-batched tool=conduit-v2 collector=conduit type=conduit collector=conduit type=conduit params="map[end:2026-08-02T22:53:35.630Z query:rate(conduit_pipeline_execution_duration_seconds_count{pipeline_name=\"archv2-nxm-batched\"}[2s]) start:2026-08-02T22:53:02.630Z step:1]" stats="&{Timings:{EvalTotalTime:6.125e-05 ResultSortTime:5e-07 QueryPreparationTime:1.675e-05 InnerEvalTime:3.6e-05 ExecQueueTime:2.291e-06 ExecTotalTime:6.6125e-05} Samples:0x14000f0e360}" spanID=0000000000000000
time=2026-08-02T15:53:35.630-07:00 level=DEBUG msg="Query returned data" test=archv2-nxm-batched tool=conduit-v2 collector=conduit type=conduit collector=conduit type=conduit name=msg-rate-per-second[archv2-nxm-batched] series-count=1 last-value=42286.42714570858
time=2026-08-02T15:53:35.631-07:00 level=DEBUG msg="promql query logged" test=archv2-nxm-batched tool=conduit-v2 collector=conduit type=conduit collector=conduit type=conduit params="map[end:2026-08-02T22:53:35.630Z query:rate(conduit_connector_bytes_sum{pipeline_name=\"archv2-nxm-batched\",type=\"source\"}[2s])/1048576 start:2026-08-02T22:53:02.630Z step:1]" stats="&{Timings:{EvalTotalTime:8.2875e-05 ResultSortTime:7.5e-07 QueryPreparationTime:1.1833e-05 InnerEvalTime:6.4542e-05 ExecQueueTime:2.334e-06 ExecTotalTime:8.7542e-05} Samples:0x14000f0ea50}" spanID=0000000000000000
time=2026-08-02T15:53:35.631-07:00 level=WARN msg="Query returned multiple series, only first will be used" test=archv2-nxm-batched tool=conduit-v2 collector=conduit type=conduit collector=conduit type=conduit series-count=2
time=2026-08-02T15:53:35.631-07:00 level=DEBUG msg="Query returned data" test=archv2-nxm-batched tool=conduit-v2 collector=conduit type=conduit collector=conduit type=conduit name=msg-megabytes-in-per-second[archv2-nxm-batched] series-count=1 last-value=0.6087801889507118
time=2026-08-02T15:53:35.631-07:00 level=DEBUG msg="promql query logged" test=archv2-nxm-batched tool=conduit-v2 collector=conduit type=conduit collector=conduit type=conduit params="map[end:2026-08-02T22:53:35.631Z query:rate(conduit_connector_bytes_sum{pipeline_name=\"archv2-nxm-batched\",type=\"destination\"}[2s])/1048576 start:2026-08-02T22:53:02.630Z step:1]" stats="&{Timings:{EvalTotalTime:6.6833e-05 ResultSortTime:4.58e-07 QueryPreparationTime:8.083e-06 InnerEvalTime:5.4667e-05 ExecQueueTime:9.58e-07 ExecTotalTime:6.9291e-05} Samples:0x14000f0fa10}" spanID=0000000000000000
time=2026-08-02T15:53:35.631-07:00 level=WARN msg="Query returned multiple series, only first will be used" test=archv2-nxm-batched tool=conduit-v2 collector=conduit type=conduit collector=conduit type=conduit series-count=2
time=2026-08-02T15:53:35.631-07:00 level=DEBUG msg="Query returned data" test=archv2-nxm-batched tool=conduit-v2 collector=conduit type=conduit collector=conduit type=conduit name=msg-megabytes-out-per-second[archv2-nxm-batched] series-count=1 last-value=1.1940335561177449
time=2026-08-02T15:53:36.070-07:00 level=DEBUG msg="Inspecting container" model=container-monitor name=benchi-conduit
time=2026-08-02T15:53:36.586-07:00 level=DEBUG msg="Inspecting container" model=container-monitor name=benchi-conduit
time=2026-08-02T15:53:36.630-07:00 level=DEBUG msg="promql query logged" test=archv2-nxm-batched tool=conduit-v2 collector=conduit type=conduit collector=conduit type=conduit params="map[end:2026-08-02T22:53:36.630Z query:rate(conduit_pipeline_execution_duration_seconds_count{pipeline_name=\"archv2-nxm-batched\"}[2s]) start:2026-08-02T22:53:02.630Z step:1]" stats="&{Timings:{EvalTotalTime:5.1833e-05 ResultSortTime:3.75e-07 QueryPreparationTime:1.35e-05 InnerEvalTime:3.1375e-05 ExecQueueTime:2.376e-06 ExecTotalTime:5.6041e-05} Samples:0x1400182e7b0}" spanID=0000000000000000
time=2026-08-02T15:53:36.630-07:00 level=DEBUG msg="Query returned data" test=archv2-nxm-batched tool=conduit-v2 collector=conduit type=conduit collector=conduit type=conduit name=msg-rate-per-second[archv2-nxm-batched] series-count=1 last-value=38272
time=2026-08-02T15:53:36.630-07:00 level=DEBUG msg="promql query logged" test=archv2-nxm-batched tool=conduit-v2 collector=conduit type=conduit collector=conduit type=conduit params="map[end:2026-08-02T22:53:36.630Z query:rate(conduit_connector_bytes_sum{pipeline_name=\"archv2-nxm-batched\",type=\"source\"}[2s])/1048576 start:2026-08-02T22:53:02.630Z step:1]" stats="&{Timings:{EvalTotalTime:7.2708e-05 ResultSortTime:6.67e-07 QueryPreparationTime:8.125e-06 InnerEvalTime:5.9833e-05 ExecQueueTime:9.58e-07 ExecTotalTime:7.5333e-05} Samples:0x1400182ee70}" spanID=0000000000000000
time=2026-08-02T15:53:36.630-07:00 level=WARN msg="Query returned multiple series, only first will be used" test=archv2-nxm-batched tool=conduit-v2 collector=conduit type=conduit collector=conduit type=conduit series-count=2
time=2026-08-02T15:53:36.631-07:00 level=DEBUG msg="Query returned data" test=archv2-nxm-batched tool=conduit-v2 collector=conduit type=conduit collector=conduit type=conduit name=msg-megabytes-in-per-second[archv2-nxm-batched] series-count=1 last-value=0.5510663986206055
time=2026-08-02T15:53:36.631-07:00 level=DEBUG msg="promql query logged" test=archv2-nxm-batched tool=conduit-v2 collector=conduit type=conduit collector=conduit type=conduit params="map[end:2026-08-02T22:53:36.631Z query:rate(conduit_connector_bytes_sum{pipeline_name=\"archv2-nxm-batched\",type=\"destination\"}[2s])/1048576 start:2026-08-02T22:53:02.630Z step:1]" stats="&{Timings:{EvalTotalTime:7.7958e-05 ResultSortTime:6.67e-07 QueryPreparationTime:1.0125e-05 InnerEvalTime:6.2833e-05 ExecQueueTime:1.249e-06 ExecTotalTime:8.125e-05} Samples:0x140017d0000}" spanID=0000000000000000
time=2026-08-02T15:53:36.631-07:00 level=WARN msg="Query returned multiple series, only first will be used" test=archv2-nxm-batched tool=conduit-v2 collector=conduit type=conduit collector=conduit type=conduit series-count=2
time=2026-08-02T15:53:36.631-07:00 level=DEBUG msg="Query returned data" test=archv2-nxm-batched tool=conduit-v2 collector=conduit type=conduit collector=conduit type=conduit name=msg-megabytes-out-per-second[archv2-nxm-batched] series-count=1 last-value=1.0815048217773438
time=2026-08-02T15:53:37.114-07:00 level=DEBUG msg="Inspecting container" model=container-monitor name=benchi-conduit
time=2026-08-02T15:53:37.630-07:00 level=INFO msg="Test in progress" test=archv2-nxm-batched tool=conduit-v2 step=test time-left=25s
time=2026-08-02T15:53:37.630-07:00 level=DEBUG msg="promql query logged" test=archv2-nxm-batched tool=conduit-v2 collector=conduit type=conduit collector=conduit type=conduit params="map[end:2026-08-02T22:53:37.630Z query:rate(conduit_pipeline_execution_duration_seconds_count{pipeline_name=\"archv2-nxm-batched\"}[2s]) start:2026-08-02T22:53:02.630Z step:1]" stats="&{Timings:{EvalTotalTime:5.3417e-05 ResultSortTime:2.92e-07 QueryPreparationTime:1.3875e-05 InnerEvalTime:3.3958e-05 ExecQueueTime:2.166e-06 ExecTotalTime:5.8083e-05} Samples:0x140010df530}" spanID=0000000000000000
time=2026-08-02T15:53:37.630-07:00 level=DEBUG msg="Query returned data" test=archv2-nxm-batched tool=conduit-v2 collector=conduit type=conduit collector=conduit type=conduit name=msg-rate-per-second[archv2-nxm-batched] series-count=1 last-value=40592
time=2026-08-02T15:53:37.630-07:00 level=DEBUG msg="promql query logged" test=archv2-nxm-batched tool=conduit-v2 collector=conduit type=conduit collector=conduit type=conduit params="map[end:2026-08-02T22:53:37.630Z query:rate(conduit_connector_bytes_sum{pipeline_name=\"archv2-nxm-batched\",type=\"source\"}[2s])/1048576 start:2026-08-02T22:53:02.630Z step:1]" stats="&{Timings:{EvalTotalTime:7.7292e-05 ResultSortTime:9.17e-07 QueryPreparationTime:9.792e-06 InnerEvalTime:6.2708e-05 ExecQueueTime:9.58e-07 ExecTotalTime:8.0375e-05} Samples:0x140010dfbf0}" spanID=0000000000000000
time=2026-08-02T15:53:37.631-07:00 level=WARN msg="Query returned multiple series, only first will be used" test=archv2-nxm-batched tool=conduit-v2 collector=conduit type=conduit collector=conduit type=conduit series-count=2
time=2026-08-02T15:53:37.631-07:00 level=DEBUG msg="Query returned data" test=archv2-nxm-batched tool=conduit-v2 collector=conduit type=conduit collector=conduit type=conduit name=msg-megabytes-in-per-second[archv2-nxm-batched] series-count=1 last-value=0.5689563751220703
time=2026-08-02T15:53:37.631-07:00 level=DEBUG msg="promql query logged" test=archv2-nxm-batched tool=conduit-v2 collector=conduit type=conduit collector=conduit type=conduit params="map[end:2026-08-02T22:53:37.631Z query:rate(conduit_connector_bytes_sum{pipeline_name=\"archv2-nxm-batched\",type=\"destination\"}[2s])/1048576 start:2026-08-02T22:53:02.630Z step:1]" stats="&{Timings:{EvalTotalTime:7.9292e-05 ResultSortTime:5.42e-07 QueryPreparationTime:9.208e-06 InnerEvalTime:6.4875e-05 ExecQueueTime:1.333e-06 ExecTotalTime:8.2625e-05} Samples:0x140012baff0}" spanID=0000000000000000
time=2026-08-02T15:53:37.631-07:00 level=WARN msg="Query returned multiple series, only first will be used" test=archv2-nxm-batched tool=conduit-v2 collector=conduit type=conduit collector=conduit type=conduit series-count=2
time=2026-08-02T15:53:37.631-07:00 level=DEBUG msg="Query returned data" test=archv2-nxm-batched tool=conduit-v2 collector=conduit type=conduit collector=conduit type=conduit name=msg-megabytes-out-per-second[archv2-nxm-batched] series-count=1 last-value=1.1474170684814453
time=2026-08-02T15:53:37.650-07:00 level=DEBUG msg="Inspecting container" model=container-monitor name=benchi-conduit
time=2026-08-02T15:53:38.170-07:00 level=DEBUG msg="Inspecting container" model=container-monitor name=benchi-conduit
time=2026-08-02T15:53:38.630-07:00 level=DEBUG msg="promql query logged" test=archv2-nxm-batched tool=conduit-v2 collector=conduit type=conduit collector=conduit type=conduit params="map[end:2026-08-02T22:53:38.630Z query:rate(conduit_pipeline_execution_duration_seconds_count{pipeline_name=\"archv2-nxm-batched\"}[2s]) start:2026-08-02T22:53:02.630Z step:1]" stats="&{Timings:{EvalTotalTime:5.0291e-05 ResultSortTime:3.75e-07 QueryPreparationTime:1.4209e-05 InnerEvalTime:3.15e-05 ExecQueueTime:2.25e-06 ExecTotalTime:5.4833e-05} Samples:0x140012ce990}" spanID=0000000000000000
time=2026-08-02T15:53:38.630-07:00 level=DEBUG msg="Query returned data" test=archv2-nxm-batched tool=conduit-v2 collector=conduit type=conduit collector=conduit type=conduit name=msg-rate-per-second[archv2-nxm-batched] series-count=1 last-value=40359.28143712575
time=2026-08-02T15:53:38.630-07:00 level=DEBUG msg="promql query logged" test=archv2-nxm-batched tool=conduit-v2 collector=conduit type=conduit collector=conduit type=conduit params="map[end:2026-08-02T22:53:38.630Z query:rate(conduit_connector_bytes_sum{pipeline_name=\"archv2-nxm-batched\",type=\"source\"}[2s])/1048576 start:2026-08-02T22:53:02.630Z step:1]" stats="&{Timings:{EvalTotalTime:8.0375e-05 ResultSortTime:7.09e-07 QueryPreparationTime:8.291e-06 InnerEvalTime:6.6917e-05 ExecQueueTime:1.125e-06 ExecTotalTime:8.3416e-05} Samples:0x140012cf050}" spanID=0000000000000000
time=2026-08-02T15:53:38.630-07:00 level=WARN msg="Query returned multiple series, only first will be used" test=archv2-nxm-batched tool=conduit-v2 collector=conduit type=conduit collector=conduit type=conduit series-count=2
time=2026-08-02T15:53:38.630-07:00 level=DEBUG msg="Query returned data" test=archv2-nxm-batched tool=conduit-v2 collector=conduit type=conduit collector=conduit type=conduit name=msg-megabytes-in-per-second[archv2-nxm-batched] series-count=1 last-value=0.5910886737876785
time=2026-08-02T15:53:38.631-07:00 level=DEBUG msg="promql query logged" test=archv2-nxm-batched tool=conduit-v2 collector=conduit type=conduit collector=conduit type=conduit params="map[end:2026-08-02T22:53:38.630Z query:rate(conduit_connector_bytes_sum{pipeline_name=\"archv2-nxm-batched\",type=\"destination\"}[2s])/1048576 start:2026-08-02T22:53:02.630Z step:1]" stats="&{Timings:{EvalTotalTime:8.0958e-05 ResultSortTime:4.59e-07 QueryPreparationTime:9.25e-06 InnerEvalTime:6.7291e-05 ExecQueueTime:1.167e-06 ExecTotalTime:8.4416e-05} Samples:0x140013dfd40}" spanID=0000000000000000
time=2026-08-02T15:53:38.631-07:00 level=WARN msg="Query returned multiple series, only first will be used" test=archv2-nxm-batched tool=conduit-v2 collector=conduit type=conduit collector=conduit type=conduit series-count=2
time=2026-08-02T15:53:38.631-07:00 level=DEBUG msg="Query returned data" test=archv2-nxm-batched tool=conduit-v2 collector=conduit type=conduit collector=conduit type=conduit name=msg-megabytes-out-per-second[archv2-nxm-batched] series-count=1 last-value=1.1410598983307798
time=2026-08-02T15:53:38.713-07:00 level=DEBUG msg="Inspecting container" model=container-monitor name=benchi-conduit
time=2026-08-02T15:53:39.238-07:00 level=DEBUG msg="Inspecting container" model=container-monitor name=benchi-conduit
time=2026-08-02T15:53:39.630-07:00 level=DEBUG msg="promql query logged" test=archv2-nxm-batched tool=conduit-v2 collector=conduit type=conduit collector=conduit type=conduit params="map[end:2026-08-02T22:53:39.630Z query:rate(conduit_pipeline_execution_duration_seconds_count{pipeline_name=\"archv2-nxm-batched\"}[2s]) start:2026-08-02T22:53:02.630Z step:1]" stats="&{Timings:{EvalTotalTime:5.6333e-05 ResultSortTime:2.92e-07 QueryPreparationTime:1.4375e-05 InnerEvalTime:3.2625e-05 ExecQueueTime:2.375e-06 ExecTotalTime:6.0875e-05} Samples:0x14001167920}" spanID=0000000000000000
time=2026-08-02T15:53:39.632-07:00 level=DEBUG msg="Query returned data" test=archv2-nxm-batched tool=conduit-v2 collector=conduit type=conduit collector=conduit type=conduit name=msg-rate-per-second[archv2-nxm-batched] series-count=1 last-value=36976.90763052209
time=2026-08-02T15:53:39.632-07:00 level=DEBUG msg="promql query logged" test=archv2-nxm-batched tool=conduit-v2 collector=conduit type=conduit collector=conduit type=conduit params="map[end:2026-08-02T22:53:39.632Z query:rate(conduit_connector_bytes_sum{pipeline_name=\"archv2-nxm-batched\",type=\"source\"}[2s])/1048576 start:2026-08-02T22:53:02.630Z step:1]" stats="&{Timings:{EvalTotalTime:5.4292e-05 ResultSortTime:2.333e-06 QueryPreparationTime:7.5e-06 InnerEvalTime:4.2291e-05 ExecQueueTime:1.375e-06 ExecTotalTime:5.6875e-05} Samples:0x140015d2060}" spanID=0000000000000000
time=2026-08-02T15:53:39.632-07:00 level=WARN msg="Query returned multiple series, only first will be used" test=archv2-nxm-batched tool=conduit-v2 collector=conduit type=conduit collector=conduit type=conduit series-count=2
time=2026-08-02T15:53:39.632-07:00 level=DEBUG msg="Query returned data" test=archv2-nxm-batched tool=conduit-v2 collector=conduit type=conduit collector=conduit type=conduit name=msg-megabytes-in-per-second[archv2-nxm-batched] series-count=1 last-value=0.5177924910702381
time=2026-08-02T15:53:39.632-07:00 level=DEBUG msg="promql query logged" test=archv2-nxm-batched tool=conduit-v2 collector=conduit type=conduit collector=conduit type=conduit params="map[end:2026-08-02T22:53:39.632Z query:rate(conduit_connector_bytes_sum{pipeline_name=\"archv2-nxm-batched\",type=\"destination\"}[2s])/1048576 start:2026-08-02T22:53:02.630Z step:1]" stats="&{Timings:{EvalTotalTime:9.075e-05 ResultSortTime:8.75e-07 QueryPreparationTime:1.3042e-05 InnerEvalTime:7.2334e-05 ExecQueueTime:2.125e-06 ExecTotalTime:9.4875e-05} Samples:0x14001544de0}" spanID=0000000000000000
time=2026-08-02T15:53:39.632-07:00 level=WARN msg="Query returned multiple series, only first will be used" test=archv2-nxm-batched tool=conduit-v2 collector=conduit type=conduit collector=conduit type=conduit series-count=2
time=2026-08-02T15:53:39.632-07:00 level=DEBUG msg="Query returned data" test=archv2-nxm-batched tool=conduit-v2 collector=conduit type=conduit collector=conduit type=conduit name=msg-megabytes-out-per-second[archv2-nxm-batched] series-count=1 last-value=1.0444868999312682
time=2026-08-02T15:53:39.765-07:00 level=DEBUG msg="Inspecting container" model=container-monitor name=benchi-conduit
time=2026-08-02T15:53:40.282-07:00 level=DEBUG msg="Inspecting container" model=container-monitor name=benchi-conduit
time=2026-08-02T15:53:40.630-07:00 level=DEBUG msg="promql query logged" test=archv2-nxm-batched tool=conduit-v2 collector=conduit type=conduit collector=conduit type=conduit params="map[end:2026-08-02T22:53:40.630Z query:rate(conduit_pipeline_execution_duration_seconds_count{pipeline_name=\"archv2-nxm-batched\"}[2s]) start:2026-08-02T22:53:02.630Z step:1]" stats="&{Timings:{EvalTotalTime:5.3041e-05 ResultSortTime:3.75e-07 QueryPreparationTime:1.4375e-05 InnerEvalTime:3.325e-05 ExecQueueTime:2.334e-06 ExecTotalTime:5.8084e-05} Samples:0x14001475290}" spanID=0000000000000000
time=2026-08-02T15:53:40.630-07:00 level=DEBUG msg="Query returned data" test=archv2-nxm-batched tool=conduit-v2 collector=conduit type=conduit collector=conduit type=conduit name=msg-rate-per-second[archv2-nxm-batched] series-count=1 last-value=41361
time=2026-08-02T15:53:40.631-07:00 level=DEBUG msg="promql query logged" test=archv2-nxm-batched tool=conduit-v2 collector=conduit type=conduit collector=conduit type=conduit params="map[end:2026-08-02T22:53:40.630Z query:rate(conduit_connector_bytes_sum{pipeline_name=\"archv2-nxm-batched\",type=\"source\"}[2s])/1048576 start:2026-08-02T22:53:02.630Z step:1]" stats="&{Timings:{EvalTotalTime:7.8667e-05 ResultSortTime:7.92e-07 QueryPreparationTime:7.125e-06 InnerEvalTime:6.6833e-05 ExecQueueTime:1.458e-06 ExecTotalTime:8.1792e-05} Samples:0x14001475950}" spanID=0000000000000000
time=2026-08-02T15:53:40.631-07:00 level=WARN msg="Query returned multiple series, only first will be used" test=archv2-nxm-batched tool=conduit-v2 collector=conduit type=conduit collector=conduit type=conduit series-count=2
time=2026-08-02T15:53:40.631-07:00 level=DEBUG msg="Query returned data" test=archv2-nxm-batched tool=conduit-v2 collector=conduit type=conduit collector=conduit type=conduit name=msg-megabytes-in-per-second[archv2-nxm-batched] series-count=1 last-value=0.5872573852539062
time=2026-08-02T15:53:40.631-07:00 level=DEBUG msg="promql query logged" test=archv2-nxm-batched tool=conduit-v2 collector=conduit type=conduit collector=conduit type=conduit params="map[end:2026-08-02T22:53:40.631Z query:rate(conduit_connector_bytes_sum{pipeline_name=\"archv2-nxm-batched\",type=\"destination\"}[2s])/1048576 start:2026-08-02T22:53:02.630Z step:1]" stats="&{Timings:{EvalTotalTime:0.000120708 ResultSortTime:6.25e-07 QueryPreparationTime:1.2708e-05 InnerEvalTime:0.000102291 ExecQueueTime:1.208e-06 ExecTotalTime:0.000124083} Samples:0x140017aab10}" spanID=0000000000000000
time=2026-08-02T15:53:40.631-07:00 level=WARN msg="Query returned multiple series, only first will be used" test=archv2-nxm-batched tool=conduit-v2 collector=conduit type=conduit collector=conduit type=conduit series-count=2
time=2026-08-02T15:53:40.631-07:00 level=DEBUG msg="Query returned data" test=archv2-nxm-batched tool=conduit-v2 collector=conduit type=conduit collector=conduit type=conduit name=msg-megabytes-out-per-second[archv2-nxm-batched] series-count=1 last-value=1.1743955612182617
time=2026-08-02T15:53:40.798-07:00 level=DEBUG msg="Inspecting container" model=container-monitor name=benchi-conduit
time=2026-08-02T15:53:41.331-07:00 level=DEBUG msg="Inspecting container" model=container-monitor name=benchi-conduit
time=2026-08-02T15:53:41.630-07:00 level=DEBUG msg="promql query logged" test=archv2-nxm-batched tool=conduit-v2 collector=conduit type=conduit collector=conduit type=conduit params="map[end:2026-08-02T22:53:41.630Z query:rate(conduit_pipeline_execution_duration_seconds_count{pipeline_name=\"archv2-nxm-batched\"}[2s]) start:2026-08-02T22:53:02.630Z step:1]" stats="&{Timings:{EvalTotalTime:4.9542e-05 ResultSortTime:3.75e-07 QueryPreparationTime:1.2959e-05 InnerEvalTime:3.2041e-05 ExecQueueTime:2.5e-06 ExecTotalTime:5.3666e-05} Samples:0x140017ce750}" spanID=0000000000000000
time=2026-08-02T15:53:41.630-07:00 level=DEBUG msg="Query returned data" test=archv2-nxm-batched tool=conduit-v2 collector=conduit type=conduit collector=conduit type=conduit name=msg-rate-per-second[archv2-nxm-batched] series-count=1 last-value=34156.68662674651
time=2026-08-02T15:53:41.630-07:00 level=DEBUG msg="promql query logged" test=archv2-nxm-batched tool=conduit-v2 collector=conduit type=conduit collector=conduit type=conduit params="map[end:2026-08-02T22:53:41.630Z query:rate(conduit_connector_bytes_sum{pipeline_name=\"archv2-nxm-batched\",type=\"source\"}[2s])/1048576 start:2026-08-02T22:53:02.630Z step:1]" stats="&{Timings:{EvalTotalTime:7.35e-05 ResultSortTime:7.92e-07 QueryPreparationTime:5.625e-06 InnerEvalTime:6.2541e-05 ExecQueueTime:7.09e-07 ExecTotalTime:7.5625e-05} Samples:0x140017cee10}" spanID=0000000000000000
time=2026-08-02T15:53:41.630-07:00 level=WARN msg="Query returned multiple series, only first will be used" test=archv2-nxm-batched tool=conduit-v2 collector=conduit type=conduit collector=conduit type=conduit series-count=2
time=2026-08-02T15:53:41.630-07:00 level=DEBUG msg="Query returned data" test=archv2-nxm-batched tool=conduit-v2 collector=conduit type=conduit collector=conduit type=conduit name=msg-megabytes-in-per-second[archv2-nxm-batched] series-count=1 last-value=0.45537758254243466
time=2026-08-02T15:53:41.631-07:00 level=DEBUG msg="promql query logged" test=archv2-nxm-batched tool=conduit-v2 collector=conduit type=conduit collector=conduit type=conduit params="map[end:2026-08-02T22:53:41.630Z query:rate(conduit_connector_bytes_sum{pipeline_name=\"archv2-nxm-batched\",type=\"destination\"}[2s])/1048576 start:2026-08-02T22:53:02.630Z step:1]" stats="&{Timings:{EvalTotalTime:0.000122958 ResultSortTime:8.34e-07 QueryPreparationTime:5.125e-06 InnerEvalTime:0.000112042 ExecQueueTime:7.92e-07 ExecTotalTime:0.000125917} Samples:0x140017cff50}" spanID=0000000000000000
time=2026-08-02T15:53:41.631-07:00 level=WARN msg="Query returned multiple series, only first will be used" test=archv2-nxm-batched tool=conduit-v2 collector=conduit type=conduit collector=conduit type=conduit series-count=2
time=2026-08-02T15:53:41.631-07:00 level=DEBUG msg="Query returned data" test=archv2-nxm-batched tool=conduit-v2 collector=conduit type=conduit collector=conduit type=conduit name=msg-megabytes-out-per-second[archv2-nxm-batched] series-count=1 last-value=0.9631853617593913
time=2026-08-02T15:53:41.864-07:00 level=DEBUG msg="Inspecting container" model=container-monitor name=benchi-conduit
time=2026-08-02T15:53:42.395-07:00 level=DEBUG msg="Inspecting container" model=container-monitor name=benchi-conduit
time=2026-08-02T15:53:42.630-07:00 level=INFO msg="Test in progress" test=archv2-nxm-batched tool=conduit-v2 step=test time-left=20s
time=2026-08-02T15:53:42.633-07:00 level=DEBUG msg="promql query logged" test=archv2-nxm-batched tool=conduit-v2 collector=conduit type=conduit collector=conduit type=conduit params="map[end:2026-08-02T22:53:42.630Z query:rate(conduit_pipeline_execution_duration_seconds_count{pipeline_name=\"archv2-nxm-batched\"}[2s]) start:2026-08-02T22:53:02.630Z step:1]" stats="&{Timings:{EvalTotalTime:0.000359291 ResultSortTime:5.42e-07 QueryPreparationTime:1.3792e-05 InnerEvalTime:0.000147167 ExecQueueTime:1.959e-06 ExecTotalTime:0.000364833} Samples:0x1400171dbf0}" spanID=0000000000000000
time=2026-08-02T15:53:42.633-07:00 level=DEBUG msg="Query returned data" test=archv2-nxm-batched tool=conduit-v2 collector=conduit type=conduit collector=conduit type=conduit name=msg-rate-per-second[archv2-nxm-batched] series-count=1 last-value=41155.31062124248
time=2026-08-02T15:53:42.633-07:00 level=DEBUG msg="promql query logged" test=archv2-nxm-batched tool=conduit-v2 collector=conduit type=conduit collector=conduit type=conduit params="map[end:2026-08-02T22:53:42.633Z query:rate(conduit_connector_bytes_sum{pipeline_name=\"archv2-nxm-batched\",type=\"source\"}[2s])/1048576 start:2026-08-02T22:53:02.630Z step:1]" stats="&{Timings:{EvalTotalTime:0.000196375 ResultSortTime:1e-06 QueryPreparationTime:2.3875e-05 InnerEvalTime:0.000165459 ExecQueueTime:1.917e-06 ExecTotalTime:0.000201041} Samples:0x140017563f0}" spanID=0000000000000000
time=2026-08-02T15:53:42.633-07:00 level=WARN msg="Query returned multiple series, only first will be used" test=archv2-nxm-batched tool=conduit-v2 collector=conduit type=conduit collector=conduit type=conduit series-count=2
time=2026-08-02T15:53:42.634-07:00 level=DEBUG msg="Query returned data" test=archv2-nxm-batched tool=conduit-v2 collector=conduit type=conduit collector=conduit type=conduit name=msg-megabytes-in-per-second[archv2-nxm-batched] series-count=1 last-value=0.5648542262748152
time=2026-08-02T15:53:42.634-07:00 level=DEBUG msg="promql query logged" test=archv2-nxm-batched tool=conduit-v2 collector=conduit type=conduit collector=conduit type=conduit params="map[end:2026-08-02T22:53:42.634Z query:rate(conduit_connector_bytes_sum{pipeline_name=\"archv2-nxm-batched\",type=\"destination\"}[2s])/1048576 start:2026-08-02T22:53:02.630Z step:1]" stats="&{Timings:{EvalTotalTime:0.000123167 ResultSortTime:4.58e-07 QueryPreparationTime:8.875e-06 InnerEvalTime:0.000101041 ExecQueueTime:1e-06 ExecTotalTime:0.000126417} Samples:0x14001757590}" spanID=0000000000000000
time=2026-08-02T15:53:42.634-07:00 level=WARN msg="Query returned multiple series, only first will be used" test=archv2-nxm-batched tool=conduit-v2 collector=conduit type=conduit collector=conduit type=conduit series-count=2
time=2026-08-02T15:53:42.634-07:00 level=DEBUG msg="Query returned data" test=archv2-nxm-batched tool=conduit-v2 collector=conduit type=conduit collector=conduit type=conduit name=msg-megabytes-out-per-second[archv2-nxm-batched] series-count=1 last-value=1.1611472150844657
time=2026-08-02T15:53:42.919-07:00 level=DEBUG msg="Inspecting container" model=container-monitor name=benchi-conduit
time=2026-08-02T15:53:43.446-07:00 level=DEBUG msg="Inspecting container" model=container-monitor name=benchi-conduit
time=2026-08-02T15:53:43.630-07:00 level=DEBUG msg="promql query logged" test=archv2-nxm-batched tool=conduit-v2 collector=conduit type=conduit collector=conduit type=conduit params="map[end:2026-08-02T22:53:43.630Z query:rate(conduit_pipeline_execution_duration_seconds_count{pipeline_name=\"archv2-nxm-batched\"}[2s]) start:2026-08-02T22:53:02.630Z step:1]" stats="&{Timings:{EvalTotalTime:6.1292e-05 ResultSortTime:4.58e-07 QueryPreparationTime:1.5375e-05 InnerEvalTime:4.0833e-05 ExecQueueTime:2.124e-06 ExecTotalTime:6.5833e-05} Samples:0x140018e3bc0}" spanID=0000000000000000
time=2026-08-02T15:53:43.632-07:00 level=DEBUG msg="Query returned data" test=archv2-nxm-batched tool=conduit-v2 collector=conduit type=conduit collector=conduit type=conduit name=msg-rate-per-second[archv2-nxm-batched] series-count=1 last-value=40443.22709163347
time=2026-08-02T15:53:43.632-07:00 level=DEBUG msg="promql query logged" test=archv2-nxm-batched tool=conduit-v2 collector=conduit type=conduit collector=conduit type=conduit params="map[end:2026-08-02T22:53:43.632Z query:rate(conduit_connector_bytes_sum{pipeline_name=\"archv2-nxm-batched\",type=\"source\"}[2s])/1048576 start:2026-08-02T22:53:02.630Z step:1]" stats="&{Timings:{EvalTotalTime:5.7708e-05 ResultSortTime:8.33e-07 QueryPreparationTime:7.917e-06 InnerEvalTime:4.5875e-05 ExecQueueTime:1.375e-06 ExecTotalTime:6.0375e-05} Samples:0x1400157e330}" spanID=0000000000000000
time=2026-08-02T15:53:43.632-07:00 level=WARN msg="Query returned multiple series, only first will be used" test=archv2-nxm-batched tool=conduit-v2 collector=conduit type=conduit collector=conduit type=conduit series-count=2
time=2026-08-02T15:53:43.632-07:00 level=DEBUG msg="Query returned data" test=archv2-nxm-batched tool=conduit-v2 collector=conduit type=conduit collector=conduit type=conduit name=msg-megabytes-in-per-second[archv2-nxm-batched] series-count=1 last-value=0.561016014372685
time=2026-08-02T15:53:43.632-07:00 level=DEBUG msg="promql query logged" test=archv2-nxm-batched tool=conduit-v2 collector=conduit type=conduit collector=conduit type=conduit params="map[end:2026-08-02T22:53:43.632Z query:rate(conduit_connector_bytes_sum{pipeline_name=\"archv2-nxm-batched\",type=\"destination\"}[2s])/1048576 start:2026-08-02T22:53:02.630Z step:1]" stats="&{Timings:{EvalTotalTime:3.9042e-05 ResultSortTime:2.09e-07 QueryPreparationTime:3.25e-06 InnerEvalTime:3.3583e-05 ExecQueueTime:5.84e-07 ExecTotalTime:4.0709e-05} Samples:0x14001b903f0}" spanID=0000000000000000
time=2026-08-02T15:53:43.632-07:00 level=WARN msg="Query returned multiple series, only first will be used" test=archv2-nxm-batched tool=conduit-v2 collector=conduit type=conduit collector=conduit type=conduit series-count=2
time=2026-08-02T15:53:43.633-07:00 level=DEBUG msg="Query returned data" test=archv2-nxm-batched tool=conduit-v2 collector=conduit type=conduit collector=conduit type=conduit name=msg-megabytes-out-per-second[archv2-nxm-batched] series-count=1 last-value=1.139566717869732
time=2026-08-02T15:53:43.974-07:00 level=DEBUG msg="Inspecting container" model=container-monitor name=benchi-conduit
time=2026-08-02T15:53:44.484-07:00 level=DEBUG msg="Inspecting container" model=container-monitor name=benchi-conduit
time=2026-08-02T15:53:44.630-07:00 level=DEBUG msg="promql query logged" test=archv2-nxm-batched tool=conduit-v2 collector=conduit type=conduit collector=conduit type=conduit params="map[end:2026-08-02T22:53:44.630Z query:rate(conduit_pipeline_execution_duration_seconds_count{pipeline_name=\"archv2-nxm-batched\"}[2s]) start:2026-08-02T22:53:02.630Z step:1]" stats="&{Timings:{EvalTotalTime:8.4458e-05 ResultSortTime:5.83e-07 QueryPreparationTime:2.4834e-05 InnerEvalTime:5.2792e-05 ExecQueueTime:3.292e-06 ExecTotalTime:9.0791e-05} Samples:0x140014f84b0}" spanID=0000000000000000
time=2026-08-02T15:53:44.630-07:00 level=DEBUG msg="Query returned data" test=archv2-nxm-batched tool=conduit-v2 collector=conduit type=conduit collector=conduit type=conduit name=msg-rate-per-second[archv2-nxm-batched] series-count=1 last-value=40093.37349397591
time=2026-08-02T15:53:44.630-07:00 level=DEBUG msg="promql query logged" test=archv2-nxm-batched tool=conduit-v2 collector=conduit type=conduit collector=conduit type=conduit params="map[end:2026-08-02T22:53:44.630Z query:rate(conduit_connector_bytes_sum{pipeline_name=\"archv2-nxm-batched\",type=\"source\"}[2s])/1048576 start:2026-08-02T22:53:02.630Z step:1]" stats="&{Timings:{EvalTotalTime:0.000105959 ResultSortTime:1.666e-06 QueryPreparationTime:1.2375e-05 InnerEvalTime:8.6916e-05 ExecQueueTime:2.125e-06 ExecTotalTime:0.000110459} Samples:0x140014f8b70}" spanID=0000000000000000
time=2026-08-02T15:53:44.630-07:00 level=WARN msg="Query returned multiple series, only first will be used" test=archv2-nxm-batched tool=conduit-v2 collector=conduit type=conduit collector=conduit type=conduit series-count=2
time=2026-08-02T15:53:44.631-07:00 level=DEBUG msg="Query returned data" test=archv2-nxm-batched tool=conduit-v2 collector=conduit type=conduit collector=conduit type=conduit name=msg-megabytes-in-per-second[archv2-nxm-batched] series-count=1 last-value=0.5757952310952796
time=2026-08-02T15:53:44.631-07:00 level=DEBUG msg="promql query logged" test=archv2-nxm-batched tool=conduit-v2 collector=conduit type=conduit collector=conduit type=conduit params="map[end:2026-08-02T22:53:44.631Z query:rate(conduit_connector_bytes_sum{pipeline_name=\"archv2-nxm-batched\",type=\"destination\"}[2s])/1048576 start:2026-08-02T22:53:02.630Z step:1]" stats="&{Timings:{EvalTotalTime:9.6416e-05 ResultSortTime:5.42e-07 QueryPreparationTime:1.25e-05 InnerEvalTime:7.8583e-05 ExecQueueTime:1.459e-06 ExecTotalTime:0.000100708} Samples:0x140014f9f20}" spanID=0000000000000000
time=2026-08-02T15:53:44.631-07:00 level=WARN msg="Query returned multiple series, only first will be used" test=archv2-nxm-batched tool=conduit-v2 collector=conduit type=conduit collector=conduit type=conduit series-count=2
time=2026-08-02T15:53:44.631-07:00 level=DEBUG msg="Query returned data" test=archv2-nxm-batched tool=conduit-v2 collector=conduit type=conduit collector=conduit type=conduit name=msg-megabytes-out-per-second[archv2-nxm-batched] series-count=1 last-value=1.1371474668204067
time=2026-08-02T15:53:44.999-07:00 level=DEBUG msg="Inspecting container" model=container-monitor name=benchi-conduit
time=2026-08-02T15:53:45.522-07:00 level=DEBUG msg="Inspecting container" model=container-monitor name=benchi-conduit
time=2026-08-02T15:53:45.630-07:00 level=DEBUG msg="promql query logged" test=archv2-nxm-batched tool=conduit-v2 collector=conduit type=conduit collector=conduit type=conduit params="map[end:2026-08-02T22:53:45.630Z query:rate(conduit_pipeline_execution_duration_seconds_count{pipeline_name=\"archv2-nxm-batched\"}[2s]) start:2026-08-02T22:53:02.630Z step:1]" stats="&{Timings:{EvalTotalTime:8.425e-05 ResultSortTime:5e-07 QueryPreparationTime:1.85e-05 InnerEvalTime:5.7417e-05 ExecQueueTime:2.541e-06 ExecTotalTime:9.2041e-05} Samples:0x14001700ea0}" spanID=0000000000000000
time=2026-08-02T15:53:45.631-07:00 level=DEBUG msg="Query returned data" test=archv2-nxm-batched tool=conduit-v2 collector=conduit type=conduit collector=conduit type=conduit name=msg-rate-per-second[archv2-nxm-batched] series-count=1 last-value=41000.99601593625
time=2026-08-02T15:53:45.631-07:00 level=DEBUG msg="promql query logged" test=archv2-nxm-batched tool=conduit-v2 collector=conduit type=conduit collector=conduit type=conduit params="map[end:2026-08-02T22:53:45.631Z query:rate(conduit_connector_bytes_sum{pipeline_name=\"archv2-nxm-batched\",type=\"source\"}[2s])/1048576 start:2026-08-02T22:53:02.630Z step:1]" stats="&{Timings:{EvalTotalTime:6.4167e-05 ResultSortTime:1.125e-06 QueryPreparationTime:8.041e-06 InnerEvalTime:5.2791e-05 ExecQueueTime:1.333e-06 ExecTotalTime:6.7083e-05} Samples:0x14001701590}" spanID=0000000000000000
time=2026-08-02T15:53:45.631-07:00 level=WARN msg="Query returned multiple series, only first will be used" test=archv2-nxm-batched tool=conduit-v2 collector=conduit type=conduit collector=conduit type=conduit series-count=2
time=2026-08-02T15:53:45.631-07:00 level=DEBUG msg="Query returned data" test=archv2-nxm-batched tool=conduit-v2 collector=conduit type=conduit collector=conduit type=conduit name=msg-megabytes-in-per-second[archv2-nxm-batched] series-count=1 last-value=0.5779047886213934
time=2026-08-02T15:53:45.631-07:00 level=DEBUG msg="promql query logged" test=archv2-nxm-batched tool=conduit-v2 collector=conduit type=conduit collector=conduit type=conduit params="map[end:2026-08-02T22:53:45.631Z query:rate(conduit_connector_bytes_sum{pipeline_name=\"archv2-nxm-batched\",type=\"destination\"}[2s])/1048576 start:2026-08-02T22:53:02.630Z step:1]" stats="&{Timings:{EvalTotalTime:0.000100084 ResultSortTime:7.08e-07 QueryPreparationTime:1.3333e-05 InnerEvalTime:8.1167e-05 ExecQueueTime:1.667e-06 ExecTotalTime:0.000103458} Samples:0x1400194fe90}" spanID=0000000000000000
time=2026-08-02T15:53:45.631-07:00 level=WARN msg="Query returned multiple series, only first will be used" test=archv2-nxm-batched tool=conduit-v2 collector=conduit type=conduit collector=conduit type=conduit series-count=2
time=2026-08-02T15:53:45.631-07:00 level=DEBUG msg="Query returned data" test=archv2-nxm-batched tool=conduit-v2 collector=conduit type=conduit collector=conduit type=conduit name=msg-megabytes-out-per-second[archv2-nxm-batched] series-count=1 last-value=1.1563757026338006
time=2026-08-02T15:53:46.047-07:00 level=DEBUG msg="Inspecting container" model=container-monitor name=benchi-conduit
time=2026-08-02T15:53:46.580-07:00 level=DEBUG msg="Inspecting container" model=container-monitor name=benchi-conduit
time=2026-08-02T15:53:46.630-07:00 level=DEBUG msg="promql query logged" test=archv2-nxm-batched tool=conduit-v2 collector=conduit type=conduit collector=conduit type=conduit params="map[end:2026-08-02T22:53:46.630Z query:rate(conduit_pipeline_execution_duration_seconds_count{pipeline_name=\"archv2-nxm-batched\"}[2s]) start:2026-08-02T22:53:02.630Z step:1]" stats="&{Timings:{EvalTotalTime:5.275e-05 ResultSortTime:2.91e-07 QueryPreparationTime:1.3709e-05 InnerEvalTime:3.4125e-05 ExecQueueTime:2.542e-06 ExecTotalTime:5.8e-05} Samples:0x140011f3050}" spanID=0000000000000000
time=2026-08-02T15:53:46.630-07:00 level=DEBUG msg="Query returned data" test=archv2-nxm-batched tool=conduit-v2 collector=conduit type=conduit collector=conduit type=conduit name=msg-rate-per-second[archv2-nxm-batched] series-count=1 last-value=40597.389558232935
time=2026-08-02T15:53:46.630-07:00 level=DEBUG msg="promql query logged" test=archv2-nxm-batched tool=conduit-v2 collector=conduit type=conduit collector=conduit type=conduit params="map[end:2026-08-02T22:53:46.630Z query:rate(conduit_connector_bytes_sum{pipeline_name=\"archv2-nxm-batched\",type=\"source\"}[2s])/1048576 start:2026-08-02T22:53:02.630Z step:1]" stats="&{Timings:{EvalTotalTime:8.225e-05 ResultSortTime:7.08e-07 QueryPreparationTime:8e-06 InnerEvalTime:7.05e-05 ExecQueueTime:2.042e-06 ExecTotalTime:8.5916e-05} Samples:0x140011f3740}" spanID=0000000000000000
time=2026-08-02T15:53:46.630-07:00 level=WARN msg="Query returned multiple series, only first will be used" test=archv2-nxm-batched tool=conduit-v2 collector=conduit type=conduit collector=conduit type=conduit series-count=2
time=2026-08-02T15:53:46.630-07:00 level=DEBUG msg="Query returned data" test=archv2-nxm-batched tool=conduit-v2 collector=conduit type=conduit collector=conduit type=conduit name=msg-megabytes-in-per-second[archv2-nxm-batched] series-count=1 last-value=0.5713658160473927
time=2026-08-02T15:53:46.630-07:00 level=DEBUG msg="promql query logged" test=archv2-nxm-batched tool=conduit-v2 collector=conduit type=conduit collector=conduit type=conduit params="map[end:2026-08-02T22:53:46.630Z query:rate(conduit_connector_bytes_sum{pipeline_name=\"archv2-nxm-batched\",type=\"destination\"}[2s])/1048576 start:2026-08-02T22:53:02.630Z step:1]" stats="&{Timings:{EvalTotalTime:7.3208e-05 ResultSortTime:3.75e-07 QueryPreparationTime:6.833e-06 InnerEvalTime:6.2834e-05 ExecQueueTime:9.17e-07 ExecTotalTime:7.5625e-05} Samples:0x14000952f30}" spanID=0000000000000000
time=2026-08-02T15:53:46.630-07:00 level=WARN msg="Query returned multiple series, only first will be used" test=archv2-nxm-batched tool=conduit-v2 collector=conduit type=conduit collector=conduit type=conduit series-count=2
time=2026-08-02T15:53:46.631-07:00 level=DEBUG msg="Query returned data" test=archv2-nxm-batched tool=conduit-v2 collector=conduit type=conduit collector=conduit type=conduit name=msg-megabytes-out-per-second[archv2-nxm-batched] series-count=1 last-value=1.147229029950368
time=2026-08-02T15:53:47.094-07:00 level=DEBUG msg="Inspecting container" model=container-monitor name=benchi-conduit
time=2026-08-02T15:53:47.612-07:00 level=DEBUG msg="Inspecting container" model=container-monitor name=benchi-conduit
time=2026-08-02T15:53:47.634-07:00 level=DEBUG msg="promql query logged" test=archv2-nxm-batched tool=conduit-v2 collector=conduit type=conduit collector=conduit type=conduit params="map[end:2026-08-02T22:53:47.633Z query:rate(conduit_pipeline_execution_duration_seconds_count{pipeline_name=\"archv2-nxm-batched\"}[2s]) start:2026-08-02T22:53:02.630Z step:1]" stats="&{Timings:{EvalTotalTime:5.8417e-05 ResultSortTime:5e-07 QueryPreparationTime:1.75e-05 InnerEvalTime:3.5125e-05 ExecQueueTime:2.418e-06 ExecTotalTime:6.4042e-05} Samples:0x14001022c60}" spanID=0000000000000000
time=2026-08-02T15:53:47.634-07:00 level=DEBUG msg="Query returned data" test=archv2-nxm-batched tool=conduit-v2 collector=conduit type=conduit collector=conduit type=conduit name=msg-rate-per-second[archv2-nxm-batched] series-count=1 last-value=40216
time=2026-08-02T15:53:47.634-07:00 level=INFO msg="Test in progress" test=archv2-nxm-batched tool=conduit-v2 step=test time-left=15s
time=2026-08-02T15:53:47.634-07:00 level=DEBUG msg="promql query logged" test=archv2-nxm-batched tool=conduit-v2 collector=conduit type=conduit collector=conduit type=conduit params="map[end:2026-08-02T22:53:47.634Z query:rate(conduit_connector_bytes_sum{pipeline_name=\"archv2-nxm-batched\",type=\"source\"}[2s])/1048576 start:2026-08-02T22:53:02.630Z step:1]" stats="&{Timings:{EvalTotalTime:8.9083e-05 ResultSortTime:9.17e-07 QueryPreparationTime:8.542e-06 InnerEvalTime:7.5875e-05 ExecQueueTime:1.209e-06 ExecTotalTime:9.225e-05} Samples:0x140010233e0}" spanID=0000000000000000
time=2026-08-02T15:53:47.634-07:00 level=WARN msg="Query returned multiple series, only first will be used" test=archv2-nxm-batched tool=conduit-v2 collector=conduit type=conduit collector=conduit type=conduit series-count=2
time=2026-08-02T15:53:47.634-07:00 level=DEBUG msg="Query returned data" test=archv2-nxm-batched tool=conduit-v2 collector=conduit type=conduit collector=conduit type=conduit name=msg-megabytes-in-per-second[archv2-nxm-batched] series-count=1 last-value=0.5827369689941406
time=2026-08-02T15:53:47.634-07:00 level=DEBUG msg="promql query logged" test=archv2-nxm-batched tool=conduit-v2 collector=conduit type=conduit collector=conduit type=conduit params="map[end:2026-08-02T22:53:47.634Z query:rate(conduit_connector_bytes_sum{pipeline_name=\"archv2-nxm-batched\",type=\"destination\"}[2s])/1048576 start:2026-08-02T22:53:02.630Z step:1]" stats="&{Timings:{EvalTotalTime:8.7042e-05 ResultSortTime:5.84e-07 QueryPreparationTime:9.25e-06 InnerEvalTime:7.3333e-05 ExecQueueTime:1.041e-06 ExecTotalTime:9.05e-05} Samples:0x140013df500}" spanID=0000000000000000
time=2026-08-02T15:53:47.634-07:00 level=WARN msg="Query returned multiple series, only first will be used" test=archv2-nxm-batched tool=conduit-v2 collector=conduit type=conduit collector=conduit type=conduit series-count=2
time=2026-08-02T15:53:47.635-07:00 level=DEBUG msg="Query returned data" test=archv2-nxm-batched tool=conduit-v2 collector=conduit type=conduit collector=conduit type=conduit name=msg-megabytes-out-per-second[archv2-nxm-batched] series-count=1 last-value=1.1361989974975586
time=2026-08-02T15:53:48.145-07:00 level=DEBUG msg="Inspecting container" model=container-monitor name=benchi-conduit
time=2026-08-02T15:53:48.632-07:00 level=DEBUG msg="promql query logged" test=archv2-nxm-batched tool=conduit-v2 collector=conduit type=conduit collector=conduit type=conduit params="map[end:2026-08-02T22:53:48.632Z query:rate(conduit_pipeline_execution_duration_seconds_count{pipeline_name=\"archv2-nxm-batched\"}[2s]) start:2026-08-02T22:53:02.630Z step:1]" stats="&{Timings:{EvalTotalTime:8.325e-05 ResultSortTime:5e-07 QueryPreparationTime:1.5625e-05 InnerEvalTime:5.9958e-05 ExecQueueTime:1.7e-05 ExecTotalTime:0.000104709} Samples:0x1400134b500}" spanID=0000000000000000
time=2026-08-02T15:53:48.635-07:00 level=DEBUG msg="Query returned data" test=archv2-nxm-batched tool=conduit-v2 collector=conduit type=conduit collector=conduit type=conduit name=msg-rate-per-second[archv2-nxm-batched] series-count=1 last-value=50000
time=2026-08-02T15:53:48.635-07:00 level=DEBUG msg="promql query logged" test=archv2-nxm-batched tool=conduit-v2 collector=conduit type=conduit collector=conduit type=conduit params="map[end:2026-08-02T22:53:48.635Z query:rate(conduit_connector_bytes_sum{pipeline_name=\"archv2-nxm-batched\",type=\"source\"}[2s])/1048576 start:2026-08-02T22:53:02.630Z step:1]" stats="&{Timings:{EvalTotalTime:6.175e-05 ResultSortTime:7.92e-07 QueryPreparationTime:9.459e-06 InnerEvalTime:4.9083e-05 ExecQueueTime:1.333e-06 ExecTotalTime:6.4125e-05} Samples:0x140017cee10}" spanID=0000000000000000
time=2026-08-02T15:53:48.635-07:00 level=WARN msg="Query returned multiple series, only first will be used" test=archv2-nxm-batched tool=conduit-v2 collector=conduit type=conduit collector=conduit type=conduit series-count=2
time=2026-08-02T15:53:48.635-07:00 level=DEBUG msg="Query returned data" test=archv2-nxm-batched tool=conduit-v2 collector=conduit type=conduit collector=conduit type=conduit name=msg-megabytes-in-per-second[archv2-nxm-batched] series-count=1 last-value=0.6843862533569336
time=2026-08-02T15:53:48.636-07:00 level=DEBUG msg="promql query logged" test=archv2-nxm-batched tool=conduit-v2 collector=conduit type=conduit collector=conduit type=conduit params="map[end:2026-08-02T22:53:48.635Z query:rate(conduit_connector_bytes_sum{pipeline_name=\"archv2-nxm-batched\",type=\"destination\"}[2s])/1048576 start:2026-08-02T22:53:02.630Z step:1]" stats="&{Timings:{EvalTotalTime:9.5625e-05 ResultSortTime:8.34e-07 QueryPreparationTime:1.0458e-05 InnerEvalTime:7.9125e-05 ExecQueueTime:3.292e-06 ExecTotalTime:0.000101208} Samples:0x140011675f0}" spanID=0000000000000000
time=2026-08-02T15:53:48.636-07:00 level=WARN msg="Query returned multiple series, only first will be used" test=archv2-nxm-batched tool=conduit-v2 collector=conduit type=conduit collector=conduit type=conduit series-count=2
time=2026-08-02T15:53:48.636-07:00 level=DEBUG msg="Query returned data" test=archv2-nxm-batched tool=conduit-v2 collector=conduit type=conduit collector=conduit type=conduit name=msg-megabytes-out-per-second[archv2-nxm-batched] series-count=1 last-value=1.4162921905517578
time=2026-08-02T15:53:48.661-07:00 level=DEBUG msg="Inspecting container" model=container-monitor name=benchi-conduit
time=2026-08-02T15:53:49.176-07:00 level=DEBUG msg="Inspecting container" model=container-monitor name=benchi-conduit
time=2026-08-02T15:53:49.635-07:00 level=DEBUG msg="promql query logged" test=archv2-nxm-batched tool=conduit-v2 collector=conduit type=conduit collector=conduit type=conduit params="map[end:2026-08-02T22:53:49.635Z query:rate(conduit_pipeline_execution_duration_seconds_count{pipeline_name=\"archv2-nxm-batched\"}[2s]) start:2026-08-02T22:53:02.630Z step:1]" stats="&{Timings:{EvalTotalTime:5.7333e-05 ResultSortTime:5e-07 QueryPreparationTime:1.4625e-05 InnerEvalTime:3.6833e-05 ExecQueueTime:2.041e-06 ExecTotalTime:6.4083e-05} Samples:0x1400134b9e0}" spanID=0000000000000000
time=2026-08-02T15:53:49.635-07:00 level=DEBUG msg="Query returned data" test=archv2-nxm-batched tool=conduit-v2 collector=conduit type=conduit collector=conduit type=conduit name=msg-rate-per-second[archv2-nxm-batched] series-count=1 last-value=42341.9740777667
time=2026-08-02T15:53:49.635-07:00 level=DEBUG msg="promql query logged" test=archv2-nxm-batched tool=conduit-v2 collector=conduit type=conduit collector=conduit type=conduit params="map[end:2026-08-02T22:53:49.635Z query:rate(conduit_connector_bytes_sum{pipeline_name=\"archv2-nxm-batched\",type=\"source\"}[2s])/1048576 start:2026-08-02T22:53:02.630Z step:1]" stats="&{Timings:{EvalTotalTime:9.275e-05 ResultSortTime:8.75e-07 QueryPreparationTime:9.5e-06 InnerEvalTime:7.85e-05 ExecQueueTime:1.251e-06 ExecTotalTime:9.6375e-05} Samples:0x14001106120}" spanID=0000000000000000
time=2026-08-02T15:53:49.635-07:00 level=WARN msg="Query returned multiple series, only first will be used" test=archv2-nxm-batched tool=conduit-v2 collector=conduit type=conduit collector=conduit type=conduit series-count=2
time=2026-08-02T15:53:49.638-07:00 level=DEBUG msg="Query returned data" test=archv2-nxm-batched tool=conduit-v2 collector=conduit type=conduit collector=conduit type=conduit name=msg-megabytes-in-per-second[archv2-nxm-batched] series-count=1 last-value=0.5784400795416486
time=2026-08-02T15:53:49.638-07:00 level=DEBUG msg="promql query logged" test=archv2-nxm-batched tool=conduit-v2 collector=conduit type=conduit collector=conduit type=conduit params="map[end:2026-08-02T22:53:49.638Z query:rate(conduit_connector_bytes_sum{pipeline_name=\"archv2-nxm-batched\",type=\"destination\"}[2s])/1048576 start:2026-08-02T22:53:02.630Z step:1]" stats="&{Timings:{EvalTotalTime:0.000102709 ResultSortTime:8.33e-07 QueryPreparationTime:1.2917e-05 InnerEvalTime:8.4125e-05 ExecQueueTime:1.709e-06 ExecTotalTime:0.000107083} Samples:0x140016efbf0}" spanID=0000000000000000
time=2026-08-02T15:53:49.638-07:00 level=WARN msg="Query returned multiple series, only first will be used" test=archv2-nxm-batched tool=conduit-v2 collector=conduit type=conduit collector=conduit type=conduit series-count=2
time=2026-08-02T15:53:49.639-07:00 level=DEBUG msg="Query returned data" test=archv2-nxm-batched tool=conduit-v2 collector=conduit type=conduit collector=conduit type=conduit name=msg-megabytes-out-per-second[archv2-nxm-batched] series-count=1 last-value=1.1932975867928441
time=2026-08-02T15:53:49.710-07:00 level=DEBUG msg="Inspecting container" model=container-monitor name=benchi-conduit
time=2026-08-02T15:53:50.232-07:00 level=DEBUG msg="Inspecting container" model=container-monitor name=benchi-conduit
time=2026-08-02T15:53:50.632-07:00 level=DEBUG msg="promql query logged" test=archv2-nxm-batched tool=conduit-v2 collector=conduit type=conduit collector=conduit type=conduit params="map[end:2026-08-02T22:53:50.632Z query:rate(conduit_pipeline_execution_duration_seconds_count{pipeline_name=\"archv2-nxm-batched\"}[2s]) start:2026-08-02T22:53:02.630Z step:1]" stats="&{Timings:{EvalTotalTime:5.4292e-05 ResultSortTime:4.16e-07 QueryPreparationTime:1.4375e-05 InnerEvalTime:3.4333e-05 ExecQueueTime:2.709e-06 ExecTotalTime:5.9791e-05} Samples:0x140013892f0}" spanID=0000000000000000
time=2026-08-02T15:53:50.632-07:00 level=DEBUG msg="Query returned data" test=archv2-nxm-batched tool=conduit-v2 collector=conduit type=conduit collector=conduit type=conduit name=msg-rate-per-second[archv2-nxm-batched] series-count=1 last-value=39875.87587587588
time=2026-08-02T15:53:50.633-07:00 level=DEBUG msg="promql query logged" test=archv2-nxm-batched tool=conduit-v2 collector=conduit type=conduit collector=conduit type=conduit params="map[end:2026-08-02T22:53:50.632Z query:rate(conduit_connector_bytes_sum{pipeline_name=\"archv2-nxm-batched\",type=\"source\"}[2s])/1048576 start:2026-08-02T22:53:02.630Z step:1]" stats="&{Timings:{EvalTotalTime:8.9333e-05 ResultSortTime:7.08e-07 QueryPreparationTime:8e-06 InnerEvalTime:7.7125e-05 ExecQueueTime:1.209e-06 ExecTotalTime:9.3084e-05} Samples:0x140013899b0}" spanID=0000000000000000
time=2026-08-02T15:53:50.633-07:00 level=WARN msg="Query returned multiple series, only first will be used" test=archv2-nxm-batched tool=conduit-v2 collector=conduit type=conduit collector=conduit type=conduit series-count=2
time=2026-08-02T15:53:50.633-07:00 level=DEBUG msg="Query returned data" test=archv2-nxm-batched tool=conduit-v2 collector=conduit type=conduit collector=conduit type=conduit name=msg-megabytes-in-per-second[archv2-nxm-batched] series-count=1 last-value=0.5522690735779725
time=2026-08-02T15:53:50.633-07:00 level=DEBUG msg="promql query logged" test=archv2-nxm-batched tool=conduit-v2 collector=conduit type=conduit collector=conduit type=conduit params="map[end:2026-08-02T22:53:50.633Z query:rate(conduit_connector_bytes_sum{pipeline_name=\"archv2-nxm-batched\",type=\"destination\"}[2s])/1048576 start:2026-08-02T22:53:02.630Z step:1]" stats="&{Timings:{EvalTotalTime:8.45e-05 ResultSortTime:5.42e-07 QueryPreparationTime:8.292e-06 InnerEvalTime:7.1958e-05 ExecQueueTime:1.334e-06 ExecTotalTime:8.8959e-05} Samples:0x140013b0db0}" spanID=0000000000000000
time=2026-08-02T15:53:50.633-07:00 level=WARN msg="Query returned multiple series, only first will be used" test=archv2-nxm-batched tool=conduit-v2 collector=conduit type=conduit collector=conduit type=conduit series-count=2
time=2026-08-02T15:53:50.633-07:00 level=DEBUG msg="Query returned data" test=archv2-nxm-batched tool=conduit-v2 collector=conduit type=conduit collector=conduit type=conduit name=msg-megabytes-out-per-second[archv2-nxm-batched] series-count=1 last-value=1.1265079777042668
time=2026-08-02T15:53:50.753-07:00 level=DEBUG msg="Inspecting container" model=container-monitor name=benchi-conduit
time=2026-08-02T15:53:51.261-07:00 level=DEBUG msg="Inspecting container" model=container-monitor name=benchi-conduit
time=2026-08-02T15:53:51.630-07:00 level=DEBUG msg="promql query logged" test=archv2-nxm-batched tool=conduit-v2 collector=conduit type=conduit collector=conduit type=conduit params="map[end:2026-08-02T22:53:51.630Z query:rate(conduit_pipeline_execution_duration_seconds_count{pipeline_name=\"archv2-nxm-batched\"}[2s]) start:2026-08-02T22:53:02.630Z step:1]" stats="&{Timings:{EvalTotalTime:7.9416e-05 ResultSortTime:4.17e-07 QueryPreparationTime:1.5958e-05 InnerEvalTime:5.8167e-05 ExecQueueTime:3.042e-06 ExecTotalTime:8.4042e-05} Samples:0x14001480c00}" spanID=0000000000000000
time=2026-08-02T15:53:51.630-07:00 level=DEBUG msg="Query returned data" test=archv2-nxm-batched tool=conduit-v2 collector=conduit type=conduit collector=conduit type=conduit name=msg-rate-per-second[archv2-nxm-batched] series-count=1 last-value=42415.83166332665
time=2026-08-02T15:53:51.630-07:00 level=DEBUG msg="promql query logged" test=archv2-nxm-batched tool=conduit-v2 collector=conduit type=conduit collector=conduit type=conduit params="map[end:2026-08-02T22:53:51.630Z query:rate(conduit_connector_bytes_sum{pipeline_name=\"archv2-nxm-batched\",type=\"source\"}[2s])/1048576 start:2026-08-02T22:53:02.630Z step:1]" stats="&{Timings:{EvalTotalTime:8.9e-05 ResultSortTime:6.25e-07 QueryPreparationTime:6.75e-06 InnerEvalTime:7.7291e-05 ExecQueueTime:9.16e-07 ExecTotalTime:9.1417e-05} Samples:0x140014812c0}" spanID=0000000000000000
time=2026-08-02T15:53:51.630-07:00 level=WARN msg="Query returned multiple series, only first will be used" test=archv2-nxm-batched tool=conduit-v2 collector=conduit type=conduit collector=conduit type=conduit series-count=2
time=2026-08-02T15:53:51.631-07:00 level=DEBUG msg="Query returned data" test=archv2-nxm-batched tool=conduit-v2 collector=conduit type=conduit collector=conduit type=conduit name=msg-megabytes-in-per-second[archv2-nxm-batched] series-count=1 last-value=0.6246547660751189
time=2026-08-02T15:53:51.631-07:00 level=DEBUG msg="promql query logged" test=archv2-nxm-batched tool=conduit-v2 collector=conduit type=conduit collector=conduit type=conduit params="map[end:2026-08-02T22:53:51.631Z query:rate(conduit_connector_bytes_sum{pipeline_name=\"archv2-nxm-batched\",type=\"destination\"}[2s])/1048576 start:2026-08-02T22:53:02.630Z step:1]" stats="&{Timings:{EvalTotalTime:7.95e-05 ResultSortTime:3.34e-07 QueryPreparationTime:5.875e-06 InnerEvalTime:6.9916e-05 ExecQueueTime:7.07e-07 ExecTotalTime:8.1875e-05} Samples:0x14001496720}" spanID=0000000000000000
time=2026-08-02T15:53:51.631-07:00 level=WARN msg="Query returned multiple series, only first will be used" test=archv2-nxm-batched tool=conduit-v2 collector=conduit type=conduit collector=conduit type=conduit series-count=2
time=2026-08-02T15:53:51.631-07:00 level=DEBUG msg="Query returned data" test=archv2-nxm-batched tool=conduit-v2 collector=conduit type=conduit collector=conduit type=conduit name=msg-megabytes-out-per-second[archv2-nxm-batched] series-count=1 last-value=1.1989635551620819
time=2026-08-02T15:53:51.776-07:00 level=DEBUG msg="Inspecting container" model=container-monitor name=benchi-conduit
time=2026-08-02T15:53:52.292-07:00 level=DEBUG msg="Inspecting container" model=container-monitor name=benchi-conduit
time=2026-08-02T15:53:52.630-07:00 level=INFO msg="Test in progress" test=archv2-nxm-batched tool=conduit-v2 step=test time-left=10s
time=2026-08-02T15:53:52.631-07:00 level=DEBUG msg="promql query logged" test=archv2-nxm-batched tool=conduit-v2 collector=conduit type=conduit collector=conduit type=conduit params="map[end:2026-08-02T22:53:52.631Z query:rate(conduit_pipeline_execution_duration_seconds_count{pipeline_name=\"archv2-nxm-batched\"}[2s]) start:2026-08-02T22:53:02.630Z step:1]" stats="&{Timings:{EvalTotalTime:5.8e-05 ResultSortTime:5.42e-07 QueryPreparationTime:1.4833e-05 InnerEvalTime:3.7708e-05 ExecQueueTime:2e-06 ExecTotalTime:6.4417e-05} Samples:0x14001546540}" spanID=0000000000000000
time=2026-08-02T15:53:52.631-07:00 level=DEBUG msg="Query returned data" test=archv2-nxm-batched tool=conduit-v2 collector=conduit type=conduit collector=conduit type=conduit name=msg-rate-per-second[archv2-nxm-batched] series-count=1 last-value=41420
time=2026-08-02T15:53:52.631-07:00 level=DEBUG msg="promql query logged" test=archv2-nxm-batched tool=conduit-v2 collector=conduit type=conduit collector=conduit type=conduit params="map[end:2026-08-02T22:53:52.631Z query:rate(conduit_connector_bytes_sum{pipeline_name=\"archv2-nxm-batched\",type=\"source\"}[2s])/1048576 start:2026-08-02T22:53:02.630Z step:1]" stats="&{Timings:{EvalTotalTime:6.8292e-05 ResultSortTime:8.34e-07 QueryPreparationTime:9.875e-06 InnerEvalTime:5.425e-05 ExecQueueTime:1.499e-06 ExecTotalTime:7.1e-05} Samples:0x14001546c00}" spanID=0000000000000000
time=2026-08-02T15:53:52.631-07:00 level=WARN msg="Query returned multiple series, only first will be used" test=archv2-nxm-batched tool=conduit-v2 collector=conduit type=conduit collector=conduit type=conduit series-count=2
time=2026-08-02T15:53:52.631-07:00 level=DEBUG msg="Query returned data" test=archv2-nxm-batched tool=conduit-v2 collector=conduit type=conduit collector=conduit type=conduit name=msg-megabytes-in-per-second[archv2-nxm-batched] series-count=1 last-value=0.5603933334350586
time=2026-08-02T15:53:52.631-07:00 level=DEBUG msg="promql query logged" test=archv2-nxm-batched tool=conduit-v2 collector=conduit type=conduit collector=conduit type=conduit params="map[end:2026-08-02T22:53:52.631Z query:rate(conduit_connector_bytes_sum{pipeline_name=\"archv2-nxm-batched\",type=\"destination\"}[2s])/1048576 start:2026-08-02T22:53:02.630Z step:1]" stats="&{Timings:{EvalTotalTime:0.000100958 ResultSortTime:8.33e-07 QueryPreparationTime:1.0167e-05 InnerEvalTime:8.3917e-05 ExecQueueTime:1.667e-06 ExecTotalTime:0.000104583} Samples:0x140013dddd0}" spanID=0000000000000000
time=2026-08-02T15:53:52.631-07:00 level=WARN msg="Query returned multiple series, only first will be used" test=archv2-nxm-batched tool=conduit-v2 collector=conduit type=conduit collector=conduit type=conduit series-count=2
time=2026-08-02T15:53:52.631-07:00 level=DEBUG msg="Query returned data" test=archv2-nxm-batched tool=conduit-v2 collector=conduit type=conduit collector=conduit type=conduit name=msg-megabytes-out-per-second[archv2-nxm-batched] series-count=1 last-value=1.168588638305664
time=2026-08-02T15:53:52.812-07:00 level=DEBUG msg="Inspecting container" model=container-monitor name=benchi-conduit
time=2026-08-02T15:53:53.335-07:00 level=DEBUG msg="Inspecting container" model=container-monitor name=benchi-conduit
time=2026-08-02T15:53:53.630-07:00 level=DEBUG msg="promql query logged" test=archv2-nxm-batched tool=conduit-v2 collector=conduit type=conduit collector=conduit type=conduit params="map[end:2026-08-02T22:53:53.630Z query:rate(conduit_pipeline_execution_duration_seconds_count{pipeline_name=\"archv2-nxm-batched\"}[2s]) start:2026-08-02T22:53:02.630Z step:1]" stats="&{Timings:{EvalTotalTime:5.6875e-05 ResultSortTime:5e-07 QueryPreparationTime:1.4916e-05 InnerEvalTime:3.7125e-05 ExecQueueTime:2.416e-06 ExecTotalTime:6.1625e-05} Samples:0x140014113e0}" spanID=0000000000000000
time=2026-08-02T15:53:53.631-07:00 level=DEBUG msg="Query returned data" test=archv2-nxm-batched tool=conduit-v2 collector=conduit type=conduit collector=conduit type=conduit name=msg-rate-per-second[archv2-nxm-batched] series-count=1 last-value=41980
time=2026-08-02T15:53:53.631-07:00 level=DEBUG msg="promql query logged" test=archv2-nxm-batched tool=conduit-v2 collector=conduit type=conduit collector=conduit type=conduit params="map[end:2026-08-02T22:53:53.631Z query:rate(conduit_connector_bytes_sum{pipeline_name=\"archv2-nxm-batched\",type=\"source\"}[2s])/1048576 start:2026-08-02T22:53:02.630Z step:1]" stats="&{Timings:{EvalTotalTime:8.4333e-05 ResultSortTime:7.08e-07 QueryPreparationTime:5.458e-06 InnerEvalTime:7.4042e-05 ExecQueueTime:8.33e-07 ExecTotalTime:8.6583e-05} Samples:0x14001411aa0}" spanID=0000000000000000
time=2026-08-02T15:53:53.631-07:00 level=WARN msg="Query returned multiple series, only first will be used" test=archv2-nxm-batched tool=conduit-v2 collector=conduit type=conduit collector=conduit type=conduit series-count=2
time=2026-08-02T15:53:53.631-07:00 level=DEBUG msg="Query returned data" test=archv2-nxm-batched tool=conduit-v2 collector=conduit type=conduit collector=conduit type=conduit name=msg-megabytes-in-per-second[archv2-nxm-batched] series-count=1 last-value=0.5985841751098633
time=2026-08-02T15:53:53.631-07:00 level=DEBUG msg="promql query logged" test=archv2-nxm-batched tool=conduit-v2 collector=conduit type=conduit collector=conduit type=conduit params="map[end:2026-08-02T22:53:53.631Z query:rate(conduit_connector_bytes_sum{pipeline_name=\"archv2-nxm-batched\",type=\"destination\"}[2s])/1048576 start:2026-08-02T22:53:02.630Z step:1]" stats="&{Timings:{EvalTotalTime:7.8417e-05 ResultSortTime:3.34e-07 QueryPreparationTime:4.875e-06 InnerEvalTime:7.0333e-05 ExecQueueTime:7.91e-07 ExecTotalTime:8.0666e-05} Samples:0x14001458780}" spanID=0000000000000000
time=2026-08-02T15:53:53.631-07:00 level=WARN msg="Query returned multiple series, only first will be used" test=archv2-nxm-batched tool=conduit-v2 collector=conduit type=conduit collector=conduit type=conduit series-count=2
time=2026-08-02T15:53:53.631-07:00 level=DEBUG msg="Query returned data" test=archv2-nxm-batched tool=conduit-v2 collector=conduit type=conduit collector=conduit type=conduit name=msg-megabytes-out-per-second[archv2-nxm-batched] series-count=1 last-value=1.1879615783691406
time=2026-08-02T15:53:53.855-07:00 level=DEBUG msg="Inspecting container" model=container-monitor name=benchi-conduit
time=2026-08-02T15:53:54.390-07:00 level=DEBUG msg="Inspecting container" model=container-monitor name=benchi-conduit
time=2026-08-02T15:53:54.630-07:00 level=DEBUG msg="promql query logged" test=archv2-nxm-batched tool=conduit-v2 collector=conduit type=conduit collector=conduit type=conduit params="map[end:2026-08-02T22:53:54.630Z query:rate(conduit_pipeline_execution_duration_seconds_count{pipeline_name=\"archv2-nxm-batched\"}[2s]) start:2026-08-02T22:53:02.630Z step:1]" stats="&{Timings:{EvalTotalTime:5.5833e-05 ResultSortTime:3.75e-07 QueryPreparationTime:1.4334e-05 InnerEvalTime:3.5917e-05 ExecQueueTime:2.167e-06 ExecTotalTime:6.3833e-05} Samples:0x14001884f60}" spanID=0000000000000000
time=2026-08-02T15:53:54.630-07:00 level=DEBUG msg="Query returned data" test=archv2-nxm-batched tool=conduit-v2 collector=conduit type=conduit collector=conduit type=conduit name=msg-rate-per-second[archv2-nxm-batched] series-count=1 last-value=40800
time=2026-08-02T15:53:54.630-07:00 level=DEBUG msg="promql query logged" test=archv2-nxm-batched tool=conduit-v2 collector=conduit type=conduit collector=conduit type=conduit params="map[end:2026-08-02T22:53:54.630Z query:rate(conduit_connector_bytes_sum{pipeline_name=\"archv2-nxm-batched\",type=\"source\"}[2s])/1048576 start:2026-08-02T22:53:02.630Z step:1]" stats="&{Timings:{EvalTotalTime:8.6209e-05 ResultSortTime:6.25e-07 QueryPreparationTime:7.917e-06 InnerEvalTime:7.4708e-05 ExecQueueTime:1.042e-06 ExecTotalTime:8.8791e-05} Samples:0x14001885620}" spanID=0000000000000000
time=2026-08-02T15:53:54.630-07:00 level=WARN msg="Query returned multiple series, only first will be used" test=archv2-nxm-batched tool=conduit-v2 collector=conduit type=conduit collector=conduit type=conduit series-count=2
time=2026-08-02T15:53:54.630-07:00 level=DEBUG msg="Query returned data" test=archv2-nxm-batched tool=conduit-v2 collector=conduit type=conduit collector=conduit type=conduit name=msg-megabytes-in-per-second[archv2-nxm-batched] series-count=1 last-value=0.5749931335449219
time=2026-08-02T15:53:54.630-07:00 level=DEBUG msg="promql query logged" test=archv2-nxm-batched tool=conduit-v2 collector=conduit type=conduit collector=conduit type=conduit params="map[end:2026-08-02T22:53:54.630Z query:rate(conduit_connector_bytes_sum{pipeline_name=\"archv2-nxm-batched\",type=\"destination\"}[2s])/1048576 start:2026-08-02T22:53:02.630Z step:1]" stats="&{Timings:{EvalTotalTime:9.2709e-05 ResultSortTime:5e-07 QueryPreparationTime:8.583e-06 InnerEvalTime:7.9917e-05 ExecQueueTime:1.167e-06 ExecTotalTime:9.5792e-05} Samples:0x14001717da0}" spanID=0000000000000000
time=2026-08-02T15:53:54.630-07:00 level=WARN msg="Query returned multiple series, only first will be used" test=archv2-nxm-batched tool=conduit-v2 collector=conduit type=conduit collector=conduit type=conduit series-count=2
time=2026-08-02T15:53:54.630-07:00 level=DEBUG msg="Query returned data" test=archv2-nxm-batched tool=conduit-v2 collector=conduit type=conduit collector=conduit type=conduit name=msg-megabytes-out-per-second[archv2-nxm-batched] series-count=1 last-value=1.152547836303711
time=2026-08-02T15:53:54.904-07:00 level=DEBUG msg="Inspecting container" model=container-monitor name=benchi-conduit
time=2026-08-02T15:53:55.449-07:00 level=DEBUG msg="Inspecting container" model=container-monitor name=benchi-conduit
time=2026-08-02T15:53:55.630-07:00 level=DEBUG msg="promql query logged" test=archv2-nxm-batched tool=conduit-v2 collector=conduit type=conduit collector=conduit type=conduit params="map[end:2026-08-02T22:53:55.630Z query:rate(conduit_pipeline_execution_duration_seconds_count{pipeline_name=\"archv2-nxm-batched\"}[2s]) start:2026-08-02T22:53:02.630Z step:1]" stats="&{Timings:{EvalTotalTime:6.3542e-05 ResultSortTime:4.16e-07 QueryPreparationTime:1.425e-05 InnerEvalTime:4.4083e-05 ExecQueueTime:2.125e-06 ExecTotalTime:6.8208e-05} Samples:0x140016ed350}" spanID=0000000000000000
time=2026-08-02T15:53:55.630-07:00 level=DEBUG msg="Query returned data" test=archv2-nxm-batched tool=conduit-v2 collector=conduit type=conduit collector=conduit type=conduit name=msg-rate-per-second[archv2-nxm-batched] series-count=1 last-value=42209
time=2026-08-02T15:53:55.631-07:00 level=DEBUG msg="promql query logged" test=archv2-nxm-batched tool=conduit-v2 collector=conduit type=conduit collector=conduit type=conduit params="map[end:2026-08-02T22:53:55.630Z query:rate(conduit_connector_bytes_sum{pipeline_name=\"archv2-nxm-batched\",type=\"source\"}[2s])/1048576 start:2026-08-02T22:53:02.630Z step:1]" stats="&{Timings:{EvalTotalTime:0.000119375 ResultSortTime:9.17e-07 QueryPreparationTime:7.666e-06 InnerEvalTime:0.000107125 ExecQueueTime:1.125e-06 ExecTotalTime:0.000122208} Samples:0x140016edbc0}" spanID=0000000000000000
time=2026-08-02T15:53:55.631-07:00 level=WARN msg="Query returned multiple series, only first will be used" test=archv2-nxm-batched tool=conduit-v2 collector=conduit type=conduit collector=conduit type=conduit series-count=2
time=2026-08-02T15:53:55.631-07:00 level=DEBUG msg="Query returned data" test=archv2-nxm-batched tool=conduit-v2 collector=conduit type=conduit collector=conduit type=conduit name=msg-megabytes-in-per-second[archv2-nxm-batched] series-count=1 last-value=0.605311393737793
time=2026-08-02T15:53:55.631-07:00 level=DEBUG msg="promql query logged" test=archv2-nxm-batched tool=conduit-v2 collector=conduit type=conduit collector=conduit type=conduit params="map[end:2026-08-02T22:53:55.631Z query:rate(conduit_connector_bytes_sum{pipeline_name=\"archv2-nxm-batched\",type=\"destination\"}[2s])/1048576 start:2026-08-02T22:53:02.630Z step:1]" stats="&{Timings:{EvalTotalTime:9.9084e-05 ResultSortTime:5.83e-07 QueryPreparationTime:9.25e-06 InnerEvalTime:8.5334e-05 ExecQueueTime:1.25e-06 ExecTotalTime:0.000102583} Samples:0x14001956720}" spanID=0000000000000000
time=2026-08-02T15:53:55.631-07:00 level=WARN msg="Query returned multiple series, only first will be used" test=archv2-nxm-batched tool=conduit-v2 collector=conduit type=conduit collector=conduit type=conduit series-count=2
time=2026-08-02T15:53:55.631-07:00 level=DEBUG msg="Query returned data" test=archv2-nxm-batched tool=conduit-v2 collector=conduit type=conduit collector=conduit type=conduit name=msg-megabytes-out-per-second[archv2-nxm-batched] series-count=1 last-value=1.1964292526245117
time=2026-08-02T15:53:55.978-07:00 level=DEBUG msg="Inspecting container" model=container-monitor name=benchi-conduit
time=2026-08-02T15:53:56.496-07:00 level=DEBUG msg="Inspecting container" model=container-monitor name=benchi-conduit
time=2026-08-02T15:53:56.630-07:00 level=DEBUG msg="promql query logged" test=archv2-nxm-batched tool=conduit-v2 collector=conduit type=conduit collector=conduit type=conduit params="map[end:2026-08-02T22:53:56.630Z query:rate(conduit_pipeline_execution_duration_seconds_count{pipeline_name=\"archv2-nxm-batched\"}[2s]) start:2026-08-02T22:53:02.630Z step:1]" stats="&{Timings:{EvalTotalTime:5.4292e-05 ResultSortTime:2.91e-07 QueryPreparationTime:1.4334e-05 InnerEvalTime:3.5375e-05 ExecQueueTime:2.25e-06 ExecTotalTime:5.8542e-05} Samples:0x140014fcff0}" spanID=0000000000000000
time=2026-08-02T15:53:56.631-07:00 level=DEBUG msg="Query returned data" test=archv2-nxm-batched tool=conduit-v2 collector=conduit type=conduit collector=conduit type=conduit name=msg-rate-per-second[archv2-nxm-batched] series-count=1 last-value=36782
time=2026-08-02T15:53:56.633-07:00 level=DEBUG msg="promql query logged" test=archv2-nxm-batched tool=conduit-v2 collector=conduit type=conduit collector=conduit type=conduit params="map[end:2026-08-02T22:53:56.631Z query:rate(conduit_connector_bytes_sum{pipeline_name=\"archv2-nxm-batched\",type=\"source\"}[2s])/1048576 start:2026-08-02T22:53:02.630Z step:1]" stats="&{Timings:{EvalTotalTime:0.000133 ResultSortTime:1.084e-06 QueryPreparationTime:1.2125e-05 InnerEvalTime:0.000114 ExecQueueTime:1.791e-06 ExecTotalTime:0.000138584} Samples:0x140014fd6b0}" spanID=0000000000000000
time=2026-08-02T15:53:56.633-07:00 level=WARN msg="Query returned multiple series, only first will be used" test=archv2-nxm-batched tool=conduit-v2 collector=conduit type=conduit collector=conduit type=conduit series-count=2
time=2026-08-02T15:53:56.633-07:00 level=DEBUG msg="Query returned data" test=archv2-nxm-batched tool=conduit-v2 collector=conduit type=conduit collector=conduit type=conduit name=msg-megabytes-in-per-second[archv2-nxm-batched] series-count=1 last-value=0.5015354156494141
time=2026-08-02T15:53:56.633-07:00 level=DEBUG msg="promql query logged" test=archv2-nxm-batched tool=conduit-v2 collector=conduit type=conduit collector=conduit type=conduit params="map[end:2026-08-02T22:53:56.633Z query:rate(conduit_connector_bytes_sum{pipeline_name=\"archv2-nxm-batched\",type=\"destination\"}[2s])/1048576 start:2026-08-02T22:53:02.630Z step:1]" stats="&{Timings:{EvalTotalTime:0.000101 ResultSortTime:5.83e-07 QueryPreparationTime:9.417e-06 InnerEvalTime:8.6208e-05 ExecQueueTime:1.417e-06 ExecTotalTime:0.000104584} Samples:0x1400157e090}" spanID=0000000000000000
time=2026-08-02T15:53:56.633-07:00 level=WARN msg="Query returned multiple series, only first will be used" test=archv2-nxm-batched tool=conduit-v2 collector=conduit type=conduit collector=conduit type=conduit series-count=2
time=2026-08-02T15:53:56.634-07:00 level=DEBUG msg="Query returned data" test=archv2-nxm-batched tool=conduit-v2 collector=conduit type=conduit collector=conduit type=conduit name=msg-megabytes-out-per-second[archv2-nxm-batched] series-count=1 last-value=1.0325956344604492
time=2026-08-02T15:53:57.010-07:00 level=DEBUG msg="Inspecting container" model=container-monitor name=benchi-conduit
time=2026-08-02T15:53:57.536-07:00 level=DEBUG msg="Inspecting container" model=container-monitor name=benchi-conduit
time=2026-08-02T15:53:57.633-07:00 level=INFO msg="Test in progress" test=archv2-nxm-batched tool=conduit-v2 step=test time-left=5s
time=2026-08-02T15:53:57.634-07:00 level=DEBUG msg="promql query logged" test=archv2-nxm-batched tool=conduit-v2 collector=conduit type=conduit collector=conduit type=conduit params="map[end:2026-08-02T22:53:57.633Z query:rate(conduit_pipeline_execution_duration_seconds_count{pipeline_name=\"archv2-nxm-batched\"}[2s]) start:2026-08-02T22:53:02.630Z step:1]" stats="&{Timings:{EvalTotalTime:5.7334e-05 ResultSortTime:3.75e-07 QueryPreparationTime:1.5875e-05 InnerEvalTime:3.6458e-05 ExecQueueTime:2.249e-06 ExecTotalTime:6.1834e-05} Samples:0x140018e3dd0}" spanID=0000000000000000
time=2026-08-02T15:53:57.634-07:00 level=DEBUG msg="Query returned data" test=archv2-nxm-batched tool=conduit-v2 collector=conduit type=conduit collector=conduit type=conduit name=msg-rate-per-second[archv2-nxm-batched] series-count=1 last-value=41900
time=2026-08-02T15:53:57.634-07:00 level=DEBUG msg="promql query logged" test=archv2-nxm-batched tool=conduit-v2 collector=conduit type=conduit collector=conduit type=conduit params="map[end:2026-08-02T22:53:57.634Z query:rate(conduit_connector_bytes_sum{pipeline_name=\"archv2-nxm-batched\",type=\"source\"}[2s])/1048576 start:2026-08-02T22:53:02.630Z step:1]" stats="&{Timings:{EvalTotalTime:9.4417e-05 ResultSortTime:7.09e-07 QueryPreparationTime:7.167e-06 InnerEvalTime:8.3167e-05 ExecQueueTime:8.75e-07 ExecTotalTime:9.7375e-05} Samples:0x140014f8510}" spanID=0000000000000000
time=2026-08-02T15:53:57.634-07:00 level=WARN msg="Query returned multiple series, only first will be used" test=archv2-nxm-batched tool=conduit-v2 collector=conduit type=conduit collector=conduit type=conduit series-count=2
time=2026-08-02T15:53:57.634-07:00 level=DEBUG msg="Query returned data" test=archv2-nxm-batched tool=conduit-v2 collector=conduit type=conduit collector=conduit type=conduit name=msg-megabytes-in-per-second[archv2-nxm-batched] series-count=1 last-value=0.5843305587768555
time=2026-08-02T15:53:57.634-07:00 level=DEBUG msg="promql query logged" test=archv2-nxm-batched tool=conduit-v2 collector=conduit type=conduit collector=conduit type=conduit params="map[end:2026-08-02T22:53:57.634Z query:rate(conduit_connector_bytes_sum{pipeline_name=\"archv2-nxm-batched\",type=\"destination\"}[2s])/1048576 start:2026-08-02T22:53:02.630Z step:1]" stats="&{Timings:{EvalTotalTime:0.000110084 ResultSortTime:6.67e-07 QueryPreparationTime:6.958e-06 InnerEvalTime:9.8167e-05 ExecQueueTime:1.125e-06 ExecTotalTime:0.000113291} Samples:0x140014f9a70}" spanID=0000000000000000
time=2026-08-02T15:53:57.634-07:00 level=WARN msg="Query returned multiple series, only first will be used" test=archv2-nxm-batched tool=conduit-v2 collector=conduit type=conduit collector=conduit type=conduit series-count=2
time=2026-08-02T15:53:57.634-07:00 level=DEBUG msg="Query returned data" test=archv2-nxm-batched tool=conduit-v2 collector=conduit type=conduit collector=conduit type=conduit name=msg-megabytes-out-per-second[archv2-nxm-batched] series-count=1 last-value=1.186920166015625
time=2026-08-02T15:53:58.084-07:00 level=DEBUG msg="Inspecting container" model=container-monitor name=benchi-conduit
time=2026-08-02T15:53:58.602-07:00 level=DEBUG msg="Inspecting container" model=container-monitor name=benchi-conduit
time=2026-08-02T15:53:58.630-07:00 level=DEBUG msg="promql query logged" test=archv2-nxm-batched tool=conduit-v2 collector=conduit type=conduit collector=conduit type=conduit params="map[end:2026-08-02T22:53:58.630Z query:rate(conduit_pipeline_execution_duration_seconds_count{pipeline_name=\"archv2-nxm-batched\"}[2s]) start:2026-08-02T22:53:02.630Z step:1]" stats="&{Timings:{EvalTotalTime:5.5792e-05 ResultSortTime:3.75e-07 QueryPreparationTime:1.4125e-05 InnerEvalTime:3.6875e-05 ExecQueueTime:1.834e-06 ExecTotalTime:5.9667e-05} Samples:0x140010dda40}" spanID=0000000000000000
time=2026-08-02T15:53:58.631-07:00 level=DEBUG msg="Query returned data" test=archv2-nxm-batched tool=conduit-v2 collector=conduit type=conduit collector=conduit type=conduit name=msg-rate-per-second[archv2-nxm-batched] series-count=1 last-value=36570.85828343313
time=2026-08-02T15:53:58.631-07:00 level=DEBUG msg="promql query logged" test=archv2-nxm-batched tool=conduit-v2 collector=conduit type=conduit collector=conduit type=conduit params="map[end:2026-08-02T22:53:58.631Z query:rate(conduit_connector_bytes_sum{pipeline_name=\"archv2-nxm-batched\",type=\"source\"}[2s])/1048576 start:2026-08-02T22:53:02.630Z step:1]" stats="&{Timings:{EvalTotalTime:9.375e-05 ResultSortTime:7.92e-07 QueryPreparationTime:5.75e-06 InnerEvalTime:8.4125e-05 ExecQueueTime:7.09e-07 ExecTotalTime:9.6e-05} Samples:0x140011f2180}" spanID=0000000000000000
time=2026-08-02T15:53:58.631-07:00 level=WARN msg="Query returned multiple series, only first will be used" test=archv2-nxm-batched tool=conduit-v2 collector=conduit type=conduit collector=conduit type=conduit series-count=2
time=2026-08-02T15:53:58.631-07:00 level=DEBUG msg="Query returned data" test=archv2-nxm-batched tool=conduit-v2 collector=conduit type=conduit collector=conduit type=conduit name=msg-megabytes-in-per-second[archv2-nxm-batched] series-count=1 last-value=0.5172712360313553
time=2026-08-02T15:53:58.631-07:00 level=DEBUG msg="promql query logged" test=archv2-nxm-batched tool=conduit-v2 collector=conduit type=conduit collector=conduit type=conduit params="map[end:2026-08-02T22:53:58.631Z query:rate(conduit_connector_bytes_sum{pipeline_name=\"archv2-nxm-batched\",type=\"destination\"}[2s])/1048576 start:2026-08-02T22:53:02.630Z step:1]" stats="&{Timings:{EvalTotalTime:8.425e-05 ResultSortTime:3.75e-07 QueryPreparationTime:5.458e-06 InnerEvalTime:7.5458e-05 ExecQueueTime:7.92e-07 ExecTotalTime:8.6458e-05} Samples:0x140011f3830}" spanID=0000000000000000
time=2026-08-02T15:53:58.631-07:00 level=WARN msg="Query returned multiple series, only first will be used" test=archv2-nxm-batched tool=conduit-v2 collector=conduit type=conduit collector=conduit type=conduit series-count=2
time=2026-08-02T15:53:58.631-07:00 level=DEBUG msg="Query returned data" test=archv2-nxm-batched tool=conduit-v2 collector=conduit type=conduit collector=conduit type=conduit name=msg-megabytes-out-per-second[archv2-nxm-batched] series-count=1 last-value=1.0331367066282473
time=2026-08-02T15:53:59.127-07:00 level=DEBUG msg="Inspecting container" model=container-monitor name=benchi-conduit
time=2026-08-02T15:53:59.630-07:00 level=DEBUG msg="promql query logged" test=archv2-nxm-batched tool=conduit-v2 collector=conduit type=conduit collector=conduit type=conduit params="map[end:2026-08-02T22:53:59.630Z query:rate(conduit_pipeline_execution_duration_seconds_count{pipeline_name=\"archv2-nxm-batched\"}[2s]) start:2026-08-02T22:53:02.630Z step:1]" stats="&{Timings:{EvalTotalTime:5.8416e-05 ResultSortTime:3.33e-07 QueryPreparationTime:1.4083e-05 InnerEvalTime:3.7708e-05 ExecQueueTime:2.041e-06 ExecTotalTime:6.2625e-05} Samples:0x14000f0ecc0}" spanID=0000000000000000
time=2026-08-02T15:53:59.630-07:00 level=DEBUG msg="Query returned data" test=archv2-nxm-batched tool=conduit-v2 collector=conduit type=conduit collector=conduit type=conduit name=msg-rate-per-second[archv2-nxm-batched] series-count=1 last-value=40301.60320641282
time=2026-08-02T15:53:59.631-07:00 level=DEBUG msg="promql query logged" test=archv2-nxm-batched tool=conduit-v2 collector=conduit type=conduit collector=conduit type=conduit params="map[end:2026-08-02T22:53:59.630Z query:rate(conduit_connector_bytes_sum{pipeline_name=\"archv2-nxm-batched\",type=\"source\"}[2s])/1048576 start:2026-08-02T22:53:02.630Z step:1]" stats="&{Timings:{EvalTotalTime:9.1375e-05 ResultSortTime:8.33e-07 QueryPreparationTime:5.417e-06 InnerEvalTime:8.1958e-05 ExecQueueTime:7.51e-07 ExecTotalTime:9.35e-05} Samples:0x14000f0f3b0}" spanID=0000000000000000
time=2026-08-02T15:53:59.631-07:00 level=WARN msg="Query returned multiple series, only first will be used" test=archv2-nxm-batched tool=conduit-v2 collector=conduit type=conduit collector=conduit type=conduit series-count=2
time=2026-08-02T15:53:59.631-07:00 level=DEBUG msg="Query returned data" test=archv2-nxm-batched tool=conduit-v2 collector=conduit type=conduit collector=conduit type=conduit name=msg-megabytes-in-per-second[archv2-nxm-batched] series-count=1 last-value=0.5735032305211007
time=2026-08-02T15:53:59.631-07:00 level=DEBUG msg="Inspecting container" model=container-monitor name=benchi-conduit
time=2026-08-02T15:53:59.631-07:00 level=DEBUG msg="promql query logged" test=archv2-nxm-batched tool=conduit-v2 collector=conduit type=conduit collector=conduit type=conduit params="map[end:2026-08-02T22:53:59.631Z query:rate(conduit_connector_bytes_sum{pipeline_name=\"archv2-nxm-batched\",type=\"destination\"}[2s])/1048576 start:2026-08-02T22:53:02.630Z step:1]" stats="&{Timings:{EvalTotalTime:0.000100875 ResultSortTime:5.83e-07 QueryPreparationTime:9.417e-06 InnerEvalTime:8.6416e-05 ExecQueueTime:1.167e-06 ExecTotalTime:0.000105} Samples:0x140009271a0}" spanID=0000000000000000
time=2026-08-02T15:53:59.631-07:00 level=WARN msg="Query returned multiple series, only first will be used" test=archv2-nxm-batched tool=conduit-v2 collector=conduit type=conduit collector=conduit type=conduit series-count=2
time=2026-08-02T15:53:59.631-07:00 level=DEBUG msg="Query returned data" test=archv2-nxm-batched tool=conduit-v2 collector=conduit type=conduit collector=conduit type=conduit name=msg-megabytes-out-per-second[archv2-nxm-batched] series-count=1 last-value=1.1382141189728088
time=2026-08-02T15:54:00.145-07:00 level=DEBUG msg="Inspecting container" model=container-monitor name=benchi-conduit
time=2026-08-02T15:54:00.630-07:00 level=DEBUG msg="promql query logged" test=archv2-nxm-batched tool=conduit-v2 collector=conduit type=conduit collector=conduit type=conduit params="map[end:2026-08-02T22:54:00.630Z query:rate(conduit_pipeline_execution_duration_seconds_count{pipeline_name=\"archv2-nxm-batched\"}[2s]) start:2026-08-02T22:53:02.630Z step:1]" stats="&{Timings:{EvalTotalTime:9.8167e-05 ResultSortTime:5.84e-07 QueryPreparationTime:1.8167e-05 InnerEvalTime:7.3375e-05 ExecQueueTime:2.208e-06 ExecTotalTime:0.000102833} Samples:0x140010df650}" spanID=0000000000000000
time=2026-08-02T15:54:00.630-07:00 level=DEBUG msg="Query returned data" test=archv2-nxm-batched tool=conduit-v2 collector=conduit type=conduit collector=conduit type=conduit name=msg-rate-per-second[archv2-nxm-batched] series-count=1 last-value=41400
time=2026-08-02T15:54:00.630-07:00 level=DEBUG msg="promql query logged" test=archv2-nxm-batched tool=conduit-v2 collector=conduit type=conduit collector=conduit type=conduit params="map[end:2026-08-02T22:54:00.630Z query:rate(conduit_connector_bytes_sum{pipeline_name=\"archv2-nxm-batched\",type=\"source\"}[2s])/1048576 start:2026-08-02T22:53:02.630Z step:1]" stats="&{Timings:{EvalTotalTime:0.000101458 ResultSortTime:8.33e-07 QueryPreparationTime:7.834e-06 InnerEvalTime:8.875e-05 ExecQueueTime:1.5e-06 ExecTotalTime:0.00010475} Samples:0x140010dfd10}" spanID=0000000000000000
time=2026-08-02T15:54:00.630-07:00 level=WARN msg="Query returned multiple series, only first will be used" test=archv2-nxm-batched tool=conduit-v2 collector=conduit type=conduit collector=conduit type=conduit series-count=2
time=2026-08-02T15:54:00.630-07:00 level=DEBUG msg="Query returned data" test=archv2-nxm-batched tool=conduit-v2 collector=conduit type=conduit collector=conduit type=conduit name=msg-megabytes-in-per-second[archv2-nxm-batched] series-count=1 last-value=0.5958595275878906
time=2026-08-02T15:54:00.631-07:00 level=DEBUG msg="promql query logged" test=archv2-nxm-batched tool=conduit-v2 collector=conduit type=conduit collector=conduit type=conduit params="map[end:2026-08-02T22:54:00.630Z query:rate(conduit_connector_bytes_sum{pipeline_name=\"archv2-nxm-batched\",type=\"destination\"}[2s])/1048576 start:2026-08-02T22:53:02.630Z step:1]" stats="&{Timings:{EvalTotalTime:0.000107459 ResultSortTime:6.66e-07 QueryPreparationTime:9.625e-06 InnerEvalTime:9.3e-05 ExecQueueTime:1.375e-06 ExecTotalTime:0.000110917} Samples:0x1400171cd50}" spanID=0000000000000000
time=2026-08-02T15:54:00.631-07:00 level=WARN msg="Query returned multiple series, only first will be used" test=archv2-nxm-batched tool=conduit-v2 collector=conduit type=conduit collector=conduit type=conduit series-count=2
time=2026-08-02T15:54:00.631-07:00 level=DEBUG msg="Query returned data" test=archv2-nxm-batched tool=conduit-v2 collector=conduit type=conduit collector=conduit type=conduit name=msg-megabytes-out-per-second[archv2-nxm-batched] series-count=1 last-value=1.170027732849121
time=2026-08-02T15:54:00.665-07:00 level=DEBUG msg="Inspecting container" model=container-monitor name=benchi-conduit
time=2026-08-02T15:54:01.205-07:00 level=DEBUG msg="Inspecting container" model=container-monitor name=benchi-conduit
time=2026-08-02T15:54:01.630-07:00 level=DEBUG msg="promql query logged" test=archv2-nxm-batched tool=conduit-v2 collector=conduit type=conduit collector=conduit type=conduit params="map[end:2026-08-02T22:54:01.630Z query:rate(conduit_pipeline_execution_duration_seconds_count{pipeline_name=\"archv2-nxm-batched\"}[2s]) start:2026-08-02T22:53:02.630Z step:1]" stats="&{Timings:{EvalTotalTime:5.7875e-05 ResultSortTime:4.58e-07 QueryPreparationTime:1.3875e-05 InnerEvalTime:3.8375e-05 ExecQueueTime:2.334e-06 ExecTotalTime:6.25e-05} Samples:0x14001869500}" spanID=0000000000000000
time=2026-08-02T15:54:01.630-07:00 level=DEBUG msg="Query returned data" test=archv2-nxm-batched tool=conduit-v2 collector=conduit type=conduit collector=conduit type=conduit name=msg-rate-per-second[archv2-nxm-batched] series-count=1 last-value=33798.60418743769
time=2026-08-02T15:54:01.631-07:00 level=DEBUG msg="promql query logged" test=archv2-nxm-batched tool=conduit-v2 collector=conduit type=conduit collector=conduit type=conduit params="map[end:2026-08-02T22:54:01.630Z query:rate(conduit_connector_bytes_sum{pipeline_name=\"archv2-nxm-batched\",type=\"source\"}[2s])/1048576 start:2026-08-02T22:53:02.630Z step:1]" stats="&{Timings:{EvalTotalTime:0.0001025 ResultSortTime:8.75e-07 QueryPreparationTime:7.917e-06 InnerEvalTime:8.9917e-05 ExecQueueTime:1.166e-06 ExecTotalTime:0.00010575} Samples:0x14001869bc0}" spanID=0000000000000000
time=2026-08-02T15:54:01.631-07:00 level=WARN msg="Query returned multiple series, only first will be used" test=archv2-nxm-batched tool=conduit-v2 collector=conduit type=conduit collector=conduit type=conduit series-count=2
time=2026-08-02T15:54:01.631-07:00 level=DEBUG msg="Query returned data" test=archv2-nxm-batched tool=conduit-v2 collector=conduit type=conduit collector=conduit type=conduit name=msg-megabytes-in-per-second[archv2-nxm-batched] series-count=1 last-value=0.4840786174192267
time=2026-08-02T15:54:01.631-07:00 level=DEBUG msg="promql query logged" test=archv2-nxm-batched tool=conduit-v2 collector=conduit type=conduit collector=conduit type=conduit params="map[end:2026-08-02T22:54:01.631Z query:rate(conduit_connector_bytes_sum{pipeline_name=\"archv2-nxm-batched\",type=\"destination\"}[2s])/1048576 start:2026-08-02T22:53:02.630Z step:1]" stats="&{Timings:{EvalTotalTime:0.000191875 ResultSortTime:7.5e-07 QueryPreparationTime:9.167e-06 InnerEvalTime:0.000176625 ExecQueueTime:1.291e-06 ExecTotalTime:0.000196292} Samples:0x14001884930}" spanID=0000000000000000
time=2026-08-02T15:54:01.631-07:00 level=WARN msg="Query returned multiple series, only first will be used" test=archv2-nxm-batched tool=conduit-v2 collector=conduit type=conduit collector=conduit type=conduit series-count=2
time=2026-08-02T15:54:01.631-07:00 level=DEBUG msg="Query returned data" test=archv2-nxm-batched tool=conduit-v2 collector=conduit type=conduit collector=conduit type=conduit name=msg-megabytes-out-per-second[archv2-nxm-batched] series-count=1 last-value=0.9546156300385952
time=2026-08-02T15:54:01.721-07:00 level=DEBUG msg="Inspecting container" model=container-monitor name=benchi-conduit
time=2026-08-02T15:54:02.265-07:00 level=DEBUG msg="Inspecting container" model=container-monitor name=benchi-conduit
time=2026-08-02T15:54:02.630-07:00 level=INFO msg="Test in progress" test=archv2-nxm-batched tool=conduit-v2 step=test time-left=0s
time=2026-08-02T15:54:02.630-07:00 level=DEBUG msg="promql query logged" test=archv2-nxm-batched tool=conduit-v2 collector=conduit type=conduit collector=conduit type=conduit params="map[end:2026-08-02T22:54:02.630Z query:rate(conduit_pipeline_execution_duration_seconds_count{pipeline_name=\"archv2-nxm-batched\"}[2s]) start:2026-08-02T22:53:02.630Z step:1]" stats="&{Timings:{EvalTotalTime:5.625e-05 ResultSortTime:3.75e-07 QueryPreparationTime:1.4583e-05 InnerEvalTime:3.675e-05 ExecQueueTime:2.292e-06 ExecTotalTime:6.0208e-05} Samples:0x14001317200}" spanID=0000000000000000
time=2026-08-02T15:54:02.630-07:00 level=DEBUG msg="Query returned data" test=archv2-nxm-batched tool=conduit-v2 collector=conduit type=conduit collector=conduit type=conduit name=msg-rate-per-second[archv2-nxm-batched] series-count=1 last-value=34245.73721163491
time=2026-08-02T15:54:02.630-07:00 level=DEBUG msg="promql query logged" test=archv2-nxm-batched tool=conduit-v2 collector=conduit type=conduit collector=conduit type=conduit params="map[end:2026-08-02T22:54:02.630Z query:rate(conduit_connector_bytes_sum{pipeline_name=\"archv2-nxm-batched\",type=\"source\"}[2s])/1048576 start:2026-08-02T22:53:02.630Z step:1]" stats="&{Timings:{EvalTotalTime:9.6125e-05 ResultSortTime:6.67e-07 QueryPreparationTime:5.666e-06 InnerEvalTime:8.55e-05 ExecQueueTime:7.5e-07 ExecTotalTime:9.8375e-05} Samples:0x140013178c0}" spanID=0000000000000000
time=2026-08-02T15:54:02.630-07:00 level=WARN msg="Query returned multiple series, only first will be used" test=archv2-nxm-batched tool=conduit-v2 collector=conduit type=conduit collector=conduit type=conduit series-count=2
time=2026-08-02T15:54:02.630-07:00 level=DEBUG msg="Query returned data" test=archv2-nxm-batched tool=conduit-v2 collector=conduit type=conduit collector=conduit type=conduit name=msg-megabytes-in-per-second[archv2-nxm-batched] series-count=1 last-value=0.5045300620489398
time=2026-08-02T15:54:02.630-07:00 level=DEBUG msg="promql query logged" test=archv2-nxm-batched tool=conduit-v2 collector=conduit type=conduit collector=conduit type=conduit params="map[end:2026-08-02T22:54:02.630Z query:rate(conduit_connector_bytes_sum{pipeline_name=\"archv2-nxm-batched\",type=\"destination\"}[2s])/1048576 start:2026-08-02T22:53:02.630Z step:1]" stats="&{Timings:{EvalTotalTime:8.8542e-05 ResultSortTime:4.17e-07 QueryPreparationTime:5.208e-06 InnerEvalTime:7.9917e-05 ExecQueueTime:7.09e-07 ExecTotalTime:9.0584e-05} Samples:0x1400133c000}" spanID=0000000000000000
time=2026-08-02T15:54:02.630-07:00 level=WARN msg="Query returned multiple series, only first will be used" test=archv2-nxm-batched tool=conduit-v2 collector=conduit type=conduit collector=conduit type=conduit series-count=2
time=2026-08-02T15:54:02.630-07:00 level=DEBUG msg="Query returned data" test=archv2-nxm-batched tool=conduit-v2 collector=conduit type=conduit collector=conduit type=conduit name=msg-megabytes-out-per-second[archv2-nxm-batched] series-count=1 last-value=0.967515507337442
time=2026-08-02T15:54:02.796-07:00 level=DEBUG msg="Inspecting container" model=container-monitor name=benchi-conduit
time=2026-08-02T15:54:03.136-07:00 level=INFO msg="Step successful" test=archv2-nxm-batched tool=conduit-v2 step=test
time=2026-08-02T15:54:03.136-07:00 level=INFO msg="Running step" test=archv2-nxm-batched tool=conduit-v2 step=post-test
time=2026-08-02T15:54:03.136-07:00 level=INFO msg="Exporting metrics" test=archv2-nxm-batched tool=conduit-v2 step=post-test collector=conduit path=/Users/devarisbrown/Code/projects/conduit/benchi/archv2-nxm-batched/results/r2/archv2-nxm-batched_conduit-v2/conduit.csv
time=2026-08-02T15:54:03.137-07:00 level=INFO msg="Exporting metrics" test=archv2-nxm-batched tool=conduit-v2 step=post-test collector=docker path=/Users/devarisbrown/Code/projects/conduit/benchi/archv2-nxm-batched/results/r2/archv2-nxm-batched_conduit-v2/docker.csv
time=2026-08-02T15:54:03.137-07:00 level=DEBUG msg="Running hooks" test=archv2-nxm-batched tool=conduit-v2 step=post-test count=0
time=2026-08-02T15:54:03.137-07:00 level=INFO msg="Step successful" test=archv2-nxm-batched tool=conduit-v2 step=post-test
time=2026-08-02T15:54:03.137-07:00 level=INFO msg="Running step" test=archv2-nxm-batched tool=conduit-v2 step=pre-cleanup
time=2026-08-02T15:54:03.137-07:00 level=DEBUG msg="Running hooks" test=archv2-nxm-batched tool=conduit-v2 step=pre-cleanup count=0
time=2026-08-02T15:54:03.137-07:00 level=INFO msg="Step successful" test=archv2-nxm-batched tool=conduit-v2 step=pre-cleanup
time=2026-08-02T15:54:03.137-07:00 level=INFO msg="Running step" test=archv2-nxm-batched tool=conduit-v2 step=cleanup
time=2026-08-02T15:54:03.137-07:00 level=INFO msg="Stopping containers" test=archv2-nxm-batched tool=conduit-v2 step=tool
time=2026-08-02T15:54:03.137-07:00 level=DEBUG msg="Executing command" command="/usr/local/bin/docker compose -f ./tools/compose-conduit-v2.yml down"
time=2026-08-02T15:54:03.330-07:00 level=DEBUG msg="Inspecting container" model=container-monitor name=benchi-conduit
time=2026-08-02T15:54:03.775-07:00 level=INFO msg="Step successful" test=archv2-nxm-batched tool=conduit-v2 step=cleanup
time=2026-08-02T15:54:03.775-07:00 level=INFO msg="Running step" test=archv2-nxm-batched tool=conduit-v2 step=post-cleanup
time=2026-08-02T15:54:03.775-07:00 level=DEBUG msg="Running hooks" test=archv2-nxm-batched tool=conduit-v2 step=post-cleanup count=0
time=2026-08-02T15:54:03.775-07:00 level=INFO msg="Step successful" test=archv2-nxm-batched tool=conduit-v2 step=post-cleanup
time=2026-08-02T15:54:03.776-07:00 level=INFO msg="Exporting aggregated metrics" path=/Users/devarisbrown/Code/projects/conduit/benchi/archv2-nxm-batched/results/r2/aggregated-results.csv
time=2026-08-02T15:54:03.776-07:00 level=INFO msg="Removing docker network" network=benchi
time=2026-08-02T15:54:03.776-07:00 level=INFO msg="Removing network" network=benchi
time=2026-08-02T15:54:03.891-07:00 level=DEBUG msg="Inspecting container" model=container-monitor name=benchi-conduit
time=2026-08-02T15:54:03.909-07:00 level=DEBUG msg="Container not found" model=container-monitor name=benchi-conduit
time=2026-08-02T15:54:04.071-07:00 level=INFO msg="Network removed" network=benchi
