time=2026-08-02T15:49:47.264-07:00 level=INFO msg="Results directory" path=/Users/devarisbrown/Code/projects/conduit/benchi/archv2-nxm-batched/results/r1
time=2026-08-02T15:49:47.264-07:00 level=INFO msg="Config file" path=/Users/devarisbrown/Code/projects/conduit/benchi/archv2-nxm-batched/bench.yml
time=2026-08-02T15:49:47.265-07:00 level=INFO msg="Parsed config" path=/Users/devarisbrown/Code/projects/conduit/benchi/archv2-nxm-batched/bench.yml
time=2026-08-02T15:49:47.265-07:00 level=INFO msg="Creating docker client"
time=2026-08-02T15:49:47.272-07:00 level=INFO msg="Creating docker network" network=benchi
time=2026-08-02T15:49:47.278-07:00 level=INFO msg="Docker network not found, creating it" network=benchi
time=2026-08-02T15:49:48.316-07:00 level=INFO msg="Network created" network-id=6ada63dc3b251e6f9765f30b119fd4150956c9bb5824296b78a1a25db28e13a0
time=2026-08-02T15:49:48.324-07:00 level=INFO msg="Using network" network=benchi network-id=6ada63dc3b251e6f9765f30b119fd4150956c9bb5824296b78a1a25db28e13a0
time=2026-08-02T15:49:48.328-07:00 level=DEBUG msg="Executing command" command="/usr/local/bin/docker compose -f ./tools/compose-conduit-v1.yml config --format json"
time=2026-08-02T15:49:48.422-07:00 level=INFO msg="Replaying on-disk memory mappable chunks if any" test=archv2-nxm-batched tool=conduit-v1 collector=conduit type=conduit collector=conduit type=conduit collector.prometheus=tsdb
time=2026-08-02T15:49:48.422-07:00 level=INFO msg="On-disk memory mappable chunks replay completed" test=archv2-nxm-batched tool=conduit-v1 collector=conduit type=conduit collector=conduit type=conduit collector.prometheus=tsdb duration=17µs
time=2026-08-02T15:49:48.422-07:00 level=INFO msg="Replaying WAL, this may take a while" test=archv2-nxm-batched tool=conduit-v1 collector=conduit type=conduit collector=conduit type=conduit collector.prometheus=tsdb
time=2026-08-02T15:49:48.423-07:00 level=INFO msg="WAL segment loaded" test=archv2-nxm-batched tool=conduit-v1 collector=conduit type=conduit collector=conduit type=conduit collector.prometheus=tsdb segment=0 maxSegment=0
time=2026-08-02T15:49:48.423-07:00 level=INFO msg="WAL replay completed" test=archv2-nxm-batched tool=conduit-v1 collector=conduit type=conduit collector=conduit type=conduit collector.prometheus=tsdb checkpoint_replay_duration=123.125µs wal_replay_duration=375.417µs wbl_replay_duration=250ns chunk_snapshot_load_duration=0s mmap_chunk_replay_duration=17µs total_replay_duration=600.333µs
time=2026-08-02T15:49:48.446-07:00 level=DEBUG msg="Lookback delta is zero, setting to default value" test=archv2-nxm-batched tool=conduit-v1 collector=conduit type=conduit collector=conduit type=conduit collector.prometheus="query engine" value=5m0s
time=2026-08-02T15:49:48.447-07:00 level=DEBUG msg="Executing command" command="/usr/local/bin/docker compose -f ./tools/compose-conduit-v2.yml config --format json"
time=2026-08-02T15:49:48.588-07:00 level=INFO msg="Replaying on-disk memory mappable chunks if any" test=archv2-nxm-batched tool=conduit-v2 collector=conduit type=conduit collector=conduit type=conduit collector.prometheus=tsdb
time=2026-08-02T15:49:48.588-07:00 level=INFO msg="On-disk memory mappable chunks replay completed" test=archv2-nxm-batched tool=conduit-v2 collector=conduit type=conduit collector=conduit type=conduit collector.prometheus=tsdb duration=22.083µs
time=2026-08-02T15:49:48.588-07:00 level=INFO msg="Replaying WAL, this may take a while" test=archv2-nxm-batched tool=conduit-v2 collector=conduit type=conduit collector=conduit type=conduit collector.prometheus=tsdb
time=2026-08-02T15:49:48.590-07:00 level=INFO msg="WAL segment loaded" test=archv2-nxm-batched tool=conduit-v2 collector=conduit type=conduit collector=conduit type=conduit collector.prometheus=tsdb segment=0 maxSegment=0
time=2026-08-02T15:49:48.590-07:00 level=INFO msg="WAL replay completed" test=archv2-nxm-batched tool=conduit-v2 collector=conduit type=conduit collector=conduit type=conduit collector.prometheus=tsdb checkpoint_replay_duration=1.344542ms wal_replay_duration=1.01575ms wbl_replay_duration=166ns chunk_snapshot_load_duration=0s mmap_chunk_replay_duration=22.083µs total_replay_duration=2.522875ms
time=2026-08-02T15:49:48.595-07:00 level=DEBUG msg="Lookback delta is zero, setting to default value" test=archv2-nxm-batched tool=conduit-v2 collector=conduit type=conduit collector=conduit type=conduit collector.prometheus="query engine" value=5m0s
time=2026-08-02T15:49:48.595-07:00 level=INFO msg="Running step" test=archv2-nxm-batched tool=conduit-v1 step=pre-infrastructure
time=2026-08-02T15:49:48.595-07:00 level=INFO msg="Pulling docker images for tool containers" test=archv2-nxm-batched tool=conduit-v1 step=pre-infrastructure containers=[benchi-conduit]
time=2026-08-02T15:49:48.595-07:00 level=DEBUG msg="Executing command" command="/usr/local/bin/docker compose -f ./tools/compose-conduit-v1.yml pull"
time=2026-08-02T15:49:48.691-07:00 level=INFO msg="Pulling docker images for hooks" test=archv2-nxm-batched tool=conduit-v1 step=pre-infrastructure images=[]
time=2026-08-02T15:49:48.691-07:00 level=DEBUG msg="Running hooks" test=archv2-nxm-batched tool=conduit-v1 step=pre-infrastructure count=0
time=2026-08-02T15:49:48.691-07:00 level=INFO msg="Step successful" test=archv2-nxm-batched tool=conduit-v1 step=pre-infrastructure
time=2026-08-02T15:49:48.691-07:00 level=INFO msg="Running step" test=archv2-nxm-batched tool=conduit-v1 step=infrastructure
time=2026-08-02T15:49:48.691-07:00 level=INFO msg="No infrastructure to start" test=archv2-nxm-batched tool=conduit-v1 step=infrastructure
time=2026-08-02T15:49:48.691-07:00 level=INFO msg="Step successful" test=archv2-nxm-batched tool=conduit-v1 step=infrastructure
time=2026-08-02T15:49:48.692-07:00 level=INFO msg="Running step" test=archv2-nxm-batched tool=conduit-v1 step=post-infrastructure
time=2026-08-02T15:49:48.692-07:00 level=DEBUG msg="Running hooks" test=archv2-nxm-batched tool=conduit-v1 step=post-infrastructure count=0
time=2026-08-02T15:49:48.692-07:00 level=INFO msg="Step successful" test=archv2-nxm-batched tool=conduit-v1 step=post-infrastructure
time=2026-08-02T15:49:48.692-07:00 level=INFO msg="Running step" test=archv2-nxm-batched tool=conduit-v1 step=pre-tool
time=2026-08-02T15:49:48.692-07:00 level=DEBUG msg="Running hooks" test=archv2-nxm-batched tool=conduit-v1 step=pre-tool count=0
time=2026-08-02T15:49:48.692-07:00 level=INFO msg="Step successful" test=archv2-nxm-batched tool=conduit-v1 step=pre-tool
time=2026-08-02T15:49:48.696-07:00 level=INFO msg="Running step" test=archv2-nxm-batched tool=conduit-v1 step=tool
time=2026-08-02T15:49:48.696-07:00 level=INFO msg="Waiting for container status to be healthy" test=archv2-nxm-batched tool=conduit-v1 step=tool container=benchi-conduit status=N/A
time=2026-08-02T15:49:48.696-07:00 level=DEBUG msg="Executing command" command="/usr/local/bin/docker compose -f ./tools/compose-conduit-v1.yml up"
time=2026-08-02T15:49:49.097-07:00 level=DEBUG msg="Inspecting container" model=container-monitor name=benchi-conduit
time=2026-08-02T15:49:49.604-07:00 level=DEBUG msg="Inspecting container" model=container-monitor name=benchi-conduit
time=2026-08-02T15:49:49.703-07:00 level=DEBUG msg="Inspected container" test=archv2-nxm-batched tool=conduit-v1 step=tool container=benchi-conduit response="{ContainerJSONBase:0x14000e07080 Mounts:[{Type:bind Name: Source:/Users/devarisbrown/Code/projects/conduit/benchi/archv2-nxm-batched/pipeline.yml Destination:/app/pipelines/pipeline.yml Driver: Mode:rw RW:true Propagation:rprivate}] Config:0x140005bc640 NetworkSettings:0x1400062a700 ImageManifestDescriptor:<nil>}" state="{Status:running Running:true Paused:false Restarting:false OOMKilled:false Dead:false Pid:9834 ExitCode:0 Error: StartedAt:2026-08-02T22:49:48.911680137Z FinishedAt:0001-01-01T00:00:00Z Health:<nil>}"
time=2026-08-02T15:49:49.703-07:00 level=INFO msg="Container is running (consider adding a health check!)" test=archv2-nxm-batched tool=conduit-v1 step=tool container=/benchi-conduit
time=2026-08-02T15:49:49.704-07:00 level=INFO msg="Tools started" test=archv2-nxm-batched tool=conduit-v1 step=tool
time=2026-08-02T15:49:49.705-07:00 level=INFO msg="Step successful" test=archv2-nxm-batched tool=conduit-v1 step=tool
time=2026-08-02T15:49:49.706-07:00 level=INFO msg="Running step" test=archv2-nxm-batched tool=conduit-v1 step=post-tool
time=2026-08-02T15:49:49.706-07:00 level=DEBUG msg="Running hooks" test=archv2-nxm-batched tool=conduit-v1 step=post-tool count=0
time=2026-08-02T15:49:49.706-07:00 level=INFO msg="Step successful" test=archv2-nxm-batched tool=conduit-v1 step=post-tool
time=2026-08-02T15:49:49.706-07:00 level=INFO msg="Running step" test=archv2-nxm-batched tool=conduit-v1 step=pre-test
time=2026-08-02T15:49:49.706-07:00 level=DEBUG msg="Running hooks" test=archv2-nxm-batched tool=conduit-v1 step=pre-test count=0
time=2026-08-02T15:49:49.707-07:00 level=INFO msg="Step successful" test=archv2-nxm-batched tool=conduit-v1 step=pre-test
time=2026-08-02T15:49:49.707-07:00 level=INFO msg="Running step" test=archv2-nxm-batched tool=conduit-v1 step=test
time=2026-08-02T15:49:49.707-07:00 level=INFO msg="Running collector" test=archv2-nxm-batched tool=conduit-v1 step=test name=conduit type=conduit
time=2026-08-02T15:49:49.707-07:00 level=INFO msg="Running collector" test=archv2-nxm-batched tool=conduit-v1 step=test name=docker type=docker
time=2026-08-02T15:49:49.707-07:00 level=INFO msg="Test in progress" test=archv2-nxm-batched tool=conduit-v1 step=test time-left=1m0s
time=2026-08-02T15:49:49.708-07:00 level=DEBUG msg="Collecting stats" test=archv2-nxm-batched tool=conduit-v1 collector=docker type=docker collector=docker type=docker container=benchi-conduit
time=2026-08-02T15:49:50.114-07:00 level=DEBUG msg="Inspecting container" model=container-monitor name=benchi-conduit
time=2026-08-02T15:49:50.621-07:00 level=DEBUG msg="Inspecting container" model=container-monitor name=benchi-conduit
time=2026-08-02T15:49:50.708-07:00 level=DEBUG msg="promql query logged" test=archv2-nxm-batched tool=conduit-v1 collector=conduit type=conduit collector=conduit type=conduit params="map[end:2026-08-02T22:49:50.708Z query:rate(conduit_pipeline_execution_duration_seconds_count{pipeline_name=\"archv2-nxm-batched\"}[2s]) start:2026-08-02T22:49:49.707Z step:1]" stats="&{Timings:{EvalTotalTime:0.00014175 ResultSortTime:6.25e-07 QueryPreparationTime:3.5542e-05 InnerEvalTime:8.6583e-05 ExecQueueTime:4.168e-06 ExecTotalTime:0.000152125} Samples:0x14000dad080}" spanID=0000000000000000
time=2026-08-02T15:49:50.710-07:00 level=DEBUG msg="No data returned from query" test=archv2-nxm-batched tool=conduit-v1 collector=conduit type=conduit collector=conduit type=conduit
time=2026-08-02T15:49:50.710-07:00 level=DEBUG msg="promql query logged" test=archv2-nxm-batched tool=conduit-v1 collector=conduit type=conduit collector=conduit type=conduit params="map[end:2026-08-02T22:49:50.710Z query:rate(conduit_connector_bytes_sum{pipeline_name=\"archv2-nxm-batched\",type=\"source\"}[2s])/1048576 start:2026-08-02T22:49:49.707Z step:1]" stats="&{Timings:{EvalTotalTime:7.2916e-05 ResultSortTime:4.17e-07 QueryPreparationTime:3.208e-06 InnerEvalTime:5.6583e-05 ExecQueueTime:2.041e-06 ExecTotalTime:7.6417e-05} Samples:0x14000dad620}" spanID=0000000000000000
time=2026-08-02T15:49:50.710-07:00 level=DEBUG msg="No data returned from query" test=archv2-nxm-batched tool=conduit-v1 collector=conduit type=conduit collector=conduit type=conduit
time=2026-08-02T15:49:50.710-07:00 level=DEBUG msg="promql query logged" test=archv2-nxm-batched tool=conduit-v1 collector=conduit type=conduit collector=conduit type=conduit params="map[end:2026-08-02T22:49:50.710Z query:rate(conduit_connector_bytes_sum{pipeline_name=\"archv2-nxm-batched\",type=\"destination\"}[2s])/1048576 start:2026-08-02T22:49:49.707Z step:1]" stats="&{Timings:{EvalTotalTime:1.5666e-05 ResultSortTime:1.25e-07 QueryPreparationTime:1.417e-06 InnerEvalTime:1.2583e-05 ExecQueueTime:5.42e-07 ExecTotalTime:1.7e-05} Samples:0x14000dadbc0}" spanID=0000000000000000
time=2026-08-02T15:49:50.710-07:00 level=DEBUG msg="No data returned from query" test=archv2-nxm-batched tool=conduit-v1 collector=conduit type=conduit collector=conduit type=conduit
time=2026-08-02T15:49:51.131-07:00 level=DEBUG msg="Inspecting container" model=container-monitor name=benchi-conduit
time=2026-08-02T15:49:51.635-07:00 level=DEBUG msg="Inspecting container" model=container-monitor name=benchi-conduit
time=2026-08-02T15:49:51.709-07:00 level=DEBUG msg="promql query logged" test=archv2-nxm-batched tool=conduit-v1 collector=conduit type=conduit collector=conduit type=conduit params="map[end:2026-08-02T22:49:51.709Z query:rate(conduit_pipeline_execution_duration_seconds_count{pipeline_name=\"archv2-nxm-batched\"}[2s]) start:2026-08-02T22:49:49.707Z step:1]" stats="&{Timings:{EvalTotalTime:0.000119333 ResultSortTime:4.17e-07 QueryPreparationTime:3.3459e-05 InnerEvalTime:4.6875e-05 ExecQueueTime:2.209e-06 ExecTotalTime:0.000126459} Samples:0x14000fb7b00}" spanID=0000000000000000
time=2026-08-02T15:49:51.709-07:00 level=DEBUG msg="No data returned from query" test=archv2-nxm-batched tool=conduit-v1 collector=conduit type=conduit collector=conduit type=conduit
time=2026-08-02T15:49:51.709-07:00 level=DEBUG msg="promql query logged" test=archv2-nxm-batched tool=conduit-v1 collector=conduit type=conduit collector=conduit type=conduit params="map[end:2026-08-02T22:49:51.709Z query:rate(conduit_connector_bytes_sum{pipeline_name=\"archv2-nxm-batched\",type=\"source\"}[2s])/1048576 start:2026-08-02T22:49:49.707Z step:1]" stats="&{Timings:{EvalTotalTime:5.5e-05 ResultSortTime:3.33e-07 QueryPreparationTime:1.0417e-05 InnerEvalTime:3.9833e-05 ExecQueueTime:1.624e-06 ExecTotalTime:5.9166e-05} Samples:0x1400119a240}" spanID=0000000000000000
time=2026-08-02T15:49:51.709-07:00 level=DEBUG msg="No data returned from query" test=archv2-nxm-batched tool=conduit-v1 collector=conduit type=conduit collector=conduit type=conduit
time=2026-08-02T15:49:51.709-07:00 level=DEBUG msg="promql query logged" test=archv2-nxm-batched tool=conduit-v1 collector=conduit type=conduit collector=conduit type=conduit params="map[end:2026-08-02T22:49:51.709Z query:rate(conduit_connector_bytes_sum{pipeline_name=\"archv2-nxm-batched\",type=\"destination\"}[2s])/1048576 start:2026-08-02T22:49:49.707Z step:1]" stats="&{Timings:{EvalTotalTime:2.8917e-05 ResultSortTime:2.5e-07 QueryPreparationTime:6.709e-06 InnerEvalTime:1.7959e-05 ExecQueueTime:1.292e-06 ExecTotalTime:5.1375e-05} Samples:0x1400119a900}" spanID=0000000000000000
time=2026-08-02T15:49:51.709-07:00 level=DEBUG msg="No data returned from query" test=archv2-nxm-batched tool=conduit-v1 collector=conduit type=conduit collector=conduit type=conduit
time=2026-08-02T15:49:52.159-07:00 level=DEBUG msg="Inspecting container" model=container-monitor name=benchi-conduit
time=2026-08-02T15:49:52.665-07:00 level=DEBUG msg="Inspecting container" model=container-monitor name=benchi-conduit
time=2026-08-02T15:49:52.710-07:00 level=DEBUG msg="promql query logged" test=archv2-nxm-batched tool=conduit-v1 collector=conduit type=conduit collector=conduit type=conduit params="map[end:2026-08-02T22:49:52.710Z query:rate(conduit_pipeline_execution_duration_seconds_count{pipeline_name=\"archv2-nxm-batched\"}[2s]) start:2026-08-02T22:49:49.707Z step:1]" stats="&{Timings:{EvalTotalTime:5.2417e-05 ResultSortTime:5e-07 QueryPreparationTime:1.3959e-05 InnerEvalTime:3.2584e-05 ExecQueueTime:2.458e-06 ExecTotalTime:5.8166e-05} Samples:0x1400119b7d0}" spanID=0000000000000000
time=2026-08-02T15:49:52.710-07:00 level=DEBUG msg="Query returned data" test=archv2-nxm-batched tool=conduit-v1 collector=conduit type=conduit collector=conduit type=conduit name=msg-rate-per-second[archv2-nxm-batched] series-count=1 last-value=18523
time=2026-08-02T15:49:52.710-07:00 level=DEBUG msg="promql query logged" test=archv2-nxm-batched tool=conduit-v1 collector=conduit type=conduit collector=conduit type=conduit params="map[end:2026-08-02T22:49:52.710Z query:rate(conduit_connector_bytes_sum{pipeline_name=\"archv2-nxm-batched\",type=\"source\"}[2s])/1048576 start:2026-08-02T22:49:49.707Z step:1]" stats="&{Timings:{EvalTotalTime:7.1125e-05 ResultSortTime:8.75e-07 QueryPreparationTime:1.9125e-05 InnerEvalTime:4.7042e-05 ExecQueueTime:1.084e-06 ExecTotalTime:7.4166e-05} Samples:0x1400119bef0}" spanID=0000000000000000
time=2026-08-02T15:49:52.710-07:00 level=WARN msg="Query returned multiple series, only first will be used" test=archv2-nxm-batched tool=conduit-v1 collector=conduit type=conduit collector=conduit type=conduit series-count=2
time=2026-08-02T15:49:52.710-07:00 level=DEBUG msg="Query returned data" test=archv2-nxm-batched tool=conduit-v1 collector=conduit type=conduit collector=conduit type=conduit name=msg-megabytes-in-per-second[archv2-nxm-batched] series-count=1 last-value=0.2612762451171875
time=2026-08-02T15:49:52.710-07:00 level=DEBUG msg="promql query logged" test=archv2-nxm-batched tool=conduit-v1 collector=conduit type=conduit collector=conduit type=conduit params="map[end:2026-08-02T22:49:52.710Z query:rate(conduit_connector_bytes_sum{pipeline_name=\"archv2-nxm-batched\",type=\"destination\"}[2s])/1048576 start:2026-08-02T22:49:49.707Z step:1]" stats="&{Timings:{EvalTotalTime:4.9875e-05 ResultSortTime:6.25e-07 QueryPreparationTime:8.125e-06 InnerEvalTime:3.7125e-05 ExecQueueTime:1.209e-06 ExecTotalTime:5.3292e-05} Samples:0x1400132a570}" spanID=0000000000000000
time=2026-08-02T15:49:52.710-07:00 level=WARN msg="Query returned multiple series, only first will be used" test=archv2-nxm-batched tool=conduit-v1 collector=conduit type=conduit collector=conduit type=conduit series-count=2
time=2026-08-02T15:49:52.710-07:00 level=DEBUG msg="Query returned data" test=archv2-nxm-batched tool=conduit-v1 collector=conduit type=conduit collector=conduit type=conduit name=msg-megabytes-out-per-second[archv2-nxm-batched] series-count=1 last-value=0.522404670715332
time=2026-08-02T15:49:53.181-07:00 level=DEBUG msg="Inspecting container" model=container-monitor name=benchi-conduit
time=2026-08-02T15:49:53.689-07:00 level=DEBUG msg="Inspecting container" model=container-monitor name=benchi-conduit
time=2026-08-02T15:49:53.708-07:00 level=DEBUG msg="promql query logged" test=archv2-nxm-batched tool=conduit-v1 collector=conduit type=conduit collector=conduit type=conduit params="map[end:2026-08-02T22:49:53.708Z query:rate(conduit_pipeline_execution_duration_seconds_count{pipeline_name=\"archv2-nxm-batched\"}[2s]) start:2026-08-02T22:49:49.707Z step:1]" stats="&{Timings:{EvalTotalTime:5.4e-05 ResultSortTime:5.42e-07 QueryPreparationTime:1.4542e-05 InnerEvalTime:3.3584e-05 ExecQueueTime:1.958e-06 ExecTotalTime:6.1458e-05} Samples:0x140011f6c60}" spanID=0000000000000000
time=2026-08-02T15:49:53.708-07:00 level=DEBUG msg="Query returned data" test=archv2-nxm-batched tool=conduit-v1 collector=conduit type=conduit collector=conduit type=conduit name=msg-rate-per-second[archv2-nxm-batched] series-count=1 last-value=17978.043912175646
time=2026-08-02T15:49:53.708-07:00 level=DEBUG msg="promql query logged" test=archv2-nxm-batched tool=conduit-v1 collector=conduit type=conduit collector=conduit type=conduit params="map[end:2026-08-02T22:49:53.708Z query:rate(conduit_connector_bytes_sum{pipeline_name=\"archv2-nxm-batched\",type=\"source\"}[2s])/1048576 start:2026-08-02T22:49:49.707Z step:1]" stats="&{Timings:{EvalTotalTime:5.6041e-05 ResultSortTime:8.34e-07 QueryPreparationTime:1.1334e-05 InnerEvalTime:3.9583e-05 ExecQueueTime:1.083e-06 ExecTotalTime:5.9125e-05} Samples:0x140011f7320}" spanID=0000000000000000
time=2026-08-02T15:49:53.708-07:00 level=WARN msg="Query returned multiple series, only first will be used" test=archv2-nxm-batched tool=conduit-v1 collector=conduit type=conduit collector=conduit type=conduit series-count=2
time=2026-08-02T15:49:53.708-07:00 level=DEBUG msg="Query returned data" test=archv2-nxm-batched tool=conduit-v1 collector=conduit type=conduit collector=conduit type=conduit name=msg-megabytes-in-per-second[archv2-nxm-batched] series-count=1 last-value=0.25269704426596024
time=2026-08-02T15:49:53.709-07:00 level=DEBUG msg="promql query logged" test=archv2-nxm-batched tool=conduit-v1 collector=conduit type=conduit collector=conduit type=conduit params="map[end:2026-08-02T22:49:53.708Z query:rate(conduit_connector_bytes_sum{pipeline_name=\"archv2-nxm-batched\",type=\"destination\"}[2s])/1048576 start:2026-08-02T22:49:49.707Z step:1]" stats="&{Timings:{EvalTotalTime:4.4958e-05 ResultSortTime:5e-07 QueryPreparationTime:8.083e-06 InnerEvalTime:3.2042e-05 ExecQueueTime:1.124e-06 ExecTotalTime:5.2541e-05} Samples:0x1400132b9b0}" spanID=0000000000000000
time=2026-08-02T15:49:53.709-07:00 level=WARN msg="Query returned multiple series, only first will be used" test=archv2-nxm-batched tool=conduit-v1 collector=conduit type=conduit collector=conduit type=conduit series-count=2
time=2026-08-02T15:49:53.709-07:00 level=DEBUG msg="Query returned data" test=archv2-nxm-batched tool=conduit-v1 collector=conduit type=conduit collector=conduit type=conduit name=msg-megabytes-out-per-second[archv2-nxm-batched] series-count=1 last-value=0.5068217446942053
time=2026-08-02T15:49:54.194-07:00 level=DEBUG msg="Inspecting container" model=container-monitor name=benchi-conduit
time=2026-08-02T15:49:54.698-07:00 level=DEBUG msg="Inspecting container" model=container-monitor name=benchi-conduit
time=2026-08-02T15:49:54.708-07:00 level=INFO msg="Test in progress" test=archv2-nxm-batched tool=conduit-v1 step=test time-left=55s
time=2026-08-02T15:49:54.708-07:00 level=DEBUG msg="promql query logged" test=archv2-nxm-batched tool=conduit-v1 collector=conduit type=conduit collector=conduit type=conduit params="map[end:2026-08-02T22:49:54.708Z query:rate(conduit_pipeline_execution_duration_seconds_count{pipeline_name=\"archv2-nxm-batched\"}[2s]) start:2026-08-02T22:49:49.707Z step:1]" stats="&{Timings:{EvalTotalTime:9.8125e-05 ResultSortTime:7.92e-07 QueryPreparationTime:2.9917e-05 InnerEvalTime:5.7333e-05 ExecQueueTime:3.751e-06 ExecTotalTime:0.000105875} Samples:0x14001149f20}" spanID=0000000000000000
time=2026-08-02T15:49:54.708-07:00 level=DEBUG msg="Query returned data" test=archv2-nxm-batched tool=conduit-v1 collector=conduit type=conduit collector=conduit type=conduit name=msg-rate-per-second[archv2-nxm-batched] series-count=1 last-value=20451.90380761523
time=2026-08-02T15:49:54.709-07:00 level=DEBUG msg="promql query logged" test=archv2-nxm-batched tool=conduit-v1 collector=conduit type=conduit collector=conduit type=conduit params="map[end:2026-08-02T22:49:54.708Z query:rate(conduit_connector_bytes_sum{pipeline_name=\"archv2-nxm-batched\",type=\"source\"}[2s])/1048576 start:2026-08-02T22:49:49.707Z step:1]" stats="&{Timings:{EvalTotalTime:0.00015275 ResultSortTime:1.959e-06 QueryPreparationTime:1.6833e-05 InnerEvalTime:0.000126708 ExecQueueTime:1.792e-06 ExecTotalTime:0.000157666} Samples:0x140014a0660}" spanID=0000000000000000
time=2026-08-02T15:49:54.709-07:00 level=WARN msg="Query returned multiple series, only first will be used" test=archv2-nxm-batched tool=conduit-v1 collector=conduit type=conduit collector=conduit type=conduit series-count=2
time=2026-08-02T15:49:54.709-07:00 level=DEBUG msg="Query returned data" test=archv2-nxm-batched tool=conduit-v1 collector=conduit type=conduit collector=conduit type=conduit name=msg-megabytes-in-per-second[archv2-nxm-batched] series-count=1 last-value=0.2844042195107989
time=2026-08-02T15:49:54.709-07:00 level=DEBUG msg="promql query logged" test=archv2-nxm-batched tool=conduit-v1 collector=conduit type=conduit collector=conduit type=conduit params="map[end:2026-08-02T22:49:54.709Z query:rate(conduit_connector_bytes_sum{pipeline_name=\"archv2-nxm-batched\",type=\"destination\"}[2s])/1048576 start:2026-08-02T22:49:49.707Z step:1]" stats="&{Timings:{EvalTotalTime:0.000116 ResultSortTime:1.5e-06 QueryPreparationTime:1.5959e-05 InnerEvalTime:9.15e-05 ExecQueueTime:1.916e-06 ExecTotalTime:0.00012175} Samples:0x14001460e10}" spanID=0000000000000000
time=2026-08-02T15:49:54.709-07:00 level=WARN msg="Query returned multiple series, only first will be used" test=archv2-nxm-batched tool=conduit-v1 collector=conduit type=conduit collector=conduit type=conduit series-count=2
time=2026-08-02T15:49:54.710-07:00 level=DEBUG msg="Query returned data" test=archv2-nxm-batched tool=conduit-v1 collector=conduit type=conduit collector=conduit type=conduit name=msg-megabytes-out-per-second[archv2-nxm-batched] series-count=1 last-value=0.5785974567543289
time=2026-08-02T15:49:55.209-07:00 level=DEBUG msg="Inspecting container" model=container-monitor name=benchi-conduit
time=2026-08-02T15:49:55.708-07:00 level=DEBUG msg="promql query logged" test=archv2-nxm-batched tool=conduit-v1 collector=conduit type=conduit collector=conduit type=conduit params="map[end:2026-08-02T22:49:55.708Z query:rate(conduit_pipeline_execution_duration_seconds_count{pipeline_name=\"archv2-nxm-batched\"}[2s]) start:2026-08-02T22:49:49.707Z step:1]" stats="&{Timings:{EvalTotalTime:7.4791e-05 ResultSortTime:2.91e-07 QueryPreparationTime:1.8959e-05 InnerEvalTime:4.9208e-05 ExecQueueTime:2.584e-06 ExecTotalTime:8.0791e-05} Samples:0x1400137f470}" spanID=0000000000000000
time=2026-08-02T15:49:55.708-07:00 level=DEBUG msg="Query returned data" test=archv2-nxm-batched tool=conduit-v1 collector=conduit type=conduit collector=conduit type=conduit name=msg-rate-per-second[archv2-nxm-batched] series-count=1 last-value=17448
time=2026-08-02T15:49:55.709-07:00 level=DEBUG msg="promql query logged" test=archv2-nxm-batched tool=conduit-v1 collector=conduit type=conduit collector=conduit type=conduit params="map[end:2026-08-02T22:49:55.708Z query:rate(conduit_connector_bytes_sum{pipeline_name=\"archv2-nxm-batched\",type=\"source\"}[2s])/1048576 start:2026-08-02T22:49:49.707Z step:1]" stats="&{Timings:{EvalTotalTime:6.7958e-05 ResultSortTime:7.08e-07 QueryPreparationTime:8.542e-06 InnerEvalTime:4.875e-05 ExecQueueTime:1.166e-06 ExecTotalTime:7.15e-05} Samples:0x1400137fb30}" spanID=0000000000000000
time=2026-08-02T15:49:55.709-07:00 level=WARN msg="Query returned multiple series, only first will be used" test=archv2-nxm-batched tool=conduit-v1 collector=conduit type=conduit collector=conduit type=conduit series-count=2
time=2026-08-02T15:49:55.709-07:00 level=DEBUG msg="Query returned data" test=archv2-nxm-batched tool=conduit-v1 collector=conduit type=conduit collector=conduit type=conduit name=msg-megabytes-in-per-second[archv2-nxm-batched] series-count=1 last-value=0.24857711791992188
time=2026-08-02T15:49:55.709-07:00 level=DEBUG msg="promql query logged" test=archv2-nxm-batched tool=conduit-v1 collector=conduit type=conduit collector=conduit type=conduit params="map[end:2026-08-02T22:49:55.709Z query:rate(conduit_connector_bytes_sum{pipeline_name=\"archv2-nxm-batched\",type=\"destination\"}[2s])/1048576 start:2026-08-02T22:49:49.707Z step:1]" stats="&{Timings:{EvalTotalTime:5.175e-05 ResultSortTime:5.42e-07 QueryPreparationTime:9.833e-06 InnerEvalTime:3.7334e-05 ExecQueueTime:1.501e-06 ExecTotalTime:5.5042e-05} Samples:0x140015c40f0}" spanID=0000000000000000
time=2026-08-02T15:49:55.709-07:00 level=WARN msg="Query returned multiple series, only first will be used" test=archv2-nxm-batched tool=conduit-v1 collector=conduit type=conduit collector=conduit type=conduit series-count=2
time=2026-08-02T15:49:55.709-07:00 level=DEBUG msg="Query returned data" test=archv2-nxm-batched tool=conduit-v1 collector=conduit type=conduit collector=conduit type=conduit name=msg-megabytes-out-per-second[archv2-nxm-batched] series-count=1 last-value=0.4931478500366211
time=2026-08-02T15:49:55.714-07:00 level=DEBUG msg="Inspecting container" model=container-monitor name=benchi-conduit
time=2026-08-02T15:49:56.221-07:00 level=DEBUG msg="Inspecting container" model=container-monitor name=benchi-conduit
time=2026-08-02T15:49:56.709-07:00 level=DEBUG msg="promql query logged" test=archv2-nxm-batched tool=conduit-v1 collector=conduit type=conduit collector=conduit type=conduit params="map[end:2026-08-02T22:49:56.709Z query:rate(conduit_pipeline_execution_duration_seconds_count{pipeline_name=\"archv2-nxm-batched\"}[2s]) start:2026-08-02T22:49:49.707Z step:1]" stats="&{Timings:{EvalTotalTime:4.7792e-05 ResultSortTime:2.92e-07 QueryPreparationTime:1.4917e-05 InnerEvalTime:2.7542e-05 ExecQueueTime:1.958e-06 ExecTotalTime:5.2792e-05} Samples:0x140014a1260}" spanID=0000000000000000
time=2026-08-02T15:49:56.710-07:00 level=DEBUG msg="Query returned data" test=archv2-nxm-batched tool=conduit-v1 collector=conduit type=conduit collector=conduit type=conduit name=msg-rate-per-second[archv2-nxm-batched] series-count=1 last-value=19669
time=2026-08-02T15:49:56.710-07:00 level=DEBUG msg="promql query logged" test=archv2-nxm-batched tool=conduit-v1 collector=conduit type=conduit collector=conduit type=conduit params="map[end:2026-08-02T22:49:56.710Z query:rate(conduit_connector_bytes_sum{pipeline_name=\"archv2-nxm-batched\",type=\"source\"}[2s])/1048576 start:2026-08-02T22:49:49.707Z step:1]" stats="&{Timings:{EvalTotalTime:6.7875e-05 ResultSortTime:9.16e-07 QueryPreparationTime:9.583e-06 InnerEvalTime:5.4542e-05 ExecQueueTime:1.375e-06 ExecTotalTime:7.0625e-05} Samples:0x140014a1980}" spanID=0000000000000000
time=2026-08-02T15:49:56.710-07:00 level=WARN msg="Query returned multiple series, only first will be used" test=archv2-nxm-batched tool=conduit-v1 collector=conduit type=conduit collector=conduit type=conduit series-count=2
time=2026-08-02T15:49:56.710-07:00 level=DEBUG msg="Query returned data" test=archv2-nxm-batched tool=conduit-v1 collector=conduit type=conduit collector=conduit type=conduit name=msg-megabytes-in-per-second[archv2-nxm-batched] series-count=1 last-value=0.27569103240966797
time=2026-08-02T15:49:56.710-07:00 level=DEBUG msg="promql query logged" test=archv2-nxm-batched tool=conduit-v1 collector=conduit type=conduit collector=conduit type=conduit params="map[end:2026-08-02T22:49:56.710Z query:rate(conduit_connector_bytes_sum{pipeline_name=\"archv2-nxm-batched\",type=\"destination\"}[2s])/1048576 start:2026-08-02T22:49:49.707Z step:1]" stats="&{Timings:{EvalTotalTime:7.4e-05 ResultSortTime:7.91e-07 QueryPreparationTime:1.3208e-05 InnerEvalTime:5.5209e-05 ExecQueueTime:1.959e-06 ExecTotalTime:7.7833e-05} Samples:0x1400137ecc0}" spanID=0000000000000000
time=2026-08-02T15:49:56.710-07:00 level=WARN msg="Query returned multiple series, only first will be used" test=archv2-nxm-batched tool=conduit-v1 collector=conduit type=conduit collector=conduit type=conduit series-count=2
time=2026-08-02T15:49:56.711-07:00 level=DEBUG msg="Query returned data" test=archv2-nxm-batched tool=conduit-v1 collector=conduit type=conduit collector=conduit type=conduit name=msg-megabytes-out-per-second[archv2-nxm-batched] series-count=1 last-value=0.5556755065917969
time=2026-08-02T15:49:56.727-07:00 level=DEBUG msg="Inspecting container" model=container-monitor name=benchi-conduit
time=2026-08-02T15:49:57.232-07:00 level=DEBUG msg="Inspecting container" model=container-monitor name=benchi-conduit
time=2026-08-02T15:49:57.708-07:00 level=DEBUG msg="promql query logged" test=archv2-nxm-batched tool=conduit-v1 collector=conduit type=conduit collector=conduit type=conduit params="map[end:2026-08-02T22:49:57.708Z query:rate(conduit_pipeline_execution_duration_seconds_count{pipeline_name=\"archv2-nxm-batched\"}[2s]) start:2026-08-02T22:49:49.707Z step:1]" stats="&{Timings:{EvalTotalTime:0.000101167 ResultSortTime:1.917e-06 QueryPreparationTime:3.3583e-05 InnerEvalTime:5.6875e-05 ExecQueueTime:5.667e-06 ExecTotalTime:0.000111042} Samples:0x1400076c960}" spanID=0000000000000000
time=2026-08-02T15:49:57.708-07:00 level=DEBUG msg="Query returned data" test=archv2-nxm-batched tool=conduit-v1 collector=conduit type=conduit collector=conduit type=conduit name=msg-rate-per-second[archv2-nxm-batched] series-count=1 last-value=19002
time=2026-08-02T15:49:57.708-07:00 level=DEBUG msg="promql query logged" test=archv2-nxm-batched tool=conduit-v1 collector=conduit type=conduit collector=conduit type=conduit params="map[end:2026-08-02T22:49:57.708Z query:rate(conduit_connector_bytes_sum{pipeline_name=\"archv2-nxm-batched\",type=\"source\"}[2s])/1048576 start:2026-08-02T22:49:49.707Z step:1]" stats="&{Timings:{EvalTotalTime:9.3042e-05 ResultSortTime:1.542e-06 QueryPreparationTime:1.8375e-05 InnerEvalTime:6.5292e-05 ExecQueueTime:2.251e-06 ExecTotalTime:9.7959e-05} Samples:0x140007e8090}" spanID=0000000000000000
time=2026-08-02T15:49:57.708-07:00 level=WARN msg="Query returned multiple series, only first will be used" test=archv2-nxm-batched tool=conduit-v1 collector=conduit type=conduit collector=conduit type=conduit series-count=2
time=2026-08-02T15:49:57.709-07:00 level=DEBUG msg="Query returned data" test=archv2-nxm-batched tool=conduit-v1 collector=conduit type=conduit collector=conduit type=conduit name=msg-megabytes-in-per-second[archv2-nxm-batched] series-count=1 last-value=0.2681694030761719
time=2026-08-02T15:49:57.709-07:00 level=DEBUG msg="promql query logged" test=archv2-nxm-batched tool=conduit-v1 collector=conduit type=conduit collector=conduit type=conduit params="map[end:2026-08-02T22:49:57.709Z query:rate(conduit_connector_bytes_sum{pipeline_name=\"archv2-nxm-batched\",type=\"destination\"}[2s])/1048576 start:2026-08-02T22:49:49.707Z step:1]" stats="&{Timings:{EvalTotalTime:0.000141583 ResultSortTime:1.875e-06 QueryPreparationTime:1.9041e-05 InnerEvalTime:0.000113166 ExecQueueTime:2.375e-06 ExecTotalTime:0.000147791} Samples:0x140009766c0}" spanID=0000000000000000
time=2026-08-02T15:49:57.709-07:00 level=WARN msg="Query returned multiple series, only first will be used" test=archv2-nxm-batched tool=conduit-v1 collector=conduit type=conduit collector=conduit type=conduit series-count=2
time=2026-08-02T15:49:57.710-07:00 level=DEBUG msg="Query returned data" test=archv2-nxm-batched tool=conduit-v1 collector=conduit type=conduit collector=conduit type=conduit name=msg-megabytes-out-per-second[archv2-nxm-batched] series-count=1 last-value=0.5361871719360352
time=2026-08-02T15:49:57.737-07:00 level=DEBUG msg="Inspecting container" model=container-monitor name=benchi-conduit
time=2026-08-02T15:49:58.249-07:00 level=DEBUG msg="Inspecting container" model=container-monitor name=benchi-conduit
time=2026-08-02T15:49:58.710-07:00 level=DEBUG msg="promql query logged" test=archv2-nxm-batched tool=conduit-v1 collector=conduit type=conduit collector=conduit type=conduit params="map[end:2026-08-02T22:49:58.709Z query:rate(conduit_pipeline_execution_duration_seconds_count{pipeline_name=\"archv2-nxm-batched\"}[2s]) start:2026-08-02T22:49:49.707Z step:1]" stats="&{Timings:{EvalTotalTime:3.4708e-05 ResultSortTime:4.58e-07 QueryPreparationTime:1.0791e-05 InnerEvalTime:2.0208e-05 ExecQueueTime:1.833e-06 ExecTotalTime:4.0166e-05} Samples:0x140007e8de0}" spanID=0000000000000000
time=2026-08-02T15:49:58.710-07:00 level=DEBUG msg="Query returned data" test=archv2-nxm-batched tool=conduit-v1 collector=conduit type=conduit collector=conduit type=conduit name=msg-rate-per-second[archv2-nxm-batched] series-count=1 last-value=19599
time=2026-08-02T15:49:58.710-07:00 level=DEBUG msg="promql query logged" test=archv2-nxm-batched tool=conduit-v1 collector=conduit type=conduit collector=conduit type=conduit params="map[end:2026-08-02T22:49:58.710Z query:rate(conduit_connector_bytes_sum{pipeline_name=\"archv2-nxm-batched\",type=\"source\"}[2s])/1048576 start:2026-08-02T22:49:49.707Z step:1]" stats="&{Timings:{EvalTotalTime:2.7875e-05 ResultSortTime:6.25e-07 QueryPreparationTime:4.291e-06 InnerEvalTime:2.0459e-05 ExecQueueTime:6.25e-07 ExecTotalTime:2.9417e-05} Samples:0x140007e94a0}" spanID=0000000000000000
time=2026-08-02T15:49:58.710-07:00 level=WARN msg="Query returned multiple series, only first will be used" test=archv2-nxm-batched tool=conduit-v1 collector=conduit type=conduit collector=conduit type=conduit series-count=2
time=2026-08-02T15:49:58.710-07:00 level=DEBUG msg="Query returned data" test=archv2-nxm-batched tool=conduit-v1 collector=conduit type=conduit collector=conduit type=conduit name=msg-megabytes-in-per-second[archv2-nxm-batched] series-count=1 last-value=0.2771949768066406
time=2026-08-02T15:49:58.710-07:00 level=DEBUG msg="promql query logged" test=archv2-nxm-batched tool=conduit-v1 collector=conduit type=conduit collector=conduit type=conduit params="map[end:2026-08-02T22:49:58.710Z query:rate(conduit_connector_bytes_sum{pipeline_name=\"archv2-nxm-batched\",type=\"destination\"}[2s])/1048576 start:2026-08-02T22:49:49.707Z step:1]" stats="&{Timings:{EvalTotalTime:2.5208e-05 ResultSortTime:2.08e-07 QueryPreparationTime:8.084e-06 InnerEvalTime:1.4875e-05 ExecQueueTime:1.041e-06 ExecTotalTime:2.7125e-05} Samples:0x140007c8360}" spanID=0000000000000000
time=2026-08-02T15:49:58.710-07:00 level=WARN msg="Query returned multiple series, only first will be used" test=archv2-nxm-batched tool=conduit-v1 collector=conduit type=conduit collector=conduit type=conduit series-count=2
time=2026-08-02T15:49:58.710-07:00 level=DEBUG msg="Query returned data" test=archv2-nxm-batched tool=conduit-v1 collector=conduit type=conduit collector=conduit type=conduit name=msg-megabytes-out-per-second[archv2-nxm-batched] series-count=1 last-value=0.5539779663085938
time=2026-08-02T15:49:58.759-07:00 level=DEBUG msg="Inspecting container" model=container-monitor name=benchi-conduit
time=2026-08-02T15:49:59.272-07:00 level=DEBUG msg="Inspecting container" model=container-monitor name=benchi-conduit
time=2026-08-02T15:49:59.708-07:00 level=INFO msg="Test in progress" test=archv2-nxm-batched tool=conduit-v1 step=test time-left=50s
time=2026-08-02T15:49:59.708-07:00 level=DEBUG msg="promql query logged" test=archv2-nxm-batched tool=conduit-v1 collector=conduit type=conduit collector=conduit type=conduit params="map[end:2026-08-02T22:49:59.708Z query:rate(conduit_pipeline_execution_duration_seconds_count{pipeline_name=\"archv2-nxm-batched\"}[2s]) start:2026-08-02T22:49:49.707Z step:1]" stats="&{Timings:{EvalTotalTime:6.0917e-05 ResultSortTime:7.5e-07 QueryPreparationTime:1.8084e-05 InnerEvalTime:3.4458e-05 ExecQueueTime:2.916e-06 ExecTotalTime:6.9084e-05} Samples:0x14000fa8990}" spanID=0000000000000000
time=2026-08-02T15:49:59.708-07:00 level=DEBUG msg="Query returned data" test=archv2-nxm-batched tool=conduit-v1 collector=conduit type=conduit collector=conduit type=conduit name=msg-rate-per-second[archv2-nxm-batched] series-count=1 last-value=18135
time=2026-08-02T15:49:59.708-07:00 level=DEBUG msg="promql query logged" test=archv2-nxm-batched tool=conduit-v1 collector=conduit type=conduit collector=conduit type=conduit params="map[end:2026-08-02T22:49:59.708Z query:rate(conduit_connector_bytes_sum{pipeline_name=\"archv2-nxm-batched\",type=\"source\"}[2s])/1048576 start:2026-08-02T22:49:49.707Z step:1]" stats="&{Timings:{EvalTotalTime:5.2084e-05 ResultSortTime:1e-06 QueryPreparationTime:8.667e-06 InnerEvalTime:3.825e-05 ExecQueueTime:1.083e-06 ExecTotalTime:5.5083e-05} Samples:0x14000fa9800}" spanID=0000000000000000
time=2026-08-02T15:49:59.708-07:00 level=WARN msg="Query returned multiple series, only first will be used" test=archv2-nxm-batched tool=conduit-v1 collector=conduit type=conduit collector=conduit type=conduit series-count=2
time=2026-08-02T15:49:59.708-07:00 level=DEBUG msg="Query returned data" test=archv2-nxm-batched tool=conduit-v1 collector=conduit type=conduit collector=conduit type=conduit name=msg-megabytes-in-per-second[archv2-nxm-batched] series-count=1 last-value=0.25475215911865234
time=2026-08-02T15:49:59.708-07:00 level=DEBUG msg="promql query logged" test=archv2-nxm-batched tool=conduit-v1 collector=conduit type=conduit collector=conduit type=conduit params="map[end:2026-08-02T22:49:59.708Z query:rate(conduit_connector_bytes_sum{pipeline_name=\"archv2-nxm-batched\",type=\"destination\"}[2s])/1048576 start:2026-08-02T22:49:49.707Z step:1]" stats="&{Timings:{EvalTotalTime:5.1084e-05 ResultSortTime:9.17e-07 QueryPreparationTime:7.958e-06 InnerEvalTime:3.8333e-05 ExecQueueTime:1.5e-06 ExecTotalTime:5.4625e-05} Samples:0x140011064e0}" spanID=0000000000000000
time=2026-08-02T15:49:59.708-07:00 level=WARN msg="Query returned multiple series, only first will be used" test=archv2-nxm-batched tool=conduit-v1 collector=conduit type=conduit collector=conduit type=conduit series-count=2
time=2026-08-02T15:49:59.708-07:00 level=DEBUG msg="Query returned data" test=archv2-nxm-batched tool=conduit-v1 collector=conduit type=conduit collector=conduit type=conduit name=msg-megabytes-out-per-second[archv2-nxm-batched] series-count=1 last-value=0.5134468078613281
time=2026-08-02T15:49:59.780-07:00 level=DEBUG msg="Inspecting container" model=container-monitor name=benchi-conduit
time=2026-08-02T15:50:00.286-07:00 level=DEBUG msg="Inspecting container" model=container-monitor name=benchi-conduit
time=2026-08-02T15:50:00.711-07:00 level=DEBUG msg="promql query logged" test=archv2-nxm-batched tool=conduit-v1 collector=conduit type=conduit collector=conduit type=conduit params="map[end:2026-08-02T22:50:00.710Z query:rate(conduit_pipeline_execution_duration_seconds_count{pipeline_name=\"archv2-nxm-batched\"}[2s]) start:2026-08-02T22:49:49.707Z step:1]" stats="&{Timings:{EvalTotalTime:0.000245916 ResultSortTime:1.542e-06 QueryPreparationTime:4.35e-05 InnerEvalTime:6.7166e-05 ExecQueueTime:7.207e-06 ExecTotalTime:0.000261834} Samples:0x14000d81b90}" spanID=0000000000000000
time=2026-08-02T15:50:00.716-07:00 level=DEBUG msg="Query returned data" test=archv2-nxm-batched tool=conduit-v1 collector=conduit type=conduit collector=conduit type=conduit name=msg-rate-per-second[archv2-nxm-batched] series-count=1 last-value=17898
time=2026-08-02T15:50:00.716-07:00 level=DEBUG msg="promql query logged" test=archv2-nxm-batched tool=conduit-v1 collector=conduit type=conduit collector=conduit type=conduit params="map[end:2026-08-02T22:50:00.716Z query:rate(conduit_connector_bytes_sum{pipeline_name=\"archv2-nxm-batched\",type=\"source\"}[2s])/1048576 start:2026-08-02T22:49:49.707Z step:1]" stats="&{Timings:{EvalTotalTime:6.85e-05 ResultSortTime:1.542e-06 QueryPreparationTime:1.5125e-05 InnerEvalTime:4.8083e-05 ExecQueueTime:2.166e-06 ExecTotalTime:7.2125e-05} Samples:0x14000e90f00}" spanID=0000000000000000
time=2026-08-02T15:50:00.716-07:00 level=WARN msg="Query returned multiple series, only first will be used" test=archv2-nxm-batched tool=conduit-v1 collector=conduit type=conduit collector=conduit type=conduit series-count=2
time=2026-08-02T15:50:00.716-07:00 level=DEBUG msg="Query returned data" test=archv2-nxm-batched tool=conduit-v1 collector=conduit type=conduit collector=conduit type=conduit name=msg-megabytes-in-per-second[archv2-nxm-batched] series-count=1 last-value=0.2559661865234375
time=2026-08-02T15:50:00.716-07:00 level=DEBUG msg="promql query logged" test=archv2-nxm-batched tool=conduit-v1 collector=conduit type=conduit collector=conduit type=conduit params="map[end:2026-08-02T22:50:00.716Z query:rate(conduit_connector_bytes_sum{pipeline_name=\"archv2-nxm-batched\",type=\"destination\"}[2s])/1048576 start:2026-08-02T22:49:49.707Z step:1]" stats="&{Timings:{EvalTotalTime:3.775e-05 ResultSortTime:2.91e-07 QueryPreparationTime:6.709e-06 InnerEvalTime:2.8125e-05 ExecQueueTime:9.58e-07 ExecTotalTime:4.1875e-05} Samples:0x14000dad2f0}" spanID=0000000000000000
time=2026-08-02T15:50:00.716-07:00 level=WARN msg="Query returned multiple series, only first will be used" test=archv2-nxm-batched tool=conduit-v1 collector=conduit type=conduit collector=conduit type=conduit series-count=2
time=2026-08-02T15:50:00.716-07:00 level=DEBUG msg="Query returned data" test=archv2-nxm-batched tool=conduit-v1 collector=conduit type=conduit collector=conduit type=conduit name=msg-megabytes-out-per-second[archv2-nxm-batched] series-count=1 last-value=0.5055313110351562
time=2026-08-02T15:50:00.797-07:00 level=DEBUG msg="Inspecting container" model=container-monitor name=benchi-conduit
time=2026-08-02T15:50:01.306-07:00 level=DEBUG msg="Inspecting container" model=container-monitor name=benchi-conduit
time=2026-08-02T15:50:01.708-07:00 level=DEBUG msg="promql query logged" test=archv2-nxm-batched tool=conduit-v1 collector=conduit type=conduit collector=conduit type=conduit params="map[end:2026-08-02T22:50:01.708Z query:rate(conduit_pipeline_execution_duration_seconds_count{pipeline_name=\"archv2-nxm-batched\"}[2s]) start:2026-08-02T22:49:49.707Z step:1]" stats="&{Timings:{EvalTotalTime:5.0125e-05 ResultSortTime:5e-07 QueryPreparationTime:1.4791e-05 InnerEvalTime:2.7458e-05 ExecQueueTime:2.751e-06 ExecTotalTime:7.4292e-05} Samples:0x1400119a8d0}" spanID=0000000000000000
time=2026-08-02T15:50:01.708-07:00 level=DEBUG msg="Query returned data" test=archv2-nxm-batched tool=conduit-v1 collector=conduit type=conduit collector=conduit type=conduit name=msg-rate-per-second[archv2-nxm-batched] series-count=1 last-value=17544
time=2026-08-02T15:50:01.708-07:00 level=DEBUG msg="promql query logged" test=archv2-nxm-batched tool=conduit-v1 collector=conduit type=conduit collector=conduit type=conduit params="map[end:2026-08-02T22:50:01.708Z query:rate(conduit_connector_bytes_sum{pipeline_name=\"archv2-nxm-batched\",type=\"source\"}[2s])/1048576 start:2026-08-02T22:49:49.707Z step:1]" stats="&{Timings:{EvalTotalTime:5.4375e-05 ResultSortTime:9.58e-07 QueryPreparationTime:8.042e-06 InnerEvalTime:4.1125e-05 ExecQueueTime:1.458e-06 ExecTotalTime:5.7792e-05} Samples:0x1400119b1a0}" spanID=0000000000000000
time=2026-08-02T15:50:01.708-07:00 level=WARN msg="Query returned multiple series, only first will be used" test=archv2-nxm-batched tool=conduit-v1 collector=conduit type=conduit collector=conduit type=conduit series-count=2
time=2026-08-02T15:50:01.708-07:00 level=DEBUG msg="Query returned data" test=archv2-nxm-batched tool=conduit-v1 collector=conduit type=conduit collector=conduit type=conduit name=msg-megabytes-in-per-second[archv2-nxm-batched] series-count=1 last-value=0.24817466735839844
time=2026-08-02T15:50:01.708-07:00 level=DEBUG msg="promql query logged" test=archv2-nxm-batched tool=conduit-v1 collector=conduit type=conduit collector=conduit type=conduit params="map[end:2026-08-02T22:50:01.708Z query:rate(conduit_connector_bytes_sum{pipeline_name=\"archv2-nxm-batched\",type=\"destination\"}[2s])/1048576 start:2026-08-02T22:49:49.707Z step:1]" stats="&{Timings:{EvalTotalTime:6.1334e-05 ResultSortTime:6.67e-07 QueryPreparationTime:9.125e-06 InnerEvalTime:4.6916e-05 ExecQueueTime:1.542e-06 ExecTotalTime:6.5208e-05} Samples:0x14000fb7530}" spanID=0000000000000000
time=2026-08-02T15:50:01.711-07:00 level=WARN msg="Query returned multiple series, only first will be used" test=archv2-nxm-batched tool=conduit-v1 collector=conduit type=conduit collector=conduit type=conduit series-count=2
time=2026-08-02T15:50:01.712-07:00 level=DEBUG msg="Query returned data" test=archv2-nxm-batched tool=conduit-v1 collector=conduit type=conduit collector=conduit type=conduit name=msg-megabytes-out-per-second[archv2-nxm-batched] series-count=1 last-value=0.49581432342529297
time=2026-08-02T15:50:01.812-07:00 level=DEBUG msg="Inspecting container" model=container-monitor name=benchi-conduit
time=2026-08-02T15:50:02.320-07:00 level=DEBUG msg="Inspecting container" model=container-monitor name=benchi-conduit
time=2026-08-02T15:50:02.709-07:00 level=DEBUG msg="promql query logged" test=archv2-nxm-batched tool=conduit-v1 collector=conduit type=conduit collector=conduit type=conduit params="map[end:2026-08-02T22:50:02.709Z query:rate(conduit_pipeline_execution_duration_seconds_count{pipeline_name=\"archv2-nxm-batched\"}[2s]) start:2026-08-02T22:49:49.707Z step:1]" stats="&{Timings:{EvalTotalTime:9.8875e-05 ResultSortTime:4.59e-07 QueryPreparationTime:3.0625e-05 InnerEvalTime:5.7875e-05 ExecQueueTime:4.417e-06 ExecTotalTime:0.000117542} Samples:0x1400119baa0}" spanID=0000000000000000
time=2026-08-02T15:50:02.709-07:00 level=DEBUG msg="Query returned data" test=archv2-nxm-batched tool=conduit-v1 collector=conduit type=conduit collector=conduit type=conduit name=msg-rate-per-second[archv2-nxm-batched] series-count=1 last-value=17848
time=2026-08-02T15:50:02.710-07:00 level=DEBUG msg="promql query logged" test=archv2-nxm-batched tool=conduit-v1 collector=conduit type=conduit collector=conduit type=conduit params="map[end:2026-08-02T22:50:02.709Z query:rate(conduit_connector_bytes_sum{pipeline_name=\"archv2-nxm-batched\",type=\"source\"}[2s])/1048576 start:2026-08-02T22:49:49.707Z step:1]" stats="&{Timings:{EvalTotalTime:8.0208e-05 ResultSortTime:1.834e-06 QueryPreparationTime:1.3875e-05 InnerEvalTime:6.0625e-05 ExecQueueTime:1.667e-06 ExecTotalTime:8.4458e-05} Samples:0x14001460210}" spanID=0000000000000000
time=2026-08-02T15:50:02.710-07:00 level=WARN msg="Query returned multiple series, only first will be used" test=archv2-nxm-batched tool=conduit-v1 collector=conduit type=conduit collector=conduit type=conduit series-count=2
time=2026-08-02T15:50:02.710-07:00 level=DEBUG msg="Query returned data" test=archv2-nxm-batched tool=conduit-v1 collector=conduit type=conduit collector=conduit type=conduit name=msg-megabytes-in-per-second[archv2-nxm-batched] series-count=1 last-value=0.2515220642089844
time=2026-08-02T15:50:02.710-07:00 level=DEBUG msg="promql query logged" test=archv2-nxm-batched tool=conduit-v1 collector=conduit type=conduit collector=conduit type=conduit params="map[end:2026-08-02T22:50:02.710Z query:rate(conduit_connector_bytes_sum{pipeline_name=\"archv2-nxm-batched\",type=\"destination\"}[2s])/1048576 start:2026-08-02T22:49:49.707Z step:1]" stats="&{Timings:{EvalTotalTime:8.7042e-05 ResultSortTime:8.75e-07 QueryPreparationTime:1.5334e-05 InnerEvalTime:6.3125e-05 ExecQueueTime:2.125e-06 ExecTotalTime:9.2083e-05} Samples:0x1400132b560}" spanID=0000000000000000
time=2026-08-02T15:50:02.710-07:00 level=WARN msg="Query returned multiple series, only first will be used" test=archv2-nxm-batched tool=conduit-v1 collector=conduit type=conduit collector=conduit type=conduit series-count=2
time=2026-08-02T15:50:02.710-07:00 level=DEBUG msg="Query returned data" test=archv2-nxm-batched tool=conduit-v1 collector=conduit type=conduit collector=conduit type=conduit name=msg-megabytes-out-per-second[archv2-nxm-batched] series-count=1 last-value=0.5030498504638672
time=2026-08-02T15:50:02.836-07:00 level=DEBUG msg="Inspecting container" model=container-monitor name=benchi-conduit
time=2026-08-02T15:50:03.343-07:00 level=DEBUG msg="Inspecting container" model=container-monitor name=benchi-conduit
time=2026-08-02T15:50:03.708-07:00 level=DEBUG msg="promql query logged" test=archv2-nxm-batched tool=conduit-v1 collector=conduit type=conduit collector=conduit type=conduit params="map[end:2026-08-02T22:50:03.708Z query:rate(conduit_pipeline_execution_duration_seconds_count{pipeline_name=\"archv2-nxm-batched\"}[2s]) start:2026-08-02T22:49:49.707Z step:1]" stats="&{Timings:{EvalTotalTime:0.000130542 ResultSortTime:6.67e-07 QueryPreparationTime:4.6333e-05 InnerEvalTime:6.9459e-05 ExecQueueTime:5.042e-06 ExecTotalTime:0.000138167} Samples:0x14000f6a4e0}" spanID=0000000000000000
time=2026-08-02T15:50:03.708-07:00 level=DEBUG msg="Query returned data" test=archv2-nxm-batched tool=conduit-v1 collector=conduit type=conduit collector=conduit type=conduit name=msg-rate-per-second[archv2-nxm-batched] series-count=1 last-value=17256
time=2026-08-02T15:50:03.708-07:00 level=DEBUG msg="promql query logged" test=archv2-nxm-batched tool=conduit-v1 collector=conduit type=conduit collector=conduit type=conduit params="map[end:2026-08-02T22:50:03.708Z query:rate(conduit_connector_bytes_sum{pipeline_name=\"archv2-nxm-batched\",type=\"source\"}[2s])/1048576 start:2026-08-02T22:49:49.707Z step:1]" stats="&{Timings:{EvalTotalTime:8.8541e-05 ResultSortTime:1.833e-06 QueryPreparationTime:1.8917e-05 InnerEvalTime:6.375e-05 ExecQueueTime:1.333e-06 ExecTotalTime:9.2083e-05} Samples:0x14000f6aba0}" spanID=0000000000000000
time=2026-08-02T15:50:03.708-07:00 level=WARN msg="Query returned multiple series, only first will be used" test=archv2-nxm-batched tool=conduit-v1 collector=conduit type=conduit collector=conduit type=conduit series-count=2
time=2026-08-02T15:50:03.709-07:00 level=DEBUG msg="Query returned data" test=archv2-nxm-batched tool=conduit-v1 collector=conduit type=conduit collector=conduit type=conduit name=msg-megabytes-in-per-second[archv2-nxm-batched] series-count=1 last-value=0.2436666488647461
time=2026-08-02T15:50:03.709-07:00 level=DEBUG msg="promql query logged" test=archv2-nxm-batched tool=conduit-v1 collector=conduit type=conduit collector=conduit type=conduit params="map[end:2026-08-02T22:50:03.709Z query:rate(conduit_connector_bytes_sum{pipeline_name=\"archv2-nxm-batched\",type=\"destination\"}[2s])/1048576 start:2026-08-02T22:49:49.707Z step:1]" stats="&{Timings:{EvalTotalTime:8.9625e-05 ResultSortTime:8.33e-07 QueryPreparationTime:1.2209e-05 InnerEvalTime:7.225e-05 ExecQueueTime:2.084e-06 ExecTotalTime:9.4292e-05} Samples:0x14001461980}" spanID=0000000000000000
time=2026-08-02T15:50:03.709-07:00 level=WARN msg="Query returned multiple series, only first will be used" test=archv2-nxm-batched tool=conduit-v1 collector=conduit type=conduit collector=conduit type=conduit series-count=2
time=2026-08-02T15:50:03.709-07:00 level=DEBUG msg="Query returned data" test=archv2-nxm-batched tool=conduit-v1 collector=conduit type=conduit collector=conduit type=conduit name=msg-megabytes-out-per-second[archv2-nxm-batched] series-count=1 last-value=0.4871082305908203
time=2026-08-02T15:50:03.858-07:00 level=DEBUG msg="Inspecting container" model=container-monitor name=benchi-conduit
time=2026-08-02T15:50:04.366-07:00 level=DEBUG msg="Inspecting container" model=container-monitor name=benchi-conduit
time=2026-08-02T15:50:04.709-07:00 level=INFO msg="Test in progress" test=archv2-nxm-batched tool=conduit-v1 step=test time-left=45s
time=2026-08-02T15:50:04.709-07:00 level=DEBUG msg="promql query logged" test=archv2-nxm-batched tool=conduit-v1 collector=conduit type=conduit collector=conduit type=conduit params="map[end:2026-08-02T22:50:04.708Z query:rate(conduit_pipeline_execution_duration_seconds_count{pipeline_name=\"archv2-nxm-batched\"}[2s]) start:2026-08-02T22:49:49.707Z step:1]" stats="&{Timings:{EvalTotalTime:0.00010275 ResultSortTime:8.75e-07 QueryPreparationTime:3.1875e-05 InnerEvalTime:5.8375e-05 ExecQueueTime:5.584e-06 ExecTotalTime:0.000113542} Samples:0x140014dc3c0}" spanID=0000000000000000
time=2026-08-02T15:50:04.710-07:00 level=DEBUG msg="Query returned data" test=archv2-nxm-batched tool=conduit-v1 collector=conduit type=conduit collector=conduit type=conduit name=msg-rate-per-second[archv2-nxm-batched] series-count=1 last-value=19051
time=2026-08-02T15:50:04.710-07:00 level=DEBUG msg="promql query logged" test=archv2-nxm-batched tool=conduit-v1 collector=conduit type=conduit collector=conduit type=conduit params="map[end:2026-08-02T22:50:04.710Z query:rate(conduit_connector_bytes_sum{pipeline_name=\"archv2-nxm-batched\",type=\"source\"}[2s])/1048576 start:2026-08-02T22:49:49.707Z step:1]" stats="&{Timings:{EvalTotalTime:6.2333e-05 ResultSortTime:1.584e-06 QueryPreparationTime:1.2e-05 InnerEvalTime:4.55e-05 ExecQueueTime:2e-06 ExecTotalTime:6.6167e-05} Samples:0x140014dca80}" spanID=0000000000000000
time=2026-08-02T15:50:04.710-07:00 level=WARN msg="Query returned multiple series, only first will be used" test=archv2-nxm-batched tool=conduit-v1 collector=conduit type=conduit collector=conduit type=conduit series-count=2
time=2026-08-02T15:50:04.710-07:00 level=DEBUG msg="Query returned data" test=archv2-nxm-batched tool=conduit-v1 collector=conduit type=conduit collector=conduit type=conduit name=msg-megabytes-in-per-second[archv2-nxm-batched] series-count=1 last-value=0.26819610595703125
time=2026-08-02T15:50:04.710-07:00 level=DEBUG msg="promql query logged" test=archv2-nxm-batched tool=conduit-v1 collector=conduit type=conduit collector=conduit type=conduit params="map[end:2026-08-02T22:50:04.710Z query:rate(conduit_connector_bytes_sum{pipeline_name=\"archv2-nxm-batched\",type=\"destination\"}[2s])/1048576 start:2026-08-02T22:49:49.707Z step:1]" stats="&{Timings:{EvalTotalTime:0.000112333 ResultSortTime:1.292e-06 QueryPreparationTime:1.8541e-05 InnerEvalTime:8.1333e-05 ExecQueueTime:3.832e-06 ExecTotalTime:0.000119292} Samples:0x1400136ccf0}" spanID=0000000000000000
time=2026-08-02T15:50:04.710-07:00 level=WARN msg="Query returned multiple series, only first will be used" test=archv2-nxm-batched tool=conduit-v1 collector=conduit type=conduit collector=conduit type=conduit series-count=2
time=2026-08-02T15:50:04.710-07:00 level=DEBUG msg="Query returned data" test=archv2-nxm-batched tool=conduit-v1 collector=conduit type=conduit collector=conduit type=conduit name=msg-megabytes-out-per-second[archv2-nxm-batched] series-count=1 last-value=0.537933349609375
time=2026-08-02T15:50:04.875-07:00 level=DEBUG msg="Inspecting container" model=container-monitor name=benchi-conduit
time=2026-08-02T15:50:05.379-07:00 level=DEBUG msg="Inspecting container" model=container-monitor name=benchi-conduit
time=2026-08-02T15:50:05.709-07:00 level=DEBUG msg="promql query logged" test=archv2-nxm-batched tool=conduit-v1 collector=conduit type=conduit collector=conduit type=conduit params="map[end:2026-08-02T22:50:05.708Z query:rate(conduit_pipeline_execution_duration_seconds_count{pipeline_name=\"archv2-nxm-batched\"}[2s]) start:2026-08-02T22:49:49.707Z step:1]" stats="&{Timings:{EvalTotalTime:0.000108708 ResultSortTime:1.125e-06 QueryPreparationTime:3.5e-05 InnerEvalTime:6.0959e-05 ExecQueueTime:6.417e-06 ExecTotalTime:0.00011775} Samples:0x1400136c1e0}" spanID=0000000000000000
time=2026-08-02T15:50:05.710-07:00 level=DEBUG msg="Query returned data" test=archv2-nxm-batched tool=conduit-v1 collector=conduit type=conduit collector=conduit type=conduit name=msg-rate-per-second[archv2-nxm-batched] series-count=1 last-value=18508
time=2026-08-02T15:50:05.710-07:00 level=DEBUG msg="promql query logged" test=archv2-nxm-batched tool=conduit-v1 collector=conduit type=conduit collector=conduit type=conduit params="map[end:2026-08-02T22:50:05.710Z query:rate(conduit_connector_bytes_sum{pipeline_name=\"archv2-nxm-batched\",type=\"source\"}[2s])/1048576 start:2026-08-02T22:49:49.707Z step:1]" stats="&{Timings:{EvalTotalTime:0.000101916 ResultSortTime:1.417e-06 QueryPreparationTime:1.2375e-05 InnerEvalTime:8.4458e-05 ExecQueueTime:2.042e-06 ExecTotalTime:0.0001055} Samples:0x1400136c9f0}" spanID=0000000000000000
time=2026-08-02T15:50:05.710-07:00 level=WARN msg="Query returned multiple series, only first will be used" test=archv2-nxm-batched tool=conduit-v1 collector=conduit type=conduit collector=conduit type=conduit series-count=2
time=2026-08-02T15:50:05.711-07:00 level=DEBUG msg="Query returned data" test=archv2-nxm-batched tool=conduit-v1 collector=conduit type=conduit collector=conduit type=conduit name=msg-megabytes-in-per-second[archv2-nxm-batched] series-count=1 last-value=0.26029396057128906
time=2026-08-02T15:50:05.711-07:00 level=DEBUG msg="promql query logged" test=archv2-nxm-batched tool=conduit-v1 collector=conduit type=conduit collector=conduit type=conduit params="map[end:2026-08-02T22:50:05.711Z query:rate(conduit_connector_bytes_sum{pipeline_name=\"archv2-nxm-batched\",type=\"destination\"}[2s])/1048576 start:2026-08-02T22:49:49.707Z step:1]" stats="&{Timings:{EvalTotalTime:0.000105416 ResultSortTime:1.208e-06 QueryPreparationTime:2.1042e-05 InnerEvalTime:7.7125e-05 ExecQueueTime:3.708e-06 ExecTotalTime:0.000111583} Samples:0x140014dca50}" spanID=0000000000000000
time=2026-08-02T15:50:05.711-07:00 level=WARN msg="Query returned multiple series, only first will be used" test=archv2-nxm-batched tool=conduit-v1 collector=conduit type=conduit collector=conduit type=conduit series-count=2
time=2026-08-02T15:50:05.711-07:00 level=DEBUG msg="Query returned data" test=archv2-nxm-batched tool=conduit-v1 collector=conduit type=conduit collector=conduit type=conduit name=msg-megabytes-out-per-second[archv2-nxm-batched] series-count=1 last-value=0.5225601196289062
time=2026-08-02T15:50:05.882-07:00 level=DEBUG msg="Inspecting container" model=container-monitor name=benchi-conduit
time=2026-08-02T15:50:06.388-07:00 level=DEBUG msg="Inspecting container" model=container-monitor name=benchi-conduit
time=2026-08-02T15:50:06.708-07:00 level=DEBUG msg="promql query logged" test=archv2-nxm-batched tool=conduit-v1 collector=conduit type=conduit collector=conduit type=conduit params="map[end:2026-08-02T22:50:06.708Z query:rate(conduit_pipeline_execution_duration_seconds_count{pipeline_name=\"archv2-nxm-batched\"}[2s]) start:2026-08-02T22:49:49.707Z step:1]" stats="&{Timings:{EvalTotalTime:0.000107625 ResultSortTime:5e-07 QueryPreparationTime:3.5167e-05 InnerEvalTime:6.0042e-05 ExecQueueTime:6.458e-06 ExecTotalTime:0.000116708} Samples:0x140014a0270}" spanID=0000000000000000
time=2026-08-02T15:50:06.709-07:00 level=DEBUG msg="Query returned data" test=archv2-nxm-batched tool=conduit-v1 collector=conduit type=conduit collector=conduit type=conduit name=msg-rate-per-second[archv2-nxm-batched] series-count=1 last-value=18901
time=2026-08-02T15:50:06.709-07:00 level=DEBUG msg="promql query logged" test=archv2-nxm-batched tool=conduit-v1 collector=conduit type=conduit collector=conduit type=conduit params="map[end:2026-08-02T22:50:06.709Z query:rate(conduit_connector_bytes_sum{pipeline_name=\"archv2-nxm-batched\",type=\"source\"}[2s])/1048576 start:2026-08-02T22:49:49.707Z step:1]" stats="&{Timings:{EvalTotalTime:0.000118375 ResultSortTime:2.375e-06 QueryPreparationTime:1.4167e-05 InnerEvalTime:9.6e-05 ExecQueueTime:1.875e-06 ExecTotalTime:0.000122958} Samples:0x140014a0930}" spanID=0000000000000000
time=2026-08-02T15:50:06.709-07:00 level=WARN msg="Query returned multiple series, only first will be used" test=archv2-nxm-batched tool=conduit-v1 collector=conduit type=conduit collector=conduit type=conduit series-count=2
time=2026-08-02T15:50:06.709-07:00 level=DEBUG msg="Query returned data" test=archv2-nxm-batched tool=conduit-v1 collector=conduit type=conduit collector=conduit type=conduit name=msg-megabytes-in-per-second[archv2-nxm-batched] series-count=1 last-value=0.26697731018066406
time=2026-08-02T15:50:06.709-07:00 level=DEBUG msg="promql query logged" test=archv2-nxm-batched tool=conduit-v1 collector=conduit type=conduit collector=conduit type=conduit params="map[end:2026-08-02T22:50:06.709Z query:rate(conduit_connector_bytes_sum{pipeline_name=\"archv2-nxm-batched\",type=\"destination\"}[2s])/1048576 start:2026-08-02T22:49:49.707Z step:1]" stats="&{Timings:{EvalTotalTime:8.925e-05 ResultSortTime:1.125e-06 QueryPreparationTime:1.6084e-05 InnerEvalTime:6.4708e-05 ExecQueueTime:1.791e-06 ExecTotalTime:9.5958e-05} Samples:0x140014a15f0}" spanID=0000000000000000
time=2026-08-02T15:50:06.710-07:00 level=WARN msg="Query returned multiple series, only first will be used" test=archv2-nxm-batched tool=conduit-v1 collector=conduit type=conduit collector=conduit type=conduit series-count=2
time=2026-08-02T15:50:06.710-07:00 level=DEBUG msg="Query returned data" test=archv2-nxm-batched tool=conduit-v1 collector=conduit type=conduit collector=conduit type=conduit name=msg-megabytes-out-per-second[archv2-nxm-batched] series-count=1 last-value=0.534332275390625
time=2026-08-02T15:50:06.897-07:00 level=DEBUG msg="Inspecting container" model=container-monitor name=benchi-conduit
time=2026-08-02T15:50:07.409-07:00 level=DEBUG msg="Inspecting container" model=container-monitor name=benchi-conduit
time=2026-08-02T15:50:07.708-07:00 level=DEBUG msg="promql query logged" test=archv2-nxm-batched tool=conduit-v1 collector=conduit type=conduit collector=conduit type=conduit params="map[end:2026-08-02T22:50:07.708Z query:rate(conduit_pipeline_execution_duration_seconds_count{pipeline_name=\"archv2-nxm-batched\"}[2s]) start:2026-08-02T22:49:49.707Z step:1]" stats="&{Timings:{EvalTotalTime:6.4375e-05 ResultSortTime:5.41e-07 QueryPreparationTime:1.8042e-05 InnerEvalTime:3.9792e-05 ExecQueueTime:2.792e-06 ExecTotalTime:6.9917e-05} Samples:0x140007e90b0}" spanID=0000000000000000
time=2026-08-02T15:50:07.708-07:00 level=DEBUG msg="Query returned data" test=archv2-nxm-batched tool=conduit-v1 collector=conduit type=conduit collector=conduit type=conduit name=msg-rate-per-second[archv2-nxm-batched] series-count=1 last-value=18335
time=2026-08-02T15:50:07.708-07:00 level=DEBUG msg="promql query logged" test=archv2-nxm-batched tool=conduit-v1 collector=conduit type=conduit collector=conduit type=conduit params="map[end:2026-08-02T22:50:07.708Z query:rate(conduit_connector_bytes_sum{pipeline_name=\"archv2-nxm-batched\",type=\"source\"}[2s])/1048576 start:2026-08-02T22:49:49.707Z step:1]" stats="&{Timings:{EvalTotalTime:6.2959e-05 ResultSortTime:1e-06 QueryPreparationTime:8.792e-06 InnerEvalTime:4.9625e-05 ExecQueueTime:1.166e-06 ExecTotalTime:6.5958e-05} Samples:0x140007e97a0}" spanID=0000000000000000
time=2026-08-02T15:50:07.708-07:00 level=WARN msg="Query returned multiple series, only first will be used" test=archv2-nxm-batched tool=conduit-v1 collector=conduit type=conduit collector=conduit type=conduit series-count=2
time=2026-08-02T15:50:07.708-07:00 level=DEBUG msg="Query returned data" test=archv2-nxm-batched tool=conduit-v1 collector=conduit type=conduit collector=conduit type=conduit name=msg-megabytes-in-per-second[archv2-nxm-batched] series-count=1 last-value=0.2593345642089844
time=2026-08-02T15:50:07.710-07:00 level=DEBUG msg="promql query logged" test=archv2-nxm-batched tool=conduit-v1 collector=conduit type=conduit collector=conduit type=conduit params="map[end:2026-08-02T22:50:07.710Z query:rate(conduit_connector_bytes_sum{pipeline_name=\"archv2-nxm-batched\",type=\"destination\"}[2s])/1048576 start:2026-08-02T22:49:49.707Z step:1]" stats="&{Timings:{EvalTotalTime:4.8458e-05 ResultSortTime:5e-07 QueryPreparationTime:8.459e-06 InnerEvalTime:3.6542e-05 ExecQueueTime:1.458e-06 ExecTotalTime:5.125e-05} Samples:0x140007c9e00}" spanID=0000000000000000
time=2026-08-02T15:50:07.710-07:00 level=WARN msg="Query returned multiple series, only first will be used" test=archv2-nxm-batched tool=conduit-v1 collector=conduit type=conduit collector=conduit type=conduit series-count=2
time=2026-08-02T15:50:07.710-07:00 level=DEBUG msg="Query returned data" test=archv2-nxm-batched tool=conduit-v1 collector=conduit type=conduit collector=conduit type=conduit name=msg-megabytes-out-per-second[archv2-nxm-batched] series-count=1 last-value=0.5187664031982422
time=2026-08-02T15:50:07.915-07:00 level=DEBUG msg="Inspecting container" model=container-monitor name=benchi-conduit
time=2026-08-02T15:50:08.423-07:00 level=DEBUG msg="Inspecting container" model=container-monitor name=benchi-conduit
time=2026-08-02T15:50:08.708-07:00 level=DEBUG msg="promql query logged" test=archv2-nxm-batched tool=conduit-v1 collector=conduit type=conduit collector=conduit type=conduit params="map[end:2026-08-02T22:50:08.708Z query:rate(conduit_pipeline_execution_duration_seconds_count{pipeline_name=\"archv2-nxm-batched\"}[2s]) start:2026-08-02T22:49:49.707Z step:1]" stats="&{Timings:{EvalTotalTime:0.000126208 ResultSortTime:1e-06 QueryPreparationTime:5.3375e-05 InnerEvalTime:6.1416e-05 ExecQueueTime:1.4375e-05 ExecTotalTime:0.000143} Samples:0x14001107b60}" spanID=0000000000000000
time=2026-08-02T15:50:08.708-07:00 level=DEBUG msg="Query returned data" test=archv2-nxm-batched tool=conduit-v1 collector=conduit type=conduit collector=conduit type=conduit name=msg-rate-per-second[archv2-nxm-batched] series-count=1 last-value=16984
time=2026-08-02T15:50:08.709-07:00 level=DEBUG msg="promql query logged" test=archv2-nxm-batched tool=conduit-v1 collector=conduit type=conduit collector=conduit type=conduit params="map[end:2026-08-02T22:50:08.708Z query:rate(conduit_connector_bytes_sum{pipeline_name=\"archv2-nxm-batched\",type=\"source\"}[2s])/1048576 start:2026-08-02T22:49:49.707Z step:1]" stats="&{Timings:{EvalTotalTime:0.000111042 ResultSortTime:2.042e-06 QueryPreparationTime:2.3083e-05 InnerEvalTime:7.9917e-05 ExecQueueTime:2.25e-06 ExecTotalTime:0.000116917} Samples:0x14000d803c0}" spanID=0000000000000000
time=2026-08-02T15:50:08.709-07:00 level=WARN msg="Query returned multiple series, only first will be used" test=archv2-nxm-batched tool=conduit-v1 collector=conduit type=conduit collector=conduit type=conduit series-count=2
time=2026-08-02T15:50:08.709-07:00 level=DEBUG msg="Query returned data" test=archv2-nxm-batched tool=conduit-v1 collector=conduit type=conduit collector=conduit type=conduit name=msg-megabytes-in-per-second[archv2-nxm-batched] series-count=1 last-value=0.23912334442138672
time=2026-08-02T15:50:08.709-07:00 level=DEBUG msg="promql query logged" test=archv2-nxm-batched tool=conduit-v1 collector=conduit type=conduit collector=conduit type=conduit params="map[end:2026-08-02T22:50:08.709Z query:rate(conduit_connector_bytes_sum{pipeline_name=\"archv2-nxm-batched\",type=\"destination\"}[2s])/1048576 start:2026-08-02T22:49:49.707Z step:1]" stats="&{Timings:{EvalTotalTime:8.5333e-05 ResultSortTime:1.042e-06 QueryPreparationTime:1.5292e-05 InnerEvalTime:6.2042e-05 ExecQueueTime:1.792e-06 ExecTotalTime:9.2125e-05} Samples:0x14000d81080}" spanID=0000000000000000
time=2026-08-02T15:50:08.709-07:00 level=WARN msg="Query returned multiple series, only first will be used" test=archv2-nxm-batched tool=conduit-v1 collector=conduit type=conduit collector=conduit type=conduit series-count=2
time=2026-08-02T15:50:08.710-07:00 level=DEBUG msg="Query returned data" test=archv2-nxm-batched tool=conduit-v1 collector=conduit type=conduit collector=conduit type=conduit name=msg-megabytes-out-per-second[archv2-nxm-batched] series-count=1 last-value=0.4803123474121094
time=2026-08-02T15:50:08.945-07:00 level=DEBUG msg="Inspecting container" model=container-monitor name=benchi-conduit
time=2026-08-02T15:50:09.450-07:00 level=DEBUG msg="Inspecting container" model=container-monitor name=benchi-conduit
time=2026-08-02T15:50:09.708-07:00 level=INFO msg="Test in progress" test=archv2-nxm-batched tool=conduit-v1 step=test time-left=40s
time=2026-08-02T15:50:09.708-07:00 level=DEBUG msg="promql query logged" test=archv2-nxm-batched tool=conduit-v1 collector=conduit type=conduit collector=conduit type=conduit params="map[end:2026-08-02T22:50:09.708Z query:rate(conduit_pipeline_execution_duration_seconds_count{pipeline_name=\"archv2-nxm-batched\"}[2s]) start:2026-08-02T22:49:49.707Z step:1]" stats="&{Timings:{EvalTotalTime:0.000109875 ResultSortTime:1.125e-06 QueryPreparationTime:3.7125e-05 InnerEvalTime:6.1625e-05 ExecQueueTime:4.959e-06 ExecTotalTime:0.000123583} Samples:0x14000e90cf0}" spanID=0000000000000000
time=2026-08-02T15:50:09.708-07:00 level=DEBUG msg="Query returned data" test=archv2-nxm-batched tool=conduit-v1 collector=conduit type=conduit collector=conduit type=conduit name=msg-rate-per-second[archv2-nxm-batched] series-count=1 last-value=17402
time=2026-08-02T15:50:09.708-07:00 level=DEBUG msg="promql query logged" test=archv2-nxm-batched tool=conduit-v1 collector=conduit type=conduit collector=conduit type=conduit params="map[end:2026-08-02T22:50:09.708Z query:rate(conduit_connector_bytes_sum{pipeline_name=\"archv2-nxm-batched\",type=\"source\"}[2s])/1048576 start:2026-08-02T22:49:49.707Z step:1]" stats="&{Timings:{EvalTotalTime:0.000102375 ResultSortTime:1.75e-06 QueryPreparationTime:1.4291e-05 InnerEvalTime:8.1291e-05 ExecQueueTime:1.499e-06 ExecTotalTime:0.000107208} Samples:0x14000e913b0}" spanID=0000000000000000
time=2026-08-02T15:50:09.708-07:00 level=WARN msg="Query returned multiple series, only first will be used" test=archv2-nxm-batched tool=conduit-v1 collector=conduit type=conduit collector=conduit type=conduit series-count=2
time=2026-08-02T15:50:09.709-07:00 level=DEBUG msg="Query returned data" test=archv2-nxm-batched tool=conduit-v1 collector=conduit type=conduit collector=conduit type=conduit name=msg-megabytes-in-per-second[archv2-nxm-batched] series-count=1 last-value=0.2454662322998047
time=2026-08-02T15:50:09.709-07:00 level=DEBUG msg="promql query logged" test=archv2-nxm-batched tool=conduit-v1 collector=conduit type=conduit collector=conduit type=conduit params="map[end:2026-08-02T22:50:09.709Z query:rate(conduit_connector_bytes_sum{pipeline_name=\"archv2-nxm-batched\",type=\"destination\"}[2s])/1048576 start:2026-08-02T22:49:49.707Z step:1]" stats="&{Timings:{EvalTotalTime:9.1833e-05 ResultSortTime:1.208e-06 QueryPreparationTime:1.5917e-05 InnerEvalTime:6.85e-05 ExecQueueTime:1.625e-06 ExecTotalTime:9.6625e-05} Samples:0x14000dad170}" spanID=0000000000000000
time=2026-08-02T15:50:09.709-07:00 level=WARN msg="Query returned multiple series, only first will be used" test=archv2-nxm-batched tool=conduit-v1 collector=conduit type=conduit collector=conduit type=conduit series-count=2
time=2026-08-02T15:50:09.709-07:00 level=DEBUG msg="Query returned data" test=archv2-nxm-batched tool=conduit-v1 collector=conduit type=conduit collector=conduit type=conduit name=msg-megabytes-out-per-second[archv2-nxm-batched] series-count=1 last-value=0.49193286895751953
time=2026-08-02T15:50:09.960-07:00 level=DEBUG msg="Inspecting container" model=container-monitor name=benchi-conduit
time=2026-08-02T15:50:10.465-07:00 level=DEBUG msg="Inspecting container" model=container-monitor name=benchi-conduit
time=2026-08-02T15:50:10.708-07:00 level=DEBUG msg="promql query logged" test=archv2-nxm-batched tool=conduit-v1 collector=conduit type=conduit collector=conduit type=conduit params="map[end:2026-08-02T22:50:10.708Z query:rate(conduit_pipeline_execution_duration_seconds_count{pipeline_name=\"archv2-nxm-batched\"}[2s]) start:2026-08-02T22:49:49.707Z step:1]" stats="&{Timings:{EvalTotalTime:7.8792e-05 ResultSortTime:8.33e-07 QueryPreparationTime:2.4292e-05 InnerEvalTime:4.4917e-05 ExecQueueTime:3.708e-06 ExecTotalTime:8.5666e-05} Samples:0x1400119b830}" spanID=0000000000000000
time=2026-08-02T15:50:10.708-07:00 level=DEBUG msg="Query returned data" test=archv2-nxm-batched tool=conduit-v1 collector=conduit type=conduit collector=conduit type=conduit name=msg-rate-per-second[archv2-nxm-batched] series-count=1 last-value=17694
time=2026-08-02T15:50:10.708-07:00 level=DEBUG msg="promql query logged" test=archv2-nxm-batched tool=conduit-v1 collector=conduit type=conduit collector=conduit type=conduit params="map[end:2026-08-02T22:50:10.708Z query:rate(conduit_connector_bytes_sum{pipeline_name=\"archv2-nxm-batched\",type=\"source\"}[2s])/1048576 start:2026-08-02T22:49:49.707Z step:1]" stats="&{Timings:{EvalTotalTime:7.2084e-05 ResultSortTime:9.16e-07 QueryPreparationTime:9e-06 InnerEvalTime:5.8667e-05 ExecQueueTime:1.333e-06 ExecTotalTime:7.525e-05} Samples:0x1400119bef0}" spanID=0000000000000000
time=2026-08-02T15:50:10.708-07:00 level=WARN msg="Query returned multiple series, only first will be used" test=archv2-nxm-batched tool=conduit-v1 collector=conduit type=conduit collector=conduit type=conduit series-count=2
time=2026-08-02T15:50:10.708-07:00 level=DEBUG msg="Query returned data" test=archv2-nxm-batched tool=conduit-v1 collector=conduit type=conduit collector=conduit type=conduit name=msg-megabytes-in-per-second[archv2-nxm-batched] series-count=1 last-value=0.25298023223876953
time=2026-08-02T15:50:10.708-07:00 level=DEBUG msg="promql query logged" test=archv2-nxm-batched tool=conduit-v1 collector=conduit type=conduit collector=conduit type=conduit params="map[end:2026-08-02T22:50:10.708Z query:rate(conduit_connector_bytes_sum{pipeline_name=\"archv2-nxm-batched\",type=\"destination\"}[2s])/1048576 start:2026-08-02T22:49:49.707Z step:1]" stats="&{Timings:{EvalTotalTime:7.075e-05 ResultSortTime:6.25e-07 QueryPreparationTime:9.916e-06 InnerEvalTime:5.575e-05 ExecQueueTime:1.417e-06 ExecTotalTime:7.4333e-05} Samples:0x140007ff1d0}" spanID=0000000000000000
time=2026-08-02T15:50:10.708-07:00 level=WARN msg="Query returned multiple series, only first will be used" test=archv2-nxm-batched tool=conduit-v1 collector=conduit type=conduit collector=conduit type=conduit series-count=2
time=2026-08-02T15:50:10.708-07:00 level=DEBUG msg="Query returned data" test=archv2-nxm-batched tool=conduit-v1 collector=conduit type=conduit collector=conduit type=conduit name=msg-megabytes-out-per-second[archv2-nxm-batched] series-count=1 last-value=0.5002813339233398
time=2026-08-02T15:50:10.974-07:00 level=DEBUG msg="Inspecting container" model=container-monitor name=benchi-conduit
time=2026-08-02T15:50:11.481-07:00 level=DEBUG msg="Inspecting container" model=container-monitor name=benchi-conduit
time=2026-08-02T15:50:11.709-07:00 level=DEBUG msg="promql query logged" test=archv2-nxm-batched tool=conduit-v1 collector=conduit type=conduit collector=conduit type=conduit params="map[end:2026-08-02T22:50:11.709Z query:rate(conduit_pipeline_execution_duration_seconds_count{pipeline_name=\"archv2-nxm-batched\"}[2s]) start:2026-08-02T22:49:49.707Z step:1]" stats="&{Timings:{EvalTotalTime:6.9542e-05 ResultSortTime:4.17e-07 QueryPreparationTime:1.7e-05 InnerEvalTime:4.6166e-05 ExecQueueTime:3.083e-06 ExecTotalTime:7.5833e-05} Samples:0x140012bb560}" spanID=0000000000000000
time=2026-08-02T15:50:11.709-07:00 level=DEBUG msg="Query returned data" test=archv2-nxm-batched tool=conduit-v1 collector=conduit type=conduit collector=conduit type=conduit name=msg-rate-per-second[archv2-nxm-batched] series-count=1 last-value=17197
time=2026-08-02T15:50:11.709-07:00 level=DEBUG msg="promql query logged" test=archv2-nxm-batched tool=conduit-v1 collector=conduit type=conduit collector=conduit type=conduit params="map[end:2026-08-02T22:50:11.709Z query:rate(conduit_connector_bytes_sum{pipeline_name=\"archv2-nxm-batched\",type=\"source\"}[2s])/1048576 start:2026-08-02T22:49:49.707Z step:1]" stats="&{Timings:{EvalTotalTime:6.7667e-05 ResultSortTime:1e-06 QueryPreparationTime:1.0958e-05 InnerEvalTime:5.15e-05 ExecQueueTime:1.291e-06 ExecTotalTime:7.1041e-05} Samples:0x140012bbc20}" spanID=0000000000000000
time=2026-08-02T15:50:11.709-07:00 level=WARN msg="Query returned multiple series, only first will be used" test=archv2-nxm-batched tool=conduit-v1 collector=conduit type=conduit collector=conduit type=conduit series-count=2
time=2026-08-02T15:50:11.709-07:00 level=DEBUG msg="Query returned data" test=archv2-nxm-batched tool=conduit-v1 collector=conduit type=conduit collector=conduit type=conduit name=msg-megabytes-in-per-second[archv2-nxm-batched] series-count=1 last-value=0.24601268768310547
time=2026-08-02T15:50:11.709-07:00 level=DEBUG msg="promql query logged" test=archv2-nxm-batched tool=conduit-v1 collector=conduit type=conduit collector=conduit type=conduit params="map[end:2026-08-02T22:50:11.709Z query:rate(conduit_connector_bytes_sum{pipeline_name=\"archv2-nxm-batched\",type=\"destination\"}[2s])/1048576 start:2026-08-02T22:49:49.707Z step:1]" stats="&{Timings:{EvalTotalTime:6.9041e-05 ResultSortTime:7.5e-07 QueryPreparationTime:9.667e-06 InnerEvalTime:5.4333e-05 ExecQueueTime:1.459e-06 ExecTotalTime:7.2834e-05} Samples:0x140011ec600}" spanID=0000000000000000
time=2026-08-02T15:50:11.709-07:00 level=WARN msg="Query returned multiple series, only first will be used" test=archv2-nxm-batched tool=conduit-v1 collector=conduit type=conduit collector=conduit type=conduit series-count=2
time=2026-08-02T15:50:11.709-07:00 level=DEBUG msg="Query returned data" test=archv2-nxm-batched tool=conduit-v1 collector=conduit type=conduit collector=conduit type=conduit name=msg-megabytes-out-per-second[archv2-nxm-batched] series-count=1 last-value=0.4856681823730469
time=2026-08-02T15:50:11.986-07:00 level=DEBUG msg="Inspecting container" model=container-monitor name=benchi-conduit
time=2026-08-02T15:50:12.493-07:00 level=DEBUG msg="Inspecting container" model=container-monitor name=benchi-conduit
time=2026-08-02T15:50:12.708-07:00 level=DEBUG msg="promql query logged" test=archv2-nxm-batched tool=conduit-v1 collector=conduit type=conduit collector=conduit type=conduit params="map[end:2026-08-02T22:50:12.708Z query:rate(conduit_pipeline_execution_duration_seconds_count{pipeline_name=\"archv2-nxm-batched\"}[2s]) start:2026-08-02T22:49:49.707Z step:1]" stats="&{Timings:{EvalTotalTime:7.7709e-05 ResultSortTime:3.75e-07 QueryPreparationTime:2.2125e-05 InnerEvalTime:4.8708e-05 ExecQueueTime:4.416e-06 ExecTotalTime:8.55e-05} Samples:0x140011edb00}" spanID=0000000000000000
time=2026-08-02T15:50:12.708-07:00 level=DEBUG msg="Query returned data" test=archv2-nxm-batched tool=conduit-v1 collector=conduit type=conduit collector=conduit type=conduit name=msg-rate-per-second[archv2-nxm-batched] series-count=1 last-value=18882
time=2026-08-02T15:50:12.708-07:00 level=DEBUG msg="promql query logged" test=archv2-nxm-batched tool=conduit-v1 collector=conduit type=conduit collector=conduit type=conduit params="map[end:2026-08-02T22:50:12.708Z query:rate(conduit_connector_bytes_sum{pipeline_name=\"archv2-nxm-batched\",type=\"source\"}[2s])/1048576 start:2026-08-02T22:49:49.707Z step:1]" stats="&{Timings:{EvalTotalTime:7.3041e-05 ResultSortTime:1.25e-06 QueryPreparationTime:8.417e-06 InnerEvalTime:5.975e-05 ExecQueueTime:1.083e-06 ExecTotalTime:7.5875e-05} Samples:0x1400143e240}" spanID=0000000000000000
time=2026-08-02T15:50:12.708-07:00 level=WARN msg="Query returned multiple series, only first will be used" test=archv2-nxm-batched tool=conduit-v1 collector=conduit type=conduit collector=conduit type=conduit series-count=2
time=2026-08-02T15:50:12.708-07:00 level=DEBUG msg="Query returned data" test=archv2-nxm-batched tool=conduit-v1 collector=conduit type=conduit collector=conduit type=conduit name=msg-megabytes-in-per-second[archv2-nxm-batched] series-count=1 last-value=0.2671499252319336
time=2026-08-02T15:50:12.709-07:00 level=DEBUG msg="promql query logged" test=archv2-nxm-batched tool=conduit-v1 collector=conduit type=conduit collector=conduit type=conduit params="map[end:2026-08-02T22:50:12.708Z query:rate(conduit_connector_bytes_sum{pipeline_name=\"archv2-nxm-batched\",type=\"destination\"}[2s])/1048576 start:2026-08-02T22:49:49.707Z step:1]" stats="&{Timings:{EvalTotalTime:7.6042e-05 ResultSortTime:9.17e-07 QueryPreparationTime:1.2792e-05 InnerEvalTime:5.7875e-05 ExecQueueTime:1.708e-06 ExecTotalTime:8.0291e-05} Samples:0x1400149ff50}" spanID=0000000000000000
time=2026-08-02T15:50:12.709-07:00 level=WARN msg="Query returned multiple series, only first will be used" test=archv2-nxm-batched tool=conduit-v1 collector=conduit type=conduit collector=conduit type=conduit series-count=2
time=2026-08-02T15:50:12.709-07:00 level=DEBUG msg="Query returned data" test=archv2-nxm-batched tool=conduit-v1 collector=conduit type=conduit collector=conduit type=conduit name=msg-megabytes-out-per-second[archv2-nxm-batched] series-count=1 last-value=0.5328264236450195
time=2026-08-02T15:50:12.999-07:00 level=DEBUG msg="Inspecting container" model=container-monitor name=benchi-conduit
time=2026-08-02T15:50:13.514-07:00 level=DEBUG msg="Inspecting container" model=container-monitor name=benchi-conduit
time=2026-08-02T15:50:13.709-07:00 level=DEBUG msg="promql query logged" test=archv2-nxm-batched tool=conduit-v1 collector=conduit type=conduit collector=conduit type=conduit params="map[end:2026-08-02T22:50:13.708Z query:rate(conduit_pipeline_execution_duration_seconds_count{pipeline_name=\"archv2-nxm-batched\"}[2s]) start:2026-08-02T22:49:49.707Z step:1]" stats="&{Timings:{EvalTotalTime:4.825e-05 ResultSortTime:5e-07 QueryPreparationTime:1.4375e-05 InnerEvalTime:2.8541e-05 ExecQueueTime:2.459e-06 ExecTotalTime:5.2875e-05} Samples:0x1400143fe60}" spanID=0000000000000000
time=2026-08-02T15:50:13.709-07:00 level=DEBUG msg="Query returned data" test=archv2-nxm-batched tool=conduit-v1 collector=conduit type=conduit collector=conduit type=conduit name=msg-rate-per-second[archv2-nxm-batched] series-count=1 last-value=19368
time=2026-08-02T15:50:13.709-07:00 level=DEBUG msg="promql query logged" test=archv2-nxm-batched tool=conduit-v1 collector=conduit type=conduit collector=conduit type=conduit params="map[end:2026-08-02T22:50:13.709Z query:rate(conduit_connector_bytes_sum{pipeline_name=\"archv2-nxm-batched\",type=\"source\"}[2s])/1048576 start:2026-08-02T22:49:49.707Z step:1]" stats="&{Timings:{EvalTotalTime:8.6125e-05 ResultSortTime:8.75e-07 QueryPreparationTime:7.375e-06 InnerEvalTime:7.3375e-05 ExecQueueTime:8.75e-07 ExecTotalTime:8.8542e-05} Samples:0x1400159e5a0}" spanID=0000000000000000
time=2026-08-02T15:50:13.709-07:00 level=WARN msg="Query returned multiple series, only first will be used" test=archv2-nxm-batched tool=conduit-v1 collector=conduit type=conduit collector=conduit type=conduit series-count=2
time=2026-08-02T15:50:13.709-07:00 level=DEBUG msg="Query returned data" test=archv2-nxm-batched tool=conduit-v1 collector=conduit type=conduit collector=conduit type=conduit name=msg-megabytes-in-per-second[archv2-nxm-batched] series-count=1 last-value=0.2708415985107422
time=2026-08-02T15:50:13.709-07:00 level=DEBUG msg="promql query logged" test=archv2-nxm-batched tool=conduit-v1 collector=conduit type=conduit collector=conduit type=conduit params="map[end:2026-08-02T22:50:13.709Z query:rate(conduit_connector_bytes_sum{pipeline_name=\"archv2-nxm-batched\",type=\"destination\"}[2s])/1048576 start:2026-08-02T22:49:49.707Z step:1]" stats="&{Timings:{EvalTotalTime:5.5458e-05 ResultSortTime:5e-07 QueryPreparationTime:6.209e-06 InnerEvalTime:4.5459e-05 ExecQueueTime:8.33e-07 ExecTotalTime:5.8e-05} Samples:0x1400159f320}" spanID=0000000000000000
time=2026-08-02T15:50:13.709-07:00 level=WARN msg="Query returned multiple series, only first will be used" test=archv2-nxm-batched tool=conduit-v1 collector=conduit type=conduit collector=conduit type=conduit series-count=2
time=2026-08-02T15:50:13.709-07:00 level=DEBUG msg="Query returned data" test=archv2-nxm-batched tool=conduit-v1 collector=conduit type=conduit collector=conduit type=conduit name=msg-megabytes-out-per-second[archv2-nxm-batched] series-count=1 last-value=0.5478963851928711
time=2026-08-02T15:50:14.020-07:00 level=DEBUG msg="Inspecting container" model=container-monitor name=benchi-conduit
time=2026-08-02T15:50:14.527-07:00 level=DEBUG msg="Inspecting container" model=container-monitor name=benchi-conduit
time=2026-08-02T15:50:14.710-07:00 level=DEBUG msg="promql query logged" test=archv2-nxm-batched tool=conduit-v1 collector=conduit type=conduit collector=conduit type=conduit params="map[end:2026-08-02T22:50:14.710Z query:rate(conduit_pipeline_execution_duration_seconds_count{pipeline_name=\"archv2-nxm-batched\"}[2s]) start:2026-08-02T22:49:49.707Z step:1]" stats="&{Timings:{EvalTotalTime:5.2291e-05 ResultSortTime:3.75e-07 QueryPreparationTime:1.4875e-05 InnerEvalTime:3.2083e-05 ExecQueueTime:2.541e-06 ExecTotalTime:5.725e-05} Samples:0x140014e9020}" spanID=0000000000000000
time=2026-08-02T15:50:14.710-07:00 level=DEBUG msg="Query returned data" test=archv2-nxm-batched tool=conduit-v1 collector=conduit type=conduit collector=conduit type=conduit name=msg-rate-per-second[archv2-nxm-batched] series-count=1 last-value=19823
time=2026-08-02T15:50:14.710-07:00 level=DEBUG msg="promql query logged" test=archv2-nxm-batched tool=conduit-v1 collector=conduit type=conduit collector=conduit type=conduit params="map[end:2026-08-02T22:50:14.710Z query:rate(conduit_connector_bytes_sum{pipeline_name=\"archv2-nxm-batched\",type=\"source\"}[2s])/1048576 start:2026-08-02T22:49:49.707Z step:1]" stats="&{Timings:{EvalTotalTime:9.4625e-05 ResultSortTime:7.91e-07 QueryPreparationTime:7.208e-06 InnerEvalTime:8.3292e-05 ExecQueueTime:1.042e-06 ExecTotalTime:9.75e-05} Samples:0x140014e9740}" spanID=0000000000000000
time=2026-08-02T15:50:14.711-07:00 level=WARN msg="Query returned multiple series, only first will be used" test=archv2-nxm-batched tool=conduit-v1 collector=conduit type=conduit collector=conduit type=conduit series-count=2
time=2026-08-02T15:50:14.711-07:00 level=DEBUG msg="Query returned data" test=archv2-nxm-batched tool=conduit-v1 collector=conduit type=conduit collector=conduit type=conduit name=msg-megabytes-in-per-second[archv2-nxm-batched] series-count=1 last-value=0.28159427642822266
time=2026-08-02T15:50:14.711-07:00 level=DEBUG msg="promql query logged" test=archv2-nxm-batched tool=conduit-v1 collector=conduit type=conduit collector=conduit type=conduit params="map[end:2026-08-02T22:50:14.711Z query:rate(conduit_connector_bytes_sum{pipeline_name=\"archv2-nxm-batched\",type=\"destination\"}[2s])/1048576 start:2026-08-02T22:49:49.707Z step:1]" stats="&{Timings:{EvalTotalTime:5.3166e-05 ResultSortTime:3.75e-07 QueryPreparationTime:6.25e-06 InnerEvalTime:4.3333e-05 ExecQueueTime:9.59e-07 ExecTotalTime:5.5625e-05} Samples:0x140013e25a0}" spanID=0000000000000000
time=2026-08-02T15:50:14.711-07:00 level=WARN msg="Query returned multiple series, only first will be used" test=archv2-nxm-batched tool=conduit-v1 collector=conduit type=conduit collector=conduit type=conduit series-count=2
time=2026-08-02T15:50:14.711-07:00 level=DEBUG msg="Query returned data" test=archv2-nxm-batched tool=conduit-v1 collector=conduit type=conduit collector=conduit type=conduit name=msg-megabytes-out-per-second[archv2-nxm-batched] series-count=1 last-value=0.5603952407836914
time=2026-08-02T15:50:14.711-07:00 level=INFO msg="Test in progress" test=archv2-nxm-batched tool=conduit-v1 step=test time-left=35s
time=2026-08-02T15:50:15.037-07:00 level=DEBUG msg="Inspecting container" model=container-monitor name=benchi-conduit
time=2026-08-02T15:50:15.543-07:00 level=DEBUG msg="Inspecting container" model=container-monitor name=benchi-conduit
time=2026-08-02T15:50:15.708-07:00 level=DEBUG msg="promql query logged" test=archv2-nxm-batched tool=conduit-v1 collector=conduit type=conduit collector=conduit type=conduit params="map[end:2026-08-02T22:50:15.708Z query:rate(conduit_pipeline_execution_duration_seconds_count{pipeline_name=\"archv2-nxm-batched\"}[2s]) start:2026-08-02T22:49:49.707Z step:1]" stats="&{Timings:{EvalTotalTime:5.2542e-05 ResultSortTime:5e-07 QueryPreparationTime:1.6e-05 InnerEvalTime:3.1208e-05 ExecQueueTime:2.5e-06 ExecTotalTime:5.7667e-05} Samples:0x140014dd890}" spanID=0000000000000000
time=2026-08-02T15:50:15.708-07:00 level=DEBUG msg="Query returned data" test=archv2-nxm-batched tool=conduit-v1 collector=conduit type=conduit collector=conduit type=conduit name=msg-rate-per-second[archv2-nxm-batched] series-count=1 last-value=18802
time=2026-08-02T15:50:15.708-07:00 level=DEBUG msg="promql query logged" test=archv2-nxm-batched tool=conduit-v1 collector=conduit type=conduit collector=conduit type=conduit params="map[end:2026-08-02T22:50:15.708Z query:rate(conduit_connector_bytes_sum{pipeline_name=\"archv2-nxm-batched\",type=\"source\"}[2s])/1048576 start:2026-08-02T22:49:49.707Z step:1]" stats="&{Timings:{EvalTotalTime:5.7292e-05 ResultSortTime:6.67e-07 QueryPreparationTime:6e-06 InnerEvalTime:4.775e-05 ExecQueueTime:9.17e-07 ExecTotalTime:5.9583e-05} Samples:0x140007c8000}" spanID=0000000000000000
time=2026-08-02T15:50:15.708-07:00 level=WARN msg="Query returned multiple series, only first will be used" test=archv2-nxm-batched tool=conduit-v1 collector=conduit type=conduit collector=conduit type=conduit series-count=2
time=2026-08-02T15:50:15.708-07:00 level=DEBUG msg="Query returned data" test=archv2-nxm-batched tool=conduit-v1 collector=conduit type=conduit collector=conduit type=conduit name=msg-megabytes-in-per-second[archv2-nxm-batched] series-count=1 last-value=0.2631521224975586
time=2026-08-02T15:50:15.708-07:00 level=DEBUG msg="promql query logged" test=archv2-nxm-batched tool=conduit-v1 collector=conduit type=conduit collector=conduit type=conduit params="map[end:2026-08-02T22:50:15.708Z query:rate(conduit_connector_bytes_sum{pipeline_name=\"archv2-nxm-batched\",type=\"destination\"}[2s])/1048576 start:2026-08-02T22:49:49.707Z step:1]" stats="&{Timings:{EvalTotalTime:6.4917e-05 ResultSortTime:6.25e-07 QueryPreparationTime:8.375e-06 InnerEvalTime:5.2208e-05 ExecQueueTime:1.168e-06 ExecTotalTime:6.825e-05} Samples:0x14000f9ccc0}" spanID=0000000000000000
time=2026-08-02T15:50:15.708-07:00 level=WARN msg="Query returned multiple series, only first will be used" test=archv2-nxm-batched tool=conduit-v1 collector=conduit type=conduit collector=conduit type=conduit series-count=2
time=2026-08-02T15:50:15.708-07:00 level=DEBUG msg="Query returned data" test=archv2-nxm-batched tool=conduit-v1 collector=conduit type=conduit collector=conduit type=conduit name=msg-megabytes-out-per-second[archv2-nxm-batched] series-count=1 last-value=0.5306739807128906
time=2026-08-02T15:50:16.048-07:00 level=DEBUG msg="Inspecting container" model=container-monitor name=benchi-conduit
time=2026-08-02T15:50:16.552-07:00 level=DEBUG msg="Inspecting container" model=container-monitor name=benchi-conduit
time=2026-08-02T15:50:16.708-07:00 level=DEBUG msg="promql query logged" test=archv2-nxm-batched tool=conduit-v1 collector=conduit type=conduit collector=conduit type=conduit params="map[end:2026-08-02T22:50:16.708Z query:rate(conduit_pipeline_execution_duration_seconds_count{pipeline_name=\"archv2-nxm-batched\"}[2s]) start:2026-08-02T22:49:49.707Z step:1]" stats="&{Timings:{EvalTotalTime:5.9416e-05 ResultSortTime:6.66e-07 QueryPreparationTime:1.7792e-05 InnerEvalTime:3.5042e-05 ExecQueueTime:6.249e-06 ExecTotalTime:6.7542e-05} Samples:0x14000fa8210}" spanID=0000000000000000
time=2026-08-02T15:50:16.708-07:00 level=DEBUG msg="Query returned data" test=archv2-nxm-batched tool=conduit-v1 collector=conduit type=conduit collector=conduit type=conduit name=msg-rate-per-second[archv2-nxm-batched] series-count=1 last-value=20169
time=2026-08-02T15:50:16.708-07:00 level=DEBUG msg="promql query logged" test=archv2-nxm-batched tool=conduit-v1 collector=conduit type=conduit collector=conduit type=conduit params="map[end:2026-08-02T22:50:16.708Z query:rate(conduit_connector_bytes_sum{pipeline_name=\"archv2-nxm-batched\",type=\"source\"}[2s])/1048576 start:2026-08-02T22:49:49.707Z step:1]" stats="&{Timings:{EvalTotalTime:7.2375e-05 ResultSortTime:1e-06 QueryPreparationTime:8.291e-06 InnerEvalTime:5.8916e-05 ExecQueueTime:1.084e-06 ExecTotalTime:7.525e-05} Samples:0x14000fa9590}" spanID=0000000000000000
time=2026-08-02T15:50:16.708-07:00 level=WARN msg="Query returned multiple series, only first will be used" test=archv2-nxm-batched tool=conduit-v1 collector=conduit type=conduit collector=conduit type=conduit series-count=2
time=2026-08-02T15:50:16.708-07:00 level=DEBUG msg="Query returned data" test=archv2-nxm-batched tool=conduit-v1 collector=conduit type=conduit collector=conduit type=conduit name=msg-megabytes-in-per-second[archv2-nxm-batched] series-count=1 last-value=0.2845287322998047
time=2026-08-02T15:50:16.709-07:00 level=DEBUG msg="promql query logged" test=archv2-nxm-batched tool=conduit-v1 collector=conduit type=conduit collector=conduit type=conduit params="map[end:2026-08-02T22:50:16.708Z query:rate(conduit_connector_bytes_sum{pipeline_name=\"archv2-nxm-batched\",type=\"destination\"}[2s])/1048576 start:2026-08-02T22:49:49.707Z step:1]" stats="&{Timings:{EvalTotalTime:8.8583e-05 ResultSortTime:6.67e-07 QueryPreparationTime:8.459e-06 InnerEvalTime:7.45e-05 ExecQueueTime:1.25e-06 ExecTotalTime:9.2209e-05} Samples:0x14000dac180}" spanID=0000000000000000
time=2026-08-02T15:50:16.709-07:00 level=WARN msg="Query returned multiple series, only first will be used" test=archv2-nxm-batched tool=conduit-v1 collector=conduit type=conduit collector=conduit type=conduit series-count=2
time=2026-08-02T15:50:16.709-07:00 level=DEBUG msg="Query returned data" test=archv2-nxm-batched tool=conduit-v1 collector=conduit type=conduit collector=conduit type=conduit name=msg-megabytes-out-per-second[archv2-nxm-batched] series-count=1 last-value=0.5705232620239258
time=2026-08-02T15:50:17.065-07:00 level=DEBUG msg="Inspecting container" model=container-monitor name=benchi-conduit
time=2026-08-02T15:50:17.584-07:00 level=DEBUG msg="Inspecting container" model=container-monitor name=benchi-conduit
time=2026-08-02T15:50:17.708-07:00 level=DEBUG msg="promql query logged" test=archv2-nxm-batched tool=conduit-v1 collector=conduit type=conduit collector=conduit type=conduit params="map[end:2026-08-02T22:50:17.707Z query:rate(conduit_pipeline_execution_duration_seconds_count{pipeline_name=\"archv2-nxm-batched\"}[2s]) start:2026-08-02T22:49:49.707Z step:1]" stats="&{Timings:{EvalTotalTime:7.675e-05 ResultSortTime:3.33e-07 QueryPreparationTime:1.6709e-05 InnerEvalTime:5.4417e-05 ExecQueueTime:3.5e-06 ExecTotalTime:8.3666e-05} Samples:0x14001460360}" spanID=0000000000000000
time=2026-08-02T15:50:17.708-07:00 level=DEBUG msg="Query returned data" test=archv2-nxm-batched tool=conduit-v1 collector=conduit type=conduit collector=conduit type=conduit name=msg-rate-per-second[archv2-nxm-batched] series-count=1 last-value=18916
time=2026-08-02T15:50:17.708-07:00 level=DEBUG msg="promql query logged" test=archv2-nxm-batched tool=conduit-v1 collector=conduit type=conduit collector=conduit type=conduit params="map[end:2026-08-02T22:50:17.708Z query:rate(conduit_connector_bytes_sum{pipeline_name=\"archv2-nxm-batched\",type=\"source\"}[2s])/1048576 start:2026-08-02T22:49:49.707Z step:1]" stats="&{Timings:{EvalTotalTime:6.4125e-05 ResultSortTime:7.5e-07 QueryPreparationTime:7.417e-06 InnerEvalTime:5.2625e-05 ExecQueueTime:9.58e-07 ExecTotalTime:6.6708e-05} Samples:0x14001460a20}" spanID=0000000000000000
time=2026-08-02T15:50:17.708-07:00 level=WARN msg="Query returned multiple series, only first will be used" test=archv2-nxm-batched tool=conduit-v1 collector=conduit type=conduit collector=conduit type=conduit series-count=2
time=2026-08-02T15:50:17.708-07:00 level=DEBUG msg="Query returned data" test=archv2-nxm-batched tool=conduit-v1 collector=conduit type=conduit collector=conduit type=conduit name=msg-megabytes-in-per-second[archv2-nxm-batched] series-count=1 last-value=0.27112770080566406
time=2026-08-02T15:50:17.708-07:00 level=DEBUG msg="promql query logged" test=archv2-nxm-batched tool=conduit-v1 collector=conduit type=conduit collector=conduit type=conduit params="map[end:2026-08-02T22:50:17.708Z query:rate(conduit_connector_bytes_sum{pipeline_name=\"archv2-nxm-batched\",type=\"destination\"}[2s])/1048576 start:2026-08-02T22:49:49.707Z step:1]" stats="&{Timings:{EvalTotalTime:6.5458e-05 ResultSortTime:5e-07 QueryPreparationTime:8e-06 InnerEvalTime:5.3458e-05 ExecQueueTime:1.209e-06 ExecTotalTime:6.9833e-05} Samples:0x140007e9440}" spanID=0000000000000000
time=2026-08-02T15:50:17.708-07:00 level=WARN msg="Query returned multiple series, only first will be used" test=archv2-nxm-batched tool=conduit-v1 collector=conduit type=conduit collector=conduit type=conduit series-count=2
time=2026-08-02T15:50:17.708-07:00 level=DEBUG msg="Query returned data" test=archv2-nxm-batched tool=conduit-v1 collector=conduit type=conduit collector=conduit type=conduit name=msg-megabytes-out-per-second[archv2-nxm-batched] series-count=1 last-value=0.5353250503540039
time=2026-08-02T15:50:18.099-07:00 level=DEBUG msg="Inspecting container" model=container-monitor name=benchi-conduit
time=2026-08-02T15:50:18.608-07:00 level=DEBUG msg="Inspecting container" model=container-monitor name=benchi-conduit
time=2026-08-02T15:50:18.708-07:00 level=DEBUG msg="promql query logged" test=archv2-nxm-batched tool=conduit-v1 collector=conduit type=conduit collector=conduit type=conduit params="map[end:2026-08-02T22:50:18.708Z query:rate(conduit_pipeline_execution_duration_seconds_count{pipeline_name=\"archv2-nxm-batched\"}[2s]) start:2026-08-02T22:49:49.707Z step:1]" stats="&{Timings:{EvalTotalTime:0.000101792 ResultSortTime:5e-07 QueryPreparationTime:1.425e-05 InnerEvalTime:6.1417e-05 ExecQueueTime:2.167e-06 ExecTotalTime:0.000106625} Samples:0x1400137e1e0}" spanID=0000000000000000
time=2026-08-02T15:50:18.708-07:00 level=DEBUG msg="Query returned data" test=archv2-nxm-batched tool=conduit-v1 collector=conduit type=conduit collector=conduit type=conduit name=msg-rate-per-second[archv2-nxm-batched] series-count=1 last-value=17289
time=2026-08-02T15:50:18.708-07:00 level=DEBUG msg="promql query logged" test=archv2-nxm-batched tool=conduit-v1 collector=conduit type=conduit collector=conduit type=conduit params="map[end:2026-08-02T22:50:18.708Z query:rate(conduit_connector_bytes_sum{pipeline_name=\"archv2-nxm-batched\",type=\"source\"}[2s])/1048576 start:2026-08-02T22:49:49.707Z step:1]" stats="&{Timings:{EvalTotalTime:7.7209e-05 ResultSortTime:8.34e-07 QueryPreparationTime:1.6084e-05 InnerEvalTime:5.6625e-05 ExecQueueTime:1.333e-06 ExecTotalTime:8.0416e-05} Samples:0x1400137e8a0}" spanID=0000000000000000
time=2026-08-02T15:50:18.708-07:00 level=WARN msg="Query returned multiple series, only first will be used" test=archv2-nxm-batched tool=conduit-v1 collector=conduit type=conduit collector=conduit type=conduit series-count=2
time=2026-08-02T15:50:18.708-07:00 level=DEBUG msg="Query returned data" test=archv2-nxm-batched tool=conduit-v1 collector=conduit type=conduit collector=conduit type=conduit name=msg-megabytes-in-per-second[archv2-nxm-batched] series-count=1 last-value=0.24248218536376953
time=2026-08-02T15:50:18.709-07:00 level=DEBUG msg="promql query logged" test=archv2-nxm-batched tool=conduit-v1 collector=conduit type=conduit collector=conduit type=conduit params="map[end:2026-08-02T22:50:18.708Z query:rate(conduit_connector_bytes_sum{pipeline_name=\"archv2-nxm-batched\",type=\"destination\"}[2s])/1048576 start:2026-08-02T22:49:49.707Z step:1]" stats="&{Timings:{EvalTotalTime:6.7834e-05 ResultSortTime:4.58e-07 QueryPreparationTime:7.917e-06 InnerEvalTime:5.4625e-05 ExecQueueTime:1.5e-06 ExecTotalTime:7.3084e-05} Samples:0x140012bbe90}" spanID=0000000000000000
time=2026-08-02T15:50:18.709-07:00 level=WARN msg="Query returned multiple series, only first will be used" test=archv2-nxm-batched tool=conduit-v1 collector=conduit type=conduit collector=conduit type=conduit series-count=2
time=2026-08-02T15:50:18.709-07:00 level=DEBUG msg="Query returned data" test=archv2-nxm-batched tool=conduit-v1 collector=conduit type=conduit collector=conduit type=conduit name=msg-megabytes-out-per-second[archv2-nxm-batched] series-count=1 last-value=0.4886922836303711
time=2026-08-02T15:50:19.114-07:00 level=DEBUG msg="Inspecting container" model=container-monitor name=benchi-conduit
time=2026-08-02T15:50:19.627-07:00 level=DEBUG msg="Inspecting container" model=container-monitor name=benchi-conduit
time=2026-08-02T15:50:19.708-07:00 level=INFO msg="Test in progress" test=archv2-nxm-batched tool=conduit-v1 step=test time-left=30s
time=2026-08-02T15:50:19.708-07:00 level=DEBUG msg="promql query logged" test=archv2-nxm-batched tool=conduit-v1 collector=conduit type=conduit collector=conduit type=conduit params="map[end:2026-08-02T22:50:19.708Z query:rate(conduit_pipeline_execution_duration_seconds_count{pipeline_name=\"archv2-nxm-batched\"}[2s]) start:2026-08-02T22:49:49.707Z step:1]" stats="&{Timings:{EvalTotalTime:0.000119333 ResultSortTime:1.084e-06 QueryPreparationTime:3.1959e-05 InnerEvalTime:7.5542e-05 ExecQueueTime:6.249e-06 ExecTotalTime:0.000134333} Samples:0x140011ec5a0}" spanID=0000000000000000
time=2026-08-02T15:50:19.709-07:00 level=DEBUG msg="Query returned data" test=archv2-nxm-batched tool=conduit-v1 collector=conduit type=conduit collector=conduit type=conduit name=msg-rate-per-second[archv2-nxm-batched] series-count=1 last-value=18155
time=2026-08-02T15:50:19.709-07:00 level=DEBUG msg="promql query logged" test=archv2-nxm-batched tool=conduit-v1 collector=conduit type=conduit collector=conduit type=conduit params="map[end:2026-08-02T22:50:19.709Z query:rate(conduit_connector_bytes_sum{pipeline_name=\"archv2-nxm-batched\",type=\"source\"}[2s])/1048576 start:2026-08-02T22:49:49.707Z step:1]" stats="&{Timings:{EvalTotalTime:0.000121459 ResultSortTime:1.542e-06 QueryPreparationTime:1.5958e-05 InnerEvalTime:9.4709e-05 ExecQueueTime:1.75e-06 ExecTotalTime:0.000126583} Samples:0x140011ecc60}" spanID=0000000000000000
time=2026-08-02T15:50:19.709-07:00 level=WARN msg="Query returned multiple series, only first will be used" test=archv2-nxm-batched tool=conduit-v1 collector=conduit type=conduit collector=conduit type=conduit series-count=2
time=2026-08-02T15:50:19.710-07:00 level=DEBUG msg="Query returned data" test=archv2-nxm-batched tool=conduit-v1 collector=conduit type=conduit collector=conduit type=conduit name=msg-megabytes-in-per-second[archv2-nxm-batched] series-count=1 last-value=0.2560462951660156
time=2026-08-02T15:50:19.710-07:00 level=DEBUG msg="promql query logged" test=archv2-nxm-batched tool=conduit-v1 collector=conduit type=conduit collector=conduit type=conduit params="map[end:2026-08-02T22:50:19.710Z query:rate(conduit_connector_bytes_sum{pipeline_name=\"archv2-nxm-batched\",type=\"destination\"}[2s])/1048576 start:2026-08-02T22:49:49.707Z step:1]" stats="&{Timings:{EvalTotalTime:0.000128458 ResultSortTime:1.25e-06 QueryPreparationTime:2.5417e-05 InnerEvalTime:9.1792e-05 ExecQueueTime:2.375e-06 ExecTotalTime:0.000134209} Samples:0x140012ca000}" spanID=0000000000000000
time=2026-08-02T15:50:19.710-07:00 level=WARN msg="Query returned multiple series, only first will be used" test=archv2-nxm-batched tool=conduit-v1 collector=conduit type=conduit collector=conduit type=conduit series-count=2
time=2026-08-02T15:50:19.710-07:00 level=DEBUG msg="Query returned data" test=archv2-nxm-batched tool=conduit-v1 collector=conduit type=conduit collector=conduit type=conduit name=msg-megabytes-out-per-second[archv2-nxm-batched] series-count=1 last-value=0.5139226913452148
time=2026-08-02T15:50:20.131-07:00 level=DEBUG msg="Inspecting container" model=container-monitor name=benchi-conduit
time=2026-08-02T15:50:20.638-07:00 level=DEBUG msg="Inspecting container" model=container-monitor name=benchi-conduit
time=2026-08-02T15:50:20.709-07:00 level=DEBUG msg="promql query logged" test=archv2-nxm-batched tool=conduit-v1 collector=conduit type=conduit collector=conduit type=conduit params="map[end:2026-08-02T22:50:20.709Z query:rate(conduit_pipeline_execution_duration_seconds_count{pipeline_name=\"archv2-nxm-batched\"}[2s]) start:2026-08-02T22:49:49.707Z step:1]" stats="&{Timings:{EvalTotalTime:0.000270291 ResultSortTime:1.525e-05 QueryPreparationTime:1.6792e-05 InnerEvalTime:0.000197458 ExecQueueTime:2.792e-06 ExecTotalTime:0.000281709} Samples:0x1400135a060}" spanID=0000000000000000
time=2026-08-02T15:50:20.709-07:00 level=DEBUG msg="Query returned data" test=archv2-nxm-batched tool=conduit-v1 collector=conduit type=conduit collector=conduit type=conduit name=msg-rate-per-second[archv2-nxm-batched] series-count=1 last-value=17632
time=2026-08-02T15:50:20.710-07:00 level=DEBUG msg="promql query logged" test=archv2-nxm-batched tool=conduit-v1 collector=conduit type=conduit collector=conduit type=conduit params="map[end:2026-08-02T22:50:20.710Z query:rate(conduit_connector_bytes_sum{pipeline_name=\"archv2-nxm-batched\",type=\"source\"}[2s])/1048576 start:2026-08-02T22:49:49.707Z step:1]" stats="&{Timings:{EvalTotalTime:8.2417e-05 ResultSortTime:9.58e-07 QueryPreparationTime:1.3125e-05 InnerEvalTime:6.4292e-05 ExecQueueTime:1.334e-06 ExecTotalTime:8.6917e-05} Samples:0x1400135a720}" spanID=0000000000000000
time=2026-08-02T15:50:20.710-07:00 level=WARN msg="Query returned multiple series, only first will be used" test=archv2-nxm-batched tool=conduit-v1 collector=conduit type=conduit collector=conduit type=conduit series-count=2
time=2026-08-02T15:50:20.710-07:00 level=DEBUG msg="Query returned data" test=archv2-nxm-batched tool=conduit-v1 collector=conduit type=conduit collector=conduit type=conduit name=msg-megabytes-in-per-second[archv2-nxm-batched] series-count=1 last-value=0.24855327606201172
time=2026-08-02T15:50:20.710-07:00 level=DEBUG msg="promql query logged" test=archv2-nxm-batched tool=conduit-v1 collector=conduit type=conduit collector=conduit type=conduit params="map[end:2026-08-02T22:50:20.710Z query:rate(conduit_connector_bytes_sum{pipeline_name=\"archv2-nxm-batched\",type=\"destination\"}[2s])/1048576 start:2026-08-02T22:49:49.707Z step:1]" stats="&{Timings:{EvalTotalTime:0.000102666 ResultSortTime:5.83e-07 QueryPreparationTime:7.625e-06 InnerEvalTime:9.05e-05 ExecQueueTime:1e-06 ExecTotalTime:0.000105292} Samples:0x1400106f260}" spanID=0000000000000000
time=2026-08-02T15:50:20.710-07:00 level=WARN msg="Query returned multiple series, only first will be used" test=archv2-nxm-batched tool=conduit-v1 collector=conduit type=conduit collector=conduit type=conduit series-count=2
time=2026-08-02T15:50:20.710-07:00 level=DEBUG msg="Query returned data" test=archv2-nxm-batched tool=conduit-v1 collector=conduit type=conduit collector=conduit type=conduit name=msg-megabytes-out-per-second[archv2-nxm-batched] series-count=1 last-value=0.4968891143798828
time=2026-08-02T15:50:21.144-07:00 level=DEBUG msg="Inspecting container" model=container-monitor name=benchi-conduit
time=2026-08-02T15:50:21.649-07:00 level=DEBUG msg="Inspecting container" model=container-monitor name=benchi-conduit
time=2026-08-02T15:50:21.709-07:00 level=DEBUG msg="promql query logged" test=archv2-nxm-batched tool=conduit-v1 collector=conduit type=conduit collector=conduit type=conduit params="map[end:2026-08-02T22:50:21.708Z query:rate(conduit_pipeline_execution_duration_seconds_count{pipeline_name=\"archv2-nxm-batched\"}[2s]) start:2026-08-02T22:49:49.707Z step:1]" stats="&{Timings:{EvalTotalTime:3.7167e-05 ResultSortTime:3.75e-07 QueryPreparationTime:1.0959e-05 InnerEvalTime:2.325e-05 ExecQueueTime:1.5125e-05 ExecTotalTime:4.2041e-05} Samples:0x14001481230}" spanID=0000000000000000
time=2026-08-02T15:50:21.709-07:00 level=DEBUG msg="Query returned data" test=archv2-nxm-batched tool=conduit-v1 collector=conduit type=conduit collector=conduit type=conduit name=msg-rate-per-second[archv2-nxm-batched] series-count=1 last-value=19224
time=2026-08-02T15:50:21.709-07:00 level=DEBUG msg="promql query logged" test=archv2-nxm-batched tool=conduit-v1 collector=conduit type=conduit collector=conduit type=conduit params="map[end:2026-08-02T22:50:21.709Z query:rate(conduit_connector_bytes_sum{pipeline_name=\"archv2-nxm-batched\",type=\"source\"}[2s])/1048576 start:2026-08-02T22:49:49.707Z step:1]" stats="&{Timings:{EvalTotalTime:4.1958e-05 ResultSortTime:7.5e-07 QueryPreparationTime:4.166e-06 InnerEvalTime:3.525e-05 ExecQueueTime:5.84e-07 ExecTotalTime:4.35e-05} Samples:0x140014818f0}" spanID=0000000000000000
time=2026-08-02T15:50:21.709-07:00 level=WARN msg="Query returned multiple series, only first will be used" test=archv2-nxm-batched tool=conduit-v1 collector=conduit type=conduit collector=conduit type=conduit series-count=2
time=2026-08-02T15:50:21.709-07:00 level=DEBUG msg="Query returned data" test=archv2-nxm-batched tool=conduit-v1 collector=conduit type=conduit collector=conduit type=conduit name=msg-megabytes-in-per-second[archv2-nxm-batched] series-count=1 last-value=0.27468013763427734
time=2026-08-02T15:50:21.709-07:00 level=DEBUG msg="promql query logged" test=archv2-nxm-batched tool=conduit-v1 collector=conduit type=conduit collector=conduit type=conduit params="map[end:2026-08-02T22:50:21.709Z query:rate(conduit_connector_bytes_sum{pipeline_name=\"archv2-nxm-batched\",type=\"destination\"}[2s])/1048576 start:2026-08-02T22:49:49.707Z step:1]" stats="&{Timings:{EvalTotalTime:3.3166e-05 ResultSortTime:1.67e-07 QueryPreparationTime:2.834e-06 InnerEvalTime:2.8542e-05 ExecQueueTime:5.84e-07 ExecTotalTime:3.4375e-05} Samples:0x140014ba930}" spanID=0000000000000000
time=2026-08-02T15:50:21.709-07:00 level=WARN msg="Query returned multiple series, only first will be used" test=archv2-nxm-batched tool=conduit-v1 collector=conduit type=conduit collector=conduit type=conduit series-count=2
time=2026-08-02T15:50:21.709-07:00 level=DEBUG msg="Query returned data" test=archv2-nxm-batched tool=conduit-v1 collector=conduit type=conduit collector=conduit type=conduit name=msg-megabytes-out-per-second[archv2-nxm-batched] series-count=1 last-value=0.5435466766357422
time=2026-08-02T15:50:22.160-07:00 level=DEBUG msg="Inspecting container" model=container-monitor name=benchi-conduit
time=2026-08-02T15:50:22.676-07:00 level=DEBUG msg="Inspecting container" model=container-monitor name=benchi-conduit
time=2026-08-02T15:50:22.709-07:00 level=DEBUG msg="promql query logged" test=archv2-nxm-batched tool=conduit-v1 collector=conduit type=conduit collector=conduit type=conduit params="map[end:2026-08-02T22:50:22.709Z query:rate(conduit_pipeline_execution_duration_seconds_count{pipeline_name=\"archv2-nxm-batched\"}[2s]) start:2026-08-02T22:49:49.707Z step:1]" stats="&{Timings:{EvalTotalTime:5.25e-05 ResultSortTime:4.17e-07 QueryPreparationTime:1.4417e-05 InnerEvalTime:3.2791e-05 ExecQueueTime:2.458e-06 ExecTotalTime:5.7833e-05} Samples:0x14001588cf0}" spanID=0000000000000000
time=2026-08-02T15:50:22.709-07:00 level=DEBUG msg="Query returned data" test=archv2-nxm-batched tool=conduit-v1 collector=conduit type=conduit collector=conduit type=conduit name=msg-rate-per-second[archv2-nxm-batched] series-count=1 last-value=18277
time=2026-08-02T15:50:22.709-07:00 level=DEBUG msg="promql query logged" test=archv2-nxm-batched tool=conduit-v1 collector=conduit type=conduit collector=conduit type=conduit params="map[end:2026-08-02T22:50:22.709Z query:rate(conduit_connector_bytes_sum{pipeline_name=\"archv2-nxm-batched\",type=\"source\"}[2s])/1048576 start:2026-08-02T22:49:49.707Z step:1]" stats="&{Timings:{EvalTotalTime:0.0001015 ResultSortTime:9.17e-07 QueryPreparationTime:9.125e-06 InnerEvalTime:8.6541e-05 ExecQueueTime:1.5e-06 ExecTotalTime:0.00010475} Samples:0x140015893b0}" spanID=0000000000000000
time=2026-08-02T15:50:22.709-07:00 level=WARN msg="Query returned multiple series, only first will be used" test=archv2-nxm-batched tool=conduit-v1 collector=conduit type=conduit collector=conduit type=conduit series-count=2
time=2026-08-02T15:50:22.710-07:00 level=DEBUG msg="Query returned data" test=archv2-nxm-batched tool=conduit-v1 collector=conduit type=conduit collector=conduit type=conduit name=msg-megabytes-in-per-second[archv2-nxm-batched] series-count=1 last-value=0.2607107162475586
time=2026-08-02T15:50:22.710-07:00 level=DEBUG msg="promql query logged" test=archv2-nxm-batched tool=conduit-v1 collector=conduit type=conduit collector=conduit type=conduit params="map[end:2026-08-02T22:50:22.710Z query:rate(conduit_connector_bytes_sum{pipeline_name=\"archv2-nxm-batched\",type=\"destination\"}[2s])/1048576 start:2026-08-02T22:49:49.707Z step:1]" stats="&{Timings:{EvalTotalTime:7.0416e-05 ResultSortTime:5.83e-07 QueryPreparationTime:8.291e-06 InnerEvalTime:5.6292e-05 ExecQueueTime:9.99e-07 ExecTotalTime:7.3208e-05} Samples:0x140015ae3f0}" spanID=0000000000000000
time=2026-08-02T15:50:22.710-07:00 level=WARN msg="Query returned multiple series, only first will be used" test=archv2-nxm-batched tool=conduit-v1 collector=conduit type=conduit collector=conduit type=conduit series-count=2
time=2026-08-02T15:50:22.710-07:00 level=DEBUG msg="Query returned data" test=archv2-nxm-batched tool=conduit-v1 collector=conduit type=conduit collector=conduit type=conduit name=msg-megabytes-out-per-second[archv2-nxm-batched] series-count=1 last-value=0.5174760818481445
time=2026-08-02T15:50:23.187-07:00 level=DEBUG msg="Inspecting container" model=container-monitor name=benchi-conduit
time=2026-08-02T15:50:23.698-07:00 level=DEBUG msg="Inspecting container" model=container-monitor name=benchi-conduit
time=2026-08-02T15:50:23.711-07:00 level=DEBUG msg="promql query logged" test=archv2-nxm-batched tool=conduit-v1 collector=conduit type=conduit collector=conduit type=conduit params="map[end:2026-08-02T22:50:23.710Z query:rate(conduit_pipeline_execution_duration_seconds_count{pipeline_name=\"archv2-nxm-batched\"}[2s]) start:2026-08-02T22:49:49.707Z step:1]" stats="&{Timings:{EvalTotalTime:0.000566958 ResultSortTime:1.166e-06 QueryPreparationTime:2.8541e-05 InnerEvalTime:0.000137584 ExecQueueTime:3.542e-06 ExecTotalTime:0.000593458} Samples:0x1400172a1e0}" spanID=0000000000000000
time=2026-08-02T15:50:23.712-07:00 level=DEBUG msg="Query returned data" test=archv2-nxm-batched tool=conduit-v1 collector=conduit type=conduit collector=conduit type=conduit name=msg-rate-per-second[archv2-nxm-batched] series-count=1 last-value=17262
time=2026-08-02T15:50:23.712-07:00 level=DEBUG msg="promql query logged" test=archv2-nxm-batched tool=conduit-v1 collector=conduit type=conduit collector=conduit type=conduit params="map[end:2026-08-02T22:50:23.712Z query:rate(conduit_connector_bytes_sum{pipeline_name=\"archv2-nxm-batched\",type=\"source\"}[2s])/1048576 start:2026-08-02T22:49:49.707Z step:1]" stats="&{Timings:{EvalTotalTime:0.000204459 ResultSortTime:1.5e-06 QueryPreparationTime:7.5542e-05 InnerEvalTime:0.000113625 ExecQueueTime:3.5e-06 ExecTotalTime:0.000210792} Samples:0x1400172a960}" spanID=0000000000000000
time=2026-08-02T15:50:23.712-07:00 level=WARN msg="Query returned multiple series, only first will be used" test=archv2-nxm-batched tool=conduit-v1 collector=conduit type=conduit collector=conduit type=conduit series-count=2
time=2026-08-02T15:50:23.712-07:00 level=DEBUG msg="Query returned data" test=archv2-nxm-batched tool=conduit-v1 collector=conduit type=conduit collector=conduit type=conduit name=msg-megabytes-in-per-second[archv2-nxm-batched] series-count=1 last-value=0.24495506286621094
time=2026-08-02T15:50:23.712-07:00 level=DEBUG msg="promql query logged" test=archv2-nxm-batched tool=conduit-v1 collector=conduit type=conduit collector=conduit type=conduit params="map[end:2026-08-02T22:50:23.712Z query:rate(conduit_connector_bytes_sum{pipeline_name=\"archv2-nxm-batched\",type=\"destination\"}[2s])/1048576 start:2026-08-02T22:49:49.707Z step:1]" stats="&{Timings:{EvalTotalTime:4.8167e-05 ResultSortTime:2.92e-07 QueryPreparationTime:6.958e-06 InnerEvalTime:3.8458e-05 ExecQueueTime:1.209e-06 ExecTotalTime:5.0708e-05} Samples:0x1400135a8a0}" spanID=0000000000000000
time=2026-08-02T15:50:23.712-07:00 level=WARN msg="Query returned multiple series, only first will be used" test=archv2-nxm-batched tool=conduit-v1 collector=conduit type=conduit collector=conduit type=conduit series-count=2
time=2026-08-02T15:50:23.712-07:00 level=DEBUG msg="Query returned data" test=archv2-nxm-batched tool=conduit-v1 collector=conduit type=conduit collector=conduit type=conduit name=msg-megabytes-out-per-second[archv2-nxm-batched] series-count=1 last-value=0.48746299743652344
time=2026-08-02T15:50:24.207-07:00 level=DEBUG msg="Inspecting container" model=container-monitor name=benchi-conduit
time=2026-08-02T15:50:24.708-07:00 level=INFO msg="Test in progress" test=archv2-nxm-batched tool=conduit-v1 step=test time-left=25s
time=2026-08-02T15:50:24.708-07:00 level=DEBUG msg="promql query logged" test=archv2-nxm-batched tool=conduit-v1 collector=conduit type=conduit collector=conduit type=conduit params="map[end:2026-08-02T22:50:24.708Z query:rate(conduit_pipeline_execution_duration_seconds_count{pipeline_name=\"archv2-nxm-batched\"}[2s]) start:2026-08-02T22:49:49.707Z step:1]" stats="&{Timings:{EvalTotalTime:0.000114583 ResultSortTime:1.208e-06 QueryPreparationTime:3.4666e-05 InnerEvalTime:6.9125e-05 ExecQueueTime:4.708e-06 ExecTotalTime:0.0001245} Samples:0x140014dc7e0}" spanID=0000000000000000
time=2026-08-02T15:50:24.708-07:00 level=DEBUG msg="Query returned data" test=archv2-nxm-batched tool=conduit-v1 collector=conduit type=conduit collector=conduit type=conduit name=msg-rate-per-second[archv2-nxm-batched] series-count=1 last-value=17878
time=2026-08-02T15:50:24.709-07:00 level=DEBUG msg="promql query logged" test=archv2-nxm-batched tool=conduit-v1 collector=conduit type=conduit collector=conduit type=conduit params="map[end:2026-08-02T22:50:24.709Z query:rate(conduit_connector_bytes_sum{pipeline_name=\"archv2-nxm-batched\",type=\"source\"}[2s])/1048576 start:2026-08-02T22:49:49.707Z step:1]" stats="&{Timings:{EvalTotalTime:7.9333e-05 ResultSortTime:1.292e-06 QueryPreparationTime:1.3916e-05 InnerEvalTime:6.075e-05 ExecQueueTime:2e-06 ExecTotalTime:8.2042e-05} Samples:0x140014dcf00}" spanID=0000000000000000
time=2026-08-02T15:50:24.709-07:00 level=WARN msg="Query returned multiple series, only first will be used" test=archv2-nxm-batched tool=conduit-v1 collector=conduit type=conduit collector=conduit type=conduit series-count=2
time=2026-08-02T15:50:24.709-07:00 level=DEBUG msg="Query returned data" test=archv2-nxm-batched tool=conduit-v1 collector=conduit type=conduit collector=conduit type=conduit name=msg-megabytes-in-per-second[archv2-nxm-batched] series-count=1 last-value=0.25076770782470703
time=2026-08-02T15:50:24.710-07:00 level=DEBUG msg="promql query logged" test=archv2-nxm-batched tool=conduit-v1 collector=conduit type=conduit collector=conduit type=conduit params="map[end:2026-08-02T22:50:24.710Z query:rate(conduit_connector_bytes_sum{pipeline_name=\"archv2-nxm-batched\",type=\"destination\"}[2s])/1048576 start:2026-08-02T22:49:49.707Z step:1]" stats="&{Timings:{EvalTotalTime:0.0001315 ResultSortTime:1.166e-06 QueryPreparationTime:2.3458e-05 InnerEvalTime:9.8125e-05 ExecQueueTime:2.959e-06 ExecTotalTime:0.00013925} Samples:0x140014e9d70}" spanID=0000000000000000
time=2026-08-02T15:50:24.710-07:00 level=WARN msg="Query returned multiple series, only first will be used" test=archv2-nxm-batched tool=conduit-v1 collector=conduit type=conduit collector=conduit type=conduit series-count=2
time=2026-08-02T15:50:24.710-07:00 level=DEBUG msg="Query returned data" test=archv2-nxm-batched tool=conduit-v1 collector=conduit type=conduit collector=conduit type=conduit name=msg-megabytes-out-per-second[archv2-nxm-batched] series-count=1 last-value=0.5057888031005859
time=2026-08-02T15:50:24.715-07:00 level=DEBUG msg="Inspecting container" model=container-monitor name=benchi-conduit
time=2026-08-02T15:50:25.222-07:00 level=DEBUG msg="Inspecting container" model=container-monitor name=benchi-conduit
time=2026-08-02T15:50:25.711-07:00 level=DEBUG msg="promql query logged" test=archv2-nxm-batched tool=conduit-v1 collector=conduit type=conduit collector=conduit type=conduit params="map[end:2026-08-02T22:50:25.711Z query:rate(conduit_pipeline_execution_duration_seconds_count{pipeline_name=\"archv2-nxm-batched\"}[2s]) start:2026-08-02T22:49:49.707Z step:1]" stats="&{Timings:{EvalTotalTime:5.85e-05 ResultSortTime:3.33e-07 QueryPreparationTime:1.325e-05 InnerEvalTime:3.7833e-05 ExecQueueTime:2.208e-06 ExecTotalTime:6.3167e-05} Samples:0x140012f5860}" spanID=0000000000000000
time=2026-08-02T15:50:25.711-07:00 level=DEBUG msg="Query returned data" test=archv2-nxm-batched tool=conduit-v1 collector=conduit type=conduit collector=conduit type=conduit name=msg-rate-per-second[archv2-nxm-batched] series-count=1 last-value=18903
time=2026-08-02T15:50:25.711-07:00 level=DEBUG msg="promql query logged" test=archv2-nxm-batched tool=conduit-v1 collector=conduit type=conduit collector=conduit type=conduit params="map[end:2026-08-02T22:50:25.711Z query:rate(conduit_connector_bytes_sum{pipeline_name=\"archv2-nxm-batched\",type=\"source\"}[2s])/1048576 start:2026-08-02T22:49:49.707Z step:1]" stats="&{Timings:{EvalTotalTime:7.125e-05 ResultSortTime:8.33e-07 QueryPreparationTime:7e-06 InnerEvalTime:6.0291e-05 ExecQueueTime:7.51e-07 ExecTotalTime:7.3875e-05} Samples:0x140012f5f20}" spanID=0000000000000000
time=2026-08-02T15:50:25.712-07:00 level=WARN msg="Query returned multiple series, only first will be used" test=archv2-nxm-batched tool=conduit-v1 collector=conduit type=conduit collector=conduit type=conduit series-count=2
time=2026-08-02T15:50:25.712-07:00 level=DEBUG msg="Query returned data" test=archv2-nxm-batched tool=conduit-v1 collector=conduit type=conduit collector=conduit type=conduit name=msg-megabytes-in-per-second[archv2-nxm-batched] series-count=1 last-value=0.26877784729003906
time=2026-08-02T15:50:25.712-07:00 level=DEBUG msg="promql query logged" test=archv2-nxm-batched tool=conduit-v1 collector=conduit type=conduit collector=conduit type=conduit params="map[end:2026-08-02T22:50:25.712Z query:rate(conduit_connector_bytes_sum{pipeline_name=\"archv2-nxm-batched\",type=\"destination\"}[2s])/1048576 start:2026-08-02T22:49:49.707Z step:1]" stats="&{Timings:{EvalTotalTime:7.5333e-05 ResultSortTime:5.83e-07 QueryPreparationTime:9.459e-06 InnerEvalTime:6.1375e-05 ExecQueueTime:1.376e-06 ExecTotalTime:7.8708e-05} Samples:0x14000dad230}" spanID=0000000000000000
time=2026-08-02T15:50:25.712-07:00 level=WARN msg="Query returned multiple series, only first will be used" test=archv2-nxm-batched tool=conduit-v1 collector=conduit type=conduit collector=conduit type=conduit series-count=2
time=2026-08-02T15:50:25.712-07:00 level=DEBUG msg="Query returned data" test=archv2-nxm-batched tool=conduit-v1 collector=conduit type=conduit collector=conduit type=conduit name=msg-megabytes-out-per-second[archv2-nxm-batched] series-count=1 last-value=0.5337495803833008
time=2026-08-02T15:50:25.730-07:00 level=DEBUG msg="Inspecting container" model=container-monitor name=benchi-conduit
time=2026-08-02T15:50:26.237-07:00 level=DEBUG msg="Inspecting container" model=container-monitor name=benchi-conduit
time=2026-08-02T15:50:26.710-07:00 level=DEBUG msg="promql query logged" test=archv2-nxm-batched tool=conduit-v1 collector=conduit type=conduit collector=conduit type=conduit params="map[end:2026-08-02T22:50:26.710Z query:rate(conduit_pipeline_execution_duration_seconds_count{pipeline_name=\"archv2-nxm-batched\"}[2s]) start:2026-08-02T22:49:49.707Z step:1]" stats="&{Timings:{EvalTotalTime:0.000109917 ResultSortTime:1.208e-06 QueryPreparationTime:3.1417e-05 InnerEvalTime:6.5375e-05 ExecQueueTime:6.083e-06 ExecTotalTime:0.000121292} Samples:0x140012bae70}" spanID=0000000000000000
time=2026-08-02T15:50:26.711-07:00 level=DEBUG msg="Query returned data" test=archv2-nxm-batched tool=conduit-v1 collector=conduit type=conduit collector=conduit type=conduit name=msg-rate-per-second[archv2-nxm-batched] series-count=1 last-value=18219
time=2026-08-02T15:50:26.711-07:00 level=DEBUG msg="promql query logged" test=archv2-nxm-batched tool=conduit-v1 collector=conduit type=conduit collector=conduit type=conduit params="map[end:2026-08-02T22:50:26.711Z query:rate(conduit_connector_bytes_sum{pipeline_name=\"archv2-nxm-batched\",type=\"source\"}[2s])/1048576 start:2026-08-02T22:49:49.707Z step:1]" stats="&{Timings:{EvalTotalTime:0.000215583 ResultSortTime:2.416e-06 QueryPreparationTime:1.9792e-05 InnerEvalTime:0.000175 ExecQueueTime:2.583e-06 ExecTotalTime:0.000222708} Samples:0x140012bb530}" spanID=0000000000000000
time=2026-08-02T15:50:26.711-07:00 level=WARN msg="Query returned multiple series, only first will be used" test=archv2-nxm-batched tool=conduit-v1 collector=conduit type=conduit collector=conduit type=conduit series-count=2
time=2026-08-02T15:50:26.712-07:00 level=DEBUG msg="Query returned data" test=archv2-nxm-batched tool=conduit-v1 collector=conduit type=conduit collector=conduit type=conduit name=msg-megabytes-in-per-second[archv2-nxm-batched] series-count=1 last-value=0.25717926025390625
time=2026-08-02T15:50:26.712-07:00 level=DEBUG msg="promql query logged" test=archv2-nxm-batched tool=conduit-v1 collector=conduit type=conduit collector=conduit type=conduit params="map[end:2026-08-02T22:50:26.712Z query:rate(conduit_connector_bytes_sum{pipeline_name=\"archv2-nxm-batched\",type=\"destination\"}[2s])/1048576 start:2026-08-02T22:49:49.707Z step:1]" stats="&{Timings:{EvalTotalTime:0.000136375 ResultSortTime:1.208e-06 QueryPreparationTime:1.9917e-05 InnerEvalTime:0.00010725 ExecQueueTime:2.626e-06 ExecTotalTime:0.000142542} Samples:0x14000e906f0}" spanID=0000000000000000
time=2026-08-02T15:50:26.712-07:00 level=WARN msg="Query returned multiple series, only first will be used" test=archv2-nxm-batched tool=conduit-v1 collector=conduit type=conduit collector=conduit type=conduit series-count=2
time=2026-08-02T15:50:26.712-07:00 level=DEBUG msg="Query returned data" test=archv2-nxm-batched tool=conduit-v1 collector=conduit type=conduit collector=conduit type=conduit name=msg-megabytes-out-per-second[archv2-nxm-batched] series-count=1 last-value=0.5146322250366211
time=2026-08-02T15:50:26.749-07:00 level=DEBUG msg="Inspecting container" model=container-monitor name=benchi-conduit
time=2026-08-02T15:50:27.260-07:00 level=DEBUG msg="Inspecting container" model=container-monitor name=benchi-conduit
time=2026-08-02T15:50:27.708-07:00 level=DEBUG msg="promql query logged" test=archv2-nxm-batched tool=conduit-v1 collector=conduit type=conduit collector=conduit type=conduit params="map[end:2026-08-02T22:50:27.708Z query:rate(conduit_pipeline_execution_duration_seconds_count{pipeline_name=\"archv2-nxm-batched\"}[2s]) start:2026-08-02T22:49:49.707Z step:1]" stats="&{Timings:{EvalTotalTime:6.775e-05 ResultSortTime:7.5e-07 QueryPreparationTime:2.0583e-05 InnerEvalTime:4.025e-05 ExecQueueTime:3.458e-06 ExecTotalTime:7.4292e-05} Samples:0x1400137f470}" spanID=0000000000000000
time=2026-08-02T15:50:27.708-07:00 level=DEBUG msg="Query returned data" test=archv2-nxm-batched tool=conduit-v1 collector=conduit type=conduit collector=conduit type=conduit name=msg-rate-per-second[archv2-nxm-batched] series-count=1 last-value=16406
time=2026-08-02T15:50:27.708-07:00 level=DEBUG msg="promql query logged" test=archv2-nxm-batched tool=conduit-v1 collector=conduit type=conduit collector=conduit type=conduit params="map[end:2026-08-02T22:50:27.708Z query:rate(conduit_connector_bytes_sum{pipeline_name=\"archv2-nxm-batched\",type=\"source\"}[2s])/1048576 start:2026-08-02T22:49:49.707Z step:1]" stats="&{Timings:{EvalTotalTime:9.9125e-05 ResultSortTime:1.041e-06 QueryPreparationTime:1.4334e-05 InnerEvalTime:7.875e-05 ExecQueueTime:1.291e-06 ExecTotalTime:0.000102792} Samples:0x1400137fb30}" spanID=0000000000000000
time=2026-08-02T15:50:27.708-07:00 level=WARN msg="Query returned multiple series, only first will be used" test=archv2-nxm-batched tool=conduit-v1 collector=conduit type=conduit collector=conduit type=conduit series-count=2
time=2026-08-02T15:50:27.708-07:00 level=DEBUG msg="Query returned data" test=archv2-nxm-batched tool=conduit-v1 collector=conduit type=conduit collector=conduit type=conduit name=msg-megabytes-in-per-second[archv2-nxm-batched] series-count=1 last-value=0.23015880584716797
time=2026-08-02T15:50:27.709-07:00 level=DEBUG msg="promql query logged" test=archv2-nxm-batched tool=conduit-v1 collector=conduit type=conduit collector=conduit type=conduit params="map[end:2026-08-02T22:50:27.708Z query:rate(conduit_connector_bytes_sum{pipeline_name=\"archv2-nxm-batched\",type=\"destination\"}[2s])/1048576 start:2026-08-02T22:49:49.707Z step:1]" stats="&{Timings:{EvalTotalTime:9.5875e-05 ResultSortTime:7.5e-07 QueryPreparationTime:1.175e-05 InnerEvalTime:7.7292e-05 ExecQueueTime:1.751e-06 ExecTotalTime:9.9875e-05} Samples:0x140007e9290}" spanID=0000000000000000
time=2026-08-02T15:50:27.709-07:00 level=WARN msg="Query returned multiple series, only first will be used" test=archv2-nxm-batched tool=conduit-v1 collector=conduit type=conduit collector=conduit type=conduit series-count=2
time=2026-08-02T15:50:27.711-07:00 level=DEBUG msg="Query returned data" test=archv2-nxm-batched tool=conduit-v1 collector=conduit type=conduit collector=conduit type=conduit name=msg-megabytes-out-per-second[archv2-nxm-batched] series-count=1 last-value=0.46315574645996094
time=2026-08-02T15:50:27.774-07:00 level=DEBUG msg="Inspecting container" model=container-monitor name=benchi-conduit
time=2026-08-02T15:50:28.282-07:00 level=DEBUG msg="Inspecting container" model=container-monitor name=benchi-conduit
time=2026-08-02T15:50:28.708-07:00 level=DEBUG msg="promql query logged" test=archv2-nxm-batched tool=conduit-v1 collector=conduit type=conduit collector=conduit type=conduit params="map[end:2026-08-02T22:50:28.708Z query:rate(conduit_pipeline_execution_duration_seconds_count{pipeline_name=\"archv2-nxm-batched\"}[2s]) start:2026-08-02T22:49:49.707Z step:1]" stats="&{Timings:{EvalTotalTime:6.5209e-05 ResultSortTime:3.33e-07 QueryPreparationTime:1.9375e-05 InnerEvalTime:3.9958e-05 ExecQueueTime:3.249e-06 ExecTotalTime:7.1625e-05} Samples:0x140015ae120}" spanID=0000000000000000
time=2026-08-02T15:50:28.708-07:00 level=DEBUG msg="Query returned data" test=archv2-nxm-batched tool=conduit-v1 collector=conduit type=conduit collector=conduit type=conduit name=msg-rate-per-second[archv2-nxm-batched] series-count=1 last-value=16869
time=2026-08-02T15:50:28.708-07:00 level=DEBUG msg="promql query logged" test=archv2-nxm-batched tool=conduit-v1 collector=conduit type=conduit collector=conduit type=conduit params="map[end:2026-08-02T22:50:28.708Z query:rate(conduit_connector_bytes_sum{pipeline_name=\"archv2-nxm-batched\",type=\"source\"}[2s])/1048576 start:2026-08-02T22:49:49.707Z step:1]" stats="&{Timings:{EvalTotalTime:8.1667e-05 ResultSortTime:8.33e-07 QueryPreparationTime:7.667e-06 InnerEvalTime:6.9708e-05 ExecQueueTime:1.208e-06 ExecTotalTime:8.4166e-05} Samples:0x140015ae870}" spanID=0000000000000000
time=2026-08-02T15:50:28.708-07:00 level=WARN msg="Query returned multiple series, only first will be used" test=archv2-nxm-batched tool=conduit-v1 collector=conduit type=conduit collector=conduit type=conduit series-count=2
time=2026-08-02T15:50:28.708-07:00 level=DEBUG msg="Query returned data" test=archv2-nxm-batched tool=conduit-v1 collector=conduit type=conduit collector=conduit type=conduit name=msg-megabytes-in-per-second[archv2-nxm-batched] series-count=1 last-value=0.234222412109375
time=2026-08-02T15:50:28.709-07:00 level=DEBUG msg="promql query logged" test=archv2-nxm-batched tool=conduit-v1 collector=conduit type=conduit collector=conduit type=conduit params="map[end:2026-08-02T22:50:28.708Z query:rate(conduit_connector_bytes_sum{pipeline_name=\"archv2-nxm-batched\",type=\"destination\"}[2s])/1048576 start:2026-08-02T22:49:49.707Z step:1]" stats="&{Timings:{EvalTotalTime:9.0375e-05 ResultSortTime:7.5e-07 QueryPreparationTime:1.125e-05 InnerEvalTime:7.275e-05 ExecQueueTime:1.624e-06 ExecTotalTime:9.4417e-05} Samples:0x14001589740}" spanID=0000000000000000
time=2026-08-02T15:50:28.709-07:00 level=WARN msg="Query returned multiple series, only first will be used" test=archv2-nxm-batched tool=conduit-v1 collector=conduit type=conduit collector=conduit type=conduit series-count=2
time=2026-08-02T15:50:28.709-07:00 level=DEBUG msg="Query returned data" test=archv2-nxm-batched tool=conduit-v1 collector=conduit type=conduit collector=conduit type=conduit name=msg-megabytes-out-per-second[archv2-nxm-batched] series-count=1 last-value=0.4762239456176758
time=2026-08-02T15:50:28.794-07:00 level=DEBUG msg="Inspecting container" model=container-monitor name=benchi-conduit
time=2026-08-02T15:50:29.308-07:00 level=DEBUG msg="Inspecting container" model=container-monitor name=benchi-conduit
time=2026-08-02T15:50:29.709-07:00 level=INFO msg="Test in progress" test=archv2-nxm-batched tool=conduit-v1 step=test time-left=20s
time=2026-08-02T15:50:29.709-07:00 level=DEBUG msg="promql query logged" test=archv2-nxm-batched tool=conduit-v1 collector=conduit type=conduit collector=conduit type=conduit params="map[end:2026-08-02T22:50:29.709Z query:rate(conduit_pipeline_execution_duration_seconds_count{pipeline_name=\"archv2-nxm-batched\"}[2s]) start:2026-08-02T22:49:49.707Z step:1]" stats="&{Timings:{EvalTotalTime:0.000116042 ResultSortTime:1.083e-06 QueryPreparationTime:3.4542e-05 InnerEvalTime:6.9042e-05 ExecQueueTime:4.5e-06 ExecTotalTime:0.000126125} Samples:0x140010e9b00}" spanID=0000000000000000
time=2026-08-02T15:50:29.709-07:00 level=DEBUG msg="Query returned data" test=archv2-nxm-batched tool=conduit-v1 collector=conduit type=conduit collector=conduit type=conduit name=msg-rate-per-second[archv2-nxm-batched] series-count=1 last-value=17735
time=2026-08-02T15:50:29.709-07:00 level=DEBUG msg="promql query logged" test=archv2-nxm-batched tool=conduit-v1 collector=conduit type=conduit collector=conduit type=conduit params="map[end:2026-08-02T22:50:29.709Z query:rate(conduit_connector_bytes_sum{pipeline_name=\"archv2-nxm-batched\",type=\"source\"}[2s])/1048576 start:2026-08-02T22:49:49.707Z step:1]" stats="&{Timings:{EvalTotalTime:0.0002055 ResultSortTime:2.292e-06 QueryPreparationTime:1.6625e-05 InnerEvalTime:0.0001785 ExecQueueTime:1.875e-06 ExecTotalTime:0.000212333} Samples:0x140012b8240}" spanID=0000000000000000
time=2026-08-02T15:50:29.710-07:00 level=WARN msg="Query returned multiple series, only first will be used" test=archv2-nxm-batched tool=conduit-v1 collector=conduit type=conduit collector=conduit type=conduit series-count=2
time=2026-08-02T15:50:29.710-07:00 level=DEBUG msg="Query returned data" test=archv2-nxm-batched tool=conduit-v1 collector=conduit type=conduit collector=conduit type=conduit name=msg-megabytes-in-per-second[archv2-nxm-batched] series-count=1 last-value=0.24901580810546875
time=2026-08-02T15:50:29.710-07:00 level=DEBUG msg="promql query logged" test=archv2-nxm-batched tool=conduit-v1 collector=conduit type=conduit collector=conduit type=conduit params="map[end:2026-08-02T22:50:29.710Z query:rate(conduit_connector_bytes_sum{pipeline_name=\"archv2-nxm-batched\",type=\"destination\"}[2s])/1048576 start:2026-08-02T22:49:49.707Z step:1]" stats="&{Timings:{EvalTotalTime:7.2208e-05 ResultSortTime:1e-06 QueryPreparationTime:1.1166e-05 InnerEvalTime:5.6959e-05 ExecQueueTime:5.75e-06 ExecTotalTime:7.5041e-05} Samples:0x14001254600}" spanID=0000000000000000
time=2026-08-02T15:50:29.710-07:00 level=WARN msg="Query returned multiple series, only first will be used" test=archv2-nxm-batched tool=conduit-v1 collector=conduit type=conduit collector=conduit type=conduit series-count=2
time=2026-08-02T15:50:29.710-07:00 level=DEBUG msg="Query returned data" test=archv2-nxm-batched tool=conduit-v1 collector=conduit type=conduit collector=conduit type=conduit name=msg-megabytes-out-per-second[archv2-nxm-batched] series-count=1 last-value=0.5009880065917969
time=2026-08-02T15:50:29.815-07:00 level=DEBUG msg="Inspecting container" model=container-monitor name=benchi-conduit
time=2026-08-02T15:50:30.324-07:00 level=DEBUG msg="Inspecting container" model=container-monitor name=benchi-conduit
time=2026-08-02T15:50:30.708-07:00 level=DEBUG msg="promql query logged" test=archv2-nxm-batched tool=conduit-v1 collector=conduit type=conduit collector=conduit type=conduit params="map[end:2026-08-02T22:50:30.708Z query:rate(conduit_pipeline_execution_duration_seconds_count{pipeline_name=\"archv2-nxm-batched\"}[2s]) start:2026-08-02T22:49:49.707Z step:1]" stats="&{Timings:{EvalTotalTime:4.45e-05 ResultSortTime:2.09e-07 QueryPreparationTime:1.2292e-05 InnerEvalTime:2.7458e-05 ExecQueueTime:2.5e-06 ExecTotalTime:5.0958e-05} Samples:0x140013b44b0}" spanID=0000000000000000
time=2026-08-02T15:50:30.708-07:00 level=DEBUG msg="Query returned data" test=archv2-nxm-batched tool=conduit-v1 collector=conduit type=conduit collector=conduit type=conduit name=msg-rate-per-second[archv2-nxm-batched] series-count=1 last-value=17334
time=2026-08-02T15:50:30.708-07:00 level=DEBUG msg="promql query logged" test=archv2-nxm-batched tool=conduit-v1 collector=conduit type=conduit collector=conduit type=conduit params="map[end:2026-08-02T22:50:30.708Z query:rate(conduit_connector_bytes_sum{pipeline_name=\"archv2-nxm-batched\",type=\"source\"}[2s])/1048576 start:2026-08-02T22:49:49.707Z step:1]" stats="&{Timings:{EvalTotalTime:7.15e-05 ResultSortTime:5e-07 QueryPreparationTime:5.625e-06 InnerEvalTime:6.2417e-05 ExecQueueTime:7.92e-07 ExecTotalTime:7.3917e-05} Samples:0x140013b4b70}" spanID=0000000000000000
time=2026-08-02T15:50:30.708-07:00 level=WARN msg="Query returned multiple series, only first will be used" test=archv2-nxm-batched tool=conduit-v1 collector=conduit type=conduit collector=conduit type=conduit series-count=2
time=2026-08-02T15:50:30.708-07:00 level=DEBUG msg="Query returned data" test=archv2-nxm-batched tool=conduit-v1 collector=conduit type=conduit collector=conduit type=conduit name=msg-megabytes-in-per-second[archv2-nxm-batched] series-count=1 last-value=0.24394989013671875
time=2026-08-02T15:50:30.708-07:00 level=DEBUG msg="promql query logged" test=archv2-nxm-batched tool=conduit-v1 collector=conduit type=conduit collector=conduit type=conduit params="map[end:2026-08-02T22:50:30.708Z query:rate(conduit_connector_bytes_sum{pipeline_name=\"archv2-nxm-batched\",type=\"destination\"}[2s])/1048576 start:2026-08-02T22:49:49.707Z step:1]" stats="&{Timings:{EvalTotalTime:7.9292e-05 ResultSortTime:4.58e-07 QueryPreparationTime:7.834e-06 InnerEvalTime:6.7e-05 ExecQueueTime:1.209e-06 ExecTotalTime:8.2375e-05} Samples:0x14001350870}" spanID=0000000000000000
time=2026-08-02T15:50:30.708-07:00 level=WARN msg="Query returned multiple series, only first will be used" test=archv2-nxm-batched tool=conduit-v1 collector=conduit type=conduit collector=conduit type=conduit series-count=2
time=2026-08-02T15:50:30.708-07:00 level=DEBUG msg="Query returned data" test=archv2-nxm-batched tool=conduit-v1 collector=conduit type=conduit collector=conduit type=conduit name=msg-megabytes-out-per-second[archv2-nxm-batched] series-count=1 last-value=0.49006175994873047
time=2026-08-02T15:50:30.831-07:00 level=DEBUG msg="Inspecting container" model=container-monitor name=benchi-conduit
time=2026-08-02T15:50:31.342-07:00 level=DEBUG msg="Inspecting container" model=container-monitor name=benchi-conduit
time=2026-08-02T15:50:31.708-07:00 level=DEBUG msg="promql query logged" test=archv2-nxm-batched tool=conduit-v1 collector=conduit type=conduit collector=conduit type=conduit params="map[end:2026-08-02T22:50:31.708Z query:rate(conduit_pipeline_execution_duration_seconds_count{pipeline_name=\"archv2-nxm-batched\"}[2s]) start:2026-08-02T22:49:49.707Z step:1]" stats="&{Timings:{EvalTotalTime:5.8333e-05 ResultSortTime:4.58e-07 QueryPreparationTime:1.5792e-05 InnerEvalTime:3.675e-05 ExecQueueTime:2.834e-06 ExecTotalTime:6.3417e-05} Samples:0x140012fec90}" spanID=0000000000000000
time=2026-08-02T15:50:31.708-07:00 level=DEBUG msg="Query returned data" test=archv2-nxm-batched tool=conduit-v1 collector=conduit type=conduit collector=conduit type=conduit name=msg-rate-per-second[archv2-nxm-batched] series-count=1 last-value=17622
time=2026-08-02T15:50:31.708-07:00 level=DEBUG msg="promql query logged" test=archv2-nxm-batched tool=conduit-v1 collector=conduit type=conduit collector=conduit type=conduit params="map[end:2026-08-02T22:50:31.708Z query:rate(conduit_connector_bytes_sum{pipeline_name=\"archv2-nxm-batched\",type=\"source\"}[2s])/1048576 start:2026-08-02T22:49:49.707Z step:1]" stats="&{Timings:{EvalTotalTime:9.9417e-05 ResultSortTime:1e-06 QueryPreparationTime:1.2542e-05 InnerEvalTime:8.1375e-05 ExecQueueTime:1.499e-06 ExecTotalTime:0.00010425} Samples:0x140012ff350}" spanID=0000000000000000
time=2026-08-02T15:50:31.708-07:00 level=WARN msg="Query returned multiple series, only first will be used" test=archv2-nxm-batched tool=conduit-v1 collector=conduit type=conduit collector=conduit type=conduit series-count=2
time=2026-08-02T15:50:31.708-07:00 level=DEBUG msg="Query returned data" test=archv2-nxm-batched tool=conduit-v1 collector=conduit type=conduit collector=conduit type=conduit name=msg-megabytes-in-per-second[archv2-nxm-batched] series-count=1 last-value=0.24750423431396484
time=2026-08-02T15:50:31.709-07:00 level=DEBUG msg="promql query logged" test=archv2-nxm-batched tool=conduit-v1 collector=conduit type=conduit collector=conduit type=conduit params="map[end:2026-08-02T22:50:31.709Z query:rate(conduit_connector_bytes_sum{pipeline_name=\"archv2-nxm-batched\",type=\"destination\"}[2s])/1048576 start:2026-08-02T22:49:49.707Z step:1]" stats="&{Timings:{EvalTotalTime:8.0417e-05 ResultSortTime:4.58e-07 QueryPreparationTime:7.583e-06 InnerEvalTime:6.7e-05 ExecQueueTime:1.041e-06 ExecTotalTime:8.4e-05} Samples:0x14001622d20}" spanID=0000000000000000
time=2026-08-02T15:50:31.709-07:00 level=WARN msg="Query returned multiple series, only first will be used" test=archv2-nxm-batched tool=conduit-v1 collector=conduit type=conduit collector=conduit type=conduit series-count=2
time=2026-08-02T15:50:31.709-07:00 level=DEBUG msg="Query returned data" test=archv2-nxm-batched tool=conduit-v1 collector=conduit type=conduit collector=conduit type=conduit name=msg-megabytes-out-per-second[archv2-nxm-batched] series-count=1 last-value=0.4985771179199219
time=2026-08-02T15:50:31.848-07:00 level=DEBUG msg="Inspecting container" model=container-monitor name=benchi-conduit
time=2026-08-02T15:50:32.362-07:00 level=DEBUG msg="Inspecting container" model=container-monitor name=benchi-conduit
time=2026-08-02T15:50:32.709-07:00 level=DEBUG msg="promql query logged" test=archv2-nxm-batched tool=conduit-v1 collector=conduit type=conduit collector=conduit type=conduit params="map[end:2026-08-02T22:50:32.709Z query:rate(conduit_pipeline_execution_duration_seconds_count{pipeline_name=\"archv2-nxm-batched\"}[2s]) start:2026-08-02T22:49:49.707Z step:1]" stats="&{Timings:{EvalTotalTime:0.00011875 ResultSortTime:1.417e-06 QueryPreparationTime:3.7208e-05 InnerEvalTime:6.7333e-05 ExecQueueTime:4.749e-06 ExecTotalTime:0.000128542} Samples:0x140016aa240}" spanID=0000000000000000
time=2026-08-02T15:50:32.710-07:00 level=DEBUG msg="Query returned data" test=archv2-nxm-batched tool=conduit-v1 collector=conduit type=conduit collector=conduit type=conduit name=msg-rate-per-second[archv2-nxm-batched] series-count=1 last-value=17409
time=2026-08-02T15:50:32.710-07:00 level=DEBUG msg="promql query logged" test=archv2-nxm-batched tool=conduit-v1 collector=conduit type=conduit collector=conduit type=conduit params="map[end:2026-08-02T22:50:32.710Z query:rate(conduit_connector_bytes_sum{pipeline_name=\"archv2-nxm-batched\",type=\"source\"}[2s])/1048576 start:2026-08-02T22:49:49.707Z step:1]" stats="&{Timings:{EvalTotalTime:0.00012675 ResultSortTime:1.5e-06 QueryPreparationTime:1.6125e-05 InnerEvalTime:0.000103 ExecQueueTime:2.167e-06 ExecTotalTime:0.00013175} Samples:0x140016aa900}" spanID=0000000000000000
time=2026-08-02T15:50:32.710-07:00 level=WARN msg="Query returned multiple series, only first will be used" test=archv2-nxm-batched tool=conduit-v1 collector=conduit type=conduit collector=conduit type=conduit series-count=2
time=2026-08-02T15:50:32.710-07:00 level=DEBUG msg="Query returned data" test=archv2-nxm-batched tool=conduit-v1 collector=conduit type=conduit collector=conduit type=conduit name=msg-megabytes-in-per-second[archv2-nxm-batched] series-count=1 last-value=0.24702835083007812
time=2026-08-02T15:50:32.710-07:00 level=DEBUG msg="promql query logged" test=archv2-nxm-batched tool=conduit-v1 collector=conduit type=conduit collector=conduit type=conduit params="map[end:2026-08-02T22:50:32.710Z query:rate(conduit_connector_bytes_sum{pipeline_name=\"archv2-nxm-batched\",type=\"destination\"}[2s])/1048576 start:2026-08-02T22:49:49.707Z step:1]" stats="&{Timings:{EvalTotalTime:0.000121958 ResultSortTime:9.58e-07 QueryPreparationTime:1.3e-05 InnerEvalTime:9.8875e-05 ExecQueueTime:2.126e-06 ExecTotalTime:0.000127458} Samples:0x140015fa000}" spanID=0000000000000000
time=2026-08-02T15:50:32.710-07:00 level=WARN msg="Query returned multiple series, only first will be used" test=archv2-nxm-batched tool=conduit-v1 collector=conduit type=conduit collector=conduit type=conduit series-count=2
time=2026-08-02T15:50:32.710-07:00 level=DEBUG msg="Query returned data" test=archv2-nxm-batched tool=conduit-v1 collector=conduit type=conduit collector=conduit type=conduit name=msg-megabytes-out-per-second[archv2-nxm-batched] series-count=1 last-value=0.49217700958251953
time=2026-08-02T15:50:32.870-07:00 level=DEBUG msg="Inspecting container" model=container-monitor name=benchi-conduit
time=2026-08-02T15:50:33.381-07:00 level=DEBUG msg="Inspecting container" model=container-monitor name=benchi-conduit
time=2026-08-02T15:50:33.708-07:00 level=DEBUG msg="promql query logged" test=archv2-nxm-batched tool=conduit-v1 collector=conduit type=conduit collector=conduit type=conduit params="map[end:2026-08-02T22:50:33.708Z query:rate(conduit_pipeline_execution_duration_seconds_count{pipeline_name=\"archv2-nxm-batched\"}[2s]) start:2026-08-02T22:49:49.707Z step:1]" stats="&{Timings:{EvalTotalTime:0.000111083 ResultSortTime:7.92e-07 QueryPreparationTime:3.4375e-05 InnerEvalTime:6.7208e-05 ExecQueueTime:5.25e-06 ExecTotalTime:0.000120375} Samples:0x140014e8570}" spanID=0000000000000000
time=2026-08-02T15:50:33.708-07:00 level=DEBUG msg="Query returned data" test=archv2-nxm-batched tool=conduit-v1 collector=conduit type=conduit collector=conduit type=conduit name=msg-rate-per-second[archv2-nxm-batched] series-count=1 last-value=17585.828343313373
time=2026-08-02T15:50:33.709-07:00 level=DEBUG msg="promql query logged" test=archv2-nxm-batched tool=conduit-v1 collector=conduit type=conduit collector=conduit type=conduit params="map[end:2026-08-02T22:50:33.709Z query:rate(conduit_connector_bytes_sum{pipeline_name=\"archv2-nxm-batched\",type=\"source\"}[2s])/1048576 start:2026-08-02T22:49:49.707Z step:1]" stats="&{Timings:{EvalTotalTime:0.000111791 ResultSortTime:1.208e-06 QueryPreparationTime:1.2e-05 InnerEvalTime:9.5542e-05 ExecQueueTime:1.625e-06 ExecTotalTime:0.000114792} Samples:0x140014e8cc0}" spanID=0000000000000000
time=2026-08-02T15:50:33.709-07:00 level=WARN msg="Query returned multiple series, only first will be used" test=archv2-nxm-batched tool=conduit-v1 collector=conduit type=conduit collector=conduit type=conduit series-count=2
time=2026-08-02T15:50:33.709-07:00 level=DEBUG msg="Query returned data" test=archv2-nxm-batched tool=conduit-v1 collector=conduit type=conduit collector=conduit type=conduit name=msg-megabytes-in-per-second[archv2-nxm-batched] series-count=1 last-value=0.24882999960771815
time=2026-08-02T15:50:33.709-07:00 level=DEBUG msg="promql query logged" test=archv2-nxm-batched tool=conduit-v1 collector=conduit type=conduit collector=conduit type=conduit params="map[end:2026-08-02T22:50:33.709Z query:rate(conduit_connector_bytes_sum{pipeline_name=\"archv2-nxm-batched\",type=\"destination\"}[2s])/1048576 start:2026-08-02T22:49:49.707Z step:1]" stats="&{Timings:{EvalTotalTime:4.2292e-05 ResultSortTime:5e-07 QueryPreparationTime:3.208e-06 InnerEvalTime:3.5542e-05 ExecQueueTime:4.58e-07 ExecTotalTime:4.3625e-05} Samples:0x14000f9c060}" spanID=0000000000000000
time=2026-08-02T15:50:33.709-07:00 level=WARN msg="Query returned multiple series, only first will be used" test=archv2-nxm-batched tool=conduit-v1 collector=conduit type=conduit collector=conduit type=conduit series-count=2
time=2026-08-02T15:50:33.709-07:00 level=DEBUG msg="Query returned data" test=archv2-nxm-batched tool=conduit-v1 collector=conduit type=conduit collector=conduit type=conduit name=msg-megabytes-out-per-second[archv2-nxm-batched] series-count=1 last-value=0.4970946473751715
time=2026-08-02T15:50:33.889-07:00 level=DEBUG msg="Inspecting container" model=container-monitor name=benchi-conduit
time=2026-08-02T15:50:34.396-07:00 level=DEBUG msg="Inspecting container" model=container-monitor name=benchi-conduit
time=2026-08-02T15:50:34.709-07:00 level=INFO msg="Test in progress" test=archv2-nxm-batched tool=conduit-v1 step=test time-left=15s
time=2026-08-02T15:50:34.709-07:00 level=DEBUG msg="promql query logged" test=archv2-nxm-batched tool=conduit-v1 collector=conduit type=conduit collector=conduit type=conduit params="map[end:2026-08-02T22:50:34.709Z query:rate(conduit_pipeline_execution_duration_seconds_count{pipeline_name=\"archv2-nxm-batched\"}[2s]) start:2026-08-02T22:49:49.707Z step:1]" stats="&{Timings:{EvalTotalTime:6.1792e-05 ResultSortTime:5.42e-07 QueryPreparationTime:1.8042e-05 InnerEvalTime:3.7625e-05 ExecQueueTime:2.75e-06 ExecTotalTime:6.925e-05} Samples:0x1400135b170}" spanID=0000000000000000
time=2026-08-02T15:50:34.713-07:00 level=DEBUG msg="Query returned data" test=archv2-nxm-batched tool=conduit-v1 collector=conduit type=conduit collector=conduit type=conduit name=msg-rate-per-second[archv2-nxm-batched] series-count=1 last-value=18596.192384769536
time=2026-08-02T15:50:34.713-07:00 level=DEBUG msg="promql query logged" test=archv2-nxm-batched tool=conduit-v1 collector=conduit type=conduit collector=conduit type=conduit params="map[end:2026-08-02T22:50:34.713Z query:rate(conduit_connector_bytes_sum{pipeline_name=\"archv2-nxm-batched\",type=\"source\"}[2s])/1048576 start:2026-08-02T22:49:49.707Z step:1]" stats="&{Timings:{EvalTotalTime:7.0958e-05 ResultSortTime:1e-06 QueryPreparationTime:9.875e-06 InnerEvalTime:5.6917e-05 ExecQueueTime:1.5e-06 ExecTotalTime:7.3583e-05} Samples:0x140007c9d40}" spanID=0000000000000000
time=2026-08-02T15:50:34.713-07:00 level=WARN msg="Query returned multiple series, only first will be used" test=archv2-nxm-batched tool=conduit-v1 collector=conduit type=conduit collector=conduit type=conduit series-count=2
time=2026-08-02T15:50:34.713-07:00 level=DEBUG msg="Query returned data" test=archv2-nxm-batched tool=conduit-v1 collector=conduit type=conduit collector=conduit type=conduit name=msg-megabytes-in-per-second[archv2-nxm-batched] series-count=1 last-value=0.2617931557083894
time=2026-08-02T15:50:34.713-07:00 level=DEBUG msg="promql query logged" test=archv2-nxm-batched tool=conduit-v1 collector=conduit type=conduit collector=conduit type=conduit params="map[end:2026-08-02T22:50:34.713Z query:rate(conduit_connector_bytes_sum{pipeline_name=\"archv2-nxm-batched\",type=\"destination\"}[2s])/1048576 start:2026-08-02T22:49:49.707Z step:1]" stats="&{Timings:{EvalTotalTime:4.1083e-05 ResultSortTime:2.5e-07 QueryPreparationTime:3.291e-06 InnerEvalTime:3.5792e-05 ExecQueueTime:1.583e-06 ExecTotalTime:4.3708e-05} Samples:0x140012f5b90}" spanID=0000000000000000
time=2026-08-02T15:50:34.713-07:00 level=WARN msg="Query returned multiple series, only first will be used" test=archv2-nxm-batched tool=conduit-v1 collector=conduit type=conduit collector=conduit type=conduit series-count=2
time=2026-08-02T15:50:34.713-07:00 level=DEBUG msg="Query returned data" test=archv2-nxm-batched tool=conduit-v1 collector=conduit type=conduit collector=conduit type=conduit name=msg-megabytes-out-per-second[archv2-nxm-batched] series-count=1 last-value=0.5250474016269844
time=2026-08-02T15:50:34.900-07:00 level=DEBUG msg="Inspecting container" model=container-monitor name=benchi-conduit
time=2026-08-02T15:50:35.408-07:00 level=DEBUG msg="Inspecting container" model=container-monitor name=benchi-conduit
time=2026-08-02T15:50:35.708-07:00 level=DEBUG msg="promql query logged" test=archv2-nxm-batched tool=conduit-v1 collector=conduit type=conduit collector=conduit type=conduit params="map[end:2026-08-02T22:50:35.707Z query:rate(conduit_pipeline_execution_duration_seconds_count{pipeline_name=\"archv2-nxm-batched\"}[2s]) start:2026-08-02T22:49:49.707Z step:1]" stats="&{Timings:{EvalTotalTime:0.000110084 ResultSortTime:1.125e-06 QueryPreparationTime:3.3e-05 InnerEvalTime:6.35e-05 ExecQueueTime:4.791e-06 ExecTotalTime:0.000118333} Samples:0x14000fb6780}" spanID=0000000000000000
time=2026-08-02T15:50:35.708-07:00 level=DEBUG msg="Query returned data" test=archv2-nxm-batched tool=conduit-v1 collector=conduit type=conduit collector=conduit type=conduit name=msg-rate-per-second[archv2-nxm-batched] series-count=1 last-value=19022
time=2026-08-02T15:50:35.708-07:00 level=DEBUG msg="promql query logged" test=archv2-nxm-batched tool=conduit-v1 collector=conduit type=conduit collector=conduit type=conduit params="map[end:2026-08-02T22:50:35.708Z query:rate(conduit_connector_bytes_sum{pipeline_name=\"archv2-nxm-batched\",type=\"source\"}[2s])/1048576 start:2026-08-02T22:49:49.707Z step:1]" stats="&{Timings:{EvalTotalTime:0.000104458 ResultSortTime:1.416e-06 QueryPreparationTime:1.0292e-05 InnerEvalTime:8.875e-05 ExecQueueTime:1.208e-06 ExecTotalTime:0.000108209} Samples:0x14000fb6e40}" spanID=0000000000000000
time=2026-08-02T15:50:35.708-07:00 level=WARN msg="Query returned multiple series, only first will be used" test=archv2-nxm-batched tool=conduit-v1 collector=conduit type=conduit collector=conduit type=conduit series-count=2
time=2026-08-02T15:50:35.708-07:00 level=DEBUG msg="Query returned data" test=archv2-nxm-batched tool=conduit-v1 collector=conduit type=conduit collector=conduit type=conduit name=msg-megabytes-in-per-second[archv2-nxm-batched] series-count=1 last-value=0.265411376953125
time=2026-08-02T15:50:35.708-07:00 level=DEBUG msg="promql query logged" test=archv2-nxm-batched tool=conduit-v1 collector=conduit type=conduit collector=conduit type=conduit params="map[end:2026-08-02T22:50:35.708Z query:rate(conduit_connector_bytes_sum{pipeline_name=\"archv2-nxm-batched\",type=\"destination\"}[2s])/1048576 start:2026-08-02T22:49:49.707Z step:1]" stats="&{Timings:{EvalTotalTime:9.7083e-05 ResultSortTime:8.75e-07 QueryPreparationTime:8.625e-06 InnerEvalTime:8.225e-05 ExecQueueTime:1.374e-06 ExecTotalTime:0.000101375} Samples:0x140007ff080}" spanID=0000000000000000
time=2026-08-02T15:50:35.708-07:00 level=WARN msg="Query returned multiple series, only first will be used" test=archv2-nxm-batched tool=conduit-v1 collector=conduit type=conduit collector=conduit type=conduit series-count=2
time=2026-08-02T15:50:35.708-07:00 level=DEBUG msg="Query returned data" test=archv2-nxm-batched tool=conduit-v1 collector=conduit type=conduit collector=conduit type=conduit name=msg-megabytes-out-per-second[archv2-nxm-batched] series-count=1 last-value=0.5370197296142578
time=2026-08-02T15:50:35.919-07:00 level=DEBUG msg="Inspecting container" model=container-monitor name=benchi-conduit
time=2026-08-02T15:50:36.431-07:00 level=DEBUG msg="Inspecting container" model=container-monitor name=benchi-conduit
time=2026-08-02T15:50:36.709-07:00 level=DEBUG msg="promql query logged" test=archv2-nxm-batched tool=conduit-v1 collector=conduit type=conduit collector=conduit type=conduit params="map[end:2026-08-02T22:50:36.709Z query:rate(conduit_pipeline_execution_duration_seconds_count{pipeline_name=\"archv2-nxm-batched\"}[2s]) start:2026-08-02T22:49:49.707Z step:1]" stats="&{Timings:{EvalTotalTime:5.5458e-05 ResultSortTime:4.16e-07 QueryPreparationTime:1.4209e-05 InnerEvalTime:3.3834e-05 ExecQueueTime:2.334e-06 ExecTotalTime:6.075e-05} Samples:0x140011ee3f0}" spanID=0000000000000000
time=2026-08-02T15:50:36.710-07:00 level=DEBUG msg="Query returned data" test=archv2-nxm-batched tool=conduit-v1 collector=conduit type=conduit collector=conduit type=conduit name=msg-rate-per-second[archv2-nxm-batched] series-count=1 last-value=18197
time=2026-08-02T15:50:36.712-07:00 level=DEBUG msg="promql query logged" test=archv2-nxm-batched tool=conduit-v1 collector=conduit type=conduit collector=conduit type=conduit params="map[end:2026-08-02T22:50:36.712Z query:rate(conduit_connector_bytes_sum{pipeline_name=\"archv2-nxm-batched\",type=\"source\"}[2s])/1048576 start:2026-08-02T22:49:49.707Z step:1]" stats="&{Timings:{EvalTotalTime:6.2666e-05 ResultSortTime:7.09e-07 QueryPreparationTime:8.25e-06 InnerEvalTime:5.0917e-05 ExecQueueTime:1.542e-06 ExecTotalTime:6.5083e-05} Samples:0x140011eeab0}" spanID=0000000000000000
time=2026-08-02T15:50:36.712-07:00 level=WARN msg="Query returned multiple series, only first will be used" test=archv2-nxm-batched tool=conduit-v1 collector=conduit type=conduit collector=conduit type=conduit series-count=2
time=2026-08-02T15:50:36.712-07:00 level=DEBUG msg="Query returned data" test=archv2-nxm-batched tool=conduit-v1 collector=conduit type=conduit collector=conduit type=conduit name=msg-megabytes-in-per-second[archv2-nxm-batched] series-count=1 last-value=0.2599468231201172
time=2026-08-02T15:50:36.713-07:00 level=DEBUG msg="promql query logged" test=archv2-nxm-batched tool=conduit-v1 collector=conduit type=conduit collector=conduit type=conduit params="map[end:2026-08-02T22:50:36.712Z query:rate(conduit_connector_bytes_sum{pipeline_name=\"archv2-nxm-batched\",type=\"destination\"}[2s])/1048576 start:2026-08-02T22:49:49.707Z step:1]" stats="&{Timings:{EvalTotalTime:9.3875e-05 ResultSortTime:8.33e-07 QueryPreparationTime:1.0833e-05 InnerEvalTime:7.7084e-05 ExecQueueTime:1.5e-06 ExecTotalTime:0.000100167} Samples:0x14001579a40}" spanID=0000000000000000
time=2026-08-02T15:50:36.713-07:00 level=WARN msg="Query returned multiple series, only first will be used" test=archv2-nxm-batched tool=conduit-v1 collector=conduit type=conduit collector=conduit type=conduit series-count=2
time=2026-08-02T15:50:36.713-07:00 level=DEBUG msg="Query returned data" test=archv2-nxm-batched tool=conduit-v1 collector=conduit type=conduit collector=conduit type=conduit name=msg-megabytes-out-per-second[archv2-nxm-batched] series-count=1 last-value=0.5139179229736328
time=2026-08-02T15:50:36.940-07:00 level=DEBUG msg="Inspecting container" model=container-monitor name=benchi-conduit
time=2026-08-02T15:50:37.448-07:00 level=DEBUG msg="Inspecting container" model=container-monitor name=benchi-conduit
time=2026-08-02T15:50:37.708-07:00 level=DEBUG msg="promql query logged" test=archv2-nxm-batched tool=conduit-v1 collector=conduit type=conduit collector=conduit type=conduit params="map[end:2026-08-02T22:50:37.708Z query:rate(conduit_pipeline_execution_duration_seconds_count{pipeline_name=\"archv2-nxm-batched\"}[2s]) start:2026-08-02T22:49:49.707Z step:1]" stats="&{Timings:{EvalTotalTime:0.00014625 ResultSortTime:8.75e-07 QueryPreparationTime:6.5458e-05 InnerEvalTime:7e-05 ExecQueueTime:5.208e-06 ExecTotalTime:0.000155417} Samples:0x1400106f7a0}" spanID=0000000000000000
time=2026-08-02T15:50:37.708-07:00 level=DEBUG msg="Query returned data" test=archv2-nxm-batched tool=conduit-v1 collector=conduit type=conduit collector=conduit type=conduit name=msg-rate-per-second[archv2-nxm-batched] series-count=1 last-value=17951
time=2026-08-02T15:50:37.709-07:00 level=DEBUG msg="promql query logged" test=archv2-nxm-batched tool=conduit-v1 collector=conduit type=conduit collector=conduit type=conduit params="map[end:2026-08-02T22:50:37.708Z query:rate(conduit_connector_bytes_sum{pipeline_name=\"archv2-nxm-batched\",type=\"source\"}[2s])/1048576 start:2026-08-02T22:49:49.707Z step:1]" stats="&{Timings:{EvalTotalTime:0.000145625 ResultSortTime:1.375e-06 QueryPreparationTime:3.2833e-05 InnerEvalTime:0.000105209 ExecQueueTime:2.708e-06 ExecTotalTime:0.000155417} Samples:0x1400106fe60}" spanID=0000000000000000
time=2026-08-02T15:50:37.709-07:00 level=WARN msg="Query returned multiple series, only first will be used" test=archv2-nxm-batched tool=conduit-v1 collector=conduit type=conduit collector=conduit type=conduit series-count=2
time=2026-08-02T15:50:37.709-07:00 level=DEBUG msg="Query returned data" test=archv2-nxm-batched tool=conduit-v1 collector=conduit type=conduit collector=conduit type=conduit name=msg-megabytes-in-per-second[archv2-nxm-batched] series-count=1 last-value=0.25162410736083984
time=2026-08-02T15:50:37.710-07:00 level=DEBUG msg="promql query logged" test=archv2-nxm-batched tool=conduit-v1 collector=conduit type=conduit collector=conduit type=conduit params="map[end:2026-08-02T22:50:37.710Z query:rate(conduit_connector_bytes_sum{pipeline_name=\"archv2-nxm-batched\",type=\"destination\"}[2s])/1048576 start:2026-08-02T22:49:49.707Z step:1]" stats="&{Timings:{EvalTotalTime:0.000134958 ResultSortTime:1.125e-06 QueryPreparationTime:2.2375e-05 InnerEvalTime:0.00010475 ExecQueueTime:2.334e-06 ExecTotalTime:0.000140667} Samples:0x140015d14a0}" spanID=0000000000000000
time=2026-08-02T15:50:37.710-07:00 level=WARN msg="Query returned multiple series, only first will be used" test=archv2-nxm-batched tool=conduit-v1 collector=conduit type=conduit collector=conduit type=conduit series-count=2
time=2026-08-02T15:50:37.710-07:00 level=DEBUG msg="Query returned data" test=archv2-nxm-batched tool=conduit-v1 collector=conduit type=conduit collector=conduit type=conduit name=msg-megabytes-out-per-second[archv2-nxm-batched] series-count=1 last-value=0.5083713531494141
time=2026-08-02T15:50:37.958-07:00 level=DEBUG msg="Inspecting container" model=container-monitor name=benchi-conduit
time=2026-08-02T15:50:38.473-07:00 level=DEBUG msg="Inspecting container" model=container-monitor name=benchi-conduit
time=2026-08-02T15:50:38.709-07:00 level=DEBUG msg="promql query logged" test=archv2-nxm-batched tool=conduit-v1 collector=conduit type=conduit collector=conduit type=conduit params="map[end:2026-08-02T22:50:38.709Z query:rate(conduit_pipeline_execution_duration_seconds_count{pipeline_name=\"archv2-nxm-batched\"}[2s]) start:2026-08-02T22:49:49.707Z step:1]" stats="&{Timings:{EvalTotalTime:5.9416e-05 ResultSortTime:3.75e-07 QueryPreparationTime:1.6583e-05 InnerEvalTime:3.7125e-05 ExecQueueTime:2.709e-06 ExecTotalTime:6.4125e-05} Samples:0x1400172bd10}" spanID=0000000000000000
time=2026-08-02T15:50:38.709-07:00 level=DEBUG msg="Query returned data" test=archv2-nxm-batched tool=conduit-v1 collector=conduit type=conduit collector=conduit type=conduit name=msg-rate-per-second[archv2-nxm-batched] series-count=1 last-value=16365
time=2026-08-02T15:50:38.709-07:00 level=DEBUG msg="promql query logged" test=archv2-nxm-batched tool=conduit-v1 collector=conduit type=conduit collector=conduit type=conduit params="map[end:2026-08-02T22:50:38.709Z query:rate(conduit_connector_bytes_sum{pipeline_name=\"archv2-nxm-batched\",type=\"source\"}[2s])/1048576 start:2026-08-02T22:49:49.707Z step:1]" stats="&{Timings:{EvalTotalTime:9.1041e-05 ResultSortTime:9.59e-07 QueryPreparationTime:8.708e-06 InnerEvalTime:7.75e-05 ExecQueueTime:1.166e-06 ExecTotalTime:9.8042e-05} Samples:0x1400128a450}" spanID=0000000000000000
time=2026-08-02T15:50:38.709-07:00 level=WARN msg="Query returned multiple series, only first will be used" test=archv2-nxm-batched tool=conduit-v1 collector=conduit type=conduit collector=conduit type=conduit series-count=2
time=2026-08-02T15:50:38.709-07:00 level=DEBUG msg="Query returned data" test=archv2-nxm-batched tool=conduit-v1 collector=conduit type=conduit collector=conduit type=conduit name=msg-megabytes-in-per-second[archv2-nxm-batched] series-count=1 last-value=0.23366260528564453
time=2026-08-02T15:50:38.710-07:00 level=DEBUG msg="promql query logged" test=archv2-nxm-batched tool=conduit-v1 collector=conduit type=conduit collector=conduit type=conduit params="map[end:2026-08-02T22:50:38.709Z query:rate(conduit_connector_bytes_sum{pipeline_name=\"archv2-nxm-batched\",type=\"destination\"}[2s])/1048576 start:2026-08-02T22:49:49.707Z step:1]" stats="&{Timings:{EvalTotalTime:9.6167e-05 ResultSortTime:7.09e-07 QueryPreparationTime:1.1208e-05 InnerEvalTime:7.8791e-05 ExecQueueTime:1.375e-06 ExecTotalTime:9.95e-05} Samples:0x140011ec0c0}" spanID=0000000000000000
time=2026-08-02T15:50:38.710-07:00 level=WARN msg="Query returned multiple series, only first will be used" test=archv2-nxm-batched tool=conduit-v1 collector=conduit type=conduit collector=conduit type=conduit series-count=2
time=2026-08-02T15:50:38.710-07:00 level=DEBUG msg="Query returned data" test=archv2-nxm-batched tool=conduit-v1 collector=conduit type=conduit collector=conduit type=conduit name=msg-megabytes-out-per-second[archv2-nxm-batched] series-count=1 last-value=0.4627876281738281
time=2026-08-02T15:50:38.978-07:00 level=DEBUG msg="Inspecting container" model=container-monitor name=benchi-conduit
time=2026-08-02T15:50:39.488-07:00 level=DEBUG msg="Inspecting container" model=container-monitor name=benchi-conduit
time=2026-08-02T15:50:39.707-07:00 level=INFO msg="Test in progress" test=archv2-nxm-batched tool=conduit-v1 step=test time-left=10s
time=2026-08-02T15:50:39.708-07:00 level=DEBUG msg="promql query logged" test=archv2-nxm-batched tool=conduit-v1 collector=conduit type=conduit collector=conduit type=conduit params="map[end:2026-08-02T22:50:39.708Z query:rate(conduit_pipeline_execution_duration_seconds_count{pipeline_name=\"archv2-nxm-batched\"}[2s]) start:2026-08-02T22:49:49.707Z step:1]" stats="&{Timings:{EvalTotalTime:0.000102583 ResultSortTime:8.75e-07 QueryPreparationTime:3.0875e-05 InnerEvalTime:6.3208e-05 ExecQueueTime:2.875e-06 ExecTotalTime:0.000109125} Samples:0x140012d5440}" spanID=0000000000000000
time=2026-08-02T15:50:39.708-07:00 level=DEBUG msg="Query returned data" test=archv2-nxm-batched tool=conduit-v1 collector=conduit type=conduit collector=conduit type=conduit name=msg-rate-per-second[archv2-nxm-batched] series-count=1 last-value=17918
time=2026-08-02T15:50:39.709-07:00 level=DEBUG msg="promql query logged" test=archv2-nxm-batched tool=conduit-v1 collector=conduit type=conduit collector=conduit type=conduit params="map[end:2026-08-02T22:50:39.708Z query:rate(conduit_connector_bytes_sum{pipeline_name=\"archv2-nxm-batched\",type=\"source\"}[2s])/1048576 start:2026-08-02T22:49:49.707Z step:1]" stats="&{Timings:{EvalTotalTime:0.000121959 ResultSortTime:1.875e-06 QueryPreparationTime:1.5666e-05 InnerEvalTime:9.9875e-05 ExecQueueTime:1.333e-06 ExecTotalTime:0.00012575} Samples:0x140012d5b00}" spanID=0000000000000000
time=2026-08-02T15:50:39.709-07:00 level=WARN msg="Query returned multiple series, only first will be used" test=archv2-nxm-batched tool=conduit-v1 collector=conduit type=conduit collector=conduit type=conduit series-count=2
time=2026-08-02T15:50:39.709-07:00 level=DEBUG msg="Query returned data" test=archv2-nxm-batched tool=conduit-v1 collector=conduit type=conduit collector=conduit type=conduit name=msg-megabytes-in-per-second[archv2-nxm-batched] series-count=1 last-value=0.2539949417114258
time=2026-08-02T15:50:39.709-07:00 level=DEBUG msg="promql query logged" test=archv2-nxm-batched tool=conduit-v1 collector=conduit type=conduit collector=conduit type=conduit params="map[end:2026-08-02T22:50:39.709Z query:rate(conduit_connector_bytes_sum{pipeline_name=\"archv2-nxm-batched\",type=\"destination\"}[2s])/1048576 start:2026-08-02T22:49:49.707Z step:1]" stats="&{Timings:{EvalTotalTime:0.000114833 ResultSortTime:8.34e-07 QueryPreparationTime:1.4084e-05 InnerEvalTime:9.4625e-05 ExecQueueTime:1.959e-06 ExecTotalTime:0.000119583} Samples:0x140013992c0}" spanID=0000000000000000
time=2026-08-02T15:50:39.709-07:00 level=WARN msg="Query returned multiple series, only first will be used" test=archv2-nxm-batched tool=conduit-v1 collector=conduit type=conduit collector=conduit type=conduit series-count=2
time=2026-08-02T15:50:39.709-07:00 level=DEBUG msg="Query returned data" test=archv2-nxm-batched tool=conduit-v1 collector=conduit type=conduit collector=conduit type=conduit name=msg-megabytes-out-per-second[archv2-nxm-batched] series-count=1 last-value=0.5066566467285156
time=2026-08-02T15:50:39.992-07:00 level=DEBUG msg="Inspecting container" model=container-monitor name=benchi-conduit
time=2026-08-02T15:50:40.496-07:00 level=DEBUG msg="Inspecting container" model=container-monitor name=benchi-conduit
time=2026-08-02T15:50:40.714-07:00 level=DEBUG msg="promql query logged" test=archv2-nxm-batched tool=conduit-v1 collector=conduit type=conduit collector=conduit type=conduit params="map[end:2026-08-02T22:50:40.713Z query:rate(conduit_pipeline_execution_duration_seconds_count{pipeline_name=\"archv2-nxm-batched\"}[2s]) start:2026-08-02T22:49:49.707Z step:1]" stats="&{Timings:{EvalTotalTime:0.000115417 ResultSortTime:1.125e-06 QueryPreparationTime:3.7e-05 InnerEvalTime:6.7291e-05 ExecQueueTime:4.833e-06 ExecTotalTime:0.000124792} Samples:0x14001474ae0}" spanID=0000000000000000
time=2026-08-02T15:50:40.714-07:00 level=DEBUG msg="Query returned data" test=archv2-nxm-batched tool=conduit-v1 collector=conduit type=conduit collector=conduit type=conduit name=msg-rate-per-second[archv2-nxm-batched] series-count=1 last-value=18728
time=2026-08-02T15:50:40.714-07:00 level=DEBUG msg="promql query logged" test=archv2-nxm-batched tool=conduit-v1 collector=conduit type=conduit collector=conduit type=conduit params="map[end:2026-08-02T22:50:40.714Z query:rate(conduit_connector_bytes_sum{pipeline_name=\"archv2-nxm-batched\",type=\"source\"}[2s])/1048576 start:2026-08-02T22:49:49.707Z step:1]" stats="&{Timings:{EvalTotalTime:0.000134125 ResultSortTime:1.708e-06 QueryPreparationTime:1.55e-05 InnerEvalTime:0.000111 ExecQueueTime:1.666e-06 ExecTotalTime:0.000138584} Samples:0x140014751a0}" spanID=0000000000000000
time=2026-08-02T15:50:40.714-07:00 level=WARN msg="Query returned multiple series, only first will be used" test=archv2-nxm-batched tool=conduit-v1 collector=conduit type=conduit collector=conduit type=conduit series-count=2
time=2026-08-02T15:50:40.715-07:00 level=DEBUG msg="Query returned data" test=archv2-nxm-batched tool=conduit-v1 collector=conduit type=conduit collector=conduit type=conduit name=msg-megabytes-in-per-second[archv2-nxm-batched] series-count=1 last-value=0.26297950744628906
time=2026-08-02T15:50:40.715-07:00 level=DEBUG msg="promql query logged" test=archv2-nxm-batched tool=conduit-v1 collector=conduit type=conduit collector=conduit type=conduit params="map[end:2026-08-02T22:50:40.715Z query:rate(conduit_connector_bytes_sum{pipeline_name=\"archv2-nxm-batched\",type=\"destination\"}[2s])/1048576 start:2026-08-02T22:49:49.707Z step:1]" stats="&{Timings:{EvalTotalTime:0.000130417 ResultSortTime:7.5e-07 QueryPreparationTime:1.3834e-05 InnerEvalTime:0.000109834 ExecQueueTime:2e-06 ExecTotalTime:0.000135291} Samples:0x140012e8fc0}" spanID=0000000000000000
time=2026-08-02T15:50:40.715-07:00 level=WARN msg="Query returned multiple series, only first will be used" test=archv2-nxm-batched tool=conduit-v1 collector=conduit type=conduit collector=conduit type=conduit series-count=2
time=2026-08-02T15:50:40.715-07:00 level=DEBUG msg="Query returned data" test=archv2-nxm-batched tool=conduit-v1 collector=conduit type=conduit collector=conduit type=conduit name=msg-megabytes-out-per-second[archv2-nxm-batched] series-count=1 last-value=0.5295934677124023
time=2026-08-02T15:50:41.004-07:00 level=DEBUG msg="Inspecting container" model=container-monitor name=benchi-conduit
time=2026-08-02T15:50:41.510-07:00 level=DEBUG msg="Inspecting container" model=container-monitor name=benchi-conduit
time=2026-08-02T15:50:41.709-07:00 level=DEBUG msg="promql query logged" test=archv2-nxm-batched tool=conduit-v1 collector=conduit type=conduit collector=conduit type=conduit params="map[end:2026-08-02T22:50:41.709Z query:rate(conduit_pipeline_execution_duration_seconds_count{pipeline_name=\"archv2-nxm-batched\"}[2s]) start:2026-08-02T22:49:49.707Z step:1]" stats="&{Timings:{EvalTotalTime:6.5667e-05 ResultSortTime:4.16e-07 QueryPreparationTime:1.825e-05 InnerEvalTime:4.0041e-05 ExecQueueTime:2.666e-06 ExecTotalTime:7.0833e-05} Samples:0x140014e6f00}" spanID=0000000000000000
time=2026-08-02T15:50:41.709-07:00 level=DEBUG msg="Query returned data" test=archv2-nxm-batched tool=conduit-v1 collector=conduit type=conduit collector=conduit type=conduit name=msg-rate-per-second[archv2-nxm-batched] series-count=1 last-value=18500
time=2026-08-02T15:50:41.709-07:00 level=DEBUG msg="promql query logged" test=archv2-nxm-batched tool=conduit-v1 collector=conduit type=conduit collector=conduit type=conduit params="map[end:2026-08-02T22:50:41.709Z query:rate(conduit_connector_bytes_sum{pipeline_name=\"archv2-nxm-batched\",type=\"source\"}[2s])/1048576 start:2026-08-02T22:49:49.707Z step:1]" stats="&{Timings:{EvalTotalTime:7.8e-05 ResultSortTime:8.33e-07 QueryPreparationTime:8.5e-06 InnerEvalTime:6.5959e-05 ExecQueueTime:1.75e-06 ExecTotalTime:8.0708e-05} Samples:0x140014e75c0}" spanID=0000000000000000
time=2026-08-02T15:50:41.709-07:00 level=WARN msg="Query returned multiple series, only first will be used" test=archv2-nxm-batched tool=conduit-v1 collector=conduit type=conduit collector=conduit type=conduit series-count=2
time=2026-08-02T15:50:41.709-07:00 level=DEBUG msg="Query returned data" test=archv2-nxm-batched tool=conduit-v1 collector=conduit type=conduit collector=conduit type=conduit name=msg-megabytes-in-per-second[archv2-nxm-batched] series-count=1 last-value=0.2638587951660156
time=2026-08-02T15:50:41.709-07:00 level=DEBUG msg="promql query logged" test=archv2-nxm-batched tool=conduit-v1 collector=conduit type=conduit collector=conduit type=conduit params="map[end:2026-08-02T22:50:41.709Z query:rate(conduit_connector_bytes_sum{pipeline_name=\"archv2-nxm-batched\",type=\"destination\"}[2s])/1048576 start:2026-08-02T22:49:49.707Z step:1]" stats="&{Timings:{EvalTotalTime:9.6916e-05 ResultSortTime:7.5e-07 QueryPreparationTime:9.417e-06 InnerEvalTime:8.1916e-05 ExecQueueTime:1.626e-06 ExecTotalTime:0.000102917} Samples:0x140015278f0}" spanID=0000000000000000
time=2026-08-02T15:50:41.709-07:00 level=WARN msg="Query returned multiple series, only first will be used" test=archv2-nxm-batched tool=conduit-v1 collector=conduit type=conduit collector=conduit type=conduit series-count=2
time=2026-08-02T15:50:41.709-07:00 level=DEBUG msg="Query returned data" test=archv2-nxm-batched tool=conduit-v1 collector=conduit type=conduit collector=conduit type=conduit name=msg-megabytes-out-per-second[archv2-nxm-batched] series-count=1 last-value=0.5222721099853516
time=2026-08-02T15:50:42.019-07:00 level=DEBUG msg="Inspecting container" model=container-monitor name=benchi-conduit
time=2026-08-02T15:50:42.527-07:00 level=DEBUG msg="Inspecting container" model=container-monitor name=benchi-conduit
time=2026-08-02T15:50:42.708-07:00 level=DEBUG msg="promql query logged" test=archv2-nxm-batched tool=conduit-v1 collector=conduit type=conduit collector=conduit type=conduit params="map[end:2026-08-02T22:50:42.708Z query:rate(conduit_pipeline_execution_duration_seconds_count{pipeline_name=\"archv2-nxm-batched\"}[2s]) start:2026-08-02T22:49:49.707Z step:1]" stats="&{Timings:{EvalTotalTime:0.000103792 ResultSortTime:7.92e-07 QueryPreparationTime:3.1333e-05 InnerEvalTime:6.2958e-05 ExecQueueTime:4.709e-06 ExecTotalTime:0.000111958} Samples:0x140016beea0}" spanID=0000000000000000
time=2026-08-02T15:50:42.708-07:00 level=DEBUG msg="Query returned data" test=archv2-nxm-batched tool=conduit-v1 collector=conduit type=conduit collector=conduit type=conduit name=msg-rate-per-second[archv2-nxm-batched] series-count=1 last-value=18301
time=2026-08-02T15:50:42.708-07:00 level=DEBUG msg="promql query logged" test=archv2-nxm-batched tool=conduit-v1 collector=conduit type=conduit collector=conduit type=conduit params="map[end:2026-08-02T22:50:42.708Z query:rate(conduit_connector_bytes_sum{pipeline_name=\"archv2-nxm-batched\",type=\"source\"}[2s])/1048576 start:2026-08-02T22:49:49.707Z step:1]" stats="&{Timings:{EvalTotalTime:0.0001235 ResultSortTime:1.375e-06 QueryPreparationTime:1.4084e-05 InnerEvalTime:0.00010375 ExecQueueTime:1.457e-06 ExecTotalTime:0.000127709} Samples:0x140016bf560}" spanID=0000000000000000
time=2026-08-02T15:50:42.708-07:00 level=WARN msg="Query returned multiple series, only first will be used" test=archv2-nxm-batched tool=conduit-v1 collector=conduit type=conduit collector=conduit type=conduit series-count=2
time=2026-08-02T15:50:42.708-07:00 level=DEBUG msg="Query returned data" test=archv2-nxm-batched tool=conduit-v1 collector=conduit type=conduit collector=conduit type=conduit name=msg-megabytes-in-per-second[archv2-nxm-batched] series-count=1 last-value=0.2557859420776367
time=2026-08-02T15:50:42.709-07:00 level=DEBUG msg="promql query logged" test=archv2-nxm-batched tool=conduit-v1 collector=conduit type=conduit collector=conduit type=conduit params="map[end:2026-08-02T22:50:42.708Z query:rate(conduit_connector_bytes_sum{pipeline_name=\"archv2-nxm-batched\",type=\"destination\"}[2s])/1048576 start:2026-08-02T22:49:49.707Z step:1]" stats="&{Timings:{EvalTotalTime:0.000112042 ResultSortTime:7.5e-07 QueryPreparationTime:1.3083e-05 InnerEvalTime:9.325e-05 ExecQueueTime:1.376e-06 ExecTotalTime:0.000115792} Samples:0x1400178bbf0}" spanID=0000000000000000
time=2026-08-02T15:50:42.709-07:00 level=WARN msg="Query returned multiple series, only first will be used" test=archv2-nxm-batched tool=conduit-v1 collector=conduit type=conduit collector=conduit type=conduit series-count=2
time=2026-08-02T15:50:42.709-07:00 level=DEBUG msg="Query returned data" test=archv2-nxm-batched tool=conduit-v1 collector=conduit type=conduit collector=conduit type=conduit name=msg-megabytes-out-per-second[archv2-nxm-batched] series-count=1 last-value=0.51727294921875
time=2026-08-02T15:50:43.034-07:00 level=DEBUG msg="Inspecting container" model=container-monitor name=benchi-conduit
time=2026-08-02T15:50:43.540-07:00 level=DEBUG msg="Inspecting container" model=container-monitor name=benchi-conduit
time=2026-08-02T15:50:43.708-07:00 level=DEBUG msg="promql query logged" test=archv2-nxm-batched tool=conduit-v1 collector=conduit type=conduit collector=conduit type=conduit params="map[end:2026-08-02T22:50:43.708Z query:rate(conduit_pipeline_execution_duration_seconds_count{pipeline_name=\"archv2-nxm-batched\"}[2s]) start:2026-08-02T22:49:49.707Z step:1]" stats="&{Timings:{EvalTotalTime:7.1292e-05 ResultSortTime:7.08e-07 QueryPreparationTime:2.0167e-05 InnerEvalTime:4.4333e-05 ExecQueueTime:2.959e-06 ExecTotalTime:7.6875e-05} Samples:0x14000f9db00}" spanID=0000000000000000
time=2026-08-02T15:50:43.708-07:00 level=DEBUG msg="Query returned data" test=archv2-nxm-batched tool=conduit-v1 collector=conduit type=conduit collector=conduit type=conduit name=msg-rate-per-second[archv2-nxm-batched] series-count=1 last-value=18020
time=2026-08-02T15:50:43.708-07:00 level=DEBUG msg="promql query logged" test=archv2-nxm-batched tool=conduit-v1 collector=conduit type=conduit collector=conduit type=conduit params="map[end:2026-08-02T22:50:43.708Z query:rate(conduit_connector_bytes_sum{pipeline_name=\"archv2-nxm-batched\",type=\"source\"}[2s])/1048576 start:2026-08-02T22:49:49.707Z step:1]" stats="&{Timings:{EvalTotalTime:0.000153917 ResultSortTime:9.59e-07 QueryPreparationTime:7.875e-06 InnerEvalTime:0.000121541 ExecQueueTime:1.125e-06 ExecTotalTime:0.000156958} Samples:0x140007c8510}" spanID=0000000000000000
time=2026-08-02T15:50:43.708-07:00 level=WARN msg="Query returned multiple series, only first will be used" test=archv2-nxm-batched tool=conduit-v1 collector=conduit type=conduit collector=conduit type=conduit series-count=2
time=2026-08-02T15:50:43.708-07:00 level=DEBUG msg="Query returned data" test=archv2-nxm-batched tool=conduit-v1 collector=conduit type=conduit collector=conduit type=conduit name=msg-megabytes-in-per-second[archv2-nxm-batched] series-count=1 last-value=0.25116634368896484
time=2026-08-02T15:50:43.708-07:00 level=DEBUG msg="promql query logged" test=archv2-nxm-batched tool=conduit-v1 collector=conduit type=conduit collector=conduit type=conduit params="map[end:2026-08-02T22:50:43.708Z query:rate(conduit_connector_bytes_sum{pipeline_name=\"archv2-nxm-batched\",type=\"destination\"}[2s])/1048576 start:2026-08-02T22:49:49.707Z step:1]" stats="&{Timings:{EvalTotalTime:7.4875e-05 ResultSortTime:5.41e-07 QueryPreparationTime:9.333e-06 InnerEvalTime:6.2084e-05 ExecQueueTime:1.667e-06 ExecTotalTime:7.7584e-05} Samples:0x14000b996b0}" spanID=0000000000000000
time=2026-08-02T15:50:43.708-07:00 level=WARN msg="Query returned multiple series, only first will be used" test=archv2-nxm-batched tool=conduit-v1 collector=conduit type=conduit collector=conduit type=conduit series-count=2
time=2026-08-02T15:50:43.708-07:00 level=DEBUG msg="Query returned data" test=archv2-nxm-batched tool=conduit-v1 collector=conduit type=conduit collector=conduit type=conduit name=msg-megabytes-out-per-second[archv2-nxm-batched] series-count=1 last-value=0.5082111358642578
time=2026-08-02T15:50:44.051-07:00 level=DEBUG msg="Inspecting container" model=container-monitor name=benchi-conduit
time=2026-08-02T15:50:44.562-07:00 level=DEBUG msg="Inspecting container" model=container-monitor name=benchi-conduit
time=2026-08-02T15:50:44.708-07:00 level=INFO msg="Test in progress" test=archv2-nxm-batched tool=conduit-v1 step=test time-left=5s
time=2026-08-02T15:50:44.708-07:00 level=DEBUG msg="promql query logged" test=archv2-nxm-batched tool=conduit-v1 collector=conduit type=conduit collector=conduit type=conduit params="map[end:2026-08-02T22:50:44.708Z query:rate(conduit_pipeline_execution_duration_seconds_count{pipeline_name=\"archv2-nxm-batched\"}[2s]) start:2026-08-02T22:49:49.707Z step:1]" stats="&{Timings:{EvalTotalTime:0.000114292 ResultSortTime:7.5e-07 QueryPreparationTime:3.6792e-05 InnerEvalTime:6.6959e-05 ExecQueueTime:6.541e-06 ExecTotalTime:0.000123209} Samples:0x14000fa9e90}" spanID=0000000000000000
time=2026-08-02T15:50:44.708-07:00 level=DEBUG msg="Query returned data" test=archv2-nxm-batched tool=conduit-v1 collector=conduit type=conduit collector=conduit type=conduit name=msg-rate-per-second[archv2-nxm-batched] series-count=1 last-value=18964
time=2026-08-02T15:50:44.708-07:00 level=DEBUG msg="promql query logged" test=archv2-nxm-batched tool=conduit-v1 collector=conduit type=conduit collector=conduit type=conduit params="map[end:2026-08-02T22:50:44.708Z query:rate(conduit_connector_bytes_sum{pipeline_name=\"archv2-nxm-batched\",type=\"source\"}[2s])/1048576 start:2026-08-02T22:49:49.707Z step:1]" stats="&{Timings:{EvalTotalTime:0.000182208 ResultSortTime:2.125e-06 QueryPreparationTime:1.7708e-05 InnerEvalTime:0.000152708 ExecQueueTime:1.626e-06 ExecTotalTime:0.000187667} Samples:0x14000fb69c0}" spanID=0000000000000000
time=2026-08-02T15:50:44.708-07:00 level=WARN msg="Query returned multiple series, only first will be used" test=archv2-nxm-batched tool=conduit-v1 collector=conduit type=conduit collector=conduit type=conduit series-count=2
time=2026-08-02T15:50:44.709-07:00 level=DEBUG msg="Query returned data" test=archv2-nxm-batched tool=conduit-v1 collector=conduit type=conduit collector=conduit type=conduit name=msg-megabytes-in-per-second[archv2-nxm-batched] series-count=1 last-value=0.2646818161010742
time=2026-08-02T15:50:44.709-07:00 level=DEBUG msg="promql query logged" test=archv2-nxm-batched tool=conduit-v1 collector=conduit type=conduit collector=conduit type=conduit params="map[end:2026-08-02T22:50:44.709Z query:rate(conduit_connector_bytes_sum{pipeline_name=\"archv2-nxm-batched\",type=\"destination\"}[2s])/1048576 start:2026-08-02T22:49:49.707Z step:1]" stats="&{Timings:{EvalTotalTime:0.000125541 ResultSortTime:1.375e-06 QueryPreparationTime:1.5792e-05 InnerEvalTime:0.000102417 ExecQueueTime:1.834e-06 ExecTotalTime:0.000131291} Samples:0x140009778c0}" spanID=0000000000000000
time=2026-08-02T15:50:44.709-07:00 level=WARN msg="Query returned multiple series, only first will be used" test=archv2-nxm-batched tool=conduit-v1 collector=conduit type=conduit collector=conduit type=conduit series-count=2
time=2026-08-02T15:50:44.709-07:00 level=DEBUG msg="Query returned data" test=archv2-nxm-batched tool=conduit-v1 collector=conduit type=conduit collector=conduit type=conduit name=msg-megabytes-out-per-second[archv2-nxm-batched] series-count=1 last-value=0.5358028411865234
time=2026-08-02T15:50:45.069-07:00 level=DEBUG msg="Inspecting container" model=container-monitor name=benchi-conduit
time=2026-08-02T15:50:45.579-07:00 level=DEBUG msg="Inspecting container" model=container-monitor name=benchi-conduit
time=2026-08-02T15:50:45.708-07:00 level=DEBUG msg="promql query logged" test=archv2-nxm-batched tool=conduit-v1 collector=conduit type=conduit collector=conduit type=conduit params="map[end:2026-08-02T22:50:45.707Z query:rate(conduit_pipeline_execution_duration_seconds_count{pipeline_name=\"archv2-nxm-batched\"}[2s]) start:2026-08-02T22:49:49.707Z step:1]" stats="&{Timings:{EvalTotalTime:0.000105792 ResultSortTime:4.417e-06 QueryPreparationTime:3.0917e-05 InnerEvalTime:6.2667e-05 ExecQueueTime:4.626e-06 ExecTotalTime:0.000112792} Samples:0x14001680060}" spanID=0000000000000000
time=2026-08-02T15:50:45.708-07:00 level=DEBUG msg="Query returned data" test=archv2-nxm-batched tool=conduit-v1 collector=conduit type=conduit collector=conduit type=conduit name=msg-rate-per-second[archv2-nxm-batched] series-count=1 last-value=18766
time=2026-08-02T15:50:45.708-07:00 level=DEBUG msg="promql query logged" test=archv2-nxm-batched tool=conduit-v1 collector=conduit type=conduit collector=conduit type=conduit params="map[end:2026-08-02T22:50:45.708Z query:rate(conduit_connector_bytes_sum{pipeline_name=\"archv2-nxm-batched\",type=\"source\"}[2s])/1048576 start:2026-08-02T22:49:49.707Z step:1]" stats="&{Timings:{EvalTotalTime:0.000123292 ResultSortTime:1.792e-06 QueryPreparationTime:1e-05 InnerEvalTime:0.000106667 ExecQueueTime:1.084e-06 ExecTotalTime:0.000127} Samples:0x14001680720}" spanID=0000000000000000
time=2026-08-02T15:50:45.708-07:00 level=WARN msg="Query returned multiple series, only first will be used" test=archv2-nxm-batched tool=conduit-v1 collector=conduit type=conduit collector=conduit type=conduit series-count=2
time=2026-08-02T15:50:45.708-07:00 level=DEBUG msg="Query returned data" test=archv2-nxm-batched tool=conduit-v1 collector=conduit type=conduit collector=conduit type=conduit name=msg-megabytes-in-per-second[archv2-nxm-batched] series-count=1 last-value=0.2628955841064453
time=2026-08-02T15:50:45.709-07:00 level=DEBUG msg="promql query logged" test=archv2-nxm-batched tool=conduit-v1 collector=conduit type=conduit collector=conduit type=conduit params="map[end:2026-08-02T22:50:45.708Z query:rate(conduit_connector_bytes_sum{pipeline_name=\"archv2-nxm-batched\",type=\"destination\"}[2s])/1048576 start:2026-08-02T22:49:49.707Z step:1]" stats="&{Timings:{EvalTotalTime:0.000146791 ResultSortTime:1.125e-06 QueryPreparationTime:1.4e-05 InnerEvalTime:0.000126166 ExecQueueTime:1.667e-06 ExecTotalTime:0.000151292} Samples:0x140016be5d0}" spanID=0000000000000000
time=2026-08-02T15:50:45.709-07:00 level=WARN msg="Query returned multiple series, only first will be used" test=archv2-nxm-batched tool=conduit-v1 collector=conduit type=conduit collector=conduit type=conduit series-count=2
time=2026-08-02T15:50:45.709-07:00 level=DEBUG msg="Query returned data" test=archv2-nxm-batched tool=conduit-v1 collector=conduit type=conduit collector=conduit type=conduit name=msg-megabytes-out-per-second[archv2-nxm-batched] series-count=1 last-value=0.5299882888793945
time=2026-08-02T15:50:46.093-07:00 level=DEBUG msg="Inspecting container" model=container-monitor name=benchi-conduit
time=2026-08-02T15:50:46.599-07:00 level=DEBUG msg="Inspecting container" model=container-monitor name=benchi-conduit
time=2026-08-02T15:50:46.710-07:00 level=DEBUG msg="promql query logged" test=archv2-nxm-batched tool=conduit-v1 collector=conduit type=conduit collector=conduit type=conduit params="map[end:2026-08-02T22:50:46.710Z query:rate(conduit_pipeline_execution_duration_seconds_count{pipeline_name=\"archv2-nxm-batched\"}[2s]) start:2026-08-02T22:49:49.707Z step:1]" stats="&{Timings:{EvalTotalTime:0.000109333 ResultSortTime:7.5e-07 QueryPreparationTime:3.2e-05 InnerEvalTime:6.5916e-05 ExecQueueTime:5.125e-06 ExecTotalTime:0.000117667} Samples:0x14000fcec90}" spanID=0000000000000000
time=2026-08-02T15:50:46.710-07:00 level=DEBUG msg="Query returned data" test=archv2-nxm-batched tool=conduit-v1 collector=conduit type=conduit collector=conduit type=conduit name=msg-rate-per-second[archv2-nxm-batched] series-count=1 last-value=18424
time=2026-08-02T15:50:46.711-07:00 level=DEBUG msg="promql query logged" test=archv2-nxm-batched tool=conduit-v1 collector=conduit type=conduit collector=conduit type=conduit params="map[end:2026-08-02T22:50:46.710Z query:rate(conduit_connector_bytes_sum{pipeline_name=\"archv2-nxm-batched\",type=\"source\"}[2s])/1048576 start:2026-08-02T22:49:49.707Z step:1]" stats="&{Timings:{EvalTotalTime:0.000130292 ResultSortTime:1.958e-06 QueryPreparationTime:1.3333e-05 InnerEvalTime:0.000110417 ExecQueueTime:1.75e-06 ExecTotalTime:0.000135} Samples:0x14000fcf350}" spanID=0000000000000000
time=2026-08-02T15:50:46.711-07:00 level=WARN msg="Query returned multiple series, only first will be used" test=archv2-nxm-batched tool=conduit-v1 collector=conduit type=conduit collector=conduit type=conduit series-count=2
time=2026-08-02T15:50:46.711-07:00 level=DEBUG msg="Query returned data" test=archv2-nxm-batched tool=conduit-v1 collector=conduit type=conduit collector=conduit type=conduit name=msg-megabytes-in-per-second[archv2-nxm-batched] series-count=1 last-value=0.25925445556640625
time=2026-08-02T15:50:46.711-07:00 level=DEBUG msg="promql query logged" test=archv2-nxm-batched tool=conduit-v1 collector=conduit type=conduit collector=conduit type=conduit params="map[end:2026-08-02T22:50:46.711Z query:rate(conduit_connector_bytes_sum{pipeline_name=\"archv2-nxm-batched\",type=\"destination\"}[2s])/1048576 start:2026-08-02T22:49:49.707Z step:1]" stats="&{Timings:{EvalTotalTime:0.000133792 ResultSortTime:1.458e-06 QueryPreparationTime:1.6875e-05 InnerEvalTime:0.000108583 ExecQueueTime:1.875e-06 ExecTotalTime:0.000138458} Samples:0x1400100a0c0}" spanID=0000000000000000
time=2026-08-02T15:50:46.711-07:00 level=WARN msg="Query returned multiple series, only first will be used" test=archv2-nxm-batched tool=conduit-v1 collector=conduit type=conduit collector=conduit type=conduit series-count=2
time=2026-08-02T15:50:46.711-07:00 level=DEBUG msg="Query returned data" test=archv2-nxm-batched tool=conduit-v1 collector=conduit type=conduit collector=conduit type=conduit name=msg-megabytes-out-per-second[archv2-nxm-batched] series-count=1 last-value=0.5211477279663086
time=2026-08-02T15:50:47.104-07:00 level=DEBUG msg="Inspecting container" model=container-monitor name=benchi-conduit
time=2026-08-02T15:50:47.614-07:00 level=DEBUG msg="Inspecting container" model=container-monitor name=benchi-conduit
time=2026-08-02T15:50:47.708-07:00 level=DEBUG msg="promql query logged" test=archv2-nxm-batched tool=conduit-v1 collector=conduit type=conduit collector=conduit type=conduit params="map[end:2026-08-02T22:50:47.708Z query:rate(conduit_pipeline_execution_duration_seconds_count{pipeline_name=\"archv2-nxm-batched\"}[2s]) start:2026-08-02T22:49:49.707Z step:1]" stats="&{Timings:{EvalTotalTime:5.2417e-05 ResultSortTime:2.92e-07 QueryPreparationTime:1.4042e-05 InnerEvalTime:3.3458e-05 ExecQueueTime:2.458e-06 ExecTotalTime:5.8083e-05} Samples:0x1400117fa40}" spanID=0000000000000000
time=2026-08-02T15:50:47.708-07:00 level=DEBUG msg="Query returned data" test=archv2-nxm-batched tool=conduit-v1 collector=conduit type=conduit collector=conduit type=conduit name=msg-rate-per-second[archv2-nxm-batched] series-count=1 last-value=18844
time=2026-08-02T15:50:47.708-07:00 level=DEBUG msg="promql query logged" test=archv2-nxm-batched tool=conduit-v1 collector=conduit type=conduit collector=conduit type=conduit params="map[end:2026-08-02T22:50:47.708Z query:rate(conduit_connector_bytes_sum{pipeline_name=\"archv2-nxm-batched\",type=\"source\"}[2s])/1048576 start:2026-08-02T22:49:49.707Z step:1]" stats="&{Timings:{EvalTotalTime:9.1708e-05 ResultSortTime:7.08e-07 QueryPreparationTime:5.917e-06 InnerEvalTime:8.1834e-05 ExecQueueTime:8.74e-07 ExecTotalTime:9.3958e-05} Samples:0x140011c0180}" spanID=0000000000000000
time=2026-08-02T15:50:47.708-07:00 level=WARN msg="Query returned multiple series, only first will be used" test=archv2-nxm-batched tool=conduit-v1 collector=conduit type=conduit collector=conduit type=conduit series-count=2
time=2026-08-02T15:50:47.708-07:00 level=DEBUG msg="Query returned data" test=archv2-nxm-batched tool=conduit-v1 collector=conduit type=conduit collector=conduit type=conduit name=msg-megabytes-in-per-second[archv2-nxm-batched] series-count=1 last-value=0.26398563385009766
time=2026-08-02T15:50:47.708-07:00 level=DEBUG msg="promql query logged" test=archv2-nxm-batched tool=conduit-v1 collector=conduit type=conduit collector=conduit type=conduit params="map[end:2026-08-02T22:50:47.708Z query:rate(conduit_connector_bytes_sum{pipeline_name=\"archv2-nxm-batched\",type=\"destination\"}[2s])/1048576 start:2026-08-02T22:49:49.707Z step:1]" stats="&{Timings:{EvalTotalTime:9.4084e-05 ResultSortTime:5e-07 QueryPreparationTime:7.5e-06 InnerEvalTime:8.225e-05 ExecQueueTime:1.167e-06 ExecTotalTime:9.725e-05} Samples:0x14000e52c00}" spanID=0000000000000000
time=2026-08-02T15:50:47.708-07:00 level=WARN msg="Query returned multiple series, only first will be used" test=archv2-nxm-batched tool=conduit-v1 collector=conduit type=conduit collector=conduit type=conduit series-count=2
time=2026-08-02T15:50:47.708-07:00 level=DEBUG msg="Query returned data" test=archv2-nxm-batched tool=conduit-v1 collector=conduit type=conduit collector=conduit type=conduit name=msg-megabytes-out-per-second[archv2-nxm-batched] series-count=1 last-value=0.5325536727905273
time=2026-08-02T15:50:48.131-07:00 level=DEBUG msg="Inspecting container" model=container-monitor name=benchi-conduit
time=2026-08-02T15:50:48.642-07:00 level=DEBUG msg="Inspecting container" model=container-monitor name=benchi-conduit
time=2026-08-02T15:50:48.710-07:00 level=DEBUG msg="promql query logged" test=archv2-nxm-batched tool=conduit-v1 collector=conduit type=conduit collector=conduit type=conduit params="map[end:2026-08-02T22:50:48.709Z query:rate(conduit_pipeline_execution_duration_seconds_count{pipeline_name=\"archv2-nxm-batched\"}[2s]) start:2026-08-02T22:49:49.707Z step:1]" stats="&{Timings:{EvalTotalTime:0.000109958 ResultSortTime:8.34e-07 QueryPreparationTime:3.1584e-05 InnerEvalTime:6.9125e-05 ExecQueueTime:4.667e-06 ExecTotalTime:0.000118167} Samples:0x1400128b800}" spanID=0000000000000000
time=2026-08-02T15:50:48.710-07:00 level=DEBUG msg="Query returned data" test=archv2-nxm-batched tool=conduit-v1 collector=conduit type=conduit collector=conduit type=conduit name=msg-rate-per-second[archv2-nxm-batched] series-count=1 last-value=19420
time=2026-08-02T15:50:48.710-07:00 level=DEBUG msg="promql query logged" test=archv2-nxm-batched tool=conduit-v1 collector=conduit type=conduit collector=conduit type=conduit params="map[end:2026-08-02T22:50:48.710Z query:rate(conduit_connector_bytes_sum{pipeline_name=\"archv2-nxm-batched\",type=\"source\"}[2s])/1048576 start:2026-08-02T22:49:49.707Z step:1]" stats="&{Timings:{EvalTotalTime:0.000126458 ResultSortTime:1.542e-06 QueryPreparationTime:1.1833e-05 InnerEvalTime:0.000108584 ExecQueueTime:1.75e-06 ExecTotalTime:0.000130125} Samples:0x1400128bef0}" spanID=0000000000000000
time=2026-08-02T15:50:48.710-07:00 level=WARN msg="Query returned multiple series, only first will be used" test=archv2-nxm-batched tool=conduit-v1 collector=conduit type=conduit collector=conduit type=conduit series-count=2
time=2026-08-02T15:50:48.710-07:00 level=DEBUG msg="Query returned data" test=archv2-nxm-batched tool=conduit-v1 collector=conduit type=conduit collector=conduit type=conduit name=msg-megabytes-in-per-second[archv2-nxm-batched] series-count=1 last-value=0.27266883850097656
time=2026-08-02T15:50:48.710-07:00 level=DEBUG msg="promql query logged" test=archv2-nxm-batched tool=conduit-v1 collector=conduit type=conduit collector=conduit type=conduit params="map[end:2026-08-02T22:50:48.710Z query:rate(conduit_connector_bytes_sum{pipeline_name=\"archv2-nxm-batched\",type=\"destination\"}[2s])/1048576 start:2026-08-02T22:49:49.707Z step:1]" stats="&{Timings:{EvalTotalTime:0.000121458 ResultSortTime:5.41e-07 QueryPreparationTime:1.3708e-05 InnerEvalTime:0.000101666 ExecQueueTime:1.041e-06 ExecTotalTime:0.000128416} Samples:0x14001211620}" spanID=0000000000000000
time=2026-08-02T15:50:48.710-07:00 level=WARN msg="Query returned multiple series, only first will be used" test=archv2-nxm-batched tool=conduit-v1 collector=conduit type=conduit collector=conduit type=conduit series-count=2
time=2026-08-02T15:50:48.710-07:00 level=DEBUG msg="Query returned data" test=archv2-nxm-batched tool=conduit-v1 collector=conduit type=conduit collector=conduit type=conduit name=msg-megabytes-out-per-second[archv2-nxm-batched] series-count=1 last-value=0.5488567352294922
time=2026-08-02T15:50:49.149-07:00 level=DEBUG msg="Inspecting container" model=container-monitor name=benchi-conduit
time=2026-08-02T15:50:49.658-07:00 level=DEBUG msg="Inspecting container" model=container-monitor name=benchi-conduit
time=2026-08-02T15:50:49.708-07:00 level=INFO msg="Test in progress" test=archv2-nxm-batched tool=conduit-v1 step=test time-left=0s
time=2026-08-02T15:50:49.708-07:00 level=DEBUG msg="promql query logged" test=archv2-nxm-batched tool=conduit-v1 collector=conduit type=conduit collector=conduit type=conduit params="map[end:2026-08-02T22:50:49.707Z query:rate(conduit_pipeline_execution_duration_seconds_count{pipeline_name=\"archv2-nxm-batched\"}[2s]) start:2026-08-02T22:49:49.707Z step:1]" stats="&{Timings:{EvalTotalTime:6.1625e-05 ResultSortTime:4.59e-07 QueryPreparationTime:1.6375e-05 InnerEvalTime:3.7708e-05 ExecQueueTime:2.708e-06 ExecTotalTime:6.575e-05} Samples:0x140013cf9b0}" spanID=0000000000000000
time=2026-08-02T15:50:49.708-07:00 level=DEBUG msg="Query returned data" test=archv2-nxm-batched tool=conduit-v1 collector=conduit type=conduit collector=conduit type=conduit name=msg-rate-per-second[archv2-nxm-batched] series-count=1 last-value=18482
time=2026-08-02T15:50:49.708-07:00 level=DEBUG msg="promql query logged" test=archv2-nxm-batched tool=conduit-v1 collector=conduit type=conduit collector=conduit type=conduit params="map[end:2026-08-02T22:50:49.708Z query:rate(conduit_connector_bytes_sum{pipeline_name=\"archv2-nxm-batched\",type=\"source\"}[2s])/1048576 start:2026-08-02T22:49:49.707Z step:1]" stats="&{Timings:{EvalTotalTime:0.000101166 ResultSortTime:1.041e-06 QueryPreparationTime:8.25e-06 InnerEvalTime:8.7667e-05 ExecQueueTime:1.124e-06 ExecTotalTime:0.000103667} Samples:0x140013f00f0}" spanID=0000000000000000
time=2026-08-02T15:50:49.708-07:00 level=WARN msg="Query returned multiple series, only first will be used" test=archv2-nxm-batched tool=conduit-v1 collector=conduit type=conduit collector=conduit type=conduit series-count=2
time=2026-08-02T15:50:49.708-07:00 level=DEBUG msg="Query returned data" test=archv2-nxm-batched tool=conduit-v1 collector=conduit type=conduit collector=conduit type=conduit name=msg-megabytes-in-per-second[archv2-nxm-batched] series-count=1 last-value=0.2617483139038086
time=2026-08-02T15:50:49.708-07:00 level=DEBUG msg="promql query logged" test=archv2-nxm-batched tool=conduit-v1 collector=conduit type=conduit collector=conduit type=conduit params="map[end:2026-08-02T22:50:49.708Z query:rate(conduit_connector_bytes_sum{pipeline_name=\"archv2-nxm-batched\",type=\"destination\"}[2s])/1048576 start:2026-08-02T22:49:49.707Z step:1]" stats="&{Timings:{EvalTotalTime:0.000106625 ResultSortTime:5.41e-07 QueryPreparationTime:8.875e-06 InnerEvalTime:9.325e-05 ExecQueueTime:1.125e-06 ExecTotalTime:0.000109416} Samples:0x1400143adb0}" spanID=0000000000000000
time=2026-08-02T15:50:49.708-07:00 level=WARN msg="Query returned multiple series, only first will be used" test=archv2-nxm-batched tool=conduit-v1 collector=conduit type=conduit collector=conduit type=conduit series-count=2
time=2026-08-02T15:50:49.708-07:00 level=DEBUG msg="Query returned data" test=archv2-nxm-batched tool=conduit-v1 collector=conduit type=conduit collector=conduit type=conduit name=msg-megabytes-out-per-second[archv2-nxm-batched] series-count=1 last-value=0.5219564437866211
time=2026-08-02T15:50:50.163-07:00 level=DEBUG msg="Inspecting container" model=container-monitor name=benchi-conduit
time=2026-08-02T15:50:50.215-07:00 level=INFO msg="Step successful" test=archv2-nxm-batched tool=conduit-v1 step=test
time=2026-08-02T15:50:50.215-07:00 level=INFO msg="Running step" test=archv2-nxm-batched tool=conduit-v1 step=post-test
time=2026-08-02T15:50:50.215-07:00 level=INFO msg="Exporting metrics" test=archv2-nxm-batched tool=conduit-v1 step=post-test collector=conduit path=/Users/devarisbrown/Code/projects/conduit/benchi/archv2-nxm-batched/results/r1/archv2-nxm-batched_conduit-v1/conduit.csv
time=2026-08-02T15:50:50.216-07:00 level=INFO msg="Exporting metrics" test=archv2-nxm-batched tool=conduit-v1 step=post-test collector=docker path=/Users/devarisbrown/Code/projects/conduit/benchi/archv2-nxm-batched/results/r1/archv2-nxm-batched_conduit-v1/docker.csv
time=2026-08-02T15:50:50.216-07:00 level=DEBUG msg="Running hooks" test=archv2-nxm-batched tool=conduit-v1 step=post-test count=0
time=2026-08-02T15:50:50.216-07:00 level=INFO msg="Step successful" test=archv2-nxm-batched tool=conduit-v1 step=post-test
time=2026-08-02T15:50:50.216-07:00 level=INFO msg="Running step" test=archv2-nxm-batched tool=conduit-v1 step=pre-cleanup
time=2026-08-02T15:50:50.216-07:00 level=DEBUG msg="Running hooks" test=archv2-nxm-batched tool=conduit-v1 step=pre-cleanup count=0
time=2026-08-02T15:50:50.216-07:00 level=INFO msg="Step successful" test=archv2-nxm-batched tool=conduit-v1 step=pre-cleanup
time=2026-08-02T15:50:50.216-07:00 level=INFO msg="Running step" test=archv2-nxm-batched tool=conduit-v1 step=cleanup
time=2026-08-02T15:50:50.216-07:00 level=INFO msg="Stopping containers" test=archv2-nxm-batched tool=conduit-v1 step=tool
time=2026-08-02T15:50:50.216-07:00 level=DEBUG msg="Executing command" command="/usr/local/bin/docker compose -f ./tools/compose-conduit-v1.yml down"
time=2026-08-02T15:50:50.595-07:00 level=INFO msg="Step successful" test=archv2-nxm-batched tool=conduit-v1 step=cleanup
time=2026-08-02T15:50:50.596-07:00 level=INFO msg="Running step" test=archv2-nxm-batched tool=conduit-v1 step=post-cleanup
time=2026-08-02T15:50:50.596-07:00 level=DEBUG msg="Running hooks" test=archv2-nxm-batched tool=conduit-v1 step=post-cleanup count=0
time=2026-08-02T15:50:50.596-07:00 level=INFO msg="Step successful" test=archv2-nxm-batched tool=conduit-v1 step=post-cleanup
time=2026-08-02T15:50:50.596-07:00 level=INFO msg="Running step" test=archv2-nxm-batched tool=conduit-v2 step=pre-infrastructure
time=2026-08-02T15:50:50.596-07:00 level=INFO msg="Pulling docker images for tool containers" test=archv2-nxm-batched tool=conduit-v2 step=pre-infrastructure containers=[benchi-conduit]
time=2026-08-02T15:50:50.597-07:00 level=DEBUG msg="Executing command" command="/usr/local/bin/docker compose -f ./tools/compose-conduit-v2.yml pull"
time=2026-08-02T15:50:50.668-07:00 level=DEBUG msg="Inspecting container" model=container-monitor name=benchi-conduit
time=2026-08-02T15:50:50.671-07:00 level=DEBUG msg="Container not found" model=container-monitor name=benchi-conduit
time=2026-08-02T15:50:50.711-07:00 level=INFO msg="Pulling docker images for hooks" test=archv2-nxm-batched tool=conduit-v2 step=pre-infrastructure images=[]
time=2026-08-02T15:50:50.711-07:00 level=DEBUG msg="Running hooks" test=archv2-nxm-batched tool=conduit-v2 step=pre-infrastructure count=0
time=2026-08-02T15:50:50.711-07:00 level=INFO msg="Step successful" test=archv2-nxm-batched tool=conduit-v2 step=pre-infrastructure
time=2026-08-02T15:50:50.711-07:00 level=INFO msg="Running step" test=archv2-nxm-batched tool=conduit-v2 step=infrastructure
time=2026-08-02T15:50:50.711-07:00 level=INFO msg="No infrastructure to start" test=archv2-nxm-batched tool=conduit-v2 step=infrastructure
time=2026-08-02T15:50:50.711-07:00 level=INFO msg="Step successful" test=archv2-nxm-batched tool=conduit-v2 step=infrastructure
time=2026-08-02T15:50:50.711-07:00 level=INFO msg="Running step" test=archv2-nxm-batched tool=conduit-v2 step=post-infrastructure
time=2026-08-02T15:50:50.711-07:00 level=DEBUG msg="Running hooks" test=archv2-nxm-batched tool=conduit-v2 step=post-infrastructure count=0
time=2026-08-02T15:50:50.711-07:00 level=INFO msg="Step successful" test=archv2-nxm-batched tool=conduit-v2 step=post-infrastructure
time=2026-08-02T15:50:50.712-07:00 level=INFO msg="Running step" test=archv2-nxm-batched tool=conduit-v2 step=pre-tool
time=2026-08-02T15:50:50.712-07:00 level=DEBUG msg="Running hooks" test=archv2-nxm-batched tool=conduit-v2 step=pre-tool count=0
time=2026-08-02T15:50:50.712-07:00 level=INFO msg="Step successful" test=archv2-nxm-batched tool=conduit-v2 step=pre-tool
time=2026-08-02T15:50:50.712-07:00 level=INFO msg="Running step" test=archv2-nxm-batched tool=conduit-v2 step=tool
time=2026-08-02T15:50:50.712-07:00 level=INFO msg="Waiting for container status to be healthy" test=archv2-nxm-batched tool=conduit-v2 step=tool container=benchi-conduit status=N/A
time=2026-08-02T15:50:50.712-07:00 level=DEBUG msg="Executing command" command="/usr/local/bin/docker compose -f ./tools/compose-conduit-v2.yml up"
time=2026-08-02T15:50:51.098-07:00 level=DEBUG msg="Inspecting container" model=container-monitor name=benchi-conduit
time=2026-08-02T15:50:51.609-07:00 level=DEBUG msg="Inspecting container" model=container-monitor name=benchi-conduit
time=2026-08-02T15:50:51.725-07:00 level=DEBUG msg="Inspected container" test=archv2-nxm-batched tool=conduit-v2 step=tool container=benchi-conduit response="{ContainerJSONBase:0x14000fdf8c0 Mounts:[{Type:bind Name: Source:/Users/devarisbrown/Code/projects/conduit/benchi/archv2-nxm-batched/pipeline.yml Destination:/app/pipelines/pipeline.yml Driver: Mode:rw RW:true Propagation:rprivate}] Config:0x1400162a140 NetworkSettings:0x14001630100 ImageManifestDescriptor:<nil>}" state="{Status:running Running:true Paused:false Restarting:false OOMKilled:false Dead:false Pid:13296 ExitCode:0 Error: StartedAt:2026-08-02T22:50:50.905675513Z FinishedAt:0001-01-01T00:00:00Z Health:<nil>}"
time=2026-08-02T15:50:51.725-07:00 level=INFO msg="Container is running (consider adding a health check!)" test=archv2-nxm-batched tool=conduit-v2 step=tool container=/benchi-conduit
time=2026-08-02T15:50:51.725-07:00 level=INFO msg="Tools started" test=archv2-nxm-batched tool=conduit-v2 step=tool
time=2026-08-02T15:50:51.726-07:00 level=INFO msg="Step successful" test=archv2-nxm-batched tool=conduit-v2 step=tool
time=2026-08-02T15:50:51.726-07:00 level=INFO msg="Running step" test=archv2-nxm-batched tool=conduit-v2 step=post-tool
time=2026-08-02T15:50:51.726-07:00 level=DEBUG msg="Running hooks" test=archv2-nxm-batched tool=conduit-v2 step=post-tool count=0
time=2026-08-02T15:50:51.726-07:00 level=INFO msg="Step successful" test=archv2-nxm-batched tool=conduit-v2 step=post-tool
time=2026-08-02T15:50:51.726-07:00 level=INFO msg="Running step" test=archv2-nxm-batched tool=conduit-v2 step=pre-test
time=2026-08-02T15:50:51.726-07:00 level=DEBUG msg="Running hooks" test=archv2-nxm-batched tool=conduit-v2 step=pre-test count=0
time=2026-08-02T15:50:51.726-07:00 level=INFO msg="Step successful" test=archv2-nxm-batched tool=conduit-v2 step=pre-test
time=2026-08-02T15:50:51.726-07:00 level=INFO msg="Running step" test=archv2-nxm-batched tool=conduit-v2 step=test
time=2026-08-02T15:50:51.726-07:00 level=INFO msg="Running collector" test=archv2-nxm-batched tool=conduit-v2 step=test name=conduit type=conduit
time=2026-08-02T15:50:51.726-07:00 level=INFO msg="Running collector" test=archv2-nxm-batched tool=conduit-v2 step=test name=docker type=docker
time=2026-08-02T15:50:51.726-07:00 level=INFO msg="Test in progress" test=archv2-nxm-batched tool=conduit-v2 step=test time-left=1m0s
time=2026-08-02T15:50:51.726-07:00 level=DEBUG msg="Collecting stats" test=archv2-nxm-batched tool=conduit-v2 collector=docker type=docker collector=docker type=docker container=benchi-conduit
time=2026-08-02T15:50:52.126-07:00 level=DEBUG msg="Inspecting container" model=container-monitor name=benchi-conduit
time=2026-08-02T15:50:52.662-07:00 level=DEBUG msg="Inspecting container" model=container-monitor name=benchi-conduit
time=2026-08-02T15:50:52.730-07:00 level=DEBUG msg="promql query logged" test=archv2-nxm-batched tool=conduit-v2 collector=conduit type=conduit collector=conduit type=conduit params="map[end:2026-08-02T22:50:52.730Z query:rate(conduit_pipeline_execution_duration_seconds_count{pipeline_name=\"archv2-nxm-batched\"}[2s]) start:2026-08-02T22:50:51.726Z step:1]" stats="&{Timings:{EvalTotalTime:4.075e-05 ResultSortTime:3.75e-07 QueryPreparationTime:7.166e-06 InnerEvalTime:2.4792e-05 ExecQueueTime:2.708e-06 ExecTotalTime:4.5792e-05} Samples:0x140016c4810}" spanID=0000000000000000
time=2026-08-02T15:50:52.730-07:00 level=DEBUG msg="No data returned from query" test=archv2-nxm-batched tool=conduit-v2 collector=conduit type=conduit collector=conduit type=conduit
time=2026-08-02T15:50:52.730-07:00 level=DEBUG msg="promql query logged" test=archv2-nxm-batched tool=conduit-v2 collector=conduit type=conduit collector=conduit type=conduit params="map[end:2026-08-02T22:50:52.730Z query:rate(conduit_connector_bytes_sum{pipeline_name=\"archv2-nxm-batched\",type=\"source\"}[2s])/1048576 start:2026-08-02T22:50:51.726Z step:1]" stats="&{Timings:{EvalTotalTime:5.0084e-05 ResultSortTime:2.92e-07 QueryPreparationTime:3.041e-06 InnerEvalTime:4.35e-05 ExecQueueTime:9.17e-07 ExecTotalTime:5.2666e-05} Samples:0x140016c4de0}" spanID=0000000000000000
time=2026-08-02T15:50:52.730-07:00 level=DEBUG msg="No data returned from query" test=archv2-nxm-batched tool=conduit-v2 collector=conduit type=conduit collector=conduit type=conduit
time=2026-08-02T15:50:52.730-07:00 level=DEBUG msg="promql query logged" test=archv2-nxm-batched tool=conduit-v2 collector=conduit type=conduit collector=conduit type=conduit params="map[end:2026-08-02T22:50:52.730Z query:rate(conduit_connector_bytes_sum{pipeline_name=\"archv2-nxm-batched\",type=\"destination\"}[2s])/1048576 start:2026-08-02T22:50:51.726Z step:1]" stats="&{Timings:{EvalTotalTime:3.4333e-05 ResultSortTime:1.66e-07 QueryPreparationTime:3.75e-06 InnerEvalTime:2.6292e-05 ExecQueueTime:1.293e-06 ExecTotalTime:3.8542e-05} Samples:0x14001358a80}" spanID=0000000000000000
time=2026-08-02T15:50:52.731-07:00 level=DEBUG msg="No data returned from query" test=archv2-nxm-batched tool=conduit-v2 collector=conduit type=conduit collector=conduit type=conduit
time=2026-08-02T15:50:53.185-07:00 level=DEBUG msg="Inspecting container" model=container-monitor name=benchi-conduit
time=2026-08-02T15:50:53.713-07:00 level=DEBUG msg="Inspecting container" model=container-monitor name=benchi-conduit
time=2026-08-02T15:50:53.727-07:00 level=DEBUG msg="promql query logged" test=archv2-nxm-batched tool=conduit-v2 collector=conduit type=conduit collector=conduit type=conduit params="map[end:2026-08-02T22:50:53.726Z query:rate(conduit_pipeline_execution_duration_seconds_count{pipeline_name=\"archv2-nxm-batched\"}[2s]) start:2026-08-02T22:50:51.726Z step:1]" stats="&{Timings:{EvalTotalTime:4.6708e-05 ResultSortTime:5e-07 QueryPreparationTime:1.6542e-05 InnerEvalTime:2.3542e-05 ExecQueueTime:2.083e-06 ExecTotalTime:5.0708e-05} Samples:0x140013596b0}" spanID=0000000000000000
time=2026-08-02T15:50:53.727-07:00 level=DEBUG msg="No data returned from query" test=archv2-nxm-batched tool=conduit-v2 collector=conduit type=conduit collector=conduit type=conduit
time=2026-08-02T15:50:53.727-07:00 level=DEBUG msg="promql query logged" test=archv2-nxm-batched tool=conduit-v2 collector=conduit type=conduit collector=conduit type=conduit params="map[end:2026-08-02T22:50:53.727Z query:rate(conduit_connector_bytes_sum{pipeline_name=\"archv2-nxm-batched\",type=\"source\"}[2s])/1048576 start:2026-08-02T22:50:51.726Z step:1]" stats="&{Timings:{EvalTotalTime:3.5708e-05 ResultSortTime:1.66e-07 QueryPreparationTime:7.084e-06 InnerEvalTime:2.5333e-05 ExecQueueTime:9.17e-07 ExecTotalTime:3.8167e-05} Samples:0x14001359d70}" spanID=0000000000000000
time=2026-08-02T15:50:53.727-07:00 level=DEBUG msg="No data returned from query" test=archv2-nxm-batched tool=conduit-v2 collector=conduit type=conduit collector=conduit type=conduit
time=2026-08-02T15:50:53.727-07:00 level=DEBUG msg="promql query logged" test=archv2-nxm-batched tool=conduit-v2 collector=conduit type=conduit collector=conduit type=conduit params="map[end:2026-08-02T22:50:53.727Z query:rate(conduit_connector_bytes_sum{pipeline_name=\"archv2-nxm-batched\",type=\"destination\"}[2s])/1048576 start:2026-08-02T22:50:51.726Z step:1]" stats="&{Timings:{EvalTotalTime:2.5791e-05 ResultSortTime:1.25e-07 QueryPreparationTime:8.792e-06 InnerEvalTime:1.4e-05 ExecQueueTime:8.34e-07 ExecTotalTime:4.2416e-05} Samples:0x1400119a4b0}" spanID=0000000000000000
time=2026-08-02T15:50:53.727-07:00 level=DEBUG msg="No data returned from query" test=archv2-nxm-batched tool=conduit-v2 collector=conduit type=conduit collector=conduit type=conduit
time=2026-08-02T15:50:54.229-07:00 level=DEBUG msg="Inspecting container" model=container-monitor name=benchi-conduit
time=2026-08-02T15:50:54.728-07:00 level=DEBUG msg="promql query logged" test=archv2-nxm-batched tool=conduit-v2 collector=conduit type=conduit collector=conduit type=conduit params="map[end:2026-08-02T22:50:54.728Z query:rate(conduit_pipeline_execution_duration_seconds_count{pipeline_name=\"archv2-nxm-batched\"}[2s]) start:2026-08-02T22:50:51.726Z step:1]" stats="&{Timings:{EvalTotalTime:8.2541e-05 ResultSortTime:5.41e-07 QueryPreparationTime:1.6416e-05 InnerEvalTime:6.0541e-05 ExecQueueTime:2.25e-06 ExecTotalTime:8.7125e-05} Samples:0x14001583710}" spanID=0000000000000000
time=2026-08-02T15:50:54.728-07:00 level=DEBUG msg="Query returned data" test=archv2-nxm-batched tool=conduit-v2 collector=conduit type=conduit collector=conduit type=conduit name=msg-rate-per-second[archv2-nxm-batched] series-count=1 last-value=49152.54237288136
time=2026-08-02T15:50:54.728-07:00 level=DEBUG msg="promql query logged" test=archv2-nxm-batched tool=conduit-v2 collector=conduit type=conduit collector=conduit type=conduit params="map[end:2026-08-02T22:50:54.728Z query:rate(conduit_connector_bytes_sum{pipeline_name=\"archv2-nxm-batched\",type=\"source\"}[2s])/1048576 start:2026-08-02T22:50:51.726Z step:1]" stats="&{Timings:{EvalTotalTime:4.9167e-05 ResultSortTime:8.33e-07 QueryPreparationTime:8.75e-06 InnerEvalTime:3.6083e-05 ExecQueueTime:1.084e-06 ExecTotalTime:5.1958e-05} Samples:0x14001583e00}" spanID=0000000000000000
time=2026-08-02T15:50:54.728-07:00 level=WARN msg="Query returned multiple series, only first will be used" test=archv2-nxm-batched tool=conduit-v2 collector=conduit type=conduit collector=conduit type=conduit series-count=2
time=2026-08-02T15:50:54.728-07:00 level=DEBUG msg="Query returned data" test=archv2-nxm-batched tool=conduit-v2 collector=conduit type=conduit collector=conduit type=conduit name=msg-megabytes-in-per-second[archv2-nxm-batched] series-count=1 last-value=0.7040379411083157
time=2026-08-02T15:50:54.728-07:00 level=DEBUG msg="promql query logged" test=archv2-nxm-batched tool=conduit-v2 collector=conduit type=conduit collector=conduit type=conduit params="map[end:2026-08-02T22:50:54.728Z query:rate(conduit_connector_bytes_sum{pipeline_name=\"archv2-nxm-batched\",type=\"destination\"}[2s])/1048576 start:2026-08-02T22:50:51.726Z step:1]" stats="&{Timings:{EvalTotalTime:3.3417e-05 ResultSortTime:5.42e-07 QueryPreparationTime:7.833e-06 InnerEvalTime:2.1583e-05 ExecQueueTime:1.042e-06 ExecTotalTime:3.6208e-05} Samples:0x14000b99710}" spanID=0000000000000000
time=2026-08-02T15:50:54.728-07:00 level=WARN msg="Query returned multiple series, only first will be used" test=archv2-nxm-batched tool=conduit-v2 collector=conduit type=conduit collector=conduit type=conduit series-count=2
time=2026-08-02T15:50:54.728-07:00 level=DEBUG msg="Query returned data" test=archv2-nxm-batched tool=conduit-v2 collector=conduit type=conduit collector=conduit type=conduit name=msg-megabytes-out-per-second[archv2-nxm-batched] series-count=1 last-value=1.3861689467729625
time=2026-08-02T15:50:54.744-07:00 level=DEBUG msg="Inspecting container" model=container-monitor name=benchi-conduit
time=2026-08-02T15:50:55.284-07:00 level=DEBUG msg="Inspecting container" model=container-monitor name=benchi-conduit
time=2026-08-02T15:50:55.729-07:00 level=DEBUG msg="promql query logged" test=archv2-nxm-batched tool=conduit-v2 collector=conduit type=conduit collector=conduit type=conduit params="map[end:2026-08-02T22:50:55.729Z query:rate(conduit_pipeline_execution_duration_seconds_count{pipeline_name=\"archv2-nxm-batched\"}[2s]) start:2026-08-02T22:50:51.726Z step:1]" stats="&{Timings:{EvalTotalTime:5.7083e-05 ResultSortTime:2.5e-07 QueryPreparationTime:1.4875e-05 InnerEvalTime:3.4667e-05 ExecQueueTime:2.333e-06 ExecTotalTime:6.1458e-05} Samples:0x140012f5ec0}" spanID=0000000000000000
time=2026-08-02T15:50:55.729-07:00 level=DEBUG msg="Query returned data" test=archv2-nxm-batched tool=conduit-v2 collector=conduit type=conduit collector=conduit type=conduit name=msg-rate-per-second[archv2-nxm-batched] series-count=1 last-value=44595.78736208626
time=2026-08-02T15:50:55.729-07:00 level=DEBUG msg="promql query logged" test=archv2-nxm-batched tool=conduit-v2 collector=conduit type=conduit collector=conduit type=conduit params="map[end:2026-08-02T22:50:55.729Z query:rate(conduit_connector_bytes_sum{pipeline_name=\"archv2-nxm-batched\",type=\"source\"}[2s])/1048576 start:2026-08-02T22:50:51.726Z step:1]" stats="&{Timings:{EvalTotalTime:3.9459e-05 ResultSortTime:8.33e-07 QueryPreparationTime:8.25e-06 InnerEvalTime:2.7208e-05 ExecQueueTime:1.4416e-05 ExecTotalTime:4.2458e-05} Samples:0x140007fe720}" spanID=0000000000000000
time=2026-08-02T15:50:55.729-07:00 level=WARN msg="Query returned multiple series, only first will be used" test=archv2-nxm-batched tool=conduit-v2 collector=conduit type=conduit collector=conduit type=conduit series-count=2
time=2026-08-02T15:50:55.729-07:00 level=DEBUG msg="Query returned data" test=archv2-nxm-batched tool=conduit-v2 collector=conduit type=conduit collector=conduit type=conduit name=msg-megabytes-in-per-second[archv2-nxm-batched] series-count=1 last-value=0.619707518857843
time=2026-08-02T15:50:55.730-07:00 level=DEBUG msg="promql query logged" test=archv2-nxm-batched tool=conduit-v2 collector=conduit type=conduit collector=conduit type=conduit params="map[end:2026-08-02T22:50:55.729Z query:rate(conduit_connector_bytes_sum{pipeline_name=\"archv2-nxm-batched\",type=\"destination\"}[2s])/1048576 start:2026-08-02T22:50:51.726Z step:1]" stats="&{Timings:{EvalTotalTime:2.9375e-05 ResultSortTime:5e-07 QueryPreparationTime:6e-06 InnerEvalTime:1.9833e-05 ExecQueueTime:9.16e-07 ExecTotalTime:3.1875e-05} Samples:0x140007feff0}" spanID=0000000000000000
time=2026-08-02T15:50:55.730-07:00 level=WARN msg="Query returned multiple series, only first will be used" test=archv2-nxm-batched tool=conduit-v2 collector=conduit type=conduit collector=conduit type=conduit series-count=2
time=2026-08-02T15:50:55.730-07:00 level=DEBUG msg="Query returned data" test=archv2-nxm-batched tool=conduit-v2 collector=conduit type=conduit collector=conduit type=conduit name=msg-megabytes-out-per-second[archv2-nxm-batched] series-count=1 last-value=1.264086219228976
time=2026-08-02T15:50:55.808-07:00 level=DEBUG msg="Inspecting container" model=container-monitor name=benchi-conduit
time=2026-08-02T15:50:56.320-07:00 level=DEBUG msg="Inspecting container" model=container-monitor name=benchi-conduit
time=2026-08-02T15:50:56.728-07:00 level=INFO msg="Test in progress" test=archv2-nxm-batched tool=conduit-v2 step=test time-left=55s
time=2026-08-02T15:50:56.729-07:00 level=DEBUG msg="promql query logged" test=archv2-nxm-batched tool=conduit-v2 collector=conduit type=conduit collector=conduit type=conduit params="map[end:2026-08-02T22:50:56.728Z query:rate(conduit_pipeline_execution_duration_seconds_count{pipeline_name=\"archv2-nxm-batched\"}[2s]) start:2026-08-02T22:50:51.726Z step:1]" stats="&{Timings:{EvalTotalTime:4.9125e-05 ResultSortTime:5e-07 QueryPreparationTime:1.575e-05 InnerEvalTime:2.8e-05 ExecQueueTime:2.5e-06 ExecTotalTime:5.3916e-05} Samples:0x14000dad650}" spanID=0000000000000000
time=2026-08-02T15:50:56.729-07:00 level=DEBUG msg="Query returned data" test=archv2-nxm-batched tool=conduit-v2 collector=conduit type=conduit collector=conduit type=conduit name=msg-rate-per-second[archv2-nxm-batched] series-count=1 last-value=46778
time=2026-08-02T15:50:56.729-07:00 level=DEBUG msg="promql query logged" test=archv2-nxm-batched tool=conduit-v2 collector=conduit type=conduit collector=conduit type=conduit params="map[end:2026-08-02T22:50:56.729Z query:rate(conduit_connector_bytes_sum{pipeline_name=\"archv2-nxm-batched\",type=\"source\"}[2s])/1048576 start:2026-08-02T22:50:51.726Z step:1]" stats="&{Timings:{EvalTotalTime:4.325e-05 ResultSortTime:7.5e-07 QueryPreparationTime:8e-06 InnerEvalTime:3.1209e-05 ExecQueueTime:1.084e-06 ExecTotalTime:4.6084e-05} Samples:0x14000daddd0}" spanID=0000000000000000
time=2026-08-02T15:50:56.729-07:00 level=WARN msg="Query returned multiple series, only first will be used" test=archv2-nxm-batched tool=conduit-v2 collector=conduit type=conduit collector=conduit type=conduit series-count=2
time=2026-08-02T15:50:56.729-07:00 level=DEBUG msg="Query returned data" test=archv2-nxm-batched tool=conduit-v2 collector=conduit type=conduit collector=conduit type=conduit name=msg-megabytes-in-per-second[archv2-nxm-batched] series-count=1 last-value=0.6663551330566406
time=2026-08-02T15:50:56.729-07:00 level=DEBUG msg="promql query logged" test=archv2-nxm-batched tool=conduit-v2 collector=conduit type=conduit collector=conduit type=conduit params="map[end:2026-08-02T22:50:56.729Z query:rate(conduit_connector_bytes_sum{pipeline_name=\"archv2-nxm-batched\",type=\"destination\"}[2s])/1048576 start:2026-08-02T22:50:51.726Z step:1]" stats="&{Timings:{EvalTotalTime:8.025e-05 ResultSortTime:4.16e-07 QueryPreparationTime:1.4208e-05 InnerEvalTime:6.1375e-05 ExecQueueTime:8.34e-07 ExecTotalTime:8.3958e-05} Samples:0x14000fa9590}" spanID=0000000000000000
time=2026-08-02T15:50:56.729-07:00 level=WARN msg="Query returned multiple series, only first will be used" test=archv2-nxm-batched tool=conduit-v2 collector=conduit type=conduit collector=conduit type=conduit series-count=2
time=2026-08-02T15:50:56.729-07:00 level=DEBUG msg="Query returned data" test=archv2-nxm-batched tool=conduit-v2 collector=conduit type=conduit collector=conduit type=conduit name=msg-megabytes-out-per-second[archv2-nxm-batched] series-count=1 last-value=1.3211488723754883
time=2026-08-02T15:50:56.833-07:00 level=DEBUG msg="Inspecting container" model=container-monitor name=benchi-conduit
time=2026-08-02T15:50:57.354-07:00 level=DEBUG msg="Inspecting container" model=container-monitor name=benchi-conduit
time=2026-08-02T15:50:57.727-07:00 level=DEBUG msg="promql query logged" test=archv2-nxm-batched tool=conduit-v2 collector=conduit type=conduit collector=conduit type=conduit params="map[end:2026-08-02T22:50:57.727Z query:rate(conduit_pipeline_execution_duration_seconds_count{pipeline_name=\"archv2-nxm-batched\"}[2s]) start:2026-08-02T22:50:51.726Z step:1]" stats="&{Timings:{EvalTotalTime:6.7292e-05 ResultSortTime:5e-07 QueryPreparationTime:1.6917e-05 InnerEvalTime:4.4833e-05 ExecQueueTime:2.708e-06 ExecTotalTime:7.3333e-05} Samples:0x14000e916b0}" spanID=0000000000000000
time=2026-08-02T15:50:57.727-07:00 level=DEBUG msg="Query returned data" test=archv2-nxm-batched tool=conduit-v2 collector=conduit type=conduit collector=conduit type=conduit name=msg-rate-per-second[archv2-nxm-batched] series-count=1 last-value=48233
time=2026-08-02T15:50:57.727-07:00 level=DEBUG msg="promql query logged" test=archv2-nxm-batched tool=conduit-v2 collector=conduit type=conduit collector=conduit type=conduit params="map[end:2026-08-02T22:50:57.727Z query:rate(conduit_connector_bytes_sum{pipeline_name=\"archv2-nxm-batched\",type=\"source\"}[2s])/1048576 start:2026-08-02T22:50:51.726Z step:1]" stats="&{Timings:{EvalTotalTime:5.8833e-05 ResultSortTime:1.959e-06 QueryPreparationTime:7.042e-06 InnerEvalTime:4.625e-05 ExecQueueTime:1.041e-06 ExecTotalTime:6.1833e-05} Samples:0x1400172a0f0}" spanID=0000000000000000
time=2026-08-02T15:50:57.727-07:00 level=WARN msg="Query returned multiple series, only first will be used" test=archv2-nxm-batched tool=conduit-v2 collector=conduit type=conduit collector=conduit type=conduit series-count=2
time=2026-08-02T15:50:57.727-07:00 level=DEBUG msg="Query returned data" test=archv2-nxm-batched tool=conduit-v2 collector=conduit type=conduit collector=conduit type=conduit name=msg-megabytes-in-per-second[archv2-nxm-batched] series-count=1 last-value=0.6588420867919922
time=2026-08-02T15:50:57.727-07:00 level=DEBUG msg="promql query logged" test=archv2-nxm-batched tool=conduit-v2 collector=conduit type=conduit collector=conduit type=conduit params="map[end:2026-08-02T22:50:57.727Z query:rate(conduit_connector_bytes_sum{pipeline_name=\"archv2-nxm-batched\",type=\"destination\"}[2s])/1048576 start:2026-08-02T22:50:51.726Z step:1]" stats="&{Timings:{EvalTotalTime:5.0166e-05 ResultSortTime:4.17e-07 QueryPreparationTime:1.8875e-05 InnerEvalTime:2.7208e-05 ExecQueueTime:1.041e-06 ExecTotalTime:5.3208e-05} Samples:0x1400172a9f0}" spanID=0000000000000000
time=2026-08-02T15:50:57.728-07:00 level=WARN msg="Query returned multiple series, only first will be used" test=archv2-nxm-batched tool=conduit-v2 collector=conduit type=conduit collector=conduit type=conduit series-count=2
time=2026-08-02T15:50:57.728-07:00 level=DEBUG msg="Query returned data" test=archv2-nxm-batched tool=conduit-v2 collector=conduit type=conduit collector=conduit type=conduit name=msg-megabytes-out-per-second[archv2-nxm-batched] series-count=1 last-value=1.3679733276367188
time=2026-08-02T15:50:57.873-07:00 level=DEBUG msg="Inspecting container" model=container-monitor name=benchi-conduit
time=2026-08-02T15:50:58.385-07:00 level=DEBUG msg="Inspecting container" model=container-monitor name=benchi-conduit
time=2026-08-02T15:50:58.728-07:00 level=DEBUG msg="promql query logged" test=archv2-nxm-batched tool=conduit-v2 collector=conduit type=conduit collector=conduit type=conduit params="map[end:2026-08-02T22:50:58.728Z query:rate(conduit_pipeline_execution_duration_seconds_count{pipeline_name=\"archv2-nxm-batched\"}[2s]) start:2026-08-02T22:50:51.726Z step:1]" stats="&{Timings:{EvalTotalTime:4.8083e-05 ResultSortTime:3.75e-07 QueryPreparationTime:1.7125e-05 InnerEvalTime:2.5667e-05 ExecQueueTime:2.375e-06 ExecTotalTime:5.3542e-05} Samples:0x14000fb7470}" spanID=0000000000000000
time=2026-08-02T15:50:58.729-07:00 level=DEBUG msg="Query returned data" test=archv2-nxm-batched tool=conduit-v2 collector=conduit type=conduit collector=conduit type=conduit name=msg-rate-per-second[archv2-nxm-batched] series-count=1 last-value=49642
time=2026-08-02T15:50:58.729-07:00 level=DEBUG msg="promql query logged" test=archv2-nxm-batched tool=conduit-v2 collector=conduit type=conduit collector=conduit type=conduit params="map[end:2026-08-02T22:50:58.729Z query:rate(conduit_connector_bytes_sum{pipeline_name=\"archv2-nxm-batched\",type=\"source\"}[2s])/1048576 start:2026-08-02T22:50:51.726Z step:1]" stats="&{Timings:{EvalTotalTime:4.5792e-05 ResultSortTime:7.5e-07 QueryPreparationTime:7.25e-06 InnerEvalTime:3.2792e-05 ExecQueueTime:1.209e-06 ExecTotalTime:4.8792e-05} Samples:0x14000fb7b60}" spanID=0000000000000000
time=2026-08-02T15:50:58.729-07:00 level=WARN msg="Query returned multiple series, only first will be used" test=archv2-nxm-batched tool=conduit-v2 collector=conduit type=conduit collector=conduit type=conduit series-count=2
time=2026-08-02T15:50:58.729-07:00 level=DEBUG msg="Query returned data" test=archv2-nxm-batched tool=conduit-v2 collector=conduit type=conduit collector=conduit type=conduit name=msg-megabytes-in-per-second[archv2-nxm-batched] series-count=1 last-value=0.6998634338378906
time=2026-08-02T15:50:58.729-07:00 level=DEBUG msg="promql query logged" test=archv2-nxm-batched tool=conduit-v2 collector=conduit type=conduit collector=conduit type=conduit params="map[end:2026-08-02T22:50:58.729Z query:rate(conduit_connector_bytes_sum{pipeline_name=\"archv2-nxm-batched\",type=\"destination\"}[2s])/1048576 start:2026-08-02T22:50:51.726Z step:1]" stats="&{Timings:{EvalTotalTime:3.4291e-05 ResultSortTime:5e-07 QueryPreparationTime:6.125e-06 InnerEvalTime:2.4583e-05 ExecQueueTime:8.75e-07 ExecTotalTime:3.6917e-05} Samples:0x1400178a540}" spanID=0000000000000000
time=2026-08-02T15:50:58.729-07:00 level=WARN msg="Query returned multiple series, only first will be used" test=archv2-nxm-batched tool=conduit-v2 collector=conduit type=conduit collector=conduit type=conduit series-count=2
time=2026-08-02T15:50:58.729-07:00 level=DEBUG msg="Query returned data" test=archv2-nxm-batched tool=conduit-v2 collector=conduit type=conduit collector=conduit type=conduit name=msg-megabytes-out-per-second[archv2-nxm-batched] series-count=1 last-value=1.3971338272094727
time=2026-08-02T15:50:58.909-07:00 level=DEBUG msg="Inspecting container" model=container-monitor name=benchi-conduit
time=2026-08-02T15:50:59.496-07:00 level=DEBUG msg="Inspecting container" model=container-monitor name=benchi-conduit
time=2026-08-02T15:50:59.729-07:00 level=DEBUG msg="promql query logged" test=archv2-nxm-batched tool=conduit-v2 collector=conduit type=conduit collector=conduit type=conduit params="map[end:2026-08-02T22:50:59.728Z query:rate(conduit_pipeline_execution_duration_seconds_count{pipeline_name=\"archv2-nxm-batched\"}[2s]) start:2026-08-02T22:50:51.726Z step:1]" stats="&{Timings:{EvalTotalTime:5.8958e-05 ResultSortTime:5e-07 QueryPreparationTime:2.25e-05 InnerEvalTime:3.0291e-05 ExecQueueTime:2.5e-06 ExecTotalTime:6.4375e-05} Samples:0x14000977c50}" spanID=0000000000000000
time=2026-08-02T15:50:59.729-07:00 level=DEBUG msg="Query returned data" test=archv2-nxm-batched tool=conduit-v2 collector=conduit type=conduit collector=conduit type=conduit name=msg-rate-per-second[archv2-nxm-batched] series-count=1 last-value=43648
time=2026-08-02T15:50:59.729-07:00 level=DEBUG msg="promql query logged" test=archv2-nxm-batched tool=conduit-v2 collector=conduit type=conduit collector=conduit type=conduit params="map[end:2026-08-02T22:50:59.729Z query:rate(conduit_connector_bytes_sum{pipeline_name=\"archv2-nxm-batched\",type=\"source\"}[2s])/1048576 start:2026-08-02T22:50:51.726Z step:1]" stats="&{Timings:{EvalTotalTime:5.0833e-05 ResultSortTime:9.17e-07 QueryPreparationTime:9.25e-06 InnerEvalTime:3.475e-05 ExecQueueTime:1.042e-06 ExecTotalTime:5.3958e-05} Samples:0x1400117e390}" spanID=0000000000000000
time=2026-08-02T15:50:59.729-07:00 level=WARN msg="Query returned multiple series, only first will be used" test=archv2-nxm-batched tool=conduit-v2 collector=conduit type=conduit collector=conduit type=conduit series-count=2
time=2026-08-02T15:50:59.729-07:00 level=DEBUG msg="Query returned data" test=archv2-nxm-batched tool=conduit-v2 collector=conduit type=conduit collector=conduit type=conduit name=msg-megabytes-in-per-second[archv2-nxm-batched] series-count=1 last-value=0.5917816162109375
time=2026-08-02T15:50:59.729-07:00 level=DEBUG msg="promql query logged" test=archv2-nxm-batched tool=conduit-v2 collector=conduit type=conduit collector=conduit type=conduit params="map[end:2026-08-02T22:50:59.729Z query:rate(conduit_connector_bytes_sum{pipeline_name=\"archv2-nxm-batched\",type=\"destination\"}[2s])/1048576 start:2026-08-02T22:50:51.726Z step:1]" stats="&{Timings:{EvalTotalTime:6.5833e-05 ResultSortTime:6.67e-07 QueryPreparationTime:9.458e-06 InnerEvalTime:5.1209e-05 ExecQueueTime:1.25e-06 ExecTotalTime:6.9458e-05} Samples:0x1400117ed50}" spanID=0000000000000000
time=2026-08-02T15:50:59.729-07:00 level=WARN msg="Query returned multiple series, only first will be used" test=archv2-nxm-batched tool=conduit-v2 collector=conduit type=conduit collector=conduit type=conduit series-count=2
time=2026-08-02T15:50:59.730-07:00 level=DEBUG msg="Query returned data" test=archv2-nxm-batched tool=conduit-v2 collector=conduit type=conduit collector=conduit type=conduit name=msg-megabytes-out-per-second[archv2-nxm-batched] series-count=1 last-value=1.231492042541504
time=2026-08-02T15:51:00.010-07:00 level=DEBUG msg="Inspecting container" model=container-monitor name=benchi-conduit
time=2026-08-02T15:51:00.540-07:00 level=DEBUG msg="Inspecting container" model=container-monitor name=benchi-conduit
time=2026-08-02T15:51:00.728-07:00 level=DEBUG msg="promql query logged" test=archv2-nxm-batched tool=conduit-v2 collector=conduit type=conduit collector=conduit type=conduit params="map[end:2026-08-02T22:51:00.728Z query:rate(conduit_pipeline_execution_duration_seconds_count{pipeline_name=\"archv2-nxm-batched\"}[2s]) start:2026-08-02T22:50:51.726Z step:1]" stats="&{Timings:{EvalTotalTime:5.0458e-05 ResultSortTime:2.5e-07 QueryPreparationTime:1.4083e-05 InnerEvalTime:2.7791e-05 ExecQueueTime:2.333e-06 ExecTotalTime:5.5042e-05} Samples:0x1400178bd40}" spanID=0000000000000000
time=2026-08-02T15:51:00.729-07:00 level=DEBUG msg="Query returned data" test=archv2-nxm-batched tool=conduit-v2 collector=conduit type=conduit collector=conduit type=conduit name=msg-rate-per-second[archv2-nxm-batched] series-count=1 last-value=43562
time=2026-08-02T15:51:00.729-07:00 level=DEBUG msg="promql query logged" test=archv2-nxm-batched tool=conduit-v2 collector=conduit type=conduit collector=conduit type=conduit params="map[end:2026-08-02T22:51:00.729Z query:rate(conduit_connector_bytes_sum{pipeline_name=\"archv2-nxm-batched\",type=\"source\"}[2s])/1048576 start:2026-08-02T22:50:51.726Z step:1]" stats="&{Timings:{EvalTotalTime:4.45e-05 ResultSortTime:7.5e-07 QueryPreparationTime:7.584e-06 InnerEvalTime:3.2708e-05 ExecQueueTime:2.374e-06 ExecTotalTime:4.8708e-05} Samples:0x140007e8480}" spanID=0000000000000000
time=2026-08-02T15:51:00.729-07:00 level=WARN msg="Query returned multiple series, only first will be used" test=archv2-nxm-batched tool=conduit-v2 collector=conduit type=conduit collector=conduit type=conduit series-count=2
time=2026-08-02T15:51:00.729-07:00 level=DEBUG msg="Query returned data" test=archv2-nxm-batched tool=conduit-v2 collector=conduit type=conduit collector=conduit type=conduit name=msg-megabytes-in-per-second[archv2-nxm-batched] series-count=1 last-value=0.6096105575561523
time=2026-08-02T15:51:00.729-07:00 level=DEBUG msg="promql query logged" test=archv2-nxm-batched tool=conduit-v2 collector=conduit type=conduit collector=conduit type=conduit params="map[end:2026-08-02T22:51:00.729Z query:rate(conduit_connector_bytes_sum{pipeline_name=\"archv2-nxm-batched\",type=\"destination\"}[2s])/1048576 start:2026-08-02T22:50:51.726Z step:1]" stats="&{Timings:{EvalTotalTime:3.7875e-05 ResultSortTime:5e-07 QueryPreparationTime:8.166e-06 InnerEvalTime:2.6625e-05 ExecQueueTime:1.541e-06 ExecTotalTime:4.0833e-05} Samples:0x140007e8e40}" spanID=0000000000000000
time=2026-08-02T15:51:00.729-07:00 level=WARN msg="Query returned multiple series, only first will be used" test=archv2-nxm-batched tool=conduit-v2 collector=conduit type=conduit collector=conduit type=conduit series-count=2
time=2026-08-02T15:51:00.729-07:00 level=DEBUG msg="Query returned data" test=archv2-nxm-batched tool=conduit-v2 collector=conduit type=conduit collector=conduit type=conduit name=msg-megabytes-out-per-second[archv2-nxm-batched] series-count=1 last-value=1.2352113723754883
time=2026-08-02T15:51:01.076-07:00 level=DEBUG msg="Inspecting container" model=container-monitor name=benchi-conduit
time=2026-08-02T15:51:01.596-07:00 level=DEBUG msg="Inspecting container" model=container-monitor name=benchi-conduit
time=2026-08-02T15:51:01.729-07:00 level=DEBUG msg="promql query logged" test=archv2-nxm-batched tool=conduit-v2 collector=conduit type=conduit collector=conduit type=conduit params="map[end:2026-08-02T22:51:01.729Z query:rate(conduit_pipeline_execution_duration_seconds_count{pipeline_name=\"archv2-nxm-batched\"}[2s]) start:2026-08-02T22:50:51.726Z step:1]" stats="&{Timings:{EvalTotalTime:4.9375e-05 ResultSortTime:5.42e-07 QueryPreparationTime:1.5e-05 InnerEvalTime:2.9083e-05 ExecQueueTime:2.584e-06 ExecTotalTime:5.8208e-05} Samples:0x14000e53ef0}" spanID=0000000000000000
time=2026-08-02T15:51:01.729-07:00 level=DEBUG msg="Query returned data" test=archv2-nxm-batched tool=conduit-v2 collector=conduit type=conduit collector=conduit type=conduit name=msg-rate-per-second[archv2-nxm-batched] series-count=1 last-value=42859
time=2026-08-02T15:51:01.729-07:00 level=DEBUG msg="promql query logged" test=archv2-nxm-batched tool=conduit-v2 collector=conduit type=conduit collector=conduit type=conduit params="map[end:2026-08-02T22:51:01.729Z query:rate(conduit_connector_bytes_sum{pipeline_name=\"archv2-nxm-batched\",type=\"source\"}[2s])/1048576 start:2026-08-02T22:50:51.726Z step:1]" stats="&{Timings:{EvalTotalTime:6.65e-05 ResultSortTime:9.16e-07 QueryPreparationTime:2.5333e-05 InnerEvalTime:3.6667e-05 ExecQueueTime:1.25e-06 ExecTotalTime:6.975e-05} Samples:0x140011da660}" spanID=0000000000000000
time=2026-08-02T15:51:01.729-07:00 level=WARN msg="Query returned multiple series, only first will be used" test=archv2-nxm-batched tool=conduit-v2 collector=conduit type=conduit collector=conduit type=conduit series-count=2
time=2026-08-02T15:51:01.729-07:00 level=DEBUG msg="Query returned data" test=archv2-nxm-batched tool=conduit-v2 collector=conduit type=conduit collector=conduit type=conduit name=msg-megabytes-in-per-second[archv2-nxm-batched] series-count=1 last-value=0.6204872131347656
time=2026-08-02T15:51:01.729-07:00 level=DEBUG msg="promql query logged" test=archv2-nxm-batched tool=conduit-v2 collector=conduit type=conduit collector=conduit type=conduit params="map[end:2026-08-02T22:51:01.729Z query:rate(conduit_connector_bytes_sum{pipeline_name=\"archv2-nxm-batched\",type=\"destination\"}[2s])/1048576 start:2026-08-02T22:50:51.726Z step:1]" stats="&{Timings:{EvalTotalTime:3.65e-05 ResultSortTime:5.42e-07 QueryPreparationTime:6.833e-06 InnerEvalTime:2.6666e-05 ExecQueueTime:9.16e-07 ExecTotalTime:3.8959e-05} Samples:0x140011db0b0}" spanID=0000000000000000
time=2026-08-02T15:51:01.729-07:00 level=WARN msg="Query returned multiple series, only first will be used" test=archv2-nxm-batched tool=conduit-v2 collector=conduit type=conduit collector=conduit type=conduit series-count=2
time=2026-08-02T15:51:01.729-07:00 level=DEBUG msg="Query returned data" test=archv2-nxm-batched tool=conduit-v2 collector=conduit type=conduit collector=conduit type=conduit name=msg-megabytes-out-per-second[archv2-nxm-batched] series-count=1 last-value=1.207871437072754
time=2026-08-02T15:51:01.732-07:00 level=INFO msg="Test in progress" test=archv2-nxm-batched tool=conduit-v2 step=test time-left=50s
time=2026-08-02T15:51:02.113-07:00 level=DEBUG msg="Inspecting container" model=container-monitor name=benchi-conduit
time=2026-08-02T15:51:02.646-07:00 level=DEBUG msg="Inspecting container" model=container-monitor name=benchi-conduit
time=2026-08-02T15:51:02.728-07:00 level=DEBUG msg="promql query logged" test=archv2-nxm-batched tool=conduit-v2 collector=conduit type=conduit collector=conduit type=conduit params="map[end:2026-08-02T22:51:02.728Z query:rate(conduit_pipeline_execution_duration_seconds_count{pipeline_name=\"archv2-nxm-batched\"}[2s]) start:2026-08-02T22:50:51.726Z step:1]" stats="&{Timings:{EvalTotalTime:7.0667e-05 ResultSortTime:2.92e-07 QueryPreparationTime:1.6583e-05 InnerEvalTime:4.4959e-05 ExecQueueTime:2.458e-06 ExecTotalTime:7.5708e-05} Samples:0x140013cec60}" spanID=0000000000000000
time=2026-08-02T15:51:02.729-07:00 level=DEBUG msg="Query returned data" test=archv2-nxm-batched tool=conduit-v2 collector=conduit type=conduit collector=conduit type=conduit name=msg-rate-per-second[archv2-nxm-batched] series-count=1 last-value=39393
time=2026-08-02T15:51:02.729-07:00 level=DEBUG msg="promql query logged" test=archv2-nxm-batched tool=conduit-v2 collector=conduit type=conduit collector=conduit type=conduit params="map[end:2026-08-02T22:51:02.729Z query:rate(conduit_connector_bytes_sum{pipeline_name=\"archv2-nxm-batched\",type=\"source\"}[2s])/1048576 start:2026-08-02T22:50:51.726Z step:1]" stats="&{Timings:{EvalTotalTime:4.7833e-05 ResultSortTime:9.17e-07 QueryPreparationTime:9e-06 InnerEvalTime:3.4875e-05 ExecQueueTime:1e-06 ExecTotalTime:5.05e-05} Samples:0x140013cf320}" spanID=0000000000000000
time=2026-08-02T15:51:02.729-07:00 level=WARN msg="Query returned multiple series, only first will be used" test=archv2-nxm-batched tool=conduit-v2 collector=conduit type=conduit collector=conduit type=conduit series-count=2
time=2026-08-02T15:51:02.729-07:00 level=DEBUG msg="Query returned data" test=archv2-nxm-batched tool=conduit-v2 collector=conduit type=conduit collector=conduit type=conduit name=msg-megabytes-in-per-second[archv2-nxm-batched] series-count=1 last-value=0.5529556274414062
time=2026-08-02T15:51:02.729-07:00 level=DEBUG msg="promql query logged" test=archv2-nxm-batched tool=conduit-v2 collector=conduit type=conduit collector=conduit type=conduit params="map[end:2026-08-02T22:51:02.729Z query:rate(conduit_connector_bytes_sum{pipeline_name=\"archv2-nxm-batched\",type=\"destination\"}[2s])/1048576 start:2026-08-02T22:50:51.726Z step:1]" stats="&{Timings:{EvalTotalTime:0.000557959 ResultSortTime:6.66e-07 QueryPreparationTime:6.583e-06 InnerEvalTime:0.000545083 ExecQueueTime:8.76e-07 ExecTotalTime:0.000561334} Samples:0x140013cff20}" spanID=0000000000000000
time=2026-08-02T15:51:02.729-07:00 level=WARN msg="Query returned multiple series, only first will be used" test=archv2-nxm-batched tool=conduit-v2 collector=conduit type=conduit collector=conduit type=conduit series-count=2
time=2026-08-02T15:51:02.729-07:00 level=DEBUG msg="Query returned data" test=archv2-nxm-batched tool=conduit-v2 collector=conduit type=conduit collector=conduit type=conduit name=msg-megabytes-out-per-second[archv2-nxm-batched] series-count=1 last-value=1.112961769104004
time=2026-08-02T15:51:03.158-07:00 level=DEBUG msg="Inspecting container" model=container-monitor name=benchi-conduit
time=2026-08-02T15:51:03.670-07:00 level=DEBUG msg="Inspecting container" model=container-monitor name=benchi-conduit
time=2026-08-02T15:51:03.729-07:00 level=DEBUG msg="promql query logged" test=archv2-nxm-batched tool=conduit-v2 collector=conduit type=conduit collector=conduit type=conduit params="map[end:2026-08-02T22:51:03.728Z query:rate(conduit_pipeline_execution_duration_seconds_count{pipeline_name=\"archv2-nxm-batched\"}[2s]) start:2026-08-02T22:50:51.726Z step:1]" stats="&{Timings:{EvalTotalTime:5.0917e-05 ResultSortTime:3.75e-07 QueryPreparationTime:1.7167e-05 InnerEvalTime:2.8709e-05 ExecQueueTime:2.583e-06 ExecTotalTime:5.5416e-05} Samples:0x1400143b590}" spanID=0000000000000000
time=2026-08-02T15:51:03.729-07:00 level=DEBUG msg="Query returned data" test=archv2-nxm-batched tool=conduit-v2 collector=conduit type=conduit collector=conduit type=conduit name=msg-rate-per-second[archv2-nxm-batched] series-count=1 last-value=41023
time=2026-08-02T15:51:03.729-07:00 level=DEBUG msg="promql query logged" test=archv2-nxm-batched tool=conduit-v2 collector=conduit type=conduit collector=conduit type=conduit params="map[end:2026-08-02T22:51:03.729Z query:rate(conduit_connector_bytes_sum{pipeline_name=\"archv2-nxm-batched\",type=\"source\"}[2s])/1048576 start:2026-08-02T22:50:51.726Z step:1]" stats="&{Timings:{EvalTotalTime:7.6166e-05 ResultSortTime:8.33e-07 QueryPreparationTime:7.542e-06 InnerEvalTime:6.3042e-05 ExecQueueTime:1.167e-06 ExecTotalTime:7.8875e-05} Samples:0x1400143bc80}" spanID=0000000000000000
time=2026-08-02T15:51:03.729-07:00 level=WARN msg="Query returned multiple series, only first will be used" test=archv2-nxm-batched tool=conduit-v2 collector=conduit type=conduit collector=conduit type=conduit series-count=2
time=2026-08-02T15:51:03.729-07:00 level=DEBUG msg="Query returned data" test=archv2-nxm-batched tool=conduit-v2 collector=conduit type=conduit collector=conduit type=conduit name=msg-megabytes-in-per-second[archv2-nxm-batched] series-count=1 last-value=0.5793275833129883
time=2026-08-02T15:51:03.729-07:00 level=DEBUG msg="promql query logged" test=archv2-nxm-batched tool=conduit-v2 collector=conduit type=conduit collector=conduit type=conduit params="map[end:2026-08-02T22:51:03.729Z query:rate(conduit_connector_bytes_sum{pipeline_name=\"archv2-nxm-batched\",type=\"destination\"}[2s])/1048576 start:2026-08-02T22:50:51.726Z step:1]" stats="&{Timings:{EvalTotalTime:4.1458e-05 ResultSortTime:4.16e-07 QueryPreparationTime:7.375e-06 InnerEvalTime:3.05e-05 ExecQueueTime:7.91e-07 ExecTotalTime:4.4167e-05} Samples:0x140013fca20}" spanID=0000000000000000
time=2026-08-02T15:51:03.729-07:00 level=WARN msg="Query returned multiple series, only first will be used" test=archv2-nxm-batched tool=conduit-v2 collector=conduit type=conduit collector=conduit type=conduit series-count=2
time=2026-08-02T15:51:03.729-07:00 level=DEBUG msg="Query returned data" test=archv2-nxm-batched tool=conduit-v2 collector=conduit type=conduit collector=conduit type=conduit name=msg-megabytes-out-per-second[archv2-nxm-batched] series-count=1 last-value=1.1594371795654297
time=2026-08-02T15:51:04.184-07:00 level=DEBUG msg="Inspecting container" model=container-monitor name=benchi-conduit
time=2026-08-02T15:51:04.698-07:00 level=DEBUG msg="Inspecting container" model=container-monitor name=benchi-conduit
time=2026-08-02T15:51:04.728-07:00 level=DEBUG msg="promql query logged" test=archv2-nxm-batched tool=conduit-v2 collector=conduit type=conduit collector=conduit type=conduit params="map[end:2026-08-02T22:51:04.728Z query:rate(conduit_pipeline_execution_duration_seconds_count{pipeline_name=\"archv2-nxm-batched\"}[2s]) start:2026-08-02T22:50:51.726Z step:1]" stats="&{Timings:{EvalTotalTime:4.9625e-05 ResultSortTime:2.92e-07 QueryPreparationTime:1.6e-05 InnerEvalTime:2.8542e-05 ExecQueueTime:2.5e-06 ExecTotalTime:5.4334e-05} Samples:0x140007c86c0}" spanID=0000000000000000
time=2026-08-02T15:51:04.728-07:00 level=DEBUG msg="Query returned data" test=archv2-nxm-batched tool=conduit-v2 collector=conduit type=conduit collector=conduit type=conduit name=msg-rate-per-second[archv2-nxm-batched] series-count=1 last-value=40403
time=2026-08-02T15:51:04.728-07:00 level=DEBUG msg="promql query logged" test=archv2-nxm-batched tool=conduit-v2 collector=conduit type=conduit collector=conduit type=conduit params="map[end:2026-08-02T22:51:04.728Z query:rate(conduit_connector_bytes_sum{pipeline_name=\"archv2-nxm-batched\",type=\"source\"}[2s])/1048576 start:2026-08-02T22:50:51.726Z step:1]" stats="&{Timings:{EvalTotalTime:4.8167e-05 ResultSortTime:8.33e-07 QueryPreparationTime:6.833e-06 InnerEvalTime:3.7166e-05 ExecQueueTime:8.33e-07 ExecTotalTime:5.0834e-05} Samples:0x140007c9dd0}" spanID=0000000000000000
time=2026-08-02T15:51:04.728-07:00 level=WARN msg="Query returned multiple series, only first will be used" test=archv2-nxm-batched tool=conduit-v2 collector=conduit type=conduit collector=conduit type=conduit series-count=2
time=2026-08-02T15:51:04.728-07:00 level=DEBUG msg="Query returned data" test=archv2-nxm-batched tool=conduit-v2 collector=conduit type=conduit collector=conduit type=conduit name=msg-megabytes-in-per-second[archv2-nxm-batched] series-count=1 last-value=0.5508203506469727
time=2026-08-02T15:51:04.728-07:00 level=DEBUG msg="promql query logged" test=archv2-nxm-batched tool=conduit-v2 collector=conduit type=conduit collector=conduit type=conduit params="map[end:2026-08-02T22:51:04.728Z query:rate(conduit_connector_bytes_sum{pipeline_name=\"archv2-nxm-batched\",type=\"destination\"}[2s])/1048576 start:2026-08-02T22:50:51.726Z step:1]" stats="&{Timings:{EvalTotalTime:5.2458e-05 ResultSortTime:4.58e-07 QueryPreparationTime:9.417e-06 InnerEvalTime:3.8708e-05 ExecQueueTime:1.416e-06 ExecTotalTime:5.5792e-05} Samples:0x14001358780}" spanID=0000000000000000
time=2026-08-02T15:51:04.728-07:00 level=WARN msg="Query returned multiple series, only first will be used" test=archv2-nxm-batched tool=conduit-v2 collector=conduit type=conduit collector=conduit type=conduit series-count=2
time=2026-08-02T15:51:04.728-07:00 level=DEBUG msg="Query returned data" test=archv2-nxm-batched tool=conduit-v2 collector=conduit type=conduit collector=conduit type=conduit name=msg-megabytes-out-per-second[archv2-nxm-batched] series-count=1 last-value=1.1397390365600586
time=2026-08-02T15:51:05.215-07:00 level=DEBUG msg="Inspecting container" model=container-monitor name=benchi-conduit
time=2026-08-02T15:51:05.726-07:00 level=DEBUG msg="Inspecting container" model=container-monitor name=benchi-conduit
time=2026-08-02T15:51:05.726-07:00 level=DEBUG msg="promql query logged" test=archv2-nxm-batched tool=conduit-v2 collector=conduit type=conduit collector=conduit type=conduit params="map[end:2026-08-02T22:51:05.726Z query:rate(conduit_pipeline_execution_duration_seconds_count{pipeline_name=\"archv2-nxm-batched\"}[2s]) start:2026-08-02T22:50:51.726Z step:1]" stats="&{Timings:{EvalTotalTime:4.9875e-05 ResultSortTime:2.91e-07 QueryPreparationTime:1.5333e-05 InnerEvalTime:2.8333e-05 ExecQueueTime:1.875e-06 ExecTotalTime:5.3208e-05} Samples:0x14000b98810}" spanID=0000000000000000
time=2026-08-02T15:51:05.726-07:00 level=DEBUG msg="Query returned data" test=archv2-nxm-batched tool=conduit-v2 collector=conduit type=conduit collector=conduit type=conduit name=msg-rate-per-second[archv2-nxm-batched] series-count=1 last-value=41047.90419161676
time=2026-08-02T15:51:05.727-07:00 level=DEBUG msg="promql query logged" test=archv2-nxm-batched tool=conduit-v2 collector=conduit type=conduit collector=conduit type=conduit params="map[end:2026-08-02T22:51:05.726Z query:rate(conduit_connector_bytes_sum{pipeline_name=\"archv2-nxm-batched\",type=\"source\"}[2s])/1048576 start:2026-08-02T22:50:51.726Z step:1]" stats="&{Timings:{EvalTotalTime:4.4917e-05 ResultSortTime:7.5e-07 QueryPreparationTime:5.791e-06 InnerEvalTime:3.5375e-05 ExecQueueTime:7.91e-07 ExecTotalTime:4.7334e-05} Samples:0x14000b99890}" spanID=0000000000000000
time=2026-08-02T15:51:05.727-07:00 level=WARN msg="Query returned multiple series, only first will be used" test=archv2-nxm-batched tool=conduit-v2 collector=conduit type=conduit collector=conduit type=conduit series-count=2
time=2026-08-02T15:51:05.727-07:00 level=DEBUG msg="Query returned data" test=archv2-nxm-batched tool=conduit-v2 collector=conduit type=conduit collector=conduit type=conduit name=msg-megabytes-in-per-second[archv2-nxm-batched] series-count=1 last-value=0.5954211343548255
time=2026-08-02T15:51:05.727-07:00 level=DEBUG msg="promql query logged" test=archv2-nxm-batched tool=conduit-v2 collector=conduit type=conduit collector=conduit type=conduit params="map[end:2026-08-02T22:51:05.727Z query:rate(conduit_connector_bytes_sum{pipeline_name=\"archv2-nxm-batched\",type=\"destination\"}[2s])/1048576 start:2026-08-02T22:50:51.726Z step:1]" stats="&{Timings:{EvalTotalTime:5.1625e-05 ResultSortTime:5.42e-07 QueryPreparationTime:8.166e-06 InnerEvalTime:3.9125e-05 ExecQueueTime:1.25e-06 ExecTotalTime:5.4875e-05} Samples:0x140007fe3f0}" spanID=0000000000000000
time=2026-08-02T15:51:05.727-07:00 level=WARN msg="Query returned multiple series, only first will be used" test=archv2-nxm-batched tool=conduit-v2 collector=conduit type=conduit collector=conduit type=conduit series-count=2
time=2026-08-02T15:51:05.727-07:00 level=DEBUG msg="Query returned data" test=archv2-nxm-batched tool=conduit-v2 collector=conduit type=conduit collector=conduit type=conduit name=msg-megabytes-out-per-second[archv2-nxm-batched] series-count=1 last-value=1.1619741093374774
time=2026-08-02T15:51:06.265-07:00 level=DEBUG msg="Inspecting container" model=container-monitor name=benchi-conduit
time=2026-08-02T15:51:06.728-07:00 level=INFO msg="Test in progress" test=archv2-nxm-batched tool=conduit-v2 step=test time-left=45s
time=2026-08-02T15:51:06.728-07:00 level=DEBUG msg="promql query logged" test=archv2-nxm-batched tool=conduit-v2 collector=conduit type=conduit collector=conduit type=conduit params="map[end:2026-08-02T22:51:06.728Z query:rate(conduit_pipeline_execution_duration_seconds_count{pipeline_name=\"archv2-nxm-batched\"}[2s]) start:2026-08-02T22:50:51.726Z step:1]" stats="&{Timings:{EvalTotalTime:4.7375e-05 ResultSortTime:4.58e-07 QueryPreparationTime:1.4333e-05 InnerEvalTime:2.6792e-05 ExecQueueTime:3.125e-06 ExecTotalTime:5.275e-05} Samples:0x1400119a300}" spanID=0000000000000000
time=2026-08-02T15:51:06.729-07:00 level=DEBUG msg="Query returned data" test=archv2-nxm-batched tool=conduit-v2 collector=conduit type=conduit collector=conduit type=conduit name=msg-rate-per-second[archv2-nxm-batched] series-count=1 last-value=39135.27054108216
time=2026-08-02T15:51:06.729-07:00 level=DEBUG msg="promql query logged" test=archv2-nxm-batched tool=conduit-v2 collector=conduit type=conduit collector=conduit type=conduit params="map[end:2026-08-02T22:51:06.729Z query:rate(conduit_connector_bytes_sum{pipeline_name=\"archv2-nxm-batched\",type=\"source\"}[2s])/1048576 start:2026-08-02T22:50:51.726Z step:1]" stats="&{Timings:{EvalTotalTime:4.9333e-05 ResultSortTime:7.09e-07 QueryPreparationTime:7.416e-06 InnerEvalTime:3.8042e-05 ExecQueueTime:7.92e-07 ExecTotalTime:5.2167e-05} Samples:0x1400119ade0}" spanID=0000000000000000
time=2026-08-02T15:51:06.729-07:00 level=WARN msg="Query returned multiple series, only first will be used" test=archv2-nxm-batched tool=conduit-v2 collector=conduit type=conduit collector=conduit type=conduit series-count=2
time=2026-08-02T15:51:06.729-07:00 level=DEBUG msg="Query returned data" test=archv2-nxm-batched tool=conduit-v2 collector=conduit type=conduit collector=conduit type=conduit name=msg-megabytes-in-per-second[archv2-nxm-batched] series-count=1 last-value=0.5672374564803434
time=2026-08-02T15:51:06.729-07:00 level=DEBUG msg="promql query logged" test=archv2-nxm-batched tool=conduit-v2 collector=conduit type=conduit collector=conduit type=conduit params="map[end:2026-08-02T22:51:06.729Z query:rate(conduit_connector_bytes_sum{pipeline_name=\"archv2-nxm-batched\",type=\"destination\"}[2s])/1048576 start:2026-08-02T22:50:51.726Z step:1]" stats="&{Timings:{EvalTotalTime:3.875e-05 ResultSortTime:3.75e-07 QueryPreparationTime:5.541e-06 InnerEvalTime:2.9916e-05 ExecQueueTime:7.49e-07 ExecTotalTime:4.0917e-05} Samples:0x1400119b920}" spanID=0000000000000000
time=2026-08-02T15:51:06.729-07:00 level=WARN msg="Query returned multiple series, only first will be used" test=archv2-nxm-batched tool=conduit-v2 collector=conduit type=conduit collector=conduit type=conduit series-count=2
time=2026-08-02T15:51:06.729-07:00 level=DEBUG msg="Query returned data" test=archv2-nxm-batched tool=conduit-v2 collector=conduit type=conduit collector=conduit type=conduit name=msg-megabytes-out-per-second[archv2-nxm-batched] series-count=1 last-value=1.1072999728705457
time=2026-08-02T15:51:06.788-07:00 level=DEBUG msg="Inspecting container" model=container-monitor name=benchi-conduit
time=2026-08-02T15:51:07.308-07:00 level=DEBUG msg="Inspecting container" model=container-monitor name=benchi-conduit
time=2026-08-02T15:51:07.728-07:00 level=DEBUG msg="promql query logged" test=archv2-nxm-batched tool=conduit-v2 collector=conduit type=conduit collector=conduit type=conduit params="map[end:2026-08-02T22:51:07.728Z query:rate(conduit_pipeline_execution_duration_seconds_count{pipeline_name=\"archv2-nxm-batched\"}[2s]) start:2026-08-02T22:50:51.726Z step:1]" stats="&{Timings:{EvalTotalTime:4.975e-05 ResultSortTime:5.42e-07 QueryPreparationTime:1.4041e-05 InnerEvalTime:2.8375e-05 ExecQueueTime:2.458e-06 ExecTotalTime:5.525e-05} Samples:0x14000dad470}" spanID=0000000000000000
time=2026-08-02T15:51:07.728-07:00 level=DEBUG msg="Query returned data" test=archv2-nxm-batched tool=conduit-v2 collector=conduit type=conduit collector=conduit type=conduit name=msg-rate-per-second[archv2-nxm-batched] series-count=1 last-value=43758
time=2026-08-02T15:51:07.728-07:00 level=DEBUG msg="promql query logged" test=archv2-nxm-batched tool=conduit-v2 collector=conduit type=conduit collector=conduit type=conduit params="map[end:2026-08-02T22:51:07.728Z query:rate(conduit_connector_bytes_sum{pipeline_name=\"archv2-nxm-batched\",type=\"source\"}[2s])/1048576 start:2026-08-02T22:50:51.726Z step:1]" stats="&{Timings:{EvalTotalTime:4.8541e-05 ResultSortTime:7.09e-07 QueryPreparationTime:5.709e-06 InnerEvalTime:3.9e-05 ExecQueueTime:7.92e-07 ExecTotalTime:5.1167e-05} Samples:0x14000dadb90}" spanID=0000000000000000
time=2026-08-02T15:51:07.728-07:00 level=WARN msg="Query returned multiple series, only first will be used" test=archv2-nxm-batched tool=conduit-v2 collector=conduit type=conduit collector=conduit type=conduit series-count=2
time=2026-08-02T15:51:07.728-07:00 level=DEBUG msg="Query returned data" test=archv2-nxm-batched tool=conduit-v2 collector=conduit type=conduit collector=conduit type=conduit name=msg-megabytes-in-per-second[archv2-nxm-batched] series-count=1 last-value=0.6144847869873047
time=2026-08-02T15:51:07.728-07:00 level=DEBUG msg="promql query logged" test=archv2-nxm-batched tool=conduit-v2 collector=conduit type=conduit collector=conduit type=conduit params="map[end:2026-08-02T22:51:07.728Z query:rate(conduit_connector_bytes_sum{pipeline_name=\"archv2-nxm-batched\",type=\"destination\"}[2s])/1048576 start:2026-08-02T22:50:51.726Z step:1]" stats="&{Timings:{EvalTotalTime:3.7083e-05 ResultSortTime:2.5e-07 QueryPreparationTime:4e-06 InnerEvalTime:3.0042e-05 ExecQueueTime:7.49e-07 ExecTotalTime:3.9459e-05} Samples:0x1400172a9f0}" spanID=0000000000000000
time=2026-08-02T15:51:07.728-07:00 level=WARN msg="Query returned multiple series, only first will be used" test=archv2-nxm-batched tool=conduit-v2 collector=conduit type=conduit collector=conduit type=conduit series-count=2
time=2026-08-02T15:51:07.728-07:00 level=DEBUG msg="Query returned data" test=archv2-nxm-batched tool=conduit-v2 collector=conduit type=conduit collector=conduit type=conduit name=msg-megabytes-out-per-second[archv2-nxm-batched] series-count=1 last-value=1.2383794784545898
time=2026-08-02T15:51:07.830-07:00 level=DEBUG msg="Inspecting container" model=container-monitor name=benchi-conduit
time=2026-08-02T15:51:08.343-07:00 level=DEBUG msg="Inspecting container" model=container-monitor name=benchi-conduit
time=2026-08-02T15:51:08.729-07:00 level=DEBUG msg="promql query logged" test=archv2-nxm-batched tool=conduit-v2 collector=conduit type=conduit collector=conduit type=conduit params="map[end:2026-08-02T22:51:08.728Z query:rate(conduit_pipeline_execution_duration_seconds_count{pipeline_name=\"archv2-nxm-batched\"}[2s]) start:2026-08-02T22:50:51.726Z step:1]" stats="&{Timings:{EvalTotalTime:4.7583e-05 ResultSortTime:5.42e-07 QueryPreparationTime:1.4167e-05 InnerEvalTime:2.825e-05 ExecQueueTime:2.292e-06 ExecTotalTime:0.000135583} Samples:0x14000977230}" spanID=0000000000000000
time=2026-08-02T15:51:08.729-07:00 level=DEBUG msg="Query returned data" test=archv2-nxm-batched tool=conduit-v2 collector=conduit type=conduit collector=conduit type=conduit name=msg-rate-per-second[archv2-nxm-batched] series-count=1 last-value=38260
time=2026-08-02T15:51:08.729-07:00 level=DEBUG msg="promql query logged" test=archv2-nxm-batched tool=conduit-v2 collector=conduit type=conduit collector=conduit type=conduit params="map[end:2026-08-02T22:51:08.729Z query:rate(conduit_connector_bytes_sum{pipeline_name=\"archv2-nxm-batched\",type=\"source\"}[2s])/1048576 start:2026-08-02T22:50:51.726Z step:1]" stats="&{Timings:{EvalTotalTime:6.4125e-05 ResultSortTime:9.16e-07 QueryPreparationTime:9.541e-06 InnerEvalTime:4.9917e-05 ExecQueueTime:1.501e-06 ExecTotalTime:6.7167e-05} Samples:0x140009778f0}" spanID=0000000000000000
time=2026-08-02T15:51:08.729-07:00 level=WARN msg="Query returned multiple series, only first will be used" test=archv2-nxm-batched tool=conduit-v2 collector=conduit type=conduit collector=conduit type=conduit series-count=2
time=2026-08-02T15:51:08.729-07:00 level=DEBUG msg="Query returned data" test=archv2-nxm-batched tool=conduit-v2 collector=conduit type=conduit collector=conduit type=conduit name=msg-megabytes-in-per-second[archv2-nxm-batched] series-count=1 last-value=0.5322265625
time=2026-08-02T15:51:08.729-07:00 level=DEBUG msg="promql query logged" test=archv2-nxm-batched tool=conduit-v2 collector=conduit type=conduit collector=conduit type=conduit params="map[end:2026-08-02T22:51:08.729Z query:rate(conduit_connector_bytes_sum{pipeline_name=\"archv2-nxm-batched\",type=\"destination\"}[2s])/1048576 start:2026-08-02T22:50:51.726Z step:1]" stats="&{Timings:{EvalTotalTime:6.1e-05 ResultSortTime:5.42e-07 QueryPreparationTime:1.0625e-05 InnerEvalTime:4.575e-05 ExecQueueTime:1.917e-06 ExecTotalTime:6.4667e-05} Samples:0x14000e525a0}" spanID=0000000000000000
time=2026-08-02T15:51:08.729-07:00 level=WARN msg="Query returned multiple series, only first will be used" test=archv2-nxm-batched tool=conduit-v2 collector=conduit type=conduit collector=conduit type=conduit series-count=2
time=2026-08-02T15:51:08.729-07:00 level=DEBUG msg="Query returned data" test=archv2-nxm-batched tool=conduit-v2 collector=conduit type=conduit collector=conduit type=conduit name=msg-megabytes-out-per-second[archv2-nxm-batched] series-count=1 last-value=1.0780487060546875
time=2026-08-02T15:51:08.851-07:00 level=DEBUG msg="Inspecting container" model=container-monitor name=benchi-conduit
time=2026-08-02T15:51:09.363-07:00 level=DEBUG msg="Inspecting container" model=container-monitor name=benchi-conduit
time=2026-08-02T15:51:09.727-07:00 level=DEBUG msg="promql query logged" test=archv2-nxm-batched tool=conduit-v2 collector=conduit type=conduit collector=conduit type=conduit params="map[end:2026-08-02T22:51:09.727Z query:rate(conduit_pipeline_execution_duration_seconds_count{pipeline_name=\"archv2-nxm-batched\"}[2s]) start:2026-08-02T22:50:51.726Z step:1]" stats="&{Timings:{EvalTotalTime:5.4917e-05 ResultSortTime:2.92e-07 QueryPreparationTime:1.5708e-05 InnerEvalTime:3.4292e-05 ExecQueueTime:3e-06 ExecTotalTime:5.9834e-05} Samples:0x140011daed0}" spanID=0000000000000000
time=2026-08-02T15:51:09.727-07:00 level=DEBUG msg="Query returned data" test=archv2-nxm-batched tool=conduit-v2 collector=conduit type=conduit collector=conduit type=conduit name=msg-rate-per-second[archv2-nxm-batched] series-count=1 last-value=36966
time=2026-08-02T15:51:09.727-07:00 level=DEBUG msg="promql query logged" test=archv2-nxm-batched tool=conduit-v2 collector=conduit type=conduit collector=conduit type=conduit params="map[end:2026-08-02T22:51:09.727Z query:rate(conduit_connector_bytes_sum{pipeline_name=\"archv2-nxm-batched\",type=\"source\"}[2s])/1048576 start:2026-08-02T22:50:51.726Z step:1]" stats="&{Timings:{EvalTotalTime:4.7e-05 ResultSortTime:7.5e-07 QueryPreparationTime:7.833e-06 InnerEvalTime:3.4667e-05 ExecQueueTime:1.333e-06 ExecTotalTime:4.9542e-05} Samples:0x140011db590}" spanID=0000000000000000
time=2026-08-02T15:51:09.727-07:00 level=WARN msg="Query returned multiple series, only first will be used" test=archv2-nxm-batched tool=conduit-v2 collector=conduit type=conduit collector=conduit type=conduit series-count=2
time=2026-08-02T15:51:09.728-07:00 level=DEBUG msg="Query returned data" test=archv2-nxm-batched tool=conduit-v2 collector=conduit type=conduit collector=conduit type=conduit name=msg-megabytes-in-per-second[archv2-nxm-batched] series-count=1 last-value=0.5562114715576172
time=2026-08-02T15:51:09.728-07:00 level=DEBUG msg="promql query logged" test=archv2-nxm-batched tool=conduit-v2 collector=conduit type=conduit collector=conduit type=conduit params="map[end:2026-08-02T22:51:09.728Z query:rate(conduit_connector_bytes_sum{pipeline_name=\"archv2-nxm-batched\",type=\"destination\"}[2s])/1048576 start:2026-08-02T22:50:51.726Z step:1]" stats="&{Timings:{EvalTotalTime:2.6084e-05 ResultSortTime:2.08e-07 QueryPreparationTime:3.25e-06 InnerEvalTime:2.0875e-05 ExecQueueTime:5.01e-07 ExecTotalTime:2.7542e-05} Samples:0x140013ce210}" spanID=0000000000000000
time=2026-08-02T15:51:09.728-07:00 level=WARN msg="Query returned multiple series, only first will be used" test=archv2-nxm-batched tool=conduit-v2 collector=conduit type=conduit collector=conduit type=conduit series-count=2
time=2026-08-02T15:51:09.728-07:00 level=DEBUG msg="Query returned data" test=archv2-nxm-batched tool=conduit-v2 collector=conduit type=conduit collector=conduit type=conduit name=msg-megabytes-out-per-second[archv2-nxm-batched] series-count=1 last-value=1.0476722717285156
time=2026-08-02T15:51:09.875-07:00 level=DEBUG msg="Inspecting container" model=container-monitor name=benchi-conduit
time=2026-08-02T15:51:10.386-07:00 level=DEBUG msg="Inspecting container" model=container-monitor name=benchi-conduit
time=2026-08-02T15:51:10.727-07:00 level=DEBUG msg="promql query logged" test=archv2-nxm-batched tool=conduit-v2 collector=conduit type=conduit collector=conduit type=conduit params="map[end:2026-08-02T22:51:10.727Z query:rate(conduit_pipeline_execution_duration_seconds_count{pipeline_name=\"archv2-nxm-batched\"}[2s]) start:2026-08-02T22:50:51.726Z step:1]" stats="&{Timings:{EvalTotalTime:7.6666e-05 ResultSortTime:2.92e-07 QueryPreparationTime:1.4416e-05 InnerEvalTime:5.6792e-05 ExecQueueTime:2.625e-06 ExecTotalTime:8.125e-05} Samples:0x14000fcf050}" spanID=0000000000000000
time=2026-08-02T15:51:10.727-07:00 level=DEBUG msg="Query returned data" test=archv2-nxm-batched tool=conduit-v2 collector=conduit type=conduit collector=conduit type=conduit name=msg-rate-per-second[archv2-nxm-batched] series-count=1 last-value=41866
time=2026-08-02T15:51:10.727-07:00 level=DEBUG msg="promql query logged" test=archv2-nxm-batched tool=conduit-v2 collector=conduit type=conduit collector=conduit type=conduit params="map[end:2026-08-02T22:51:10.727Z query:rate(conduit_connector_bytes_sum{pipeline_name=\"archv2-nxm-batched\",type=\"source\"}[2s])/1048576 start:2026-08-02T22:50:51.726Z step:1]" stats="&{Timings:{EvalTotalTime:0.000142542 ResultSortTime:6.25e-07 QueryPreparationTime:8.583e-06 InnerEvalTime:0.000129459 ExecQueueTime:1.292e-06 ExecTotalTime:0.000145458} Samples:0x14000fcf710}" spanID=0000000000000000
time=2026-08-02T15:51:10.727-07:00 level=WARN msg="Query returned multiple series, only first will be used" test=archv2-nxm-batched tool=conduit-v2 collector=conduit type=conduit collector=conduit type=conduit series-count=2
time=2026-08-02T15:51:10.728-07:00 level=DEBUG msg="Query returned data" test=archv2-nxm-batched tool=conduit-v2 collector=conduit type=conduit collector=conduit type=conduit name=msg-megabytes-in-per-second[archv2-nxm-batched] series-count=1 last-value=0.5780267715454102
time=2026-08-02T15:51:10.728-07:00 level=DEBUG msg="promql query logged" test=archv2-nxm-batched tool=conduit-v2 collector=conduit type=conduit collector=conduit type=conduit params="map[end:2026-08-02T22:51:10.728Z query:rate(conduit_connector_bytes_sum{pipeline_name=\"archv2-nxm-batched\",type=\"destination\"}[2s])/1048576 start:2026-08-02T22:50:51.726Z step:1]" stats="&{Timings:{EvalTotalTime:5.8083e-05 ResultSortTime:4.17e-07 QueryPreparationTime:8.916e-06 InnerEvalTime:4.5083e-05 ExecQueueTime:1.291e-06 ExecTotalTime:6.225e-05} Samples:0x140016044e0}" spanID=0000000000000000
time=2026-08-02T15:51:10.728-07:00 level=WARN msg="Query returned multiple series, only first will be used" test=archv2-nxm-batched tool=conduit-v2 collector=conduit type=conduit collector=conduit type=conduit series-count=2
time=2026-08-02T15:51:10.728-07:00 level=DEBUG msg="Query returned data" test=archv2-nxm-batched tool=conduit-v2 collector=conduit type=conduit collector=conduit type=conduit name=msg-megabytes-out-per-second[archv2-nxm-batched] series-count=1 last-value=1.1829395294189453
time=2026-08-02T15:51:10.899-07:00 level=DEBUG msg="Inspecting container" model=container-monitor name=benchi-conduit
time=2026-08-02T15:51:11.417-07:00 level=DEBUG msg="Inspecting container" model=container-monitor name=benchi-conduit
time=2026-08-02T15:51:11.727-07:00 level=INFO msg="Test in progress" test=archv2-nxm-batched tool=conduit-v2 step=test time-left=40s
time=2026-08-02T15:51:11.727-07:00 level=DEBUG msg="promql query logged" test=archv2-nxm-batched tool=conduit-v2 collector=conduit type=conduit collector=conduit type=conduit params="map[end:2026-08-02T22:51:11.727Z query:rate(conduit_pipeline_execution_duration_seconds_count{pipeline_name=\"archv2-nxm-batched\"}[2s]) start:2026-08-02T22:50:51.726Z step:1]" stats="&{Timings:{EvalTotalTime:4.85e-05 ResultSortTime:3.75e-07 QueryPreparationTime:1.4584e-05 InnerEvalTime:2.8958e-05 ExecQueueTime:2.001e-06 ExecTotalTime:5.2959e-05} Samples:0x140014d2cf0}" spanID=0000000000000000
time=2026-08-02T15:51:11.727-07:00 level=DEBUG msg="Query returned data" test=archv2-nxm-batched tool=conduit-v2 collector=conduit type=conduit collector=conduit type=conduit name=msg-rate-per-second[archv2-nxm-batched] series-count=1 last-value=42762
time=2026-08-02T15:51:11.727-07:00 level=DEBUG msg="promql query logged" test=archv2-nxm-batched tool=conduit-v2 collector=conduit type=conduit collector=conduit type=conduit params="map[end:2026-08-02T22:51:11.727Z query:rate(conduit_connector_bytes_sum{pipeline_name=\"archv2-nxm-batched\",type=\"source\"}[2s])/1048576 start:2026-08-02T22:50:51.726Z step:1]" stats="&{Timings:{EvalTotalTime:0.000109292 ResultSortTime:1e-06 QueryPreparationTime:5.916e-06 InnerEvalTime:9.8084e-05 ExecQueueTime:7.5e-07 ExecTotalTime:0.000112541} Samples:0x140014d33b0}" spanID=0000000000000000
time=2026-08-02T15:51:11.727-07:00 level=WARN msg="Query returned multiple series, only first will be used" test=archv2-nxm-batched tool=conduit-v2 collector=conduit type=conduit collector=conduit type=conduit series-count=2
time=2026-08-02T15:51:11.727-07:00 level=DEBUG msg="Query returned data" test=archv2-nxm-batched tool=conduit-v2 collector=conduit type=conduit collector=conduit type=conduit name=msg-megabytes-in-per-second[archv2-nxm-batched] series-count=1 last-value=0.5919933319091797
time=2026-08-02T15:51:11.727-07:00 level=DEBUG msg="promql query logged" test=archv2-nxm-batched tool=conduit-v2 collector=conduit type=conduit collector=conduit type=conduit params="map[end:2026-08-02T22:51:11.727Z query:rate(conduit_connector_bytes_sum{pipeline_name=\"archv2-nxm-batched\",type=\"destination\"}[2s])/1048576 start:2026-08-02T22:50:51.726Z step:1]" stats="&{Timings:{EvalTotalTime:6.1875e-05 ResultSortTime:5e-07 QueryPreparationTime:9.25e-06 InnerEvalTime:4.8458e-05 ExecQueueTime:1.25e-06 ExecTotalTime:6.5042e-05} Samples:0x140014572f0}" spanID=0000000000000000
time=2026-08-02T15:51:11.728-07:00 level=WARN msg="Query returned multiple series, only first will be used" test=archv2-nxm-batched tool=conduit-v2 collector=conduit type=conduit collector=conduit type=conduit series-count=2
time=2026-08-02T15:51:11.728-07:00 level=DEBUG msg="Query returned data" test=archv2-nxm-batched tool=conduit-v2 collector=conduit type=conduit collector=conduit type=conduit name=msg-megabytes-out-per-second[archv2-nxm-batched] series-count=1 last-value=1.2103681564331055
time=2026-08-02T15:51:11.940-07:00 level=DEBUG msg="Inspecting container" model=container-monitor name=benchi-conduit
time=2026-08-02T15:51:12.476-07:00 level=DEBUG msg="Inspecting container" model=container-monitor name=benchi-conduit
time=2026-08-02T15:51:12.727-07:00 level=DEBUG msg="promql query logged" test=archv2-nxm-batched tool=conduit-v2 collector=conduit type=conduit collector=conduit type=conduit params="map[end:2026-08-02T22:51:12.727Z query:rate(conduit_pipeline_execution_duration_seconds_count{pipeline_name=\"archv2-nxm-batched\"}[2s]) start:2026-08-02T22:50:51.726Z step:1]" stats="&{Timings:{EvalTotalTime:4.7916e-05 ResultSortTime:5e-07 QueryPreparationTime:1.4042e-05 InnerEvalTime:2.875e-05 ExecQueueTime:2.625e-06 ExecTotalTime:5.2584e-05} Samples:0x14001645710}" spanID=0000000000000000
time=2026-08-02T15:51:12.727-07:00 level=DEBUG msg="Query returned data" test=archv2-nxm-batched tool=conduit-v2 collector=conduit type=conduit collector=conduit type=conduit name=msg-rate-per-second[archv2-nxm-batched] series-count=1 last-value=42882
time=2026-08-02T15:51:12.727-07:00 level=DEBUG msg="promql query logged" test=archv2-nxm-batched tool=conduit-v2 collector=conduit type=conduit collector=conduit type=conduit params="map[end:2026-08-02T22:51:12.727Z query:rate(conduit_connector_bytes_sum{pipeline_name=\"archv2-nxm-batched\",type=\"source\"}[2s])/1048576 start:2026-08-02T22:50:51.726Z step:1]" stats="&{Timings:{EvalTotalTime:6.1584e-05 ResultSortTime:8.33e-07 QueryPreparationTime:8.167e-06 InnerEvalTime:4.8958e-05 ExecQueueTime:1.209e-06 ExecTotalTime:6.6042e-05} Samples:0x14001645dd0}" spanID=0000000000000000
time=2026-08-02T15:51:12.728-07:00 level=WARN msg="Query returned multiple series, only first will be used" test=archv2-nxm-batched tool=conduit-v2 collector=conduit type=conduit collector=conduit type=conduit series-count=2
time=2026-08-02T15:51:12.728-07:00 level=DEBUG msg="Query returned data" test=archv2-nxm-batched tool=conduit-v2 collector=conduit type=conduit collector=conduit type=conduit name=msg-megabytes-in-per-second[archv2-nxm-batched] series-count=1 last-value=0.6218671798706055
time=2026-08-02T15:51:12.728-07:00 level=DEBUG msg="promql query logged" test=archv2-nxm-batched tool=conduit-v2 collector=conduit type=conduit collector=conduit type=conduit params="map[end:2026-08-02T22:51:12.728Z query:rate(conduit_connector_bytes_sum{pipeline_name=\"archv2-nxm-batched\",type=\"destination\"}[2s])/1048576 start:2026-08-02T22:50:51.726Z step:1]" stats="&{Timings:{EvalTotalTime:6.4375e-05 ResultSortTime:7.5e-07 QueryPreparationTime:1.1666e-05 InnerEvalTime:4.7667e-05 ExecQueueTime:1.333e-06 ExecTotalTime:6.775e-05} Samples:0x140015acc30}" spanID=0000000000000000
time=2026-08-02T15:51:12.728-07:00 level=WARN msg="Query returned multiple series, only first will be used" test=archv2-nxm-batched tool=conduit-v2 collector=conduit type=conduit collector=conduit type=conduit series-count=2
time=2026-08-02T15:51:12.728-07:00 level=DEBUG msg="Query returned data" test=archv2-nxm-batched tool=conduit-v2 collector=conduit type=conduit collector=conduit type=conduit name=msg-megabytes-out-per-second[archv2-nxm-batched] series-count=1 last-value=1.21014404296875
time=2026-08-02T15:51:12.991-07:00 level=DEBUG msg="Inspecting container" model=container-monitor name=benchi-conduit
time=2026-08-02T15:51:13.541-07:00 level=DEBUG msg="Inspecting container" model=container-monitor name=benchi-conduit
time=2026-08-02T15:51:13.727-07:00 level=DEBUG msg="promql query logged" test=archv2-nxm-batched tool=conduit-v2 collector=conduit type=conduit collector=conduit type=conduit params="map[end:2026-08-02T22:51:13.727Z query:rate(conduit_pipeline_execution_duration_seconds_count{pipeline_name=\"archv2-nxm-batched\"}[2s]) start:2026-08-02T22:50:51.726Z step:1]" stats="&{Timings:{EvalTotalTime:5.1208e-05 ResultSortTime:2.92e-07 QueryPreparationTime:1.5792e-05 InnerEvalTime:2.9833e-05 ExecQueueTime:2.625e-06 ExecTotalTime:5.6291e-05} Samples:0x14001678fc0}" spanID=0000000000000000
time=2026-08-02T15:51:13.727-07:00 level=DEBUG msg="Query returned data" test=archv2-nxm-batched tool=conduit-v2 collector=conduit type=conduit collector=conduit type=conduit name=msg-rate-per-second[archv2-nxm-batched] series-count=1 last-value=40366.16915422886
time=2026-08-02T15:51:13.728-07:00 level=DEBUG msg="promql query logged" test=archv2-nxm-batched tool=conduit-v2 collector=conduit type=conduit collector=conduit type=conduit params="map[end:2026-08-02T22:51:13.728Z query:rate(conduit_connector_bytes_sum{pipeline_name=\"archv2-nxm-batched\",type=\"source\"}[2s])/1048576 start:2026-08-02T22:50:51.726Z step:1]" stats="&{Timings:{EvalTotalTime:0.000169042 ResultSortTime:1e-06 QueryPreparationTime:1.0958e-05 InnerEvalTime:0.000152333 ExecQueueTime:1.459e-06 ExecTotalTime:0.000173167} Samples:0x14001679680}" spanID=0000000000000000
time=2026-08-02T15:51:13.728-07:00 level=WARN msg="Query returned multiple series, only first will be used" test=archv2-nxm-batched tool=conduit-v2 collector=conduit type=conduit collector=conduit type=conduit series-count=2
time=2026-08-02T15:51:13.728-07:00 level=DEBUG msg="Query returned data" test=archv2-nxm-batched tool=conduit-v2 collector=conduit type=conduit collector=conduit type=conduit name=msg-megabytes-in-per-second[archv2-nxm-batched] series-count=1 last-value=0.5624258696143307
time=2026-08-02T15:51:13.728-07:00 level=DEBUG msg="promql query logged" test=archv2-nxm-batched tool=conduit-v2 collector=conduit type=conduit collector=conduit type=conduit params="map[end:2026-08-02T22:51:13.728Z query:rate(conduit_connector_bytes_sum{pipeline_name=\"archv2-nxm-batched\",type=\"destination\"}[2s])/1048576 start:2026-08-02T22:50:51.726Z step:1]" stats="&{Timings:{EvalTotalTime:5.7542e-05 ResultSortTime:4.59e-07 QueryPreparationTime:8.875e-06 InnerEvalTime:4.3959e-05 ExecQueueTime:1.126e-06 ExecTotalTime:6.025e-05} Samples:0x140016c0420}" spanID=0000000000000000
time=2026-08-02T15:51:13.728-07:00 level=WARN msg="Query returned multiple series, only first will be used" test=archv2-nxm-batched tool=conduit-v2 collector=conduit type=conduit collector=conduit type=conduit series-count=2
time=2026-08-02T15:51:13.728-07:00 level=DEBUG msg="Query returned data" test=archv2-nxm-batched tool=conduit-v2 collector=conduit type=conduit collector=conduit type=conduit name=msg-megabytes-out-per-second[archv2-nxm-batched] series-count=1 last-value=1.137831199228467
time=2026-08-02T15:51:14.068-07:00 level=DEBUG msg="Inspecting container" model=container-monitor name=benchi-conduit
time=2026-08-02T15:51:14.601-07:00 level=DEBUG msg="Inspecting container" model=container-monitor name=benchi-conduit
time=2026-08-02T15:51:14.727-07:00 level=DEBUG msg="promql query logged" test=archv2-nxm-batched tool=conduit-v2 collector=conduit type=conduit collector=conduit type=conduit params="map[end:2026-08-02T22:51:14.727Z query:rate(conduit_pipeline_execution_duration_seconds_count{pipeline_name=\"archv2-nxm-batched\"}[2s]) start:2026-08-02T22:50:51.726Z step:1]" stats="&{Timings:{EvalTotalTime:5.0625e-05 ResultSortTime:4.17e-07 QueryPreparationTime:1.4792e-05 InnerEvalTime:3.0917e-05 ExecQueueTime:2.458e-06 ExecTotalTime:5.5416e-05} Samples:0x140018a9470}" spanID=0000000000000000
time=2026-08-02T15:51:14.727-07:00 level=DEBUG msg="Query returned data" test=archv2-nxm-batched tool=conduit-v2 collector=conduit type=conduit collector=conduit type=conduit name=msg-rate-per-second[archv2-nxm-batched] series-count=1 last-value=42830.49147442327
time=2026-08-02T15:51:14.727-07:00 level=DEBUG msg="promql query logged" test=archv2-nxm-batched tool=conduit-v2 collector=conduit type=conduit collector=conduit type=conduit params="map[end:2026-08-02T22:51:14.727Z query:rate(conduit_connector_bytes_sum{pipeline_name=\"archv2-nxm-batched\",type=\"source\"}[2s])/1048576 start:2026-08-02T22:50:51.726Z step:1]" stats="&{Timings:{EvalTotalTime:5.8916e-05 ResultSortTime:8.75e-07 QueryPreparationTime:9.583e-06 InnerEvalTime:4.55e-05 ExecQueueTime:1.418e-06 ExecTotalTime:6.1708e-05} Samples:0x1400182e750}" spanID=0000000000000000
time=2026-08-02T15:51:14.727-07:00 level=WARN msg="Query returned multiple series, only first will be used" test=archv2-nxm-batched tool=conduit-v2 collector=conduit type=conduit collector=conduit type=conduit series-count=2
time=2026-08-02T15:51:14.728-07:00 level=DEBUG msg="Query returned data" test=archv2-nxm-batched tool=conduit-v2 collector=conduit type=conduit collector=conduit type=conduit name=msg-megabytes-in-per-second[archv2-nxm-batched] series-count=1 last-value=0.6119901222833539
time=2026-08-02T15:51:14.728-07:00 level=DEBUG msg="promql query logged" test=archv2-nxm-batched tool=conduit-v2 collector=conduit type=conduit collector=conduit type=conduit params="map[end:2026-08-02T22:51:14.728Z query:rate(conduit_connector_bytes_sum{pipeline_name=\"archv2-nxm-batched\",type=\"destination\"}[2s])/1048576 start:2026-08-02T22:50:51.726Z step:1]" stats="&{Timings:{EvalTotalTime:4.1875e-05 ResultSortTime:4.17e-07 QueryPreparationTime:5.75e-06 InnerEvalTime:3.3416e-05 ExecQueueTime:1e-06 ExecTotalTime:4.4292e-05} Samples:0x140018a9b00}" spanID=0000000000000000
time=2026-08-02T15:51:14.728-07:00 level=WARN msg="Query returned multiple series, only first will be used" test=archv2-nxm-batched tool=conduit-v2 collector=conduit type=conduit collector=conduit type=conduit series-count=2
time=2026-08-02T15:51:14.728-07:00 level=DEBUG msg="Query returned data" test=archv2-nxm-batched tool=conduit-v2 collector=conduit type=conduit collector=conduit type=conduit name=msg-megabytes-out-per-second[archv2-nxm-batched] series-count=1 last-value=1.2110831625124396
time=2026-08-02T15:51:15.115-07:00 level=DEBUG msg="Inspecting container" model=container-monitor name=benchi-conduit
time=2026-08-02T15:51:15.623-07:00 level=DEBUG msg="Inspecting container" model=container-monitor name=benchi-conduit
time=2026-08-02T15:51:15.729-07:00 level=DEBUG msg="promql query logged" test=archv2-nxm-batched tool=conduit-v2 collector=conduit type=conduit collector=conduit type=conduit params="map[end:2026-08-02T22:51:15.729Z query:rate(conduit_pipeline_execution_duration_seconds_count{pipeline_name=\"archv2-nxm-batched\"}[2s]) start:2026-08-02T22:50:51.726Z step:1]" stats="&{Timings:{EvalTotalTime:5.0667e-05 ResultSortTime:3.75e-07 QueryPreparationTime:1.4958e-05 InnerEvalTime:3.0625e-05 ExecQueueTime:2.5e-06 ExecTotalTime:5.5209e-05} Samples:0x1400185f710}" spanID=0000000000000000
time=2026-08-02T15:51:15.729-07:00 level=DEBUG msg="Query returned data" test=archv2-nxm-batched tool=conduit-v2 collector=conduit type=conduit collector=conduit type=conduit name=msg-rate-per-second[archv2-nxm-batched] series-count=1 last-value=45035.07014028056
time=2026-08-02T15:51:15.729-07:00 level=DEBUG msg="promql query logged" test=archv2-nxm-batched tool=conduit-v2 collector=conduit type=conduit collector=conduit type=conduit params="map[end:2026-08-02T22:51:15.729Z query:rate(conduit_connector_bytes_sum{pipeline_name=\"archv2-nxm-batched\",type=\"source\"}[2s])/1048576 start:2026-08-02T22:50:51.726Z step:1]" stats="&{Timings:{EvalTotalTime:9.1417e-05 ResultSortTime:1.166e-06 QueryPreparationTime:9.042e-06 InnerEvalTime:6.0667e-05 ExecQueueTime:1.459e-06 ExecTotalTime:9.4875e-05} Samples:0x1400185fdd0}" spanID=0000000000000000
time=2026-08-02T15:51:15.729-07:00 level=WARN msg="Query returned multiple series, only first will be used" test=archv2-nxm-batched tool=conduit-v2 collector=conduit type=conduit collector=conduit type=conduit series-count=2
time=2026-08-02T15:51:15.729-07:00 level=DEBUG msg="Query returned data" test=archv2-nxm-batched tool=conduit-v2 collector=conduit type=conduit collector=conduit type=conduit name=msg-megabytes-in-per-second[archv2-nxm-batched] series-count=1 last-value=0.6380721419034358
time=2026-08-02T15:51:15.730-07:00 level=DEBUG msg="promql query logged" test=archv2-nxm-batched tool=conduit-v2 collector=conduit type=conduit collector=conduit type=conduit params="map[end:2026-08-02T22:51:15.729Z query:rate(conduit_connector_bytes_sum{pipeline_name=\"archv2-nxm-batched\",type=\"destination\"}[2s])/1048576 start:2026-08-02T22:50:51.726Z step:1]" stats="&{Timings:{EvalTotalTime:8.0584e-05 ResultSortTime:7.92e-07 QueryPreparationTime:1.3792e-05 InnerEvalTime:6.175e-05 ExecQueueTime:1.458e-06 ExecTotalTime:8.4416e-05} Samples:0x140019aabd0}" spanID=0000000000000000
time=2026-08-02T15:51:15.730-07:00 level=WARN msg="Query returned multiple series, only first will be used" test=archv2-nxm-batched tool=conduit-v2 collector=conduit type=conduit collector=conduit type=conduit series-count=2
time=2026-08-02T15:51:15.731-07:00 level=DEBUG msg="Query returned data" test=archv2-nxm-batched tool=conduit-v2 collector=conduit type=conduit collector=conduit type=conduit name=msg-megabytes-out-per-second[archv2-nxm-batched] series-count=1 last-value=1.2726716861457288
time=2026-08-02T15:51:16.137-07:00 level=DEBUG msg="Inspecting container" model=container-monitor name=benchi-conduit
time=2026-08-02T15:51:16.653-07:00 level=DEBUG msg="Inspecting container" model=container-monitor name=benchi-conduit
time=2026-08-02T15:51:16.729-07:00 level=INFO msg="Test in progress" test=archv2-nxm-batched tool=conduit-v2 step=test time-left=35s
time=2026-08-02T15:51:16.729-07:00 level=DEBUG msg="promql query logged" test=archv2-nxm-batched tool=conduit-v2 collector=conduit type=conduit collector=conduit type=conduit params="map[end:2026-08-02T22:51:16.729Z query:rate(conduit_pipeline_execution_duration_seconds_count{pipeline_name=\"archv2-nxm-batched\"}[2s]) start:2026-08-02T22:50:51.726Z step:1]" stats="&{Timings:{EvalTotalTime:6.9042e-05 ResultSortTime:3.75e-07 QueryPreparationTime:1.4583e-05 InnerEvalTime:4.9083e-05 ExecQueueTime:1.875e-06 ExecTotalTime:7.3208e-05} Samples:0x14001a25bc0}" spanID=0000000000000000
time=2026-08-02T15:51:16.729-07:00 level=DEBUG msg="Query returned data" test=archv2-nxm-batched tool=conduit-v2 collector=conduit type=conduit collector=conduit type=conduit name=msg-rate-per-second[archv2-nxm-batched] series-count=1 last-value=44917
time=2026-08-02T15:51:16.730-07:00 level=DEBUG msg="promql query logged" test=archv2-nxm-batched tool=conduit-v2 collector=conduit type=conduit collector=conduit type=conduit params="map[end:2026-08-02T22:51:16.729Z query:rate(conduit_connector_bytes_sum{pipeline_name=\"archv2-nxm-batched\",type=\"source\"}[2s])/1048576 start:2026-08-02T22:50:51.726Z step:1]" stats="&{Timings:{EvalTotalTime:8.7083e-05 ResultSortTime:8.34e-07 QueryPreparationTime:1.0166e-05 InnerEvalTime:6.2291e-05 ExecQueueTime:1.791e-06 ExecTotalTime:9.075e-05} Samples:0x14001a62300}" spanID=0000000000000000
time=2026-08-02T15:51:16.730-07:00 level=WARN msg="Query returned multiple series, only first will be used" test=archv2-nxm-batched tool=conduit-v2 collector=conduit type=conduit collector=conduit type=conduit series-count=2
time=2026-08-02T15:51:16.733-07:00 level=DEBUG msg="Query returned data" test=archv2-nxm-batched tool=conduit-v2 collector=conduit type=conduit collector=conduit type=conduit name=msg-megabytes-in-per-second[archv2-nxm-batched] series-count=1 last-value=0.6257200241088867
time=2026-08-02T15:51:16.736-07:00 level=DEBUG msg="promql query logged" test=archv2-nxm-batched tool=conduit-v2 collector=conduit type=conduit collector=conduit type=conduit params="map[end:2026-08-02T22:51:16.736Z query:rate(conduit_connector_bytes_sum{pipeline_name=\"archv2-nxm-batched\",type=\"destination\"}[2s])/1048576 start:2026-08-02T22:50:51.726Z step:1]" stats="&{Timings:{EvalTotalTime:9.8792e-05 ResultSortTime:6.67e-07 QueryPreparationTime:1.8e-05 InnerEvalTime:7.6542e-05 ExecQueueTime:1.666e-06 ExecTotalTime:0.000102333} Samples:0x140019aba10}" spanID=0000000000000000
time=2026-08-02T15:51:16.736-07:00 level=WARN msg="Query returned multiple series, only first will be used" test=archv2-nxm-batched tool=conduit-v2 collector=conduit type=conduit collector=conduit type=conduit series-count=2
time=2026-08-02T15:51:16.736-07:00 level=DEBUG msg="Query returned data" test=archv2-nxm-batched tool=conduit-v2 collector=conduit type=conduit collector=conduit type=conduit name=msg-megabytes-out-per-second[archv2-nxm-batched] series-count=1 last-value=1.2695989608764648
time=2026-08-02T15:51:17.172-07:00 level=DEBUG msg="Inspecting container" model=container-monitor name=benchi-conduit
time=2026-08-02T15:51:17.679-07:00 level=DEBUG msg="Inspecting container" model=container-monitor name=benchi-conduit
time=2026-08-02T15:51:17.729-07:00 level=DEBUG msg="promql query logged" test=archv2-nxm-batched tool=conduit-v2 collector=conduit type=conduit collector=conduit type=conduit params="map[end:2026-08-02T22:51:17.729Z query:rate(conduit_pipeline_execution_duration_seconds_count{pipeline_name=\"archv2-nxm-batched\"}[2s]) start:2026-08-02T22:50:51.726Z step:1]" stats="&{Timings:{EvalTotalTime:5.1292e-05 ResultSortTime:5e-07 QueryPreparationTime:1.4708e-05 InnerEvalTime:3.1125e-05 ExecQueueTime:2.167e-06 ExecTotalTime:5.8041e-05} Samples:0x140016c4630}" spanID=0000000000000000
time=2026-08-02T15:51:17.730-07:00 level=DEBUG msg="Query returned data" test=archv2-nxm-batched tool=conduit-v2 collector=conduit type=conduit collector=conduit type=conduit name=msg-rate-per-second[archv2-nxm-batched] series-count=1 last-value=43046
time=2026-08-02T15:51:17.730-07:00 level=DEBUG msg="promql query logged" test=archv2-nxm-batched tool=conduit-v2 collector=conduit type=conduit collector=conduit type=conduit params="map[end:2026-08-02T22:51:17.730Z query:rate(conduit_connector_bytes_sum{pipeline_name=\"archv2-nxm-batched\",type=\"source\"}[2s])/1048576 start:2026-08-02T22:50:51.726Z step:1]" stats="&{Timings:{EvalTotalTime:5.6958e-05 ResultSortTime:8.33e-07 QueryPreparationTime:9.75e-06 InnerEvalTime:4.3541e-05 ExecQueueTime:1.499e-06 ExecTotalTime:5.9875e-05} Samples:0x1400128a0f0}" spanID=0000000000000000
time=2026-08-02T15:51:17.730-07:00 level=WARN msg="Query returned multiple series, only first will be used" test=archv2-nxm-batched tool=conduit-v2 collector=conduit type=conduit collector=conduit type=conduit series-count=2
time=2026-08-02T15:51:17.730-07:00 level=DEBUG msg="Query returned data" test=archv2-nxm-batched tool=conduit-v2 collector=conduit type=conduit collector=conduit type=conduit name=msg-megabytes-in-per-second[archv2-nxm-batched] series-count=1 last-value=0.573124885559082
time=2026-08-02T15:51:17.730-07:00 level=DEBUG msg="promql query logged" test=archv2-nxm-batched tool=conduit-v2 collector=conduit type=conduit collector=conduit type=conduit params="map[end:2026-08-02T22:51:17.730Z query:rate(conduit_connector_bytes_sum{pipeline_name=\"archv2-nxm-batched\",type=\"destination\"}[2s])/1048576 start:2026-08-02T22:50:51.726Z step:1]" stats="&{Timings:{EvalTotalTime:3.2125e-05 ResultSortTime:2.09e-07 QueryPreparationTime:3.25e-06 InnerEvalTime:2.6167e-05 ExecQueueTime:5.42e-07 ExecTotalTime:3.3625e-05} Samples:0x1400128af30}" spanID=0000000000000000
time=2026-08-02T15:51:17.730-07:00 level=WARN msg="Query returned multiple series, only first will be used" test=archv2-nxm-batched tool=conduit-v2 collector=conduit type=conduit collector=conduit type=conduit series-count=2
time=2026-08-02T15:51:17.730-07:00 level=DEBUG msg="Query returned data" test=archv2-nxm-batched tool=conduit-v2 collector=conduit type=conduit collector=conduit type=conduit name=msg-megabytes-out-per-second[archv2-nxm-batched] series-count=1 last-value=1.2164487838745117
time=2026-08-02T15:51:18.212-07:00 level=DEBUG msg="Inspecting container" model=container-monitor name=benchi-conduit
time=2026-08-02T15:51:18.717-07:00 level=DEBUG msg="Inspecting container" model=container-monitor name=benchi-conduit
time=2026-08-02T15:51:18.729-07:00 level=DEBUG msg="promql query logged" test=archv2-nxm-batched tool=conduit-v2 collector=conduit type=conduit collector=conduit type=conduit params="map[end:2026-08-02T22:51:18.729Z query:rate(conduit_pipeline_execution_duration_seconds_count{pipeline_name=\"archv2-nxm-batched\"}[2s]) start:2026-08-02T22:50:51.726Z step:1]" stats="&{Timings:{EvalTotalTime:8.7291e-05 ResultSortTime:5e-07 QueryPreparationTime:1.525e-05 InnerEvalTime:6.4292e-05 ExecQueueTime:2.541e-06 ExecTotalTime:9.225e-05} Samples:0x140007c9bc0}" spanID=0000000000000000
time=2026-08-02T15:51:18.730-07:00 level=DEBUG msg="Query returned data" test=archv2-nxm-batched tool=conduit-v2 collector=conduit type=conduit collector=conduit type=conduit name=msg-rate-per-second[archv2-nxm-batched] series-count=1 last-value=40975
time=2026-08-02T15:51:18.730-07:00 level=DEBUG msg="promql query logged" test=archv2-nxm-batched tool=conduit-v2 collector=conduit type=conduit collector=conduit type=conduit params="map[end:2026-08-02T22:51:18.730Z query:rate(conduit_connector_bytes_sum{pipeline_name=\"archv2-nxm-batched\",type=\"source\"}[2s])/1048576 start:2026-08-02T22:50:51.726Z step:1]" stats="&{Timings:{EvalTotalTime:7.1959e-05 ResultSortTime:9.17e-07 QueryPreparationTime:8.708e-06 InnerEvalTime:5.5625e-05 ExecQueueTime:1.333e-06 ExecTotalTime:7.4875e-05} Samples:0x14001358390}" spanID=0000000000000000
time=2026-08-02T15:51:18.730-07:00 level=WARN msg="Query returned multiple series, only first will be used" test=archv2-nxm-batched tool=conduit-v2 collector=conduit type=conduit collector=conduit type=conduit series-count=2
time=2026-08-02T15:51:18.730-07:00 level=DEBUG msg="Query returned data" test=archv2-nxm-batched tool=conduit-v2 collector=conduit type=conduit collector=conduit type=conduit name=msg-megabytes-in-per-second[archv2-nxm-batched] series-count=1 last-value=0.5660543441772461
time=2026-08-02T15:51:18.730-07:00 level=DEBUG msg="promql query logged" test=archv2-nxm-batched tool=conduit-v2 collector=conduit type=conduit collector=conduit type=conduit params="map[end:2026-08-02T22:51:18.730Z query:rate(conduit_connector_bytes_sum{pipeline_name=\"archv2-nxm-batched\",type=\"destination\"}[2s])/1048576 start:2026-08-02T22:50:51.726Z step:1]" stats="&{Timings:{EvalTotalTime:5.6875e-05 ResultSortTime:4.58e-07 QueryPreparationTime:6.709e-06 InnerEvalTime:4.6e-05 ExecQueueTime:8.75e-07 ExecTotalTime:5.9458e-05} Samples:0x14001359320}" spanID=0000000000000000
time=2026-08-02T15:51:18.730-07:00 level=WARN msg="Query returned multiple series, only first will be used" test=archv2-nxm-batched tool=conduit-v2 collector=conduit type=conduit collector=conduit type=conduit series-count=2
time=2026-08-02T15:51:18.730-07:00 level=DEBUG msg="Query returned data" test=archv2-nxm-batched tool=conduit-v2 collector=conduit type=conduit collector=conduit type=conduit name=msg-megabytes-out-per-second[archv2-nxm-batched] series-count=1 last-value=1.1568050384521484
time=2026-08-02T15:51:19.237-07:00 level=DEBUG msg="Inspecting container" model=container-monitor name=benchi-conduit
time=2026-08-02T15:51:19.729-07:00 level=DEBUG msg="promql query logged" test=archv2-nxm-batched tool=conduit-v2 collector=conduit type=conduit collector=conduit type=conduit params="map[end:2026-08-02T22:51:19.729Z query:rate(conduit_pipeline_execution_duration_seconds_count{pipeline_name=\"archv2-nxm-batched\"}[2s]) start:2026-08-02T22:50:51.726Z step:1]" stats="&{Timings:{EvalTotalTime:4.9375e-05 ResultSortTime:4.58e-07 QueryPreparationTime:1.4583e-05 InnerEvalTime:2.9792e-05 ExecQueueTime:2.374e-06 ExecTotalTime:5.4083e-05} Samples:0x1400119ad50}" spanID=0000000000000000
time=2026-08-02T15:51:19.729-07:00 level=DEBUG msg="Query returned data" test=archv2-nxm-batched tool=conduit-v2 collector=conduit type=conduit collector=conduit type=conduit name=msg-rate-per-second[archv2-nxm-batched] series-count=1 last-value=43596
time=2026-08-02T15:51:19.729-07:00 level=DEBUG msg="promql query logged" test=archv2-nxm-batched tool=conduit-v2 collector=conduit type=conduit collector=conduit type=conduit params="map[end:2026-08-02T22:51:19.729Z query:rate(conduit_connector_bytes_sum{pipeline_name=\"archv2-nxm-batched\",type=\"source\"}[2s])/1048576 start:2026-08-02T22:50:51.726Z step:1]" stats="&{Timings:{EvalTotalTime:7.4375e-05 ResultSortTime:8.75e-07 QueryPreparationTime:9.834e-06 InnerEvalTime:5.975e-05 ExecQueueTime:1.541e-06 ExecTotalTime:7.775e-05} Samples:0x1400119b410}" spanID=0000000000000000
time=2026-08-02T15:51:19.729-07:00 level=WARN msg="Query returned multiple series, only first will be used" test=archv2-nxm-batched tool=conduit-v2 collector=conduit type=conduit collector=conduit type=conduit series-count=2
time=2026-08-02T15:51:19.729-07:00 level=DEBUG msg="Query returned data" test=archv2-nxm-batched tool=conduit-v2 collector=conduit type=conduit collector=conduit type=conduit name=msg-megabytes-in-per-second[archv2-nxm-batched] series-count=1 last-value=0.6181783676147461
time=2026-08-02T15:51:19.729-07:00 level=DEBUG msg="promql query logged" test=archv2-nxm-batched tool=conduit-v2 collector=conduit type=conduit collector=conduit type=conduit params="map[end:2026-08-02T22:51:19.729Z query:rate(conduit_connector_bytes_sum{pipeline_name=\"archv2-nxm-batched\",type=\"destination\"}[2s])/1048576 start:2026-08-02T22:50:51.726Z step:1]" stats="&{Timings:{EvalTotalTime:0.000182667 ResultSortTime:7.92e-07 QueryPreparationTime:9.666e-06 InnerEvalTime:0.000166667 ExecQueueTime:2.833e-06 ExecTotalTime:0.000188375} Samples:0x140007fe5a0}" spanID=0000000000000000
time=2026-08-02T15:51:19.729-07:00 level=WARN msg="Query returned multiple series, only first will be used" test=archv2-nxm-batched tool=conduit-v2 collector=conduit type=conduit collector=conduit type=conduit series-count=2
time=2026-08-02T15:51:19.729-07:00 level=DEBUG msg="Query returned data" test=archv2-nxm-batched tool=conduit-v2 collector=conduit type=conduit collector=conduit type=conduit name=msg-megabytes-out-per-second[archv2-nxm-batched] series-count=1 last-value=1.2324590682983398
time=2026-08-02T15:51:19.764-07:00 level=DEBUG msg="Inspecting container" model=container-monitor name=benchi-conduit
time=2026-08-02T15:51:20.286-07:00 level=DEBUG msg="Inspecting container" model=container-monitor name=benchi-conduit
time=2026-08-02T15:51:20.730-07:00 level=DEBUG msg="promql query logged" test=archv2-nxm-batched tool=conduit-v2 collector=conduit type=conduit collector=conduit type=conduit params="map[end:2026-08-02T22:51:20.729Z query:rate(conduit_pipeline_execution_duration_seconds_count{pipeline_name=\"archv2-nxm-batched\"}[2s]) start:2026-08-02T22:50:51.726Z step:1]" stats="&{Timings:{EvalTotalTime:5.8958e-05 ResultSortTime:5.42e-07 QueryPreparationTime:1.5791e-05 InnerEvalTime:3.4916e-05 ExecQueueTime:2.916e-06 ExecTotalTime:6.5458e-05} Samples:0x14000976630}" spanID=0000000000000000
time=2026-08-02T15:51:20.730-07:00 level=DEBUG msg="Query returned data" test=archv2-nxm-batched tool=conduit-v2 collector=conduit type=conduit collector=conduit type=conduit name=msg-rate-per-second[archv2-nxm-batched] series-count=1 last-value=39822
time=2026-08-02T15:51:20.730-07:00 level=DEBUG msg="promql query logged" test=archv2-nxm-batched tool=conduit-v2 collector=conduit type=conduit collector=conduit type=conduit params="map[end:2026-08-02T22:51:20.730Z query:rate(conduit_connector_bytes_sum{pipeline_name=\"archv2-nxm-batched\",type=\"source\"}[2s])/1048576 start:2026-08-02T22:50:51.726Z step:1]" stats="&{Timings:{EvalTotalTime:7.4708e-05 ResultSortTime:1e-06 QueryPreparationTime:8.958e-06 InnerEvalTime:5.95e-05 ExecQueueTime:1.292e-06 ExecTotalTime:7.7459e-05} Samples:0x14000976cf0}" spanID=0000000000000000
time=2026-08-02T15:51:20.730-07:00 level=WARN msg="Query returned multiple series, only first will be used" test=archv2-nxm-batched tool=conduit-v2 collector=conduit type=conduit collector=conduit type=conduit series-count=2
time=2026-08-02T15:51:20.731-07:00 level=DEBUG msg="Query returned data" test=archv2-nxm-batched tool=conduit-v2 collector=conduit type=conduit collector=conduit type=conduit name=msg-megabytes-in-per-second[archv2-nxm-batched] series-count=1 last-value=0.59423828125
time=2026-08-02T15:51:20.731-07:00 level=DEBUG msg="promql query logged" test=archv2-nxm-batched tool=conduit-v2 collector=conduit type=conduit collector=conduit type=conduit params="map[end:2026-08-02T22:51:20.731Z query:rate(conduit_connector_bytes_sum{pipeline_name=\"archv2-nxm-batched\",type=\"destination\"}[2s])/1048576 start:2026-08-02T22:50:51.726Z step:1]" stats="&{Timings:{EvalTotalTime:6.3334e-05 ResultSortTime:5.41e-07 QueryPreparationTime:7.958e-06 InnerEvalTime:5.1417e-05 ExecQueueTime:1.208e-06 ExecTotalTime:6.625e-05} Samples:0x14000977bf0}" spanID=0000000000000000
time=2026-08-02T15:51:20.731-07:00 level=WARN msg="Query returned multiple series, only first will be used" test=archv2-nxm-batched tool=conduit-v2 collector=conduit type=conduit collector=conduit type=conduit series-count=2
time=2026-08-02T15:51:20.731-07:00 level=DEBUG msg="Query returned data" test=archv2-nxm-batched tool=conduit-v2 collector=conduit type=conduit collector=conduit type=conduit name=msg-megabytes-out-per-second[archv2-nxm-batched] series-count=1 last-value=1.1268911361694336
time=2026-08-02T15:51:20.832-07:00 level=DEBUG msg="Inspecting container" model=container-monitor name=benchi-conduit
time=2026-08-02T15:51:21.340-07:00 level=DEBUG msg="Inspecting container" model=container-monitor name=benchi-conduit
time=2026-08-02T15:51:21.728-07:00 level=DEBUG msg="promql query logged" test=archv2-nxm-batched tool=conduit-v2 collector=conduit type=conduit collector=conduit type=conduit params="map[end:2026-08-02T22:51:21.727Z query:rate(conduit_pipeline_execution_duration_seconds_count{pipeline_name=\"archv2-nxm-batched\"}[2s]) start:2026-08-02T22:50:51.726Z step:1]" stats="&{Timings:{EvalTotalTime:7.4625e-05 ResultSortTime:2.5e-07 QueryPreparationTime:1.4833e-05 InnerEvalTime:5.4625e-05 ExecQueueTime:2.791e-06 ExecTotalTime:7.95e-05} Samples:0x14000e52b70}" spanID=0000000000000000
time=2026-08-02T15:51:21.728-07:00 level=DEBUG msg="Query returned data" test=archv2-nxm-batched tool=conduit-v2 collector=conduit type=conduit collector=conduit type=conduit name=msg-rate-per-second[archv2-nxm-batched] series-count=1 last-value=46946
time=2026-08-02T15:51:21.728-07:00 level=DEBUG msg="promql query logged" test=archv2-nxm-batched tool=conduit-v2 collector=conduit type=conduit collector=conduit type=conduit params="map[end:2026-08-02T22:51:21.728Z query:rate(conduit_connector_bytes_sum{pipeline_name=\"archv2-nxm-batched\",type=\"source\"}[2s])/1048576 start:2026-08-02T22:50:51.726Z step:1]" stats="&{Timings:{EvalTotalTime:6.2542e-05 ResultSortTime:1.083e-06 QueryPreparationTime:6.25e-06 InnerEvalTime:5.225e-05 ExecQueueTime:9.57e-07 ExecTotalTime:6.6084e-05} Samples:0x14000e53350}" spanID=0000000000000000
time=2026-08-02T15:51:21.728-07:00 level=WARN msg="Query returned multiple series, only first will be used" test=archv2-nxm-batched tool=conduit-v2 collector=conduit type=conduit collector=conduit type=conduit series-count=2
time=2026-08-02T15:51:21.728-07:00 level=DEBUG msg="Query returned data" test=archv2-nxm-batched tool=conduit-v2 collector=conduit type=conduit collector=conduit type=conduit name=msg-megabytes-in-per-second[archv2-nxm-batched] series-count=1 last-value=0.6671285629272461
time=2026-08-02T15:51:21.728-07:00 level=DEBUG msg="promql query logged" test=archv2-nxm-batched tool=conduit-v2 collector=conduit type=conduit collector=conduit type=conduit params="map[end:2026-08-02T22:51:21.728Z query:rate(conduit_connector_bytes_sum{pipeline_name=\"archv2-nxm-batched\",type=\"destination\"}[2s])/1048576 start:2026-08-02T22:50:51.726Z step:1]" stats="&{Timings:{EvalTotalTime:0.0002055 ResultSortTime:7.5e-07 QueryPreparationTime:4.875e-06 InnerEvalTime:0.000194375 ExecQueueTime:7.51e-07 ExecTotalTime:0.000208542} Samples:0x140016042d0}" spanID=0000000000000000
time=2026-08-02T15:51:21.728-07:00 level=WARN msg="Query returned multiple series, only first will be used" test=archv2-nxm-batched tool=conduit-v2 collector=conduit type=conduit collector=conduit type=conduit series-count=2
time=2026-08-02T15:51:21.729-07:00 level=DEBUG msg="Query returned data" test=archv2-nxm-batched tool=conduit-v2 collector=conduit type=conduit collector=conduit type=conduit name=msg-megabytes-out-per-second[archv2-nxm-batched] series-count=1 last-value=1.324498176574707
time=2026-08-02T15:51:21.729-07:00 level=INFO msg="Test in progress" test=archv2-nxm-batched tool=conduit-v2 step=test time-left=30s
time=2026-08-02T15:51:21.869-07:00 level=DEBUG msg="Inspecting container" model=container-monitor name=benchi-conduit
time=2026-08-02T15:51:22.378-07:00 level=DEBUG msg="Inspecting container" model=container-monitor name=benchi-conduit
time=2026-08-02T15:51:22.738-07:00 level=DEBUG msg="promql query logged" test=archv2-nxm-batched tool=conduit-v2 collector=conduit type=conduit collector=conduit type=conduit params="map[end:2026-08-02T22:51:22.738Z query:rate(conduit_pipeline_execution_duration_seconds_count{pipeline_name=\"archv2-nxm-batched\"}[2s]) start:2026-08-02T22:50:51.726Z step:1]" stats="&{Timings:{EvalTotalTime:5.1167e-05 ResultSortTime:4.59e-07 QueryPreparationTime:1.4917e-05 InnerEvalTime:3.1042e-05 ExecQueueTime:2.417e-06 ExecTotalTime:5.6e-05} Samples:0x140014bab10}" spanID=0000000000000000
time=2026-08-02T15:51:22.738-07:00 level=DEBUG msg="Query returned data" test=archv2-nxm-batched tool=conduit-v2 collector=conduit type=conduit collector=conduit type=conduit name=msg-rate-per-second[archv2-nxm-batched] series-count=1 last-value=45716
time=2026-08-02T15:51:22.738-07:00 level=DEBUG msg="promql query logged" test=archv2-nxm-batched tool=conduit-v2 collector=conduit type=conduit collector=conduit type=conduit params="map[end:2026-08-02T22:51:22.738Z query:rate(conduit_connector_bytes_sum{pipeline_name=\"archv2-nxm-batched\",type=\"source\"}[2s])/1048576 start:2026-08-02T22:50:51.726Z step:1]" stats="&{Timings:{EvalTotalTime:5.4959e-05 ResultSortTime:7.5e-07 QueryPreparationTime:8.75e-06 InnerEvalTime:4.275e-05 ExecQueueTime:1.418e-06 ExecTotalTime:5.7792e-05} Samples:0x140014bb1d0}" spanID=0000000000000000
time=2026-08-02T15:51:22.738-07:00 level=WARN msg="Query returned multiple series, only first will be used" test=archv2-nxm-batched tool=conduit-v2 collector=conduit type=conduit collector=conduit type=conduit series-count=2
time=2026-08-02T15:51:22.738-07:00 level=DEBUG msg="Query returned data" test=archv2-nxm-batched tool=conduit-v2 collector=conduit type=conduit collector=conduit type=conduit name=msg-megabytes-in-per-second[archv2-nxm-batched] series-count=1 last-value=0.6477947235107422
time=2026-08-02T15:51:22.738-07:00 level=DEBUG msg="promql query logged" test=archv2-nxm-batched tool=conduit-v2 collector=conduit type=conduit collector=conduit type=conduit params="map[end:2026-08-02T22:51:22.738Z query:rate(conduit_connector_bytes_sum{pipeline_name=\"archv2-nxm-batched\",type=\"destination\"}[2s])/1048576 start:2026-08-02T22:50:51.726Z step:1]" stats="&{Timings:{EvalTotalTime:3.5459e-05 ResultSortTime:2.08e-07 QueryPreparationTime:4.875e-06 InnerEvalTime:2.8541e-05 ExecQueueTime:5.42e-07 ExecTotalTime:3.6834e-05} Samples:0x140014bb8f0}" spanID=0000000000000000
time=2026-08-02T15:51:22.738-07:00 level=WARN msg="Query returned multiple series, only first will be used" test=archv2-nxm-batched tool=conduit-v2 collector=conduit type=conduit collector=conduit type=conduit series-count=2
time=2026-08-02T15:51:22.738-07:00 level=DEBUG msg="Query returned data" test=archv2-nxm-batched tool=conduit-v2 collector=conduit type=conduit collector=conduit type=conduit name=msg-megabytes-out-per-second[archv2-nxm-batched] series-count=1 last-value=1.2920989990234375
time=2026-08-02T15:51:22.899-07:00 level=DEBUG msg="Inspecting container" model=container-monitor name=benchi-conduit
time=2026-08-02T15:51:23.430-07:00 level=DEBUG msg="Inspecting container" model=container-monitor name=benchi-conduit
time=2026-08-02T15:51:23.728-07:00 level=DEBUG msg="promql query logged" test=archv2-nxm-batched tool=conduit-v2 collector=conduit type=conduit collector=conduit type=conduit params="map[end:2026-08-02T22:51:23.728Z query:rate(conduit_pipeline_execution_duration_seconds_count{pipeline_name=\"archv2-nxm-batched\"}[2s]) start:2026-08-02T22:50:51.726Z step:1]" stats="&{Timings:{EvalTotalTime:5.5167e-05 ResultSortTime:3.34e-07 QueryPreparationTime:1.2958e-05 InnerEvalTime:3.9042e-05 ExecQueueTime:1.5e-06 ExecTotalTime:5.8625e-05} Samples:0x1400136c6f0}" spanID=0000000000000000
time=2026-08-02T15:51:23.728-07:00 level=DEBUG msg="Query returned data" test=archv2-nxm-batched tool=conduit-v2 collector=conduit type=conduit collector=conduit type=conduit name=msg-rate-per-second[archv2-nxm-batched] series-count=1 last-value=45800
time=2026-08-02T15:51:23.729-07:00 level=DEBUG msg="promql query logged" test=archv2-nxm-batched tool=conduit-v2 collector=conduit type=conduit collector=conduit type=conduit params="map[end:2026-08-02T22:51:23.728Z query:rate(conduit_connector_bytes_sum{pipeline_name=\"archv2-nxm-batched\",type=\"source\"}[2s])/1048576 start:2026-08-02T22:50:51.726Z step:1]" stats="&{Timings:{EvalTotalTime:4.7334e-05 ResultSortTime:5.42e-07 QueryPreparationTime:6.958e-06 InnerEvalTime:3.7875e-05 ExecQueueTime:6.67e-07 ExecTotalTime:4.8791e-05} Samples:0x1400136cdb0}" spanID=0000000000000000
time=2026-08-02T15:51:23.729-07:00 level=WARN msg="Query returned multiple series, only first will be used" test=archv2-nxm-batched tool=conduit-v2 collector=conduit type=conduit collector=conduit type=conduit series-count=2
time=2026-08-02T15:51:23.729-07:00 level=DEBUG msg="Query returned data" test=archv2-nxm-batched tool=conduit-v2 collector=conduit type=conduit collector=conduit type=conduit name=msg-megabytes-in-per-second[archv2-nxm-batched] series-count=1 last-value=0.6295976638793945
time=2026-08-02T15:51:23.729-07:00 level=DEBUG msg="promql query logged" test=archv2-nxm-batched tool=conduit-v2 collector=conduit type=conduit collector=conduit type=conduit params="map[end:2026-08-02T22:51:23.729Z query:rate(conduit_connector_bytes_sum{pipeline_name=\"archv2-nxm-batched\",type=\"destination\"}[2s])/1048576 start:2026-08-02T22:50:51.726Z step:1]" stats="&{Timings:{EvalTotalTime:4.8834e-05 ResultSortTime:3.33e-07 QueryPreparationTime:5.5e-06 InnerEvalTime:4.0583e-05 ExecQueueTime:1.042e-06 ExecTotalTime:5.1292e-05} Samples:0x14001a24b10}" spanID=0000000000000000
time=2026-08-02T15:51:23.729-07:00 level=WARN msg="Query returned multiple series, only first will be used" test=archv2-nxm-batched tool=conduit-v2 collector=conduit type=conduit collector=conduit type=conduit series-count=2
time=2026-08-02T15:51:23.729-07:00 level=DEBUG msg="Query returned data" test=archv2-nxm-batched tool=conduit-v2 collector=conduit type=conduit collector=conduit type=conduit name=msg-megabytes-out-per-second[archv2-nxm-batched] series-count=1 last-value=1.2901134490966797
time=2026-08-02T15:51:23.940-07:00 level=DEBUG msg="Inspecting container" model=container-monitor name=benchi-conduit
time=2026-08-02T15:51:24.458-07:00 level=DEBUG msg="Inspecting container" model=container-monitor name=benchi-conduit
time=2026-08-02T15:51:24.728-07:00 level=DEBUG msg="promql query logged" test=archv2-nxm-batched tool=conduit-v2 collector=conduit type=conduit collector=conduit type=conduit params="map[end:2026-08-02T22:51:24.728Z query:rate(conduit_pipeline_execution_duration_seconds_count{pipeline_name=\"archv2-nxm-batched\"}[2s]) start:2026-08-02T22:50:51.726Z step:1]" stats="&{Timings:{EvalTotalTime:5.1833e-05 ResultSortTime:4.17e-07 QueryPreparationTime:1.5708e-05 InnerEvalTime:3.0875e-05 ExecQueueTime:1.959e-06 ExecTotalTime:5.5583e-05} Samples:0x1400146e5a0}" spanID=0000000000000000
time=2026-08-02T15:51:24.728-07:00 level=DEBUG msg="Query returned data" test=archv2-nxm-batched tool=conduit-v2 collector=conduit type=conduit collector=conduit type=conduit name=msg-rate-per-second[archv2-nxm-batched] series-count=1 last-value=40516
time=2026-08-02T15:51:24.729-07:00 level=DEBUG msg="promql query logged" test=archv2-nxm-batched tool=conduit-v2 collector=conduit type=conduit collector=conduit type=conduit params="map[end:2026-08-02T22:51:24.729Z query:rate(conduit_connector_bytes_sum{pipeline_name=\"archv2-nxm-batched\",type=\"source\"}[2s])/1048576 start:2026-08-02T22:50:51.726Z step:1]" stats="&{Timings:{EvalTotalTime:4.95e-05 ResultSortTime:5e-07 QueryPreparationTime:4.917e-06 InnerEvalTime:4.1875e-05 ExecQueueTime:7.07e-07 ExecTotalTime:5.125e-05} Samples:0x1400146ec60}" spanID=0000000000000000
time=2026-08-02T15:51:24.729-07:00 level=WARN msg="Query returned multiple series, only first will be used" test=archv2-nxm-batched tool=conduit-v2 collector=conduit type=conduit collector=conduit type=conduit series-count=2
time=2026-08-02T15:51:24.729-07:00 level=DEBUG msg="Query returned data" test=archv2-nxm-batched tool=conduit-v2 collector=conduit type=conduit collector=conduit type=conduit name=msg-megabytes-in-per-second[archv2-nxm-batched] series-count=1 last-value=0.5755071640014648
time=2026-08-02T15:51:24.729-07:00 level=DEBUG msg="promql query logged" test=archv2-nxm-batched tool=conduit-v2 collector=conduit type=conduit collector=conduit type=conduit params="map[end:2026-08-02T22:51:24.729Z query:rate(conduit_connector_bytes_sum{pipeline_name=\"archv2-nxm-batched\",type=\"destination\"}[2s])/1048576 start:2026-08-02T22:50:51.726Z step:1]" stats="&{Timings:{EvalTotalTime:9.0584e-05 ResultSortTime:8.33e-07 QueryPreparationTime:1.1583e-05 InnerEvalTime:7.3875e-05 ExecQueueTime:2.209e-06 ExecTotalTime:9.4375e-05} Samples:0x14001a251d0}" spanID=0000000000000000
time=2026-08-02T15:51:24.729-07:00 level=WARN msg="Query returned multiple series, only first will be used" test=archv2-nxm-batched tool=conduit-v2 collector=conduit type=conduit collector=conduit type=conduit series-count=2
time=2026-08-02T15:51:24.729-07:00 level=DEBUG msg="Query returned data" test=archv2-nxm-batched tool=conduit-v2 collector=conduit type=conduit collector=conduit type=conduit name=msg-megabytes-out-per-second[archv2-nxm-batched] series-count=1 last-value=1.1476068496704102
time=2026-08-02T15:51:24.974-07:00 level=DEBUG msg="Inspecting container" model=container-monitor name=benchi-conduit
time=2026-08-02T15:51:25.496-07:00 level=DEBUG msg="Inspecting container" model=container-monitor name=benchi-conduit
time=2026-08-02T15:51:25.729-07:00 level=DEBUG msg="promql query logged" test=archv2-nxm-batched tool=conduit-v2 collector=conduit type=conduit collector=conduit type=conduit params="map[end:2026-08-02T22:51:25.728Z query:rate(conduit_pipeline_execution_duration_seconds_count{pipeline_name=\"archv2-nxm-batched\"}[2s]) start:2026-08-02T22:50:51.726Z step:1]" stats="&{Timings:{EvalTotalTime:5.1333e-05 ResultSortTime:3.75e-07 QueryPreparationTime:1.4417e-05 InnerEvalTime:3.1542e-05 ExecQueueTime:2.416e-06 ExecTotalTime:5.7083e-05} Samples:0x14001513b30}" spanID=0000000000000000
time=2026-08-02T15:51:25.729-07:00 level=DEBUG msg="Query returned data" test=archv2-nxm-batched tool=conduit-v2 collector=conduit type=conduit collector=conduit type=conduit name=msg-rate-per-second[archv2-nxm-batched] series-count=1 last-value=46043
time=2026-08-02T15:51:25.729-07:00 level=DEBUG msg="promql query logged" test=archv2-nxm-batched tool=conduit-v2 collector=conduit type=conduit collector=conduit type=conduit params="map[end:2026-08-02T22:51:25.729Z query:rate(conduit_connector_bytes_sum{pipeline_name=\"archv2-nxm-batched\",type=\"source\"}[2s])/1048576 start:2026-08-02T22:50:51.726Z step:1]" stats="&{Timings:{EvalTotalTime:0.000127834 ResultSortTime:1.167e-06 QueryPreparationTime:7.5e-06 InnerEvalTime:0.000112292 ExecQueueTime:1.25e-06 ExecTotalTime:0.000133958} Samples:0x1400157c270}" spanID=0000000000000000
time=2026-08-02T15:51:25.729-07:00 level=WARN msg="Query returned multiple series, only first will be used" test=archv2-nxm-batched tool=conduit-v2 collector=conduit type=conduit collector=conduit type=conduit series-count=2
time=2026-08-02T15:51:25.729-07:00 level=DEBUG msg="Query returned data" test=archv2-nxm-batched tool=conduit-v2 collector=conduit type=conduit collector=conduit type=conduit name=msg-megabytes-in-per-second[archv2-nxm-batched] series-count=1 last-value=0.6613607406616211
time=2026-08-02T15:51:25.729-07:00 level=DEBUG msg="promql query logged" test=archv2-nxm-batched tool=conduit-v2 collector=conduit type=conduit collector=conduit type=conduit params="map[end:2026-08-02T22:51:25.729Z query:rate(conduit_connector_bytes_sum{pipeline_name=\"archv2-nxm-batched\",type=\"destination\"}[2s])/1048576 start:2026-08-02T22:50:51.726Z step:1]" stats="&{Timings:{EvalTotalTime:0.000129042 ResultSortTime:8.34e-07 QueryPreparationTime:8.959e-06 InnerEvalTime:0.00011425 ExecQueueTime:1.166e-06 ExecTotalTime:0.000133166} Samples:0x1400157cff0}" spanID=0000000000000000
time=2026-08-02T15:51:25.730-07:00 level=WARN msg="Query returned multiple series, only first will be used" test=archv2-nxm-batched tool=conduit-v2 collector=conduit type=conduit collector=conduit type=conduit series-count=2
time=2026-08-02T15:51:25.730-07:00 level=DEBUG msg="Query returned data" test=archv2-nxm-batched tool=conduit-v2 collector=conduit type=conduit collector=conduit type=conduit name=msg-megabytes-out-per-second[archv2-nxm-batched] series-count=1 last-value=1.3007259368896484
time=2026-08-02T15:51:26.032-07:00 level=DEBUG msg="Inspecting container" model=container-monitor name=benchi-conduit
time=2026-08-02T15:51:26.546-07:00 level=DEBUG msg="Inspecting container" model=container-monitor name=benchi-conduit
time=2026-08-02T15:51:26.730-07:00 level=INFO msg="Test in progress" test=archv2-nxm-batched tool=conduit-v2 step=test time-left=25s
time=2026-08-02T15:51:26.731-07:00 level=DEBUG msg="promql query logged" test=archv2-nxm-batched tool=conduit-v2 collector=conduit type=conduit collector=conduit type=conduit params="map[end:2026-08-02T22:51:26.731Z query:rate(conduit_pipeline_execution_duration_seconds_count{pipeline_name=\"archv2-nxm-batched\"}[2s]) start:2026-08-02T22:50:51.726Z step:1]" stats="&{Timings:{EvalTotalTime:5.2625e-05 ResultSortTime:3.75e-07 QueryPreparationTime:1.4334e-05 InnerEvalTime:3.3167e-05 ExecQueueTime:2.084e-06 ExecTotalTime:5.7042e-05} Samples:0x140016b3500}" spanID=0000000000000000
time=2026-08-02T15:51:26.731-07:00 level=DEBUG msg="Query returned data" test=archv2-nxm-batched tool=conduit-v2 collector=conduit type=conduit collector=conduit type=conduit name=msg-rate-per-second[archv2-nxm-batched] series-count=1 last-value=44293
time=2026-08-02T15:51:26.731-07:00 level=DEBUG msg="promql query logged" test=archv2-nxm-batched tool=conduit-v2 collector=conduit type=conduit collector=conduit type=conduit params="map[end:2026-08-02T22:51:26.731Z query:rate(conduit_connector_bytes_sum{pipeline_name=\"archv2-nxm-batched\",type=\"source\"}[2s])/1048576 start:2026-08-02T22:50:51.726Z step:1]" stats="&{Timings:{EvalTotalTime:7.0542e-05 ResultSortTime:9.17e-07 QueryPreparationTime:7e-06 InnerEvalTime:5.8292e-05 ExecQueueTime:8.75e-07 ExecTotalTime:7.425e-05} Samples:0x140016b3bc0}" spanID=0000000000000000
time=2026-08-02T15:51:26.731-07:00 level=WARN msg="Query returned multiple series, only first will be used" test=archv2-nxm-batched tool=conduit-v2 collector=conduit type=conduit collector=conduit type=conduit series-count=2
time=2026-08-02T15:51:26.731-07:00 level=DEBUG msg="Query returned data" test=archv2-nxm-batched tool=conduit-v2 collector=conduit type=conduit collector=conduit type=conduit name=msg-megabytes-in-per-second[archv2-nxm-batched] series-count=1 last-value=0.6351041793823242
time=2026-08-02T15:51:26.731-07:00 level=DEBUG msg="promql query logged" test=archv2-nxm-batched tool=conduit-v2 collector=conduit type=conduit collector=conduit type=conduit params="map[end:2026-08-02T22:51:26.731Z query:rate(conduit_connector_bytes_sum{pipeline_name=\"archv2-nxm-batched\",type=\"destination\"}[2s])/1048576 start:2026-08-02T22:50:51.726Z step:1]" stats="&{Timings:{EvalTotalTime:6.2375e-05 ResultSortTime:5e-07 QueryPreparationTime:6.334e-06 InnerEvalTime:5.2375e-05 ExecQueueTime:9.57e-07 ExecTotalTime:6.4916e-05} Samples:0x140016f0cc0}" spanID=0000000000000000
time=2026-08-02T15:51:26.731-07:00 level=WARN msg="Query returned multiple series, only first will be used" test=archv2-nxm-batched tool=conduit-v2 collector=conduit type=conduit collector=conduit type=conduit series-count=2
time=2026-08-02T15:51:26.731-07:00 level=DEBUG msg="Query returned data" test=archv2-nxm-batched tool=conduit-v2 collector=conduit type=conduit collector=conduit type=conduit name=msg-megabytes-out-per-second[archv2-nxm-batched] series-count=1 last-value=1.2517566680908203
time=2026-08-02T15:51:27.052-07:00 level=DEBUG msg="Inspecting container" model=container-monitor name=benchi-conduit
time=2026-08-02T15:51:27.568-07:00 level=DEBUG msg="Inspecting container" model=container-monitor name=benchi-conduit
time=2026-08-02T15:51:27.728-07:00 level=DEBUG msg="promql query logged" test=archv2-nxm-batched tool=conduit-v2 collector=conduit type=conduit collector=conduit type=conduit params="map[end:2026-08-02T22:51:27.728Z query:rate(conduit_pipeline_execution_duration_seconds_count{pipeline_name=\"archv2-nxm-batched\"}[2s]) start:2026-08-02T22:50:51.726Z step:1]" stats="&{Timings:{EvalTotalTime:5.4584e-05 ResultSortTime:3.34e-07 QueryPreparationTime:1.6792e-05 InnerEvalTime:3.2458e-05 ExecQueueTime:2.667e-06 ExecTotalTime:5.975e-05} Samples:0x14001823290}" spanID=0000000000000000
time=2026-08-02T15:51:27.728-07:00 level=DEBUG msg="Query returned data" test=archv2-nxm-batched tool=conduit-v2 collector=conduit type=conduit collector=conduit type=conduit name=msg-rate-per-second[archv2-nxm-batched] series-count=1 last-value=49125
time=2026-08-02T15:51:27.729-07:00 level=DEBUG msg="promql query logged" test=archv2-nxm-batched tool=conduit-v2 collector=conduit type=conduit collector=conduit type=conduit params="map[end:2026-08-02T22:51:27.728Z query:rate(conduit_connector_bytes_sum{pipeline_name=\"archv2-nxm-batched\",type=\"source\"}[2s])/1048576 start:2026-08-02T22:50:51.726Z step:1]" stats="&{Timings:{EvalTotalTime:9.3584e-05 ResultSortTime:8.75e-07 QueryPreparationTime:1.0708e-05 InnerEvalTime:7.775e-05 ExecQueueTime:1.375e-06 ExecTotalTime:9.7208e-05} Samples:0x14001823950}" spanID=0000000000000000
time=2026-08-02T15:51:27.729-07:00 level=WARN msg="Query returned multiple series, only first will be used" test=archv2-nxm-batched tool=conduit-v2 collector=conduit type=conduit collector=conduit type=conduit series-count=2
time=2026-08-02T15:51:27.729-07:00 level=DEBUG msg="Query returned data" test=archv2-nxm-batched tool=conduit-v2 collector=conduit type=conduit collector=conduit type=conduit name=msg-megabytes-in-per-second[archv2-nxm-batched] series-count=1 last-value=0.6974334716796875
time=2026-08-02T15:51:27.729-07:00 level=DEBUG msg="promql query logged" test=archv2-nxm-batched tool=conduit-v2 collector=conduit type=conduit collector=conduit type=conduit params="map[end:2026-08-02T22:51:27.729Z query:rate(conduit_connector_bytes_sum{pipeline_name=\"archv2-nxm-batched\",type=\"destination\"}[2s])/1048576 start:2026-08-02T22:50:51.726Z step:1]" stats="&{Timings:{EvalTotalTime:9.0834e-05 ResultSortTime:5.41e-07 QueryPreparationTime:1.0458e-05 InnerEvalTime:6.9333e-05 ExecQueueTime:1.501e-06 ExecTotalTime:9.4542e-05} Samples:0x140018a16b0}" spanID=0000000000000000
time=2026-08-02T15:51:27.729-07:00 level=WARN msg="Query returned multiple series, only first will be used" test=archv2-nxm-batched tool=conduit-v2 collector=conduit type=conduit collector=conduit type=conduit series-count=2
time=2026-08-02T15:51:27.729-07:00 level=DEBUG msg="Query returned data" test=archv2-nxm-batched tool=conduit-v2 collector=conduit type=conduit collector=conduit type=conduit name=msg-megabytes-out-per-second[archv2-nxm-batched] series-count=1 last-value=1.3885536193847656
time=2026-08-02T15:51:28.082-07:00 level=DEBUG msg="Inspecting container" model=container-monitor name=benchi-conduit
time=2026-08-02T15:51:28.589-07:00 level=DEBUG msg="Inspecting container" model=container-monitor name=benchi-conduit
time=2026-08-02T15:51:28.729-07:00 level=DEBUG msg="promql query logged" test=archv2-nxm-batched tool=conduit-v2 collector=conduit type=conduit collector=conduit type=conduit params="map[end:2026-08-02T22:51:28.729Z query:rate(conduit_pipeline_execution_duration_seconds_count{pipeline_name=\"archv2-nxm-batched\"}[2s]) start:2026-08-02T22:50:51.726Z step:1]" stats="&{Timings:{EvalTotalTime:5.1708e-05 ResultSortTime:2.5e-07 QueryPreparationTime:1.4459e-05 InnerEvalTime:3.2125e-05 ExecQueueTime:2.459e-06 ExecTotalTime:5.6167e-05} Samples:0x14001856c00}" spanID=0000000000000000
time=2026-08-02T15:51:28.729-07:00 level=DEBUG msg="Query returned data" test=archv2-nxm-batched tool=conduit-v2 collector=conduit type=conduit collector=conduit type=conduit name=msg-rate-per-second[archv2-nxm-batched] series-count=1 last-value=39308
time=2026-08-02T15:51:28.730-07:00 level=DEBUG msg="promql query logged" test=archv2-nxm-batched tool=conduit-v2 collector=conduit type=conduit collector=conduit type=conduit params="map[end:2026-08-02T22:51:28.729Z query:rate(conduit_connector_bytes_sum{pipeline_name=\"archv2-nxm-batched\",type=\"source\"}[2s])/1048576 start:2026-08-02T22:50:51.726Z step:1]" stats="&{Timings:{EvalTotalTime:7.15e-05 ResultSortTime:7.08e-07 QueryPreparationTime:6.083e-06 InnerEvalTime:6.1375e-05 ExecQueueTime:8.33e-07 ExecTotalTime:7.3709e-05} Samples:0x140018572c0}" spanID=0000000000000000
time=2026-08-02T15:51:28.730-07:00 level=WARN msg="Query returned multiple series, only first will be used" test=archv2-nxm-batched tool=conduit-v2 collector=conduit type=conduit collector=conduit type=conduit series-count=2
time=2026-08-02T15:51:28.730-07:00 level=DEBUG msg="Query returned data" test=archv2-nxm-batched tool=conduit-v2 collector=conduit type=conduit collector=conduit type=conduit name=msg-megabytes-in-per-second[archv2-nxm-batched] series-count=1 last-value=0.5583381652832031
time=2026-08-02T15:51:28.730-07:00 level=DEBUG msg="promql query logged" test=archv2-nxm-batched tool=conduit-v2 collector=conduit type=conduit collector=conduit type=conduit params="map[end:2026-08-02T22:51:28.730Z query:rate(conduit_connector_bytes_sum{pipeline_name=\"archv2-nxm-batched\",type=\"destination\"}[2s])/1048576 start:2026-08-02T22:50:51.726Z step:1]" stats="&{Timings:{EvalTotalTime:7.4625e-05 ResultSortTime:5.42e-07 QueryPreparationTime:1.1375e-05 InnerEvalTime:5.8667e-05 ExecQueueTime:1.167e-06 ExecTotalTime:7.8042e-05} Samples:0x14001872390}" spanID=0000000000000000
time=2026-08-02T15:51:28.730-07:00 level=WARN msg="Query returned multiple series, only first will be used" test=archv2-nxm-batched tool=conduit-v2 collector=conduit type=conduit collector=conduit type=conduit series-count=2
time=2026-08-02T15:51:28.730-07:00 level=DEBUG msg="Query returned data" test=archv2-nxm-batched tool=conduit-v2 collector=conduit type=conduit collector=conduit type=conduit name=msg-megabytes-out-per-second[archv2-nxm-batched] series-count=1 last-value=1.1104793548583984
time=2026-08-02T15:51:29.097-07:00 level=DEBUG msg="Inspecting container" model=container-monitor name=benchi-conduit
time=2026-08-02T15:51:29.609-07:00 level=DEBUG msg="Inspecting container" model=container-monitor name=benchi-conduit
time=2026-08-02T15:51:29.727-07:00 level=DEBUG msg="promql query logged" test=archv2-nxm-batched tool=conduit-v2 collector=conduit type=conduit collector=conduit type=conduit params="map[end:2026-08-02T22:51:29.727Z query:rate(conduit_pipeline_execution_duration_seconds_count{pipeline_name=\"archv2-nxm-batched\"}[2s]) start:2026-08-02T22:50:51.726Z step:1]" stats="&{Timings:{EvalTotalTime:6.5084e-05 ResultSortTime:5e-07 QueryPreparationTime:1.6291e-05 InnerEvalTime:4.2583e-05 ExecQueueTime:2.75e-06 ExecTotalTime:7.1125e-05} Samples:0x140017d0660}" spanID=0000000000000000
time=2026-08-02T15:51:29.727-07:00 level=DEBUG msg="Query returned data" test=archv2-nxm-batched tool=conduit-v2 collector=conduit type=conduit collector=conduit type=conduit name=msg-rate-per-second[archv2-nxm-batched] series-count=1 last-value=44781
time=2026-08-02T15:51:29.727-07:00 level=DEBUG msg="promql query logged" test=archv2-nxm-batched tool=conduit-v2 collector=conduit type=conduit collector=conduit type=conduit params="map[end:2026-08-02T22:51:29.727Z query:rate(conduit_connector_bytes_sum{pipeline_name=\"archv2-nxm-batched\",type=\"source\"}[2s])/1048576 start:2026-08-02T22:50:51.726Z step:1]" stats="&{Timings:{EvalTotalTime:0.00010875 ResultSortTime:1e-06 QueryPreparationTime:8.833e-06 InnerEvalTime:9.5041e-05 ExecQueueTime:1.041e-06 ExecTotalTime:0.000111792} Samples:0x140017d0d50}" spanID=0000000000000000
time=2026-08-02T15:51:29.727-07:00 level=WARN msg="Query returned multiple series, only first will be used" test=archv2-nxm-batched tool=conduit-v2 collector=conduit type=conduit collector=conduit type=conduit series-count=2
time=2026-08-02T15:51:29.728-07:00 level=DEBUG msg="Query returned data" test=archv2-nxm-batched tool=conduit-v2 collector=conduit type=conduit collector=conduit type=conduit name=msg-megabytes-in-per-second[archv2-nxm-batched] series-count=1 last-value=0.6396455764770508
time=2026-08-02T15:51:29.728-07:00 level=DEBUG msg="promql query logged" test=archv2-nxm-batched tool=conduit-v2 collector=conduit type=conduit collector=conduit type=conduit params="map[end:2026-08-02T22:51:29.728Z query:rate(conduit_connector_bytes_sum{pipeline_name=\"archv2-nxm-batched\",type=\"destination\"}[2s])/1048576 start:2026-08-02T22:50:51.726Z step:1]" stats="&{Timings:{EvalTotalTime:7.2875e-05 ResultSortTime:4.58e-07 QueryPreparationTime:7.75e-06 InnerEvalTime:6.1125e-05 ExecQueueTime:1.042e-06 ExecTotalTime:7.5792e-05} Samples:0x140017d1ef0}" spanID=0000000000000000
time=2026-08-02T15:51:29.728-07:00 level=WARN msg="Query returned multiple series, only first will be used" test=archv2-nxm-batched tool=conduit-v2 collector=conduit type=conduit collector=conduit type=conduit series-count=2
time=2026-08-02T15:51:29.728-07:00 level=DEBUG msg="Query returned data" test=archv2-nxm-batched tool=conduit-v2 collector=conduit type=conduit collector=conduit type=conduit name=msg-megabytes-out-per-second[archv2-nxm-batched] series-count=1 last-value=1.2632465362548828
time=2026-08-02T15:51:30.133-07:00 level=DEBUG msg="Inspecting container" model=container-monitor name=benchi-conduit
time=2026-08-02T15:51:30.672-07:00 level=DEBUG msg="Inspecting container" model=container-monitor name=benchi-conduit
time=2026-08-02T15:51:30.729-07:00 level=DEBUG msg="promql query logged" test=archv2-nxm-batched tool=conduit-v2 collector=conduit type=conduit collector=conduit type=conduit params="map[end:2026-08-02T22:51:30.728Z query:rate(conduit_pipeline_execution_duration_seconds_count{pipeline_name=\"archv2-nxm-batched\"}[2s]) start:2026-08-02T22:50:51.726Z step:1]" stats="&{Timings:{EvalTotalTime:5.375e-05 ResultSortTime:3.75e-07 QueryPreparationTime:1.6083e-05 InnerEvalTime:3.25e-05 ExecQueueTime:2.334e-06 ExecTotalTime:5.825e-05} Samples:0x140019ab650}" spanID=0000000000000000
time=2026-08-02T15:51:30.729-07:00 level=DEBUG msg="Query returned data" test=archv2-nxm-batched tool=conduit-v2 collector=conduit type=conduit collector=conduit type=conduit name=msg-rate-per-second[archv2-nxm-batched] series-count=1 last-value=42789
time=2026-08-02T15:51:30.729-07:00 level=DEBUG msg="promql query logged" test=archv2-nxm-batched tool=conduit-v2 collector=conduit type=conduit collector=conduit type=conduit params="map[end:2026-08-02T22:51:30.729Z query:rate(conduit_connector_bytes_sum{pipeline_name=\"archv2-nxm-batched\",type=\"source\"}[2s])/1048576 start:2026-08-02T22:50:51.726Z step:1]" stats="&{Timings:{EvalTotalTime:8.5542e-05 ResultSortTime:1.042e-06 QueryPreparationTime:1.025e-05 InnerEvalTime:7.0417e-05 ExecQueueTime:1.584e-06 ExecTotalTime:8.975e-05} Samples:0x140019abda0}" spanID=0000000000000000
time=2026-08-02T15:51:30.729-07:00 level=WARN msg="Query returned multiple series, only first will be used" test=archv2-nxm-batched tool=conduit-v2 collector=conduit type=conduit collector=conduit type=conduit series-count=2
time=2026-08-02T15:51:30.729-07:00 level=DEBUG msg="Query returned data" test=archv2-nxm-batched tool=conduit-v2 collector=conduit type=conduit collector=conduit type=conduit name=msg-megabytes-in-per-second[archv2-nxm-batched] series-count=1 last-value=0.6076278686523438
time=2026-08-02T15:51:30.729-07:00 level=DEBUG msg="promql query logged" test=archv2-nxm-batched tool=conduit-v2 collector=conduit type=conduit collector=conduit type=conduit params="map[end:2026-08-02T22:51:30.729Z query:rate(conduit_connector_bytes_sum{pipeline_name=\"archv2-nxm-batched\",type=\"destination\"}[2s])/1048576 start:2026-08-02T22:50:51.726Z step:1]" stats="&{Timings:{EvalTotalTime:7.0875e-05 ResultSortTime:4.58e-07 QueryPreparationTime:7.667e-06 InnerEvalTime:5.9333e-05 ExecQueueTime:1.375e-06 ExecTotalTime:7.5792e-05} Samples:0x140015824e0}" spanID=0000000000000000
time=2026-08-02T15:51:30.729-07:00 level=WARN msg="Query returned multiple series, only first will be used" test=archv2-nxm-batched tool=conduit-v2 collector=conduit type=conduit collector=conduit type=conduit series-count=2
time=2026-08-02T15:51:30.729-07:00 level=DEBUG msg="Query returned data" test=archv2-nxm-batched tool=conduit-v2 collector=conduit type=conduit collector=conduit type=conduit name=msg-megabytes-out-per-second[archv2-nxm-batched] series-count=1 last-value=1.2059946060180664
time=2026-08-02T15:51:31.211-07:00 level=DEBUG msg="Inspecting container" model=container-monitor name=benchi-conduit
time=2026-08-02T15:51:31.719-07:00 level=DEBUG msg="Inspecting container" model=container-monitor name=benchi-conduit
time=2026-08-02T15:51:31.729-07:00 level=DEBUG msg="promql query logged" test=archv2-nxm-batched tool=conduit-v2 collector=conduit type=conduit collector=conduit type=conduit params="map[end:2026-08-02T22:51:31.729Z query:rate(conduit_pipeline_execution_duration_seconds_count{pipeline_name=\"archv2-nxm-batched\"}[2s]) start:2026-08-02T22:50:51.726Z step:1]" stats="&{Timings:{EvalTotalTime:5.4792e-05 ResultSortTime:3.33e-07 QueryPreparationTime:1.5125e-05 InnerEvalTime:3.375e-05 ExecQueueTime:2.458e-06 ExecTotalTime:5.9958e-05} Samples:0x1400119b620}" spanID=0000000000000000
time=2026-08-02T15:51:31.730-07:00 level=DEBUG msg="Query returned data" test=archv2-nxm-batched tool=conduit-v2 collector=conduit type=conduit collector=conduit type=conduit name=msg-rate-per-second[archv2-nxm-batched] series-count=1 last-value=44368
time=2026-08-02T15:51:31.730-07:00 level=DEBUG msg="promql query logged" test=archv2-nxm-batched tool=conduit-v2 collector=conduit type=conduit collector=conduit type=conduit params="map[end:2026-08-02T22:51:31.730Z query:rate(conduit_connector_bytes_sum{pipeline_name=\"archv2-nxm-batched\",type=\"source\"}[2s])/1048576 start:2026-08-02T22:50:51.726Z step:1]" stats="&{Timings:{EvalTotalTime:6.0667e-05 ResultSortTime:1.167e-06 QueryPreparationTime:8.084e-06 InnerEvalTime:4.8875e-05 ExecQueueTime:1.5e-06 ExecTotalTime:6.3333e-05} Samples:0x1400119bce0}" spanID=0000000000000000
time=2026-08-02T15:51:31.730-07:00 level=WARN msg="Query returned multiple series, only first will be used" test=archv2-nxm-batched tool=conduit-v2 collector=conduit type=conduit collector=conduit type=conduit series-count=2
time=2026-08-02T15:51:31.731-07:00 level=DEBUG msg="Query returned data" test=archv2-nxm-batched tool=conduit-v2 collector=conduit type=conduit collector=conduit type=conduit name=msg-megabytes-in-per-second[archv2-nxm-batched] series-count=1 last-value=0.6137285232543945
time=2026-08-02T15:51:31.731-07:00 level=DEBUG msg="promql query logged" test=archv2-nxm-batched tool=conduit-v2 collector=conduit type=conduit collector=conduit type=conduit params="map[end:2026-08-02T22:51:31.731Z query:rate(conduit_connector_bytes_sum{pipeline_name=\"archv2-nxm-batched\",type=\"destination\"}[2s])/1048576 start:2026-08-02T22:50:51.726Z step:1]" stats="&{Timings:{EvalTotalTime:3.9083e-05 ResultSortTime:2.08e-07 QueryPreparationTime:3.292e-06 InnerEvalTime:3.3667e-05 ExecQueueTime:5.84e-07 ExecTotalTime:4.0625e-05} Samples:0x14000dacff0}" spanID=0000000000000000
time=2026-08-02T15:51:31.731-07:00 level=WARN msg="Query returned multiple series, only first will be used" test=archv2-nxm-batched tool=conduit-v2 collector=conduit type=conduit collector=conduit type=conduit series-count=2
time=2026-08-02T15:51:31.731-07:00 level=DEBUG msg="Query returned data" test=archv2-nxm-batched tool=conduit-v2 collector=conduit type=conduit collector=conduit type=conduit name=msg-megabytes-out-per-second[archv2-nxm-batched] series-count=1 last-value=1.2562150955200195
time=2026-08-02T15:51:31.731-07:00 level=INFO msg="Test in progress" test=archv2-nxm-batched tool=conduit-v2 step=test time-left=20s
time=2026-08-02T15:51:32.246-07:00 level=DEBUG msg="Inspecting container" model=container-monitor name=benchi-conduit
time=2026-08-02T15:51:32.728-07:00 level=DEBUG msg="promql query logged" test=archv2-nxm-batched tool=conduit-v2 collector=conduit type=conduit collector=conduit type=conduit params="map[end:2026-08-02T22:51:32.727Z query:rate(conduit_pipeline_execution_duration_seconds_count{pipeline_name=\"archv2-nxm-batched\"}[2s]) start:2026-08-02T22:50:51.726Z step:1]" stats="&{Timings:{EvalTotalTime:5.5791e-05 ResultSortTime:3.75e-07 QueryPreparationTime:1.4917e-05 InnerEvalTime:3.5083e-05 ExecQueueTime:2.375e-06 ExecTotalTime:6.0542e-05} Samples:0x14001604ab0}" spanID=0000000000000000
time=2026-08-02T15:51:32.728-07:00 level=DEBUG msg="Query returned data" test=archv2-nxm-batched tool=conduit-v2 collector=conduit type=conduit collector=conduit type=conduit name=msg-rate-per-second[archv2-nxm-batched] series-count=1 last-value=46615
time=2026-08-02T15:51:32.728-07:00 level=DEBUG msg="promql query logged" test=archv2-nxm-batched tool=conduit-v2 collector=conduit type=conduit collector=conduit type=conduit params="map[end:2026-08-02T22:51:32.728Z query:rate(conduit_connector_bytes_sum{pipeline_name=\"archv2-nxm-batched\",type=\"source\"}[2s])/1048576 start:2026-08-02T22:50:51.726Z step:1]" stats="&{Timings:{EvalTotalTime:8.2209e-05 ResultSortTime:7.5e-07 QueryPreparationTime:7.5e-06 InnerEvalTime:7.0084e-05 ExecQueueTime:1e-06 ExecTotalTime:8.5166e-05} Samples:0x140016051a0}" spanID=0000000000000000
time=2026-08-02T15:51:32.728-07:00 level=WARN msg="Query returned multiple series, only first will be used" test=archv2-nxm-batched tool=conduit-v2 collector=conduit type=conduit collector=conduit type=conduit series-count=2
time=2026-08-02T15:51:32.728-07:00 level=DEBUG msg="Query returned data" test=archv2-nxm-batched tool=conduit-v2 collector=conduit type=conduit collector=conduit type=conduit name=msg-megabytes-in-per-second[archv2-nxm-batched] series-count=1 last-value=0.6563043594360352
time=2026-08-02T15:51:32.728-07:00 level=DEBUG msg="promql query logged" test=archv2-nxm-batched tool=conduit-v2 collector=conduit type=conduit collector=conduit type=conduit params="map[end:2026-08-02T22:51:32.728Z query:rate(conduit_connector_bytes_sum{pipeline_name=\"archv2-nxm-batched\",type=\"destination\"}[2s])/1048576 start:2026-08-02T22:50:51.726Z step:1]" stats="&{Timings:{EvalTotalTime:7.625e-05 ResultSortTime:5e-07 QueryPreparationTime:7.584e-06 InnerEvalTime:6.3292e-05 ExecQueueTime:1e-06 ExecTotalTime:7.9333e-05} Samples:0x140007e8960}" spanID=0000000000000000
time=2026-08-02T15:51:32.728-07:00 level=WARN msg="Query returned multiple series, only first will be used" test=archv2-nxm-batched tool=conduit-v2 collector=conduit type=conduit collector=conduit type=conduit series-count=2
time=2026-08-02T15:51:32.728-07:00 level=DEBUG msg="Query returned data" test=archv2-nxm-batched tool=conduit-v2 collector=conduit type=conduit collector=conduit type=conduit name=msg-megabytes-out-per-second[archv2-nxm-batched] series-count=1 last-value=1.317185401916504
time=2026-08-02T15:51:32.752-07:00 level=DEBUG msg="Inspecting container" model=container-monitor name=benchi-conduit
time=2026-08-02T15:51:33.261-07:00 level=DEBUG msg="Inspecting container" model=container-monitor name=benchi-conduit
time=2026-08-02T15:51:33.728-07:00 level=DEBUG msg="promql query logged" test=archv2-nxm-batched tool=conduit-v2 collector=conduit type=conduit collector=conduit type=conduit params="map[end:2026-08-02T22:51:33.728Z query:rate(conduit_pipeline_execution_duration_seconds_count{pipeline_name=\"archv2-nxm-batched\"}[2s]) start:2026-08-02T22:50:51.726Z step:1]" stats="&{Timings:{EvalTotalTime:5.2459e-05 ResultSortTime:2.5e-07 QueryPreparationTime:1.5916e-05 InnerEvalTime:3.1584e-05 ExecQueueTime:2.249e-06 ExecTotalTime:5.7416e-05} Samples:0x140015adaa0}" spanID=0000000000000000
time=2026-08-02T15:51:33.728-07:00 level=DEBUG msg="Query returned data" test=archv2-nxm-batched tool=conduit-v2 collector=conduit type=conduit collector=conduit type=conduit name=msg-rate-per-second[archv2-nxm-batched] series-count=1 last-value=43617.21068249259
time=2026-08-02T15:51:33.728-07:00 level=DEBUG msg="promql query logged" test=archv2-nxm-batched tool=conduit-v2 collector=conduit type=conduit collector=conduit type=conduit params="map[end:2026-08-02T22:51:33.728Z query:rate(conduit_connector_bytes_sum{pipeline_name=\"archv2-nxm-batched\",type=\"source\"}[2s])/1048576 start:2026-08-02T22:50:51.726Z step:1]" stats="&{Timings:{EvalTotalTime:7.8959e-05 ResultSortTime:7.92e-07 QueryPreparationTime:7.916e-06 InnerEvalTime:6.7209e-05 ExecQueueTime:1.042e-06 ExecTotalTime:8.175e-05} Samples:0x1400146e1e0}" spanID=0000000000000000
time=2026-08-02T15:51:33.728-07:00 level=WARN msg="Query returned multiple series, only first will be used" test=archv2-nxm-batched tool=conduit-v2 collector=conduit type=conduit collector=conduit type=conduit series-count=2
time=2026-08-02T15:51:33.729-07:00 level=DEBUG msg="Query returned data" test=archv2-nxm-batched tool=conduit-v2 collector=conduit type=conduit collector=conduit type=conduit name=msg-megabytes-in-per-second[archv2-nxm-batched] series-count=1 last-value=0.6307569856577647
time=2026-08-02T15:51:33.729-07:00 level=DEBUG msg="promql query logged" test=archv2-nxm-batched tool=conduit-v2 collector=conduit type=conduit collector=conduit type=conduit params="map[end:2026-08-02T22:51:33.729Z query:rate(conduit_connector_bytes_sum{pipeline_name=\"archv2-nxm-batched\",type=\"destination\"}[2s])/1048576 start:2026-08-02T22:50:51.726Z step:1]" stats="&{Timings:{EvalTotalTime:6.8125e-05 ResultSortTime:3.33e-07 QueryPreparationTime:5.958e-06 InnerEvalTime:5.9083e-05 ExecQueueTime:8.33e-07 ExecTotalTime:7.0708e-05} Samples:0x1400146f560}" spanID=0000000000000000
time=2026-08-02T15:51:33.729-07:00 level=WARN msg="Query returned multiple series, only first will be used" test=archv2-nxm-batched tool=conduit-v2 collector=conduit type=conduit collector=conduit type=conduit series-count=2
time=2026-08-02T15:51:33.729-07:00 level=DEBUG msg="Query returned data" test=archv2-nxm-batched tool=conduit-v2 collector=conduit type=conduit collector=conduit type=conduit name=msg-megabytes-out-per-second[archv2-nxm-batched] series-count=1 last-value=1.2333244527482847
time=2026-08-02T15:51:33.769-07:00 level=DEBUG msg="Inspecting container" model=container-monitor name=benchi-conduit
time=2026-08-02T15:51:34.281-07:00 level=DEBUG msg="Inspecting container" model=container-monitor name=benchi-conduit
time=2026-08-02T15:51:34.728-07:00 level=DEBUG msg="promql query logged" test=archv2-nxm-batched tool=conduit-v2 collector=conduit type=conduit collector=conduit type=conduit params="map[end:2026-08-02T22:51:34.728Z query:rate(conduit_pipeline_execution_duration_seconds_count{pipeline_name=\"archv2-nxm-batched\"}[2s]) start:2026-08-02T22:50:51.726Z step:1]" stats="&{Timings:{EvalTotalTime:5.3584e-05 ResultSortTime:2.91e-07 QueryPreparationTime:1.525e-05 InnerEvalTime:3.3291e-05 ExecQueueTime:2.25e-06 ExecTotalTime:6.0375e-05} Samples:0x14001659710}" spanID=0000000000000000
time=2026-08-02T15:51:34.729-07:00 level=DEBUG msg="Query returned data" test=archv2-nxm-batched tool=conduit-v2 collector=conduit type=conduit collector=conduit type=conduit name=msg-rate-per-second[archv2-nxm-batched] series-count=1 last-value=45713.42078708375
time=2026-08-02T15:51:34.729-07:00 level=DEBUG msg="promql query logged" test=archv2-nxm-batched tool=conduit-v2 collector=conduit type=conduit collector=conduit type=conduit params="map[end:2026-08-02T22:51:34.729Z query:rate(conduit_connector_bytes_sum{pipeline_name=\"archv2-nxm-batched\",type=\"source\"}[2s])/1048576 start:2026-08-02T22:50:51.726Z step:1]" stats="&{Timings:{EvalTotalTime:7.925e-05 ResultSortTime:8.75e-07 QueryPreparationTime:6.834e-06 InnerEvalTime:6.8042e-05 ExecQueueTime:9.58e-07 ExecTotalTime:8.1791e-05} Samples:0x14001659f50}" spanID=0000000000000000
time=2026-08-02T15:51:34.729-07:00 level=WARN msg="Query returned multiple series, only first will be used" test=archv2-nxm-batched tool=conduit-v2 collector=conduit type=conduit collector=conduit type=conduit series-count=2
time=2026-08-02T15:51:34.729-07:00 level=DEBUG msg="Query returned data" test=archv2-nxm-batched tool=conduit-v2 collector=conduit type=conduit collector=conduit type=conduit name=msg-megabytes-in-per-second[archv2-nxm-batched] series-count=1 last-value=0.6225953549597747
time=2026-08-02T15:51:34.729-07:00 level=DEBUG msg="promql query logged" test=archv2-nxm-batched tool=conduit-v2 collector=conduit type=conduit collector=conduit type=conduit params="map[end:2026-08-02T22:51:34.729Z query:rate(conduit_connector_bytes_sum{pipeline_name=\"archv2-nxm-batched\",type=\"destination\"}[2s])/1048576 start:2026-08-02T22:50:51.726Z step:1]" stats="&{Timings:{EvalTotalTime:7.2041e-05 ResultSortTime:4.16e-07 QueryPreparationTime:7.458e-06 InnerEvalTime:6.0834e-05 ExecQueueTime:2.083e-06 ExecTotalTime:7.5667e-05} Samples:0x1400117f230}" spanID=0000000000000000
time=2026-08-02T15:51:34.729-07:00 level=WARN msg="Query returned multiple series, only first will be used" test=archv2-nxm-batched tool=conduit-v2 collector=conduit type=conduit collector=conduit type=conduit series-count=2
time=2026-08-02T15:51:34.729-07:00 level=DEBUG msg="Query returned data" test=archv2-nxm-batched tool=conduit-v2 collector=conduit type=conduit collector=conduit type=conduit name=msg-megabytes-out-per-second[archv2-nxm-batched] series-count=1 last-value=1.290242438600234
time=2026-08-02T15:51:34.790-07:00 level=DEBUG msg="Inspecting container" model=container-monitor name=benchi-conduit
time=2026-08-02T15:51:35.305-07:00 level=DEBUG msg="Inspecting container" model=container-monitor name=benchi-conduit
time=2026-08-02T15:51:35.728-07:00 level=DEBUG msg="promql query logged" test=archv2-nxm-batched tool=conduit-v2 collector=conduit type=conduit collector=conduit type=conduit params="map[end:2026-08-02T22:51:35.728Z query:rate(conduit_pipeline_execution_duration_seconds_count{pipeline_name=\"archv2-nxm-batched\"}[2s]) start:2026-08-02T22:50:51.726Z step:1]" stats="&{Timings:{EvalTotalTime:3.8917e-05 ResultSortTime:3.33e-07 QueryPreparationTime:1.1166e-05 InnerEvalTime:2.4375e-05 ExecQueueTime:1.834e-06 ExecTotalTime:4.5167e-05} Samples:0x14001386330}" spanID=0000000000000000
time=2026-08-02T15:51:35.728-07:00 level=DEBUG msg="Query returned data" test=archv2-nxm-batched tool=conduit-v2 collector=conduit type=conduit collector=conduit type=conduit name=msg-rate-per-second[archv2-nxm-batched] series-count=1 last-value=54607.21442885771
time=2026-08-02T15:51:35.728-07:00 level=DEBUG msg="promql query logged" test=archv2-nxm-batched tool=conduit-v2 collector=conduit type=conduit collector=conduit type=conduit params="map[end:2026-08-02T22:51:35.728Z query:rate(conduit_connector_bytes_sum{pipeline_name=\"archv2-nxm-batched\",type=\"source\"}[2s])/1048576 start:2026-08-02T22:50:51.726Z step:1]" stats="&{Timings:{EvalTotalTime:5.0375e-05 ResultSortTime:6.67e-07 QueryPreparationTime:4.75e-06 InnerEvalTime:4.3041e-05 ExecQueueTime:5.84e-07 ExecTotalTime:5.1959e-05} Samples:0x140013869f0}" spanID=0000000000000000
time=2026-08-02T15:51:35.728-07:00 level=WARN msg="Query returned multiple series, only first will be used" test=archv2-nxm-batched tool=conduit-v2 collector=conduit type=conduit collector=conduit type=conduit series-count=2
time=2026-08-02T15:51:35.728-07:00 level=DEBUG msg="Query returned data" test=archv2-nxm-batched tool=conduit-v2 collector=conduit type=conduit collector=conduit type=conduit name=msg-megabytes-in-per-second[archv2-nxm-batched] series-count=1 last-value=0.7761341775347569
time=2026-08-02T15:51:35.728-07:00 level=DEBUG msg="promql query logged" test=archv2-nxm-batched tool=conduit-v2 collector=conduit type=conduit collector=conduit type=conduit params="map[end:2026-08-02T22:51:35.728Z query:rate(conduit_connector_bytes_sum{pipeline_name=\"archv2-nxm-batched\",type=\"destination\"}[2s])/1048576 start:2026-08-02T22:50:51.726Z step:1]" stats="&{Timings:{EvalTotalTime:5.4459e-05 ResultSortTime:3.33e-07 QueryPreparationTime:5.75e-06 InnerEvalTime:4.6083e-05 ExecQueueTime:1e-06 ExecTotalTime:5.6708e-05} Samples:0x1400121f4d0}" spanID=0000000000000000
time=2026-08-02T15:51:35.728-07:00 level=WARN msg="Query returned multiple series, only first will be used" test=archv2-nxm-batched tool=conduit-v2 collector=conduit type=conduit collector=conduit type=conduit series-count=2
time=2026-08-02T15:51:35.728-07:00 level=DEBUG msg="Query returned data" test=archv2-nxm-batched tool=conduit-v2 collector=conduit type=conduit collector=conduit type=conduit name=msg-megabytes-out-per-second[archv2-nxm-batched] series-count=1 last-value=1.5506897278443603
time=2026-08-02T15:51:35.831-07:00 level=DEBUG msg="Inspecting container" model=container-monitor name=benchi-conduit
time=2026-08-02T15:51:36.351-07:00 level=DEBUG msg="Inspecting container" model=container-monitor name=benchi-conduit
time=2026-08-02T15:51:36.727-07:00 level=INFO msg="Test in progress" test=archv2-nxm-batched tool=conduit-v2 step=test time-left=15s
time=2026-08-02T15:51:36.727-07:00 level=DEBUG msg="promql query logged" test=archv2-nxm-batched tool=conduit-v2 collector=conduit type=conduit collector=conduit type=conduit params="map[end:2026-08-02T22:51:36.727Z query:rate(conduit_pipeline_execution_duration_seconds_count{pipeline_name=\"archv2-nxm-batched\"}[2s]) start:2026-08-02T22:50:51.726Z step:1]" stats="&{Timings:{EvalTotalTime:5.1542e-05 ResultSortTime:2.91e-07 QueryPreparationTime:1.4291e-05 InnerEvalTime:3.225e-05 ExecQueueTime:2.167e-06 ExecTotalTime:5.6125e-05} Samples:0x14001450000}" spanID=0000000000000000
time=2026-08-02T15:51:36.727-07:00 level=DEBUG msg="Query returned data" test=archv2-nxm-batched tool=conduit-v2 collector=conduit type=conduit collector=conduit type=conduit name=msg-rate-per-second[archv2-nxm-batched] series-count=1 last-value=47016
time=2026-08-02T15:51:36.727-07:00 level=DEBUG msg="promql query logged" test=archv2-nxm-batched tool=conduit-v2 collector=conduit type=conduit collector=conduit type=conduit params="map[end:2026-08-02T22:51:36.727Z query:rate(conduit_connector_bytes_sum{pipeline_name=\"archv2-nxm-batched\",type=\"source\"}[2s])/1048576 start:2026-08-02T22:50:51.726Z step:1]" stats="&{Timings:{EvalTotalTime:8.3417e-05 ResultSortTime:1e-06 QueryPreparationTime:7.083e-06 InnerEvalTime:7.2125e-05 ExecQueueTime:8.34e-07 ExecTotalTime:8.5917e-05} Samples:0x140014506c0}" spanID=0000000000000000
time=2026-08-02T15:51:36.728-07:00 level=WARN msg="Query returned multiple series, only first will be used" test=archv2-nxm-batched tool=conduit-v2 collector=conduit type=conduit collector=conduit type=conduit series-count=2
time=2026-08-02T15:51:36.728-07:00 level=DEBUG msg="Query returned data" test=archv2-nxm-batched tool=conduit-v2 collector=conduit type=conduit collector=conduit type=conduit name=msg-megabytes-in-per-second[archv2-nxm-batched] series-count=1 last-value=0.6661796569824219
time=2026-08-02T15:51:36.728-07:00 level=DEBUG msg="promql query logged" test=archv2-nxm-batched tool=conduit-v2 collector=conduit type=conduit collector=conduit type=conduit params="map[end:2026-08-02T22:51:36.728Z query:rate(conduit_connector_bytes_sum{pipeline_name=\"archv2-nxm-batched\",type=\"destination\"}[2s])/1048576 start:2026-08-02T22:50:51.726Z step:1]" stats="&{Timings:{EvalTotalTime:9.7333e-05 ResultSortTime:6.25e-07 QueryPreparationTime:9.541e-06 InnerEvalTime:8.3208e-05 ExecQueueTime:1.208e-06 ExecTotalTime:0.000101166} Samples:0x14001596720}" spanID=0000000000000000
time=2026-08-02T15:51:36.728-07:00 level=WARN msg="Query returned multiple series, only first will be used" test=archv2-nxm-batched tool=conduit-v2 collector=conduit type=conduit collector=conduit type=conduit series-count=2
time=2026-08-02T15:51:36.728-07:00 level=DEBUG msg="Query returned data" test=archv2-nxm-batched tool=conduit-v2 collector=conduit type=conduit collector=conduit type=conduit name=msg-megabytes-out-per-second[archv2-nxm-batched] series-count=1 last-value=1.3237676620483398
time=2026-08-02T15:51:36.878-07:00 level=DEBUG msg="Inspecting container" model=container-monitor name=benchi-conduit
time=2026-08-02T15:51:37.385-07:00 level=DEBUG msg="Inspecting container" model=container-monitor name=benchi-conduit
time=2026-08-02T15:51:37.728-07:00 level=DEBUG msg="promql query logged" test=archv2-nxm-batched tool=conduit-v2 collector=conduit type=conduit collector=conduit type=conduit params="map[end:2026-08-02T22:51:37.728Z query:rate(conduit_pipeline_execution_duration_seconds_count{pipeline_name=\"archv2-nxm-batched\"}[2s]) start:2026-08-02T22:50:51.726Z step:1]" stats="&{Timings:{EvalTotalTime:8.8e-05 ResultSortTime:2.91e-07 QueryPreparationTime:1.4583e-05 InnerEvalTime:6.825e-05 ExecQueueTime:2.417e-06 ExecTotalTime:9.2833e-05} Samples:0x140015e85a0}" spanID=0000000000000000
time=2026-08-02T15:51:37.728-07:00 level=DEBUG msg="Query returned data" test=archv2-nxm-batched tool=conduit-v2 collector=conduit type=conduit collector=conduit type=conduit name=msg-rate-per-second[archv2-nxm-batched] series-count=1 last-value=42448
time=2026-08-02T15:51:37.729-07:00 level=DEBUG msg="promql query logged" test=archv2-nxm-batched tool=conduit-v2 collector=conduit type=conduit collector=conduit type=conduit params="map[end:2026-08-02T22:51:37.728Z query:rate(conduit_connector_bytes_sum{pipeline_name=\"archv2-nxm-batched\",type=\"source\"}[2s])/1048576 start:2026-08-02T22:50:51.726Z step:1]" stats="&{Timings:{EvalTotalTime:8.0958e-05 ResultSortTime:8.33e-07 QueryPreparationTime:6.792e-06 InnerEvalTime:7.0208e-05 ExecQueueTime:1.042e-06 ExecTotalTime:8.375e-05} Samples:0x140015e8c60}" spanID=0000000000000000
time=2026-08-02T15:51:37.729-07:00 level=WARN msg="Query returned multiple series, only first will be used" test=archv2-nxm-batched tool=conduit-v2 collector=conduit type=conduit collector=conduit type=conduit series-count=2
time=2026-08-02T15:51:37.729-07:00 level=DEBUG msg="Query returned data" test=archv2-nxm-batched tool=conduit-v2 collector=conduit type=conduit collector=conduit type=conduit name=msg-megabytes-in-per-second[archv2-nxm-batched] series-count=1 last-value=0.6126651763916016
time=2026-08-02T15:51:37.729-07:00 level=DEBUG msg="promql query logged" test=archv2-nxm-batched tool=conduit-v2 collector=conduit type=conduit collector=conduit type=conduit params="map[end:2026-08-02T22:51:37.729Z query:rate(conduit_connector_bytes_sum{pipeline_name=\"archv2-nxm-batched\",type=\"destination\"}[2s])/1048576 start:2026-08-02T22:50:51.726Z step:1]" stats="&{Timings:{EvalTotalTime:6.2208e-05 ResultSortTime:6.25e-07 QueryPreparationTime:8.083e-06 InnerEvalTime:4.9959e-05 ExecQueueTime:1.416e-06 ExecTotalTime:6.4791e-05} Samples:0x14001479530}" spanID=0000000000000000
time=2026-08-02T15:51:37.729-07:00 level=WARN msg="Query returned multiple series, only first will be used" test=archv2-nxm-batched tool=conduit-v2 collector=conduit type=conduit collector=conduit type=conduit series-count=2
time=2026-08-02T15:51:37.729-07:00 level=DEBUG msg="Query returned data" test=archv2-nxm-batched tool=conduit-v2 collector=conduit type=conduit collector=conduit type=conduit name=msg-megabytes-out-per-second[archv2-nxm-batched] series-count=1 last-value=1.2002887725830078
time=2026-08-02T15:51:37.893-07:00 level=DEBUG msg="Inspecting container" model=container-monitor name=benchi-conduit
time=2026-08-02T15:51:38.401-07:00 level=DEBUG msg="Inspecting container" model=container-monitor name=benchi-conduit
time=2026-08-02T15:51:38.727-07:00 level=DEBUG msg="promql query logged" test=archv2-nxm-batched tool=conduit-v2 collector=conduit type=conduit collector=conduit type=conduit params="map[end:2026-08-02T22:51:38.726Z query:rate(conduit_pipeline_execution_duration_seconds_count{pipeline_name=\"archv2-nxm-batched\"}[2s]) start:2026-08-02T22:50:51.726Z step:1]" stats="&{Timings:{EvalTotalTime:5.0542e-05 ResultSortTime:2.5e-07 QueryPreparationTime:1.4125e-05 InnerEvalTime:3.1792e-05 ExecQueueTime:2.166e-06 ExecTotalTime:5.4834e-05} Samples:0x140018051d0}" spanID=0000000000000000
time=2026-08-02T15:51:38.727-07:00 level=DEBUG msg="Query returned data" test=archv2-nxm-batched tool=conduit-v2 collector=conduit type=conduit collector=conduit type=conduit name=msg-rate-per-second[archv2-nxm-batched] series-count=1 last-value=63047
time=2026-08-02T15:51:38.727-07:00 level=DEBUG msg="promql query logged" test=archv2-nxm-batched tool=conduit-v2 collector=conduit type=conduit collector=conduit type=conduit params="map[end:2026-08-02T22:51:38.727Z query:rate(conduit_connector_bytes_sum{pipeline_name=\"archv2-nxm-batched\",type=\"source\"}[2s])/1048576 start:2026-08-02T22:50:51.726Z step:1]" stats="&{Timings:{EvalTotalTime:8.3917e-05 ResultSortTime:6.66e-07 QueryPreparationTime:6.666e-06 InnerEvalTime:7.3125e-05 ExecQueueTime:8.33e-07 ExecTotalTime:8.7667e-05} Samples:0x14001805890}" spanID=0000000000000000
time=2026-08-02T15:51:38.727-07:00 level=WARN msg="Query returned multiple series, only first will be used" test=archv2-nxm-batched tool=conduit-v2 collector=conduit type=conduit collector=conduit type=conduit series-count=2
time=2026-08-02T15:51:38.727-07:00 level=DEBUG msg="Query returned data" test=archv2-nxm-batched tool=conduit-v2 collector=conduit type=conduit collector=conduit type=conduit name=msg-megabytes-in-per-second[archv2-nxm-batched] series-count=1 last-value=0.8953971862792969
time=2026-08-02T15:51:38.727-07:00 level=DEBUG msg="promql query logged" test=archv2-nxm-batched tool=conduit-v2 collector=conduit type=conduit collector=conduit type=conduit params="map[end:2026-08-02T22:51:38.727Z query:rate(conduit_connector_bytes_sum{pipeline_name=\"archv2-nxm-batched\",type=\"destination\"}[2s])/1048576 start:2026-08-02T22:50:51.726Z step:1]" stats="&{Timings:{EvalTotalTime:7.3042e-05 ResultSortTime:3.75e-07 QueryPreparationTime:6.625e-06 InnerEvalTime:6.3125e-05 ExecQueueTime:9.58e-07 ExecTotalTime:7.5375e-05} Samples:0x1400183cc90}" spanID=0000000000000000
time=2026-08-02T15:51:38.727-07:00 level=WARN msg="Query returned multiple series, only first will be used" test=archv2-nxm-batched tool=conduit-v2 collector=conduit type=conduit collector=conduit type=conduit series-count=2
time=2026-08-02T15:51:38.727-07:00 level=DEBUG msg="Query returned data" test=archv2-nxm-batched tool=conduit-v2 collector=conduit type=conduit collector=conduit type=conduit name=msg-megabytes-out-per-second[archv2-nxm-batched] series-count=1 last-value=1.781081199645996
time=2026-08-02T15:51:38.913-07:00 level=DEBUG msg="Inspecting container" model=container-monitor name=benchi-conduit
time=2026-08-02T15:51:39.419-07:00 level=DEBUG msg="Inspecting container" model=container-monitor name=benchi-conduit
time=2026-08-02T15:51:39.727-07:00 level=DEBUG msg="promql query logged" test=archv2-nxm-batched tool=conduit-v2 collector=conduit type=conduit collector=conduit type=conduit params="map[end:2026-08-02T22:51:39.727Z query:rate(conduit_pipeline_execution_duration_seconds_count{pipeline_name=\"archv2-nxm-batched\"}[2s]) start:2026-08-02T22:50:51.726Z step:1]" stats="&{Timings:{EvalTotalTime:6.2375e-05 ResultSortTime:4.58e-07 QueryPreparationTime:1.5084e-05 InnerEvalTime:4.175e-05 ExecQueueTime:2.916e-06 ExecTotalTime:6.7709e-05} Samples:0x1400185f8f0}" spanID=0000000000000000
time=2026-08-02T15:51:39.727-07:00 level=DEBUG msg="Query returned data" test=archv2-nxm-batched tool=conduit-v2 collector=conduit type=conduit collector=conduit type=conduit name=msg-rate-per-second[archv2-nxm-batched] series-count=1 last-value=59932.13572854291
time=2026-08-02T15:51:39.727-07:00 level=DEBUG msg="promql query logged" test=archv2-nxm-batched tool=conduit-v2 collector=conduit type=conduit collector=conduit type=conduit params="map[end:2026-08-02T22:51:39.727Z query:rate(conduit_connector_bytes_sum{pipeline_name=\"archv2-nxm-batched\",type=\"source\"}[2s])/1048576 start:2026-08-02T22:50:51.726Z step:1]" stats="&{Timings:{EvalTotalTime:0.000120292 ResultSortTime:7.5e-07 QueryPreparationTime:1.3417e-05 InnerEvalTime:9.3541e-05 ExecQueueTime:9.58e-07 ExecTotalTime:0.0001235} Samples:0x1400199e030}" spanID=0000000000000000
time=2026-08-02T15:51:39.727-07:00 level=WARN msg="Query returned multiple series, only first will be used" test=archv2-nxm-batched tool=conduit-v2 collector=conduit type=conduit collector=conduit type=conduit series-count=2
time=2026-08-02T15:51:39.727-07:00 level=DEBUG msg="Query returned data" test=archv2-nxm-batched tool=conduit-v2 collector=conduit type=conduit collector=conduit type=conduit name=msg-megabytes-in-per-second[archv2-nxm-batched] series-count=1 last-value=0.8543732161531429
time=2026-08-02T15:51:39.727-07:00 level=DEBUG msg="promql query logged" test=archv2-nxm-batched tool=conduit-v2 collector=conduit type=conduit collector=conduit type=conduit params="map[end:2026-08-02T22:51:39.727Z query:rate(conduit_connector_bytes_sum{pipeline_name=\"archv2-nxm-batched\",type=\"destination\"}[2s])/1048576 start:2026-08-02T22:50:51.726Z step:1]" stats="&{Timings:{EvalTotalTime:9.4292e-05 ResultSortTime:5e-07 QueryPreparationTime:8.708e-06 InnerEvalTime:8.1541e-05 ExecQueueTime:1.083e-06 ExecTotalTime:9.6916e-05} Samples:0x1400199f3b0}" spanID=0000000000000000
time=2026-08-02T15:51:39.727-07:00 level=WARN msg="Query returned multiple series, only first will be used" test=archv2-nxm-batched tool=conduit-v2 collector=conduit type=conduit collector=conduit type=conduit series-count=2
time=2026-08-02T15:51:39.728-07:00 level=DEBUG msg="Query returned data" test=archv2-nxm-batched tool=conduit-v2 collector=conduit type=conduit collector=conduit type=conduit name=msg-megabytes-out-per-second[archv2-nxm-batched] series-count=1 last-value=1.694506989743657
time=2026-08-02T15:51:39.922-07:00 level=DEBUG msg="Inspecting container" model=container-monitor name=benchi-conduit
time=2026-08-02T15:51:40.425-07:00 level=DEBUG msg="Inspecting container" model=container-monitor name=benchi-conduit
time=2026-08-02T15:51:40.726-07:00 level=DEBUG msg="promql query logged" test=archv2-nxm-batched tool=conduit-v2 collector=conduit type=conduit collector=conduit type=conduit params="map[end:2026-08-02T22:51:40.726Z query:rate(conduit_pipeline_execution_duration_seconds_count{pipeline_name=\"archv2-nxm-batched\"}[2s]) start:2026-08-02T22:50:51.726Z step:1]" stats="&{Timings:{EvalTotalTime:3.475e-05 ResultSortTime:3.33e-07 QueryPreparationTime:9.167e-06 InnerEvalTime:2.2667e-05 ExecQueueTime:1.167e-06 ExecTotalTime:3.775e-05} Samples:0x14001945b00}" spanID=0000000000000000
time=2026-08-02T15:51:40.727-07:00 level=DEBUG msg="Query returned data" test=archv2-nxm-batched tool=conduit-v2 collector=conduit type=conduit collector=conduit type=conduit name=msg-rate-per-second[archv2-nxm-batched] series-count=1 last-value=67134.26853707414
time=2026-08-02T15:51:40.727-07:00 level=DEBUG msg="promql query logged" test=archv2-nxm-batched tool=conduit-v2 collector=conduit type=conduit collector=conduit type=conduit params="map[end:2026-08-02T22:51:40.727Z query:rate(conduit_connector_bytes_sum{pipeline_name=\"archv2-nxm-batched\",type=\"source\"}[2s])/1048576 start:2026-08-02T22:50:51.726Z step:1]" stats="&{Timings:{EvalTotalTime:6.2375e-05 ResultSortTime:5.84e-07 QueryPreparationTime:4.125e-06 InnerEvalTime:5.5375e-05 ExecQueueTime:5.42e-07 ExecTotalTime:6.3958e-05} Samples:0x14001970240}" spanID=0000000000000000
time=2026-08-02T15:51:40.727-07:00 level=WARN msg="Query returned multiple series, only first will be used" test=archv2-nxm-batched tool=conduit-v2 collector=conduit type=conduit collector=conduit type=conduit series-count=2
time=2026-08-02T15:51:40.727-07:00 level=DEBUG msg="Query returned data" test=archv2-nxm-batched tool=conduit-v2 collector=conduit type=conduit collector=conduit type=conduit name=msg-megabytes-in-per-second[archv2-nxm-batched] series-count=1 last-value=0.9376491477828703
time=2026-08-02T15:51:40.727-07:00 level=DEBUG msg="promql query logged" test=archv2-nxm-batched tool=conduit-v2 collector=conduit type=conduit collector=conduit type=conduit params="map[end:2026-08-02T22:51:40.727Z query:rate(conduit_connector_bytes_sum{pipeline_name=\"archv2-nxm-batched\",type=\"destination\"}[2s])/1048576 start:2026-08-02T22:50:51.726Z step:1]" stats="&{Timings:{EvalTotalTime:6.3375e-05 ResultSortTime:3.33e-07 QueryPreparationTime:1.4583e-05 InnerEvalTime:4.5875e-05 ExecQueueTime:8.33e-07 ExecTotalTime:6.5625e-05} Samples:0x140019c0b10}" spanID=0000000000000000
time=2026-08-02T15:51:40.727-07:00 level=WARN msg="Query returned multiple series, only first will be used" test=archv2-nxm-batched tool=conduit-v2 collector=conduit type=conduit collector=conduit type=conduit series-count=2
time=2026-08-02T15:51:40.727-07:00 level=DEBUG msg="Query returned data" test=archv2-nxm-batched tool=conduit-v2 collector=conduit type=conduit collector=conduit type=conduit name=msg-megabytes-out-per-second[archv2-nxm-batched] series-count=1 last-value=1.9035253352774884
time=2026-08-02T15:51:40.928-07:00 level=DEBUG msg="Inspecting container" model=container-monitor name=benchi-conduit
time=2026-08-02T15:51:41.431-07:00 level=DEBUG msg="Inspecting container" model=container-monitor name=benchi-conduit
time=2026-08-02T15:51:41.726-07:00 level=INFO msg="Test in progress" test=archv2-nxm-batched tool=conduit-v2 step=test time-left=10s
time=2026-08-02T15:51:41.726-07:00 level=DEBUG msg="promql query logged" test=archv2-nxm-batched tool=conduit-v2 collector=conduit type=conduit collector=conduit type=conduit params="map[end:2026-08-02T22:51:41.726Z query:rate(conduit_pipeline_execution_duration_seconds_count{pipeline_name=\"archv2-nxm-batched\"}[2s]) start:2026-08-02T22:50:51.726Z step:1]" stats="&{Timings:{EvalTotalTime:5.2792e-05 ResultSortTime:3.34e-07 QueryPreparationTime:1.4417e-05 InnerEvalTime:3.3667e-05 ExecQueueTime:1.75e-06 ExecTotalTime:5.6792e-05} Samples:0x14001970d80}" spanID=0000000000000000
time=2026-08-02T15:51:41.726-07:00 level=DEBUG msg="Query returned data" test=archv2-nxm-batched tool=conduit-v2 collector=conduit type=conduit collector=conduit type=conduit name=msg-rate-per-second[archv2-nxm-batched] series-count=1 last-value=96500
time=2026-08-02T15:51:41.727-07:00 level=DEBUG msg="promql query logged" test=archv2-nxm-batched tool=conduit-v2 collector=conduit type=conduit collector=conduit type=conduit params="map[end:2026-08-02T22:51:41.726Z query:rate(conduit_connector_bytes_sum{pipeline_name=\"archv2-nxm-batched\",type=\"source\"}[2s])/1048576 start:2026-08-02T22:50:51.726Z step:1]" stats="&{Timings:{EvalTotalTime:0.000107125 ResultSortTime:8.75e-07 QueryPreparationTime:7e-06 InnerEvalTime:9.575e-05 ExecQueueTime:8.33e-07 ExecTotalTime:0.000109666} Samples:0x14001971470}" spanID=0000000000000000
time=2026-08-02T15:51:41.727-07:00 level=WARN msg="Query returned multiple series, only first will be used" test=archv2-nxm-batched tool=conduit-v2 collector=conduit type=conduit collector=conduit type=conduit series-count=2
time=2026-08-02T15:51:41.727-07:00 level=DEBUG msg="Query returned data" test=archv2-nxm-batched tool=conduit-v2 collector=conduit type=conduit collector=conduit type=conduit name=msg-megabytes-in-per-second[archv2-nxm-batched] series-count=1 last-value=1.3489751815795898
time=2026-08-02T15:51:41.727-07:00 level=DEBUG msg="promql query logged" test=archv2-nxm-batched tool=conduit-v2 collector=conduit type=conduit collector=conduit type=conduit params="map[end:2026-08-02T22:51:41.727Z query:rate(conduit_connector_bytes_sum{pipeline_name=\"archv2-nxm-batched\",type=\"destination\"}[2s])/1048576 start:2026-08-02T22:50:51.726Z step:1]" stats="&{Timings:{EvalTotalTime:9.0583e-05 ResultSortTime:4.16e-07 QueryPreparationTime:8.458e-06 InnerEvalTime:7.775e-05 ExecQueueTime:1.041e-06 ExecTotalTime:9.3375e-05} Samples:0x140016c43f0}" spanID=0000000000000000
time=2026-08-02T15:51:41.727-07:00 level=WARN msg="Query returned multiple series, only first will be used" test=archv2-nxm-batched tool=conduit-v2 collector=conduit type=conduit collector=conduit type=conduit series-count=2
time=2026-08-02T15:51:41.727-07:00 level=DEBUG msg="Query returned data" test=archv2-nxm-batched tool=conduit-v2 collector=conduit type=conduit collector=conduit type=conduit name=msg-megabytes-out-per-second[archv2-nxm-batched] series-count=1 last-value=2.719362258911133
time=2026-08-02T15:51:41.935-07:00 level=DEBUG msg="Inspecting container" model=container-monitor name=benchi-conduit
time=2026-08-02T15:51:42.441-07:00 level=DEBUG msg="Inspecting container" model=container-monitor name=benchi-conduit
time=2026-08-02T15:51:42.727-07:00 level=DEBUG msg="promql query logged" test=archv2-nxm-batched tool=conduit-v2 collector=conduit type=conduit collector=conduit type=conduit params="map[end:2026-08-02T22:51:42.727Z query:rate(conduit_pipeline_execution_duration_seconds_count{pipeline_name=\"archv2-nxm-batched\"}[2s]) start:2026-08-02T22:50:51.726Z step:1]" stats="&{Timings:{EvalTotalTime:5.6625e-05 ResultSortTime:3.75e-07 QueryPreparationTime:1.4375e-05 InnerEvalTime:3.4166e-05 ExecQueueTime:2.5e-06 ExecTotalTime:6.125e-05} Samples:0x14000dac270}" spanID=0000000000000000
time=2026-08-02T15:51:42.727-07:00 level=DEBUG msg="Query returned data" test=archv2-nxm-batched tool=conduit-v2 collector=conduit type=conduit collector=conduit type=conduit name=msg-rate-per-second[archv2-nxm-batched] series-count=1 last-value=83600
time=2026-08-02T15:51:42.728-07:00 level=DEBUG msg="promql query logged" test=archv2-nxm-batched tool=conduit-v2 collector=conduit type=conduit collector=conduit type=conduit params="map[end:2026-08-02T22:51:42.727Z query:rate(conduit_connector_bytes_sum{pipeline_name=\"archv2-nxm-batched\",type=\"source\"}[2s])/1048576 start:2026-08-02T22:50:51.726Z step:1]" stats="&{Timings:{EvalTotalTime:8.9208e-05 ResultSortTime:8.75e-07 QueryPreparationTime:7.542e-06 InnerEvalTime:7.7292e-05 ExecQueueTime:1e-06 ExecTotalTime:9.2e-05} Samples:0x14000daca20}" spanID=0000000000000000
time=2026-08-02T15:51:42.728-07:00 level=WARN msg="Query returned multiple series, only first will be used" test=archv2-nxm-batched tool=conduit-v2 collector=conduit type=conduit collector=conduit type=conduit series-count=2
time=2026-08-02T15:51:42.728-07:00 level=DEBUG msg="Query returned data" test=archv2-nxm-batched tool=conduit-v2 collector=conduit type=conduit collector=conduit type=conduit name=msg-megabytes-in-per-second[archv2-nxm-batched] series-count=1 last-value=1.1910667419433594
time=2026-08-02T15:51:42.728-07:00 level=DEBUG msg="promql query logged" test=archv2-nxm-batched tool=conduit-v2 collector=conduit type=conduit collector=conduit type=conduit params="map[end:2026-08-02T22:51:42.728Z query:rate(conduit_connector_bytes_sum{pipeline_name=\"archv2-nxm-batched\",type=\"destination\"}[2s])/1048576 start:2026-08-02T22:50:51.726Z step:1]" stats="&{Timings:{EvalTotalTime:8.7583e-05 ResultSortTime:6.25e-07 QueryPreparationTime:8.5e-06 InnerEvalTime:7.4625e-05 ExecQueueTime:1.333e-06 ExecTotalTime:9.2333e-05} Samples:0x14000dade60}" spanID=0000000000000000
time=2026-08-02T15:51:42.728-07:00 level=WARN msg="Query returned multiple series, only first will be used" test=archv2-nxm-batched tool=conduit-v2 collector=conduit type=conduit collector=conduit type=conduit series-count=2
time=2026-08-02T15:51:42.728-07:00 level=DEBUG msg="Query returned data" test=archv2-nxm-batched tool=conduit-v2 collector=conduit type=conduit collector=conduit type=conduit name=msg-megabytes-out-per-second[archv2-nxm-batched] series-count=1 last-value=2.3633928298950195
time=2026-08-02T15:51:42.946-07:00 level=DEBUG msg="Inspecting container" model=container-monitor name=benchi-conduit
time=2026-08-02T15:51:43.453-07:00 level=DEBUG msg="Inspecting container" model=container-monitor name=benchi-conduit
time=2026-08-02T15:51:43.727-07:00 level=DEBUG msg="promql query logged" test=archv2-nxm-batched tool=conduit-v2 collector=conduit type=conduit collector=conduit type=conduit params="map[end:2026-08-02T22:51:43.727Z query:rate(conduit_pipeline_execution_duration_seconds_count{pipeline_name=\"archv2-nxm-batched\"}[2s]) start:2026-08-02T22:50:51.726Z step:1]" stats="&{Timings:{EvalTotalTime:6.5416e-05 ResultSortTime:4.59e-07 QueryPreparationTime:1.7458e-05 InnerEvalTime:4.2167e-05 ExecQueueTime:2.709e-06 ExecTotalTime:7.05e-05} Samples:0x14001873aa0}" spanID=0000000000000000
time=2026-08-02T15:51:43.728-07:00 level=DEBUG msg="Query returned data" test=archv2-nxm-batched tool=conduit-v2 collector=conduit type=conduit collector=conduit type=conduit name=msg-rate-per-second[archv2-nxm-batched] series-count=1 last-value=65177
time=2026-08-02T15:51:43.728-07:00 level=DEBUG msg="promql query logged" test=archv2-nxm-batched tool=conduit-v2 collector=conduit type=conduit collector=conduit type=conduit params="map[end:2026-08-02T22:51:43.728Z query:rate(conduit_connector_bytes_sum{pipeline_name=\"archv2-nxm-batched\",type=\"source\"}[2s])/1048576 start:2026-08-02T22:50:51.726Z step:1]" stats="&{Timings:{EvalTotalTime:9.4958e-05 ResultSortTime:9.58e-07 QueryPreparationTime:7.958e-06 InnerEvalTime:8.2083e-05 ExecQueueTime:9.99e-07 ExecTotalTime:9.7834e-05} Samples:0x140013fc240}" spanID=0000000000000000
time=2026-08-02T15:51:43.728-07:00 level=WARN msg="Query returned multiple series, only first will be used" test=archv2-nxm-batched tool=conduit-v2 collector=conduit type=conduit collector=conduit type=conduit series-count=2
time=2026-08-02T15:51:43.728-07:00 level=DEBUG msg="Query returned data" test=archv2-nxm-batched tool=conduit-v2 collector=conduit type=conduit collector=conduit type=conduit name=msg-megabytes-in-per-second[archv2-nxm-batched] series-count=1 last-value=0.9231643676757812
time=2026-08-02T15:51:43.728-07:00 level=DEBUG msg="promql query logged" test=archv2-nxm-batched tool=conduit-v2 collector=conduit type=conduit collector=conduit type=conduit params="map[end:2026-08-02T22:51:43.728Z query:rate(conduit_connector_bytes_sum{pipeline_name=\"archv2-nxm-batched\",type=\"destination\"}[2s])/1048576 start:2026-08-02T22:50:51.726Z step:1]" stats="&{Timings:{EvalTotalTime:9.2667e-05 ResultSortTime:4.58e-07 QueryPreparationTime:8.667e-06 InnerEvalTime:7.9708e-05 ExecQueueTime:1.125e-06 ExecTotalTime:9.6541e-05} Samples:0x14001359cb0}" spanID=0000000000000000
time=2026-08-02T15:51:43.728-07:00 level=WARN msg="Query returned multiple series, only first will be used" test=archv2-nxm-batched tool=conduit-v2 collector=conduit type=conduit collector=conduit type=conduit series-count=2
time=2026-08-02T15:51:43.728-07:00 level=DEBUG msg="Query returned data" test=archv2-nxm-batched tool=conduit-v2 collector=conduit type=conduit collector=conduit type=conduit name=msg-megabytes-out-per-second[archv2-nxm-batched] series-count=1 last-value=1.847442626953125
time=2026-08-02T15:51:43.960-07:00 level=DEBUG msg="Inspecting container" model=container-monitor name=benchi-conduit
time=2026-08-02T15:51:44.471-07:00 level=DEBUG msg="Inspecting container" model=container-monitor name=benchi-conduit
time=2026-08-02T15:51:44.727-07:00 level=DEBUG msg="promql query logged" test=archv2-nxm-batched tool=conduit-v2 collector=conduit type=conduit collector=conduit type=conduit params="map[end:2026-08-02T22:51:44.727Z query:rate(conduit_pipeline_execution_duration_seconds_count{pipeline_name=\"archv2-nxm-batched\"}[2s]) start:2026-08-02T22:50:51.726Z step:1]" stats="&{Timings:{EvalTotalTime:5.7458e-05 ResultSortTime:5.42e-07 QueryPreparationTime:1.5333e-05 InnerEvalTime:3.6833e-05 ExecQueueTime:2.249e-06 ExecTotalTime:6.2542e-05} Samples:0x140016c1e90}" spanID=0000000000000000
time=2026-08-02T15:51:44.727-07:00 level=DEBUG msg="Query returned data" test=archv2-nxm-batched tool=conduit-v2 collector=conduit type=conduit collector=conduit type=conduit name=msg-rate-per-second[archv2-nxm-batched] series-count=1 last-value=58883
time=2026-08-02T15:51:44.727-07:00 level=DEBUG msg="promql query logged" test=archv2-nxm-batched tool=conduit-v2 collector=conduit type=conduit collector=conduit type=conduit params="map[end:2026-08-02T22:51:44.727Z query:rate(conduit_connector_bytes_sum{pipeline_name=\"archv2-nxm-batched\",type=\"source\"}[2s])/1048576 start:2026-08-02T22:50:51.726Z step:1]" stats="&{Timings:{EvalTotalTime:9.1125e-05 ResultSortTime:8.75e-07 QueryPreparationTime:8.125e-06 InnerEvalTime:7.8583e-05 ExecQueueTime:9.58e-07 ExecTotalTime:9.4041e-05} Samples:0x14000976960}" spanID=0000000000000000
time=2026-08-02T15:51:44.727-07:00 level=WARN msg="Query returned multiple series, only first will be used" test=archv2-nxm-batched tool=conduit-v2 collector=conduit type=conduit collector=conduit type=conduit series-count=2
time=2026-08-02T15:51:44.728-07:00 level=DEBUG msg="Query returned data" test=archv2-nxm-batched tool=conduit-v2 collector=conduit type=conduit collector=conduit type=conduit name=msg-megabytes-in-per-second[archv2-nxm-batched] series-count=1 last-value=0.8227300643920898
time=2026-08-02T15:51:44.728-07:00 level=DEBUG msg="promql query logged" test=archv2-nxm-batched tool=conduit-v2 collector=conduit type=conduit collector=conduit type=conduit params="map[end:2026-08-02T22:51:44.728Z query:rate(conduit_connector_bytes_sum{pipeline_name=\"archv2-nxm-batched\",type=\"destination\"}[2s])/1048576 start:2026-08-02T22:50:51.726Z step:1]" stats="&{Timings:{EvalTotalTime:8.25e-05 ResultSortTime:5.42e-07 QueryPreparationTime:7e-06 InnerEvalTime:7.15e-05 ExecQueueTime:1.125e-06 ExecTotalTime:8.6959e-05} Samples:0x14000977e60}" spanID=0000000000000000
time=2026-08-02T15:51:44.728-07:00 level=WARN msg="Query returned multiple series, only first will be used" test=archv2-nxm-batched tool=conduit-v2 collector=conduit type=conduit collector=conduit type=conduit series-count=2
time=2026-08-02T15:51:44.728-07:00 level=DEBUG msg="Query returned data" test=archv2-nxm-batched tool=conduit-v2 collector=conduit type=conduit collector=conduit type=conduit name=msg-megabytes-out-per-second[archv2-nxm-batched] series-count=1 last-value=1.655381202697754
time=2026-08-02T15:51:44.981-07:00 level=DEBUG msg="Inspecting container" model=container-monitor name=benchi-conduit
time=2026-08-02T15:51:45.487-07:00 level=DEBUG msg="Inspecting container" model=container-monitor name=benchi-conduit
time=2026-08-02T15:51:45.727-07:00 level=DEBUG msg="promql query logged" test=archv2-nxm-batched tool=conduit-v2 collector=conduit type=conduit collector=conduit type=conduit params="map[end:2026-08-02T22:51:45.727Z query:rate(conduit_pipeline_execution_duration_seconds_count{pipeline_name=\"archv2-nxm-batched\"}[2s]) start:2026-08-02T22:50:51.726Z step:1]" stats="&{Timings:{EvalTotalTime:6.5542e-05 ResultSortTime:6.66e-07 QueryPreparationTime:1.7334e-05 InnerEvalTime:4.1417e-05 ExecQueueTime:2.833e-06 ExecTotalTime:7.1042e-05} Samples:0x140015979e0}" spanID=0000000000000000
time=2026-08-02T15:51:45.727-07:00 level=DEBUG msg="Query returned data" test=archv2-nxm-batched tool=conduit-v2 collector=conduit type=conduit collector=conduit type=conduit name=msg-rate-per-second[archv2-nxm-batched] series-count=1 last-value=58081
time=2026-08-02T15:51:45.727-07:00 level=DEBUG msg="promql query logged" test=archv2-nxm-batched tool=conduit-v2 collector=conduit type=conduit collector=conduit type=conduit params="map[end:2026-08-02T22:51:45.727Z query:rate(conduit_connector_bytes_sum{pipeline_name=\"archv2-nxm-batched\",type=\"source\"}[2s])/1048576 start:2026-08-02T22:50:51.726Z step:1]" stats="&{Timings:{EvalTotalTime:0.000102542 ResultSortTime:9.58e-07 QueryPreparationTime:8.75e-06 InnerEvalTime:8.6459e-05 ExecQueueTime:1.125e-06 ExecTotalTime:0.000105416} Samples:0x14001654120}" spanID=0000000000000000
time=2026-08-02T15:51:45.727-07:00 level=WARN msg="Query returned multiple series, only first will be used" test=archv2-nxm-batched tool=conduit-v2 collector=conduit type=conduit collector=conduit type=conduit series-count=2
time=2026-08-02T15:51:45.728-07:00 level=DEBUG msg="Query returned data" test=archv2-nxm-batched tool=conduit-v2 collector=conduit type=conduit collector=conduit type=conduit name=msg-megabytes-in-per-second[archv2-nxm-batched] series-count=1 last-value=0.824981689453125
time=2026-08-02T15:51:45.728-07:00 level=DEBUG msg="promql query logged" test=archv2-nxm-batched tool=conduit-v2 collector=conduit type=conduit collector=conduit type=conduit params="map[end:2026-08-02T22:51:45.728Z query:rate(conduit_connector_bytes_sum{pipeline_name=\"archv2-nxm-batched\",type=\"destination\"}[2s])/1048576 start:2026-08-02T22:50:51.726Z step:1]" stats="&{Timings:{EvalTotalTime:8.5667e-05 ResultSortTime:5.42e-07 QueryPreparationTime:7e-06 InnerEvalTime:7.4083e-05 ExecQueueTime:9.17e-07 ExecTotalTime:8.8875e-05} Samples:0x14001655740}" spanID=0000000000000000
time=2026-08-02T15:51:45.728-07:00 level=WARN msg="Query returned multiple series, only first will be used" test=archv2-nxm-batched tool=conduit-v2 collector=conduit type=conduit collector=conduit type=conduit series-count=2
time=2026-08-02T15:51:45.728-07:00 level=DEBUG msg="Query returned data" test=archv2-nxm-batched tool=conduit-v2 collector=conduit type=conduit collector=conduit type=conduit name=msg-megabytes-out-per-second[archv2-nxm-batched] series-count=1 last-value=1.6440000534057617
time=2026-08-02T15:51:46.002-07:00 level=DEBUG msg="Inspecting container" model=container-monitor name=benchi-conduit
time=2026-08-02T15:51:46.519-07:00 level=DEBUG msg="Inspecting container" model=container-monitor name=benchi-conduit
time=2026-08-02T15:51:46.726-07:00 level=INFO msg="Test in progress" test=archv2-nxm-batched tool=conduit-v2 step=test time-left=5s
time=2026-08-02T15:51:46.727-07:00 level=DEBUG msg="promql query logged" test=archv2-nxm-batched tool=conduit-v2 collector=conduit type=conduit collector=conduit type=conduit params="map[end:2026-08-02T22:51:46.726Z query:rate(conduit_pipeline_execution_duration_seconds_count{pipeline_name=\"archv2-nxm-batched\"}[2s]) start:2026-08-02T22:50:51.726Z step:1]" stats="&{Timings:{EvalTotalTime:8.0791e-05 ResultSortTime:5e-07 QueryPreparationTime:3.1959e-05 InnerEvalTime:4.1459e-05 ExecQueueTime:3e-06 ExecTotalTime:8.5542e-05} Samples:0x1400189f050}" spanID=0000000000000000
time=2026-08-02T15:51:46.727-07:00 level=DEBUG msg="Query returned data" test=archv2-nxm-batched tool=conduit-v2 collector=conduit type=conduit collector=conduit type=conduit name=msg-rate-per-second[archv2-nxm-batched] series-count=1 last-value=59900
time=2026-08-02T15:51:46.727-07:00 level=DEBUG msg="promql query logged" test=archv2-nxm-batched tool=conduit-v2 collector=conduit type=conduit collector=conduit type=conduit params="map[end:2026-08-02T22:51:46.727Z query:rate(conduit_connector_bytes_sum{pipeline_name=\"archv2-nxm-batched\",type=\"source\"}[2s])/1048576 start:2026-08-02T22:50:51.726Z step:1]" stats="&{Timings:{EvalTotalTime:0.000427625 ResultSortTime:1.792e-06 QueryPreparationTime:1.2125e-05 InnerEvalTime:0.000344958 ExecQueueTime:1.541e-06 ExecTotalTime:0.000433042} Samples:0x1400189f770}" spanID=0000000000000000
time=2026-08-02T15:51:46.727-07:00 level=WARN msg="Query returned multiple series, only first will be used" test=archv2-nxm-batched tool=conduit-v2 collector=conduit type=conduit collector=conduit type=conduit series-count=2
time=2026-08-02T15:51:46.727-07:00 level=DEBUG msg="Query returned data" test=archv2-nxm-batched tool=conduit-v2 collector=conduit type=conduit collector=conduit type=conduit name=msg-megabytes-in-per-second[archv2-nxm-batched] series-count=1 last-value=0.8367385864257812
time=2026-08-02T15:51:46.728-07:00 level=DEBUG msg="promql query logged" test=archv2-nxm-batched tool=conduit-v2 collector=conduit type=conduit collector=conduit type=conduit params="map[end:2026-08-02T22:51:46.728Z query:rate(conduit_connector_bytes_sum{pipeline_name=\"archv2-nxm-batched\",type=\"destination\"}[2s])/1048576 start:2026-08-02T22:50:51.726Z step:1]" stats="&{Timings:{EvalTotalTime:0.000129875 ResultSortTime:7.91e-07 QueryPreparationTime:1.275e-05 InnerEvalTime:0.0001115 ExecQueueTime:1.208e-06 ExecTotalTime:0.000133167} Samples:0x14001758c90}" spanID=0000000000000000
time=2026-08-02T15:51:46.728-07:00 level=WARN msg="Query returned multiple series, only first will be used" test=archv2-nxm-batched tool=conduit-v2 collector=conduit type=conduit collector=conduit type=conduit series-count=2
time=2026-08-02T15:51:46.728-07:00 level=DEBUG msg="Query returned data" test=archv2-nxm-batched tool=conduit-v2 collector=conduit type=conduit collector=conduit type=conduit name=msg-megabytes-out-per-second[archv2-nxm-batched] series-count=1 last-value=1.6931686401367188
time=2026-08-02T15:51:47.032-07:00 level=DEBUG msg="Inspecting container" model=container-monitor name=benchi-conduit
time=2026-08-02T15:51:47.540-07:00 level=DEBUG msg="Inspecting container" model=container-monitor name=benchi-conduit
time=2026-08-02T15:51:47.728-07:00 level=DEBUG msg="promql query logged" test=archv2-nxm-batched tool=conduit-v2 collector=conduit type=conduit collector=conduit type=conduit params="map[end:2026-08-02T22:51:47.728Z query:rate(conduit_pipeline_execution_duration_seconds_count{pipeline_name=\"archv2-nxm-batched\"}[2s]) start:2026-08-02T22:50:51.726Z step:1]" stats="&{Timings:{EvalTotalTime:7.0791e-05 ResultSortTime:5.83e-07 QueryPreparationTime:2.025e-05 InnerEvalTime:4.3958e-05 ExecQueueTime:3.458e-06 ExecTotalTime:7.6042e-05} Samples:0x140014845d0}" spanID=0000000000000000
time=2026-08-02T15:51:47.728-07:00 level=DEBUG msg="Query returned data" test=archv2-nxm-batched tool=conduit-v2 collector=conduit type=conduit collector=conduit type=conduit name=msg-rate-per-second[archv2-nxm-batched] series-count=1 last-value=55899
time=2026-08-02T15:51:47.729-07:00 level=DEBUG msg="promql query logged" test=archv2-nxm-batched tool=conduit-v2 collector=conduit type=conduit collector=conduit type=conduit params="map[end:2026-08-02T22:51:47.728Z query:rate(conduit_connector_bytes_sum{pipeline_name=\"archv2-nxm-batched\",type=\"source\"}[2s])/1048576 start:2026-08-02T22:50:51.726Z step:1]" stats="&{Timings:{EvalTotalTime:0.000148084 ResultSortTime:1.625e-06 QueryPreparationTime:1.8541e-05 InnerEvalTime:0.000121042 ExecQueueTime:3.375e-06 ExecTotalTime:0.000154042} Samples:0x14001484c90}" spanID=0000000000000000
time=2026-08-02T15:51:47.730-07:00 level=WARN msg="Query returned multiple series, only first will be used" test=archv2-nxm-batched tool=conduit-v2 collector=conduit type=conduit collector=conduit type=conduit series-count=2
time=2026-08-02T15:51:47.730-07:00 level=DEBUG msg="Query returned data" test=archv2-nxm-batched tool=conduit-v2 collector=conduit type=conduit collector=conduit type=conduit name=msg-megabytes-in-per-second[archv2-nxm-batched] series-count=1 last-value=0.7857685089111328
time=2026-08-02T15:51:47.730-07:00 level=DEBUG msg="promql query logged" test=archv2-nxm-batched tool=conduit-v2 collector=conduit type=conduit collector=conduit type=conduit params="map[end:2026-08-02T22:51:47.730Z query:rate(conduit_connector_bytes_sum{pipeline_name=\"archv2-nxm-batched\",type=\"destination\"}[2s])/1048576 start:2026-08-02T22:50:51.726Z step:1]" stats="&{Timings:{EvalTotalTime:0.000142625 ResultSortTime:1.166e-06 QueryPreparationTime:1.9375e-05 InnerEvalTime:0.000115167 ExecQueueTime:3.001e-06 ExecTotalTime:0.000149416} Samples:0x140014105a0}" spanID=0000000000000000
time=2026-08-02T15:51:47.730-07:00 level=WARN msg="Query returned multiple series, only first will be used" test=archv2-nxm-batched tool=conduit-v2 collector=conduit type=conduit collector=conduit type=conduit series-count=2
time=2026-08-02T15:51:47.730-07:00 level=DEBUG msg="Query returned data" test=archv2-nxm-batched tool=conduit-v2 collector=conduit type=conduit collector=conduit type=conduit name=msg-megabytes-out-per-second[archv2-nxm-batched] series-count=1 last-value=1.5801496505737305
time=2026-08-02T15:51:48.049-07:00 level=DEBUG msg="Inspecting container" model=container-monitor name=benchi-conduit
time=2026-08-02T15:51:48.563-07:00 level=DEBUG msg="Inspecting container" model=container-monitor name=benchi-conduit
time=2026-08-02T15:51:48.727-07:00 level=DEBUG msg="promql query logged" test=archv2-nxm-batched tool=conduit-v2 collector=conduit type=conduit collector=conduit type=conduit params="map[end:2026-08-02T22:51:48.727Z query:rate(conduit_pipeline_execution_duration_seconds_count{pipeline_name=\"archv2-nxm-batched\"}[2s]) start:2026-08-02T22:50:51.726Z step:1]" stats="&{Timings:{EvalTotalTime:5.9625e-05 ResultSortTime:4.16e-07 QueryPreparationTime:1.6416e-05 InnerEvalTime:3.5916e-05 ExecQueueTime:2.542e-06 ExecTotalTime:6.525e-05} Samples:0x14001399dd0}" spanID=0000000000000000
time=2026-08-02T15:51:48.727-07:00 level=DEBUG msg="Query returned data" test=archv2-nxm-batched tool=conduit-v2 collector=conduit type=conduit collector=conduit type=conduit name=msg-rate-per-second[archv2-nxm-batched] series-count=1 last-value=54658.7064676617
time=2026-08-02T15:51:48.727-07:00 level=DEBUG msg="promql query logged" test=archv2-nxm-batched tool=conduit-v2 collector=conduit type=conduit collector=conduit type=conduit params="map[end:2026-08-02T22:51:48.727Z query:rate(conduit_connector_bytes_sum{pipeline_name=\"archv2-nxm-batched\",type=\"source\"}[2s])/1048576 start:2026-08-02T22:50:51.726Z step:1]" stats="&{Timings:{EvalTotalTime:9.9583e-05 ResultSortTime:1.125e-06 QueryPreparationTime:8.333e-06 InnerEvalTime:8.5125e-05 ExecQueueTime:1.041e-06 ExecTotalTime:0.000102542} Samples:0x140013c2510}" spanID=0000000000000000
time=2026-08-02T15:51:48.727-07:00 level=WARN msg="Query returned multiple series, only first will be used" test=archv2-nxm-batched tool=conduit-v2 collector=conduit type=conduit collector=conduit type=conduit series-count=2
time=2026-08-02T15:51:48.727-07:00 level=DEBUG msg="Query returned data" test=archv2-nxm-batched tool=conduit-v2 collector=conduit type=conduit collector=conduit type=conduit name=msg-megabytes-in-per-second[archv2-nxm-batched] series-count=1 last-value=0.7733833730517337
time=2026-08-02T15:51:48.728-07:00 level=DEBUG msg="promql query logged" test=archv2-nxm-batched tool=conduit-v2 collector=conduit type=conduit collector=conduit type=conduit params="map[end:2026-08-02T22:51:48.728Z query:rate(conduit_connector_bytes_sum{pipeline_name=\"archv2-nxm-batched\",type=\"destination\"}[2s])/1048576 start:2026-08-02T22:50:51.726Z step:1]" stats="&{Timings:{EvalTotalTime:0.000345583 ResultSortTime:9.16e-07 QueryPreparationTime:0.000198959 InnerEvalTime:0.000137834 ExecQueueTime:1.292e-06 ExecTotalTime:0.00034925} Samples:0x1400161ade0}" spanID=0000000000000000
time=2026-08-02T15:51:48.728-07:00 level=WARN msg="Query returned multiple series, only first will be used" test=archv2-nxm-batched tool=conduit-v2 collector=conduit type=conduit collector=conduit type=conduit series-count=2
time=2026-08-02T15:51:48.728-07:00 level=DEBUG msg="Query returned data" test=archv2-nxm-batched tool=conduit-v2 collector=conduit type=conduit collector=conduit type=conduit name=msg-megabytes-out-per-second[archv2-nxm-batched] series-count=1 last-value=1.544256827131433
time=2026-08-02T15:51:49.076-07:00 level=DEBUG msg="Inspecting container" model=container-monitor name=benchi-conduit
time=2026-08-02T15:51:49.588-07:00 level=DEBUG msg="Inspecting container" model=container-monitor name=benchi-conduit
time=2026-08-02T15:51:49.729-07:00 level=DEBUG msg="promql query logged" test=archv2-nxm-batched tool=conduit-v2 collector=conduit type=conduit collector=conduit type=conduit params="map[end:2026-08-02T22:51:49.728Z query:rate(conduit_pipeline_execution_duration_seconds_count{pipeline_name=\"archv2-nxm-batched\"}[2s]) start:2026-08-02T22:50:51.726Z step:1]" stats="&{Timings:{EvalTotalTime:6.9334e-05 ResultSortTime:5.41e-07 QueryPreparationTime:1.9917e-05 InnerEvalTime:4.3292e-05 ExecQueueTime:2.667e-06 ExecTotalTime:7.5875e-05} Samples:0x140016b7bc0}" spanID=0000000000000000
time=2026-08-02T15:51:49.729-07:00 level=DEBUG msg="Query returned data" test=archv2-nxm-batched tool=conduit-v2 collector=conduit type=conduit collector=conduit type=conduit name=msg-rate-per-second[archv2-nxm-batched] series-count=1 last-value=58482.4120603015
time=2026-08-02T15:51:49.729-07:00 level=DEBUG msg="promql query logged" test=archv2-nxm-batched tool=conduit-v2 collector=conduit type=conduit collector=conduit type=conduit params="map[end:2026-08-02T22:51:49.729Z query:rate(conduit_connector_bytes_sum{pipeline_name=\"archv2-nxm-batched\",type=\"source\"}[2s])/1048576 start:2026-08-02T22:50:51.726Z step:1]" stats="&{Timings:{EvalTotalTime:0.000148333 ResultSortTime:1.209e-06 QueryPreparationTime:9.542e-06 InnerEvalTime:0.000131208 ExecQueueTime:1.25e-06 ExecTotalTime:0.000152125} Samples:0x140016fc300}" spanID=0000000000000000
time=2026-08-02T15:51:49.729-07:00 level=WARN msg="Query returned multiple series, only first will be used" test=archv2-nxm-batched tool=conduit-v2 collector=conduit type=conduit collector=conduit type=conduit series-count=2
time=2026-08-02T15:51:49.729-07:00 level=DEBUG msg="Query returned data" test=archv2-nxm-batched tool=conduit-v2 collector=conduit type=conduit collector=conduit type=conduit name=msg-megabytes-in-per-second[archv2-nxm-batched] series-count=1 last-value=0.8249589546241951
time=2026-08-02T15:51:49.730-07:00 level=DEBUG msg="promql query logged" test=archv2-nxm-batched tool=conduit-v2 collector=conduit type=conduit collector=conduit type=conduit params="map[end:2026-08-02T22:51:49.729Z query:rate(conduit_connector_bytes_sum{pipeline_name=\"archv2-nxm-batched\",type=\"destination\"}[2s])/1048576 start:2026-08-02T22:50:51.726Z step:1]" stats="&{Timings:{EvalTotalTime:0.000104334 ResultSortTime:5.84e-07 QueryPreparationTime:1.0458e-05 InnerEvalTime:8.9167e-05 ExecQueueTime:1.834e-06 ExecTotalTime:0.000107667} Samples:0x140014f5650}" spanID=0000000000000000
time=2026-08-02T15:51:49.730-07:00 level=WARN msg="Query returned multiple series, only first will be used" test=archv2-nxm-batched tool=conduit-v2 collector=conduit type=conduit collector=conduit type=conduit series-count=2
time=2026-08-02T15:51:49.730-07:00 level=DEBUG msg="Query returned data" test=archv2-nxm-batched tool=conduit-v2 collector=conduit type=conduit collector=conduit type=conduit name=msg-megabytes-out-per-second[archv2-nxm-batched] series-count=1 last-value=1.6560645558726248
time=2026-08-02T15:51:50.096-07:00 level=DEBUG msg="Inspecting container" model=container-monitor name=benchi-conduit
time=2026-08-02T15:51:50.610-07:00 level=DEBUG msg="Inspecting container" model=container-monitor name=benchi-conduit
time=2026-08-02T15:51:50.728-07:00 level=DEBUG msg="promql query logged" test=archv2-nxm-batched tool=conduit-v2 collector=conduit type=conduit collector=conduit type=conduit params="map[end:2026-08-02T22:51:50.728Z query:rate(conduit_pipeline_execution_duration_seconds_count{pipeline_name=\"archv2-nxm-batched\"}[2s]) start:2026-08-02T22:50:51.726Z step:1]" stats="&{Timings:{EvalTotalTime:5.55e-05 ResultSortTime:7.08e-07 QueryPreparationTime:1.5042e-05 InnerEvalTime:3.4833e-05 ExecQueueTime:2.958e-06 ExecTotalTime:6.0291e-05} Samples:0x14001379830}" spanID=0000000000000000
time=2026-08-02T15:51:50.728-07:00 level=DEBUG msg="Query returned data" test=archv2-nxm-batched tool=conduit-v2 collector=conduit type=conduit collector=conduit type=conduit name=msg-rate-per-second[archv2-nxm-batched] series-count=1 last-value=57674
time=2026-08-02T15:51:50.728-07:00 level=DEBUG msg="promql query logged" test=archv2-nxm-batched tool=conduit-v2 collector=conduit type=conduit collector=conduit type=conduit params="map[end:2026-08-02T22:51:50.728Z query:rate(conduit_connector_bytes_sum{pipeline_name=\"archv2-nxm-batched\",type=\"source\"}[2s])/1048576 start:2026-08-02T22:50:51.726Z step:1]" stats="&{Timings:{EvalTotalTime:0.00012325 ResultSortTime:9.59e-07 QueryPreparationTime:8.041e-06 InnerEvalTime:0.00010875 ExecQueueTime:1.209e-06 ExecTotalTime:0.000126542} Samples:0x14001379ef0}" spanID=0000000000000000
time=2026-08-02T15:51:50.728-07:00 level=WARN msg="Query returned multiple series, only first will be used" test=archv2-nxm-batched tool=conduit-v2 collector=conduit type=conduit collector=conduit type=conduit series-count=2
time=2026-08-02T15:51:50.729-07:00 level=DEBUG msg="Query returned data" test=archv2-nxm-batched tool=conduit-v2 collector=conduit type=conduit collector=conduit type=conduit name=msg-megabytes-in-per-second[archv2-nxm-batched] series-count=1 last-value=0.7940559387207031
time=2026-08-02T15:51:50.729-07:00 level=DEBUG msg="promql query logged" test=archv2-nxm-batched tool=conduit-v2 collector=conduit type=conduit collector=conduit type=conduit params="map[end:2026-08-02T22:51:50.729Z query:rate(conduit_connector_bytes_sum{pipeline_name=\"archv2-nxm-batched\",type=\"destination\"}[2s])/1048576 start:2026-08-02T22:50:51.726Z step:1]" stats="&{Timings:{EvalTotalTime:0.000142208 ResultSortTime:8.33e-07 QueryPreparationTime:1.0375e-05 InnerEvalTime:0.000125875 ExecQueueTime:1.917e-06 ExecTotalTime:0.000145708} Samples:0x1400180dd70}" spanID=0000000000000000
time=2026-08-02T15:51:50.730-07:00 level=WARN msg="Query returned multiple series, only first will be used" test=archv2-nxm-batched tool=conduit-v2 collector=conduit type=conduit collector=conduit type=conduit series-count=2
time=2026-08-02T15:51:50.730-07:00 level=DEBUG msg="Query returned data" test=archv2-nxm-batched tool=conduit-v2 collector=conduit type=conduit collector=conduit type=conduit name=msg-megabytes-out-per-second[archv2-nxm-batched] series-count=1 last-value=1.6281461715698242
time=2026-08-02T15:51:51.115-07:00 level=DEBUG msg="Inspecting container" model=container-monitor name=benchi-conduit
time=2026-08-02T15:51:51.632-07:00 level=DEBUG msg="Inspecting container" model=container-monitor name=benchi-conduit
time=2026-08-02T15:51:51.728-07:00 level=INFO msg="Test in progress" test=archv2-nxm-batched tool=conduit-v2 step=test time-left=0s
time=2026-08-02T15:51:51.728-07:00 level=DEBUG msg="promql query logged" test=archv2-nxm-batched tool=conduit-v2 collector=conduit type=conduit collector=conduit type=conduit params="map[end:2026-08-02T22:51:51.728Z query:rate(conduit_pipeline_execution_duration_seconds_count{pipeline_name=\"archv2-nxm-batched\"}[2s]) start:2026-08-02T22:50:51.726Z step:1]" stats="&{Timings:{EvalTotalTime:5.8e-05 ResultSortTime:3.75e-07 QueryPreparationTime:1.7041e-05 InnerEvalTime:3.5708e-05 ExecQueueTime:2.251e-06 ExecTotalTime:6.3042e-05} Samples:0x140018945a0}" spanID=0000000000000000
time=2026-08-02T15:51:51.728-07:00 level=DEBUG msg="Query returned data" test=archv2-nxm-batched tool=conduit-v2 collector=conduit type=conduit collector=conduit type=conduit name=msg-rate-per-second[archv2-nxm-batched] series-count=1 last-value=62393
time=2026-08-02T15:51:51.729-07:00 level=DEBUG msg="promql query logged" test=archv2-nxm-batched tool=conduit-v2 collector=conduit type=conduit collector=conduit type=conduit params="map[end:2026-08-02T22:51:51.728Z query:rate(conduit_connector_bytes_sum{pipeline_name=\"archv2-nxm-batched\",type=\"source\"}[2s])/1048576 start:2026-08-02T22:50:51.726Z step:1]" stats="&{Timings:{EvalTotalTime:0.000111084 ResultSortTime:9.58e-07 QueryPreparationTime:7.708e-06 InnerEvalTime:9.8084e-05 ExecQueueTime:1.167e-06 ExecTotalTime:0.000113708} Samples:0x14001894c60}" spanID=0000000000000000
time=2026-08-02T15:51:51.729-07:00 level=WARN msg="Query returned multiple series, only first will be used" test=archv2-nxm-batched tool=conduit-v2 collector=conduit type=conduit collector=conduit type=conduit series-count=2
time=2026-08-02T15:51:51.729-07:00 level=DEBUG msg="Query returned data" test=archv2-nxm-batched tool=conduit-v2 collector=conduit type=conduit collector=conduit type=conduit name=msg-megabytes-in-per-second[archv2-nxm-batched] series-count=1 last-value=0.8793859481811523
time=2026-08-02T15:51:51.729-07:00 level=DEBUG msg="promql query logged" test=archv2-nxm-batched tool=conduit-v2 collector=conduit type=conduit collector=conduit type=conduit params="map[end:2026-08-02T22:51:51.729Z query:rate(conduit_connector_bytes_sum{pipeline_name=\"archv2-nxm-batched\",type=\"destination\"}[2s])/1048576 start:2026-08-02T22:50:51.726Z step:1]" stats="&{Timings:{EvalTotalTime:0.000108416 ResultSortTime:7.92e-07 QueryPreparationTime:9.625e-06 InnerEvalTime:9.375e-05 ExecQueueTime:2.292e-06 ExecTotalTime:0.000112958} Samples:0x140019a45d0}" spanID=0000000000000000
time=2026-08-02T15:51:51.729-07:00 level=WARN msg="Query returned multiple series, only first will be used" test=archv2-nxm-batched tool=conduit-v2 collector=conduit type=conduit collector=conduit type=conduit series-count=2
time=2026-08-02T15:51:51.729-07:00 level=DEBUG msg="Query returned data" test=archv2-nxm-batched tool=conduit-v2 collector=conduit type=conduit collector=conduit type=conduit name=msg-megabytes-out-per-second[archv2-nxm-batched] series-count=1 last-value=1.7676191329956055
time=2026-08-02T15:51:52.141-07:00 level=DEBUG msg="Inspecting container" model=container-monitor name=benchi-conduit
time=2026-08-02T15:51:52.234-07:00 level=INFO msg="Step successful" test=archv2-nxm-batched tool=conduit-v2 step=test
time=2026-08-02T15:51:52.235-07:00 level=INFO msg="Running step" test=archv2-nxm-batched tool=conduit-v2 step=post-test
time=2026-08-02T15:51:52.235-07:00 level=INFO msg="Exporting metrics" test=archv2-nxm-batched tool=conduit-v2 step=post-test collector=conduit path=/Users/devarisbrown/Code/projects/conduit/benchi/archv2-nxm-batched/results/r1/archv2-nxm-batched_conduit-v2/conduit.csv
time=2026-08-02T15:51:52.235-07:00 level=INFO msg="Exporting metrics" test=archv2-nxm-batched tool=conduit-v2 step=post-test collector=docker path=/Users/devarisbrown/Code/projects/conduit/benchi/archv2-nxm-batched/results/r1/archv2-nxm-batched_conduit-v2/docker.csv
time=2026-08-02T15:51:52.236-07:00 level=DEBUG msg="Running hooks" test=archv2-nxm-batched tool=conduit-v2 step=post-test count=0
time=2026-08-02T15:51:52.236-07:00 level=INFO msg="Step successful" test=archv2-nxm-batched tool=conduit-v2 step=post-test
time=2026-08-02T15:51:52.236-07:00 level=INFO msg="Running step" test=archv2-nxm-batched tool=conduit-v2 step=pre-cleanup
time=2026-08-02T15:51:52.236-07:00 level=DEBUG msg="Running hooks" test=archv2-nxm-batched tool=conduit-v2 step=pre-cleanup count=0
time=2026-08-02T15:51:52.236-07:00 level=INFO msg="Step successful" test=archv2-nxm-batched tool=conduit-v2 step=pre-cleanup
time=2026-08-02T15:51:52.236-07:00 level=INFO msg="Running step" test=archv2-nxm-batched tool=conduit-v2 step=cleanup
time=2026-08-02T15:51:52.236-07:00 level=INFO msg="Stopping containers" test=archv2-nxm-batched tool=conduit-v2 step=tool
time=2026-08-02T15:51:52.236-07:00 level=DEBUG msg="Executing command" command="/usr/local/bin/docker compose -f ./tools/compose-conduit-v2.yml down"
time=2026-08-02T15:51:52.595-07:00 level=INFO msg="Step successful" test=archv2-nxm-batched tool=conduit-v2 step=cleanup
time=2026-08-02T15:51:52.596-07:00 level=INFO msg="Running step" test=archv2-nxm-batched tool=conduit-v2 step=post-cleanup
time=2026-08-02T15:51:52.596-07:00 level=DEBUG msg="Running hooks" test=archv2-nxm-batched tool=conduit-v2 step=post-cleanup count=0
time=2026-08-02T15:51:52.596-07:00 level=INFO msg="Step successful" test=archv2-nxm-batched tool=conduit-v2 step=post-cleanup
time=2026-08-02T15:51:52.597-07:00 level=INFO msg="Exporting aggregated metrics" path=/Users/devarisbrown/Code/projects/conduit/benchi/archv2-nxm-batched/results/r1/aggregated-results.csv
time=2026-08-02T15:51:52.597-07:00 level=INFO msg="Removing docker network" network=benchi
time=2026-08-02T15:51:52.597-07:00 level=INFO msg="Removing network" network=benchi
time=2026-08-02T15:51:52.652-07:00 level=DEBUG msg="Inspecting container" model=container-monitor name=benchi-conduit
time=2026-08-02T15:51:52.657-07:00 level=DEBUG msg="Container not found" model=container-monitor name=benchi-conduit
time=2026-08-02T15:51:52.783-07:00 level=INFO msg="Network removed" network=benchi
