time=2026-08-02T15:43:15.156-07:00 level=INFO msg="Results directory" path=/Users/devarisbrown/Code/projects/conduit/benchi/archv2-nxm/results/r1
time=2026-08-02T15:43:15.156-07:00 level=INFO msg="Config file" path=/Users/devarisbrown/Code/projects/conduit/benchi/archv2-nxm/bench.yml
time=2026-08-02T15:43:15.157-07:00 level=INFO msg="Parsed config" path=/Users/devarisbrown/Code/projects/conduit/benchi/archv2-nxm/bench.yml
time=2026-08-02T15:43:15.157-07:00 level=INFO msg="Creating docker client"
time=2026-08-02T15:43:15.164-07:00 level=INFO msg="Creating docker network" network=benchi
time=2026-08-02T15:43:15.169-07:00 level=INFO msg="Docker network not found, creating it" network=benchi
time=2026-08-02T15:43:16.225-07:00 level=INFO msg="Network created" network-id=2faf2994e6a1b1eea18323cc4b8ef650ab46814fae781b0f9ad8a416d7e7fe67
time=2026-08-02T15:43:16.232-07:00 level=INFO msg="Using network" network=benchi network-id=2faf2994e6a1b1eea18323cc4b8ef650ab46814fae781b0f9ad8a416d7e7fe67
time=2026-08-02T15:43:16.232-07:00 level=DEBUG msg="Executing command" command="/usr/local/bin/docker compose -f ./tools/compose-conduit-v1.yml config --format json"
time=2026-08-02T15:43:16.332-07:00 level=INFO msg="Replaying on-disk memory mappable chunks if any" test=archv2-nxm tool=conduit-v1 collector=conduit type=conduit collector=conduit type=conduit collector.prometheus=tsdb
time=2026-08-02T15:43:16.332-07:00 level=INFO msg="On-disk memory mappable chunks replay completed" test=archv2-nxm tool=conduit-v1 collector=conduit type=conduit collector=conduit type=conduit collector.prometheus=tsdb duration=5.792µs
time=2026-08-02T15:43:16.332-07:00 level=INFO msg="Replaying WAL, this may take a while" test=archv2-nxm tool=conduit-v1 collector=conduit type=conduit collector=conduit type=conduit collector.prometheus=tsdb
time=2026-08-02T15:43:16.332-07:00 level=INFO msg="WAL segment loaded" test=archv2-nxm tool=conduit-v1 collector=conduit type=conduit collector=conduit type=conduit collector.prometheus=tsdb segment=0 maxSegment=0
time=2026-08-02T15:43:16.332-07:00 level=INFO msg="WAL replay completed" test=archv2-nxm tool=conduit-v1 collector=conduit type=conduit collector=conduit type=conduit collector.prometheus=tsdb checkpoint_replay_duration=128.084µs wal_replay_duration=305.583µs wbl_replay_duration=250ns chunk_snapshot_load_duration=0s mmap_chunk_replay_duration=5.792µs total_replay_duration=514.459µs
time=2026-08-02T15:43:16.359-07:00 level=DEBUG msg="Lookback delta is zero, setting to default value" test=archv2-nxm tool=conduit-v1 collector=conduit type=conduit collector=conduit type=conduit collector.prometheus="query engine" value=5m0s
time=2026-08-02T15:43:16.359-07:00 level=DEBUG msg="Executing command" command="/usr/local/bin/docker compose -f ./tools/compose-conduit-v2.yml config --format json"
time=2026-08-02T15:43:16.461-07:00 level=INFO msg="Replaying on-disk memory mappable chunks if any" test=archv2-nxm tool=conduit-v2 collector=conduit type=conduit collector=conduit type=conduit collector.prometheus=tsdb
time=2026-08-02T15:43:16.461-07:00 level=INFO msg="On-disk memory mappable chunks replay completed" test=archv2-nxm tool=conduit-v2 collector=conduit type=conduit collector=conduit type=conduit collector.prometheus=tsdb duration=5.292µs
time=2026-08-02T15:43:16.461-07:00 level=INFO msg="Replaying WAL, this may take a while" test=archv2-nxm tool=conduit-v2 collector=conduit type=conduit collector=conduit type=conduit collector.prometheus=tsdb
time=2026-08-02T15:43:16.463-07:00 level=INFO msg="WAL segment loaded" test=archv2-nxm tool=conduit-v2 collector=conduit type=conduit collector=conduit type=conduit collector.prometheus=tsdb segment=0 maxSegment=0
time=2026-08-02T15:43:16.463-07:00 level=INFO msg="WAL replay completed" test=archv2-nxm tool=conduit-v2 collector=conduit type=conduit collector=conduit type=conduit collector.prometheus=tsdb checkpoint_replay_duration=1.086166ms wal_replay_duration=252.541µs wbl_replay_duration=166ns chunk_snapshot_load_duration=0s mmap_chunk_replay_duration=5.292µs total_replay_duration=1.450375ms
time=2026-08-02T15:43:16.467-07:00 level=DEBUG msg="Lookback delta is zero, setting to default value" test=archv2-nxm tool=conduit-v2 collector=conduit type=conduit collector=conduit type=conduit collector.prometheus="query engine" value=5m0s
time=2026-08-02T15:43:16.467-07:00 level=INFO msg="Running step" test=archv2-nxm tool=conduit-v1 step=pre-infrastructure
time=2026-08-02T15:43:16.467-07:00 level=INFO msg="Pulling docker images for tool containers" test=archv2-nxm tool=conduit-v1 step=pre-infrastructure containers=[benchi-conduit]
time=2026-08-02T15:43:16.468-07:00 level=DEBUG msg="Executing command" command="/usr/local/bin/docker compose -f ./tools/compose-conduit-v1.yml pull"
time=2026-08-02T15:43:16.572-07:00 level=INFO msg="Pulling docker images for hooks" test=archv2-nxm tool=conduit-v1 step=pre-infrastructure images=[]
time=2026-08-02T15:43:16.572-07:00 level=DEBUG msg="Running hooks" test=archv2-nxm tool=conduit-v1 step=pre-infrastructure count=0
time=2026-08-02T15:43:16.573-07:00 level=INFO msg="Step successful" test=archv2-nxm tool=conduit-v1 step=pre-infrastructure
time=2026-08-02T15:43:16.573-07:00 level=INFO msg="Running step" test=archv2-nxm tool=conduit-v1 step=infrastructure
time=2026-08-02T15:43:16.573-07:00 level=INFO msg="No infrastructure to start" test=archv2-nxm tool=conduit-v1 step=infrastructure
time=2026-08-02T15:43:16.573-07:00 level=INFO msg="Step successful" test=archv2-nxm tool=conduit-v1 step=infrastructure
time=2026-08-02T15:43:16.573-07:00 level=INFO msg="Running step" test=archv2-nxm tool=conduit-v1 step=post-infrastructure
time=2026-08-02T15:43:16.573-07:00 level=DEBUG msg="Running hooks" test=archv2-nxm tool=conduit-v1 step=post-infrastructure count=0
time=2026-08-02T15:43:16.573-07:00 level=INFO msg="Step successful" test=archv2-nxm tool=conduit-v1 step=post-infrastructure
time=2026-08-02T15:43:16.573-07:00 level=INFO msg="Running step" test=archv2-nxm tool=conduit-v1 step=pre-tool
time=2026-08-02T15:43:16.573-07:00 level=DEBUG msg="Running hooks" test=archv2-nxm tool=conduit-v1 step=pre-tool count=0
time=2026-08-02T15:43:16.573-07:00 level=INFO msg="Step successful" test=archv2-nxm tool=conduit-v1 step=pre-tool
time=2026-08-02T15:43:16.573-07:00 level=INFO msg="Running step" test=archv2-nxm tool=conduit-v1 step=tool
time=2026-08-02T15:43:16.573-07:00 level=INFO msg="Waiting for container status to be healthy" test=archv2-nxm tool=conduit-v1 step=tool container=benchi-conduit status=N/A
time=2026-08-02T15:43:16.574-07:00 level=DEBUG msg="Executing command" command="/usr/local/bin/docker compose -f ./tools/compose-conduit-v1.yml up"
time=2026-08-02T15:43:16.968-07:00 level=DEBUG msg="Inspecting container" model=container-monitor name=benchi-conduit
time=2026-08-02T15:43:17.473-07:00 level=DEBUG msg="Inspecting container" model=container-monitor name=benchi-conduit
time=2026-08-02T15:43:17.578-07:00 level=DEBUG msg="Inspected container" test=archv2-nxm tool=conduit-v1 step=tool container=benchi-conduit response="{ContainerJSONBase:0x140005ada20 Mounts:[{Type:bind Name: Source:/Users/devarisbrown/Code/projects/conduit/benchi/archv2-nxm/pipeline.yml Destination:/app/pipelines/pipeline.yml Driver: Mode:rw RW:true Propagation:rprivate}] Config:0x140007203c0 NetworkSettings:0x14000695100 ImageManifestDescriptor:<nil>}" state="{Status:running Running:true Paused:false Restarting:false OOMKilled:false Dead:false Pid:86013 ExitCode:0 Error: StartedAt:2026-08-02T22:43:16.787856636Z FinishedAt:0001-01-01T00:00:00Z Health:<nil>}"
time=2026-08-02T15:43:17.578-07:00 level=INFO msg="Container is running (consider adding a health check!)" test=archv2-nxm tool=conduit-v1 step=tool container=/benchi-conduit
time=2026-08-02T15:43:17.578-07:00 level=INFO msg="Tools started" test=archv2-nxm tool=conduit-v1 step=tool
time=2026-08-02T15:43:17.578-07:00 level=INFO msg="Step successful" test=archv2-nxm tool=conduit-v1 step=tool
time=2026-08-02T15:43:17.578-07:00 level=INFO msg="Running step" test=archv2-nxm tool=conduit-v1 step=post-tool
time=2026-08-02T15:43:17.578-07:00 level=DEBUG msg="Running hooks" test=archv2-nxm tool=conduit-v1 step=post-tool count=0
time=2026-08-02T15:43:17.578-07:00 level=INFO msg="Step successful" test=archv2-nxm tool=conduit-v1 step=post-tool
time=2026-08-02T15:43:17.578-07:00 level=INFO msg="Running step" test=archv2-nxm tool=conduit-v1 step=pre-test
time=2026-08-02T15:43:17.578-07:00 level=DEBUG msg="Running hooks" test=archv2-nxm tool=conduit-v1 step=pre-test count=0
time=2026-08-02T15:43:17.578-07:00 level=INFO msg="Step successful" test=archv2-nxm tool=conduit-v1 step=pre-test
time=2026-08-02T15:43:17.579-07:00 level=INFO msg="Running step" test=archv2-nxm tool=conduit-v1 step=test
time=2026-08-02T15:43:17.579-07:00 level=INFO msg="Running collector" test=archv2-nxm tool=conduit-v1 step=test name=docker type=docker
time=2026-08-02T15:43:17.579-07:00 level=INFO msg="Running collector" test=archv2-nxm tool=conduit-v1 step=test name=conduit type=conduit
time=2026-08-02T15:43:17.579-07:00 level=DEBUG msg="Collecting stats" test=archv2-nxm tool=conduit-v1 collector=docker type=docker collector=docker type=docker container=benchi-conduit
time=2026-08-02T15:43:17.579-07:00 level=INFO msg="Test in progress" test=archv2-nxm tool=conduit-v1 step=test time-left=1m0s
time=2026-08-02T15:43:17.987-07:00 level=DEBUG msg="Inspecting container" model=container-monitor name=benchi-conduit
time=2026-08-02T15:43:18.504-07:00 level=DEBUG msg="Inspecting container" model=container-monitor name=benchi-conduit
time=2026-08-02T15:43:18.579-07:00 level=DEBUG msg="promql query logged" test=archv2-nxm tool=conduit-v1 collector=conduit type=conduit collector=conduit type=conduit params="map[end:2026-08-02T22:43:18.579Z query:rate(conduit_pipeline_execution_duration_seconds_count{pipeline_name=\"archv2-nxm\"}[2s]) start:2026-08-02T22:43:17.579Z step:1]" stats="&{Timings:{EvalTotalTime:0.000211542 ResultSortTime:7.91e-07 QueryPreparationTime:6.0167e-05 InnerEvalTime:0.000121458 ExecQueueTime:4.958e-06 ExecTotalTime:0.000221709} Samples:0x14001286b10}" spanID=0000000000000000
time=2026-08-02T15:43:18.580-07:00 level=DEBUG msg="No data returned from query" test=archv2-nxm tool=conduit-v1 collector=conduit type=conduit collector=conduit type=conduit
time=2026-08-02T15:43:18.580-07:00 level=DEBUG msg="promql query logged" test=archv2-nxm tool=conduit-v1 collector=conduit type=conduit collector=conduit type=conduit params="map[end:2026-08-02T22:43:18.580Z query:rate(conduit_connector_bytes_sum{pipeline_name=\"archv2-nxm\",type=\"source\"}[2s])/1048576 start:2026-08-02T22:43:17.579Z step:1]" stats="&{Timings:{EvalTotalTime:8.8916e-05 ResultSortTime:3.33e-07 QueryPreparationTime:1.1041e-05 InnerEvalTime:7.4792e-05 ExecQueueTime:1.417e-06 ExecTotalTime:9.1708e-05} Samples:0x14001287200}" spanID=0000000000000000
time=2026-08-02T15:43:18.580-07:00 level=DEBUG msg="No data returned from query" test=archv2-nxm tool=conduit-v1 collector=conduit type=conduit collector=conduit type=conduit
time=2026-08-02T15:43:18.580-07:00 level=DEBUG msg="promql query logged" test=archv2-nxm tool=conduit-v1 collector=conduit type=conduit collector=conduit type=conduit params="map[end:2026-08-02T22:43:18.580Z query:rate(conduit_connector_bytes_sum{pipeline_name=\"archv2-nxm\",type=\"destination\"}[2s])/1048576 start:2026-08-02T22:43:17.579Z step:1]" stats="&{Timings:{EvalTotalTime:1.4375e-05 ResultSortTime:4.2e-08 QueryPreparationTime:3.458e-06 InnerEvalTime:9.375e-06 ExecQueueTime:4.58e-07 ExecTotalTime:1.625e-05} Samples:0x140012878c0}" spanID=0000000000000000
time=2026-08-02T15:43:18.580-07:00 level=DEBUG msg="No data returned from query" test=archv2-nxm tool=conduit-v1 collector=conduit type=conduit collector=conduit type=conduit
time=2026-08-02T15:43:19.017-07:00 level=DEBUG msg="Inspecting container" model=container-monitor name=benchi-conduit
time=2026-08-02T15:43:19.527-07:00 level=DEBUG msg="Inspecting container" model=container-monitor name=benchi-conduit
time=2026-08-02T15:43:19.580-07:00 level=DEBUG msg="promql query logged" test=archv2-nxm tool=conduit-v1 collector=conduit type=conduit collector=conduit type=conduit params="map[end:2026-08-02T22:43:19.579Z query:rate(conduit_pipeline_execution_duration_seconds_count{pipeline_name=\"archv2-nxm\"}[2s]) start:2026-08-02T22:43:17.579Z step:1]" stats="&{Timings:{EvalTotalTime:6.2166e-05 ResultSortTime:4.59e-07 QueryPreparationTime:1.9125e-05 InnerEvalTime:3.65e-05 ExecQueueTime:2.25e-06 ExecTotalTime:6.8708e-05} Samples:0x14000ff42d0}" spanID=0000000000000000
time=2026-08-02T15:43:19.580-07:00 level=DEBUG msg="Query returned data" test=archv2-nxm tool=conduit-v1 collector=conduit type=conduit collector=conduit type=conduit name=msg-rate-per-second[archv2-nxm] series-count=1 last-value=17370
time=2026-08-02T15:43:19.580-07:00 level=DEBUG msg="promql query logged" test=archv2-nxm tool=conduit-v1 collector=conduit type=conduit collector=conduit type=conduit params="map[end:2026-08-02T22:43:19.580Z query:rate(conduit_connector_bytes_sum{pipeline_name=\"archv2-nxm\",type=\"source\"}[2s])/1048576 start:2026-08-02T22:43:17.579Z step:1]" stats="&{Timings:{EvalTotalTime:4.6167e-05 ResultSortTime:1.167e-06 QueryPreparationTime:9.167e-06 InnerEvalTime:3.0792e-05 ExecQueueTime:1.167e-06 ExecTotalTime:4.9167e-05} Samples:0x14000ff5230}" spanID=0000000000000000
time=2026-08-02T15:43:19.581-07:00 level=WARN msg="Query returned multiple series, only first will be used" test=archv2-nxm tool=conduit-v1 collector=conduit type=conduit collector=conduit type=conduit series-count=2
time=2026-08-02T15:43:19.581-07:00 level=DEBUG msg="Query returned data" test=archv2-nxm tool=conduit-v1 collector=conduit type=conduit collector=conduit type=conduit name=msg-megabytes-in-per-second[archv2-nxm] series-count=1 last-value=0.24549102783203125
time=2026-08-02T15:43:19.581-07:00 level=DEBUG msg="promql query logged" test=archv2-nxm tool=conduit-v1 collector=conduit type=conduit collector=conduit type=conduit params="map[end:2026-08-02T22:43:19.581Z query:rate(conduit_connector_bytes_sum{pipeline_name=\"archv2-nxm\",type=\"destination\"}[2s])/1048576 start:2026-08-02T22:43:17.579Z step:1]" stats="&{Timings:{EvalTotalTime:5.5541e-05 ResultSortTime:7.92e-07 QueryPreparationTime:1.6792e-05 InnerEvalTime:3.2917e-05 ExecQueueTime:1.584e-06 ExecTotalTime:5.8792e-05} Samples:0x14000ead2c0}" spanID=0000000000000000
time=2026-08-02T15:43:19.581-07:00 level=WARN msg="Query returned multiple series, only first will be used" test=archv2-nxm tool=conduit-v1 collector=conduit type=conduit collector=conduit type=conduit series-count=2
time=2026-08-02T15:43:19.582-07:00 level=DEBUG msg="Query returned data" test=archv2-nxm tool=conduit-v1 collector=conduit type=conduit collector=conduit type=conduit name=msg-megabytes-out-per-second[archv2-nxm] series-count=1 last-value=0.49053001403808594
time=2026-08-02T15:43:20.036-07:00 level=DEBUG msg="Inspecting container" model=container-monitor name=benchi-conduit
time=2026-08-02T15:43:20.546-07:00 level=DEBUG msg="Inspecting container" model=container-monitor name=benchi-conduit
time=2026-08-02T15:43:20.579-07:00 level=DEBUG msg="promql query logged" test=archv2-nxm tool=conduit-v1 collector=conduit type=conduit collector=conduit type=conduit params="map[end:2026-08-02T22:43:20.579Z query:rate(conduit_pipeline_execution_duration_seconds_count{pipeline_name=\"archv2-nxm\"}[2s]) start:2026-08-02T22:43:17.579Z step:1]" stats="&{Timings:{EvalTotalTime:5.1417e-05 ResultSortTime:5.42e-07 QueryPreparationTime:1.6458e-05 InnerEvalTime:2.8083e-05 ExecQueueTime:2.417e-06 ExecTotalTime:5.925e-05} Samples:0x14000eadbc0}" spanID=0000000000000000
time=2026-08-02T15:43:20.580-07:00 level=DEBUG msg="Query returned data" test=archv2-nxm tool=conduit-v1 collector=conduit type=conduit collector=conduit type=conduit name=msg-rate-per-second[archv2-nxm] series-count=1 last-value=18543
time=2026-08-02T15:43:20.580-07:00 level=DEBUG msg="promql query logged" test=archv2-nxm tool=conduit-v1 collector=conduit type=conduit collector=conduit type=conduit params="map[end:2026-08-02T22:43:20.580Z query:rate(conduit_connector_bytes_sum{pipeline_name=\"archv2-nxm\",type=\"source\"}[2s])/1048576 start:2026-08-02T22:43:17.579Z step:1]" stats="&{Timings:{EvalTotalTime:6.4875e-05 ResultSortTime:1.291e-06 QueryPreparationTime:8.166e-06 InnerEvalTime:4.9042e-05 ExecQueueTime:1.083e-06 ExecTotalTime:6.7792e-05} Samples:0x140009f5b30}" spanID=0000000000000000
time=2026-08-02T15:43:20.580-07:00 level=WARN msg="Query returned multiple series, only first will be used" test=archv2-nxm tool=conduit-v1 collector=conduit type=conduit collector=conduit type=conduit series-count=2
time=2026-08-02T15:43:20.580-07:00 level=DEBUG msg="Query returned data" test=archv2-nxm tool=conduit-v1 collector=conduit type=conduit collector=conduit type=conduit name=msg-megabytes-in-per-second[archv2-nxm] series-count=1 last-value=0.2615184783935547
time=2026-08-02T15:43:20.580-07:00 level=DEBUG msg="promql query logged" test=archv2-nxm tool=conduit-v1 collector=conduit type=conduit collector=conduit type=conduit params="map[end:2026-08-02T22:43:20.580Z query:rate(conduit_connector_bytes_sum{pipeline_name=\"archv2-nxm\",type=\"destination\"}[2s])/1048576 start:2026-08-02T22:43:17.579Z step:1]" stats="&{Timings:{EvalTotalTime:5.9917e-05 ResultSortTime:6.25e-07 QueryPreparationTime:9.125e-06 InnerEvalTime:4.625e-05 ExecQueueTime:1.334e-06 ExecTotalTime:6.3541e-05} Samples:0x14000a098c0}" spanID=0000000000000000
time=2026-08-02T15:43:20.580-07:00 level=WARN msg="Query returned multiple series, only first will be used" test=archv2-nxm tool=conduit-v1 collector=conduit type=conduit collector=conduit type=conduit series-count=2
time=2026-08-02T15:43:20.580-07:00 level=DEBUG msg="Query returned data" test=archv2-nxm tool=conduit-v1 collector=conduit type=conduit collector=conduit type=conduit name=msg-megabytes-out-per-second[archv2-nxm] series-count=1 last-value=0.5237760543823242
time=2026-08-02T15:43:21.052-07:00 level=DEBUG msg="Inspecting container" model=container-monitor name=benchi-conduit
time=2026-08-02T15:43:21.559-07:00 level=DEBUG msg="Inspecting container" model=container-monitor name=benchi-conduit
time=2026-08-02T15:43:21.580-07:00 level=DEBUG msg="promql query logged" test=archv2-nxm tool=conduit-v1 collector=conduit type=conduit collector=conduit type=conduit params="map[end:2026-08-02T22:43:21.579Z query:rate(conduit_pipeline_execution_duration_seconds_count{pipeline_name=\"archv2-nxm\"}[2s]) start:2026-08-02T22:43:17.579Z step:1]" stats="&{Timings:{EvalTotalTime:6.2083e-05 ResultSortTime:2.91e-07 QueryPreparationTime:2.7792e-05 InnerEvalTime:2.8708e-05 ExecQueueTime:2.375e-06 ExecTotalTime:6.7167e-05} Samples:0x14000be3aa0}" spanID=0000000000000000
time=2026-08-02T15:43:21.580-07:00 level=DEBUG msg="Query returned data" test=archv2-nxm tool=conduit-v1 collector=conduit type=conduit collector=conduit type=conduit name=msg-rate-per-second[archv2-nxm] series-count=1 last-value=19252
time=2026-08-02T15:43:21.580-07:00 level=DEBUG msg="promql query logged" test=archv2-nxm tool=conduit-v1 collector=conduit type=conduit collector=conduit type=conduit params="map[end:2026-08-02T22:43:21.580Z query:rate(conduit_connector_bytes_sum{pipeline_name=\"archv2-nxm\",type=\"source\"}[2s])/1048576 start:2026-08-02T22:43:17.579Z step:1]" stats="&{Timings:{EvalTotalTime:4.975e-05 ResultSortTime:1.167e-06 QueryPreparationTime:1.5292e-05 InnerEvalTime:3.0292e-05 ExecQueueTime:1.708e-06 ExecTotalTime:5.3e-05} Samples:0x14000fde690}" spanID=0000000000000000
time=2026-08-02T15:43:21.580-07:00 level=WARN msg="Query returned multiple series, only first will be used" test=archv2-nxm tool=conduit-v1 collector=conduit type=conduit collector=conduit type=conduit series-count=2
time=2026-08-02T15:43:21.580-07:00 level=DEBUG msg="Query returned data" test=archv2-nxm tool=conduit-v1 collector=conduit type=conduit collector=conduit type=conduit name=msg-megabytes-in-per-second[archv2-nxm] series-count=1 last-value=0.2747840881347656
time=2026-08-02T15:43:21.580-07:00 level=DEBUG msg="promql query logged" test=archv2-nxm tool=conduit-v1 collector=conduit type=conduit collector=conduit type=conduit params="map[end:2026-08-02T22:43:21.580Z query:rate(conduit_connector_bytes_sum{pipeline_name=\"archv2-nxm\",type=\"destination\"}[2s])/1048576 start:2026-08-02T22:43:17.579Z step:1]" stats="&{Timings:{EvalTotalTime:2.6625e-05 ResultSortTime:3.33e-07 QueryPreparationTime:4.75e-06 InnerEvalTime:1.875e-05 ExecQueueTime:7.91e-07 ExecTotalTime:2.8916e-05} Samples:0x14000fdf290}" spanID=0000000000000000
time=2026-08-02T15:43:21.580-07:00 level=WARN msg="Query returned multiple series, only first will be used" test=archv2-nxm tool=conduit-v1 collector=conduit type=conduit collector=conduit type=conduit series-count=2
time=2026-08-02T15:43:21.580-07:00 level=DEBUG msg="Query returned data" test=archv2-nxm tool=conduit-v1 collector=conduit type=conduit collector=conduit type=conduit name=msg-megabytes-out-per-second[archv2-nxm] series-count=1 last-value=0.5434131622314453
time=2026-08-02T15:43:22.065-07:00 level=DEBUG msg="Inspecting container" model=container-monitor name=benchi-conduit
time=2026-08-02T15:43:22.574-07:00 level=DEBUG msg="Inspecting container" model=container-monitor name=benchi-conduit
time=2026-08-02T15:43:22.580-07:00 level=DEBUG msg="promql query logged" test=archv2-nxm tool=conduit-v1 collector=conduit type=conduit collector=conduit type=conduit params="map[end:2026-08-02T22:43:22.580Z query:rate(conduit_pipeline_execution_duration_seconds_count{pipeline_name=\"archv2-nxm\"}[2s]) start:2026-08-02T22:43:17.579Z step:1]" stats="&{Timings:{EvalTotalTime:7.5292e-05 ResultSortTime:8.75e-07 QueryPreparationTime:2.4084e-05 InnerEvalTime:4.3459e-05 ExecQueueTime:3.666e-06 ExecTotalTime:8.8708e-05} Samples:0x140010962d0}" spanID=0000000000000000
time=2026-08-02T15:43:22.580-07:00 level=DEBUG msg="Query returned data" test=archv2-nxm tool=conduit-v1 collector=conduit type=conduit collector=conduit type=conduit name=msg-rate-per-second[archv2-nxm] series-count=1 last-value=19257
time=2026-08-02T15:43:22.581-07:00 level=INFO msg="Test in progress" test=archv2-nxm tool=conduit-v1 step=test time-left=55s
time=2026-08-02T15:43:22.581-07:00 level=DEBUG msg="promql query logged" test=archv2-nxm tool=conduit-v1 collector=conduit type=conduit collector=conduit type=conduit params="map[end:2026-08-02T22:43:22.580Z query:rate(conduit_connector_bytes_sum{pipeline_name=\"archv2-nxm\",type=\"source\"}[2s])/1048576 start:2026-08-02T22:43:17.579Z step:1]" stats="&{Timings:{EvalTotalTime:6.7958e-05 ResultSortTime:1.291e-06 QueryPreparationTime:1.3833e-05 InnerEvalTime:4.675e-05 ExecQueueTime:1.291e-06 ExecTotalTime:7.2125e-05} Samples:0x14001096990}" spanID=0000000000000000
time=2026-08-02T15:43:22.581-07:00 level=WARN msg="Query returned multiple series, only first will be used" test=archv2-nxm tool=conduit-v1 collector=conduit type=conduit collector=conduit type=conduit series-count=2
time=2026-08-02T15:43:22.581-07:00 level=DEBUG msg="Query returned data" test=archv2-nxm tool=conduit-v1 collector=conduit type=conduit collector=conduit type=conduit name=msg-megabytes-in-per-second[archv2-nxm] series-count=1 last-value=0.27315807342529297
time=2026-08-02T15:43:22.581-07:00 level=DEBUG msg="promql query logged" test=archv2-nxm tool=conduit-v1 collector=conduit type=conduit collector=conduit type=conduit params="map[end:2026-08-02T22:43:22.581Z query:rate(conduit_connector_bytes_sum{pipeline_name=\"archv2-nxm\",type=\"destination\"}[2s])/1048576 start:2026-08-02T22:43:17.579Z step:1]" stats="&{Timings:{EvalTotalTime:4.3792e-05 ResultSortTime:5e-07 QueryPreparationTime:8.25e-06 InnerEvalTime:3.1541e-05 ExecQueueTime:1.083e-06 ExecTotalTime:4.7333e-05} Samples:0x14001097050}" spanID=0000000000000000
time=2026-08-02T15:43:22.581-07:00 level=WARN msg="Query returned multiple series, only first will be used" test=archv2-nxm tool=conduit-v1 collector=conduit type=conduit collector=conduit type=conduit series-count=2
time=2026-08-02T15:43:22.581-07:00 level=DEBUG msg="Query returned data" test=archv2-nxm tool=conduit-v1 collector=conduit type=conduit collector=conduit type=conduit name=msg-megabytes-out-per-second[archv2-nxm] series-count=1 last-value=0.5431652069091797
time=2026-08-02T15:43:23.083-07:00 level=DEBUG msg="Inspecting container" model=container-monitor name=benchi-conduit
time=2026-08-02T15:43:23.580-07:00 level=DEBUG msg="promql query logged" test=archv2-nxm tool=conduit-v1 collector=conduit type=conduit collector=conduit type=conduit params="map[end:2026-08-02T22:43:23.579Z query:rate(conduit_pipeline_execution_duration_seconds_count{pipeline_name=\"archv2-nxm\"}[2s]) start:2026-08-02T22:43:17.579Z step:1]" stats="&{Timings:{EvalTotalTime:7.2917e-05 ResultSortTime:7.92e-07 QueryPreparationTime:1.8958e-05 InnerEvalTime:4.4125e-05 ExecQueueTime:2.917e-06 ExecTotalTime:7.9e-05} Samples:0x140010484e0}" spanID=0000000000000000
time=2026-08-02T15:43:23.580-07:00 level=DEBUG msg="Query returned data" test=archv2-nxm tool=conduit-v1 collector=conduit type=conduit collector=conduit type=conduit name=msg-rate-per-second[archv2-nxm] series-count=1 last-value=18893
time=2026-08-02T15:43:23.580-07:00 level=DEBUG msg="promql query logged" test=archv2-nxm tool=conduit-v1 collector=conduit type=conduit collector=conduit type=conduit params="map[end:2026-08-02T22:43:23.580Z query:rate(conduit_connector_bytes_sum{pipeline_name=\"archv2-nxm\",type=\"source\"}[2s])/1048576 start:2026-08-02T22:43:17.579Z step:1]" stats="&{Timings:{EvalTotalTime:8.7541e-05 ResultSortTime:1e-06 QueryPreparationTime:1.0833e-05 InnerEvalTime:7.125e-05 ExecQueueTime:1.625e-06 ExecTotalTime:9.1625e-05} Samples:0x14001048ba0}" spanID=0000000000000000
time=2026-08-02T15:43:23.581-07:00 level=WARN msg="Query returned multiple series, only first will be used" test=archv2-nxm tool=conduit-v1 collector=conduit type=conduit collector=conduit type=conduit series-count=2
time=2026-08-02T15:43:23.581-07:00 level=DEBUG msg="Query returned data" test=archv2-nxm tool=conduit-v1 collector=conduit type=conduit collector=conduit type=conduit name=msg-megabytes-in-per-second[archv2-nxm] series-count=1 last-value=0.2707052230834961
time=2026-08-02T15:43:23.581-07:00 level=DEBUG msg="promql query logged" test=archv2-nxm tool=conduit-v1 collector=conduit type=conduit collector=conduit type=conduit params="map[end:2026-08-02T22:43:23.581Z query:rate(conduit_connector_bytes_sum{pipeline_name=\"archv2-nxm\",type=\"destination\"}[2s])/1048576 start:2026-08-02T22:43:17.579Z step:1]" stats="&{Timings:{EvalTotalTime:5.2209e-05 ResultSortTime:5.83e-07 QueryPreparationTime:1.1e-05 InnerEvalTime:3.6833e-05 ExecQueueTime:1.833e-06 ExecTotalTime:5.5958e-05} Samples:0x140010de1e0}" spanID=0000000000000000
time=2026-08-02T15:43:23.581-07:00 level=WARN msg="Query returned multiple series, only first will be used" test=archv2-nxm tool=conduit-v1 collector=conduit type=conduit collector=conduit type=conduit series-count=2
time=2026-08-02T15:43:23.582-07:00 level=DEBUG msg="Query returned data" test=archv2-nxm tool=conduit-v1 collector=conduit type=conduit collector=conduit type=conduit name=msg-megabytes-out-per-second[archv2-nxm] series-count=1 last-value=0.5338382720947266
time=2026-08-02T15:43:23.593-07:00 level=DEBUG msg="Inspecting container" model=container-monitor name=benchi-conduit
time=2026-08-02T15:43:24.102-07:00 level=DEBUG msg="Inspecting container" model=container-monitor name=benchi-conduit
time=2026-08-02T15:43:24.579-07:00 level=DEBUG msg="promql query logged" test=archv2-nxm tool=conduit-v1 collector=conduit type=conduit collector=conduit type=conduit params="map[end:2026-08-02T22:43:24.579Z query:rate(conduit_pipeline_execution_duration_seconds_count{pipeline_name=\"archv2-nxm\"}[2s]) start:2026-08-02T22:43:17.579Z step:1]" stats="&{Timings:{EvalTotalTime:9.9208e-05 ResultSortTime:6.25e-07 QueryPreparationTime:2.4708e-05 InnerEvalTime:6.475e-05 ExecQueueTime:4.041e-06 ExecTotalTime:0.000107458} Samples:0x14000a5f440}" spanID=0000000000000000
time=2026-08-02T15:43:24.579-07:00 level=DEBUG msg="Query returned data" test=archv2-nxm tool=conduit-v1 collector=conduit type=conduit collector=conduit type=conduit name=msg-rate-per-second[archv2-nxm] series-count=1 last-value=18423
time=2026-08-02T15:43:24.580-07:00 level=DEBUG msg="promql query logged" test=archv2-nxm tool=conduit-v1 collector=conduit type=conduit collector=conduit type=conduit params="map[end:2026-08-02T22:43:24.579Z query:rate(conduit_connector_bytes_sum{pipeline_name=\"archv2-nxm\",type=\"source\"}[2s])/1048576 start:2026-08-02T22:43:17.579Z step:1]" stats="&{Timings:{EvalTotalTime:8.7834e-05 ResultSortTime:1.167e-06 QueryPreparationTime:1.4292e-05 InnerEvalTime:5.6084e-05 ExecQueueTime:2.167e-06 ExecTotalTime:9.3041e-05} Samples:0x14000a5fb00}" spanID=0000000000000000
time=2026-08-02T15:43:24.581-07:00 level=WARN msg="Query returned multiple series, only first will be used" test=archv2-nxm tool=conduit-v1 collector=conduit type=conduit collector=conduit type=conduit series-count=2
time=2026-08-02T15:43:24.581-07:00 level=DEBUG msg="Query returned data" test=archv2-nxm tool=conduit-v1 collector=conduit type=conduit collector=conduit type=conduit name=msg-megabytes-in-per-second[archv2-nxm] series-count=1 last-value=0.2613229751586914
time=2026-08-02T15:43:24.581-07:00 level=DEBUG msg="promql query logged" test=archv2-nxm tool=conduit-v1 collector=conduit type=conduit collector=conduit type=conduit params="map[end:2026-08-02T22:43:24.581Z query:rate(conduit_connector_bytes_sum{pipeline_name=\"archv2-nxm\",type=\"destination\"}[2s])/1048576 start:2026-08-02T22:43:17.579Z step:1]" stats="&{Timings:{EvalTotalTime:4.3375e-05 ResultSortTime:7.91e-07 QueryPreparationTime:9.583e-06 InnerEvalTime:3e-05 ExecQueueTime:1.334e-06 ExecTotalTime:4.6375e-05} Samples:0x14001226540}" spanID=0000000000000000
time=2026-08-02T15:43:24.581-07:00 level=WARN msg="Query returned multiple series, only first will be used" test=archv2-nxm tool=conduit-v1 collector=conduit type=conduit collector=conduit type=conduit series-count=2
time=2026-08-02T15:43:24.581-07:00 level=DEBUG msg="Query returned data" test=archv2-nxm tool=conduit-v1 collector=conduit type=conduit collector=conduit type=conduit name=msg-megabytes-out-per-second[archv2-nxm] series-count=1 last-value=0.5214452743530273
time=2026-08-02T15:43:24.617-07:00 level=DEBUG msg="Inspecting container" model=container-monitor name=benchi-conduit
time=2026-08-02T15:43:25.124-07:00 level=DEBUG msg="Inspecting container" model=container-monitor name=benchi-conduit
time=2026-08-02T15:43:25.581-07:00 level=DEBUG msg="promql query logged" test=archv2-nxm tool=conduit-v1 collector=conduit type=conduit collector=conduit type=conduit params="map[end:2026-08-02T22:43:25.580Z query:rate(conduit_pipeline_execution_duration_seconds_count{pipeline_name=\"archv2-nxm\"}[2s]) start:2026-08-02T22:43:17.579Z step:1]" stats="&{Timings:{EvalTotalTime:0.000108667 ResultSortTime:7.08e-07 QueryPreparationTime:2.25e-05 InnerEvalTime:7.6333e-05 ExecQueueTime:3.5e-06 ExecTotalTime:0.00011725} Samples:0x140012272c0}" spanID=0000000000000000
time=2026-08-02T15:43:25.581-07:00 level=DEBUG msg="Query returned data" test=archv2-nxm tool=conduit-v1 collector=conduit type=conduit collector=conduit type=conduit name=msg-rate-per-second[archv2-nxm] series-count=1 last-value=18287
time=2026-08-02T15:43:25.581-07:00 level=DEBUG msg="promql query logged" test=archv2-nxm tool=conduit-v1 collector=conduit type=conduit collector=conduit type=conduit params="map[end:2026-08-02T22:43:25.581Z query:rate(conduit_connector_bytes_sum{pipeline_name=\"archv2-nxm\",type=\"source\"}[2s])/1048576 start:2026-08-02T22:43:17.579Z step:1]" stats="&{Timings:{EvalTotalTime:8.1709e-05 ResultSortTime:1.541e-06 QueryPreparationTime:1.425e-05 InnerEvalTime:6.0375e-05 ExecQueueTime:1.958e-06 ExecTotalTime:8.6708e-05} Samples:0x14001227980}" spanID=0000000000000000
time=2026-08-02T15:43:25.581-07:00 level=WARN msg="Query returned multiple series, only first will be used" test=archv2-nxm tool=conduit-v1 collector=conduit type=conduit collector=conduit type=conduit series-count=2
time=2026-08-02T15:43:25.581-07:00 level=DEBUG msg="Query returned data" test=archv2-nxm tool=conduit-v1 collector=conduit type=conduit collector=conduit type=conduit name=msg-megabytes-in-per-second[archv2-nxm] series-count=1 last-value=0.25983619689941406
time=2026-08-02T15:43:25.581-07:00 level=DEBUG msg="promql query logged" test=archv2-nxm tool=conduit-v1 collector=conduit type=conduit collector=conduit type=conduit params="map[end:2026-08-02T22:43:25.581Z query:rate(conduit_connector_bytes_sum{pipeline_name=\"archv2-nxm\",type=\"destination\"}[2s])/1048576 start:2026-08-02T22:43:17.579Z step:1]" stats="&{Timings:{EvalTotalTime:0.000101125 ResultSortTime:1.041e-06 QueryPreparationTime:1.6291e-05 InnerEvalTime:7.8291e-05 ExecQueueTime:1.6667e-05 ExecTotalTime:0.000120916} Samples:0x140012520c0}" spanID=0000000000000000
time=2026-08-02T15:43:25.581-07:00 level=WARN msg="Query returned multiple series, only first will be used" test=archv2-nxm tool=conduit-v1 collector=conduit type=conduit collector=conduit type=conduit series-count=2
time=2026-08-02T15:43:25.582-07:00 level=DEBUG msg="Query returned data" test=archv2-nxm tool=conduit-v1 collector=conduit type=conduit collector=conduit type=conduit name=msg-megabytes-out-per-second[archv2-nxm] series-count=1 last-value=0.5162296295166016
time=2026-08-02T15:43:25.647-07:00 level=DEBUG msg="Inspecting container" model=container-monitor name=benchi-conduit
time=2026-08-02T15:43:26.151-07:00 level=DEBUG msg="Inspecting container" model=container-monitor name=benchi-conduit
time=2026-08-02T15:43:26.579-07:00 level=DEBUG msg="promql query logged" test=archv2-nxm tool=conduit-v1 collector=conduit type=conduit collector=conduit type=conduit params="map[end:2026-08-02T22:43:26.579Z query:rate(conduit_pipeline_execution_duration_seconds_count{pipeline_name=\"archv2-nxm\"}[2s]) start:2026-08-02T22:43:17.579Z step:1]" stats="&{Timings:{EvalTotalTime:9.475e-05 ResultSortTime:7.5e-07 QueryPreparationTime:3.1292e-05 InnerEvalTime:5.5e-05 ExecQueueTime:5.208e-06 ExecTotalTime:0.000103042} Samples:0x140013f86c0}" spanID=0000000000000000
time=2026-08-02T15:43:26.580-07:00 level=DEBUG msg="Query returned data" test=archv2-nxm tool=conduit-v1 collector=conduit type=conduit collector=conduit type=conduit name=msg-rate-per-second[archv2-nxm] series-count=1 last-value=18918
time=2026-08-02T15:43:26.580-07:00 level=DEBUG msg="promql query logged" test=archv2-nxm tool=conduit-v1 collector=conduit type=conduit collector=conduit type=conduit params="map[end:2026-08-02T22:43:26.580Z query:rate(conduit_connector_bytes_sum{pipeline_name=\"archv2-nxm\",type=\"source\"}[2s])/1048576 start:2026-08-02T22:43:17.579Z step:1]" stats="&{Timings:{EvalTotalTime:7.3209e-05 ResultSortTime:1.625e-06 QueryPreparationTime:1.1666e-05 InnerEvalTime:5.6209e-05 ExecQueueTime:1.583e-06 ExecTotalTime:7.65e-05} Samples:0x140013f8d80}" spanID=0000000000000000
time=2026-08-02T15:43:26.580-07:00 level=WARN msg="Query returned multiple series, only first will be used" test=archv2-nxm tool=conduit-v1 collector=conduit type=conduit collector=conduit type=conduit series-count=2
time=2026-08-02T15:43:26.580-07:00 level=DEBUG msg="Query returned data" test=archv2-nxm tool=conduit-v1 collector=conduit type=conduit collector=conduit type=conduit name=msg-megabytes-in-per-second[archv2-nxm] series-count=1 last-value=0.2644023895263672
time=2026-08-02T15:43:26.580-07:00 level=DEBUG msg="promql query logged" test=archv2-nxm tool=conduit-v1 collector=conduit type=conduit collector=conduit type=conduit params="map[end:2026-08-02T22:43:26.580Z query:rate(conduit_connector_bytes_sum{pipeline_name=\"archv2-nxm\",type=\"destination\"}[2s])/1048576 start:2026-08-02T22:43:17.579Z step:1]" stats="&{Timings:{EvalTotalTime:9.9583e-05 ResultSortTime:1.041e-06 QueryPreparationTime:1.2458e-05 InnerEvalTime:8.15e-05 ExecQueueTime:1.584e-06 ExecTotalTime:0.000105208} Samples:0x14001350a80}" spanID=0000000000000000
time=2026-08-02T15:43:26.580-07:00 level=WARN msg="Query returned multiple series, only first will be used" test=archv2-nxm tool=conduit-v1 collector=conduit type=conduit collector=conduit type=conduit series-count=2
time=2026-08-02T15:43:26.580-07:00 level=DEBUG msg="Query returned data" test=archv2-nxm tool=conduit-v1 collector=conduit type=conduit collector=conduit type=conduit name=msg-megabytes-out-per-second[archv2-nxm] series-count=1 last-value=0.5341262817382812
time=2026-08-02T15:43:26.658-07:00 level=DEBUG msg="Inspecting container" model=container-monitor name=benchi-conduit
time=2026-08-02T15:43:27.168-07:00 level=DEBUG msg="Inspecting container" model=container-monitor name=benchi-conduit
time=2026-08-02T15:43:27.579-07:00 level=INFO msg="Test in progress" test=archv2-nxm tool=conduit-v1 step=test time-left=50s
time=2026-08-02T15:43:27.579-07:00 level=DEBUG msg="promql query logged" test=archv2-nxm tool=conduit-v1 collector=conduit type=conduit collector=conduit type=conduit params="map[end:2026-08-02T22:43:27.579Z query:rate(conduit_pipeline_execution_duration_seconds_count{pipeline_name=\"archv2-nxm\"}[2s]) start:2026-08-02T22:43:17.579Z step:1]" stats="&{Timings:{EvalTotalTime:7.5459e-05 ResultSortTime:7.167e-06 QueryPreparationTime:2.2167e-05 InnerEvalTime:4.0125e-05 ExecQueueTime:3.375e-06 ExecTotalTime:8.3583e-05} Samples:0x140014c2060}" spanID=0000000000000000
time=2026-08-02T15:43:27.579-07:00 level=DEBUG msg="Query returned data" test=archv2-nxm tool=conduit-v1 collector=conduit type=conduit collector=conduit type=conduit name=msg-rate-per-second[archv2-nxm] series-count=1 last-value=18602
time=2026-08-02T15:43:27.579-07:00 level=DEBUG msg="promql query logged" test=archv2-nxm tool=conduit-v1 collector=conduit type=conduit collector=conduit type=conduit params="map[end:2026-08-02T22:43:27.579Z query:rate(conduit_connector_bytes_sum{pipeline_name=\"archv2-nxm\",type=\"source\"}[2s])/1048576 start:2026-08-02T22:43:17.579Z step:1]" stats="&{Timings:{EvalTotalTime:9.6625e-05 ResultSortTime:1.25e-06 QueryPreparationTime:2.675e-05 InnerEvalTime:6.325e-05 ExecQueueTime:5.291e-06 ExecTotalTime:0.000104958} Samples:0x140014c2720}" spanID=0000000000000000
time=2026-08-02T15:43:27.579-07:00 level=WARN msg="Query returned multiple series, only first will be used" test=archv2-nxm tool=conduit-v1 collector=conduit type=conduit collector=conduit type=conduit series-count=2
time=2026-08-02T15:43:27.579-07:00 level=DEBUG msg="Query returned data" test=archv2-nxm tool=conduit-v1 collector=conduit type=conduit collector=conduit type=conduit name=msg-megabytes-in-per-second[archv2-nxm] series-count=1 last-value=0.26090526580810547
time=2026-08-02T15:43:27.580-07:00 level=DEBUG msg="promql query logged" test=archv2-nxm tool=conduit-v1 collector=conduit type=conduit collector=conduit type=conduit params="map[end:2026-08-02T22:43:27.580Z query:rate(conduit_connector_bytes_sum{pipeline_name=\"archv2-nxm\",type=\"destination\"}[2s])/1048576 start:2026-08-02T22:43:17.579Z step:1]" stats="&{Timings:{EvalTotalTime:9.7833e-05 ResultSortTime:8.33e-07 QueryPreparationTime:2.15e-05 InnerEvalTime:7.0083e-05 ExecQueueTime:1.709e-06 ExecTotalTime:0.000102542} Samples:0x14001252f30}" spanID=0000000000000000
time=2026-08-02T15:43:27.580-07:00 level=WARN msg="Query returned multiple series, only first will be used" test=archv2-nxm tool=conduit-v1 collector=conduit type=conduit collector=conduit type=conduit series-count=2
time=2026-08-02T15:43:27.580-07:00 level=DEBUG msg="Query returned data" test=archv2-nxm tool=conduit-v1 collector=conduit type=conduit collector=conduit type=conduit name=msg-megabytes-out-per-second[archv2-nxm] series-count=1 last-value=0.5259027481079102
time=2026-08-02T15:43:27.680-07:00 level=DEBUG msg="Inspecting container" model=container-monitor name=benchi-conduit
time=2026-08-02T15:43:28.186-07:00 level=DEBUG msg="Inspecting container" model=container-monitor name=benchi-conduit
time=2026-08-02T15:43:28.579-07:00 level=DEBUG msg="promql query logged" test=archv2-nxm tool=conduit-v1 collector=conduit type=conduit collector=conduit type=conduit params="map[end:2026-08-02T22:43:28.579Z query:rate(conduit_pipeline_execution_duration_seconds_count{pipeline_name=\"archv2-nxm\"}[2s]) start:2026-08-02T22:43:17.579Z step:1]" stats="&{Timings:{EvalTotalTime:5.8916e-05 ResultSortTime:2.91e-07 QueryPreparationTime:1.8375e-05 InnerEvalTime:3.2291e-05 ExecQueueTime:2.416e-06 ExecTotalTime:6.5791e-05} Samples:0x1400154a2a0}" spanID=0000000000000000
time=2026-08-02T15:43:28.579-07:00 level=DEBUG msg="Query returned data" test=archv2-nxm tool=conduit-v1 collector=conduit type=conduit collector=conduit type=conduit name=msg-rate-per-second[archv2-nxm] series-count=1 last-value=18375
time=2026-08-02T15:43:28.580-07:00 level=DEBUG msg="promql query logged" test=archv2-nxm tool=conduit-v1 collector=conduit type=conduit collector=conduit type=conduit params="map[end:2026-08-02T22:43:28.580Z query:rate(conduit_connector_bytes_sum{pipeline_name=\"archv2-nxm\",type=\"source\"}[2s])/1048576 start:2026-08-02T22:43:17.579Z step:1]" stats="&{Timings:{EvalTotalTime:7.4167e-05 ResultSortTime:1.375e-06 QueryPreparationTime:1.1292e-05 InnerEvalTime:5.7292e-05 ExecQueueTime:1.666e-06 ExecTotalTime:7.7708e-05} Samples:0x1400154a960}" spanID=0000000000000000
time=2026-08-02T15:43:28.580-07:00 level=WARN msg="Query returned multiple series, only first will be used" test=archv2-nxm tool=conduit-v1 collector=conduit type=conduit collector=conduit type=conduit series-count=2
time=2026-08-02T15:43:28.580-07:00 level=DEBUG msg="Query returned data" test=archv2-nxm tool=conduit-v1 collector=conduit type=conduit collector=conduit type=conduit name=msg-megabytes-in-per-second[archv2-nxm] series-count=1 last-value=0.2579660415649414
time=2026-08-02T15:43:28.580-07:00 level=DEBUG msg="promql query logged" test=archv2-nxm tool=conduit-v1 collector=conduit type=conduit collector=conduit type=conduit params="map[end:2026-08-02T22:43:28.580Z query:rate(conduit_connector_bytes_sum{pipeline_name=\"archv2-nxm\",type=\"destination\"}[2s])/1048576 start:2026-08-02T22:43:17.579Z step:1]" stats="&{Timings:{EvalTotalTime:5.2666e-05 ResultSortTime:5.42e-07 QueryPreparationTime:8.75e-06 InnerEvalTime:3.9209e-05 ExecQueueTime:1.208e-06 ExecTotalTime:5.5917e-05} Samples:0x14001598000}" spanID=0000000000000000
time=2026-08-02T15:43:28.580-07:00 level=WARN msg="Query returned multiple series, only first will be used" test=archv2-nxm tool=conduit-v1 collector=conduit type=conduit collector=conduit type=conduit series-count=2
time=2026-08-02T15:43:28.580-07:00 level=DEBUG msg="Query returned data" test=archv2-nxm tool=conduit-v1 collector=conduit type=conduit collector=conduit type=conduit name=msg-megabytes-out-per-second[archv2-nxm] series-count=1 last-value=0.5188941955566406
time=2026-08-02T15:43:28.694-07:00 level=DEBUG msg="Inspecting container" model=container-monitor name=benchi-conduit
time=2026-08-02T15:43:29.205-07:00 level=DEBUG msg="Inspecting container" model=container-monitor name=benchi-conduit
time=2026-08-02T15:43:29.580-07:00 level=DEBUG msg="promql query logged" test=archv2-nxm tool=conduit-v1 collector=conduit type=conduit collector=conduit type=conduit params="map[end:2026-08-02T22:43:29.580Z query:rate(conduit_pipeline_execution_duration_seconds_count{pipeline_name=\"archv2-nxm\"}[2s]) start:2026-08-02T22:43:17.579Z step:1]" stats="&{Timings:{EvalTotalTime:7.625e-05 ResultSortTime:4.59e-07 QueryPreparationTime:1.5833e-05 InnerEvalTime:4.1209e-05 ExecQueueTime:2.458e-06 ExecTotalTime:8.1667e-05} Samples:0x140015fa600}" spanID=0000000000000000
time=2026-08-02T15:43:29.580-07:00 level=DEBUG msg="Query returned data" test=archv2-nxm tool=conduit-v1 collector=conduit type=conduit collector=conduit type=conduit name=msg-rate-per-second[archv2-nxm] series-count=1 last-value=18624
time=2026-08-02T15:43:29.580-07:00 level=DEBUG msg="promql query logged" test=archv2-nxm tool=conduit-v1 collector=conduit type=conduit collector=conduit type=conduit params="map[end:2026-08-02T22:43:29.580Z query:rate(conduit_connector_bytes_sum{pipeline_name=\"archv2-nxm\",type=\"source\"}[2s])/1048576 start:2026-08-02T22:43:17.579Z step:1]" stats="&{Timings:{EvalTotalTime:5.7042e-05 ResultSortTime:9.58e-07 QueryPreparationTime:9.458e-06 InnerEvalTime:4.2959e-05 ExecQueueTime:1.333e-06 ExecTotalTime:6.025e-05} Samples:0x140015facc0}" spanID=0000000000000000
time=2026-08-02T15:43:29.580-07:00 level=WARN msg="Query returned multiple series, only first will be used" test=archv2-nxm tool=conduit-v1 collector=conduit type=conduit collector=conduit type=conduit series-count=2
time=2026-08-02T15:43:29.580-07:00 level=DEBUG msg="Query returned data" test=archv2-nxm tool=conduit-v1 collector=conduit type=conduit collector=conduit type=conduit name=msg-megabytes-in-per-second[archv2-nxm] series-count=1 last-value=0.2643404006958008
time=2026-08-02T15:43:29.581-07:00 level=DEBUG msg="promql query logged" test=archv2-nxm tool=conduit-v1 collector=conduit type=conduit collector=conduit type=conduit params="map[end:2026-08-02T22:43:29.581Z query:rate(conduit_connector_bytes_sum{pipeline_name=\"archv2-nxm\",type=\"destination\"}[2s])/1048576 start:2026-08-02T22:43:17.579Z step:1]" stats="&{Timings:{EvalTotalTime:4.5e-05 ResultSortTime:6.66e-07 QueryPreparationTime:7.333e-06 InnerEvalTime:3.3708e-05 ExecQueueTime:8.75e-07 ExecTotalTime:5.2042e-05} Samples:0x140015fb740}" spanID=0000000000000000
time=2026-08-02T15:43:29.581-07:00 level=WARN msg="Query returned multiple series, only first will be used" test=archv2-nxm tool=conduit-v1 collector=conduit type=conduit collector=conduit type=conduit series-count=2
time=2026-08-02T15:43:29.581-07:00 level=DEBUG msg="Query returned data" test=archv2-nxm tool=conduit-v1 collector=conduit type=conduit collector=conduit type=conduit name=msg-megabytes-out-per-second[archv2-nxm] series-count=1 last-value=0.5262775421142578
time=2026-08-02T15:43:29.728-07:00 level=DEBUG msg="Inspecting container" model=container-monitor name=benchi-conduit
time=2026-08-02T15:43:30.240-07:00 level=DEBUG msg="Inspecting container" model=container-monitor name=benchi-conduit
time=2026-08-02T15:43:30.580-07:00 level=DEBUG msg="promql query logged" test=archv2-nxm tool=conduit-v1 collector=conduit type=conduit collector=conduit type=conduit params="map[end:2026-08-02T22:43:30.579Z query:rate(conduit_pipeline_execution_duration_seconds_count{pipeline_name=\"archv2-nxm\"}[2s]) start:2026-08-02T22:43:17.579Z step:1]" stats="&{Timings:{EvalTotalTime:0.000113584 ResultSortTime:1.166e-06 QueryPreparationTime:3.3708e-05 InnerEvalTime:6.9042e-05 ExecQueueTime:6.208e-06 ExecTotalTime:0.000125334} Samples:0x14001638690}" spanID=0000000000000000
time=2026-08-02T15:43:30.580-07:00 level=DEBUG msg="Query returned data" test=archv2-nxm tool=conduit-v1 collector=conduit type=conduit collector=conduit type=conduit name=msg-rate-per-second[archv2-nxm] series-count=1 last-value=18035.928143712576
time=2026-08-02T15:43:30.580-07:00 level=DEBUG msg="promql query logged" test=archv2-nxm tool=conduit-v1 collector=conduit type=conduit collector=conduit type=conduit params="map[end:2026-08-02T22:43:30.580Z query:rate(conduit_connector_bytes_sum{pipeline_name=\"archv2-nxm\",type=\"source\"}[2s])/1048576 start:2026-08-02T22:43:17.579Z step:1]" stats="&{Timings:{EvalTotalTime:0.000182125 ResultSortTime:1.625e-06 QueryPreparationTime:1.425e-05 InnerEvalTime:0.000159334 ExecQueueTime:1.5e-06 ExecTotalTime:0.000187417} Samples:0x14001638e40}" spanID=0000000000000000
time=2026-08-02T15:43:30.580-07:00 level=WARN msg="Query returned multiple series, only first will be used" test=archv2-nxm tool=conduit-v1 collector=conduit type=conduit collector=conduit type=conduit series-count=2
time=2026-08-02T15:43:30.581-07:00 level=DEBUG msg="Query returned data" test=archv2-nxm tool=conduit-v1 collector=conduit type=conduit collector=conduit type=conduit name=msg-megabytes-in-per-second[archv2-nxm] series-count=1 last-value=0.25519924963305807
time=2026-08-02T15:43:30.581-07:00 level=DEBUG msg="promql query logged" test=archv2-nxm tool=conduit-v1 collector=conduit type=conduit collector=conduit type=conduit params="map[end:2026-08-02T22:43:30.581Z query:rate(conduit_connector_bytes_sum{pipeline_name=\"archv2-nxm\",type=\"destination\"}[2s])/1048576 start:2026-08-02T22:43:17.579Z step:1]" stats="&{Timings:{EvalTotalTime:9.3958e-05 ResultSortTime:1.333e-06 QueryPreparationTime:1.95e-05 InnerEvalTime:6.775e-05 ExecQueueTime:1.792e-06 ExecTotalTime:9.9583e-05} Samples:0x14001707890}" spanID=0000000000000000
time=2026-08-02T15:43:30.581-07:00 level=WARN msg="Query returned multiple series, only first will be used" test=archv2-nxm tool=conduit-v1 collector=conduit type=conduit collector=conduit type=conduit series-count=2
time=2026-08-02T15:43:30.581-07:00 level=DEBUG msg="Query returned data" test=archv2-nxm tool=conduit-v1 collector=conduit type=conduit collector=conduit type=conduit name=msg-megabytes-out-per-second[archv2-nxm] series-count=1 last-value=0.5095323878609967
time=2026-08-02T15:43:30.767-07:00 level=DEBUG msg="Inspecting container" model=container-monitor name=benchi-conduit
time=2026-08-02T15:43:31.276-07:00 level=DEBUG msg="Inspecting container" model=container-monitor name=benchi-conduit
time=2026-08-02T15:43:31.580-07:00 level=DEBUG msg="promql query logged" test=archv2-nxm tool=conduit-v1 collector=conduit type=conduit collector=conduit type=conduit params="map[end:2026-08-02T22:43:31.580Z query:rate(conduit_pipeline_execution_duration_seconds_count{pipeline_name=\"archv2-nxm\"}[2s]) start:2026-08-02T22:43:17.579Z step:1]" stats="&{Timings:{EvalTotalTime:4.6417e-05 ResultSortTime:3.75e-07 QueryPreparationTime:1.4625e-05 InnerEvalTime:2.6875e-05 ExecQueueTime:2.416e-06 ExecTotalTime:5.1375e-05} Samples:0x14000f98900}" spanID=0000000000000000
time=2026-08-02T15:43:31.582-07:00 level=DEBUG msg="Query returned data" test=archv2-nxm tool=conduit-v1 collector=conduit type=conduit collector=conduit type=conduit name=msg-rate-per-second[archv2-nxm] series-count=1 last-value=18503.006012024045
time=2026-08-02T15:43:31.583-07:00 level=DEBUG msg="promql query logged" test=archv2-nxm tool=conduit-v1 collector=conduit type=conduit collector=conduit type=conduit params="map[end:2026-08-02T22:43:31.582Z query:rate(conduit_connector_bytes_sum{pipeline_name=\"archv2-nxm\",type=\"source\"}[2s])/1048576 start:2026-08-02T22:43:17.579Z step:1]" stats="&{Timings:{EvalTotalTime:5.775e-05 ResultSortTime:7.91e-07 QueryPreparationTime:2.1458e-05 InnerEvalTime:3.2625e-05 ExecQueueTime:5.375e-06 ExecTotalTime:6.4458e-05} Samples:0x140014c2fc0}" spanID=0000000000000000
time=2026-08-02T15:43:31.583-07:00 level=WARN msg="Query returned multiple series, only first will be used" test=archv2-nxm tool=conduit-v1 collector=conduit type=conduit collector=conduit type=conduit series-count=2
time=2026-08-02T15:43:31.583-07:00 level=DEBUG msg="Query returned data" test=archv2-nxm tool=conduit-v1 collector=conduit type=conduit collector=conduit type=conduit name=msg-megabytes-in-per-second[archv2-nxm] series-count=1 last-value=0.2611290237946596
time=2026-08-02T15:43:31.583-07:00 level=DEBUG msg="promql query logged" test=archv2-nxm tool=conduit-v1 collector=conduit type=conduit collector=conduit type=conduit params="map[end:2026-08-02T22:43:31.583Z query:rate(conduit_connector_bytes_sum{pipeline_name=\"archv2-nxm\",type=\"destination\"}[2s])/1048576 start:2026-08-02T22:43:17.579Z step:1]" stats="&{Timings:{EvalTotalTime:2.3292e-05 ResultSortTime:1.67e-07 QueryPreparationTime:3e-06 InnerEvalTime:1.7708e-05 ExecQueueTime:4.99e-07 ExecTotalTime:2.4709e-05} Samples:0x140014c3b00}" spanID=0000000000000000
time=2026-08-02T15:43:31.583-07:00 level=WARN msg="Query returned multiple series, only first will be used" test=archv2-nxm tool=conduit-v1 collector=conduit type=conduit collector=conduit type=conduit series-count=2
time=2026-08-02T15:43:31.583-07:00 level=DEBUG msg="Query returned data" test=archv2-nxm tool=conduit-v1 collector=conduit type=conduit collector=conduit type=conduit name=msg-megabytes-out-per-second[archv2-nxm] series-count=1 last-value=0.5229288686014607
time=2026-08-02T15:43:31.789-07:00 level=DEBUG msg="Inspecting container" model=container-monitor name=benchi-conduit
time=2026-08-02T15:43:32.301-07:00 level=DEBUG msg="Inspecting container" model=container-monitor name=benchi-conduit
time=2026-08-02T15:43:32.579-07:00 level=INFO msg="Test in progress" test=archv2-nxm tool=conduit-v1 step=test time-left=45s
time=2026-08-02T15:43:32.579-07:00 level=DEBUG msg="promql query logged" test=archv2-nxm tool=conduit-v1 collector=conduit type=conduit collector=conduit type=conduit params="map[end:2026-08-02T22:43:32.579Z query:rate(conduit_pipeline_execution_duration_seconds_count{pipeline_name=\"archv2-nxm\"}[2s]) start:2026-08-02T22:43:17.579Z step:1]" stats="&{Timings:{EvalTotalTime:5.1416e-05 ResultSortTime:4.16e-07 QueryPreparationTime:1.5792e-05 InnerEvalTime:3.0167e-05 ExecQueueTime:2.083e-06 ExecTotalTime:5.6e-05} Samples:0x1400154bec0}" spanID=0000000000000000
time=2026-08-02T15:43:32.579-07:00 level=DEBUG msg="Query returned data" test=archv2-nxm tool=conduit-v1 collector=conduit type=conduit collector=conduit type=conduit name=msg-rate-per-second[archv2-nxm] series-count=1 last-value=19330
time=2026-08-02T15:43:32.580-07:00 level=DEBUG msg="promql query logged" test=archv2-nxm tool=conduit-v1 collector=conduit type=conduit collector=conduit type=conduit params="map[end:2026-08-02T22:43:32.579Z query:rate(conduit_connector_bytes_sum{pipeline_name=\"archv2-nxm\",type=\"source\"}[2s])/1048576 start:2026-08-02T22:43:17.579Z step:1]" stats="&{Timings:{EvalTotalTime:5.5209e-05 ResultSortTime:7.91e-07 QueryPreparationTime:8.625e-06 InnerEvalTime:4.2208e-05 ExecQueueTime:2e-06 ExecTotalTime:5.9625e-05} Samples:0x14000ff4570}" spanID=0000000000000000
time=2026-08-02T15:43:32.580-07:00 level=WARN msg="Query returned multiple series, only first will be used" test=archv2-nxm tool=conduit-v1 collector=conduit type=conduit collector=conduit type=conduit series-count=2
time=2026-08-02T15:43:32.580-07:00 level=DEBUG msg="Query returned data" test=archv2-nxm tool=conduit-v1 collector=conduit type=conduit collector=conduit type=conduit name=msg-megabytes-in-per-second[archv2-nxm] series-count=1 last-value=0.2778615951538086
time=2026-08-02T15:43:32.580-07:00 level=DEBUG msg="promql query logged" test=archv2-nxm tool=conduit-v1 collector=conduit type=conduit collector=conduit type=conduit params="map[end:2026-08-02T22:43:32.580Z query:rate(conduit_connector_bytes_sum{pipeline_name=\"archv2-nxm\",type=\"destination\"}[2s])/1048576 start:2026-08-02T22:43:17.579Z step:1]" stats="&{Timings:{EvalTotalTime:5.7e-05 ResultSortTime:5e-07 QueryPreparationTime:8.959e-06 InnerEvalTime:4.3667e-05 ExecQueueTime:1.125e-06 ExecTotalTime:6.0291e-05} Samples:0x14000eac7b0}" spanID=0000000000000000
time=2026-08-02T15:43:32.580-07:00 level=WARN msg="Query returned multiple series, only first will be used" test=archv2-nxm tool=conduit-v1 collector=conduit type=conduit collector=conduit type=conduit series-count=2
time=2026-08-02T15:43:32.580-07:00 level=DEBUG msg="Query returned data" test=archv2-nxm tool=conduit-v1 collector=conduit type=conduit collector=conduit type=conduit name=msg-megabytes-out-per-second[archv2-nxm] series-count=1 last-value=0.5460357666015625
time=2026-08-02T15:43:32.811-07:00 level=DEBUG msg="Inspecting container" model=container-monitor name=benchi-conduit
time=2026-08-02T15:43:33.329-07:00 level=DEBUG msg="Inspecting container" model=container-monitor name=benchi-conduit
time=2026-08-02T15:43:33.580-07:00 level=DEBUG msg="promql query logged" test=archv2-nxm tool=conduit-v1 collector=conduit type=conduit collector=conduit type=conduit params="map[end:2026-08-02T22:43:33.580Z query:rate(conduit_pipeline_execution_duration_seconds_count{pipeline_name=\"archv2-nxm\"}[2s]) start:2026-08-02T22:43:17.579Z step:1]" stats="&{Timings:{EvalTotalTime:5e-05 ResultSortTime:3.33e-07 QueryPreparationTime:1.3541e-05 InnerEvalTime:3.0875e-05 ExecQueueTime:2.083e-06 ExecTotalTime:5.4583e-05} Samples:0x14000be2c90}" spanID=0000000000000000
time=2026-08-02T15:43:33.580-07:00 level=DEBUG msg="Query returned data" test=archv2-nxm tool=conduit-v1 collector=conduit type=conduit collector=conduit type=conduit name=msg-rate-per-second[archv2-nxm] series-count=1 last-value=20111
time=2026-08-02T15:43:33.580-07:00 level=DEBUG msg="promql query logged" test=archv2-nxm tool=conduit-v1 collector=conduit type=conduit collector=conduit type=conduit params="map[end:2026-08-02T22:43:33.580Z query:rate(conduit_connector_bytes_sum{pipeline_name=\"archv2-nxm\",type=\"source\"}[2s])/1048576 start:2026-08-02T22:43:17.579Z step:1]" stats="&{Timings:{EvalTotalTime:5.2875e-05 ResultSortTime:7.92e-07 QueryPreparationTime:6.625e-06 InnerEvalTime:4.0208e-05 ExecQueueTime:9.59e-07 ExecTotalTime:5.5459e-05} Samples:0x14000be3350}" spanID=0000000000000000
time=2026-08-02T15:43:33.580-07:00 level=WARN msg="Query returned multiple series, only first will be used" test=archv2-nxm tool=conduit-v1 collector=conduit type=conduit collector=conduit type=conduit series-count=2
time=2026-08-02T15:43:33.581-07:00 level=DEBUG msg="Query returned data" test=archv2-nxm tool=conduit-v1 collector=conduit type=conduit collector=conduit type=conduit name=msg-megabytes-in-per-second[archv2-nxm] series-count=1 last-value=0.28489017486572266
time=2026-08-02T15:43:33.581-07:00 level=DEBUG msg="promql query logged" test=archv2-nxm tool=conduit-v1 collector=conduit type=conduit collector=conduit type=conduit params="map[end:2026-08-02T22:43:33.581Z query:rate(conduit_connector_bytes_sum{pipeline_name=\"archv2-nxm\",type=\"destination\"}[2s])/1048576 start:2026-08-02T22:43:17.579Z step:1]" stats="&{Timings:{EvalTotalTime:4.4375e-05 ResultSortTime:5.42e-07 QueryPreparationTime:6.292e-06 InnerEvalTime:3.45e-05 ExecQueueTime:7.09e-07 ExecTotalTime:4.675e-05} Samples:0x14000be3f50}" spanID=0000000000000000
time=2026-08-02T15:43:33.581-07:00 level=WARN msg="Query returned multiple series, only first will be used" test=archv2-nxm tool=conduit-v1 collector=conduit type=conduit collector=conduit type=conduit series-count=2
time=2026-08-02T15:43:33.581-07:00 level=DEBUG msg="Query returned data" test=archv2-nxm tool=conduit-v1 collector=conduit type=conduit collector=conduit type=conduit name=msg-megabytes-out-per-second[archv2-nxm] series-count=1 last-value=0.5682153701782227
time=2026-08-02T15:43:33.837-07:00 level=DEBUG msg="Inspecting container" model=container-monitor name=benchi-conduit
time=2026-08-02T15:43:34.347-07:00 level=DEBUG msg="Inspecting container" model=container-monitor name=benchi-conduit
time=2026-08-02T15:43:34.580-07:00 level=DEBUG msg="promql query logged" test=archv2-nxm tool=conduit-v1 collector=conduit type=conduit collector=conduit type=conduit params="map[end:2026-08-02T22:43:34.580Z query:rate(conduit_pipeline_execution_duration_seconds_count{pipeline_name=\"archv2-nxm\"}[2s]) start:2026-08-02T22:43:17.579Z step:1]" stats="&{Timings:{EvalTotalTime:4.825e-05 ResultSortTime:3.75e-07 QueryPreparationTime:1.4209e-05 InnerEvalTime:2.75e-05 ExecQueueTime:2.292e-06 ExecTotalTime:5.4875e-05} Samples:0x14001350090}" spanID=0000000000000000
time=2026-08-02T15:43:34.580-07:00 level=DEBUG msg="Query returned data" test=archv2-nxm tool=conduit-v1 collector=conduit type=conduit collector=conduit type=conduit name=msg-rate-per-second[archv2-nxm] series-count=1 last-value=20237
time=2026-08-02T15:43:34.580-07:00 level=DEBUG msg="promql query logged" test=archv2-nxm tool=conduit-v1 collector=conduit type=conduit collector=conduit type=conduit params="map[end:2026-08-02T22:43:34.580Z query:rate(conduit_connector_bytes_sum{pipeline_name=\"archv2-nxm\",type=\"source\"}[2s])/1048576 start:2026-08-02T22:43:17.579Z step:1]" stats="&{Timings:{EvalTotalTime:5.4333e-05 ResultSortTime:7.91e-07 QueryPreparationTime:7.208e-06 InnerEvalTime:4.2083e-05 ExecQueueTime:9.59e-07 ExecTotalTime:5.6792e-05} Samples:0x14001350750}" spanID=0000000000000000
time=2026-08-02T15:43:34.580-07:00 level=WARN msg="Query returned multiple series, only first will be used" test=archv2-nxm tool=conduit-v1 collector=conduit type=conduit collector=conduit type=conduit series-count=2
time=2026-08-02T15:43:34.581-07:00 level=DEBUG msg="Query returned data" test=archv2-nxm tool=conduit-v1 collector=conduit type=conduit collector=conduit type=conduit name=msg-megabytes-in-per-second[archv2-nxm] series-count=1 last-value=0.2874612808227539
time=2026-08-02T15:43:34.581-07:00 level=DEBUG msg="promql query logged" test=archv2-nxm tool=conduit-v1 collector=conduit type=conduit collector=conduit type=conduit params="map[end:2026-08-02T22:43:34.581Z query:rate(conduit_connector_bytes_sum{pipeline_name=\"archv2-nxm\",type=\"destination\"}[2s])/1048576 start:2026-08-02T22:43:17.579Z step:1]" stats="&{Timings:{EvalTotalTime:4.5375e-05 ResultSortTime:5e-07 QueryPreparationTime:6.375e-06 InnerEvalTime:3.425e-05 ExecQueueTime:8.75e-07 ExecTotalTime:4.8792e-05} Samples:0x14001351440}" spanID=0000000000000000
time=2026-08-02T15:43:34.581-07:00 level=WARN msg="Query returned multiple series, only first will be used" test=archv2-nxm tool=conduit-v1 collector=conduit type=conduit collector=conduit type=conduit series-count=2
time=2026-08-02T15:43:34.581-07:00 level=DEBUG msg="Query returned data" test=archv2-nxm tool=conduit-v1 collector=conduit type=conduit collector=conduit type=conduit name=msg-megabytes-out-per-second[archv2-nxm] series-count=1 last-value=0.5716409683227539
time=2026-08-02T15:43:34.853-07:00 level=DEBUG msg="Inspecting container" model=container-monitor name=benchi-conduit
time=2026-08-02T15:43:35.358-07:00 level=DEBUG msg="Inspecting container" model=container-monitor name=benchi-conduit
time=2026-08-02T15:43:35.579-07:00 level=DEBUG msg="promql query logged" test=archv2-nxm tool=conduit-v1 collector=conduit type=conduit collector=conduit type=conduit params="map[end:2026-08-02T22:43:35.579Z query:rate(conduit_pipeline_execution_duration_seconds_count{pipeline_name=\"archv2-nxm\"}[2s]) start:2026-08-02T22:43:17.579Z step:1]" stats="&{Timings:{EvalTotalTime:5.1125e-05 ResultSortTime:3.75e-07 QueryPreparationTime:1.6417e-05 InnerEvalTime:2.8208e-05 ExecQueueTime:2.292e-06 ExecTotalTime:5.5792e-05} Samples:0x140015981e0}" spanID=0000000000000000
time=2026-08-02T15:43:35.580-07:00 level=DEBUG msg="Query returned data" test=archv2-nxm tool=conduit-v1 collector=conduit type=conduit collector=conduit type=conduit name=msg-rate-per-second[archv2-nxm] series-count=1 last-value=20197
time=2026-08-02T15:43:35.580-07:00 level=DEBUG msg="promql query logged" test=archv2-nxm tool=conduit-v1 collector=conduit type=conduit collector=conduit type=conduit params="map[end:2026-08-02T22:43:35.580Z query:rate(conduit_connector_bytes_sum{pipeline_name=\"archv2-nxm\",type=\"source\"}[2s])/1048576 start:2026-08-02T22:43:17.579Z step:1]" stats="&{Timings:{EvalTotalTime:5.6166e-05 ResultSortTime:7.08e-07 QueryPreparationTime:9.875e-06 InnerEvalTime:4.1583e-05 ExecQueueTime:7.08e-07 ExecTotalTime:5.8708e-05} Samples:0x140015988a0}" spanID=0000000000000000
time=2026-08-02T15:43:35.580-07:00 level=WARN msg="Query returned multiple series, only first will be used" test=archv2-nxm tool=conduit-v1 collector=conduit type=conduit collector=conduit type=conduit series-count=2
time=2026-08-02T15:43:35.580-07:00 level=DEBUG msg="Query returned data" test=archv2-nxm tool=conduit-v1 collector=conduit type=conduit collector=conduit type=conduit name=msg-megabytes-in-per-second[archv2-nxm] series-count=1 last-value=0.28739166259765625
time=2026-08-02T15:43:35.580-07:00 level=DEBUG msg="promql query logged" test=archv2-nxm tool=conduit-v1 collector=conduit type=conduit collector=conduit type=conduit params="map[end:2026-08-02T22:43:35.580Z query:rate(conduit_connector_bytes_sum{pipeline_name=\"archv2-nxm\",type=\"destination\"}[2s])/1048576 start:2026-08-02T22:43:17.579Z step:1]" stats="&{Timings:{EvalTotalTime:5.4291e-05 ResultSortTime:3.75e-07 QueryPreparationTime:7.334e-06 InnerEvalTime:4.1333e-05 ExecQueueTime:9.59e-07 ExecTotalTime:5.8125e-05} Samples:0x140015fa4b0}" spanID=0000000000000000
time=2026-08-02T15:43:35.580-07:00 level=WARN msg="Query returned multiple series, only first will be used" test=archv2-nxm tool=conduit-v1 collector=conduit type=conduit collector=conduit type=conduit series-count=2
time=2026-08-02T15:43:35.580-07:00 level=DEBUG msg="Query returned data" test=archv2-nxm tool=conduit-v1 collector=conduit type=conduit collector=conduit type=conduit name=msg-megabytes-out-per-second[archv2-nxm] series-count=1 last-value=0.5707283020019531
time=2026-08-02T15:43:35.865-07:00 level=DEBUG msg="Inspecting container" model=container-monitor name=benchi-conduit
time=2026-08-02T15:43:36.371-07:00 level=DEBUG msg="Inspecting container" model=container-monitor name=benchi-conduit
time=2026-08-02T15:43:36.579-07:00 level=DEBUG msg="promql query logged" test=archv2-nxm tool=conduit-v1 collector=conduit type=conduit collector=conduit type=conduit params="map[end:2026-08-02T22:43:36.579Z query:rate(conduit_pipeline_execution_duration_seconds_count{pipeline_name=\"archv2-nxm\"}[2s]) start:2026-08-02T22:43:17.579Z step:1]" stats="&{Timings:{EvalTotalTime:4.7709e-05 ResultSortTime:3.75e-07 QueryPreparationTime:1.425e-05 InnerEvalTime:2.85e-05 ExecQueueTime:2.417e-06 ExecTotalTime:5.3833e-05} Samples:0x140015fbad0}" spanID=0000000000000000
time=2026-08-02T15:43:36.579-07:00 level=DEBUG msg="Query returned data" test=archv2-nxm tool=conduit-v1 collector=conduit type=conduit collector=conduit type=conduit name=msg-rate-per-second[archv2-nxm] series-count=1 last-value=20607
time=2026-08-02T15:43:36.579-07:00 level=DEBUG msg="promql query logged" test=archv2-nxm tool=conduit-v1 collector=conduit type=conduit collector=conduit type=conduit params="map[end:2026-08-02T22:43:36.579Z query:rate(conduit_connector_bytes_sum{pipeline_name=\"archv2-nxm\",type=\"source\"}[2s])/1048576 start:2026-08-02T22:43:17.579Z step:1]" stats="&{Timings:{EvalTotalTime:6.2291e-05 ResultSortTime:8.75e-07 QueryPreparationTime:7.625e-06 InnerEvalTime:4.8166e-05 ExecQueueTime:1.291e-06 ExecTotalTime:6.5333e-05} Samples:0x1400126c210}" spanID=0000000000000000
time=2026-08-02T15:43:36.579-07:00 level=WARN msg="Query returned multiple series, only first will be used" test=archv2-nxm tool=conduit-v1 collector=conduit type=conduit collector=conduit type=conduit series-count=2
time=2026-08-02T15:43:36.579-07:00 level=DEBUG msg="Query returned data" test=archv2-nxm tool=conduit-v1 collector=conduit type=conduit collector=conduit type=conduit name=msg-megabytes-in-per-second[archv2-nxm] series-count=1 last-value=0.2893199920654297
time=2026-08-02T15:43:36.580-07:00 level=DEBUG msg="promql query logged" test=archv2-nxm tool=conduit-v1 collector=conduit type=conduit collector=conduit type=conduit params="map[end:2026-08-02T22:43:36.579Z query:rate(conduit_connector_bytes_sum{pipeline_name=\"archv2-nxm\",type=\"destination\"}[2s])/1048576 start:2026-08-02T22:43:17.579Z step:1]" stats="&{Timings:{EvalTotalTime:5.725e-05 ResultSortTime:4.58e-07 QueryPreparationTime:8.292e-06 InnerEvalTime:4.4541e-05 ExecQueueTime:1.208e-06 ExecTotalTime:6.0959e-05} Samples:0x1400133aba0}" spanID=0000000000000000
time=2026-08-02T15:43:36.580-07:00 level=WARN msg="Query returned multiple series, only first will be used" test=archv2-nxm tool=conduit-v1 collector=conduit type=conduit collector=conduit type=conduit series-count=2
time=2026-08-02T15:43:36.580-07:00 level=DEBUG msg="Query returned data" test=archv2-nxm tool=conduit-v1 collector=conduit type=conduit collector=conduit type=conduit name=msg-megabytes-out-per-second[archv2-nxm] series-count=1 last-value=0.5824003219604492
time=2026-08-02T15:43:36.882-07:00 level=DEBUG msg="Inspecting container" model=container-monitor name=benchi-conduit
time=2026-08-02T15:43:37.390-07:00 level=DEBUG msg="Inspecting container" model=container-monitor name=benchi-conduit
time=2026-08-02T15:43:37.579-07:00 level=INFO msg="Test in progress" test=archv2-nxm tool=conduit-v1 step=test time-left=40s
time=2026-08-02T15:43:37.579-07:00 level=DEBUG msg="promql query logged" test=archv2-nxm tool=conduit-v1 collector=conduit type=conduit collector=conduit type=conduit params="map[end:2026-08-02T22:43:37.579Z query:rate(conduit_pipeline_execution_duration_seconds_count{pipeline_name=\"archv2-nxm\"}[2s]) start:2026-08-02T22:43:17.579Z step:1]" stats="&{Timings:{EvalTotalTime:0.000113875 ResultSortTime:7.92e-07 QueryPreparationTime:5.025e-05 InnerEvalTime:5.5333e-05 ExecQueueTime:4.541e-06 ExecTotalTime:0.000121833} Samples:0x140014049f0}" spanID=0000000000000000
time=2026-08-02T15:43:37.579-07:00 level=DEBUG msg="Query returned data" test=archv2-nxm tool=conduit-v1 collector=conduit type=conduit collector=conduit type=conduit name=msg-rate-per-second[archv2-nxm] series-count=1 last-value=19449
time=2026-08-02T15:43:37.579-07:00 level=DEBUG msg="promql query logged" test=archv2-nxm tool=conduit-v1 collector=conduit type=conduit collector=conduit type=conduit params="map[end:2026-08-02T22:43:37.579Z query:rate(conduit_connector_bytes_sum{pipeline_name=\"archv2-nxm\",type=\"source\"}[2s])/1048576 start:2026-08-02T22:43:17.579Z step:1]" stats="&{Timings:{EvalTotalTime:7.4083e-05 ResultSortTime:1.25e-06 QueryPreparationTime:9e-06 InnerEvalTime:6.0792e-05 ExecQueueTime:1.208e-06 ExecTotalTime:7.8167e-05} Samples:0x140014050b0}" spanID=0000000000000000
time=2026-08-02T15:43:37.579-07:00 level=WARN msg="Query returned multiple series, only first will be used" test=archv2-nxm tool=conduit-v1 collector=conduit type=conduit collector=conduit type=conduit series-count=2
time=2026-08-02T15:43:37.579-07:00 level=DEBUG msg="Query returned data" test=archv2-nxm tool=conduit-v1 collector=conduit type=conduit collector=conduit type=conduit name=msg-megabytes-in-per-second[archv2-nxm] series-count=1 last-value=0.27540111541748047
time=2026-08-02T15:43:37.581-07:00 level=DEBUG msg="promql query logged" test=archv2-nxm tool=conduit-v1 collector=conduit type=conduit collector=conduit type=conduit params="map[end:2026-08-02T22:43:37.581Z query:rate(conduit_connector_bytes_sum{pipeline_name=\"archv2-nxm\",type=\"destination\"}[2s])/1048576 start:2026-08-02T22:43:17.579Z step:1]" stats="&{Timings:{EvalTotalTime:5.6208e-05 ResultSortTime:8.75e-07 QueryPreparationTime:1.0833e-05 InnerEvalTime:4.1459e-05 ExecQueueTime:2.125e-06 ExecTotalTime:6.3208e-05} Samples:0x1400137b0e0}" spanID=0000000000000000
time=2026-08-02T15:43:37.581-07:00 level=WARN msg="Query returned multiple series, only first will be used" test=archv2-nxm tool=conduit-v1 collector=conduit type=conduit collector=conduit type=conduit series-count=2
time=2026-08-02T15:43:37.581-07:00 level=DEBUG msg="Query returned data" test=archv2-nxm tool=conduit-v1 collector=conduit type=conduit collector=conduit type=conduit name=msg-megabytes-out-per-second[archv2-nxm] series-count=1 last-value=0.5499744415283203
time=2026-08-02T15:43:37.903-07:00 level=DEBUG msg="Inspecting container" model=container-monitor name=benchi-conduit
time=2026-08-02T15:43:38.408-07:00 level=DEBUG msg="Inspecting container" model=container-monitor name=benchi-conduit
time=2026-08-02T15:43:38.581-07:00 level=DEBUG msg="promql query logged" test=archv2-nxm tool=conduit-v1 collector=conduit type=conduit collector=conduit type=conduit params="map[end:2026-08-02T22:43:38.580Z query:rate(conduit_pipeline_execution_duration_seconds_count{pipeline_name=\"archv2-nxm\"}[2s]) start:2026-08-02T22:43:17.579Z step:1]" stats="&{Timings:{EvalTotalTime:0.000106167 ResultSortTime:1.167e-06 QueryPreparationTime:3.35e-05 InnerEvalTime:6.0625e-05 ExecQueueTime:5.791e-06 ExecTotalTime:0.000116458} Samples:0x140013d7e90}" spanID=0000000000000000
time=2026-08-02T15:43:38.581-07:00 level=DEBUG msg="Query returned data" test=archv2-nxm tool=conduit-v1 collector=conduit type=conduit collector=conduit type=conduit name=msg-rate-per-second[archv2-nxm] series-count=1 last-value=17724
time=2026-08-02T15:43:38.581-07:00 level=DEBUG msg="promql query logged" test=archv2-nxm tool=conduit-v1 collector=conduit type=conduit collector=conduit type=conduit params="map[end:2026-08-02T22:43:38.581Z query:rate(conduit_connector_bytes_sum{pipeline_name=\"archv2-nxm\",type=\"source\"}[2s])/1048576 start:2026-08-02T22:43:17.579Z step:1]" stats="&{Timings:{EvalTotalTime:0.000146334 ResultSortTime:1.667e-06 QueryPreparationTime:1.3042e-05 InnerEvalTime:0.000126291 ExecQueueTime:1.875e-06 ExecTotalTime:0.000153} Samples:0x140015b45d0}" spanID=0000000000000000
time=2026-08-02T15:43:38.581-07:00 level=WARN msg="Query returned multiple series, only first will be used" test=archv2-nxm tool=conduit-v1 collector=conduit type=conduit collector=conduit type=conduit series-count=2
time=2026-08-02T15:43:38.582-07:00 level=DEBUG msg="Query returned data" test=archv2-nxm tool=conduit-v1 collector=conduit type=conduit collector=conduit type=conduit name=msg-megabytes-in-per-second[archv2-nxm] series-count=1 last-value=0.24887943267822266
time=2026-08-02T15:43:38.582-07:00 level=DEBUG msg="promql query logged" test=archv2-nxm tool=conduit-v1 collector=conduit type=conduit collector=conduit type=conduit params="map[end:2026-08-02T22:43:38.582Z query:rate(conduit_connector_bytes_sum{pipeline_name=\"archv2-nxm\",type=\"destination\"}[2s])/1048576 start:2026-08-02T22:43:17.579Z step:1]" stats="&{Timings:{EvalTotalTime:0.000207208 ResultSortTime:1.042e-06 QueryPreparationTime:0.00011575 InnerEvalTime:8.2708e-05 ExecQueueTime:1.1542e-05 ExecTotalTime:0.00022425} Samples:0x140015b5290}" spanID=0000000000000000
time=2026-08-02T15:43:38.582-07:00 level=WARN msg="Query returned multiple series, only first will be used" test=archv2-nxm tool=conduit-v1 collector=conduit type=conduit collector=conduit type=conduit series-count=2
time=2026-08-02T15:43:38.583-07:00 level=DEBUG msg="Query returned data" test=archv2-nxm tool=conduit-v1 collector=conduit type=conduit collector=conduit type=conduit name=msg-megabytes-out-per-second[archv2-nxm] series-count=1 last-value=0.5008811950683594
time=2026-08-02T15:43:38.913-07:00 level=DEBUG msg="Inspecting container" model=container-monitor name=benchi-conduit
time=2026-08-02T15:43:39.422-07:00 level=DEBUG msg="Inspecting container" model=container-monitor name=benchi-conduit
time=2026-08-02T15:43:39.580-07:00 level=DEBUG msg="promql query logged" test=archv2-nxm tool=conduit-v1 collector=conduit type=conduit collector=conduit type=conduit params="map[end:2026-08-02T22:43:39.579Z query:rate(conduit_pipeline_execution_duration_seconds_count{pipeline_name=\"archv2-nxm\"}[2s]) start:2026-08-02T22:43:17.579Z step:1]" stats="&{Timings:{EvalTotalTime:7.3667e-05 ResultSortTime:5.41e-07 QueryPreparationTime:2.2416e-05 InnerEvalTime:4.4125e-05 ExecQueueTime:3.75e-06 ExecTotalTime:9.3583e-05} Samples:0x140014b5e90}" spanID=0000000000000000
time=2026-08-02T15:43:39.580-07:00 level=DEBUG msg="Query returned data" test=archv2-nxm tool=conduit-v1 collector=conduit type=conduit collector=conduit type=conduit name=msg-rate-per-second[archv2-nxm] series-count=1 last-value=18370
time=2026-08-02T15:43:39.580-07:00 level=DEBUG msg="promql query logged" test=archv2-nxm tool=conduit-v1 collector=conduit type=conduit collector=conduit type=conduit params="map[end:2026-08-02T22:43:39.580Z query:rate(conduit_connector_bytes_sum{pipeline_name=\"archv2-nxm\",type=\"source\"}[2s])/1048576 start:2026-08-02T22:43:17.579Z step:1]" stats="&{Timings:{EvalTotalTime:6.6958e-05 ResultSortTime:8.75e-07 QueryPreparationTime:9.041e-06 InnerEvalTime:5.2708e-05 ExecQueueTime:9.58e-07 ExecTotalTime:7.0167e-05} Samples:0x140016825d0}" spanID=0000000000000000
time=2026-08-02T15:43:39.580-07:00 level=WARN msg="Query returned multiple series, only first will be used" test=archv2-nxm tool=conduit-v1 collector=conduit type=conduit collector=conduit type=conduit series-count=2
time=2026-08-02T15:43:39.580-07:00 level=DEBUG msg="Query returned data" test=archv2-nxm tool=conduit-v1 collector=conduit type=conduit collector=conduit type=conduit name=msg-megabytes-in-per-second[archv2-nxm] series-count=1 last-value=0.25789737701416016
time=2026-08-02T15:43:39.580-07:00 level=DEBUG msg="promql query logged" test=archv2-nxm tool=conduit-v1 collector=conduit type=conduit collector=conduit type=conduit params="map[end:2026-08-02T22:43:39.580Z query:rate(conduit_connector_bytes_sum{pipeline_name=\"archv2-nxm\",type=\"destination\"}[2s])/1048576 start:2026-08-02T22:43:17.579Z step:1]" stats="&{Timings:{EvalTotalTime:6.7125e-05 ResultSortTime:5.83e-07 QueryPreparationTime:8.958e-06 InnerEvalTime:5.3416e-05 ExecQueueTime:1.208e-06 ExecTotalTime:7.0917e-05} Samples:0x140015e8c60}" spanID=0000000000000000
time=2026-08-02T15:43:39.580-07:00 level=WARN msg="Query returned multiple series, only first will be used" test=archv2-nxm tool=conduit-v1 collector=conduit type=conduit collector=conduit type=conduit series-count=2
time=2026-08-02T15:43:39.580-07:00 level=DEBUG msg="Query returned data" test=archv2-nxm tool=conduit-v1 collector=conduit type=conduit collector=conduit type=conduit name=msg-megabytes-out-per-second[archv2-nxm] series-count=1 last-value=0.519129753112793
time=2026-08-02T15:43:39.933-07:00 level=DEBUG msg="Inspecting container" model=container-monitor name=benchi-conduit
time=2026-08-02T15:43:40.440-07:00 level=DEBUG msg="Inspecting container" model=container-monitor name=benchi-conduit
time=2026-08-02T15:43:40.579-07:00 level=DEBUG msg="promql query logged" test=archv2-nxm tool=conduit-v1 collector=conduit type=conduit collector=conduit type=conduit params="map[end:2026-08-02T22:43:40.579Z query:rate(conduit_pipeline_execution_duration_seconds_count{pipeline_name=\"archv2-nxm\"}[2s]) start:2026-08-02T22:43:17.579Z step:1]" stats="&{Timings:{EvalTotalTime:9.8e-05 ResultSortTime:6.67e-07 QueryPreparationTime:2.4916e-05 InnerEvalTime:6.4042e-05 ExecQueueTime:3.417e-06 ExecTotalTime:0.000105375} Samples:0x14001405bc0}" spanID=0000000000000000
time=2026-08-02T15:43:40.579-07:00 level=DEBUG msg="Query returned data" test=archv2-nxm tool=conduit-v1 collector=conduit type=conduit collector=conduit type=conduit name=msg-rate-per-second[archv2-nxm] series-count=1 last-value=18014
time=2026-08-02T15:43:40.580-07:00 level=DEBUG msg="promql query logged" test=archv2-nxm tool=conduit-v1 collector=conduit type=conduit collector=conduit type=conduit params="map[end:2026-08-02T22:43:40.579Z query:rate(conduit_connector_bytes_sum{pipeline_name=\"archv2-nxm\",type=\"source\"}[2s])/1048576 start:2026-08-02T22:43:17.579Z step:1]" stats="&{Timings:{EvalTotalTime:0.000107875 ResultSortTime:1.375e-06 QueryPreparationTime:1.2417e-05 InnerEvalTime:8.775e-05 ExecQueueTime:1.417e-06 ExecTotalTime:0.00011225} Samples:0x14001424300}" spanID=0000000000000000
time=2026-08-02T15:43:40.580-07:00 level=WARN msg="Query returned multiple series, only first will be used" test=archv2-nxm tool=conduit-v1 collector=conduit type=conduit collector=conduit type=conduit series-count=2
time=2026-08-02T15:43:40.580-07:00 level=DEBUG msg="Query returned data" test=archv2-nxm tool=conduit-v1 collector=conduit type=conduit collector=conduit type=conduit name=msg-megabytes-in-per-second[archv2-nxm] series-count=1 last-value=0.2534313201904297
time=2026-08-02T15:43:40.580-07:00 level=DEBUG msg="promql query logged" test=archv2-nxm tool=conduit-v1 collector=conduit type=conduit collector=conduit type=conduit params="map[end:2026-08-02T22:43:40.580Z query:rate(conduit_connector_bytes_sum{pipeline_name=\"archv2-nxm\",type=\"destination\"}[2s])/1048576 start:2026-08-02T22:43:17.579Z step:1]" stats="&{Timings:{EvalTotalTime:7.6916e-05 ResultSortTime:9.16e-07 QueryPreparationTime:1.2583e-05 InnerEvalTime:5.8417e-05 ExecQueueTime:1.75e-06 ExecTotalTime:8.975e-05} Samples:0x14001425080}" spanID=0000000000000000
time=2026-08-02T15:43:40.580-07:00 level=WARN msg="Query returned multiple series, only first will be used" test=archv2-nxm tool=conduit-v1 collector=conduit type=conduit collector=conduit type=conduit series-count=2
time=2026-08-02T15:43:40.580-07:00 level=DEBUG msg="Query returned data" test=archv2-nxm tool=conduit-v1 collector=conduit type=conduit collector=conduit type=conduit name=msg-megabytes-out-per-second[archv2-nxm] series-count=1 last-value=0.5088386535644531
time=2026-08-02T15:43:40.945-07:00 level=DEBUG msg="Inspecting container" model=container-monitor name=benchi-conduit
time=2026-08-02T15:43:41.457-07:00 level=DEBUG msg="Inspecting container" model=container-monitor name=benchi-conduit
time=2026-08-02T15:43:41.580-07:00 level=DEBUG msg="promql query logged" test=archv2-nxm tool=conduit-v1 collector=conduit type=conduit collector=conduit type=conduit params="map[end:2026-08-02T22:43:41.580Z query:rate(conduit_pipeline_execution_duration_seconds_count{pipeline_name=\"archv2-nxm\"}[2s]) start:2026-08-02T22:43:17.579Z step:1]" stats="&{Timings:{EvalTotalTime:6.0375e-05 ResultSortTime:5.83e-07 QueryPreparationTime:1.6708e-05 InnerEvalTime:3.7584e-05 ExecQueueTime:2.625e-06 ExecTotalTime:6.6958e-05} Samples:0x14001638c60}" spanID=0000000000000000
time=2026-08-02T15:43:41.580-07:00 level=DEBUG msg="Query returned data" test=archv2-nxm tool=conduit-v1 collector=conduit type=conduit collector=conduit type=conduit name=msg-rate-per-second[archv2-nxm] series-count=1 last-value=18698
time=2026-08-02T15:43:41.580-07:00 level=DEBUG msg="promql query logged" test=archv2-nxm tool=conduit-v1 collector=conduit type=conduit collector=conduit type=conduit params="map[end:2026-08-02T22:43:41.580Z query:rate(conduit_connector_bytes_sum{pipeline_name=\"archv2-nxm\",type=\"source\"}[2s])/1048576 start:2026-08-02T22:43:17.579Z step:1]" stats="&{Timings:{EvalTotalTime:9.5333e-05 ResultSortTime:9.17e-07 QueryPreparationTime:7.583e-06 InnerEvalTime:8.1667e-05 ExecQueueTime:9.17e-07 ExecTotalTime:9.8375e-05} Samples:0x14001639380}" spanID=0000000000000000
time=2026-08-02T15:43:41.580-07:00 level=WARN msg="Query returned multiple series, only first will be used" test=archv2-nxm tool=conduit-v1 collector=conduit type=conduit collector=conduit type=conduit series-count=2
time=2026-08-02T15:43:41.580-07:00 level=DEBUG msg="Query returned data" test=archv2-nxm tool=conduit-v1 collector=conduit type=conduit collector=conduit type=conduit name=msg-megabytes-in-per-second[archv2-nxm] series-count=1 last-value=0.2656536102294922
time=2026-08-02T15:43:41.581-07:00 level=DEBUG msg="promql query logged" test=archv2-nxm tool=conduit-v1 collector=conduit type=conduit collector=conduit type=conduit params="map[end:2026-08-02T22:43:41.580Z query:rate(conduit_connector_bytes_sum{pipeline_name=\"archv2-nxm\",type=\"destination\"}[2s])/1048576 start:2026-08-02T22:43:17.579Z step:1]" stats="&{Timings:{EvalTotalTime:6.475e-05 ResultSortTime:4.59e-07 QueryPreparationTime:8.75e-06 InnerEvalTime:5.1792e-05 ExecQueueTime:1.376e-06 ExecTotalTime:6.825e-05} Samples:0x14001683740}" spanID=0000000000000000
time=2026-08-02T15:43:41.581-07:00 level=WARN msg="Query returned multiple series, only first will be used" test=archv2-nxm tool=conduit-v1 collector=conduit type=conduit collector=conduit type=conduit series-count=2
time=2026-08-02T15:43:41.581-07:00 level=DEBUG msg="Query returned data" test=archv2-nxm tool=conduit-v1 collector=conduit type=conduit collector=conduit type=conduit name=msg-megabytes-out-per-second[archv2-nxm] series-count=1 last-value=0.5284109115600586
time=2026-08-02T15:43:41.966-07:00 level=DEBUG msg="Inspecting container" model=container-monitor name=benchi-conduit
time=2026-08-02T15:43:42.479-07:00 level=DEBUG msg="Inspecting container" model=container-monitor name=benchi-conduit
time=2026-08-02T15:43:42.580-07:00 level=DEBUG msg="promql query logged" test=archv2-nxm tool=conduit-v1 collector=conduit type=conduit collector=conduit type=conduit params="map[end:2026-08-02T22:43:42.579Z query:rate(conduit_pipeline_execution_duration_seconds_count{pipeline_name=\"archv2-nxm\"}[2s]) start:2026-08-02T22:43:17.579Z step:1]" stats="&{Timings:{EvalTotalTime:7.7583e-05 ResultSortTime:7.5e-07 QueryPreparationTime:2.2792e-05 InnerEvalTime:4.6708e-05 ExecQueueTime:3.916e-06 ExecTotalTime:8.6583e-05} Samples:0x14001286360}" spanID=0000000000000000
time=2026-08-02T15:43:42.580-07:00 level=DEBUG msg="Query returned data" test=archv2-nxm tool=conduit-v1 collector=conduit type=conduit collector=conduit type=conduit name=msg-rate-per-second[archv2-nxm] series-count=1 last-value=18321
time=2026-08-02T15:43:42.580-07:00 level=DEBUG msg="promql query logged" test=archv2-nxm tool=conduit-v1 collector=conduit type=conduit collector=conduit type=conduit params="map[end:2026-08-02T22:43:42.580Z query:rate(conduit_connector_bytes_sum{pipeline_name=\"archv2-nxm\",type=\"source\"}[2s])/1048576 start:2026-08-02T22:43:17.579Z step:1]" stats="&{Timings:{EvalTotalTime:0.000124667 ResultSortTime:1.375e-06 QueryPreparationTime:1.3959e-05 InnerEvalTime:0.000103542 ExecQueueTime:1.417e-06 ExecTotalTime:0.000129292} Samples:0x14001286a50}" spanID=0000000000000000
time=2026-08-02T15:43:42.580-07:00 level=WARN msg="Query returned multiple series, only first will be used" test=archv2-nxm tool=conduit-v1 collector=conduit type=conduit collector=conduit type=conduit series-count=2
time=2026-08-02T15:43:42.580-07:00 level=DEBUG msg="Query returned data" test=archv2-nxm tool=conduit-v1 collector=conduit type=conduit collector=conduit type=conduit name=msg-megabytes-in-per-second[archv2-nxm] series-count=1 last-value=0.2574586868286133
time=2026-08-02T15:43:42.580-07:00 level=DEBUG msg="promql query logged" test=archv2-nxm tool=conduit-v1 collector=conduit type=conduit collector=conduit type=conduit params="map[end:2026-08-02T22:43:42.580Z query:rate(conduit_connector_bytes_sum{pipeline_name=\"archv2-nxm\",type=\"destination\"}[2s])/1048576 start:2026-08-02T22:43:17.579Z step:1]" stats="&{Timings:{EvalTotalTime:8.6458e-05 ResultSortTime:1e-06 QueryPreparationTime:9.958e-06 InnerEvalTime:6.8541e-05 ExecQueueTime:9.58e-07 ExecTotalTime:8.95e-05} Samples:0x14001287860}" spanID=0000000000000000
time=2026-08-02T15:43:42.580-07:00 level=WARN msg="Query returned multiple series, only first will be used" test=archv2-nxm tool=conduit-v1 collector=conduit type=conduit collector=conduit type=conduit series-count=2
time=2026-08-02T15:43:42.581-07:00 level=DEBUG msg="Query returned data" test=archv2-nxm tool=conduit-v1 collector=conduit type=conduit collector=conduit type=conduit name=msg-megabytes-out-per-second[archv2-nxm] series-count=1 last-value=0.5178155899047852
time=2026-08-02T15:43:42.581-07:00 level=INFO msg="Test in progress" test=archv2-nxm tool=conduit-v1 step=test time-left=35s
time=2026-08-02T15:43:42.987-07:00 level=DEBUG msg="Inspecting container" model=container-monitor name=benchi-conduit
time=2026-08-02T15:43:43.492-07:00 level=DEBUG msg="Inspecting container" model=container-monitor name=benchi-conduit
time=2026-08-02T15:43:43.580-07:00 level=DEBUG msg="promql query logged" test=archv2-nxm tool=conduit-v1 collector=conduit type=conduit collector=conduit type=conduit params="map[end:2026-08-02T22:43:43.580Z query:rate(conduit_pipeline_execution_duration_seconds_count{pipeline_name=\"archv2-nxm\"}[2s]) start:2026-08-02T22:43:17.579Z step:1]" stats="&{Timings:{EvalTotalTime:0.000104375 ResultSortTime:7.5e-07 QueryPreparationTime:3.3625e-05 InnerEvalTime:6.225e-05 ExecQueueTime:4.75e-06 ExecTotalTime:0.000114} Samples:0x14000be3380}" spanID=0000000000000000
time=2026-08-02T15:43:43.580-07:00 level=DEBUG msg="Query returned data" test=archv2-nxm tool=conduit-v1 collector=conduit type=conduit collector=conduit type=conduit name=msg-rate-per-second[archv2-nxm] series-count=1 last-value=18990
time=2026-08-02T15:43:43.580-07:00 level=DEBUG msg="promql query logged" test=archv2-nxm tool=conduit-v1 collector=conduit type=conduit collector=conduit type=conduit params="map[end:2026-08-02T22:43:43.580Z query:rate(conduit_connector_bytes_sum{pipeline_name=\"archv2-nxm\",type=\"source\"}[2s])/1048576 start:2026-08-02T22:43:17.579Z step:1]" stats="&{Timings:{EvalTotalTime:0.000121 ResultSortTime:1.791e-06 QueryPreparationTime:2.4042e-05 InnerEvalTime:8.9042e-05 ExecQueueTime:1.584e-06 ExecTotalTime:0.000125709} Samples:0x14000be3b00}" spanID=0000000000000000
time=2026-08-02T15:43:43.581-07:00 level=WARN msg="Query returned multiple series, only first will be used" test=archv2-nxm tool=conduit-v1 collector=conduit type=conduit collector=conduit type=conduit series-count=2
time=2026-08-02T15:43:43.581-07:00 level=DEBUG msg="Query returned data" test=archv2-nxm tool=conduit-v1 collector=conduit type=conduit collector=conduit type=conduit name=msg-megabytes-in-per-second[archv2-nxm] series-count=1 last-value=0.2704181671142578
time=2026-08-02T15:43:43.581-07:00 level=DEBUG msg="promql query logged" test=archv2-nxm tool=conduit-v1 collector=conduit type=conduit collector=conduit type=conduit params="map[end:2026-08-02T22:43:43.581Z query:rate(conduit_connector_bytes_sum{pipeline_name=\"archv2-nxm\",type=\"destination\"}[2s])/1048576 start:2026-08-02T22:43:17.579Z step:1]" stats="&{Timings:{EvalTotalTime:9.0291e-05 ResultSortTime:1.417e-06 QueryPreparationTime:1.2542e-05 InnerEvalTime:7.05e-05 ExecQueueTime:1.375e-06 ExecTotalTime:9.5333e-05} Samples:0x14000fdf8c0}" spanID=0000000000000000
time=2026-08-02T15:43:43.581-07:00 level=WARN msg="Query returned multiple series, only first will be used" test=archv2-nxm tool=conduit-v1 collector=conduit type=conduit collector=conduit type=conduit series-count=2
time=2026-08-02T15:43:43.581-07:00 level=DEBUG msg="Query returned data" test=archv2-nxm tool=conduit-v1 collector=conduit type=conduit collector=conduit type=conduit name=msg-megabytes-out-per-second[archv2-nxm] series-count=1 last-value=0.5367107391357422
time=2026-08-02T15:43:44.000-07:00 level=DEBUG msg="Inspecting container" model=container-monitor name=benchi-conduit
time=2026-08-02T15:43:44.507-07:00 level=DEBUG msg="Inspecting container" model=container-monitor name=benchi-conduit
time=2026-08-02T15:43:44.579-07:00 level=DEBUG msg="promql query logged" test=archv2-nxm tool=conduit-v1 collector=conduit type=conduit collector=conduit type=conduit params="map[end:2026-08-02T22:43:44.579Z query:rate(conduit_pipeline_execution_duration_seconds_count{pipeline_name=\"archv2-nxm\"}[2s]) start:2026-08-02T22:43:17.579Z step:1]" stats="&{Timings:{EvalTotalTime:5.4333e-05 ResultSortTime:3.75e-07 QueryPreparationTime:1.5875e-05 InnerEvalTime:3.2834e-05 ExecQueueTime:2.417e-06 ExecTotalTime:6.025e-05} Samples:0x14000a5fe00}" spanID=0000000000000000
time=2026-08-02T15:43:44.579-07:00 level=DEBUG msg="Query returned data" test=archv2-nxm tool=conduit-v1 collector=conduit type=conduit collector=conduit type=conduit name=msg-rate-per-second[archv2-nxm] series-count=1 last-value=18078
time=2026-08-02T15:43:44.579-07:00 level=DEBUG msg="promql query logged" test=archv2-nxm tool=conduit-v1 collector=conduit type=conduit collector=conduit type=conduit params="map[end:2026-08-02T22:43:44.579Z query:rate(conduit_connector_bytes_sum{pipeline_name=\"archv2-nxm\",type=\"source\"}[2s])/1048576 start:2026-08-02T22:43:17.579Z step:1]" stats="&{Timings:{EvalTotalTime:6.5459e-05 ResultSortTime:8.33e-07 QueryPreparationTime:7.208e-06 InnerEvalTime:5.4166e-05 ExecQueueTime:1e-06 ExecTotalTime:6.8333e-05} Samples:0x1400133a540}" spanID=0000000000000000
time=2026-08-02T15:43:44.579-07:00 level=WARN msg="Query returned multiple series, only first will be used" test=archv2-nxm tool=conduit-v1 collector=conduit type=conduit collector=conduit type=conduit series-count=2
time=2026-08-02T15:43:44.579-07:00 level=DEBUG msg="Query returned data" test=archv2-nxm tool=conduit-v1 collector=conduit type=conduit collector=conduit type=conduit name=msg-megabytes-in-per-second[archv2-nxm] series-count=1 last-value=0.25624752044677734
time=2026-08-02T15:43:44.580-07:00 level=DEBUG msg="promql query logged" test=archv2-nxm tool=conduit-v1 collector=conduit type=conduit collector=conduit type=conduit params="map[end:2026-08-02T22:43:44.579Z query:rate(conduit_connector_bytes_sum{pipeline_name=\"archv2-nxm\",type=\"destination\"}[2s])/1048576 start:2026-08-02T22:43:17.579Z step:1]" stats="&{Timings:{EvalTotalTime:6.9417e-05 ResultSortTime:7.5e-07 QueryPreparationTime:8.625e-06 InnerEvalTime:5.5459e-05 ExecQueueTime:1.251e-06 ExecTotalTime:7.3709e-05} Samples:0x14000eacde0}" spanID=0000000000000000
time=2026-08-02T15:43:44.580-07:00 level=WARN msg="Query returned multiple series, only first will be used" test=archv2-nxm tool=conduit-v1 collector=conduit type=conduit collector=conduit type=conduit series-count=2
time=2026-08-02T15:43:44.580-07:00 level=DEBUG msg="Query returned data" test=archv2-nxm tool=conduit-v1 collector=conduit type=conduit collector=conduit type=conduit name=msg-megabytes-out-per-second[archv2-nxm] series-count=1 last-value=0.5104560852050781
time=2026-08-02T15:43:45.011-07:00 level=DEBUG msg="Inspecting container" model=container-monitor name=benchi-conduit
time=2026-08-02T15:43:45.524-07:00 level=DEBUG msg="Inspecting container" model=container-monitor name=benchi-conduit
time=2026-08-02T15:43:45.580-07:00 level=DEBUG msg="promql query logged" test=archv2-nxm tool=conduit-v1 collector=conduit type=conduit collector=conduit type=conduit params="map[end:2026-08-02T22:43:45.580Z query:rate(conduit_pipeline_execution_duration_seconds_count{pipeline_name=\"archv2-nxm\"}[2s]) start:2026-08-02T22:43:17.579Z step:1]" stats="&{Timings:{EvalTotalTime:0.000110458 ResultSortTime:8.33e-07 QueryPreparationTime:3.4125e-05 InnerEvalTime:6.4333e-05 ExecQueueTime:4.25e-06 ExecTotalTime:0.000123709} Samples:0x140015b4300}" spanID=0000000000000000
time=2026-08-02T15:43:45.580-07:00 level=DEBUG msg="Query returned data" test=archv2-nxm tool=conduit-v1 collector=conduit type=conduit collector=conduit type=conduit name=msg-rate-per-second[archv2-nxm] series-count=1 last-value=19192
time=2026-08-02T15:43:45.581-07:00 level=DEBUG msg="promql query logged" test=archv2-nxm tool=conduit-v1 collector=conduit type=conduit collector=conduit type=conduit params="map[end:2026-08-02T22:43:45.580Z query:rate(conduit_connector_bytes_sum{pipeline_name=\"archv2-nxm\",type=\"source\"}[2s])/1048576 start:2026-08-02T22:43:17.579Z step:1]" stats="&{Timings:{EvalTotalTime:0.000183166 ResultSortTime:2.167e-06 QueryPreparationTime:1.5583e-05 InnerEvalTime:0.000155375 ExecQueueTime:5e-06 ExecTotalTime:0.000193334} Samples:0x140015b49c0}" spanID=0000000000000000
time=2026-08-02T15:43:45.581-07:00 level=WARN msg="Query returned multiple series, only first will be used" test=archv2-nxm tool=conduit-v1 collector=conduit type=conduit collector=conduit type=conduit series-count=2
time=2026-08-02T15:43:45.581-07:00 level=DEBUG msg="Query returned data" test=archv2-nxm tool=conduit-v1 collector=conduit type=conduit collector=conduit type=conduit name=msg-megabytes-in-per-second[archv2-nxm] series-count=1 last-value=0.26874351501464844
time=2026-08-02T15:43:45.581-07:00 level=DEBUG msg="promql query logged" test=archv2-nxm tool=conduit-v1 collector=conduit type=conduit collector=conduit type=conduit params="map[end:2026-08-02T22:43:45.581Z query:rate(conduit_connector_bytes_sum{pipeline_name=\"archv2-nxm\",type=\"destination\"}[2s])/1048576 start:2026-08-02T22:43:17.579Z step:1]" stats="&{Timings:{EvalTotalTime:0.000120584 ResultSortTime:9.59e-07 QueryPreparationTime:1.8334e-05 InnerEvalTime:9.35e-05 ExecQueueTime:1.625e-06 ExecTotalTime:0.000126292} Samples:0x140014b43f0}" spanID=0000000000000000
time=2026-08-02T15:43:45.581-07:00 level=WARN msg="Query returned multiple series, only first will be used" test=archv2-nxm tool=conduit-v1 collector=conduit type=conduit collector=conduit type=conduit series-count=2
time=2026-08-02T15:43:45.581-07:00 level=DEBUG msg="Query returned data" test=archv2-nxm tool=conduit-v1 collector=conduit type=conduit collector=conduit type=conduit name=msg-megabytes-out-per-second[archv2-nxm] series-count=1 last-value=0.541935920715332
time=2026-08-02T15:43:46.037-07:00 level=DEBUG msg="Inspecting container" model=container-monitor name=benchi-conduit
time=2026-08-02T15:43:46.543-07:00 level=DEBUG msg="Inspecting container" model=container-monitor name=benchi-conduit
time=2026-08-02T15:43:46.579-07:00 level=DEBUG msg="promql query logged" test=archv2-nxm tool=conduit-v1 collector=conduit type=conduit collector=conduit type=conduit params="map[end:2026-08-02T22:43:46.579Z query:rate(conduit_pipeline_execution_duration_seconds_count{pipeline_name=\"archv2-nxm\"}[2s]) start:2026-08-02T22:43:17.579Z step:1]" stats="&{Timings:{EvalTotalTime:0.000102917 ResultSortTime:1.166e-06 QueryPreparationTime:3.0375e-05 InnerEvalTime:6.35e-05 ExecQueueTime:4.75e-06 ExecTotalTime:0.0001115} Samples:0x140015e96e0}" spanID=0000000000000000
time=2026-08-02T15:43:46.579-07:00 level=DEBUG msg="Query returned data" test=archv2-nxm tool=conduit-v1 collector=conduit type=conduit collector=conduit type=conduit name=msg-rate-per-second[archv2-nxm] series-count=1 last-value=18474
time=2026-08-02T15:43:46.579-07:00 level=DEBUG msg="promql query logged" test=archv2-nxm tool=conduit-v1 collector=conduit type=conduit collector=conduit type=conduit params="map[end:2026-08-02T22:43:46.579Z query:rate(conduit_connector_bytes_sum{pipeline_name=\"archv2-nxm\",type=\"source\"}[2s])/1048576 start:2026-08-02T22:43:17.579Z step:1]" stats="&{Timings:{EvalTotalTime:9.5e-05 ResultSortTime:1.5e-06 QueryPreparationTime:1.5e-05 InnerEvalTime:7.4417e-05 ExecQueueTime:1.458e-06 ExecTotalTime:9.8459e-05} Samples:0x140015e9da0}" spanID=0000000000000000
time=2026-08-02T15:43:46.580-07:00 level=WARN msg="Query returned multiple series, only first will be used" test=archv2-nxm tool=conduit-v1 collector=conduit type=conduit collector=conduit type=conduit series-count=2
time=2026-08-02T15:43:46.580-07:00 level=DEBUG msg="Query returned data" test=archv2-nxm tool=conduit-v1 collector=conduit type=conduit collector=conduit type=conduit name=msg-megabytes-in-per-second[archv2-nxm] series-count=1 last-value=0.2605876922607422
time=2026-08-02T15:43:46.580-07:00 level=DEBUG msg="promql query logged" test=archv2-nxm tool=conduit-v1 collector=conduit type=conduit collector=conduit type=conduit params="map[end:2026-08-02T22:43:46.580Z query:rate(conduit_connector_bytes_sum{pipeline_name=\"archv2-nxm\",type=\"destination\"}[2s])/1048576 start:2026-08-02T22:43:17.579Z step:1]" stats="&{Timings:{EvalTotalTime:8.5375e-05 ResultSortTime:6.25e-07 QueryPreparationTime:1.225e-05 InnerEvalTime:6.8667e-05 ExecQueueTime:1.167e-06 ExecTotalTime:8.925e-05} Samples:0x140011c67b0}" spanID=0000000000000000
time=2026-08-02T15:43:46.580-07:00 level=WARN msg="Query returned multiple series, only first will be used" test=archv2-nxm tool=conduit-v1 collector=conduit type=conduit collector=conduit type=conduit series-count=2
time=2026-08-02T15:43:46.580-07:00 level=DEBUG msg="Query returned data" test=archv2-nxm tool=conduit-v1 collector=conduit type=conduit collector=conduit type=conduit name=msg-megabytes-out-per-second[archv2-nxm] series-count=1 last-value=0.521245002746582
time=2026-08-02T15:43:47.050-07:00 level=DEBUG msg="Inspecting container" model=container-monitor name=benchi-conduit
time=2026-08-02T15:43:47.555-07:00 level=DEBUG msg="Inspecting container" model=container-monitor name=benchi-conduit
time=2026-08-02T15:43:47.579-07:00 level=INFO msg="Test in progress" test=archv2-nxm tool=conduit-v1 step=test time-left=30s
time=2026-08-02T15:43:47.579-07:00 level=DEBUG msg="promql query logged" test=archv2-nxm tool=conduit-v1 collector=conduit type=conduit collector=conduit type=conduit params="map[end:2026-08-02T22:43:47.579Z query:rate(conduit_pipeline_execution_duration_seconds_count{pipeline_name=\"archv2-nxm\"}[2s]) start:2026-08-02T22:43:17.579Z step:1]" stats="&{Timings:{EvalTotalTime:5.7417e-05 ResultSortTime:4.17e-07 QueryPreparationTime:1.7333e-05 InnerEvalTime:3.2833e-05 ExecQueueTime:3.583e-06 ExecTotalTime:6.4041e-05} Samples:0x140012da9f0}" spanID=0000000000000000
time=2026-08-02T15:43:47.579-07:00 level=DEBUG msg="Query returned data" test=archv2-nxm tool=conduit-v1 collector=conduit type=conduit collector=conduit type=conduit name=msg-rate-per-second[archv2-nxm] series-count=1 last-value=17433
time=2026-08-02T15:43:47.579-07:00 level=DEBUG msg="promql query logged" test=archv2-nxm tool=conduit-v1 collector=conduit type=conduit collector=conduit type=conduit params="map[end:2026-08-02T22:43:47.579Z query:rate(conduit_connector_bytes_sum{pipeline_name=\"archv2-nxm\",type=\"source\"}[2s])/1048576 start:2026-08-02T22:43:17.579Z step:1]" stats="&{Timings:{EvalTotalTime:8.375e-05 ResultSortTime:9.59e-07 QueryPreparationTime:1.1375e-05 InnerEvalTime:6.6792e-05 ExecQueueTime:2.0041e-05 ExecTotalTime:8.7458e-05} Samples:0x140012db0b0}" spanID=0000000000000000
time=2026-08-02T15:43:47.579-07:00 level=WARN msg="Query returned multiple series, only first will be used" test=archv2-nxm tool=conduit-v1 collector=conduit type=conduit collector=conduit type=conduit series-count=2
time=2026-08-02T15:43:47.580-07:00 level=DEBUG msg="Query returned data" test=archv2-nxm tool=conduit-v1 collector=conduit type=conduit collector=conduit type=conduit name=msg-megabytes-in-per-second[archv2-nxm] series-count=1 last-value=0.2481098175048828
time=2026-08-02T15:43:47.580-07:00 level=DEBUG msg="promql query logged" test=archv2-nxm tool=conduit-v1 collector=conduit type=conduit collector=conduit type=conduit params="map[end:2026-08-02T22:43:47.580Z query:rate(conduit_connector_bytes_sum{pipeline_name=\"archv2-nxm\",type=\"destination\"}[2s])/1048576 start:2026-08-02T22:43:17.579Z step:1]" stats="&{Timings:{EvalTotalTime:6.4334e-05 ResultSortTime:5.42e-07 QueryPreparationTime:8.584e-06 InnerEvalTime:5.15e-05 ExecQueueTime:1e-06 ExecTotalTime:6.725e-05} Samples:0x1400139a030}" spanID=0000000000000000
time=2026-08-02T15:43:47.580-07:00 level=WARN msg="Query returned multiple series, only first will be used" test=archv2-nxm tool=conduit-v1 collector=conduit type=conduit collector=conduit type=conduit series-count=2
time=2026-08-02T15:43:47.580-07:00 level=DEBUG msg="Query returned data" test=archv2-nxm tool=conduit-v1 collector=conduit type=conduit collector=conduit type=conduit name=msg-megabytes-out-per-second[archv2-nxm] series-count=1 last-value=0.49366092681884766
time=2026-08-02T15:43:48.060-07:00 level=DEBUG msg="Inspecting container" model=container-monitor name=benchi-conduit
time=2026-08-02T15:43:48.565-07:00 level=DEBUG msg="Inspecting container" model=container-monitor name=benchi-conduit
time=2026-08-02T15:43:48.580-07:00 level=DEBUG msg="promql query logged" test=archv2-nxm tool=conduit-v1 collector=conduit type=conduit collector=conduit type=conduit params="map[end:2026-08-02T22:43:48.580Z query:rate(conduit_pipeline_execution_duration_seconds_count{pipeline_name=\"archv2-nxm\"}[2s]) start:2026-08-02T22:43:17.579Z step:1]" stats="&{Timings:{EvalTotalTime:5.0916e-05 ResultSortTime:3.75e-07 QueryPreparationTime:1.5375e-05 InnerEvalTime:3.0625e-05 ExecQueueTime:1.917e-06 ExecTotalTime:5.5375e-05} Samples:0x1400126eb70}" spanID=0000000000000000
time=2026-08-02T15:43:48.580-07:00 level=DEBUG msg="Query returned data" test=archv2-nxm tool=conduit-v1 collector=conduit type=conduit collector=conduit type=conduit name=msg-rate-per-second[archv2-nxm] series-count=1 last-value=19028
time=2026-08-02T15:43:48.580-07:00 level=DEBUG msg="promql query logged" test=archv2-nxm tool=conduit-v1 collector=conduit type=conduit collector=conduit type=conduit params="map[end:2026-08-02T22:43:48.580Z query:rate(conduit_connector_bytes_sum{pipeline_name=\"archv2-nxm\",type=\"source\"}[2s])/1048576 start:2026-08-02T22:43:17.579Z step:1]" stats="&{Timings:{EvalTotalTime:6.9209e-05 ResultSortTime:8.33e-07 QueryPreparationTime:7.375e-06 InnerEvalTime:5.7834e-05 ExecQueueTime:3.2542e-05 ExecTotalTime:0.000103792} Samples:0x1400126f230}" spanID=0000000000000000
time=2026-08-02T15:43:48.580-07:00 level=WARN msg="Query returned multiple series, only first will be used" test=archv2-nxm tool=conduit-v1 collector=conduit type=conduit collector=conduit type=conduit series-count=2
time=2026-08-02T15:43:48.580-07:00 level=DEBUG msg="Query returned data" test=archv2-nxm tool=conduit-v1 collector=conduit type=conduit collector=conduit type=conduit name=msg-megabytes-in-per-second[archv2-nxm] series-count=1 last-value=0.26857852935791016
time=2026-08-02T15:43:48.581-07:00 level=DEBUG msg="promql query logged" test=archv2-nxm tool=conduit-v1 collector=conduit type=conduit collector=conduit type=conduit params="map[end:2026-08-02T22:43:48.581Z query:rate(conduit_connector_bytes_sum{pipeline_name=\"archv2-nxm\",type=\"destination\"}[2s])/1048576 start:2026-08-02T22:43:17.579Z step:1]" stats="&{Timings:{EvalTotalTime:4.7208e-05 ResultSortTime:6.25e-07 QueryPreparationTime:7.083e-06 InnerEvalTime:3.7125e-05 ExecQueueTime:1.083e-06 ExecTotalTime:4.9542e-05} Samples:0x1400146cba0}" spanID=0000000000000000
time=2026-08-02T15:43:48.581-07:00 level=WARN msg="Query returned multiple series, only first will be used" test=archv2-nxm tool=conduit-v1 collector=conduit type=conduit collector=conduit type=conduit series-count=2
time=2026-08-02T15:43:48.581-07:00 level=DEBUG msg="Query returned data" test=archv2-nxm tool=conduit-v1 collector=conduit type=conduit collector=conduit type=conduit name=msg-megabytes-out-per-second[archv2-nxm] series-count=1 last-value=0.5378274917602539
time=2026-08-02T15:43:49.068-07:00 level=DEBUG msg="Inspecting container" model=container-monitor name=benchi-conduit
time=2026-08-02T15:43:49.573-07:00 level=DEBUG msg="Inspecting container" model=container-monitor name=benchi-conduit
time=2026-08-02T15:43:49.579-07:00 level=DEBUG msg="promql query logged" test=archv2-nxm tool=conduit-v1 collector=conduit type=conduit collector=conduit type=conduit params="map[end:2026-08-02T22:43:49.579Z query:rate(conduit_pipeline_execution_duration_seconds_count{pipeline_name=\"archv2-nxm\"}[2s]) start:2026-08-02T22:43:17.579Z step:1]" stats="&{Timings:{EvalTotalTime:4.9416e-05 ResultSortTime:5e-07 QueryPreparationTime:1.3333e-05 InnerEvalTime:3.0459e-05 ExecQueueTime:1.542e-06 ExecTotalTime:5.3042e-05} Samples:0x1400139b9b0}" spanID=0000000000000000
time=2026-08-02T15:43:49.579-07:00 level=DEBUG msg="Query returned data" test=archv2-nxm tool=conduit-v1 collector=conduit type=conduit collector=conduit type=conduit name=msg-rate-per-second[archv2-nxm] series-count=1 last-value=19721
time=2026-08-02T15:43:49.579-07:00 level=DEBUG msg="promql query logged" test=archv2-nxm tool=conduit-v1 collector=conduit type=conduit collector=conduit type=conduit params="map[end:2026-08-02T22:43:49.579Z query:rate(conduit_connector_bytes_sum{pipeline_name=\"archv2-nxm\",type=\"source\"}[2s])/1048576 start:2026-08-02T22:43:17.579Z step:1]" stats="&{Timings:{EvalTotalTime:7.6041e-05 ResultSortTime:7.5e-07 QueryPreparationTime:8.416e-06 InnerEvalTime:6.2917e-05 ExecQueueTime:1.25e-06 ExecTotalTime:7.9334e-05} Samples:0x140013d80f0}" spanID=0000000000000000
time=2026-08-02T15:43:49.579-07:00 level=WARN msg="Query returned multiple series, only first will be used" test=archv2-nxm tool=conduit-v1 collector=conduit type=conduit collector=conduit type=conduit series-count=2
time=2026-08-02T15:43:49.579-07:00 level=DEBUG msg="Query returned data" test=archv2-nxm tool=conduit-v1 collector=conduit type=conduit collector=conduit type=conduit name=msg-megabytes-in-per-second[archv2-nxm] series-count=1 last-value=0.28056812286376953
time=2026-08-02T15:43:49.579-07:00 level=DEBUG msg="promql query logged" test=archv2-nxm tool=conduit-v1 collector=conduit type=conduit collector=conduit type=conduit params="map[end:2026-08-02T22:43:49.579Z query:rate(conduit_connector_bytes_sum{pipeline_name=\"archv2-nxm\",type=\"destination\"}[2s])/1048576 start:2026-08-02T22:43:17.579Z step:1]" stats="&{Timings:{EvalTotalTime:7.5208e-05 ResultSortTime:5.83e-07 QueryPreparationTime:9.541e-06 InnerEvalTime:6.1333e-05 ExecQueueTime:1.167e-06 ExecTotalTime:8.0042e-05} Samples:0x140014b9a10}" spanID=0000000000000000
time=2026-08-02T15:43:49.580-07:00 level=WARN msg="Query returned multiple series, only first will be used" test=archv2-nxm tool=conduit-v1 collector=conduit type=conduit collector=conduit type=conduit series-count=2
time=2026-08-02T15:43:49.580-07:00 level=DEBUG msg="Query returned data" test=archv2-nxm tool=conduit-v1 collector=conduit type=conduit collector=conduit type=conduit name=msg-megabytes-out-per-second[archv2-nxm] series-count=1 last-value=0.5576410293579102
time=2026-08-02T15:43:50.080-07:00 level=DEBUG msg="Inspecting container" model=container-monitor name=benchi-conduit
time=2026-08-02T15:43:50.579-07:00 level=DEBUG msg="promql query logged" test=archv2-nxm tool=conduit-v1 collector=conduit type=conduit collector=conduit type=conduit params="map[end:2026-08-02T22:43:50.579Z query:rate(conduit_pipeline_execution_duration_seconds_count{pipeline_name=\"archv2-nxm\"}[2s]) start:2026-08-02T22:43:17.579Z step:1]" stats="&{Timings:{EvalTotalTime:7.8417e-05 ResultSortTime:3.75e-07 QueryPreparationTime:3.9666e-05 InnerEvalTime:3.1584e-05 ExecQueueTime:2.334e-06 ExecTotalTime:8.3625e-05} Samples:0x1400154e9c0}" spanID=0000000000000000
time=2026-08-02T15:43:50.579-07:00 level=DEBUG msg="Query returned data" test=archv2-nxm tool=conduit-v1 collector=conduit type=conduit collector=conduit type=conduit name=msg-rate-per-second[archv2-nxm] series-count=1 last-value=21064
time=2026-08-02T15:43:50.579-07:00 level=DEBUG msg="promql query logged" test=archv2-nxm tool=conduit-v1 collector=conduit type=conduit collector=conduit type=conduit params="map[end:2026-08-02T22:43:50.579Z query:rate(conduit_connector_bytes_sum{pipeline_name=\"archv2-nxm\",type=\"source\"}[2s])/1048576 start:2026-08-02T22:43:17.579Z step:1]" stats="&{Timings:{EvalTotalTime:7.7625e-05 ResultSortTime:8.75e-07 QueryPreparationTime:9.084e-06 InnerEvalTime:6.3708e-05 ExecQueueTime:2.792e-06 ExecTotalTime:8.2459e-05} Samples:0x1400154f080}" spanID=0000000000000000
time=2026-08-02T15:43:50.579-07:00 level=WARN msg="Query returned multiple series, only first will be used" test=archv2-nxm tool=conduit-v1 collector=conduit type=conduit collector=conduit type=conduit series-count=2
time=2026-08-02T15:43:50.580-07:00 level=DEBUG msg="Query returned data" test=archv2-nxm tool=conduit-v1 collector=conduit type=conduit collector=conduit type=conduit name=msg-megabytes-in-per-second[archv2-nxm] series-count=1 last-value=0.2967033386230469
time=2026-08-02T15:43:50.580-07:00 level=DEBUG msg="promql query logged" test=archv2-nxm tool=conduit-v1 collector=conduit type=conduit collector=conduit type=conduit params="map[end:2026-08-02T22:43:50.580Z query:rate(conduit_connector_bytes_sum{pipeline_name=\"archv2-nxm\",type=\"destination\"}[2s])/1048576 start:2026-08-02T22:43:17.579Z step:1]" stats="&{Timings:{EvalTotalTime:7.4541e-05 ResultSortTime:4.58e-07 QueryPreparationTime:8.292e-06 InnerEvalTime:6.1917e-05 ExecQueueTime:1.124e-06 ExecTotalTime:7.7792e-05} Samples:0x140014f5ec0}" spanID=0000000000000000
time=2026-08-02T15:43:50.580-07:00 level=WARN msg="Query returned multiple series, only first will be used" test=archv2-nxm tool=conduit-v1 collector=conduit type=conduit collector=conduit type=conduit series-count=2
time=2026-08-02T15:43:50.580-07:00 level=DEBUG msg="Query returned data" test=archv2-nxm tool=conduit-v1 collector=conduit type=conduit collector=conduit type=conduit name=msg-megabytes-out-per-second[archv2-nxm] series-count=1 last-value=0.594721794128418
time=2026-08-02T15:43:50.586-07:00 level=DEBUG msg="Inspecting container" model=container-monitor name=benchi-conduit
time=2026-08-02T15:43:51.091-07:00 level=DEBUG msg="Inspecting container" model=container-monitor name=benchi-conduit
time=2026-08-02T15:43:51.579-07:00 level=DEBUG msg="promql query logged" test=archv2-nxm tool=conduit-v1 collector=conduit type=conduit collector=conduit type=conduit params="map[end:2026-08-02T22:43:51.579Z query:rate(conduit_pipeline_execution_duration_seconds_count{pipeline_name=\"archv2-nxm\"}[2s]) start:2026-08-02T22:43:17.579Z step:1]" stats="&{Timings:{EvalTotalTime:5.9833e-05 ResultSortTime:3.75e-07 QueryPreparationTime:2.4541e-05 InnerEvalTime:3.0166e-05 ExecQueueTime:2.584e-06 ExecTotalTime:6.475e-05} Samples:0x14001762210}" spanID=0000000000000000
time=2026-08-02T15:43:51.579-07:00 level=DEBUG msg="Query returned data" test=archv2-nxm tool=conduit-v1 collector=conduit type=conduit collector=conduit type=conduit name=msg-rate-per-second[archv2-nxm] series-count=1 last-value=20521
time=2026-08-02T15:43:51.579-07:00 level=DEBUG msg="promql query logged" test=archv2-nxm tool=conduit-v1 collector=conduit type=conduit collector=conduit type=conduit params="map[end:2026-08-02T22:43:51.579Z query:rate(conduit_connector_bytes_sum{pipeline_name=\"archv2-nxm\",type=\"source\"}[2s])/1048576 start:2026-08-02T22:43:17.579Z step:1]" stats="&{Timings:{EvalTotalTime:7.1167e-05 ResultSortTime:8.33e-07 QueryPreparationTime:5.917e-06 InnerEvalTime:5.8e-05 ExecQueueTime:7.92e-07 ExecTotalTime:7.3417e-05} Samples:0x140017628d0}" spanID=0000000000000000
time=2026-08-02T15:43:51.579-07:00 level=WARN msg="Query returned multiple series, only first will be used" test=archv2-nxm tool=conduit-v1 collector=conduit type=conduit collector=conduit type=conduit series-count=2
time=2026-08-02T15:43:51.580-07:00 level=DEBUG msg="Query returned data" test=archv2-nxm tool=conduit-v1 collector=conduit type=conduit collector=conduit type=conduit name=msg-megabytes-in-per-second[archv2-nxm] series-count=1 last-value=0.29432106018066406
time=2026-08-02T15:43:51.580-07:00 level=DEBUG msg="promql query logged" test=archv2-nxm tool=conduit-v1 collector=conduit type=conduit collector=conduit type=conduit params="map[end:2026-08-02T22:43:51.580Z query:rate(conduit_connector_bytes_sum{pipeline_name=\"archv2-nxm\",type=\"destination\"}[2s])/1048576 start:2026-08-02T22:43:17.579Z step:1]" stats="&{Timings:{EvalTotalTime:6.4166e-05 ResultSortTime:3.75e-07 QueryPreparationTime:6.583e-06 InnerEvalTime:5.4084e-05 ExecQueueTime:8.34e-07 ExecTotalTime:6.6875e-05} Samples:0x14000af4bd0}" spanID=0000000000000000
time=2026-08-02T15:43:51.580-07:00 level=WARN msg="Query returned multiple series, only first will be used" test=archv2-nxm tool=conduit-v1 collector=conduit type=conduit collector=conduit type=conduit series-count=2
time=2026-08-02T15:43:51.580-07:00 level=DEBUG msg="Query returned data" test=archv2-nxm tool=conduit-v1 collector=conduit type=conduit collector=conduit type=conduit name=msg-megabytes-out-per-second[archv2-nxm] series-count=1 last-value=0.5798377990722656
time=2026-08-02T15:43:51.607-07:00 level=DEBUG msg="Inspecting container" model=container-monitor name=benchi-conduit
time=2026-08-02T15:43:52.113-07:00 level=DEBUG msg="Inspecting container" model=container-monitor name=benchi-conduit
time=2026-08-02T15:43:52.579-07:00 level=INFO msg="Test in progress" test=archv2-nxm tool=conduit-v1 step=test time-left=25s
time=2026-08-02T15:43:52.580-07:00 level=DEBUG msg="promql query logged" test=archv2-nxm tool=conduit-v1 collector=conduit type=conduit collector=conduit type=conduit params="map[end:2026-08-02T22:43:52.579Z query:rate(conduit_pipeline_execution_duration_seconds_count{pipeline_name=\"archv2-nxm\"}[2s]) start:2026-08-02T22:43:17.579Z step:1]" stats="&{Timings:{EvalTotalTime:0.000113667 ResultSortTime:1.25e-06 QueryPreparationTime:3.1208e-05 InnerEvalTime:7.2625e-05 ExecQueueTime:4.542e-06 ExecTotalTime:0.000122666} Samples:0x14001802180}" spanID=0000000000000000
time=2026-08-02T15:43:52.580-07:00 level=DEBUG msg="Query returned data" test=archv2-nxm tool=conduit-v1 collector=conduit type=conduit collector=conduit type=conduit name=msg-rate-per-second[archv2-nxm] series-count=1 last-value=18591
time=2026-08-02T15:43:52.580-07:00 level=DEBUG msg="promql query logged" test=archv2-nxm tool=conduit-v1 collector=conduit type=conduit collector=conduit type=conduit params="map[end:2026-08-02T22:43:52.580Z query:rate(conduit_connector_bytes_sum{pipeline_name=\"archv2-nxm\",type=\"source\"}[2s])/1048576 start:2026-08-02T22:43:17.579Z step:1]" stats="&{Timings:{EvalTotalTime:0.000119625 ResultSortTime:1.792e-06 QueryPreparationTime:1.4084e-05 InnerEvalTime:9.4625e-05 ExecQueueTime:3.3416e-05 ExecTotalTime:0.000123666} Samples:0x140016d0600}" spanID=0000000000000000
time=2026-08-02T15:43:52.580-07:00 level=WARN msg="Query returned multiple series, only first will be used" test=archv2-nxm tool=conduit-v1 collector=conduit type=conduit collector=conduit type=conduit series-count=2
time=2026-08-02T15:43:52.580-07:00 level=DEBUG msg="Query returned data" test=archv2-nxm tool=conduit-v1 collector=conduit type=conduit collector=conduit type=conduit name=msg-megabytes-in-per-second[archv2-nxm] series-count=1 last-value=0.2579498291015625
time=2026-08-02T15:43:52.580-07:00 level=DEBUG msg="promql query logged" test=archv2-nxm tool=conduit-v1 collector=conduit type=conduit collector=conduit type=conduit params="map[end:2026-08-02T22:43:52.580Z query:rate(conduit_connector_bytes_sum{pipeline_name=\"archv2-nxm\",type=\"destination\"}[2s])/1048576 start:2026-08-02T22:43:17.579Z step:1]" stats="&{Timings:{EvalTotalTime:8.55e-05 ResultSortTime:7.92e-07 QueryPreparationTime:1.0792e-05 InnerEvalTime:6.9958e-05 ExecQueueTime:1.209e-06 ExecTotalTime:8.9333e-05} Samples:0x140018031d0}" spanID=0000000000000000
time=2026-08-02T15:43:52.580-07:00 level=WARN msg="Query returned multiple series, only first will be used" test=archv2-nxm tool=conduit-v1 collector=conduit type=conduit collector=conduit type=conduit series-count=2
time=2026-08-02T15:43:52.580-07:00 level=DEBUG msg="Query returned data" test=archv2-nxm tool=conduit-v1 collector=conduit type=conduit collector=conduit type=conduit name=msg-megabytes-out-per-second[archv2-nxm] series-count=1 last-value=0.5254182815551758
time=2026-08-02T15:43:52.625-07:00 level=DEBUG msg="Inspecting container" model=container-monitor name=benchi-conduit
time=2026-08-02T15:43:53.139-07:00 level=DEBUG msg="Inspecting container" model=container-monitor name=benchi-conduit
time=2026-08-02T15:43:53.579-07:00 level=DEBUG msg="promql query logged" test=archv2-nxm tool=conduit-v1 collector=conduit type=conduit collector=conduit type=conduit params="map[end:2026-08-02T22:43:53.579Z query:rate(conduit_pipeline_execution_duration_seconds_count{pipeline_name=\"archv2-nxm\"}[2s]) start:2026-08-02T22:43:17.579Z step:1]" stats="&{Timings:{EvalTotalTime:0.000135875 ResultSortTime:7.09e-07 QueryPreparationTime:5.8084e-05 InnerEvalTime:6.775e-05 ExecQueueTime:3.541e-06 ExecTotalTime:0.000144041} Samples:0x1400191a1e0}" spanID=0000000000000000
time=2026-08-02T15:43:53.579-07:00 level=DEBUG msg="Query returned data" test=archv2-nxm tool=conduit-v1 collector=conduit type=conduit collector=conduit type=conduit name=msg-rate-per-second[archv2-nxm] series-count=1 last-value=18687
time=2026-08-02T15:43:53.580-07:00 level=DEBUG msg="promql query logged" test=archv2-nxm tool=conduit-v1 collector=conduit type=conduit collector=conduit type=conduit params="map[end:2026-08-02T22:43:53.579Z query:rate(conduit_connector_bytes_sum{pipeline_name=\"archv2-nxm\",type=\"source\"}[2s])/1048576 start:2026-08-02T22:43:17.579Z step:1]" stats="&{Timings:{EvalTotalTime:0.000137084 ResultSortTime:1.25e-06 QueryPreparationTime:1.3334e-05 InnerEvalTime:0.00010875 ExecQueueTime:1.543e-06 ExecTotalTime:0.000141292} Samples:0x1400191a8a0}" spanID=0000000000000000
time=2026-08-02T15:43:53.580-07:00 level=WARN msg="Query returned multiple series, only first will be used" test=archv2-nxm tool=conduit-v1 collector=conduit type=conduit collector=conduit type=conduit series-count=2
time=2026-08-02T15:43:53.580-07:00 level=DEBUG msg="Query returned data" test=archv2-nxm tool=conduit-v1 collector=conduit type=conduit collector=conduit type=conduit name=msg-megabytes-in-per-second[archv2-nxm] series-count=1 last-value=0.2646903991699219
time=2026-08-02T15:43:53.580-07:00 level=DEBUG msg="promql query logged" test=archv2-nxm tool=conduit-v1 collector=conduit type=conduit collector=conduit type=conduit params="map[end:2026-08-02T22:43:53.580Z query:rate(conduit_connector_bytes_sum{pipeline_name=\"archv2-nxm\",type=\"destination\"}[2s])/1048576 start:2026-08-02T22:43:17.579Z step:1]" stats="&{Timings:{EvalTotalTime:0.000101458 ResultSortTime:1.25e-06 QueryPreparationTime:1.175e-05 InnerEvalTime:8.3417e-05 ExecQueueTime:1.5e-06 ExecTotalTime:0.000106458} Samples:0x140018cc840}" spanID=0000000000000000
time=2026-08-02T15:43:53.580-07:00 level=WARN msg="Query returned multiple series, only first will be used" test=archv2-nxm tool=conduit-v1 collector=conduit type=conduit collector=conduit type=conduit series-count=2
time=2026-08-02T15:43:53.580-07:00 level=DEBUG msg="Query returned data" test=archv2-nxm tool=conduit-v1 collector=conduit type=conduit collector=conduit type=conduit name=msg-megabytes-out-per-second[archv2-nxm] series-count=1 last-value=0.5284137725830078
time=2026-08-02T15:43:53.642-07:00 level=DEBUG msg="Inspecting container" model=container-monitor name=benchi-conduit
time=2026-08-02T15:43:54.149-07:00 level=DEBUG msg="Inspecting container" model=container-monitor name=benchi-conduit
time=2026-08-02T15:43:54.580-07:00 level=DEBUG msg="promql query logged" test=archv2-nxm tool=conduit-v1 collector=conduit type=conduit collector=conduit type=conduit params="map[end:2026-08-02T22:43:54.579Z query:rate(conduit_pipeline_execution_duration_seconds_count{pipeline_name=\"archv2-nxm\"}[2s]) start:2026-08-02T22:43:17.579Z step:1]" stats="&{Timings:{EvalTotalTime:0.0001245 ResultSortTime:7.92e-07 QueryPreparationTime:3.6417e-05 InnerEvalTime:7.9959e-05 ExecQueueTime:4.833e-06 ExecTotalTime:0.00013325} Samples:0x140016828a0}" spanID=0000000000000000
time=2026-08-02T15:43:54.580-07:00 level=DEBUG msg="Query returned data" test=archv2-nxm tool=conduit-v1 collector=conduit type=conduit collector=conduit type=conduit name=msg-rate-per-second[archv2-nxm] series-count=1 last-value=18111
time=2026-08-02T15:43:54.580-07:00 level=DEBUG msg="promql query logged" test=archv2-nxm tool=conduit-v1 collector=conduit type=conduit collector=conduit type=conduit params="map[end:2026-08-02T22:43:54.580Z query:rate(conduit_connector_bytes_sum{pipeline_name=\"archv2-nxm\",type=\"source\"}[2s])/1048576 start:2026-08-02T22:43:17.579Z step:1]" stats="&{Timings:{EvalTotalTime:0.000174042 ResultSortTime:1.334e-06 QueryPreparationTime:9.292e-06 InnerEvalTime:0.000159041 ExecQueueTime:1e-06 ExecTotalTime:0.000177167} Samples:0x14001682fc0}" spanID=0000000000000000
time=2026-08-02T15:43:54.580-07:00 level=WARN msg="Query returned multiple series, only first will be used" test=archv2-nxm tool=conduit-v1 collector=conduit type=conduit collector=conduit type=conduit series-count=2
time=2026-08-02T15:43:54.581-07:00 level=DEBUG msg="Query returned data" test=archv2-nxm tool=conduit-v1 collector=conduit type=conduit collector=conduit type=conduit name=msg-megabytes-in-per-second[archv2-nxm] series-count=1 last-value=0.24957942962646484
time=2026-08-02T15:43:54.581-07:00 level=DEBUG msg="promql query logged" test=archv2-nxm tool=conduit-v1 collector=conduit type=conduit collector=conduit type=conduit params="map[end:2026-08-02T22:43:54.581Z query:rate(conduit_connector_bytes_sum{pipeline_name=\"archv2-nxm\",type=\"destination\"}[2s])/1048576 start:2026-08-02T22:43:17.579Z step:1]" stats="&{Timings:{EvalTotalTime:9.1584e-05 ResultSortTime:6.25e-07 QueryPreparationTime:1.1584e-05 InnerEvalTime:7.5541e-05 ExecQueueTime:1.501e-06 ExecTotalTime:9.6542e-05} Samples:0x140009e7c20}" spanID=0000000000000000
time=2026-08-02T15:43:54.581-07:00 level=WARN msg="Query returned multiple series, only first will be used" test=archv2-nxm tool=conduit-v1 collector=conduit type=conduit collector=conduit type=conduit series-count=2
time=2026-08-02T15:43:54.581-07:00 level=DEBUG msg="Query returned data" test=archv2-nxm tool=conduit-v1 collector=conduit type=conduit collector=conduit type=conduit name=msg-megabytes-out-per-second[archv2-nxm] series-count=1 last-value=0.5121946334838867
time=2026-08-02T15:43:54.667-07:00 level=DEBUG msg="Inspecting container" model=container-monitor name=benchi-conduit
time=2026-08-02T15:43:55.180-07:00 level=DEBUG msg="Inspecting container" model=container-monitor name=benchi-conduit
time=2026-08-02T15:43:55.581-07:00 level=DEBUG msg="promql query logged" test=archv2-nxm tool=conduit-v1 collector=conduit type=conduit collector=conduit type=conduit params="map[end:2026-08-02T22:43:55.580Z query:rate(conduit_pipeline_execution_duration_seconds_count{pipeline_name=\"archv2-nxm\"}[2s]) start:2026-08-02T22:43:17.579Z step:1]" stats="&{Timings:{EvalTotalTime:0.000192375 ResultSortTime:1.333e-06 QueryPreparationTime:3.2875e-05 InnerEvalTime:0.000143875 ExecQueueTime:5.708e-06 ExecTotalTime:0.000208875} Samples:0x14001287f50}" spanID=0000000000000000
time=2026-08-02T15:43:55.581-07:00 level=DEBUG msg="Query returned data" test=archv2-nxm tool=conduit-v1 collector=conduit type=conduit collector=conduit type=conduit name=msg-rate-per-second[archv2-nxm] series-count=1 last-value=18761
time=2026-08-02T15:43:55.581-07:00 level=DEBUG msg="promql query logged" test=archv2-nxm tool=conduit-v1 collector=conduit type=conduit collector=conduit type=conduit params="map[end:2026-08-02T22:43:55.581Z query:rate(conduit_connector_bytes_sum{pipeline_name=\"archv2-nxm\",type=\"source\"}[2s])/1048576 start:2026-08-02T22:43:17.579Z step:1]" stats="&{Timings:{EvalTotalTime:0.000119375 ResultSortTime:2.334e-06 QueryPreparationTime:1.7083e-05 InnerEvalTime:9.3667e-05 ExecQueueTime:1.417e-06 ExecTotalTime:0.000124375} Samples:0x14000ff4a80}" spanID=0000000000000000
time=2026-08-02T15:43:55.581-07:00 level=WARN msg="Query returned multiple series, only first will be used" test=archv2-nxm tool=conduit-v1 collector=conduit type=conduit collector=conduit type=conduit series-count=2
time=2026-08-02T15:43:55.581-07:00 level=DEBUG msg="Query returned data" test=archv2-nxm tool=conduit-v1 collector=conduit type=conduit collector=conduit type=conduit name=msg-megabytes-in-per-second[archv2-nxm] series-count=1 last-value=0.2636566162109375
time=2026-08-02T15:43:55.582-07:00 level=DEBUG msg="promql query logged" test=archv2-nxm tool=conduit-v1 collector=conduit type=conduit collector=conduit type=conduit params="map[end:2026-08-02T22:43:55.581Z query:rate(conduit_connector_bytes_sum{pipeline_name=\"archv2-nxm\",type=\"destination\"}[2s])/1048576 start:2026-08-02T22:43:17.579Z step:1]" stats="&{Timings:{EvalTotalTime:0.000347625 ResultSortTime:1.459e-06 QueryPreparationTime:1.4542e-05 InnerEvalTime:0.000320458 ExecQueueTime:1.417e-06 ExecTotalTime:0.000353959} Samples:0x1400167cde0}" spanID=0000000000000000
time=2026-08-02T15:43:55.582-07:00 level=WARN msg="Query returned multiple series, only first will be used" test=archv2-nxm tool=conduit-v1 collector=conduit type=conduit collector=conduit type=conduit series-count=2
time=2026-08-02T15:43:55.582-07:00 level=DEBUG msg="Query returned data" test=archv2-nxm tool=conduit-v1 collector=conduit type=conduit collector=conduit type=conduit name=msg-megabytes-out-per-second[archv2-nxm] series-count=1 last-value=0.5300741195678711
time=2026-08-02T15:43:55.690-07:00 level=DEBUG msg="Inspecting container" model=container-monitor name=benchi-conduit
time=2026-08-02T15:43:56.200-07:00 level=DEBUG msg="Inspecting container" model=container-monitor name=benchi-conduit
time=2026-08-02T15:43:56.580-07:00 level=DEBUG msg="promql query logged" test=archv2-nxm tool=conduit-v1 collector=conduit type=conduit collector=conduit type=conduit params="map[end:2026-08-02T22:43:56.579Z query:rate(conduit_pipeline_execution_duration_seconds_count{pipeline_name=\"archv2-nxm\"}[2s]) start:2026-08-02T22:43:17.579Z step:1]" stats="&{Timings:{EvalTotalTime:0.000115416 ResultSortTime:1.125e-06 QueryPreparationTime:3.5375e-05 InnerEvalTime:6.5041e-05 ExecQueueTime:5.25e-06 ExecTotalTime:0.000125334} Samples:0x14000a08840}" spanID=0000000000000000
time=2026-08-02T15:43:56.580-07:00 level=DEBUG msg="Query returned data" test=archv2-nxm tool=conduit-v1 collector=conduit type=conduit collector=conduit type=conduit name=msg-rate-per-second[archv2-nxm] series-count=1 last-value=19511
time=2026-08-02T15:43:56.580-07:00 level=DEBUG msg="promql query logged" test=archv2-nxm tool=conduit-v1 collector=conduit type=conduit collector=conduit type=conduit params="map[end:2026-08-02T22:43:56.580Z query:rate(conduit_connector_bytes_sum{pipeline_name=\"archv2-nxm\",type=\"source\"}[2s])/1048576 start:2026-08-02T22:43:17.579Z step:1]" stats="&{Timings:{EvalTotalTime:0.000119875 ResultSortTime:2.542e-06 QueryPreparationTime:1.3875e-05 InnerEvalTime:9.6041e-05 ExecQueueTime:1.917e-06 ExecTotalTime:0.000125042} Samples:0x14000a098c0}" spanID=0000000000000000
time=2026-08-02T15:43:56.580-07:00 level=WARN msg="Query returned multiple series, only first will be used" test=archv2-nxm tool=conduit-v1 collector=conduit type=conduit collector=conduit type=conduit series-count=2
time=2026-08-02T15:43:56.580-07:00 level=DEBUG msg="Query returned data" test=archv2-nxm tool=conduit-v1 collector=conduit type=conduit collector=conduit type=conduit name=msg-megabytes-in-per-second[archv2-nxm] series-count=1 last-value=0.2781343460083008
time=2026-08-02T15:43:56.581-07:00 level=DEBUG msg="promql query logged" test=archv2-nxm tool=conduit-v1 collector=conduit type=conduit collector=conduit type=conduit params="map[end:2026-08-02T22:43:56.581Z query:rate(conduit_connector_bytes_sum{pipeline_name=\"archv2-nxm\",type=\"destination\"}[2s])/1048576 start:2026-08-02T22:43:17.579Z step:1]" stats="&{Timings:{EvalTotalTime:0.000114916 ResultSortTime:1.084e-06 QueryPreparationTime:1.8417e-05 InnerEvalTime:8.9e-05 ExecQueueTime:2.375e-06 ExecTotalTime:0.000121917} Samples:0x14000fdf770}" spanID=0000000000000000
time=2026-08-02T15:43:56.581-07:00 level=WARN msg="Query returned multiple series, only first will be used" test=archv2-nxm tool=conduit-v1 collector=conduit type=conduit collector=conduit type=conduit series-count=2
time=2026-08-02T15:43:56.581-07:00 level=DEBUG msg="Query returned data" test=archv2-nxm tool=conduit-v1 collector=conduit type=conduit collector=conduit type=conduit name=msg-megabytes-out-per-second[archv2-nxm] series-count=1 last-value=0.5516214370727539
time=2026-08-02T15:43:56.711-07:00 level=DEBUG msg="Inspecting container" model=container-monitor name=benchi-conduit
time=2026-08-02T15:43:57.225-07:00 level=DEBUG msg="Inspecting container" model=container-monitor name=benchi-conduit
time=2026-08-02T15:43:57.579-07:00 level=INFO msg="Test in progress" test=archv2-nxm tool=conduit-v1 step=test time-left=20s
time=2026-08-02T15:43:57.579-07:00 level=DEBUG msg="promql query logged" test=archv2-nxm tool=conduit-v1 collector=conduit type=conduit collector=conduit type=conduit params="map[end:2026-08-02T22:43:57.579Z query:rate(conduit_pipeline_execution_duration_seconds_count{pipeline_name=\"archv2-nxm\"}[2s]) start:2026-08-02T22:43:17.579Z step:1]" stats="&{Timings:{EvalTotalTime:0.000118042 ResultSortTime:7.92e-07 QueryPreparationTime:3.4875e-05 InnerEvalTime:7.2875e-05 ExecQueueTime:4.876e-06 ExecTotalTime:0.000126667} Samples:0x14000f98630}" spanID=0000000000000000
time=2026-08-02T15:43:57.580-07:00 level=DEBUG msg="Query returned data" test=archv2-nxm tool=conduit-v1 collector=conduit type=conduit collector=conduit type=conduit name=msg-rate-per-second[archv2-nxm] series-count=1 last-value=18157
time=2026-08-02T15:43:57.580-07:00 level=DEBUG msg="promql query logged" test=archv2-nxm tool=conduit-v1 collector=conduit type=conduit collector=conduit type=conduit params="map[end:2026-08-02T22:43:57.580Z query:rate(conduit_connector_bytes_sum{pipeline_name=\"archv2-nxm\",type=\"source\"}[2s])/1048576 start:2026-08-02T22:43:17.579Z step:1]" stats="&{Timings:{EvalTotalTime:0.00019025 ResultSortTime:1.667e-06 QueryPreparationTime:6.9625e-05 InnerEvalTime:0.000110084 ExecQueueTime:1.709e-06 ExecTotalTime:0.000198125} Samples:0x14000af51a0}" spanID=0000000000000000
time=2026-08-02T15:43:57.580-07:00 level=WARN msg="Query returned multiple series, only first will be used" test=archv2-nxm tool=conduit-v1 collector=conduit type=conduit collector=conduit type=conduit series-count=2
time=2026-08-02T15:43:57.580-07:00 level=DEBUG msg="Query returned data" test=archv2-nxm tool=conduit-v1 collector=conduit type=conduit collector=conduit type=conduit name=msg-megabytes-in-per-second[archv2-nxm] series-count=1 last-value=0.25757598876953125
time=2026-08-02T15:43:57.581-07:00 level=DEBUG msg="promql query logged" test=archv2-nxm tool=conduit-v1 collector=conduit type=conduit collector=conduit type=conduit params="map[end:2026-08-02T22:43:57.580Z query:rate(conduit_connector_bytes_sum{pipeline_name=\"archv2-nxm\",type=\"destination\"}[2s])/1048576 start:2026-08-02T22:43:17.579Z step:1]" stats="&{Timings:{EvalTotalTime:0.000119042 ResultSortTime:1.167e-06 QueryPreparationTime:1.75e-05 InnerEvalTime:9.4417e-05 ExecQueueTime:1.292e-06 ExecTotalTime:0.000123584} Samples:0x1400188c720}" spanID=0000000000000000
time=2026-08-02T15:43:57.581-07:00 level=WARN msg="Query returned multiple series, only first will be used" test=archv2-nxm tool=conduit-v1 collector=conduit type=conduit collector=conduit type=conduit series-count=2
time=2026-08-02T15:43:57.581-07:00 level=DEBUG msg="Query returned data" test=archv2-nxm tool=conduit-v1 collector=conduit type=conduit collector=conduit type=conduit name=msg-megabytes-out-per-second[archv2-nxm] series-count=1 last-value=0.5143146514892578
time=2026-08-02T15:43:57.735-07:00 level=DEBUG msg="Inspecting container" model=container-monitor name=benchi-conduit
time=2026-08-02T15:43:58.245-07:00 level=DEBUG msg="Inspecting container" model=container-monitor name=benchi-conduit
time=2026-08-02T15:43:58.580-07:00 level=DEBUG msg="promql query logged" test=archv2-nxm tool=conduit-v1 collector=conduit type=conduit collector=conduit type=conduit params="map[end:2026-08-02T22:43:58.580Z query:rate(conduit_pipeline_execution_duration_seconds_count{pipeline_name=\"archv2-nxm\"}[2s]) start:2026-08-02T22:43:17.579Z step:1]" stats="&{Timings:{EvalTotalTime:0.000107625 ResultSortTime:1.166e-06 QueryPreparationTime:3.2042e-05 InnerEvalTime:6.6167e-05 ExecQueueTime:5.207e-06 ExecTotalTime:0.000117875} Samples:0x14001166f60}" spanID=0000000000000000
time=2026-08-02T15:43:58.580-07:00 level=DEBUG msg="Query returned data" test=archv2-nxm tool=conduit-v1 collector=conduit type=conduit collector=conduit type=conduit name=msg-rate-per-second[archv2-nxm] series-count=1 last-value=18537
time=2026-08-02T15:43:58.581-07:00 level=DEBUG msg="promql query logged" test=archv2-nxm tool=conduit-v1 collector=conduit type=conduit collector=conduit type=conduit params="map[end:2026-08-02T22:43:58.580Z query:rate(conduit_connector_bytes_sum{pipeline_name=\"archv2-nxm\",type=\"source\"}[2s])/1048576 start:2026-08-02T22:43:17.579Z step:1]" stats="&{Timings:{EvalTotalTime:0.000119833 ResultSortTime:1.709e-06 QueryPreparationTime:1.5167e-05 InnerEvalTime:9.7833e-05 ExecQueueTime:1.667e-06 ExecTotalTime:0.000125166} Samples:0x14001167620}" spanID=0000000000000000
time=2026-08-02T15:43:58.581-07:00 level=WARN msg="Query returned multiple series, only first will be used" test=archv2-nxm tool=conduit-v1 collector=conduit type=conduit collector=conduit type=conduit series-count=2
time=2026-08-02T15:43:58.581-07:00 level=DEBUG msg="Query returned data" test=archv2-nxm tool=conduit-v1 collector=conduit type=conduit collector=conduit type=conduit name=msg-megabytes-in-per-second[archv2-nxm] series-count=1 last-value=0.2621736526489258
time=2026-08-02T15:43:58.581-07:00 level=DEBUG msg="promql query logged" test=archv2-nxm tool=conduit-v1 collector=conduit type=conduit collector=conduit type=conduit params="map[end:2026-08-02T22:43:58.581Z query:rate(conduit_connector_bytes_sum{pipeline_name=\"archv2-nxm\",type=\"destination\"}[2s])/1048576 start:2026-08-02T22:43:17.579Z step:1]" stats="&{Timings:{EvalTotalTime:0.000177417 ResultSortTime:1.042e-06 QueryPreparationTime:1.5417e-05 InnerEvalTime:0.0001475 ExecQueueTime:1.876e-06 ExecTotalTime:0.000183875} Samples:0x1400107ef90}" spanID=0000000000000000
time=2026-08-02T15:43:58.581-07:00 level=WARN msg="Query returned multiple series, only first will be used" test=archv2-nxm tool=conduit-v1 collector=conduit type=conduit collector=conduit type=conduit series-count=2
time=2026-08-02T15:43:58.582-07:00 level=DEBUG msg="Query returned data" test=archv2-nxm tool=conduit-v1 collector=conduit type=conduit collector=conduit type=conduit name=msg-megabytes-out-per-second[archv2-nxm] series-count=1 last-value=0.5244855880737305
time=2026-08-02T15:43:58.754-07:00 level=DEBUG msg="Inspecting container" model=container-monitor name=benchi-conduit
time=2026-08-02T15:43:59.260-07:00 level=DEBUG msg="Inspecting container" model=container-monitor name=benchi-conduit
time=2026-08-02T15:43:59.581-07:00 level=DEBUG msg="promql query logged" test=archv2-nxm tool=conduit-v1 collector=conduit type=conduit collector=conduit type=conduit params="map[end:2026-08-02T22:43:59.580Z query:rate(conduit_pipeline_execution_duration_seconds_count{pipeline_name=\"archv2-nxm\"}[2s]) start:2026-08-02T22:43:17.579Z step:1]" stats="&{Timings:{EvalTotalTime:8.1458e-05 ResultSortTime:5.42e-07 QueryPreparationTime:2.3583e-05 InnerEvalTime:4.8209e-05 ExecQueueTime:3.208e-06 ExecTotalTime:8.7916e-05} Samples:0x14000ee1e60}" spanID=0000000000000000
time=2026-08-02T15:43:59.581-07:00 level=DEBUG msg="Query returned data" test=archv2-nxm tool=conduit-v1 collector=conduit type=conduit collector=conduit type=conduit name=msg-rate-per-second[archv2-nxm] series-count=1 last-value=17798
time=2026-08-02T15:43:59.581-07:00 level=DEBUG msg="promql query logged" test=archv2-nxm tool=conduit-v1 collector=conduit type=conduit collector=conduit type=conduit params="map[end:2026-08-02T22:43:59.581Z query:rate(conduit_connector_bytes_sum{pipeline_name=\"archv2-nxm\",type=\"source\"}[2s])/1048576 start:2026-08-02T22:43:17.579Z step:1]" stats="&{Timings:{EvalTotalTime:9.4458e-05 ResultSortTime:1.042e-06 QueryPreparationTime:1.2083e-05 InnerEvalTime:7.8208e-05 ExecQueueTime:1.25e-06 ExecTotalTime:9.7416e-05} Samples:0x140013a25a0}" spanID=0000000000000000
time=2026-08-02T15:43:59.581-07:00 level=WARN msg="Query returned multiple series, only first will be used" test=archv2-nxm tool=conduit-v1 collector=conduit type=conduit collector=conduit type=conduit series-count=2
time=2026-08-02T15:43:59.581-07:00 level=DEBUG msg="Query returned data" test=archv2-nxm tool=conduit-v1 collector=conduit type=conduit collector=conduit type=conduit name=msg-megabytes-in-per-second[archv2-nxm] series-count=1 last-value=0.2515544891357422
time=2026-08-02T15:43:59.581-07:00 level=DEBUG msg="promql query logged" test=archv2-nxm tool=conduit-v1 collector=conduit type=conduit collector=conduit type=conduit params="map[end:2026-08-02T22:43:59.581Z query:rate(conduit_connector_bytes_sum{pipeline_name=\"archv2-nxm\",type=\"destination\"}[2s])/1048576 start:2026-08-02T22:43:17.579Z step:1]" stats="&{Timings:{EvalTotalTime:9.675e-05 ResultSortTime:7.5e-07 QueryPreparationTime:1.0166e-05 InnerEvalTime:8.1584e-05 ExecQueueTime:3.375e-06 ExecTotalTime:0.000102875} Samples:0x140011d2210}" spanID=0000000000000000
time=2026-08-02T15:43:59.581-07:00 level=WARN msg="Query returned multiple series, only first will be used" test=archv2-nxm tool=conduit-v1 collector=conduit type=conduit collector=conduit type=conduit series-count=2
time=2026-08-02T15:43:59.581-07:00 level=DEBUG msg="Query returned data" test=archv2-nxm tool=conduit-v1 collector=conduit type=conduit collector=conduit type=conduit name=msg-megabytes-out-per-second[archv2-nxm] series-count=1 last-value=0.5017232894897461
time=2026-08-02T15:43:59.767-07:00 level=DEBUG msg="Inspecting container" model=container-monitor name=benchi-conduit
time=2026-08-02T15:44:00.275-07:00 level=DEBUG msg="Inspecting container" model=container-monitor name=benchi-conduit
time=2026-08-02T15:44:00.580-07:00 level=DEBUG msg="promql query logged" test=archv2-nxm tool=conduit-v1 collector=conduit type=conduit collector=conduit type=conduit params="map[end:2026-08-02T22:44:00.579Z query:rate(conduit_pipeline_execution_duration_seconds_count{pipeline_name=\"archv2-nxm\"}[2s]) start:2026-08-02T22:43:17.579Z step:1]" stats="&{Timings:{EvalTotalTime:5.7916e-05 ResultSortTime:4.17e-07 QueryPreparationTime:1.7e-05 InnerEvalTime:3.5583e-05 ExecQueueTime:2.833e-06 ExecTotalTime:6.3583e-05} Samples:0x140014b1440}" spanID=0000000000000000
time=2026-08-02T15:44:00.580-07:00 level=DEBUG msg="Query returned data" test=archv2-nxm tool=conduit-v1 collector=conduit type=conduit collector=conduit type=conduit name=msg-rate-per-second[archv2-nxm] series-count=1 last-value=18578
time=2026-08-02T15:44:00.580-07:00 level=DEBUG msg="promql query logged" test=archv2-nxm tool=conduit-v1 collector=conduit type=conduit collector=conduit type=conduit params="map[end:2026-08-02T22:44:00.580Z query:rate(conduit_connector_bytes_sum{pipeline_name=\"archv2-nxm\",type=\"source\"}[2s])/1048576 start:2026-08-02T22:43:17.579Z step:1]" stats="&{Timings:{EvalTotalTime:0.000104833 ResultSortTime:8.75e-07 QueryPreparationTime:8.916e-06 InnerEvalTime:9.0833e-05 ExecQueueTime:9.59e-07 ExecTotalTime:0.000107625} Samples:0x140014b1b00}" spanID=0000000000000000
time=2026-08-02T15:44:00.580-07:00 level=WARN msg="Query returned multiple series, only first will be used" test=archv2-nxm tool=conduit-v1 collector=conduit type=conduit collector=conduit type=conduit series-count=2
time=2026-08-02T15:44:00.580-07:00 level=DEBUG msg="Query returned data" test=archv2-nxm tool=conduit-v1 collector=conduit type=conduit collector=conduit type=conduit name=msg-megabytes-in-per-second[archv2-nxm] series-count=1 last-value=0.2617683410644531
time=2026-08-02T15:44:00.580-07:00 level=DEBUG msg="promql query logged" test=archv2-nxm tool=conduit-v1 collector=conduit type=conduit collector=conduit type=conduit params="map[end:2026-08-02T22:44:00.580Z query:rate(conduit_connector_bytes_sum{pipeline_name=\"archv2-nxm\",type=\"destination\"}[2s])/1048576 start:2026-08-02T22:43:17.579Z step:1]" stats="&{Timings:{EvalTotalTime:9.1e-05 ResultSortTime:6.66e-07 QueryPreparationTime:1.0667e-05 InnerEvalTime:7.3792e-05 ExecQueueTime:1.625e-06 ExecTotalTime:9.55e-05} Samples:0x14001353bf0}" spanID=0000000000000000
time=2026-08-02T15:44:00.580-07:00 level=WARN msg="Query returned multiple series, only first will be used" test=archv2-nxm tool=conduit-v1 collector=conduit type=conduit collector=conduit type=conduit series-count=2
time=2026-08-02T15:44:00.581-07:00 level=DEBUG msg="Query returned data" test=archv2-nxm tool=conduit-v1 collector=conduit type=conduit collector=conduit type=conduit name=msg-megabytes-out-per-second[archv2-nxm] series-count=1 last-value=0.5257406234741211
time=2026-08-02T15:44:00.779-07:00 level=DEBUG msg="Inspecting container" model=container-monitor name=benchi-conduit
time=2026-08-02T15:44:01.284-07:00 level=DEBUG msg="Inspecting container" model=container-monitor name=benchi-conduit
time=2026-08-02T15:44:01.580-07:00 level=DEBUG msg="promql query logged" test=archv2-nxm tool=conduit-v1 collector=conduit type=conduit collector=conduit type=conduit params="map[end:2026-08-02T22:44:01.579Z query:rate(conduit_pipeline_execution_duration_seconds_count{pipeline_name=\"archv2-nxm\"}[2s]) start:2026-08-02T22:43:17.579Z step:1]" stats="&{Timings:{EvalTotalTime:0.000118416 ResultSortTime:6.25e-07 QueryPreparationTime:1.5208e-05 InnerEvalTime:7.4416e-05 ExecQueueTime:2.126e-06 ExecTotalTime:0.000123208} Samples:0x1400153c0c0}" spanID=0000000000000000
time=2026-08-02T15:44:01.580-07:00 level=DEBUG msg="Query returned data" test=archv2-nxm tool=conduit-v1 collector=conduit type=conduit collector=conduit type=conduit name=msg-rate-per-second[archv2-nxm] series-count=1 last-value=18198
time=2026-08-02T15:44:01.580-07:00 level=DEBUG msg="promql query logged" test=archv2-nxm tool=conduit-v1 collector=conduit type=conduit collector=conduit type=conduit params="map[end:2026-08-02T22:44:01.580Z query:rate(conduit_connector_bytes_sum{pipeline_name=\"archv2-nxm\",type=\"source\"}[2s])/1048576 start:2026-08-02T22:43:17.579Z step:1]" stats="&{Timings:{EvalTotalTime:0.000114875 ResultSortTime:1.125e-06 QueryPreparationTime:7.291e-06 InnerEvalTime:0.000100833 ExecQueueTime:2.25e-06 ExecTotalTime:0.000119042} Samples:0x1400153c780}" spanID=0000000000000000
time=2026-08-02T15:44:01.580-07:00 level=WARN msg="Query returned multiple series, only first will be used" test=archv2-nxm tool=conduit-v1 collector=conduit type=conduit collector=conduit type=conduit series-count=2
time=2026-08-02T15:44:01.580-07:00 level=DEBUG msg="Query returned data" test=archv2-nxm tool=conduit-v1 collector=conduit type=conduit collector=conduit type=conduit name=msg-megabytes-in-per-second[archv2-nxm] series-count=1 last-value=0.25859928131103516
time=2026-08-02T15:44:01.580-07:00 level=DEBUG msg="promql query logged" test=archv2-nxm tool=conduit-v1 collector=conduit type=conduit collector=conduit type=conduit params="map[end:2026-08-02T22:44:01.580Z query:rate(conduit_connector_bytes_sum{pipeline_name=\"archv2-nxm\",type=\"destination\"}[2s])/1048576 start:2026-08-02T22:43:17.579Z step:1]" stats="&{Timings:{EvalTotalTime:8.0125e-05 ResultSortTime:5.83e-07 QueryPreparationTime:8.166e-06 InnerEvalTime:6.7375e-05 ExecQueueTime:1.084e-06 ExecTotalTime:8.2917e-05} Samples:0x1400153da40}" spanID=0000000000000000
time=2026-08-02T15:44:01.580-07:00 level=WARN msg="Query returned multiple series, only first will be used" test=archv2-nxm tool=conduit-v1 collector=conduit type=conduit collector=conduit type=conduit series-count=2
time=2026-08-02T15:44:01.580-07:00 level=DEBUG msg="Query returned data" test=archv2-nxm tool=conduit-v1 collector=conduit type=conduit collector=conduit type=conduit name=msg-megabytes-out-per-second[archv2-nxm] series-count=1 last-value=0.5144748687744141
time=2026-08-02T15:44:01.790-07:00 level=DEBUG msg="Inspecting container" model=container-monitor name=benchi-conduit
time=2026-08-02T15:44:02.303-07:00 level=DEBUG msg="Inspecting container" model=container-monitor name=benchi-conduit
time=2026-08-02T15:44:02.579-07:00 level=DEBUG msg="promql query logged" test=archv2-nxm tool=conduit-v1 collector=conduit type=conduit collector=conduit type=conduit params="map[end:2026-08-02T22:44:02.579Z query:rate(conduit_pipeline_execution_duration_seconds_count{pipeline_name=\"archv2-nxm\"}[2s]) start:2026-08-02T22:43:17.579Z step:1]" stats="&{Timings:{EvalTotalTime:7.5583e-05 ResultSortTime:7.5e-07 QueryPreparationTime:2.2833e-05 InnerEvalTime:4.5917e-05 ExecQueueTime:3.458e-06 ExecTotalTime:8.2084e-05} Samples:0x140013cd0b0}" spanID=0000000000000000
time=2026-08-02T15:44:02.579-07:00 level=DEBUG msg="Query returned data" test=archv2-nxm tool=conduit-v1 collector=conduit type=conduit collector=conduit type=conduit name=msg-rate-per-second[archv2-nxm] series-count=1 last-value=17587
time=2026-08-02T15:44:02.579-07:00 level=INFO msg="Test in progress" test=archv2-nxm tool=conduit-v1 step=test time-left=15s
time=2026-08-02T15:44:02.580-07:00 level=DEBUG msg="promql query logged" test=archv2-nxm tool=conduit-v1 collector=conduit type=conduit collector=conduit type=conduit params="map[end:2026-08-02T22:44:02.579Z query:rate(conduit_connector_bytes_sum{pipeline_name=\"archv2-nxm\",type=\"source\"}[2s])/1048576 start:2026-08-02T22:43:17.579Z step:1]" stats="&{Timings:{EvalTotalTime:0.000106208 ResultSortTime:1.167e-06 QueryPreparationTime:1.4834e-05 InnerEvalTime:8.5e-05 ExecQueueTime:8.33e-07 ExecTotalTime:0.000109542} Samples:0x140013cd770}" spanID=0000000000000000
time=2026-08-02T15:44:02.580-07:00 level=WARN msg="Query returned multiple series, only first will be used" test=archv2-nxm tool=conduit-v1 collector=conduit type=conduit collector=conduit type=conduit series-count=2
time=2026-08-02T15:44:02.580-07:00 level=DEBUG msg="Query returned data" test=archv2-nxm tool=conduit-v1 collector=conduit type=conduit collector=conduit type=conduit name=msg-megabytes-in-per-second[archv2-nxm] series-count=1 last-value=0.2509288787841797
time=2026-08-02T15:44:02.580-07:00 level=DEBUG msg="promql query logged" test=archv2-nxm tool=conduit-v1 collector=conduit type=conduit collector=conduit type=conduit params="map[end:2026-08-02T22:44:02.580Z query:rate(conduit_connector_bytes_sum{pipeline_name=\"archv2-nxm\",type=\"destination\"}[2s])/1048576 start:2026-08-02T22:43:17.579Z step:1]" stats="&{Timings:{EvalTotalTime:0.000103958 ResultSortTime:6.67e-07 QueryPreparationTime:1.1834e-05 InnerEvalTime:8.6708e-05 ExecQueueTime:1.083e-06 ExecTotalTime:0.000108416} Samples:0x140016510b0}" spanID=0000000000000000
time=2026-08-02T15:44:02.580-07:00 level=WARN msg="Query returned multiple series, only first will be used" test=archv2-nxm tool=conduit-v1 collector=conduit type=conduit collector=conduit type=conduit series-count=2
time=2026-08-02T15:44:02.580-07:00 level=DEBUG msg="Query returned data" test=archv2-nxm tool=conduit-v1 collector=conduit type=conduit collector=conduit type=conduit name=msg-megabytes-out-per-second[archv2-nxm] series-count=1 last-value=0.4971160888671875
time=2026-08-02T15:44:02.810-07:00 level=DEBUG msg="Inspecting container" model=container-monitor name=benchi-conduit
time=2026-08-02T15:44:03.323-07:00 level=DEBUG msg="Inspecting container" model=container-monitor name=benchi-conduit
time=2026-08-02T15:44:03.580-07:00 level=DEBUG msg="promql query logged" test=archv2-nxm tool=conduit-v1 collector=conduit type=conduit collector=conduit type=conduit params="map[end:2026-08-02T22:44:03.580Z query:rate(conduit_pipeline_execution_duration_seconds_count{pipeline_name=\"archv2-nxm\"}[2s]) start:2026-08-02T22:43:17.579Z step:1]" stats="&{Timings:{EvalTotalTime:5.9458e-05 ResultSortTime:3.75e-07 QueryPreparationTime:1.4083e-05 InnerEvalTime:3.9583e-05 ExecQueueTime:2.416e-06 ExecTotalTime:6.475e-05} Samples:0x140015ad5f0}" spanID=0000000000000000
time=2026-08-02T15:44:03.580-07:00 level=DEBUG msg="Query returned data" test=archv2-nxm tool=conduit-v1 collector=conduit type=conduit collector=conduit type=conduit name=msg-rate-per-second[archv2-nxm] series-count=1 last-value=17319
time=2026-08-02T15:44:03.580-07:00 level=DEBUG msg="promql query logged" test=archv2-nxm tool=conduit-v1 collector=conduit type=conduit collector=conduit type=conduit params="map[end:2026-08-02T22:44:03.580Z query:rate(conduit_connector_bytes_sum{pipeline_name=\"archv2-nxm\",type=\"source\"}[2s])/1048576 start:2026-08-02T22:43:17.579Z step:1]" stats="&{Timings:{EvalTotalTime:0.000131667 ResultSortTime:1.041e-06 QueryPreparationTime:9.875e-06 InnerEvalTime:0.00011325 ExecQueueTime:1.084e-06 ExecTotalTime:0.000135375} Samples:0x140015adcb0}" spanID=0000000000000000
time=2026-08-02T15:44:03.581-07:00 level=WARN msg="Query returned multiple series, only first will be used" test=archv2-nxm tool=conduit-v1 collector=conduit type=conduit collector=conduit type=conduit series-count=2
time=2026-08-02T15:44:03.581-07:00 level=DEBUG msg="Query returned data" test=archv2-nxm tool=conduit-v1 collector=conduit type=conduit collector=conduit type=conduit name=msg-megabytes-in-per-second[archv2-nxm] series-count=1 last-value=0.2419872283935547
time=2026-08-02T15:44:03.581-07:00 level=DEBUG msg="promql query logged" test=archv2-nxm tool=conduit-v1 collector=conduit type=conduit collector=conduit type=conduit params="map[end:2026-08-02T22:44:03.581Z query:rate(conduit_connector_bytes_sum{pipeline_name=\"archv2-nxm\",type=\"destination\"}[2s])/1048576 start:2026-08-02T22:43:17.579Z step:1]" stats="&{Timings:{EvalTotalTime:6.2333e-05 ResultSortTime:5.41e-07 QueryPreparationTime:7.542e-06 InnerEvalTime:5.1291e-05 ExecQueueTime:1.25e-06 ExecTotalTime:6.4916e-05} Samples:0x140017461b0}" spanID=0000000000000000
time=2026-08-02T15:44:03.581-07:00 level=WARN msg="Query returned multiple series, only first will be used" test=archv2-nxm tool=conduit-v1 collector=conduit type=conduit collector=conduit type=conduit series-count=2
time=2026-08-02T15:44:03.581-07:00 level=DEBUG msg="Query returned data" test=archv2-nxm tool=conduit-v1 collector=conduit type=conduit collector=conduit type=conduit name=msg-megabytes-out-per-second[archv2-nxm] series-count=1 last-value=0.48981571197509766
time=2026-08-02T15:44:03.830-07:00 level=DEBUG msg="Inspecting container" model=container-monitor name=benchi-conduit
time=2026-08-02T15:44:04.341-07:00 level=DEBUG msg="Inspecting container" model=container-monitor name=benchi-conduit
time=2026-08-02T15:44:04.579-07:00 level=DEBUG msg="promql query logged" test=archv2-nxm tool=conduit-v1 collector=conduit type=conduit collector=conduit type=conduit params="map[end:2026-08-02T22:44:04.579Z query:rate(conduit_pipeline_execution_duration_seconds_count{pipeline_name=\"archv2-nxm\"}[2s]) start:2026-08-02T22:43:17.579Z step:1]" stats="&{Timings:{EvalTotalTime:5.0334e-05 ResultSortTime:3.75e-07 QueryPreparationTime:1.4e-05 InnerEvalTime:3.1625e-05 ExecQueueTime:2.584e-06 ExecTotalTime:5.4916e-05} Samples:0x14001771ce0}" spanID=0000000000000000
time=2026-08-02T15:44:04.579-07:00 level=DEBUG msg="Query returned data" test=archv2-nxm tool=conduit-v1 collector=conduit type=conduit collector=conduit type=conduit name=msg-rate-per-second[archv2-nxm] series-count=1 last-value=20806
time=2026-08-02T15:44:04.579-07:00 level=DEBUG msg="promql query logged" test=archv2-nxm tool=conduit-v1 collector=conduit type=conduit collector=conduit type=conduit params="map[end:2026-08-02T22:44:04.579Z query:rate(conduit_connector_bytes_sum{pipeline_name=\"archv2-nxm\",type=\"source\"}[2s])/1048576 start:2026-08-02T22:43:17.579Z step:1]" stats="&{Timings:{EvalTotalTime:9.1541e-05 ResultSortTime:9.17e-07 QueryPreparationTime:8.042e-06 InnerEvalTime:7.1416e-05 ExecQueueTime:8.75e-07 ExecTotalTime:9.4416e-05} Samples:0x14001808420}" spanID=0000000000000000
time=2026-08-02T15:44:04.579-07:00 level=WARN msg="Query returned multiple series, only first will be used" test=archv2-nxm tool=conduit-v1 collector=conduit type=conduit collector=conduit type=conduit series-count=2
time=2026-08-02T15:44:04.579-07:00 level=DEBUG msg="Query returned data" test=archv2-nxm tool=conduit-v1 collector=conduit type=conduit collector=conduit type=conduit name=msg-megabytes-in-per-second[archv2-nxm] series-count=1 last-value=0.2935142517089844
time=2026-08-02T15:44:04.580-07:00 level=DEBUG msg="promql query logged" test=archv2-nxm tool=conduit-v1 collector=conduit type=conduit collector=conduit type=conduit params="map[end:2026-08-02T22:44:04.579Z query:rate(conduit_connector_bytes_sum{pipeline_name=\"archv2-nxm\",type=\"destination\"}[2s])/1048576 start:2026-08-02T22:43:17.579Z step:1]" stats="&{Timings:{EvalTotalTime:8.6375e-05 ResultSortTime:5.42e-07 QueryPreparationTime:8.667e-06 InnerEvalTime:7.3792e-05 ExecQueueTime:1.292e-06 ExecTotalTime:8.9792e-05} Samples:0x140017de870}" spanID=0000000000000000
time=2026-08-02T15:44:04.580-07:00 level=WARN msg="Query returned multiple series, only first will be used" test=archv2-nxm tool=conduit-v1 collector=conduit type=conduit collector=conduit type=conduit series-count=2
time=2026-08-02T15:44:04.580-07:00 level=DEBUG msg="Query returned data" test=archv2-nxm tool=conduit-v1 collector=conduit type=conduit collector=conduit type=conduit name=msg-megabytes-out-per-second[archv2-nxm] series-count=1 last-value=0.5884323120117188
time=2026-08-02T15:44:04.851-07:00 level=DEBUG msg="Inspecting container" model=container-monitor name=benchi-conduit
time=2026-08-02T15:44:05.358-07:00 level=DEBUG msg="Inspecting container" model=container-monitor name=benchi-conduit
time=2026-08-02T15:44:05.579-07:00 level=DEBUG msg="promql query logged" test=archv2-nxm tool=conduit-v1 collector=conduit type=conduit collector=conduit type=conduit params="map[end:2026-08-02T22:44:05.579Z query:rate(conduit_pipeline_execution_duration_seconds_count{pipeline_name=\"archv2-nxm\"}[2s]) start:2026-08-02T22:43:17.579Z step:1]" stats="&{Timings:{EvalTotalTime:5.4542e-05 ResultSortTime:3.33e-07 QueryPreparationTime:1.45e-05 InnerEvalTime:3.4875e-05 ExecQueueTime:2.333e-06 ExecTotalTime:5.8959e-05} Samples:0x140017ff230}" spanID=0000000000000000
time=2026-08-02T15:44:05.579-07:00 level=DEBUG msg="Query returned data" test=archv2-nxm tool=conduit-v1 collector=conduit type=conduit collector=conduit type=conduit name=msg-rate-per-second[archv2-nxm] series-count=1 last-value=20382
time=2026-08-02T15:44:05.579-07:00 level=DEBUG msg="promql query logged" test=archv2-nxm tool=conduit-v1 collector=conduit type=conduit collector=conduit type=conduit params="map[end:2026-08-02T22:44:05.579Z query:rate(conduit_connector_bytes_sum{pipeline_name=\"archv2-nxm\",type=\"source\"}[2s])/1048576 start:2026-08-02T22:43:17.579Z step:1]" stats="&{Timings:{EvalTotalTime:0.000119458 ResultSortTime:9.16e-07 QueryPreparationTime:7.333e-06 InnerEvalTime:0.000106375 ExecQueueTime:9.17e-07 ExecTotalTime:0.00012225} Samples:0x140017ff950}" spanID=0000000000000000
time=2026-08-02T15:44:05.579-07:00 level=WARN msg="Query returned multiple series, only first will be used" test=archv2-nxm tool=conduit-v1 collector=conduit type=conduit collector=conduit type=conduit series-count=2
time=2026-08-02T15:44:05.579-07:00 level=DEBUG msg="Query returned data" test=archv2-nxm tool=conduit-v1 collector=conduit type=conduit collector=conduit type=conduit name=msg-megabytes-in-per-second[archv2-nxm] series-count=1 last-value=0.28899669647216797
time=2026-08-02T15:44:05.579-07:00 level=DEBUG msg="promql query logged" test=archv2-nxm tool=conduit-v1 collector=conduit type=conduit collector=conduit type=conduit params="map[end:2026-08-02T22:44:05.579Z query:rate(conduit_connector_bytes_sum{pipeline_name=\"archv2-nxm\",type=\"destination\"}[2s])/1048576 start:2026-08-02T22:43:17.579Z step:1]" stats="&{Timings:{EvalTotalTime:8.8833e-05 ResultSortTime:4.16e-07 QueryPreparationTime:9.417e-06 InnerEvalTime:7.55e-05 ExecQueueTime:1.208e-06 ExecTotalTime:9.2041e-05} Samples:0x140016d02d0}" spanID=0000000000000000
time=2026-08-02T15:44:05.579-07:00 level=WARN msg="Query returned multiple series, only first will be used" test=archv2-nxm tool=conduit-v1 collector=conduit type=conduit collector=conduit type=conduit series-count=2
time=2026-08-02T15:44:05.579-07:00 level=DEBUG msg="Query returned data" test=archv2-nxm tool=conduit-v1 collector=conduit type=conduit collector=conduit type=conduit name=msg-megabytes-out-per-second[archv2-nxm] series-count=1 last-value=0.5759811401367188
time=2026-08-02T15:44:05.864-07:00 level=DEBUG msg="Inspecting container" model=container-monitor name=benchi-conduit
time=2026-08-02T15:44:06.378-07:00 level=DEBUG msg="Inspecting container" model=container-monitor name=benchi-conduit
time=2026-08-02T15:44:06.580-07:00 level=DEBUG msg="promql query logged" test=archv2-nxm tool=conduit-v1 collector=conduit type=conduit collector=conduit type=conduit params="map[end:2026-08-02T22:44:06.579Z query:rate(conduit_pipeline_execution_duration_seconds_count{pipeline_name=\"archv2-nxm\"}[2s]) start:2026-08-02T22:43:17.579Z step:1]" stats="&{Timings:{EvalTotalTime:9.5583e-05 ResultSortTime:4.17e-07 QueryPreparationTime:4.8e-05 InnerEvalTime:3.85e-05 ExecQueueTime:2.375e-06 ExecTotalTime:0.0001005} Samples:0x14001638090}" spanID=0000000000000000
time=2026-08-02T15:44:06.580-07:00 level=DEBUG msg="Query returned data" test=archv2-nxm tool=conduit-v1 collector=conduit type=conduit collector=conduit type=conduit name=msg-rate-per-second[archv2-nxm] series-count=1 last-value=18471
time=2026-08-02T15:44:06.580-07:00 level=DEBUG msg="promql query logged" test=archv2-nxm tool=conduit-v1 collector=conduit type=conduit collector=conduit type=conduit params="map[end:2026-08-02T22:44:06.580Z query:rate(conduit_connector_bytes_sum{pipeline_name=\"archv2-nxm\",type=\"source\"}[2s])/1048576 start:2026-08-02T22:43:17.579Z step:1]" stats="&{Timings:{EvalTotalTime:8.4833e-05 ResultSortTime:6.67e-07 QueryPreparationTime:7.5e-06 InnerEvalTime:7.325e-05 ExecQueueTime:1.375e-06 ExecTotalTime:8.775e-05} Samples:0x140016388a0}" spanID=0000000000000000
time=2026-08-02T15:44:06.580-07:00 level=WARN msg="Query returned multiple series, only first will be used" test=archv2-nxm tool=conduit-v1 collector=conduit type=conduit collector=conduit type=conduit series-count=2
time=2026-08-02T15:44:06.580-07:00 level=DEBUG msg="Query returned data" test=archv2-nxm tool=conduit-v1 collector=conduit type=conduit collector=conduit type=conduit name=msg-megabytes-in-per-second[archv2-nxm] series-count=1 last-value=0.2592639923095703
time=2026-08-02T15:44:06.580-07:00 level=DEBUG msg="promql query logged" test=archv2-nxm tool=conduit-v1 collector=conduit type=conduit collector=conduit type=conduit params="map[end:2026-08-02T22:44:06.580Z query:rate(conduit_connector_bytes_sum{pipeline_name=\"archv2-nxm\",type=\"destination\"}[2s])/1048576 start:2026-08-02T22:43:17.579Z step:1]" stats="&{Timings:{EvalTotalTime:9.3375e-05 ResultSortTime:5e-07 QueryPreparationTime:9.459e-06 InnerEvalTime:7.95e-05 ExecQueueTime:1.626e-06 ExecTotalTime:9.6833e-05} Samples:0x140009f5dd0}" spanID=0000000000000000
time=2026-08-02T15:44:06.580-07:00 level=WARN msg="Query returned multiple series, only first will be used" test=archv2-nxm tool=conduit-v1 collector=conduit type=conduit collector=conduit type=conduit series-count=2
time=2026-08-02T15:44:06.580-07:00 level=DEBUG msg="Query returned data" test=archv2-nxm tool=conduit-v1 collector=conduit type=conduit collector=conduit type=conduit name=msg-megabytes-out-per-second[archv2-nxm] series-count=1 last-value=0.5219173431396484
time=2026-08-02T15:44:06.888-07:00 level=DEBUG msg="Inspecting container" model=container-monitor name=benchi-conduit
time=2026-08-02T15:44:07.399-07:00 level=DEBUG msg="Inspecting container" model=container-monitor name=benchi-conduit
time=2026-08-02T15:44:07.580-07:00 level=INFO msg="Test in progress" test=archv2-nxm tool=conduit-v1 step=test time-left=10s
time=2026-08-02T15:44:07.581-07:00 level=DEBUG msg="promql query logged" test=archv2-nxm tool=conduit-v1 collector=conduit type=conduit collector=conduit type=conduit params="map[end:2026-08-02T22:44:07.580Z query:rate(conduit_pipeline_execution_duration_seconds_count{pipeline_name=\"archv2-nxm\"}[2s]) start:2026-08-02T22:43:17.579Z step:1]" stats="&{Timings:{EvalTotalTime:5.1792e-05 ResultSortTime:3.75e-07 QueryPreparationTime:1.425e-05 InnerEvalTime:3.2917e-05 ExecQueueTime:2.042e-06 ExecTotalTime:5.6125e-05} Samples:0x1400167d230}" spanID=0000000000000000
time=2026-08-02T15:44:07.581-07:00 level=DEBUG msg="Query returned data" test=archv2-nxm tool=conduit-v1 collector=conduit type=conduit collector=conduit type=conduit name=msg-rate-per-second[archv2-nxm] series-count=1 last-value=19999
time=2026-08-02T15:44:07.581-07:00 level=DEBUG msg="promql query logged" test=archv2-nxm tool=conduit-v1 collector=conduit type=conduit collector=conduit type=conduit params="map[end:2026-08-02T22:44:07.581Z query:rate(conduit_connector_bytes_sum{pipeline_name=\"archv2-nxm\",type=\"source\"}[2s])/1048576 start:2026-08-02T22:43:17.579Z step:1]" stats="&{Timings:{EvalTotalTime:8.3083e-05 ResultSortTime:7.5e-07 QueryPreparationTime:6e-06 InnerEvalTime:7.2958e-05 ExecQueueTime:7.5e-07 ExecTotalTime:8.5125e-05} Samples:0x1400167d8f0}" spanID=0000000000000000
time=2026-08-02T15:44:07.581-07:00 level=WARN msg="Query returned multiple series, only first will be used" test=archv2-nxm tool=conduit-v1 collector=conduit type=conduit collector=conduit type=conduit series-count=2
time=2026-08-02T15:44:07.581-07:00 level=DEBUG msg="Query returned data" test=archv2-nxm tool=conduit-v1 collector=conduit type=conduit collector=conduit type=conduit name=msg-megabytes-in-per-second[archv2-nxm] series-count=1 last-value=0.28430652618408203
time=2026-08-02T15:44:07.581-07:00 level=DEBUG msg="promql query logged" test=archv2-nxm tool=conduit-v1 collector=conduit type=conduit collector=conduit type=conduit params="map[end:2026-08-02T22:44:07.581Z query:rate(conduit_connector_bytes_sum{pipeline_name=\"archv2-nxm\",type=\"destination\"}[2s])/1048576 start:2026-08-02T22:43:17.579Z step:1]" stats="&{Timings:{EvalTotalTime:8.3584e-05 ResultSortTime:5.41e-07 QueryPreparationTime:7.791e-06 InnerEvalTime:7.1458e-05 ExecQueueTime:9.58e-07 ExecTotalTime:8.825e-05} Samples:0x14000eacf60}" spanID=0000000000000000
time=2026-08-02T15:44:07.581-07:00 level=WARN msg="Query returned multiple series, only first will be used" test=archv2-nxm tool=conduit-v1 collector=conduit type=conduit collector=conduit type=conduit series-count=2
time=2026-08-02T15:44:07.582-07:00 level=DEBUG msg="Query returned data" test=archv2-nxm tool=conduit-v1 collector=conduit type=conduit collector=conduit type=conduit name=msg-megabytes-out-per-second[archv2-nxm] series-count=1 last-value=0.5664148330688477
time=2026-08-02T15:44:07.907-07:00 level=DEBUG msg="Inspecting container" model=container-monitor name=benchi-conduit
time=2026-08-02T15:44:08.414-07:00 level=DEBUG msg="Inspecting container" model=container-monitor name=benchi-conduit
time=2026-08-02T15:44:08.580-07:00 level=DEBUG msg="promql query logged" test=archv2-nxm tool=conduit-v1 collector=conduit type=conduit collector=conduit type=conduit params="map[end:2026-08-02T22:44:08.580Z query:rate(conduit_pipeline_execution_duration_seconds_count{pipeline_name=\"archv2-nxm\"}[2s]) start:2026-08-02T22:43:17.579Z step:1]" stats="&{Timings:{EvalTotalTime:5.1083e-05 ResultSortTime:3.75e-07 QueryPreparationTime:1.3833e-05 InnerEvalTime:3.2041e-05 ExecQueueTime:2.209e-06 ExecTotalTime:5.575e-05} Samples:0x14000f99e60}" spanID=0000000000000000
time=2026-08-02T15:44:08.580-07:00 level=DEBUG msg="Query returned data" test=archv2-nxm tool=conduit-v1 collector=conduit type=conduit collector=conduit type=conduit name=msg-rate-per-second[archv2-nxm] series-count=1 last-value=19340
time=2026-08-02T15:44:08.580-07:00 level=DEBUG msg="promql query logged" test=archv2-nxm tool=conduit-v1 collector=conduit type=conduit collector=conduit type=conduit params="map[end:2026-08-02T22:44:08.580Z query:rate(conduit_connector_bytes_sum{pipeline_name=\"archv2-nxm\",type=\"source\"}[2s])/1048576 start:2026-08-02T22:43:17.579Z step:1]" stats="&{Timings:{EvalTotalTime:8.8e-05 ResultSortTime:6.25e-07 QueryPreparationTime:6e-06 InnerEvalTime:7.6083e-05 ExecQueueTime:7.92e-07 ExecTotalTime:9.0458e-05} Samples:0x140013a25d0}" spanID=0000000000000000
time=2026-08-02T15:44:08.580-07:00 level=WARN msg="Query returned multiple series, only first will be used" test=archv2-nxm tool=conduit-v1 collector=conduit type=conduit collector=conduit type=conduit series-count=2
time=2026-08-02T15:44:08.580-07:00 level=DEBUG msg="Query returned data" test=archv2-nxm tool=conduit-v1 collector=conduit type=conduit collector=conduit type=conduit name=msg-megabytes-in-per-second[archv2-nxm] series-count=1 last-value=0.2731161117553711
time=2026-08-02T15:44:08.581-07:00 level=DEBUG msg="promql query logged" test=archv2-nxm tool=conduit-v1 collector=conduit type=conduit collector=conduit type=conduit params="map[end:2026-08-02T22:44:08.580Z query:rate(conduit_connector_bytes_sum{pipeline_name=\"archv2-nxm\",type=\"destination\"}[2s])/1048576 start:2026-08-02T22:43:17.579Z step:1]" stats="&{Timings:{EvalTotalTime:8.3083e-05 ResultSortTime:4.59e-07 QueryPreparationTime:6.791e-06 InnerEvalTime:7.1542e-05 ExecQueueTime:1.208e-06 ExecTotalTime:8.575e-05} Samples:0x140013a3a70}" spanID=0000000000000000
time=2026-08-02T15:44:08.581-07:00 level=WARN msg="Query returned multiple series, only first will be used" test=archv2-nxm tool=conduit-v1 collector=conduit type=conduit collector=conduit type=conduit series-count=2
time=2026-08-02T15:44:08.581-07:00 level=DEBUG msg="Query returned data" test=archv2-nxm tool=conduit-v1 collector=conduit type=conduit collector=conduit type=conduit name=msg-megabytes-out-per-second[archv2-nxm] series-count=1 last-value=0.5464324951171875
time=2026-08-02T15:44:08.921-07:00 level=DEBUG msg="Inspecting container" model=container-monitor name=benchi-conduit
time=2026-08-02T15:44:09.435-07:00 level=DEBUG msg="Inspecting container" model=container-monitor name=benchi-conduit
time=2026-08-02T15:44:09.579-07:00 level=DEBUG msg="promql query logged" test=archv2-nxm tool=conduit-v1 collector=conduit type=conduit collector=conduit type=conduit params="map[end:2026-08-02T22:44:09.579Z query:rate(conduit_pipeline_execution_duration_seconds_count{pipeline_name=\"archv2-nxm\"}[2s]) start:2026-08-02T22:43:17.579Z step:1]" stats="&{Timings:{EvalTotalTime:5.2875e-05 ResultSortTime:4.17e-07 QueryPreparationTime:1.4416e-05 InnerEvalTime:3.3417e-05 ExecQueueTime:2.292e-06 ExecTotalTime:5.7959e-05} Samples:0x14001771620}" spanID=0000000000000000
time=2026-08-02T15:44:09.579-07:00 level=DEBUG msg="Query returned data" test=archv2-nxm tool=conduit-v1 collector=conduit type=conduit collector=conduit type=conduit name=msg-rate-per-second[archv2-nxm] series-count=1 last-value=18182
time=2026-08-02T15:44:09.579-07:00 level=DEBUG msg="promql query logged" test=archv2-nxm tool=conduit-v1 collector=conduit type=conduit collector=conduit type=conduit params="map[end:2026-08-02T22:44:09.579Z query:rate(conduit_connector_bytes_sum{pipeline_name=\"archv2-nxm\",type=\"source\"}[2s])/1048576 start:2026-08-02T22:43:17.579Z step:1]" stats="&{Timings:{EvalTotalTime:8.6792e-05 ResultSortTime:7.08e-07 QueryPreparationTime:7.167e-06 InnerEvalTime:7.5583e-05 ExecQueueTime:9.17e-07 ExecTotalTime:8.9875e-05} Samples:0x14001771ce0}" spanID=0000000000000000
time=2026-08-02T15:44:09.580-07:00 level=WARN msg="Query returned multiple series, only first will be used" test=archv2-nxm tool=conduit-v1 collector=conduit type=conduit collector=conduit type=conduit series-count=2
time=2026-08-02T15:44:09.580-07:00 level=DEBUG msg="Query returned data" test=archv2-nxm tool=conduit-v1 collector=conduit type=conduit collector=conduit type=conduit name=msg-megabytes-in-per-second[archv2-nxm] series-count=1 last-value=0.2576770782470703
time=2026-08-02T15:44:09.580-07:00 level=DEBUG msg="promql query logged" test=archv2-nxm tool=conduit-v1 collector=conduit type=conduit collector=conduit type=conduit params="map[end:2026-08-02T22:44:09.580Z query:rate(conduit_connector_bytes_sum{pipeline_name=\"archv2-nxm\",type=\"destination\"}[2s])/1048576 start:2026-08-02T22:43:17.579Z step:1]" stats="&{Timings:{EvalTotalTime:9.4167e-05 ResultSortTime:4.59e-07 QueryPreparationTime:8.959e-06 InnerEvalTime:7.8667e-05 ExecQueueTime:3.625e-06 ExecTotalTime:9.7792e-05} Samples:0x14001042600}" spanID=0000000000000000
time=2026-08-02T15:44:09.580-07:00 level=WARN msg="Query returned multiple series, only first will be used" test=archv2-nxm tool=conduit-v1 collector=conduit type=conduit collector=conduit type=conduit series-count=2
time=2026-08-02T15:44:09.580-07:00 level=DEBUG msg="Query returned data" test=archv2-nxm tool=conduit-v1 collector=conduit type=conduit collector=conduit type=conduit name=msg-megabytes-out-per-second[archv2-nxm] series-count=1 last-value=0.5138769149780273
time=2026-08-02T15:44:09.957-07:00 level=DEBUG msg="Inspecting container" model=container-monitor name=benchi-conduit
time=2026-08-02T15:44:10.467-07:00 level=DEBUG msg="Inspecting container" model=container-monitor name=benchi-conduit
time=2026-08-02T15:44:10.584-07:00 level=DEBUG msg="promql query logged" test=archv2-nxm tool=conduit-v1 collector=conduit type=conduit collector=conduit type=conduit params="map[end:2026-08-02T22:44:10.584Z query:rate(conduit_pipeline_execution_duration_seconds_count{pipeline_name=\"archv2-nxm\"}[2s]) start:2026-08-02T22:43:17.579Z step:1]" stats="&{Timings:{EvalTotalTime:0.000110333 ResultSortTime:1.125e-06 QueryPreparationTime:3.3e-05 InnerEvalTime:6.6292e-05 ExecQueueTime:4.792e-06 ExecTotalTime:0.000186167} Samples:0x1400121dcb0}" spanID=0000000000000000
time=2026-08-02T15:44:10.585-07:00 level=DEBUG msg="Query returned data" test=archv2-nxm tool=conduit-v1 collector=conduit type=conduit collector=conduit type=conduit name=msg-rate-per-second[archv2-nxm] series-count=1 last-value=18537
time=2026-08-02T15:44:10.585-07:00 level=DEBUG msg="promql query logged" test=archv2-nxm tool=conduit-v1 collector=conduit type=conduit collector=conduit type=conduit params="map[end:2026-08-02T22:44:10.585Z query:rate(conduit_connector_bytes_sum{pipeline_name=\"archv2-nxm\",type=\"source\"}[2s])/1048576 start:2026-08-02T22:43:17.579Z step:1]" stats="&{Timings:{EvalTotalTime:0.000272958 ResultSortTime:3.416e-06 QueryPreparationTime:1.6417e-05 InnerEvalTime:0.000240292 ExecQueueTime:2.208e-06 ExecTotalTime:0.000279375} Samples:0x1400124a3f0}" spanID=0000000000000000
time=2026-08-02T15:44:10.585-07:00 level=WARN msg="Query returned multiple series, only first will be used" test=archv2-nxm tool=conduit-v1 collector=conduit type=conduit collector=conduit type=conduit series-count=2
time=2026-08-02T15:44:10.585-07:00 level=DEBUG msg="Query returned data" test=archv2-nxm tool=conduit-v1 collector=conduit type=conduit collector=conduit type=conduit name=msg-megabytes-in-per-second[archv2-nxm] series-count=1 last-value=0.2640037536621094
time=2026-08-02T15:44:10.586-07:00 level=DEBUG msg="promql query logged" test=archv2-nxm tool=conduit-v1 collector=conduit type=conduit collector=conduit type=conduit params="map[end:2026-08-02T22:44:10.586Z query:rate(conduit_connector_bytes_sum{pipeline_name=\"archv2-nxm\",type=\"destination\"}[2s])/1048576 start:2026-08-02T22:43:17.579Z step:1]" stats="&{Timings:{EvalTotalTime:0.000143875 ResultSortTime:1.208e-06 QueryPreparationTime:1.8209e-05 InnerEvalTime:0.00011625 ExecQueueTime:1.917e-06 ExecTotalTime:0.0001495} Samples:0x140011ec720}" spanID=0000000000000000
time=2026-08-02T15:44:10.586-07:00 level=WARN msg="Query returned multiple series, only first will be used" test=archv2-nxm tool=conduit-v1 collector=conduit type=conduit collector=conduit type=conduit series-count=2
time=2026-08-02T15:44:10.587-07:00 level=DEBUG msg="Query returned data" test=archv2-nxm tool=conduit-v1 collector=conduit type=conduit collector=conduit type=conduit name=msg-megabytes-out-per-second[archv2-nxm] series-count=1 last-value=0.5237216949462891
time=2026-08-02T15:44:10.983-07:00 level=DEBUG msg="Inspecting container" model=container-monitor name=benchi-conduit
time=2026-08-02T15:44:11.491-07:00 level=DEBUG msg="Inspecting container" model=container-monitor name=benchi-conduit
time=2026-08-02T15:44:11.580-07:00 level=DEBUG msg="promql query logged" test=archv2-nxm tool=conduit-v1 collector=conduit type=conduit collector=conduit type=conduit params="map[end:2026-08-02T22:44:11.580Z query:rate(conduit_pipeline_execution_duration_seconds_count{pipeline_name=\"archv2-nxm\"}[2s]) start:2026-08-02T22:43:17.579Z step:1]" stats="&{Timings:{EvalTotalTime:5.3041e-05 ResultSortTime:5e-07 QueryPreparationTime:1.4417e-05 InnerEvalTime:3.3583e-05 ExecQueueTime:1.958e-06 ExecTotalTime:5.7375e-05} Samples:0x14001326690}" spanID=0000000000000000
time=2026-08-02T15:44:11.580-07:00 level=DEBUG msg="Query returned data" test=archv2-nxm tool=conduit-v1 collector=conduit type=conduit collector=conduit type=conduit name=msg-rate-per-second[archv2-nxm] series-count=1 last-value=17489
time=2026-08-02T15:44:11.580-07:00 level=DEBUG msg="promql query logged" test=archv2-nxm tool=conduit-v1 collector=conduit type=conduit collector=conduit type=conduit params="map[end:2026-08-02T22:44:11.580Z query:rate(conduit_connector_bytes_sum{pipeline_name=\"archv2-nxm\",type=\"source\"}[2s])/1048576 start:2026-08-02T22:43:17.579Z step:1]" stats="&{Timings:{EvalTotalTime:0.0001135 ResultSortTime:6.67e-07 QueryPreparationTime:2.7125e-05 InnerEvalTime:7.9917e-05 ExecQueueTime:7.5e-07 ExecTotalTime:0.000116} Samples:0x14001326d50}" spanID=0000000000000000
time=2026-08-02T15:44:11.580-07:00 level=WARN msg="Query returned multiple series, only first will be used" test=archv2-nxm tool=conduit-v1 collector=conduit type=conduit collector=conduit type=conduit series-count=2
time=2026-08-02T15:44:11.580-07:00 level=DEBUG msg="Query returned data" test=archv2-nxm tool=conduit-v1 collector=conduit type=conduit collector=conduit type=conduit name=msg-megabytes-in-per-second[archv2-nxm] series-count=1 last-value=0.24625396728515625
time=2026-08-02T15:44:11.581-07:00 level=DEBUG msg="promql query logged" test=archv2-nxm tool=conduit-v1 collector=conduit type=conduit collector=conduit type=conduit params="map[end:2026-08-02T22:44:11.580Z query:rate(conduit_connector_bytes_sum{pipeline_name=\"archv2-nxm\",type=\"destination\"}[2s])/1048576 start:2026-08-02T22:43:17.579Z step:1]" stats="&{Timings:{EvalTotalTime:9.05e-05 ResultSortTime:4.58e-07 QueryPreparationTime:9e-06 InnerEvalTime:7.7625e-05 ExecQueueTime:1.083e-06 ExecTotalTime:9.3334e-05} Samples:0x140012d8c00}" spanID=0000000000000000
time=2026-08-02T15:44:11.581-07:00 level=WARN msg="Query returned multiple series, only first will be used" test=archv2-nxm tool=conduit-v1 collector=conduit type=conduit collector=conduit type=conduit series-count=2
time=2026-08-02T15:44:11.581-07:00 level=DEBUG msg="Query returned data" test=archv2-nxm tool=conduit-v1 collector=conduit type=conduit collector=conduit type=conduit name=msg-megabytes-out-per-second[archv2-nxm] series-count=1 last-value=0.49478912353515625
time=2026-08-02T15:44:11.997-07:00 level=DEBUG msg="Inspecting container" model=container-monitor name=benchi-conduit
time=2026-08-02T15:44:12.523-07:00 level=DEBUG msg="Inspecting container" model=container-monitor name=benchi-conduit
time=2026-08-02T15:44:12.580-07:00 level=INFO msg="Test in progress" test=archv2-nxm tool=conduit-v1 step=test time-left=5s
time=2026-08-02T15:44:12.580-07:00 level=DEBUG msg="promql query logged" test=archv2-nxm tool=conduit-v1 collector=conduit type=conduit collector=conduit type=conduit params="map[end:2026-08-02T22:44:12.580Z query:rate(conduit_pipeline_execution_duration_seconds_count{pipeline_name=\"archv2-nxm\"}[2s]) start:2026-08-02T22:43:17.579Z step:1]" stats="&{Timings:{EvalTotalTime:7.0375e-05 ResultSortTime:3.75e-07 QueryPreparationTime:1.725e-05 InnerEvalTime:4.4834e-05 ExecQueueTime:2.291e-06 ExecTotalTime:7.4709e-05} Samples:0x14001497020}" spanID=0000000000000000
time=2026-08-02T15:44:12.580-07:00 level=DEBUG msg="Query returned data" test=archv2-nxm tool=conduit-v1 collector=conduit type=conduit collector=conduit type=conduit name=msg-rate-per-second[archv2-nxm] series-count=1 last-value=17894
time=2026-08-02T15:44:12.580-07:00 level=DEBUG msg="promql query logged" test=archv2-nxm tool=conduit-v1 collector=conduit type=conduit collector=conduit type=conduit params="map[end:2026-08-02T22:44:12.580Z query:rate(conduit_connector_bytes_sum{pipeline_name=\"archv2-nxm\",type=\"source\"}[2s])/1048576 start:2026-08-02T22:43:17.579Z step:1]" stats="&{Timings:{EvalTotalTime:9.5209e-05 ResultSortTime:7.92e-07 QueryPreparationTime:1.0083e-05 InnerEvalTime:8.1041e-05 ExecQueueTime:7.51e-07 ExecTotalTime:9.75e-05} Samples:0x140014976e0}" spanID=0000000000000000
time=2026-08-02T15:44:12.580-07:00 level=WARN msg="Query returned multiple series, only first will be used" test=archv2-nxm tool=conduit-v1 collector=conduit type=conduit collector=conduit type=conduit series-count=2
time=2026-08-02T15:44:12.580-07:00 level=DEBUG msg="Query returned data" test=archv2-nxm tool=conduit-v1 collector=conduit type=conduit collector=conduit type=conduit name=msg-megabytes-in-per-second[archv2-nxm] series-count=1 last-value=0.2578458786010742
time=2026-08-02T15:44:12.580-07:00 level=DEBUG msg="promql query logged" test=archv2-nxm tool=conduit-v1 collector=conduit type=conduit collector=conduit type=conduit params="map[end:2026-08-02T22:44:12.580Z query:rate(conduit_connector_bytes_sum{pipeline_name=\"archv2-nxm\",type=\"destination\"}[2s])/1048576 start:2026-08-02T22:43:17.579Z step:1]" stats="&{Timings:{EvalTotalTime:9.6583e-05 ResultSortTime:4.58e-07 QueryPreparationTime:1.4167e-05 InnerEvalTime:7.8541e-05 ExecQueueTime:9.59e-07 ExecTotalTime:9.95e-05} Samples:0x140013989c0}" spanID=0000000000000000
time=2026-08-02T15:44:12.580-07:00 level=WARN msg="Query returned multiple series, only first will be used" test=archv2-nxm tool=conduit-v1 collector=conduit type=conduit collector=conduit type=conduit series-count=2
time=2026-08-02T15:44:12.580-07:00 level=DEBUG msg="Query returned data" test=archv2-nxm tool=conduit-v1 collector=conduit type=conduit collector=conduit type=conduit name=msg-megabytes-out-per-second[archv2-nxm] series-count=1 last-value=0.5057144165039062
time=2026-08-02T15:44:13.034-07:00 level=DEBUG msg="Inspecting container" model=container-monitor name=benchi-conduit
time=2026-08-02T15:44:13.543-07:00 level=DEBUG msg="Inspecting container" model=container-monitor name=benchi-conduit
time=2026-08-02T15:44:13.579-07:00 level=DEBUG msg="promql query logged" test=archv2-nxm tool=conduit-v1 collector=conduit type=conduit collector=conduit type=conduit params="map[end:2026-08-02T22:44:13.579Z query:rate(conduit_pipeline_execution_duration_seconds_count{pipeline_name=\"archv2-nxm\"}[2s]) start:2026-08-02T22:43:17.579Z step:1]" stats="&{Timings:{EvalTotalTime:5.6834e-05 ResultSortTime:4.16e-07 QueryPreparationTime:1.5458e-05 InnerEvalTime:3.625e-05 ExecQueueTime:2.458e-06 ExecTotalTime:6.1333e-05} Samples:0x140014d9950}" spanID=0000000000000000
time=2026-08-02T15:44:13.579-07:00 level=DEBUG msg="Query returned data" test=archv2-nxm tool=conduit-v1 collector=conduit type=conduit collector=conduit type=conduit name=msg-rate-per-second[archv2-nxm] series-count=1 last-value=16921
time=2026-08-02T15:44:13.579-07:00 level=DEBUG msg="promql query logged" test=archv2-nxm tool=conduit-v1 collector=conduit type=conduit collector=conduit type=conduit params="map[end:2026-08-02T22:44:13.579Z query:rate(conduit_connector_bytes_sum{pipeline_name=\"archv2-nxm\",type=\"source\"}[2s])/1048576 start:2026-08-02T22:43:17.579Z step:1]" stats="&{Timings:{EvalTotalTime:9.7292e-05 ResultSortTime:7.5e-07 QueryPreparationTime:6.583e-06 InnerEvalTime:8.425e-05 ExecQueueTime:7.51e-07 ExecTotalTime:9.9875e-05} Samples:0x14001600090}" spanID=0000000000000000
time=2026-08-02T15:44:13.579-07:00 level=WARN msg="Query returned multiple series, only first will be used" test=archv2-nxm tool=conduit-v1 collector=conduit type=conduit collector=conduit type=conduit series-count=2
time=2026-08-02T15:44:13.579-07:00 level=DEBUG msg="Query returned data" test=archv2-nxm tool=conduit-v1 collector=conduit type=conduit collector=conduit type=conduit name=msg-megabytes-in-per-second[archv2-nxm] series-count=1 last-value=0.2403860092163086
time=2026-08-02T15:44:13.579-07:00 level=DEBUG msg="promql query logged" test=archv2-nxm tool=conduit-v1 collector=conduit type=conduit collector=conduit type=conduit params="map[end:2026-08-02T22:44:13.579Z query:rate(conduit_connector_bytes_sum{pipeline_name=\"archv2-nxm\",type=\"destination\"}[2s])/1048576 start:2026-08-02T22:43:17.579Z step:1]" stats="&{Timings:{EvalTotalTime:0.000100209 ResultSortTime:5.42e-07 QueryPreparationTime:7.417e-06 InnerEvalTime:8.8708e-05 ExecQueueTime:1.041e-06 ExecTotalTime:0.000103416} Samples:0x1400159e570}" spanID=0000000000000000
time=2026-08-02T15:44:13.579-07:00 level=WARN msg="Query returned multiple series, only first will be used" test=archv2-nxm tool=conduit-v1 collector=conduit type=conduit collector=conduit type=conduit series-count=2
time=2026-08-02T15:44:13.580-07:00 level=DEBUG msg="Query returned data" test=archv2-nxm tool=conduit-v1 collector=conduit type=conduit collector=conduit type=conduit name=msg-megabytes-out-per-second[archv2-nxm] series-count=1 last-value=0.4795665740966797
time=2026-08-02T15:44:14.049-07:00 level=DEBUG msg="Inspecting container" model=container-monitor name=benchi-conduit
time=2026-08-02T15:44:14.575-07:00 level=DEBUG msg="Inspecting container" model=container-monitor name=benchi-conduit
time=2026-08-02T15:44:14.579-07:00 level=DEBUG msg="promql query logged" test=archv2-nxm tool=conduit-v1 collector=conduit type=conduit collector=conduit type=conduit params="map[end:2026-08-02T22:44:14.579Z query:rate(conduit_pipeline_execution_duration_seconds_count{pipeline_name=\"archv2-nxm\"}[2s]) start:2026-08-02T22:43:17.579Z step:1]" stats="&{Timings:{EvalTotalTime:5.275e-05 ResultSortTime:5.41e-07 QueryPreparationTime:1.3208e-05 InnerEvalTime:3.4292e-05 ExecQueueTime:1.542e-06 ExecTotalTime:5.6209e-05} Samples:0x1400161d680}" spanID=0000000000000000
time=2026-08-02T15:44:14.579-07:00 level=DEBUG msg="Query returned data" test=archv2-nxm tool=conduit-v1 collector=conduit type=conduit collector=conduit type=conduit name=msg-rate-per-second[archv2-nxm] series-count=1 last-value=17403
time=2026-08-02T15:44:14.579-07:00 level=DEBUG msg="promql query logged" test=archv2-nxm tool=conduit-v1 collector=conduit type=conduit collector=conduit type=conduit params="map[end:2026-08-02T22:44:14.579Z query:rate(conduit_connector_bytes_sum{pipeline_name=\"archv2-nxm\",type=\"source\"}[2s])/1048576 start:2026-08-02T22:43:17.579Z step:1]" stats="&{Timings:{EvalTotalTime:9.125e-05 ResultSortTime:7.5e-07 QueryPreparationTime:5.542e-06 InnerEvalTime:8.2e-05 ExecQueueTime:6.67e-07 ExecTotalTime:9.3333e-05} Samples:0x1400161dd40}" spanID=0000000000000000
time=2026-08-02T15:44:14.579-07:00 level=WARN msg="Query returned multiple series, only first will be used" test=archv2-nxm tool=conduit-v1 collector=conduit type=conduit collector=conduit type=conduit series-count=2
time=2026-08-02T15:44:14.580-07:00 level=DEBUG msg="Query returned data" test=archv2-nxm tool=conduit-v1 collector=conduit type=conduit collector=conduit type=conduit name=msg-megabytes-in-per-second[archv2-nxm] series-count=1 last-value=0.24595165252685547
time=2026-08-02T15:44:14.580-07:00 level=DEBUG msg="promql query logged" test=archv2-nxm tool=conduit-v1 collector=conduit type=conduit collector=conduit type=conduit params="map[end:2026-08-02T22:44:14.580Z query:rate(conduit_connector_bytes_sum{pipeline_name=\"archv2-nxm\",type=\"destination\"}[2s])/1048576 start:2026-08-02T22:43:17.579Z step:1]" stats="&{Timings:{EvalTotalTime:8.3458e-05 ResultSortTime:4.17e-07 QueryPreparationTime:6.25e-06 InnerEvalTime:7.325e-05 ExecQueueTime:6.25e-07 ExecTotalTime:8.5417e-05} Samples:0x14001660510}" spanID=0000000000000000
time=2026-08-02T15:44:14.580-07:00 level=WARN msg="Query returned multiple series, only first will be used" test=archv2-nxm tool=conduit-v1 collector=conduit type=conduit collector=conduit type=conduit series-count=2
time=2026-08-02T15:44:14.580-07:00 level=DEBUG msg="Query returned data" test=archv2-nxm tool=conduit-v1 collector=conduit type=conduit collector=conduit type=conduit name=msg-megabytes-out-per-second[archv2-nxm] series-count=1 last-value=0.49120330810546875
time=2026-08-02T15:44:15.080-07:00 level=DEBUG msg="Inspecting container" model=container-monitor name=benchi-conduit
time=2026-08-02T15:44:15.579-07:00 level=DEBUG msg="promql query logged" test=archv2-nxm tool=conduit-v1 collector=conduit type=conduit collector=conduit type=conduit params="map[end:2026-08-02T22:44:15.579Z query:rate(conduit_pipeline_execution_duration_seconds_count{pipeline_name=\"archv2-nxm\"}[2s]) start:2026-08-02T22:43:17.579Z step:1]" stats="&{Timings:{EvalTotalTime:5.4e-05 ResultSortTime:3.75e-07 QueryPreparationTime:1.3292e-05 InnerEvalTime:3.6166e-05 ExecQueueTime:2.084e-06 ExecTotalTime:5.7916e-05} Samples:0x1400167bbf0}" spanID=0000000000000000
time=2026-08-02T15:44:15.579-07:00 level=DEBUG msg="Query returned data" test=archv2-nxm tool=conduit-v1 collector=conduit type=conduit collector=conduit type=conduit name=msg-rate-per-second[archv2-nxm] series-count=1 last-value=17613
time=2026-08-02T15:44:15.579-07:00 level=DEBUG msg="promql query logged" test=archv2-nxm tool=conduit-v1 collector=conduit type=conduit collector=conduit type=conduit params="map[end:2026-08-02T22:44:15.579Z query:rate(conduit_connector_bytes_sum{pipeline_name=\"archv2-nxm\",type=\"source\"}[2s])/1048576 start:2026-08-02T22:43:17.579Z step:1]" stats="&{Timings:{EvalTotalTime:9.4666e-05 ResultSortTime:7.92e-07 QueryPreparationTime:7.042e-06 InnerEvalTime:8.1458e-05 ExecQueueTime:7.08e-07 ExecTotalTime:9.6833e-05} Samples:0x1400175c330}" spanID=0000000000000000
time=2026-08-02T15:44:15.579-07:00 level=WARN msg="Query returned multiple series, only first will be used" test=archv2-nxm tool=conduit-v1 collector=conduit type=conduit collector=conduit type=conduit series-count=2
time=2026-08-02T15:44:15.579-07:00 level=DEBUG msg="Query returned data" test=archv2-nxm tool=conduit-v1 collector=conduit type=conduit collector=conduit type=conduit name=msg-megabytes-in-per-second[archv2-nxm] series-count=1 last-value=0.2511940002441406
time=2026-08-02T15:44:15.580-07:00 level=DEBUG msg="promql query logged" test=archv2-nxm tool=conduit-v1 collector=conduit type=conduit collector=conduit type=conduit params="map[end:2026-08-02T22:44:15.579Z query:rate(conduit_connector_bytes_sum{pipeline_name=\"archv2-nxm\",type=\"destination\"}[2s])/1048576 start:2026-08-02T22:43:17.579Z step:1]" stats="&{Timings:{EvalTotalTime:8.3541e-05 ResultSortTime:2.5e-07 QueryPreparationTime:6.333e-06 InnerEvalTime:7.3875e-05 ExecQueueTime:7.91e-07 ExecTotalTime:8.5833e-05} Samples:0x1400175d950}" spanID=0000000000000000
time=2026-08-02T15:44:15.580-07:00 level=WARN msg="Query returned multiple series, only first will be used" test=archv2-nxm tool=conduit-v1 collector=conduit type=conduit collector=conduit type=conduit series-count=2
time=2026-08-02T15:44:15.580-07:00 level=DEBUG msg="Query returned data" test=archv2-nxm tool=conduit-v1 collector=conduit type=conduit collector=conduit type=conduit name=msg-megabytes-out-per-second[archv2-nxm] series-count=1 last-value=0.4981851577758789
time=2026-08-02T15:44:15.622-07:00 level=DEBUG msg="Inspecting container" model=container-monitor name=benchi-conduit
time=2026-08-02T15:44:16.129-07:00 level=DEBUG msg="Inspecting container" model=container-monitor name=benchi-conduit
time=2026-08-02T15:44:16.579-07:00 level=DEBUG msg="promql query logged" test=archv2-nxm tool=conduit-v1 collector=conduit type=conduit collector=conduit type=conduit params="map[end:2026-08-02T22:44:16.579Z query:rate(conduit_pipeline_execution_duration_seconds_count{pipeline_name=\"archv2-nxm\"}[2s]) start:2026-08-02T22:43:17.579Z step:1]" stats="&{Timings:{EvalTotalTime:8.6125e-05 ResultSortTime:7.5e-07 QueryPreparationTime:2.0542e-05 InnerEvalTime:5.9292e-05 ExecQueueTime:2.875e-06 ExecTotalTime:9.4042e-05} Samples:0x14001857050}" spanID=0000000000000000
time=2026-08-02T15:44:16.579-07:00 level=DEBUG msg="Query returned data" test=archv2-nxm tool=conduit-v1 collector=conduit type=conduit collector=conduit type=conduit name=msg-rate-per-second[archv2-nxm] series-count=1 last-value=17153
time=2026-08-02T15:44:16.579-07:00 level=DEBUG msg="promql query logged" test=archv2-nxm tool=conduit-v1 collector=conduit type=conduit collector=conduit type=conduit params="map[end:2026-08-02T22:44:16.579Z query:rate(conduit_connector_bytes_sum{pipeline_name=\"archv2-nxm\",type=\"source\"}[2s])/1048576 start:2026-08-02T22:43:17.579Z step:1]" stats="&{Timings:{EvalTotalTime:0.000144125 ResultSortTime:1.042e-06 QueryPreparationTime:1.1375e-05 InnerEvalTime:0.000126459 ExecQueueTime:9.17e-07 ExecTotalTime:0.000147} Samples:0x14001857710}" spanID=0000000000000000
time=2026-08-02T15:44:16.579-07:00 level=WARN msg="Query returned multiple series, only first will be used" test=archv2-nxm tool=conduit-v1 collector=conduit type=conduit collector=conduit type=conduit series-count=2
time=2026-08-02T15:44:16.580-07:00 level=DEBUG msg="Query returned data" test=archv2-nxm tool=conduit-v1 collector=conduit type=conduit collector=conduit type=conduit name=msg-megabytes-in-per-second[archv2-nxm] series-count=1 last-value=0.2404794692993164
time=2026-08-02T15:44:16.580-07:00 level=DEBUG msg="promql query logged" test=archv2-nxm tool=conduit-v1 collector=conduit type=conduit collector=conduit type=conduit params="map[end:2026-08-02T22:44:16.580Z query:rate(conduit_connector_bytes_sum{pipeline_name=\"archv2-nxm\",type=\"destination\"}[2s])/1048576 start:2026-08-02T22:43:17.579Z step:1]" stats="&{Timings:{EvalTotalTime:0.000117166 ResultSortTime:7.5e-07 QueryPreparationTime:1.275e-05 InnerEvalTime:9.6e-05 ExecQueueTime:1.625e-06 ExecTotalTime:0.000121208} Samples:0x1400179def0}" spanID=0000000000000000
time=2026-08-02T15:44:16.580-07:00 level=WARN msg="Query returned multiple series, only first will be used" test=archv2-nxm tool=conduit-v1 collector=conduit type=conduit collector=conduit type=conduit series-count=2
time=2026-08-02T15:44:16.580-07:00 level=DEBUG msg="Query returned data" test=archv2-nxm tool=conduit-v1 collector=conduit type=conduit collector=conduit type=conduit name=msg-megabytes-out-per-second[archv2-nxm] series-count=1 last-value=0.4847421646118164
time=2026-08-02T15:44:16.647-07:00 level=DEBUG msg="Inspecting container" model=container-monitor name=benchi-conduit
time=2026-08-02T15:44:17.160-07:00 level=DEBUG msg="Inspecting container" model=container-monitor name=benchi-conduit
time=2026-08-02T15:44:17.579-07:00 level=DEBUG msg="promql query logged" test=archv2-nxm tool=conduit-v1 collector=conduit type=conduit collector=conduit type=conduit params="map[end:2026-08-02T22:44:17.579Z query:rate(conduit_pipeline_execution_duration_seconds_count{pipeline_name=\"archv2-nxm\"}[2s]) start:2026-08-02T22:43:17.579Z step:1]" stats="&{Timings:{EvalTotalTime:6.175e-05 ResultSortTime:3.75e-07 QueryPreparationTime:1.4959e-05 InnerEvalTime:4.1709e-05 ExecQueueTime:3.417e-06 ExecTotalTime:6.6958e-05} Samples:0x140017fe510}" spanID=0000000000000000
time=2026-08-02T15:44:17.579-07:00 level=DEBUG msg="Query returned data" test=archv2-nxm tool=conduit-v1 collector=conduit type=conduit collector=conduit type=conduit name=msg-rate-per-second[archv2-nxm] series-count=1 last-value=16922
time=2026-08-02T15:44:17.579-07:00 level=INFO msg="Test in progress" test=archv2-nxm tool=conduit-v1 step=test time-left=0s
time=2026-08-02T15:44:17.579-07:00 level=DEBUG msg="promql query logged" test=archv2-nxm tool=conduit-v1 collector=conduit type=conduit collector=conduit type=conduit params="map[end:2026-08-02T22:44:17.579Z query:rate(conduit_connector_bytes_sum{pipeline_name=\"archv2-nxm\",type=\"source\"}[2s])/1048576 start:2026-08-02T22:43:17.579Z step:1]" stats="&{Timings:{EvalTotalTime:0.000128333 ResultSortTime:9.16e-07 QueryPreparationTime:7.875e-06 InnerEvalTime:0.000115959 ExecQueueTime:8.33e-07 ExecTotalTime:0.000131209} Samples:0x140017fec30}" spanID=0000000000000000
time=2026-08-02T15:44:17.579-07:00 level=WARN msg="Query returned multiple series, only first will be used" test=archv2-nxm tool=conduit-v1 collector=conduit type=conduit collector=conduit type=conduit series-count=2
time=2026-08-02T15:44:17.580-07:00 level=DEBUG msg="Query returned data" test=archv2-nxm tool=conduit-v1 collector=conduit type=conduit collector=conduit type=conduit name=msg-megabytes-in-per-second[archv2-nxm] series-count=1 last-value=0.23774242401123047
time=2026-08-02T15:44:17.580-07:00 level=DEBUG msg="promql query logged" test=archv2-nxm tool=conduit-v1 collector=conduit type=conduit collector=conduit type=conduit params="map[end:2026-08-02T22:44:17.580Z query:rate(conduit_connector_bytes_sum{pipeline_name=\"archv2-nxm\",type=\"destination\"}[2s])/1048576 start:2026-08-02T22:43:17.579Z step:1]" stats="&{Timings:{EvalTotalTime:0.000100208 ResultSortTime:5.42e-07 QueryPreparationTime:9.125e-06 InnerEvalTime:8.7042e-05 ExecQueueTime:1.042e-06 ExecTotalTime:0.000103} Samples:0x140018a1950}" spanID=0000000000000000
time=2026-08-02T15:44:17.580-07:00 level=WARN msg="Query returned multiple series, only first will be used" test=archv2-nxm tool=conduit-v1 collector=conduit type=conduit collector=conduit type=conduit series-count=2
time=2026-08-02T15:44:17.580-07:00 level=DEBUG msg="Query returned data" test=archv2-nxm tool=conduit-v1 collector=conduit type=conduit collector=conduit type=conduit name=msg-megabytes-out-per-second[archv2-nxm] series-count=1 last-value=0.47881126403808594
time=2026-08-02T15:44:17.665-07:00 level=DEBUG msg="Inspecting container" model=container-monitor name=benchi-conduit
time=2026-08-02T15:44:18.085-07:00 level=INFO msg="Step successful" test=archv2-nxm tool=conduit-v1 step=test
time=2026-08-02T15:44:18.085-07:00 level=INFO msg="Running step" test=archv2-nxm tool=conduit-v1 step=post-test
time=2026-08-02T15:44:18.085-07:00 level=INFO msg="Exporting metrics" test=archv2-nxm tool=conduit-v1 step=post-test collector=docker path=/Users/devarisbrown/Code/projects/conduit/benchi/archv2-nxm/results/r1/archv2-nxm_conduit-v1/docker.csv
time=2026-08-02T15:44:18.086-07:00 level=INFO msg="Exporting metrics" test=archv2-nxm tool=conduit-v1 step=post-test collector=conduit path=/Users/devarisbrown/Code/projects/conduit/benchi/archv2-nxm/results/r1/archv2-nxm_conduit-v1/conduit.csv
time=2026-08-02T15:44:18.086-07:00 level=DEBUG msg="Running hooks" test=archv2-nxm tool=conduit-v1 step=post-test count=0
time=2026-08-02T15:44:18.086-07:00 level=INFO msg="Step successful" test=archv2-nxm tool=conduit-v1 step=post-test
time=2026-08-02T15:44:18.087-07:00 level=INFO msg="Running step" test=archv2-nxm tool=conduit-v1 step=pre-cleanup
time=2026-08-02T15:44:18.087-07:00 level=DEBUG msg="Running hooks" test=archv2-nxm tool=conduit-v1 step=pre-cleanup count=0
time=2026-08-02T15:44:18.087-07:00 level=INFO msg="Step successful" test=archv2-nxm tool=conduit-v1 step=pre-cleanup
time=2026-08-02T15:44:18.087-07:00 level=INFO msg="Running step" test=archv2-nxm tool=conduit-v1 step=cleanup
time=2026-08-02T15:44:18.087-07:00 level=INFO msg="Stopping containers" test=archv2-nxm tool=conduit-v1 step=tool
time=2026-08-02T15:44:18.087-07:00 level=DEBUG msg="Executing command" command="/usr/local/bin/docker compose -f ./tools/compose-conduit-v1.yml down"
time=2026-08-02T15:44:18.171-07:00 level=DEBUG msg="Inspecting container" model=container-monitor name=benchi-conduit
time=2026-08-02T15:44:18.454-07:00 level=INFO msg="Step successful" test=archv2-nxm tool=conduit-v1 step=cleanup
time=2026-08-02T15:44:18.455-07:00 level=INFO msg="Running step" test=archv2-nxm tool=conduit-v1 step=post-cleanup
time=2026-08-02T15:44:18.455-07:00 level=DEBUG msg="Running hooks" test=archv2-nxm tool=conduit-v1 step=post-cleanup count=0
time=2026-08-02T15:44:18.455-07:00 level=INFO msg="Step successful" test=archv2-nxm tool=conduit-v1 step=post-cleanup
time=2026-08-02T15:44:18.455-07:00 level=INFO msg="Running step" test=archv2-nxm tool=conduit-v2 step=pre-infrastructure
time=2026-08-02T15:44:18.455-07:00 level=INFO msg="Pulling docker images for tool containers" test=archv2-nxm tool=conduit-v2 step=pre-infrastructure containers=[benchi-conduit]
time=2026-08-02T15:44:18.455-07:00 level=DEBUG msg="Executing command" command="/usr/local/bin/docker compose -f ./tools/compose-conduit-v2.yml pull"
time=2026-08-02T15:44:18.571-07:00 level=INFO msg="Pulling docker images for hooks" test=archv2-nxm tool=conduit-v2 step=pre-infrastructure images=[]
time=2026-08-02T15:44:18.571-07:00 level=DEBUG msg="Running hooks" test=archv2-nxm tool=conduit-v2 step=pre-infrastructure count=0
time=2026-08-02T15:44:18.571-07:00 level=INFO msg="Step successful" test=archv2-nxm tool=conduit-v2 step=pre-infrastructure
time=2026-08-02T15:44:18.572-07:00 level=INFO msg="Running step" test=archv2-nxm tool=conduit-v2 step=infrastructure
time=2026-08-02T15:44:18.572-07:00 level=INFO msg="No infrastructure to start" test=archv2-nxm tool=conduit-v2 step=infrastructure
time=2026-08-02T15:44:18.572-07:00 level=INFO msg="Step successful" test=archv2-nxm tool=conduit-v2 step=infrastructure
time=2026-08-02T15:44:18.572-07:00 level=INFO msg="Running step" test=archv2-nxm tool=conduit-v2 step=post-infrastructure
time=2026-08-02T15:44:18.572-07:00 level=DEBUG msg="Running hooks" test=archv2-nxm tool=conduit-v2 step=post-infrastructure count=0
time=2026-08-02T15:44:18.572-07:00 level=INFO msg="Step successful" test=archv2-nxm tool=conduit-v2 step=post-infrastructure
time=2026-08-02T15:44:18.572-07:00 level=INFO msg="Running step" test=archv2-nxm tool=conduit-v2 step=pre-tool
time=2026-08-02T15:44:18.572-07:00 level=DEBUG msg="Running hooks" test=archv2-nxm tool=conduit-v2 step=pre-tool count=0
time=2026-08-02T15:44:18.572-07:00 level=INFO msg="Step successful" test=archv2-nxm tool=conduit-v2 step=pre-tool
time=2026-08-02T15:44:18.572-07:00 level=INFO msg="Running step" test=archv2-nxm tool=conduit-v2 step=tool
time=2026-08-02T15:44:18.572-07:00 level=INFO msg="Waiting for container status to be healthy" test=archv2-nxm tool=conduit-v2 step=tool container=benchi-conduit status=N/A
time=2026-08-02T15:44:18.572-07:00 level=DEBUG msg="Executing command" command="/usr/local/bin/docker compose -f ./tools/compose-conduit-v2.yml up"
time=2026-08-02T15:44:18.677-07:00 level=DEBUG msg="Inspecting container" model=container-monitor name=benchi-conduit
time=2026-08-02T15:44:18.679-07:00 level=DEBUG msg="Container not found" model=container-monitor name=benchi-conduit
time=2026-08-02T15:44:18.955-07:00 level=DEBUG msg="Inspecting container" model=container-monitor name=benchi-conduit
time=2026-08-02T15:44:19.575-07:00 level=DEBUG msg="Inspecting container" model=container-monitor name=benchi-conduit
time=2026-08-02T15:44:19.578-07:00 level=DEBUG msg="Inspected container" test=archv2-nxm tool=conduit-v2 step=tool container=benchi-conduit response="{ContainerJSONBase:0x140018e1b80 Mounts:[{Type:bind Name: Source:/Users/devarisbrown/Code/projects/conduit/benchi/archv2-nxm/pipeline.yml Destination:/app/pipelines/pipeline.yml Driver: Mode:rw RW:true Propagation:rprivate}] Config:0x14000001180 NetworkSettings:0x14000114500 ImageManifestDescriptor:<nil>}" state="{Status:running Running:true Paused:false Restarting:false OOMKilled:false Dead:false Pid:89549 ExitCode:0 Error: StartedAt:2026-08-02T22:44:18.793664679Z FinishedAt:0001-01-01T00:00:00Z Health:<nil>}"
time=2026-08-02T15:44:19.578-07:00 level=INFO msg="Container is running (consider adding a health check!)" test=archv2-nxm tool=conduit-v2 step=tool container=/benchi-conduit
time=2026-08-02T15:44:19.578-07:00 level=INFO msg="Tools started" test=archv2-nxm tool=conduit-v2 step=tool
time=2026-08-02T15:44:19.578-07:00 level=INFO msg="Step successful" test=archv2-nxm tool=conduit-v2 step=tool
time=2026-08-02T15:44:19.579-07:00 level=INFO msg="Running step" test=archv2-nxm tool=conduit-v2 step=post-tool
time=2026-08-02T15:44:19.579-07:00 level=DEBUG msg="Running hooks" test=archv2-nxm tool=conduit-v2 step=post-tool count=0
time=2026-08-02T15:44:19.579-07:00 level=INFO msg="Step successful" test=archv2-nxm tool=conduit-v2 step=post-tool
time=2026-08-02T15:44:19.579-07:00 level=INFO msg="Running step" test=archv2-nxm tool=conduit-v2 step=pre-test
time=2026-08-02T15:44:19.579-07:00 level=DEBUG msg="Running hooks" test=archv2-nxm tool=conduit-v2 step=pre-test count=0
time=2026-08-02T15:44:19.579-07:00 level=INFO msg="Step successful" test=archv2-nxm tool=conduit-v2 step=pre-test
time=2026-08-02T15:44:19.579-07:00 level=INFO msg="Running step" test=archv2-nxm tool=conduit-v2 step=test
time=2026-08-02T15:44:19.579-07:00 level=INFO msg="Running collector" test=archv2-nxm tool=conduit-v2 step=test name=docker type=docker
time=2026-08-02T15:44:19.579-07:00 level=INFO msg="Running collector" test=archv2-nxm tool=conduit-v2 step=test name=conduit type=conduit
time=2026-08-02T15:44:19.579-07:00 level=DEBUG msg="Collecting stats" test=archv2-nxm tool=conduit-v2 collector=docker type=docker collector=docker type=docker container=benchi-conduit
time=2026-08-02T15:44:19.579-07:00 level=INFO msg="Test in progress" test=archv2-nxm tool=conduit-v2 step=test time-left=1m0s
time=2026-08-02T15:44:20.088-07:00 level=DEBUG msg="Inspecting container" model=container-monitor name=benchi-conduit
time=2026-08-02T15:44:20.581-07:00 level=DEBUG msg="promql query logged" test=archv2-nxm tool=conduit-v2 collector=conduit type=conduit collector=conduit type=conduit params="map[end:2026-08-02T22:44:20.580Z query:rate(conduit_pipeline_execution_duration_seconds_count{pipeline_name=\"archv2-nxm\"}[2s]) start:2026-08-02T22:44:19.579Z step:1]" stats="&{Timings:{EvalTotalTime:0.000102583 ResultSortTime:7.5e-07 QueryPreparationTime:2.2083e-05 InnerEvalTime:5.825e-05 ExecQueueTime:1.4041e-05 ExecTotalTime:0.000109542} Samples:0x14000f6e5d0}" spanID=0000000000000000
time=2026-08-02T15:44:20.581-07:00 level=DEBUG msg="No data returned from query" test=archv2-nxm tool=conduit-v2 collector=conduit type=conduit collector=conduit type=conduit
time=2026-08-02T15:44:20.581-07:00 level=DEBUG msg="promql query logged" test=archv2-nxm tool=conduit-v2 collector=conduit type=conduit collector=conduit type=conduit params="map[end:2026-08-02T22:44:20.581Z query:rate(conduit_connector_bytes_sum{pipeline_name=\"archv2-nxm\",type=\"source\"}[2s])/1048576 start:2026-08-02T22:44:19.579Z step:1]" stats="&{Timings:{EvalTotalTime:4.7458e-05 ResultSortTime:1.25e-07 QueryPreparationTime:5.125e-06 InnerEvalTime:4.025e-05 ExecQueueTime:5.84e-07 ExecTotalTime:4.8833e-05} Samples:0x14000f6ec90}" spanID=0000000000000000
time=2026-08-02T15:44:20.581-07:00 level=DEBUG msg="No data returned from query" test=archv2-nxm tool=conduit-v2 collector=conduit type=conduit collector=conduit type=conduit
time=2026-08-02T15:44:20.581-07:00 level=DEBUG msg="promql query logged" test=archv2-nxm tool=conduit-v2 collector=conduit type=conduit collector=conduit type=conduit params="map[end:2026-08-02T22:44:20.581Z query:rate(conduit_connector_bytes_sum{pipeline_name=\"archv2-nxm\",type=\"destination\"}[2s])/1048576 start:2026-08-02T22:44:19.579Z step:1]" stats="&{Timings:{EvalTotalTime:2.7625e-05 ResultSortTime:8.3e-08 QueryPreparationTime:1.4542e-05 InnerEvalTime:1.1458e-05 ExecQueueTime:3.74e-07 ExecTotalTime:2.9083e-05} Samples:0x14000f6f7a0}" spanID=0000000000000000
time=2026-08-02T15:44:20.581-07:00 level=DEBUG msg="No data returned from query" test=archv2-nxm tool=conduit-v2 collector=conduit type=conduit collector=conduit type=conduit
time=2026-08-02T15:44:20.602-07:00 level=DEBUG msg="Inspecting container" model=container-monitor name=benchi-conduit
time=2026-08-02T15:44:21.117-07:00 level=DEBUG msg="Inspecting container" model=container-monitor name=benchi-conduit
time=2026-08-02T15:44:21.580-07:00 level=DEBUG msg="promql query logged" test=archv2-nxm tool=conduit-v2 collector=conduit type=conduit collector=conduit type=conduit params="map[end:2026-08-02T22:44:21.580Z query:rate(conduit_pipeline_execution_duration_seconds_count{pipeline_name=\"archv2-nxm\"}[2s]) start:2026-08-02T22:44:19.579Z step:1]" stats="&{Timings:{EvalTotalTime:4.9917e-05 ResultSortTime:3.75e-07 QueryPreparationTime:1.8125e-05 InnerEvalTime:2.6833e-05 ExecQueueTime:2.167e-06 ExecTotalTime:5.4417e-05} Samples:0x140013991d0}" spanID=0000000000000000
time=2026-08-02T15:44:21.580-07:00 level=DEBUG msg="Query returned data" test=archv2-nxm tool=conduit-v2 collector=conduit type=conduit collector=conduit type=conduit name=msg-rate-per-second[archv2-nxm] series-count=1 last-value=16605
time=2026-08-02T15:44:21.580-07:00 level=DEBUG msg="promql query logged" test=archv2-nxm tool=conduit-v2 collector=conduit type=conduit collector=conduit type=conduit params="map[end:2026-08-02T22:44:21.580Z query:rate(conduit_connector_bytes_sum{pipeline_name=\"archv2-nxm\",type=\"source\"}[2s])/1048576 start:2026-08-02T22:44:19.579Z step:1]" stats="&{Timings:{EvalTotalTime:0.000131584 ResultSortTime:7.09e-07 QueryPreparationTime:6.083e-06 InnerEvalTime:0.000113917 ExecQueueTime:6.67e-07 ExecTotalTime:0.000133834} Samples:0x14001399890}" spanID=0000000000000000
time=2026-08-02T15:44:21.580-07:00 level=WARN msg="Query returned multiple series, only first will be used" test=archv2-nxm tool=conduit-v2 collector=conduit type=conduit collector=conduit type=conduit series-count=2
time=2026-08-02T15:44:21.580-07:00 level=DEBUG msg="Query returned data" test=archv2-nxm tool=conduit-v2 collector=conduit type=conduit collector=conduit type=conduit name=msg-megabytes-in-per-second[archv2-nxm] series-count=1 last-value=0.23296165466308594
time=2026-08-02T15:44:21.580-07:00 level=DEBUG msg="promql query logged" test=archv2-nxm tool=conduit-v2 collector=conduit type=conduit collector=conduit type=conduit params="map[end:2026-08-02T22:44:21.580Z query:rate(conduit_connector_bytes_sum{pipeline_name=\"archv2-nxm\",type=\"destination\"}[2s])/1048576 start:2026-08-02T22:44:19.579Z step:1]" stats="&{Timings:{EvalTotalTime:3.95e-05 ResultSortTime:2.5e-07 QueryPreparationTime:6.958e-06 InnerEvalTime:2.9334e-05 ExecQueueTime:6.66e-07 ExecTotalTime:4.1458e-05} Samples:0x14001416240}" spanID=0000000000000000
time=2026-08-02T15:44:21.580-07:00 level=WARN msg="Query returned multiple series, only first will be used" test=archv2-nxm tool=conduit-v2 collector=conduit type=conduit collector=conduit type=conduit series-count=2
time=2026-08-02T15:44:21.581-07:00 level=DEBUG msg="Query returned data" test=archv2-nxm tool=conduit-v2 collector=conduit type=conduit collector=conduit type=conduit name=msg-megabytes-out-per-second[archv2-nxm] series-count=1 last-value=0.46839332580566406
time=2026-08-02T15:44:21.630-07:00 level=DEBUG msg="Inspecting container" model=container-monitor name=benchi-conduit
time=2026-08-02T15:44:22.141-07:00 level=DEBUG msg="Inspecting container" model=container-monitor name=benchi-conduit
time=2026-08-02T15:44:22.581-07:00 level=DEBUG msg="promql query logged" test=archv2-nxm tool=conduit-v2 collector=conduit type=conduit collector=conduit type=conduit params="map[end:2026-08-02T22:44:22.581Z query:rate(conduit_pipeline_execution_duration_seconds_count{pipeline_name=\"archv2-nxm\"}[2s]) start:2026-08-02T22:44:19.579Z step:1]" stats="&{Timings:{EvalTotalTime:0.0001355 ResultSortTime:5.42e-07 QueryPreparationTime:2.7208e-05 InnerEvalTime:0.000101417 ExecQueueTime:2.291e-06 ExecTotalTime:0.000140333} Samples:0x140012d9080}" spanID=0000000000000000
time=2026-08-02T15:44:22.581-07:00 level=DEBUG msg="Query returned data" test=archv2-nxm tool=conduit-v2 collector=conduit type=conduit collector=conduit type=conduit name=msg-rate-per-second[archv2-nxm] series-count=1 last-value=17247
time=2026-08-02T15:44:22.581-07:00 level=DEBUG msg="promql query logged" test=archv2-nxm tool=conduit-v2 collector=conduit type=conduit collector=conduit type=conduit params="map[end:2026-08-02T22:44:22.581Z query:rate(conduit_connector_bytes_sum{pipeline_name=\"archv2-nxm\",type=\"source\"}[2s])/1048576 start:2026-08-02T22:44:19.579Z step:1]" stats="&{Timings:{EvalTotalTime:4.325e-05 ResultSortTime:8.34e-07 QueryPreparationTime:8.917e-06 InnerEvalTime:3.0042e-05 ExecQueueTime:1.083e-06 ExecTotalTime:4.575e-05} Samples:0x140012d9740}" spanID=0000000000000000
time=2026-08-02T15:44:22.581-07:00 level=WARN msg="Query returned multiple series, only first will be used" test=archv2-nxm tool=conduit-v2 collector=conduit type=conduit collector=conduit type=conduit series-count=2
time=2026-08-02T15:44:22.582-07:00 level=DEBUG msg="Query returned data" test=archv2-nxm tool=conduit-v2 collector=conduit type=conduit collector=conduit type=conduit name=msg-megabytes-in-per-second[archv2-nxm] series-count=1 last-value=0.24194812774658203
time=2026-08-02T15:44:22.582-07:00 level=DEBUG msg="promql query logged" test=archv2-nxm tool=conduit-v2 collector=conduit type=conduit collector=conduit type=conduit params="map[end:2026-08-02T22:44:22.582Z query:rate(conduit_connector_bytes_sum{pipeline_name=\"archv2-nxm\",type=\"destination\"}[2s])/1048576 start:2026-08-02T22:44:19.579Z step:1]" stats="&{Timings:{EvalTotalTime:4.25e-05 ResultSortTime:7.5e-07 QueryPreparationTime:8.042e-06 InnerEvalTime:3.0291e-05 ExecQueueTime:1.001e-06 ExecTotalTime:4.5083e-05} Samples:0x14001856240}" spanID=0000000000000000
time=2026-08-02T15:44:22.582-07:00 level=WARN msg="Query returned multiple series, only first will be used" test=archv2-nxm tool=conduit-v2 collector=conduit type=conduit collector=conduit type=conduit series-count=2
time=2026-08-02T15:44:22.582-07:00 level=DEBUG msg="Query returned data" test=archv2-nxm tool=conduit-v2 collector=conduit type=conduit collector=conduit type=conduit name=msg-megabytes-out-per-second[archv2-nxm] series-count=1 last-value=0.48723888397216797
time=2026-08-02T15:44:22.649-07:00 level=DEBUG msg="Inspecting container" model=container-monitor name=benchi-conduit
time=2026-08-02T15:44:23.164-07:00 level=DEBUG msg="Inspecting container" model=container-monitor name=benchi-conduit
time=2026-08-02T15:44:23.580-07:00 level=DEBUG msg="promql query logged" test=archv2-nxm tool=conduit-v2 collector=conduit type=conduit collector=conduit type=conduit params="map[end:2026-08-02T22:44:23.580Z query:rate(conduit_pipeline_execution_duration_seconds_count{pipeline_name=\"archv2-nxm\"}[2s]) start:2026-08-02T22:44:19.579Z step:1]" stats="&{Timings:{EvalTotalTime:5.6334e-05 ResultSortTime:4.17e-07 QueryPreparationTime:1.4125e-05 InnerEvalTime:3.5958e-05 ExecQueueTime:2.917e-06 ExecTotalTime:6.4583e-05} Samples:0x14001857b30}" spanID=0000000000000000
time=2026-08-02T15:44:23.580-07:00 level=DEBUG msg="Query returned data" test=archv2-nxm tool=conduit-v2 collector=conduit type=conduit collector=conduit type=conduit name=msg-rate-per-second[archv2-nxm] series-count=1 last-value=16258.964143426296
time=2026-08-02T15:44:23.580-07:00 level=DEBUG msg="promql query logged" test=archv2-nxm tool=conduit-v2 collector=conduit type=conduit collector=conduit type=conduit params="map[end:2026-08-02T22:44:23.580Z query:rate(conduit_connector_bytes_sum{pipeline_name=\"archv2-nxm\",type=\"source\"}[2s])/1048576 start:2026-08-02T22:44:19.579Z step:1]" stats="&{Timings:{EvalTotalTime:4.5042e-05 ResultSortTime:7.5e-07 QueryPreparationTime:8.542e-06 InnerEvalTime:3.2083e-05 ExecQueueTime:1.166e-06 ExecTotalTime:4.8125e-05} Samples:0x1400179c270}" spanID=0000000000000000
time=2026-08-02T15:44:23.580-07:00 level=WARN msg="Query returned multiple series, only first will be used" test=archv2-nxm tool=conduit-v2 collector=conduit type=conduit collector=conduit type=conduit series-count=2
time=2026-08-02T15:44:23.580-07:00 level=DEBUG msg="Query returned data" test=archv2-nxm tool=conduit-v2 collector=conduit type=conduit collector=conduit type=conduit name=msg-megabytes-in-per-second[archv2-nxm] series-count=1 last-value=0.23022495892893272
time=2026-08-02T15:44:23.580-07:00 level=DEBUG msg="promql query logged" test=archv2-nxm tool=conduit-v2 collector=conduit type=conduit collector=conduit type=conduit params="map[end:2026-08-02T22:44:23.580Z query:rate(conduit_connector_bytes_sum{pipeline_name=\"archv2-nxm\",type=\"destination\"}[2s])/1048576 start:2026-08-02T22:44:19.579Z step:1]" stats="&{Timings:{EvalTotalTime:5.3084e-05 ResultSortTime:7.5e-07 QueryPreparationTime:9.334e-06 InnerEvalTime:3.8e-05 ExecQueueTime:1.542e-06 ExecTotalTime:5.675e-05} Samples:0x14000eadb30}" spanID=0000000000000000
time=2026-08-02T15:44:23.580-07:00 level=WARN msg="Query returned multiple series, only first will be used" test=archv2-nxm tool=conduit-v2 collector=conduit type=conduit collector=conduit type=conduit series-count=2
time=2026-08-02T15:44:23.580-07:00 level=DEBUG msg="Query returned data" test=archv2-nxm tool=conduit-v2 collector=conduit type=conduit collector=conduit type=conduit name=msg-megabytes-out-per-second[archv2-nxm] series-count=1 last-value=0.46027704064114633
time=2026-08-02T15:44:23.699-07:00 level=DEBUG msg="Inspecting container" model=container-monitor name=benchi-conduit
time=2026-08-02T15:44:24.204-07:00 level=DEBUG msg="Inspecting container" model=container-monitor name=benchi-conduit
time=2026-08-02T15:44:24.581-07:00 level=DEBUG msg="promql query logged" test=archv2-nxm tool=conduit-v2 collector=conduit type=conduit collector=conduit type=conduit params="map[end:2026-08-02T22:44:24.581Z query:rate(conduit_pipeline_execution_duration_seconds_count{pipeline_name=\"archv2-nxm\"}[2s]) start:2026-08-02T22:44:19.579Z step:1]" stats="&{Timings:{EvalTotalTime:5.1708e-05 ResultSortTime:4.58e-07 QueryPreparationTime:1.525e-05 InnerEvalTime:3.0416e-05 ExecQueueTime:2.459e-06 ExecTotalTime:5.7458e-05} Samples:0x1400179d140}" spanID=0000000000000000
time=2026-08-02T15:44:24.581-07:00 level=DEBUG msg="Query returned data" test=archv2-nxm tool=conduit-v2 collector=conduit type=conduit collector=conduit type=conduit name=msg-rate-per-second[archv2-nxm] series-count=1 last-value=16763.052208835343
time=2026-08-02T15:44:24.581-07:00 level=DEBUG msg="promql query logged" test=archv2-nxm tool=conduit-v2 collector=conduit type=conduit collector=conduit type=conduit params="map[end:2026-08-02T22:44:24.581Z query:rate(conduit_connector_bytes_sum{pipeline_name=\"archv2-nxm\",type=\"source\"}[2s])/1048576 start:2026-08-02T22:44:19.579Z step:1]" stats="&{Timings:{EvalTotalTime:6.175e-05 ResultSortTime:9.17e-07 QueryPreparationTime:1.0666e-05 InnerEvalTime:4.4125e-05 ExecQueueTime:1.251e-06 ExecTotalTime:6.4667e-05} Samples:0x1400179d800}" spanID=0000000000000000
time=2026-08-02T15:44:24.581-07:00 level=WARN msg="Query returned multiple series, only first will be used" test=archv2-nxm tool=conduit-v2 collector=conduit type=conduit collector=conduit type=conduit series-count=2
time=2026-08-02T15:44:24.581-07:00 level=INFO msg="Test in progress" test=archv2-nxm tool=conduit-v2 step=test time-left=55s
time=2026-08-02T15:44:24.581-07:00 level=DEBUG msg="Query returned data" test=archv2-nxm tool=conduit-v2 collector=conduit type=conduit collector=conduit type=conduit name=msg-megabytes-in-per-second[archv2-nxm] series-count=1 last-value=0.23671900890917186
time=2026-08-02T15:44:24.582-07:00 level=DEBUG msg="promql query logged" test=archv2-nxm tool=conduit-v2 collector=conduit type=conduit collector=conduit type=conduit params="map[end:2026-08-02T22:44:24.581Z query:rate(conduit_connector_bytes_sum{pipeline_name=\"archv2-nxm\",type=\"destination\"}[2s])/1048576 start:2026-08-02T22:44:19.579Z step:1]" stats="&{Timings:{EvalTotalTime:3.6792e-05 ResultSortTime:5e-07 QueryPreparationTime:6.958e-06 InnerEvalTime:2.6042e-05 ExecQueueTime:8.33e-07 ExecTotalTime:3.95e-05} Samples:0x140014de300}" spanID=0000000000000000
time=2026-08-02T15:44:24.582-07:00 level=WARN msg="Query returned multiple series, only first will be used" test=archv2-nxm tool=conduit-v2 collector=conduit type=conduit collector=conduit type=conduit series-count=2
time=2026-08-02T15:44:24.582-07:00 level=DEBUG msg="Query returned data" test=archv2-nxm tool=conduit-v2 collector=conduit type=conduit collector=conduit type=conduit name=msg-megabytes-out-per-second[archv2-nxm] series-count=1 last-value=0.47384399965585
time=2026-08-02T15:44:24.715-07:00 level=DEBUG msg="Inspecting container" model=container-monitor name=benchi-conduit
time=2026-08-02T15:44:25.223-07:00 level=DEBUG msg="Inspecting container" model=container-monitor name=benchi-conduit
time=2026-08-02T15:44:25.581-07:00 level=DEBUG msg="promql query logged" test=archv2-nxm tool=conduit-v2 collector=conduit type=conduit collector=conduit type=conduit params="map[end:2026-08-02T22:44:25.581Z query:rate(conduit_pipeline_execution_duration_seconds_count{pipeline_name=\"archv2-nxm\"}[2s]) start:2026-08-02T22:44:19.579Z step:1]" stats="&{Timings:{EvalTotalTime:4.6875e-05 ResultSortTime:5.84e-07 QueryPreparationTime:1.4625e-05 InnerEvalTime:2.7125e-05 ExecQueueTime:2.083e-06 ExecTotalTime:5.1916e-05} Samples:0x1400155af30}" spanID=0000000000000000
time=2026-08-02T15:44:25.581-07:00 level=DEBUG msg="Query returned data" test=archv2-nxm tool=conduit-v2 collector=conduit type=conduit collector=conduit type=conduit name=msg-rate-per-second[archv2-nxm] series-count=1 last-value=16653
time=2026-08-02T15:44:25.581-07:00 level=DEBUG msg="promql query logged" test=archv2-nxm tool=conduit-v2 collector=conduit type=conduit collector=conduit type=conduit params="map[end:2026-08-02T22:44:25.581Z query:rate(conduit_connector_bytes_sum{pipeline_name=\"archv2-nxm\",type=\"source\"}[2s])/1048576 start:2026-08-02T22:44:19.579Z step:1]" stats="&{Timings:{EvalTotalTime:6.7042e-05 ResultSortTime:7.91e-07 QueryPreparationTime:8.416e-06 InnerEvalTime:5.2417e-05 ExecQueueTime:1.125e-06 ExecTotalTime:6.9959e-05} Samples:0x1400155b5f0}" spanID=0000000000000000
time=2026-08-02T15:44:25.581-07:00 level=WARN msg="Query returned multiple series, only first will be used" test=archv2-nxm tool=conduit-v2 collector=conduit type=conduit collector=conduit type=conduit series-count=2
time=2026-08-02T15:44:25.582-07:00 level=DEBUG msg="Query returned data" test=archv2-nxm tool=conduit-v2 collector=conduit type=conduit collector=conduit type=conduit name=msg-megabytes-in-per-second[archv2-nxm] series-count=1 last-value=0.2364025115966797
time=2026-08-02T15:44:25.582-07:00 level=DEBUG msg="promql query logged" test=archv2-nxm tool=conduit-v2 collector=conduit type=conduit collector=conduit type=conduit params="map[end:2026-08-02T22:44:25.582Z query:rate(conduit_connector_bytes_sum{pipeline_name=\"archv2-nxm\",type=\"destination\"}[2s])/1048576 start:2026-08-02T22:44:19.579Z step:1]" stats="&{Timings:{EvalTotalTime:5.5833e-05 ResultSortTime:6.67e-07 QueryPreparationTime:1.3333e-05 InnerEvalTime:3.5667e-05 ExecQueueTime:1.625e-06 ExecTotalTime:5.95e-05} Samples:0x140014ded20}" spanID=0000000000000000
time=2026-08-02T15:44:25.582-07:00 level=WARN msg="Query returned multiple series, only first will be used" test=archv2-nxm tool=conduit-v2 collector=conduit type=conduit collector=conduit type=conduit series-count=2
time=2026-08-02T15:44:25.582-07:00 level=DEBUG msg="Query returned data" test=archv2-nxm tool=conduit-v2 collector=conduit type=conduit collector=conduit type=conduit name=msg-megabytes-out-per-second[archv2-nxm] series-count=1 last-value=0.47098541259765625
time=2026-08-02T15:44:25.732-07:00 level=DEBUG msg="Inspecting container" model=container-monitor name=benchi-conduit
time=2026-08-02T15:44:26.251-07:00 level=DEBUG msg="Inspecting container" model=container-monitor name=benchi-conduit
time=2026-08-02T15:44:26.580-07:00 level=DEBUG msg="promql query logged" test=archv2-nxm tool=conduit-v2 collector=conduit type=conduit collector=conduit type=conduit params="map[end:2026-08-02T22:44:26.580Z query:rate(conduit_pipeline_execution_duration_seconds_count{pipeline_name=\"archv2-nxm\"}[2s]) start:2026-08-02T22:44:19.579Z step:1]" stats="&{Timings:{EvalTotalTime:5.025e-05 ResultSortTime:4.59e-07 QueryPreparationTime:1.425e-05 InnerEvalTime:2.8125e-05 ExecQueueTime:2.5e-06 ExecTotalTime:6.1292e-05} Samples:0x140014dfd40}" spanID=0000000000000000
time=2026-08-02T15:44:26.580-07:00 level=DEBUG msg="Query returned data" test=archv2-nxm tool=conduit-v2 collector=conduit type=conduit collector=conduit type=conduit name=msg-rate-per-second[archv2-nxm] series-count=1 last-value=17080
time=2026-08-02T15:44:26.580-07:00 level=DEBUG msg="promql query logged" test=archv2-nxm tool=conduit-v2 collector=conduit type=conduit collector=conduit type=conduit params="map[end:2026-08-02T22:44:26.580Z query:rate(conduit_connector_bytes_sum{pipeline_name=\"archv2-nxm\",type=\"source\"}[2s])/1048576 start:2026-08-02T22:44:19.579Z step:1]" stats="&{Timings:{EvalTotalTime:6.1333e-05 ResultSortTime:7.92e-07 QueryPreparationTime:6.25e-06 InnerEvalTime:3.1459e-05 ExecQueueTime:2.667e-06 ExecTotalTime:6.5583e-05} Samples:0x1400166a480}" spanID=0000000000000000
time=2026-08-02T15:44:26.580-07:00 level=WARN msg="Query returned multiple series, only first will be used" test=archv2-nxm tool=conduit-v2 collector=conduit type=conduit collector=conduit type=conduit series-count=2
time=2026-08-02T15:44:26.580-07:00 level=DEBUG msg="Query returned data" test=archv2-nxm tool=conduit-v2 collector=conduit type=conduit collector=conduit type=conduit name=msg-megabytes-in-per-second[archv2-nxm] series-count=1 last-value=0.2431192398071289
time=2026-08-02T15:44:26.581-07:00 level=DEBUG msg="promql query logged" test=archv2-nxm tool=conduit-v2 collector=conduit type=conduit collector=conduit type=conduit params="map[end:2026-08-02T22:44:26.581Z query:rate(conduit_connector_bytes_sum{pipeline_name=\"archv2-nxm\",type=\"destination\"}[2s])/1048576 start:2026-08-02T22:44:19.579Z step:1]" stats="&{Timings:{EvalTotalTime:3.8417e-05 ResultSortTime:3.75e-07 QueryPreparationTime:5.667e-06 InnerEvalTime:2.3417e-05 ExecQueueTime:9.99e-07 ExecTotalTime:4.125e-05} Samples:0x1400166ade0}" spanID=0000000000000000
time=2026-08-02T15:44:26.581-07:00 level=WARN msg="Query returned multiple series, only first will be used" test=archv2-nxm tool=conduit-v2 collector=conduit type=conduit collector=conduit type=conduit series-count=2
time=2026-08-02T15:44:26.581-07:00 level=DEBUG msg="Query returned data" test=archv2-nxm tool=conduit-v2 collector=conduit type=conduit collector=conduit type=conduit name=msg-megabytes-out-per-second[archv2-nxm] series-count=1 last-value=0.4824991226196289
time=2026-08-02T15:44:26.772-07:00 level=DEBUG msg="Inspecting container" model=container-monitor name=benchi-conduit
time=2026-08-02T15:44:27.284-07:00 level=DEBUG msg="Inspecting container" model=container-monitor name=benchi-conduit
time=2026-08-02T15:44:27.586-07:00 level=DEBUG msg="promql query logged" test=archv2-nxm tool=conduit-v2 collector=conduit type=conduit collector=conduit type=conduit params="map[end:2026-08-02T22:44:27.586Z query:rate(conduit_pipeline_execution_duration_seconds_count{pipeline_name=\"archv2-nxm\"}[2s]) start:2026-08-02T22:44:19.579Z step:1]" stats="&{Timings:{EvalTotalTime:0.000107375 ResultSortTime:1.083e-06 QueryPreparationTime:3.2667e-05 InnerEvalTime:5.8708e-05 ExecQueueTime:4.959e-06 ExecTotalTime:0.000116375} Samples:0x14001766a50}" spanID=0000000000000000
time=2026-08-02T15:44:27.586-07:00 level=DEBUG msg="Query returned data" test=archv2-nxm tool=conduit-v2 collector=conduit type=conduit collector=conduit type=conduit name=msg-rate-per-second[archv2-nxm] series-count=1 last-value=18089
time=2026-08-02T15:44:27.586-07:00 level=DEBUG msg="promql query logged" test=archv2-nxm tool=conduit-v2 collector=conduit type=conduit collector=conduit type=conduit params="map[end:2026-08-02T22:44:27.586Z query:rate(conduit_connector_bytes_sum{pipeline_name=\"archv2-nxm\",type=\"source\"}[2s])/1048576 start:2026-08-02T22:44:19.579Z step:1]" stats="&{Timings:{EvalTotalTime:0.000116125 ResultSortTime:1.792e-06 QueryPreparationTime:1.3833e-05 InnerEvalTime:9.4459e-05 ExecQueueTime:1.792e-06 ExecTotalTime:0.000121459} Samples:0x14001767110}" spanID=0000000000000000
time=2026-08-02T15:44:27.586-07:00 level=WARN msg="Query returned multiple series, only first will be used" test=archv2-nxm tool=conduit-v2 collector=conduit type=conduit collector=conduit type=conduit series-count=2
time=2026-08-02T15:44:27.586-07:00 level=DEBUG msg="Query returned data" test=archv2-nxm tool=conduit-v2 collector=conduit type=conduit collector=conduit type=conduit name=msg-megabytes-in-per-second[archv2-nxm] series-count=1 last-value=0.2560701370239258
time=2026-08-02T15:44:27.587-07:00 level=DEBUG msg="promql query logged" test=archv2-nxm tool=conduit-v2 collector=conduit type=conduit collector=conduit type=conduit params="map[end:2026-08-02T22:44:27.587Z query:rate(conduit_connector_bytes_sum{pipeline_name=\"archv2-nxm\",type=\"destination\"}[2s])/1048576 start:2026-08-02T22:44:19.579Z step:1]" stats="&{Timings:{EvalTotalTime:0.000120792 ResultSortTime:1.209e-06 QueryPreparationTime:1.5125e-05 InnerEvalTime:9.7625e-05 ExecQueueTime:1.625e-06 ExecTotalTime:0.000125917} Samples:0x140015d34d0}" spanID=0000000000000000
time=2026-08-02T15:44:27.587-07:00 level=WARN msg="Query returned multiple series, only first will be used" test=archv2-nxm tool=conduit-v2 collector=conduit type=conduit collector=conduit type=conduit series-count=2
time=2026-08-02T15:44:27.587-07:00 level=DEBUG msg="Query returned data" test=archv2-nxm tool=conduit-v2 collector=conduit type=conduit collector=conduit type=conduit name=msg-megabytes-out-per-second[archv2-nxm] series-count=1 last-value=0.5114336013793945
time=2026-08-02T15:44:27.798-07:00 level=DEBUG msg="Inspecting container" model=container-monitor name=benchi-conduit
time=2026-08-02T15:44:28.306-07:00 level=DEBUG msg="Inspecting container" model=container-monitor name=benchi-conduit
time=2026-08-02T15:44:28.581-07:00 level=DEBUG msg="promql query logged" test=archv2-nxm tool=conduit-v2 collector=conduit type=conduit collector=conduit type=conduit params="map[end:2026-08-02T22:44:28.580Z query:rate(conduit_pipeline_execution_duration_seconds_count{pipeline_name=\"archv2-nxm\"}[2s]) start:2026-08-02T22:44:19.579Z step:1]" stats="&{Timings:{EvalTotalTime:5.2459e-05 ResultSortTime:3.34e-07 QueryPreparationTime:1.5459e-05 InnerEvalTime:3.1833e-05 ExecQueueTime:3.375e-06 ExecTotalTime:5.8e-05} Samples:0x14001766510}" spanID=0000000000000000
time=2026-08-02T15:44:28.581-07:00 level=DEBUG msg="Query returned data" test=archv2-nxm tool=conduit-v2 collector=conduit type=conduit collector=conduit type=conduit name=msg-rate-per-second[archv2-nxm] series-count=1 last-value=17354.291417165667
time=2026-08-02T15:44:28.581-07:00 level=DEBUG msg="promql query logged" test=archv2-nxm tool=conduit-v2 collector=conduit type=conduit collector=conduit type=conduit params="map[end:2026-08-02T22:44:28.581Z query:rate(conduit_connector_bytes_sum{pipeline_name=\"archv2-nxm\",type=\"source\"}[2s])/1048576 start:2026-08-02T22:44:19.579Z step:1]" stats="&{Timings:{EvalTotalTime:7.9875e-05 ResultSortTime:1.041e-06 QueryPreparationTime:7.583e-06 InnerEvalTime:6.7667e-05 ExecQueueTime:1.126e-06 ExecTotalTime:8.3041e-05} Samples:0x14001766cf0}" spanID=0000000000000000
time=2026-08-02T15:44:28.581-07:00 level=WARN msg="Query returned multiple series, only first will be used" test=archv2-nxm tool=conduit-v2 collector=conduit type=conduit collector=conduit type=conduit series-count=2
time=2026-08-02T15:44:28.581-07:00 level=DEBUG msg="Query returned data" test=archv2-nxm tool=conduit-v2 collector=conduit type=conduit collector=conduit type=conduit name=msg-megabytes-in-per-second[archv2-nxm] series-count=1 last-value=0.2457691047957795
time=2026-08-02T15:44:28.581-07:00 level=DEBUG msg="promql query logged" test=archv2-nxm tool=conduit-v2 collector=conduit type=conduit collector=conduit type=conduit params="map[end:2026-08-02T22:44:28.581Z query:rate(conduit_connector_bytes_sum{pipeline_name=\"archv2-nxm\",type=\"destination\"}[2s])/1048576 start:2026-08-02T22:44:19.579Z step:1]" stats="&{Timings:{EvalTotalTime:6.8042e-05 ResultSortTime:6.25e-07 QueryPreparationTime:9.542e-06 InnerEvalTime:5.3583e-05 ExecQueueTime:1.542e-06 ExecTotalTime:7.2e-05} Samples:0x14001912ae0}" spanID=0000000000000000
time=2026-08-02T15:44:28.581-07:00 level=WARN msg="Query returned multiple series, only first will be used" test=archv2-nxm tool=conduit-v2 collector=conduit type=conduit collector=conduit type=conduit series-count=2
time=2026-08-02T15:44:28.581-07:00 level=DEBUG msg="Query returned data" test=archv2-nxm tool=conduit-v2 collector=conduit type=conduit collector=conduit type=conduit name=msg-megabytes-out-per-second[archv2-nxm] series-count=1 last-value=0.49028758279339757
time=2026-08-02T15:44:28.814-07:00 level=DEBUG msg="Inspecting container" model=container-monitor name=benchi-conduit
time=2026-08-02T15:44:29.320-07:00 level=DEBUG msg="Inspecting container" model=container-monitor name=benchi-conduit
time=2026-08-02T15:44:29.581-07:00 level=DEBUG msg="promql query logged" test=archv2-nxm tool=conduit-v2 collector=conduit type=conduit collector=conduit type=conduit params="map[end:2026-08-02T22:44:29.581Z query:rate(conduit_pipeline_execution_duration_seconds_count{pipeline_name=\"archv2-nxm\"}[2s]) start:2026-08-02T22:44:19.579Z step:1]" stats="&{Timings:{EvalTotalTime:5.3875e-05 ResultSortTime:5.42e-07 QueryPreparationTime:1.6541e-05 InnerEvalTime:3.1916e-05 ExecQueueTime:2.126e-06 ExecTotalTime:5.825e-05} Samples:0x140016df7d0}" spanID=0000000000000000
time=2026-08-02T15:44:29.582-07:00 level=DEBUG msg="Query returned data" test=archv2-nxm tool=conduit-v2 collector=conduit type=conduit collector=conduit type=conduit name=msg-rate-per-second[archv2-nxm] series-count=1 last-value=18110.220440881763
time=2026-08-02T15:44:29.581-07:00 level=INFO msg="Test in progress" test=archv2-nxm tool=conduit-v2 step=test time-left=50s
time=2026-08-02T15:44:29.582-07:00 level=DEBUG msg="promql query logged" test=archv2-nxm tool=conduit-v2 collector=conduit type=conduit collector=conduit type=conduit params="map[end:2026-08-02T22:44:29.582Z query:rate(conduit_connector_bytes_sum{pipeline_name=\"archv2-nxm\",type=\"source\"}[2s])/1048576 start:2026-08-02T22:44:19.579Z step:1]" stats="&{Timings:{EvalTotalTime:4.3958e-05 ResultSortTime:7.5e-07 QueryPreparationTime:7.875e-06 InnerEvalTime:3.2667e-05 ExecQueueTime:1.374e-06 ExecTotalTime:4.6959e-05} Samples:0x14001767f20}" spanID=0000000000000000
time=2026-08-02T15:44:29.582-07:00 level=WARN msg="Query returned multiple series, only first will be used" test=archv2-nxm tool=conduit-v2 collector=conduit type=conduit collector=conduit type=conduit series-count=2
time=2026-08-02T15:44:29.583-07:00 level=DEBUG msg="Query returned data" test=archv2-nxm tool=conduit-v2 collector=conduit type=conduit collector=conduit type=conduit name=msg-megabytes-in-per-second[archv2-nxm] series-count=1 last-value=0.2539200868778573
time=2026-08-02T15:44:29.583-07:00 level=DEBUG msg="promql query logged" test=archv2-nxm tool=conduit-v2 collector=conduit type=conduit collector=conduit type=conduit params="map[end:2026-08-02T22:44:29.583Z query:rate(conduit_connector_bytes_sum{pipeline_name=\"archv2-nxm\",type=\"destination\"}[2s])/1048576 start:2026-08-02T22:44:19.579Z step:1]" stats="&{Timings:{EvalTotalTime:6.625e-05 ResultSortTime:6.67e-07 QueryPreparationTime:1.1709e-05 InnerEvalTime:4.9291e-05 ExecQueueTime:1.583e-06 ExecTotalTime:6.9833e-05} Samples:0x140011902a0}" spanID=0000000000000000
time=2026-08-02T15:44:29.583-07:00 level=WARN msg="Query returned multiple series, only first will be used" test=archv2-nxm tool=conduit-v2 collector=conduit type=conduit collector=conduit type=conduit series-count=2
time=2026-08-02T15:44:29.583-07:00 level=DEBUG msg="Query returned data" test=archv2-nxm tool=conduit-v2 collector=conduit type=conduit collector=conduit type=conduit name=msg-megabytes-out-per-second[archv2-nxm] series-count=1 last-value=0.5122310890702303
time=2026-08-02T15:44:29.832-07:00 level=DEBUG msg="Inspecting container" model=container-monitor name=benchi-conduit
time=2026-08-02T15:44:30.338-07:00 level=DEBUG msg="Inspecting container" model=container-monitor name=benchi-conduit
time=2026-08-02T15:44:30.580-07:00 level=DEBUG msg="promql query logged" test=archv2-nxm tool=conduit-v2 collector=conduit type=conduit collector=conduit type=conduit params="map[end:2026-08-02T22:44:30.580Z query:rate(conduit_pipeline_execution_duration_seconds_count{pipeline_name=\"archv2-nxm\"}[2s]) start:2026-08-02T22:44:19.579Z step:1]" stats="&{Timings:{EvalTotalTime:4.7e-05 ResultSortTime:5.41e-07 QueryPreparationTime:1.4e-05 InnerEvalTime:2.7791e-05 ExecQueueTime:2.708e-06 ExecTotalTime:5.5375e-05} Samples:0x14001287ce0}" spanID=0000000000000000
time=2026-08-02T15:44:30.580-07:00 level=DEBUG msg="Query returned data" test=archv2-nxm tool=conduit-v2 collector=conduit type=conduit collector=conduit type=conduit name=msg-rate-per-second[archv2-nxm] series-count=1 last-value=18921
time=2026-08-02T15:44:30.581-07:00 level=DEBUG msg="promql query logged" test=archv2-nxm tool=conduit-v2 collector=conduit type=conduit collector=conduit type=conduit params="map[end:2026-08-02T22:44:30.580Z query:rate(conduit_connector_bytes_sum{pipeline_name=\"archv2-nxm\",type=\"source\"}[2s])/1048576 start:2026-08-02T22:44:19.579Z step:1]" stats="&{Timings:{EvalTotalTime:6.0083e-05 ResultSortTime:7.5e-07 QueryPreparationTime:7.167e-06 InnerEvalTime:3.4917e-05 ExecQueueTime:9.16e-07 ExecTotalTime:6.2458e-05} Samples:0x140011245d0}" spanID=0000000000000000
time=2026-08-02T15:44:30.581-07:00 level=WARN msg="Query returned multiple series, only first will be used" test=archv2-nxm tool=conduit-v2 collector=conduit type=conduit collector=conduit type=conduit series-count=2
time=2026-08-02T15:44:30.581-07:00 level=DEBUG msg="Query returned data" test=archv2-nxm tool=conduit-v2 collector=conduit type=conduit collector=conduit type=conduit name=msg-megabytes-in-per-second[archv2-nxm] series-count=1 last-value=0.2646474838256836
time=2026-08-02T15:44:30.581-07:00 level=DEBUG msg="promql query logged" test=archv2-nxm tool=conduit-v2 collector=conduit type=conduit collector=conduit type=conduit params="map[end:2026-08-02T22:44:30.581Z query:rate(conduit_connector_bytes_sum{pipeline_name=\"archv2-nxm\",type=\"destination\"}[2s])/1048576 start:2026-08-02T22:44:19.579Z step:1]" stats="&{Timings:{EvalTotalTime:6.3834e-05 ResultSortTime:5.42e-07 QueryPreparationTime:9.042e-06 InnerEvalTime:5.0292e-05 ExecQueueTime:1.5e-06 ExecTotalTime:6.7375e-05} Samples:0x1400182aea0}" spanID=0000000000000000
time=2026-08-02T15:44:30.581-07:00 level=WARN msg="Query returned multiple series, only first will be used" test=archv2-nxm tool=conduit-v2 collector=conduit type=conduit collector=conduit type=conduit series-count=2
time=2026-08-02T15:44:30.581-07:00 level=DEBUG msg="Query returned data" test=archv2-nxm tool=conduit-v2 collector=conduit type=conduit collector=conduit type=conduit name=msg-megabytes-out-per-second[archv2-nxm] series-count=1 last-value=0.5354232788085938
time=2026-08-02T15:44:30.844-07:00 level=DEBUG msg="Inspecting container" model=container-monitor name=benchi-conduit
time=2026-08-02T15:44:31.349-07:00 level=DEBUG msg="Inspecting container" model=container-monitor name=benchi-conduit
time=2026-08-02T15:44:31.582-07:00 level=DEBUG msg="promql query logged" test=archv2-nxm tool=conduit-v2 collector=conduit type=conduit collector=conduit type=conduit params="map[end:2026-08-02T22:44:31.582Z query:rate(conduit_pipeline_execution_duration_seconds_count{pipeline_name=\"archv2-nxm\"}[2s]) start:2026-08-02T22:44:19.579Z step:1]" stats="&{Timings:{EvalTotalTime:6.5167e-05 ResultSortTime:5e-07 QueryPreparationTime:1.8541e-05 InnerEvalTime:3.9375e-05 ExecQueueTime:3.209e-06 ExecTotalTime:7.2708e-05} Samples:0x140017fea20}" spanID=0000000000000000
time=2026-08-02T15:44:31.584-07:00 level=DEBUG msg="Query returned data" test=archv2-nxm tool=conduit-v2 collector=conduit type=conduit collector=conduit type=conduit name=msg-rate-per-second[archv2-nxm] series-count=1 last-value=18278
time=2026-08-02T15:44:31.584-07:00 level=DEBUG msg="promql query logged" test=archv2-nxm tool=conduit-v2 collector=conduit type=conduit collector=conduit type=conduit params="map[end:2026-08-02T22:44:31.584Z query:rate(conduit_connector_bytes_sum{pipeline_name=\"archv2-nxm\",type=\"source\"}[2s])/1048576 start:2026-08-02T22:44:19.579Z step:1]" stats="&{Timings:{EvalTotalTime:4.8416e-05 ResultSortTime:1.041e-06 QueryPreparationTime:9.167e-06 InnerEvalTime:3.575e-05 ExecQueueTime:1.417e-06 ExecTotalTime:5.125e-05} Samples:0x140017ff140}" spanID=0000000000000000
time=2026-08-02T15:44:31.584-07:00 level=WARN msg="Query returned multiple series, only first will be used" test=archv2-nxm tool=conduit-v2 collector=conduit type=conduit collector=conduit type=conduit series-count=2
time=2026-08-02T15:44:31.584-07:00 level=DEBUG msg="Query returned data" test=archv2-nxm tool=conduit-v2 collector=conduit type=conduit collector=conduit type=conduit name=msg-megabytes-in-per-second[archv2-nxm] series-count=1 last-value=0.25902652740478516
time=2026-08-02T15:44:31.584-07:00 level=DEBUG msg="promql query logged" test=archv2-nxm tool=conduit-v2 collector=conduit type=conduit collector=conduit type=conduit params="map[end:2026-08-02T22:44:31.584Z query:rate(conduit_connector_bytes_sum{pipeline_name=\"archv2-nxm\",type=\"destination\"}[2s])/1048576 start:2026-08-02T22:44:19.579Z step:1]" stats="&{Timings:{EvalTotalTime:2.6625e-05 ResultSortTime:2.08e-07 QueryPreparationTime:3.084e-06 InnerEvalTime:2.1458e-05 ExecQueueTime:5.41e-07 ExecTotalTime:2.8125e-05} Samples:0x140017ffbc0}" spanID=0000000000000000
time=2026-08-02T15:44:31.584-07:00 level=WARN msg="Query returned multiple series, only first will be used" test=archv2-nxm tool=conduit-v2 collector=conduit type=conduit collector=conduit type=conduit series-count=2
time=2026-08-02T15:44:31.584-07:00 level=DEBUG msg="Query returned data" test=archv2-nxm tool=conduit-v2 collector=conduit type=conduit collector=conduit type=conduit name=msg-megabytes-out-per-second[archv2-nxm] series-count=1 last-value=0.5162849426269531
time=2026-08-02T15:44:31.861-07:00 level=DEBUG msg="Inspecting container" model=container-monitor name=benchi-conduit
time=2026-08-02T15:44:32.368-07:00 level=DEBUG msg="Inspecting container" model=container-monitor name=benchi-conduit
time=2026-08-02T15:44:32.580-07:00 level=DEBUG msg="promql query logged" test=archv2-nxm tool=conduit-v2 collector=conduit type=conduit collector=conduit type=conduit params="map[end:2026-08-02T22:44:32.580Z query:rate(conduit_pipeline_execution_duration_seconds_count{pipeline_name=\"archv2-nxm\"}[2s]) start:2026-08-02T22:44:19.579Z step:1]" stats="&{Timings:{EvalTotalTime:6.0541e-05 ResultSortTime:5.84e-07 QueryPreparationTime:1.7291e-05 InnerEvalTime:3.4958e-05 ExecQueueTime:3.417e-06 ExecTotalTime:6.6667e-05} Samples:0x140016380c0}" spanID=0000000000000000
time=2026-08-02T15:44:32.580-07:00 level=DEBUG msg="Query returned data" test=archv2-nxm tool=conduit-v2 collector=conduit type=conduit collector=conduit type=conduit name=msg-rate-per-second[archv2-nxm] series-count=1 last-value=18480
time=2026-08-02T15:44:32.580-07:00 level=DEBUG msg="promql query logged" test=archv2-nxm tool=conduit-v2 collector=conduit type=conduit collector=conduit type=conduit params="map[end:2026-08-02T22:44:32.580Z query:rate(conduit_connector_bytes_sum{pipeline_name=\"archv2-nxm\",type=\"source\"}[2s])/1048576 start:2026-08-02T22:44:19.579Z step:1]" stats="&{Timings:{EvalTotalTime:6.0959e-05 ResultSortTime:1.083e-06 QueryPreparationTime:1.0541e-05 InnerEvalTime:4.55e-05 ExecQueueTime:1.292e-06 ExecTotalTime:6.3875e-05} Samples:0x14001638780}" spanID=0000000000000000
time=2026-08-02T15:44:32.580-07:00 level=WARN msg="Query returned multiple series, only first will be used" test=archv2-nxm tool=conduit-v2 collector=conduit type=conduit collector=conduit type=conduit series-count=2
time=2026-08-02T15:44:32.580-07:00 level=DEBUG msg="Query returned data" test=archv2-nxm tool=conduit-v2 collector=conduit type=conduit collector=conduit type=conduit name=msg-megabytes-in-per-second[archv2-nxm] series-count=1 last-value=0.2601652145385742
time=2026-08-02T15:44:32.580-07:00 level=DEBUG msg="promql query logged" test=archv2-nxm tool=conduit-v2 collector=conduit type=conduit collector=conduit type=conduit params="map[end:2026-08-02T22:44:32.580Z query:rate(conduit_connector_bytes_sum{pipeline_name=\"archv2-nxm\",type=\"destination\"}[2s])/1048576 start:2026-08-02T22:44:19.579Z step:1]" stats="&{Timings:{EvalTotalTime:6.3584e-05 ResultSortTime:7.08e-07 QueryPreparationTime:1.1958e-05 InnerEvalTime:4.6916e-05 ExecQueueTime:1.25e-06 ExecTotalTime:6.7125e-05} Samples:0x1400191b650}" spanID=0000000000000000
time=2026-08-02T15:44:32.580-07:00 level=WARN msg="Query returned multiple series, only first will be used" test=archv2-nxm tool=conduit-v2 collector=conduit type=conduit collector=conduit type=conduit series-count=2
time=2026-08-02T15:44:32.581-07:00 level=DEBUG msg="Query returned data" test=archv2-nxm tool=conduit-v2 collector=conduit type=conduit collector=conduit type=conduit name=msg-megabytes-out-per-second[archv2-nxm] series-count=1 last-value=0.5223665237426758
time=2026-08-02T15:44:32.875-07:00 level=DEBUG msg="Inspecting container" model=container-monitor name=benchi-conduit
time=2026-08-02T15:44:33.381-07:00 level=DEBUG msg="Inspecting container" model=container-monitor name=benchi-conduit
time=2026-08-02T15:44:33.580-07:00 level=DEBUG msg="promql query logged" test=archv2-nxm tool=conduit-v2 collector=conduit type=conduit collector=conduit type=conduit params="map[end:2026-08-02T22:44:33.580Z query:rate(conduit_pipeline_execution_duration_seconds_count{pipeline_name=\"archv2-nxm\"}[2s]) start:2026-08-02T22:44:19.579Z step:1]" stats="&{Timings:{EvalTotalTime:4.9125e-05 ResultSortTime:3.75e-07 QueryPreparationTime:1.4792e-05 InnerEvalTime:2.85e-05 ExecQueueTime:2.499e-06 ExecTotalTime:5.3791e-05} Samples:0x14001639590}" spanID=0000000000000000
time=2026-08-02T15:44:33.580-07:00 level=DEBUG msg="Query returned data" test=archv2-nxm tool=conduit-v2 collector=conduit type=conduit collector=conduit type=conduit name=msg-rate-per-second[archv2-nxm] series-count=1 last-value=17639
time=2026-08-02T15:44:33.580-07:00 level=DEBUG msg="promql query logged" test=archv2-nxm tool=conduit-v2 collector=conduit type=conduit collector=conduit type=conduit params="map[end:2026-08-02T22:44:33.580Z query:rate(conduit_connector_bytes_sum{pipeline_name=\"archv2-nxm\",type=\"source\"}[2s])/1048576 start:2026-08-02T22:44:19.579Z step:1]" stats="&{Timings:{EvalTotalTime:8.3083e-05 ResultSortTime:1.041e-06 QueryPreparationTime:3.475e-05 InnerEvalTime:4.3083e-05 ExecQueueTime:1.208e-06 ExecTotalTime:8.6166e-05} Samples:0x14001639c50}" spanID=0000000000000000
time=2026-08-02T15:44:33.580-07:00 level=WARN msg="Query returned multiple series, only first will be used" test=archv2-nxm tool=conduit-v2 collector=conduit type=conduit collector=conduit type=conduit series-count=2
time=2026-08-02T15:44:33.580-07:00 level=DEBUG msg="Query returned data" test=archv2-nxm tool=conduit-v2 collector=conduit type=conduit collector=conduit type=conduit name=msg-megabytes-in-per-second[archv2-nxm] series-count=1 last-value=0.24663257598876953
time=2026-08-02T15:44:33.580-07:00 level=DEBUG msg="promql query logged" test=archv2-nxm tool=conduit-v2 collector=conduit type=conduit collector=conduit type=conduit params="map[end:2026-08-02T22:44:33.580Z query:rate(conduit_connector_bytes_sum{pipeline_name=\"archv2-nxm\",type=\"destination\"}[2s])/1048576 start:2026-08-02T22:44:19.579Z step:1]" stats="&{Timings:{EvalTotalTime:5.6334e-05 ResultSortTime:5.42e-07 QueryPreparationTime:8.709e-06 InnerEvalTime:4.2958e-05 ExecQueueTime:1.418e-06 ExecTotalTime:5.9625e-05} Samples:0x14001203da0}" spanID=0000000000000000
time=2026-08-02T15:44:33.580-07:00 level=WARN msg="Query returned multiple series, only first will be used" test=archv2-nxm tool=conduit-v2 collector=conduit type=conduit collector=conduit type=conduit series-count=2
time=2026-08-02T15:44:33.580-07:00 level=DEBUG msg="Query returned data" test=archv2-nxm tool=conduit-v2 collector=conduit type=conduit collector=conduit type=conduit name=msg-megabytes-out-per-second[archv2-nxm] series-count=1 last-value=0.49837493896484375
time=2026-08-02T15:44:33.891-07:00 level=DEBUG msg="Inspecting container" model=container-monitor name=benchi-conduit
time=2026-08-02T15:44:34.404-07:00 level=DEBUG msg="Inspecting container" model=container-monitor name=benchi-conduit
time=2026-08-02T15:44:34.581-07:00 level=INFO msg="Test in progress" test=archv2-nxm tool=conduit-v2 step=test time-left=45s
time=2026-08-02T15:44:34.581-07:00 level=DEBUG msg="promql query logged" test=archv2-nxm tool=conduit-v2 collector=conduit type=conduit collector=conduit type=conduit params="map[end:2026-08-02T22:44:34.581Z query:rate(conduit_pipeline_execution_duration_seconds_count{pipeline_name=\"archv2-nxm\"}[2s]) start:2026-08-02T22:44:19.579Z step:1]" stats="&{Timings:{EvalTotalTime:4.9125e-05 ResultSortTime:4.58e-07 QueryPreparationTime:1.4208e-05 InnerEvalTime:2.825e-05 ExecQueueTime:2.375e-06 ExecTotalTime:5.3458e-05} Samples:0x14000a5e990}" spanID=0000000000000000
time=2026-08-02T15:44:34.581-07:00 level=DEBUG msg="Query returned data" test=archv2-nxm tool=conduit-v2 collector=conduit type=conduit collector=conduit type=conduit name=msg-rate-per-second[archv2-nxm] series-count=1 last-value=17662
time=2026-08-02T15:44:34.581-07:00 level=DEBUG msg="promql query logged" test=archv2-nxm tool=conduit-v2 collector=conduit type=conduit collector=conduit type=conduit params="map[end:2026-08-02T22:44:34.581Z query:rate(conduit_connector_bytes_sum{pipeline_name=\"archv2-nxm\",type=\"source\"}[2s])/1048576 start:2026-08-02T22:44:19.579Z step:1]" stats="&{Timings:{EvalTotalTime:5.2625e-05 ResultSortTime:7.08e-07 QueryPreparationTime:7.792e-06 InnerEvalTime:4.0334e-05 ExecQueueTime:1e-06 ExecTotalTime:5.5125e-05} Samples:0x14000a5f050}" spanID=0000000000000000
time=2026-08-02T15:44:34.581-07:00 level=WARN msg="Query returned multiple series, only first will be used" test=archv2-nxm tool=conduit-v2 collector=conduit type=conduit collector=conduit type=conduit series-count=2
time=2026-08-02T15:44:34.581-07:00 level=DEBUG msg="Query returned data" test=archv2-nxm tool=conduit-v2 collector=conduit type=conduit collector=conduit type=conduit name=msg-megabytes-in-per-second[archv2-nxm] series-count=1 last-value=0.2505159378051758
time=2026-08-02T15:44:34.581-07:00 level=DEBUG msg="promql query logged" test=archv2-nxm tool=conduit-v2 collector=conduit type=conduit collector=conduit type=conduit params="map[end:2026-08-02T22:44:34.581Z query:rate(conduit_connector_bytes_sum{pipeline_name=\"archv2-nxm\",type=\"destination\"}[2s])/1048576 start:2026-08-02T22:44:19.579Z step:1]" stats="&{Timings:{EvalTotalTime:4.4083e-05 ResultSortTime:6.25e-07 QueryPreparationTime:8.125e-06 InnerEvalTime:3.2709e-05 ExecQueueTime:1.124e-06 ExecTotalTime:4.6959e-05} Samples:0x14000f6ecf0}" spanID=0000000000000000
time=2026-08-02T15:44:34.581-07:00 level=WARN msg="Query returned multiple series, only first will be used" test=archv2-nxm tool=conduit-v2 collector=conduit type=conduit collector=conduit type=conduit series-count=2
time=2026-08-02T15:44:34.581-07:00 level=DEBUG msg="Query returned data" test=archv2-nxm tool=conduit-v2 collector=conduit type=conduit collector=conduit type=conduit name=msg-megabytes-out-per-second[archv2-nxm] series-count=1 last-value=0.49819469451904297
time=2026-08-02T15:44:34.915-07:00 level=DEBUG msg="Inspecting container" model=container-monitor name=benchi-conduit
time=2026-08-02T15:44:35.421-07:00 level=DEBUG msg="Inspecting container" model=container-monitor name=benchi-conduit
time=2026-08-02T15:44:35.581-07:00 level=DEBUG msg="promql query logged" test=archv2-nxm tool=conduit-v2 collector=conduit type=conduit collector=conduit type=conduit params="map[end:2026-08-02T22:44:35.581Z query:rate(conduit_pipeline_execution_duration_seconds_count{pipeline_name=\"archv2-nxm\"}[2s]) start:2026-08-02T22:44:19.579Z step:1]" stats="&{Timings:{EvalTotalTime:4.8125e-05 ResultSortTime:3.75e-07 QueryPreparationTime:1.3292e-05 InnerEvalTime:2.825e-05 ExecQueueTime:2.333e-06 ExecTotalTime:5.25e-05} Samples:0x14000ead6e0}" spanID=0000000000000000
time=2026-08-02T15:44:35.581-07:00 level=DEBUG msg="Query returned data" test=archv2-nxm tool=conduit-v2 collector=conduit type=conduit collector=conduit type=conduit name=msg-rate-per-second[archv2-nxm] series-count=1 last-value=18262
time=2026-08-02T15:44:35.581-07:00 level=DEBUG msg="promql query logged" test=archv2-nxm tool=conduit-v2 collector=conduit type=conduit collector=conduit type=conduit params="map[end:2026-08-02T22:44:35.581Z query:rate(conduit_connector_bytes_sum{pipeline_name=\"archv2-nxm\",type=\"source\"}[2s])/1048576 start:2026-08-02T22:44:19.579Z step:1]" stats="&{Timings:{EvalTotalTime:5.425e-05 ResultSortTime:1.042e-06 QueryPreparationTime:7.375e-06 InnerEvalTime:4.2792e-05 ExecQueueTime:9.17e-07 ExecTotalTime:5.6875e-05} Samples:0x14000eade60}" spanID=0000000000000000
time=2026-08-02T15:44:35.581-07:00 level=WARN msg="Query returned multiple series, only first will be used" test=archv2-nxm tool=conduit-v2 collector=conduit type=conduit collector=conduit type=conduit series-count=2
time=2026-08-02T15:44:35.581-07:00 level=DEBUG msg="Query returned data" test=archv2-nxm tool=conduit-v2 collector=conduit type=conduit collector=conduit type=conduit name=msg-megabytes-in-per-second[archv2-nxm] series-count=1 last-value=0.25757312774658203
time=2026-08-02T15:44:35.581-07:00 level=DEBUG msg="promql query logged" test=archv2-nxm tool=conduit-v2 collector=conduit type=conduit collector=conduit type=conduit params="map[end:2026-08-02T22:44:35.581Z query:rate(conduit_connector_bytes_sum{pipeline_name=\"archv2-nxm\",type=\"destination\"}[2s])/1048576 start:2026-08-02T22:44:19.579Z step:1]" stats="&{Timings:{EvalTotalTime:4.9709e-05 ResultSortTime:5.41e-07 QueryPreparationTime:7.917e-06 InnerEvalTime:3.7708e-05 ExecQueueTime:9.99e-07 ExecTotalTime:5.2542e-05} Samples:0x14001416ba0}" spanID=0000000000000000
time=2026-08-02T15:44:35.581-07:00 level=WARN msg="Query returned multiple series, only first will be used" test=archv2-nxm tool=conduit-v2 collector=conduit type=conduit collector=conduit type=conduit series-count=2
time=2026-08-02T15:44:35.581-07:00 level=DEBUG msg="Query returned data" test=archv2-nxm tool=conduit-v2 collector=conduit type=conduit collector=conduit type=conduit name=msg-megabytes-out-per-second[archv2-nxm] series-count=1 last-value=0.5164394378662109
time=2026-08-02T15:44:35.927-07:00 level=DEBUG msg="Inspecting container" model=container-monitor name=benchi-conduit
time=2026-08-02T15:44:36.434-07:00 level=DEBUG msg="Inspecting container" model=container-monitor name=benchi-conduit
time=2026-08-02T15:44:36.580-07:00 level=DEBUG msg="promql query logged" test=archv2-nxm tool=conduit-v2 collector=conduit type=conduit collector=conduit type=conduit params="map[end:2026-08-02T22:44:36.580Z query:rate(conduit_pipeline_execution_duration_seconds_count{pipeline_name=\"archv2-nxm\"}[2s]) start:2026-08-02T22:44:19.579Z step:1]" stats="&{Timings:{EvalTotalTime:5.7667e-05 ResultSortTime:6.25e-07 QueryPreparationTime:1.9416e-05 InnerEvalTime:3.2083e-05 ExecQueueTime:2.584e-06 ExecTotalTime:6.325e-05} Samples:0x140011ed050}" spanID=0000000000000000
time=2026-08-02T15:44:36.580-07:00 level=DEBUG msg="Query returned data" test=archv2-nxm tool=conduit-v2 collector=conduit type=conduit collector=conduit type=conduit name=msg-rate-per-second[archv2-nxm] series-count=1 last-value=18081
time=2026-08-02T15:44:36.580-07:00 level=DEBUG msg="promql query logged" test=archv2-nxm tool=conduit-v2 collector=conduit type=conduit collector=conduit type=conduit params="map[end:2026-08-02T22:44:36.580Z query:rate(conduit_connector_bytes_sum{pipeline_name=\"archv2-nxm\",type=\"source\"}[2s])/1048576 start:2026-08-02T22:44:19.579Z step:1]" stats="&{Timings:{EvalTotalTime:6.75e-05 ResultSortTime:1.208e-06 QueryPreparationTime:8.833e-06 InnerEvalTime:5.2833e-05 ExecQueueTime:1.166e-06 ExecTotalTime:7.1084e-05} Samples:0x140011ed710}" spanID=0000000000000000
time=2026-08-02T15:44:36.580-07:00 level=WARN msg="Query returned multiple series, only first will be used" test=archv2-nxm tool=conduit-v2 collector=conduit type=conduit collector=conduit type=conduit series-count=2
time=2026-08-02T15:44:36.580-07:00 level=DEBUG msg="Query returned data" test=archv2-nxm tool=conduit-v2 collector=conduit type=conduit collector=conduit type=conduit name=msg-megabytes-in-per-second[archv2-nxm] series-count=1 last-value=0.2560443878173828
time=2026-08-02T15:44:36.580-07:00 level=DEBUG msg="promql query logged" test=archv2-nxm tool=conduit-v2 collector=conduit type=conduit collector=conduit type=conduit params="map[end:2026-08-02T22:44:36.580Z query:rate(conduit_connector_bytes_sum{pipeline_name=\"archv2-nxm\",type=\"destination\"}[2s])/1048576 start:2026-08-02T22:44:19.579Z step:1]" stats="&{Timings:{EvalTotalTime:8.0125e-05 ResultSortTime:5.84e-07 QueryPreparationTime:9.083e-06 InnerEvalTime:6.4791e-05 ExecQueueTime:1.291e-06 ExecTotalTime:8.4e-05} Samples:0x1400155ade0}" spanID=0000000000000000
time=2026-08-02T15:44:36.580-07:00 level=WARN msg="Query returned multiple series, only first will be used" test=archv2-nxm tool=conduit-v2 collector=conduit type=conduit collector=conduit type=conduit series-count=2
time=2026-08-02T15:44:36.581-07:00 level=DEBUG msg="Query returned data" test=archv2-nxm tool=conduit-v2 collector=conduit type=conduit collector=conduit type=conduit name=msg-megabytes-out-per-second[archv2-nxm] series-count=1 last-value=0.5109176635742188
time=2026-08-02T15:44:36.940-07:00 level=DEBUG msg="Inspecting container" model=container-monitor name=benchi-conduit
time=2026-08-02T15:44:37.450-07:00 level=DEBUG msg="Inspecting container" model=container-monitor name=benchi-conduit
time=2026-08-02T15:44:37.581-07:00 level=DEBUG msg="promql query logged" test=archv2-nxm tool=conduit-v2 collector=conduit type=conduit collector=conduit type=conduit params="map[end:2026-08-02T22:44:37.581Z query:rate(conduit_pipeline_execution_duration_seconds_count{pipeline_name=\"archv2-nxm\"}[2s]) start:2026-08-02T22:44:19.579Z step:1]" stats="&{Timings:{EvalTotalTime:7.1291e-05 ResultSortTime:5.42e-07 QueryPreparationTime:2.2667e-05 InnerEvalTime:4.1292e-05 ExecQueueTime:4.042e-06 ExecTotalTime:7.8208e-05} Samples:0x14001475080}" spanID=0000000000000000
time=2026-08-02T15:44:37.581-07:00 level=DEBUG msg="Query returned data" test=archv2-nxm tool=conduit-v2 collector=conduit type=conduit collector=conduit type=conduit name=msg-rate-per-second[archv2-nxm] series-count=1 last-value=18533
time=2026-08-02T15:44:37.582-07:00 level=DEBUG msg="promql query logged" test=archv2-nxm tool=conduit-v2 collector=conduit type=conduit collector=conduit type=conduit params="map[end:2026-08-02T22:44:37.581Z query:rate(conduit_connector_bytes_sum{pipeline_name=\"archv2-nxm\",type=\"source\"}[2s])/1048576 start:2026-08-02T22:44:19.579Z step:1]" stats="&{Timings:{EvalTotalTime:8.1792e-05 ResultSortTime:1.333e-06 QueryPreparationTime:1.5042e-05 InnerEvalTime:6.1208e-05 ExecQueueTime:2.001e-06 ExecTotalTime:8.6292e-05} Samples:0x14001475740}" spanID=0000000000000000
time=2026-08-02T15:44:37.582-07:00 level=WARN msg="Query returned multiple series, only first will be used" test=archv2-nxm tool=conduit-v2 collector=conduit type=conduit collector=conduit type=conduit series-count=2
time=2026-08-02T15:44:37.582-07:00 level=DEBUG msg="Query returned data" test=archv2-nxm tool=conduit-v2 collector=conduit type=conduit collector=conduit type=conduit name=msg-megabytes-in-per-second[archv2-nxm] series-count=1 last-value=0.2624692916870117
time=2026-08-02T15:44:37.582-07:00 level=DEBUG msg="promql query logged" test=archv2-nxm tool=conduit-v2 collector=conduit type=conduit collector=conduit type=conduit params="map[end:2026-08-02T22:44:37.582Z query:rate(conduit_connector_bytes_sum{pipeline_name=\"archv2-nxm\",type=\"destination\"}[2s])/1048576 start:2026-08-02T22:44:19.579Z step:1]" stats="&{Timings:{EvalTotalTime:8.5375e-05 ResultSortTime:1.208e-06 QueryPreparationTime:1.425e-05 InnerEvalTime:6.4292e-05 ExecQueueTime:1.416e-06 ExecTotalTime:9.175e-05} Samples:0x140015a23c0}" spanID=0000000000000000
time=2026-08-02T15:44:37.582-07:00 level=WARN msg="Query returned multiple series, only first will be used" test=archv2-nxm tool=conduit-v2 collector=conduit type=conduit collector=conduit type=conduit series-count=2
time=2026-08-02T15:44:37.582-07:00 level=DEBUG msg="Query returned data" test=archv2-nxm tool=conduit-v2 collector=conduit type=conduit collector=conduit type=conduit name=msg-megabytes-out-per-second[archv2-nxm] series-count=1 last-value=0.5246315002441406
time=2026-08-02T15:44:37.968-07:00 level=DEBUG msg="Inspecting container" model=container-monitor name=benchi-conduit
time=2026-08-02T15:44:38.477-07:00 level=DEBUG msg="Inspecting container" model=container-monitor name=benchi-conduit
time=2026-08-02T15:44:38.581-07:00 level=DEBUG msg="promql query logged" test=archv2-nxm tool=conduit-v2 collector=conduit type=conduit collector=conduit type=conduit params="map[end:2026-08-02T22:44:38.581Z query:rate(conduit_pipeline_execution_duration_seconds_count{pipeline_name=\"archv2-nxm\"}[2s]) start:2026-08-02T22:44:19.579Z step:1]" stats="&{Timings:{EvalTotalTime:0.000124875 ResultSortTime:2.583e-06 QueryPreparationTime:3.375e-05 InnerEvalTime:7.7167e-05 ExecQueueTime:4.542e-06 ExecTotalTime:0.000133292} Samples:0x140016a2060}" spanID=0000000000000000
time=2026-08-02T15:44:38.582-07:00 level=DEBUG msg="Query returned data" test=archv2-nxm tool=conduit-v2 collector=conduit type=conduit collector=conduit type=conduit name=msg-rate-per-second[archv2-nxm] series-count=1 last-value=17417
time=2026-08-02T15:44:38.582-07:00 level=DEBUG msg="promql query logged" test=archv2-nxm tool=conduit-v2 collector=conduit type=conduit collector=conduit type=conduit params="map[end:2026-08-02T22:44:38.582Z query:rate(conduit_connector_bytes_sum{pipeline_name=\"archv2-nxm\",type=\"source\"}[2s])/1048576 start:2026-08-02T22:44:19.579Z step:1]" stats="&{Timings:{EvalTotalTime:7.8917e-05 ResultSortTime:1.417e-06 QueryPreparationTime:1.1292e-05 InnerEvalTime:6.2792e-05 ExecQueueTime:9.58e-07 ExecTotalTime:8.1458e-05} Samples:0x140016a2720}" spanID=0000000000000000
time=2026-08-02T15:44:38.582-07:00 level=WARN msg="Query returned multiple series, only first will be used" test=archv2-nxm tool=conduit-v2 collector=conduit type=conduit collector=conduit type=conduit series-count=2
time=2026-08-02T15:44:38.582-07:00 level=DEBUG msg="Query returned data" test=archv2-nxm tool=conduit-v2 collector=conduit type=conduit collector=conduit type=conduit name=msg-megabytes-in-per-second[archv2-nxm] series-count=1 last-value=0.24573230743408203
time=2026-08-02T15:44:38.582-07:00 level=DEBUG msg="promql query logged" test=archv2-nxm tool=conduit-v2 collector=conduit type=conduit collector=conduit type=conduit params="map[end:2026-08-02T22:44:38.582Z query:rate(conduit_connector_bytes_sum{pipeline_name=\"archv2-nxm\",type=\"destination\"}[2s])/1048576 start:2026-08-02T22:44:19.579Z step:1]" stats="&{Timings:{EvalTotalTime:8.7583e-05 ResultSortTime:8.33e-07 QueryPreparationTime:1.5708e-05 InnerEvalTime:6.4791e-05 ExecQueueTime:1.791e-06 ExecTotalTime:9.1084e-05} Samples:0x140015fc390}" spanID=0000000000000000
time=2026-08-02T15:44:38.582-07:00 level=WARN msg="Query returned multiple series, only first will be used" test=archv2-nxm tool=conduit-v2 collector=conduit type=conduit collector=conduit type=conduit series-count=2
time=2026-08-02T15:44:38.582-07:00 level=DEBUG msg="Query returned data" test=archv2-nxm tool=conduit-v2 collector=conduit type=conduit collector=conduit type=conduit name=msg-megabytes-out-per-second[archv2-nxm] series-count=1 last-value=0.49160099029541016
time=2026-08-02T15:44:38.985-07:00 level=DEBUG msg="Inspecting container" model=container-monitor name=benchi-conduit
time=2026-08-02T15:44:39.494-07:00 level=DEBUG msg="Inspecting container" model=container-monitor name=benchi-conduit
time=2026-08-02T15:44:39.581-07:00 level=DEBUG msg="promql query logged" test=archv2-nxm tool=conduit-v2 collector=conduit type=conduit collector=conduit type=conduit params="map[end:2026-08-02T22:44:39.580Z query:rate(conduit_pipeline_execution_duration_seconds_count{pipeline_name=\"archv2-nxm\"}[2s]) start:2026-08-02T22:44:19.579Z step:1]" stats="&{Timings:{EvalTotalTime:0.000132 ResultSortTime:1.084e-06 QueryPreparationTime:3.1916e-05 InnerEvalTime:8.8e-05 ExecQueueTime:4.751e-06 ExecTotalTime:0.00014175} Samples:0x1400179a120}" spanID=0000000000000000
time=2026-08-02T15:44:39.581-07:00 level=DEBUG msg="Query returned data" test=archv2-nxm tool=conduit-v2 collector=conduit type=conduit collector=conduit type=conduit name=msg-rate-per-second[archv2-nxm] series-count=1 last-value=16141.716566866267
time=2026-08-02T15:44:39.581-07:00 level=DEBUG msg="promql query logged" test=archv2-nxm tool=conduit-v2 collector=conduit type=conduit collector=conduit type=conduit params="map[end:2026-08-02T22:44:39.581Z query:rate(conduit_connector_bytes_sum{pipeline_name=\"archv2-nxm\",type=\"source\"}[2s])/1048576 start:2026-08-02T22:44:19.579Z step:1]" stats="&{Timings:{EvalTotalTime:0.000106709 ResultSortTime:1.875e-06 QueryPreparationTime:1.6916e-05 InnerEvalTime:7.8125e-05 ExecQueueTime:2.25e-06 ExecTotalTime:0.000112} Samples:0x1400179a7e0}" spanID=0000000000000000
time=2026-08-02T15:44:39.581-07:00 level=WARN msg="Query returned multiple series, only first will be used" test=archv2-nxm tool=conduit-v2 collector=conduit type=conduit collector=conduit type=conduit series-count=2
time=2026-08-02T15:44:39.581-07:00 level=INFO msg="Test in progress" test=archv2-nxm tool=conduit-v2 step=test time-left=40s
time=2026-08-02T15:44:39.582-07:00 level=DEBUG msg="Query returned data" test=archv2-nxm tool=conduit-v2 collector=conduit type=conduit collector=conduit type=conduit name=msg-megabytes-in-per-second[archv2-nxm] series-count=1 last-value=0.2294338629869168
time=2026-08-02T15:44:39.582-07:00 level=DEBUG msg="promql query logged" test=archv2-nxm tool=conduit-v2 collector=conduit type=conduit collector=conduit type=conduit params="map[end:2026-08-02T22:44:39.582Z query:rate(conduit_connector_bytes_sum{pipeline_name=\"archv2-nxm\",type=\"destination\"}[2s])/1048576 start:2026-08-02T22:44:19.579Z step:1]" stats="&{Timings:{EvalTotalTime:8.4e-05 ResultSortTime:1.166e-06 QueryPreparationTime:1.575e-05 InnerEvalTime:6.1541e-05 ExecQueueTime:1.5e-06 ExecTotalTime:8.9584e-05} Samples:0x1400179b4a0}" spanID=0000000000000000
time=2026-08-02T15:44:39.582-07:00 level=WARN msg="Query returned multiple series, only first will be used" test=archv2-nxm tool=conduit-v2 collector=conduit type=conduit collector=conduit type=conduit series-count=2
time=2026-08-02T15:44:39.582-07:00 level=DEBUG msg="Query returned data" test=archv2-nxm tool=conduit-v2 collector=conduit type=conduit collector=conduit type=conduit name=msg-megabytes-out-per-second[archv2-nxm] series-count=1 last-value=0.4567624090198509
time=2026-08-02T15:44:40.005-07:00 level=DEBUG msg="Inspecting container" model=container-monitor name=benchi-conduit
time=2026-08-02T15:44:40.516-07:00 level=DEBUG msg="Inspecting container" model=container-monitor name=benchi-conduit
time=2026-08-02T15:44:40.580-07:00 level=DEBUG msg="promql query logged" test=archv2-nxm tool=conduit-v2 collector=conduit type=conduit collector=conduit type=conduit params="map[end:2026-08-02T22:44:40.580Z query:rate(conduit_pipeline_execution_duration_seconds_count{pipeline_name=\"archv2-nxm\"}[2s]) start:2026-08-02T22:44:19.579Z step:1]" stats="&{Timings:{EvalTotalTime:6.4916e-05 ResultSortTime:4.17e-07 QueryPreparationTime:2.1166e-05 InnerEvalTime:3.8083e-05 ExecQueueTime:2.458e-06 ExecTotalTime:7.075e-05} Samples:0x140018099b0}" spanID=0000000000000000
time=2026-08-02T15:44:40.580-07:00 level=DEBUG msg="Query returned data" test=archv2-nxm tool=conduit-v2 collector=conduit type=conduit collector=conduit type=conduit name=msg-rate-per-second[archv2-nxm] series-count=1 last-value=18073.852295409182
time=2026-08-02T15:44:40.580-07:00 level=DEBUG msg="promql query logged" test=archv2-nxm tool=conduit-v2 collector=conduit type=conduit collector=conduit type=conduit params="map[end:2026-08-02T22:44:40.580Z query:rate(conduit_connector_bytes_sum{pipeline_name=\"archv2-nxm\",type=\"source\"}[2s])/1048576 start:2026-08-02T22:44:19.579Z step:1]" stats="&{Timings:{EvalTotalTime:7.1875e-05 ResultSortTime:1.083e-06 QueryPreparationTime:9.417e-06 InnerEvalTime:5.7125e-05 ExecQueueTime:1.334e-06 ExecTotalTime:7.5084e-05} Samples:0x1400189e0f0}" spanID=0000000000000000
time=2026-08-02T15:44:40.580-07:00 level=WARN msg="Query returned multiple series, only first will be used" test=archv2-nxm tool=conduit-v2 collector=conduit type=conduit collector=conduit type=conduit series-count=2
time=2026-08-02T15:44:40.580-07:00 level=DEBUG msg="Query returned data" test=archv2-nxm tool=conduit-v2 collector=conduit type=conduit collector=conduit type=conduit name=msg-megabytes-in-per-second[archv2-nxm] series-count=1 last-value=0.2547081359132321
time=2026-08-02T15:44:40.580-07:00 level=DEBUG msg="promql query logged" test=archv2-nxm tool=conduit-v2 collector=conduit type=conduit collector=conduit type=conduit params="map[end:2026-08-02T22:44:40.580Z query:rate(conduit_connector_bytes_sum{pipeline_name=\"archv2-nxm\",type=\"destination\"}[2s])/1048576 start:2026-08-02T22:44:19.579Z step:1]" stats="&{Timings:{EvalTotalTime:9.8917e-05 ResultSortTime:6.25e-07 QueryPreparationTime:1.0167e-05 InnerEvalTime:8.3708e-05 ExecQueueTime:1.416e-06 ExecTotalTime:0.000103083} Samples:0x14001768b10}" spanID=0000000000000000
time=2026-08-02T15:44:40.581-07:00 level=WARN msg="Query returned multiple series, only first will be used" test=archv2-nxm tool=conduit-v2 collector=conduit type=conduit collector=conduit type=conduit series-count=2
time=2026-08-02T15:44:40.581-07:00 level=DEBUG msg="Query returned data" test=archv2-nxm tool=conduit-v2 collector=conduit type=conduit collector=conduit type=conduit name=msg-megabytes-out-per-second[archv2-nxm] series-count=1 last-value=0.5110666423500655
time=2026-08-02T15:44:41.028-07:00 level=DEBUG msg="Inspecting container" model=container-monitor name=benchi-conduit
time=2026-08-02T15:44:41.535-07:00 level=DEBUG msg="Inspecting container" model=container-monitor name=benchi-conduit
time=2026-08-02T15:44:41.583-07:00 level=DEBUG msg="promql query logged" test=archv2-nxm tool=conduit-v2 collector=conduit type=conduit collector=conduit type=conduit params="map[end:2026-08-02T22:44:41.583Z query:rate(conduit_pipeline_execution_duration_seconds_count{pipeline_name=\"archv2-nxm\"}[2s]) start:2026-08-02T22:44:19.579Z step:1]" stats="&{Timings:{EvalTotalTime:5.6709e-05 ResultSortTime:5e-07 QueryPreparationTime:1.6542e-05 InnerEvalTime:3.2792e-05 ExecQueueTime:1.8291e-05 ExecTotalTime:7.4083e-05} Samples:0x14001a322a0}" spanID=0000000000000000
time=2026-08-02T15:44:41.583-07:00 level=DEBUG msg="Query returned data" test=archv2-nxm tool=conduit-v2 collector=conduit type=conduit collector=conduit type=conduit name=msg-rate-per-second[archv2-nxm] series-count=1 last-value=18960.843373493975
time=2026-08-02T15:44:41.583-07:00 level=DEBUG msg="promql query logged" test=archv2-nxm tool=conduit-v2 collector=conduit type=conduit collector=conduit type=conduit params="map[end:2026-08-02T22:44:41.583Z query:rate(conduit_connector_bytes_sum{pipeline_name=\"archv2-nxm\",type=\"source\"}[2s])/1048576 start:2026-08-02T22:44:19.579Z step:1]" stats="&{Timings:{EvalTotalTime:7.4e-05 ResultSortTime:8.33e-07 QueryPreparationTime:8.791e-06 InnerEvalTime:6.0584e-05 ExecQueueTime:8.75e-07 ExecTotalTime:7.65e-05} Samples:0x14001a32960}" spanID=0000000000000000
time=2026-08-02T15:44:41.583-07:00 level=WARN msg="Query returned multiple series, only first will be used" test=archv2-nxm tool=conduit-v2 collector=conduit type=conduit collector=conduit type=conduit series-count=2
time=2026-08-02T15:44:41.583-07:00 level=DEBUG msg="Query returned data" test=archv2-nxm tool=conduit-v2 collector=conduit type=conduit collector=conduit type=conduit name=msg-megabytes-in-per-second[archv2-nxm] series-count=1 last-value=0.269160213240658
time=2026-08-02T15:44:41.584-07:00 level=DEBUG msg="promql query logged" test=archv2-nxm tool=conduit-v2 collector=conduit type=conduit collector=conduit type=conduit params="map[end:2026-08-02T22:44:41.583Z query:rate(conduit_connector_bytes_sum{pipeline_name=\"archv2-nxm\",type=\"destination\"}[2s])/1048576 start:2026-08-02T22:44:19.579Z step:1]" stats="&{Timings:{EvalTotalTime:7.2125e-05 ResultSortTime:7.92e-07 QueryPreparationTime:9.25e-06 InnerEvalTime:5.8167e-05 ExecQueueTime:1.375e-06 ExecTotalTime:7.5542e-05} Samples:0x140019a6960}" spanID=0000000000000000
time=2026-08-02T15:44:41.584-07:00 level=WARN msg="Query returned multiple series, only first will be used" test=archv2-nxm tool=conduit-v2 collector=conduit type=conduit collector=conduit type=conduit series-count=2
time=2026-08-02T15:44:41.584-07:00 level=DEBUG msg="Query returned data" test=archv2-nxm tool=conduit-v2 collector=conduit type=conduit collector=conduit type=conduit name=msg-megabytes-out-per-second[archv2-nxm] series-count=1 last-value=0.5355714315391449
time=2026-08-02T15:44:42.052-07:00 level=DEBUG msg="Inspecting container" model=container-monitor name=benchi-conduit
time=2026-08-02T15:44:42.569-07:00 level=DEBUG msg="Inspecting container" model=container-monitor name=benchi-conduit
time=2026-08-02T15:44:42.580-07:00 level=DEBUG msg="promql query logged" test=archv2-nxm tool=conduit-v2 collector=conduit type=conduit collector=conduit type=conduit params="map[end:2026-08-02T22:44:42.580Z query:rate(conduit_pipeline_execution_duration_seconds_count{pipeline_name=\"archv2-nxm\"}[2s]) start:2026-08-02T22:44:19.579Z step:1]" stats="&{Timings:{EvalTotalTime:0.0001085 ResultSortTime:8.33e-07 QueryPreparationTime:3.4833e-05 InnerEvalTime:6.225e-05 ExecQueueTime:4.584e-06 ExecTotalTime:0.00011775} Samples:0x14001971ad0}" spanID=0000000000000000
time=2026-08-02T15:44:42.581-07:00 level=DEBUG msg="Query returned data" test=archv2-nxm tool=conduit-v2 collector=conduit type=conduit collector=conduit type=conduit name=msg-rate-per-second[archv2-nxm] series-count=1 last-value=17497
time=2026-08-02T15:44:42.581-07:00 level=DEBUG msg="promql query logged" test=archv2-nxm tool=conduit-v2 collector=conduit type=conduit collector=conduit type=conduit params="map[end:2026-08-02T22:44:42.581Z query:rate(conduit_connector_bytes_sum{pipeline_name=\"archv2-nxm\",type=\"source\"}[2s])/1048576 start:2026-08-02T22:44:19.579Z step:1]" stats="&{Timings:{EvalTotalTime:0.000154834 ResultSortTime:2.042e-06 QueryPreparationTime:2.0542e-05 InnerEvalTime:0.00012575 ExecQueueTime:1.5e-06 ExecTotalTime:0.000160625} Samples:0x14001a9c210}" spanID=0000000000000000
time=2026-08-02T15:44:42.581-07:00 level=WARN msg="Query returned multiple series, only first will be used" test=archv2-nxm tool=conduit-v2 collector=conduit type=conduit collector=conduit type=conduit series-count=2
time=2026-08-02T15:44:42.581-07:00 level=DEBUG msg="Query returned data" test=archv2-nxm tool=conduit-v2 collector=conduit type=conduit collector=conduit type=conduit name=msg-megabytes-in-per-second[archv2-nxm] series-count=1 last-value=0.24831295013427734
time=2026-08-02T15:44:42.581-07:00 level=DEBUG msg="promql query logged" test=archv2-nxm tool=conduit-v2 collector=conduit type=conduit collector=conduit type=conduit params="map[end:2026-08-02T22:44:42.581Z query:rate(conduit_connector_bytes_sum{pipeline_name=\"archv2-nxm\",type=\"destination\"}[2s])/1048576 start:2026-08-02T22:44:19.579Z step:1]" stats="&{Timings:{EvalTotalTime:6.9667e-05 ResultSortTime:6.67e-07 QueryPreparationTime:1.1125e-05 InnerEvalTime:4.6e-05 ExecQueueTime:1.875e-06 ExecTotalTime:7.2458e-05} Samples:0x14001a7e240}" spanID=0000000000000000
time=2026-08-02T15:44:42.581-07:00 level=WARN msg="Query returned multiple series, only first will be used" test=archv2-nxm tool=conduit-v2 collector=conduit type=conduit collector=conduit type=conduit series-count=2
time=2026-08-02T15:44:42.582-07:00 level=DEBUG msg="Query returned data" test=archv2-nxm tool=conduit-v2 collector=conduit type=conduit collector=conduit type=conduit name=msg-megabytes-out-per-second[archv2-nxm] series-count=1 last-value=0.4938688278198242
time=2026-08-02T15:44:43.088-07:00 level=DEBUG msg="Inspecting container" model=container-monitor name=benchi-conduit
time=2026-08-02T15:44:43.583-07:00 level=DEBUG msg="promql query logged" test=archv2-nxm tool=conduit-v2 collector=conduit type=conduit collector=conduit type=conduit params="map[end:2026-08-02T22:44:43.582Z query:rate(conduit_pipeline_execution_duration_seconds_count{pipeline_name=\"archv2-nxm\"}[2s]) start:2026-08-02T22:44:19.579Z step:1]" stats="&{Timings:{EvalTotalTime:5.4792e-05 ResultSortTime:5e-07 QueryPreparationTime:1.6208e-05 InnerEvalTime:3.3166e-05 ExecQueueTime:2.458e-06 ExecTotalTime:5.9709e-05} Samples:0x14001a7e6f0}" spanID=0000000000000000
time=2026-08-02T15:44:43.583-07:00 level=DEBUG msg="Query returned data" test=archv2-nxm tool=conduit-v2 collector=conduit type=conduit collector=conduit type=conduit name=msg-rate-per-second[archv2-nxm] series-count=1 last-value=16836.14697120159
time=2026-08-02T15:44:43.583-07:00 level=DEBUG msg="promql query logged" test=archv2-nxm tool=conduit-v2 collector=conduit type=conduit collector=conduit type=conduit params="map[end:2026-08-02T22:44:43.583Z query:rate(conduit_connector_bytes_sum{pipeline_name=\"archv2-nxm\",type=\"source\"}[2s])/1048576 start:2026-08-02T22:44:19.579Z step:1]" stats="&{Timings:{EvalTotalTime:9.3792e-05 ResultSortTime:8.34e-07 QueryPreparationTime:6.375e-06 InnerEvalTime:8.3042e-05 ExecQueueTime:7.5e-07 ExecTotalTime:9.6e-05} Samples:0x14001a7ede0}" spanID=0000000000000000
time=2026-08-02T15:44:43.583-07:00 level=WARN msg="Query returned multiple series, only first will be used" test=archv2-nxm tool=conduit-v2 collector=conduit type=conduit collector=conduit type=conduit series-count=2
time=2026-08-02T15:44:43.583-07:00 level=DEBUG msg="Query returned data" test=archv2-nxm tool=conduit-v2 collector=conduit type=conduit collector=conduit type=conduit name=msg-megabytes-in-per-second[archv2-nxm] series-count=1 last-value=0.23676977375413127
time=2026-08-02T15:44:43.583-07:00 level=DEBUG msg="promql query logged" test=archv2-nxm tool=conduit-v2 collector=conduit type=conduit collector=conduit type=conduit params="map[end:2026-08-02T22:44:43.583Z query:rate(conduit_connector_bytes_sum{pipeline_name=\"archv2-nxm\",type=\"destination\"}[2s])/1048576 start:2026-08-02T22:44:19.579Z step:1]" stats="&{Timings:{EvalTotalTime:5.4917e-05 ResultSortTime:5e-07 QueryPreparationTime:5.542e-06 InnerEvalTime:4.6083e-05 ExecQueueTime:7.08e-07 ExecTotalTime:5.7042e-05} Samples:0x14001a7fb60}" spanID=0000000000000000
time=2026-08-02T15:44:43.583-07:00 level=WARN msg="Query returned multiple series, only first will be used" test=archv2-nxm tool=conduit-v2 collector=conduit type=conduit collector=conduit type=conduit series-count=2
time=2026-08-02T15:44:43.583-07:00 level=DEBUG msg="Query returned data" test=archv2-nxm tool=conduit-v2 collector=conduit type=conduit collector=conduit type=conduit name=msg-megabytes-out-per-second[archv2-nxm] series-count=1 last-value=0.4758190848266239
time=2026-08-02T15:44:43.592-07:00 level=DEBUG msg="Inspecting container" model=container-monitor name=benchi-conduit
time=2026-08-02T15:44:44.099-07:00 level=DEBUG msg="Inspecting container" model=container-monitor name=benchi-conduit
time=2026-08-02T15:44:44.580-07:00 level=INFO msg="Test in progress" test=archv2-nxm tool=conduit-v2 step=test time-left=35s
time=2026-08-02T15:44:44.580-07:00 level=DEBUG msg="promql query logged" test=archv2-nxm tool=conduit-v2 collector=conduit type=conduit collector=conduit type=conduit params="map[end:2026-08-02T22:44:44.580Z query:rate(conduit_pipeline_execution_duration_seconds_count{pipeline_name=\"archv2-nxm\"}[2s]) start:2026-08-02T22:44:19.579Z step:1]" stats="&{Timings:{EvalTotalTime:5.7709e-05 ResultSortTime:7.5e-07 QueryPreparationTime:1.7084e-05 InnerEvalTime:3.5167e-05 ExecQueueTime:2.667e-06 ExecTotalTime:6.2542e-05} Samples:0x140019127e0}" spanID=0000000000000000
time=2026-08-02T15:44:44.580-07:00 level=DEBUG msg="Query returned data" test=archv2-nxm tool=conduit-v2 collector=conduit type=conduit collector=conduit type=conduit name=msg-rate-per-second[archv2-nxm] series-count=1 last-value=18275.93152064451
time=2026-08-02T15:44:44.580-07:00 level=DEBUG msg="promql query logged" test=archv2-nxm tool=conduit-v2 collector=conduit type=conduit collector=conduit type=conduit params="map[end:2026-08-02T22:44:44.580Z query:rate(conduit_connector_bytes_sum{pipeline_name=\"archv2-nxm\",type=\"source\"}[2s])/1048576 start:2026-08-02T22:44:19.579Z step:1]" stats="&{Timings:{EvalTotalTime:7.6833e-05 ResultSortTime:7.91e-07 QueryPreparationTime:6.292e-06 InnerEvalTime:6.6667e-05 ExecQueueTime:2.041e-06 ExecTotalTime:8.0458e-05} Samples:0x14001912f30}" spanID=0000000000000000
time=2026-08-02T15:44:44.580-07:00 level=WARN msg="Query returned multiple series, only first will be used" test=archv2-nxm tool=conduit-v2 collector=conduit type=conduit collector=conduit type=conduit series-count=2
time=2026-08-02T15:44:44.580-07:00 level=DEBUG msg="Query returned data" test=archv2-nxm tool=conduit-v2 collector=conduit type=conduit collector=conduit type=conduit name=msg-megabytes-in-per-second[archv2-nxm] series-count=1 last-value=0.2553455779199514
time=2026-08-02T15:44:44.580-07:00 level=DEBUG msg="promql query logged" test=archv2-nxm tool=conduit-v2 collector=conduit type=conduit collector=conduit type=conduit params="map[end:2026-08-02T22:44:44.580Z query:rate(conduit_connector_bytes_sum{pipeline_name=\"archv2-nxm\",type=\"destination\"}[2s])/1048576 start:2026-08-02T22:44:19.579Z step:1]" stats="&{Timings:{EvalTotalTime:6.7667e-05 ResultSortTime:5.84e-07 QueryPreparationTime:9.292e-06 InnerEvalTime:5.4041e-05 ExecQueueTime:1.374e-06 ExecTotalTime:7.1833e-05} Samples:0x140016df0e0}" spanID=0000000000000000
time=2026-08-02T15:44:44.580-07:00 level=WARN msg="Query returned multiple series, only first will be used" test=archv2-nxm tool=conduit-v2 collector=conduit type=conduit collector=conduit type=conduit series-count=2
time=2026-08-02T15:44:44.580-07:00 level=DEBUG msg="Query returned data" test=archv2-nxm tool=conduit-v2 collector=conduit type=conduit collector=conduit type=conduit name=msg-megabytes-out-per-second[archv2-nxm] series-count=1 last-value=0.5161875084207618
time=2026-08-02T15:44:44.604-07:00 level=DEBUG msg="Inspecting container" model=container-monitor name=benchi-conduit
time=2026-08-02T15:44:45.113-07:00 level=DEBUG msg="Inspecting container" model=container-monitor name=benchi-conduit
time=2026-08-02T15:44:45.581-07:00 level=DEBUG msg="promql query logged" test=archv2-nxm tool=conduit-v2 collector=conduit type=conduit collector=conduit type=conduit params="map[end:2026-08-02T22:44:45.581Z query:rate(conduit_pipeline_execution_duration_seconds_count{pipeline_name=\"archv2-nxm\"}[2s]) start:2026-08-02T22:44:19.579Z step:1]" stats="&{Timings:{EvalTotalTime:5.7875e-05 ResultSortTime:3.75e-07 QueryPreparationTime:1.5042e-05 InnerEvalTime:3.7625e-05 ExecQueueTime:4.166e-06 ExecTotalTime:6.4083e-05} Samples:0x140009f5b30}" spanID=0000000000000000
time=2026-08-02T15:44:45.581-07:00 level=DEBUG msg="Query returned data" test=archv2-nxm tool=conduit-v2 collector=conduit type=conduit collector=conduit type=conduit name=msg-rate-per-second[archv2-nxm] series-count=1 last-value=18268.463073852294
time=2026-08-02T15:44:45.581-07:00 level=DEBUG msg="promql query logged" test=archv2-nxm tool=conduit-v2 collector=conduit type=conduit collector=conduit type=conduit params="map[end:2026-08-02T22:44:45.581Z query:rate(conduit_connector_bytes_sum{pipeline_name=\"archv2-nxm\",type=\"source\"}[2s])/1048576 start:2026-08-02T22:44:19.579Z step:1]" stats="&{Timings:{EvalTotalTime:6.9917e-05 ResultSortTime:7.92e-07 QueryPreparationTime:7.291e-06 InnerEvalTime:5.8625e-05 ExecQueueTime:7.91e-07 ExecTotalTime:7.2167e-05} Samples:0x140017fe2d0}" spanID=0000000000000000
time=2026-08-02T15:44:45.581-07:00 level=WARN msg="Query returned multiple series, only first will be used" test=archv2-nxm tool=conduit-v2 collector=conduit type=conduit collector=conduit type=conduit series-count=2
time=2026-08-02T15:44:45.582-07:00 level=DEBUG msg="Query returned data" test=archv2-nxm tool=conduit-v2 collector=conduit type=conduit collector=conduit type=conduit name=msg-megabytes-in-per-second[archv2-nxm] series-count=1 last-value=0.2579898415449375
time=2026-08-02T15:44:45.582-07:00 level=DEBUG msg="promql query logged" test=archv2-nxm tool=conduit-v2 collector=conduit type=conduit collector=conduit type=conduit params="map[end:2026-08-02T22:44:45.582Z query:rate(conduit_connector_bytes_sum{pipeline_name=\"archv2-nxm\",type=\"destination\"}[2s])/1048576 start:2026-08-02T22:44:19.579Z step:1]" stats="&{Timings:{EvalTotalTime:6.125e-05 ResultSortTime:5.42e-07 QueryPreparationTime:9.083e-06 InnerEvalTime:4.8208e-05 ExecQueueTime:1.042e-06 ExecTotalTime:6.3791e-05} Samples:0x140017ff1d0}" spanID=0000000000000000
time=2026-08-02T15:44:45.582-07:00 level=WARN msg="Query returned multiple series, only first will be used" test=archv2-nxm tool=conduit-v2 collector=conduit type=conduit collector=conduit type=conduit series-count=2
time=2026-08-02T15:44:45.582-07:00 level=DEBUG msg="Query returned data" test=archv2-nxm tool=conduit-v2 collector=conduit type=conduit collector=conduit type=conduit name=msg-megabytes-out-per-second[archv2-nxm] series-count=1 last-value=0.5162785391131799
time=2026-08-02T15:44:45.630-07:00 level=DEBUG msg="Inspecting container" model=container-monitor name=benchi-conduit
time=2026-08-02T15:44:46.136-07:00 level=DEBUG msg="Inspecting container" model=container-monitor name=benchi-conduit
time=2026-08-02T15:44:46.580-07:00 level=DEBUG msg="promql query logged" test=archv2-nxm tool=conduit-v2 collector=conduit type=conduit collector=conduit type=conduit params="map[end:2026-08-02T22:44:46.580Z query:rate(conduit_pipeline_execution_duration_seconds_count{pipeline_name=\"archv2-nxm\"}[2s]) start:2026-08-02T22:44:19.579Z step:1]" stats="&{Timings:{EvalTotalTime:8.4458e-05 ResultSortTime:6.67e-07 QueryPreparationTime:2.4375e-05 InnerEvalTime:5.2041e-05 ExecQueueTime:3.541e-06 ExecTotalTime:9.1209e-05} Samples:0x14000fd3b00}" spanID=0000000000000000
time=2026-08-02T15:44:46.580-07:00 level=DEBUG msg="Query returned data" test=archv2-nxm tool=conduit-v2 collector=conduit type=conduit collector=conduit type=conduit name=msg-rate-per-second[archv2-nxm] series-count=1 last-value=17474.949899799598
time=2026-08-02T15:44:46.580-07:00 level=DEBUG msg="promql query logged" test=archv2-nxm tool=conduit-v2 collector=conduit type=conduit collector=conduit type=conduit params="map[end:2026-08-02T22:44:46.580Z query:rate(conduit_connector_bytes_sum{pipeline_name=\"archv2-nxm\",type=\"source\"}[2s])/1048576 start:2026-08-02T22:44:19.579Z step:1]" stats="&{Timings:{EvalTotalTime:0.000115917 ResultSortTime:1.541e-06 QueryPreparationTime:1.8708e-05 InnerEvalTime:9.125e-05 ExecQueueTime:1.417e-06 ExecTotalTime:0.000119542} Samples:0x1400191a5a0}" spanID=0000000000000000
time=2026-08-02T15:44:46.580-07:00 level=WARN msg="Query returned multiple series, only first will be used" test=archv2-nxm tool=conduit-v2 collector=conduit type=conduit collector=conduit type=conduit series-count=2
time=2026-08-02T15:44:46.581-07:00 level=DEBUG msg="Query returned data" test=archv2-nxm tool=conduit-v2 collector=conduit type=conduit collector=conduit type=conduit name=msg-megabytes-in-per-second[archv2-nxm] series-count=1 last-value=0.24612919839923986
time=2026-08-02T15:44:46.581-07:00 level=DEBUG msg="promql query logged" test=archv2-nxm tool=conduit-v2 collector=conduit type=conduit collector=conduit type=conduit params="map[end:2026-08-02T22:44:46.581Z query:rate(conduit_connector_bytes_sum{pipeline_name=\"archv2-nxm\",type=\"destination\"}[2s])/1048576 start:2026-08-02T22:44:19.579Z step:1]" stats="&{Timings:{EvalTotalTime:8.3875e-05 ResultSortTime:1.125e-06 QueryPreparationTime:1.2167e-05 InnerEvalTime:6.6166e-05 ExecQueueTime:1.375e-06 ExecTotalTime:8.8042e-05} Samples:0x1400191b590}" spanID=0000000000000000
time=2026-08-02T15:44:46.581-07:00 level=WARN msg="Query returned multiple series, only first will be used" test=archv2-nxm tool=conduit-v2 collector=conduit type=conduit collector=conduit type=conduit series-count=2
time=2026-08-02T15:44:46.581-07:00 level=DEBUG msg="Query returned data" test=archv2-nxm tool=conduit-v2 collector=conduit type=conduit collector=conduit type=conduit name=msg-megabytes-out-per-second[archv2-nxm] series-count=1 last-value=0.4925364721753076
time=2026-08-02T15:44:46.640-07:00 level=DEBUG msg="Inspecting container" model=container-monitor name=benchi-conduit
time=2026-08-02T15:44:47.146-07:00 level=DEBUG msg="Inspecting container" model=container-monitor name=benchi-conduit
time=2026-08-02T15:44:47.580-07:00 level=DEBUG msg="promql query logged" test=archv2-nxm tool=conduit-v2 collector=conduit type=conduit collector=conduit type=conduit params="map[end:2026-08-02T22:44:47.580Z query:rate(conduit_pipeline_execution_duration_seconds_count{pipeline_name=\"archv2-nxm\"}[2s]) start:2026-08-02T22:44:19.579Z step:1]" stats="&{Timings:{EvalTotalTime:6.4917e-05 ResultSortTime:3.33e-07 QueryPreparationTime:1.7625e-05 InnerEvalTime:3.8875e-05 ExecQueueTime:2.542e-06 ExecTotalTime:8.3042e-05} Samples:0x14001639650}" spanID=0000000000000000
time=2026-08-02T15:44:47.580-07:00 level=DEBUG msg="Query returned data" test=archv2-nxm tool=conduit-v2 collector=conduit type=conduit collector=conduit type=conduit name=msg-rate-per-second[archv2-nxm] series-count=1 last-value=19414
time=2026-08-02T15:44:47.580-07:00 level=DEBUG msg="promql query logged" test=archv2-nxm tool=conduit-v2 collector=conduit type=conduit collector=conduit type=conduit params="map[end:2026-08-02T22:44:47.580Z query:rate(conduit_connector_bytes_sum{pipeline_name=\"archv2-nxm\",type=\"source\"}[2s])/1048576 start:2026-08-02T22:44:19.579Z step:1]" stats="&{Timings:{EvalTotalTime:5.4625e-05 ResultSortTime:9.59e-07 QueryPreparationTime:8.125e-06 InnerEvalTime:4.2709e-05 ExecQueueTime:1.458e-06 ExecTotalTime:5.7167e-05} Samples:0x14001639d10}" spanID=0000000000000000
time=2026-08-02T15:44:47.580-07:00 level=WARN msg="Query returned multiple series, only first will be used" test=archv2-nxm tool=conduit-v2 collector=conduit type=conduit collector=conduit type=conduit series-count=2
time=2026-08-02T15:44:47.580-07:00 level=DEBUG msg="Query returned data" test=archv2-nxm tool=conduit-v2 collector=conduit type=conduit collector=conduit type=conduit name=msg-megabytes-in-per-second[archv2-nxm] series-count=1 last-value=0.274139404296875
time=2026-08-02T15:44:47.580-07:00 level=DEBUG msg="promql query logged" test=archv2-nxm tool=conduit-v2 collector=conduit type=conduit collector=conduit type=conduit params="map[end:2026-08-02T22:44:47.580Z query:rate(conduit_connector_bytes_sum{pipeline_name=\"archv2-nxm\",type=\"destination\"}[2s])/1048576 start:2026-08-02T22:44:19.579Z step:1]" stats="&{Timings:{EvalTotalTime:0.000116291 ResultSortTime:7.91e-07 QueryPreparationTime:1.3042e-05 InnerEvalTime:9.7291e-05 ExecQueueTime:1.791e-06 ExecTotalTime:0.000120334} Samples:0x14000f6e3f0}" spanID=0000000000000000
time=2026-08-02T15:44:47.581-07:00 level=WARN msg="Query returned multiple series, only first will be used" test=archv2-nxm tool=conduit-v2 collector=conduit type=conduit collector=conduit type=conduit series-count=2
time=2026-08-02T15:44:47.581-07:00 level=DEBUG msg="Query returned data" test=archv2-nxm tool=conduit-v2 collector=conduit type=conduit collector=conduit type=conduit name=msg-megabytes-out-per-second[archv2-nxm] series-count=1 last-value=0.5474071502685547
time=2026-08-02T15:44:47.653-07:00 level=DEBUG msg="Inspecting container" model=container-monitor name=benchi-conduit
time=2026-08-02T15:44:48.165-07:00 level=DEBUG msg="Inspecting container" model=container-monitor name=benchi-conduit
time=2026-08-02T15:44:48.580-07:00 level=DEBUG msg="promql query logged" test=archv2-nxm tool=conduit-v2 collector=conduit type=conduit collector=conduit type=conduit params="map[end:2026-08-02T22:44:48.580Z query:rate(conduit_pipeline_execution_duration_seconds_count{pipeline_name=\"archv2-nxm\"}[2s]) start:2026-08-02T22:44:19.579Z step:1]" stats="&{Timings:{EvalTotalTime:7.9e-05 ResultSortTime:5.84e-07 QueryPreparationTime:2.125e-05 InnerEvalTime:5.0583e-05 ExecQueueTime:3.166e-06 ExecTotalTime:8.5083e-05} Samples:0x140011ecae0}" spanID=0000000000000000
time=2026-08-02T15:44:48.580-07:00 level=DEBUG msg="Query returned data" test=archv2-nxm tool=conduit-v2 collector=conduit type=conduit collector=conduit type=conduit name=msg-rate-per-second[archv2-nxm] series-count=1 last-value=17585
time=2026-08-02T15:44:48.580-07:00 level=DEBUG msg="promql query logged" test=archv2-nxm tool=conduit-v2 collector=conduit type=conduit collector=conduit type=conduit params="map[end:2026-08-02T22:44:48.580Z query:rate(conduit_connector_bytes_sum{pipeline_name=\"archv2-nxm\",type=\"source\"}[2s])/1048576 start:2026-08-02T22:44:19.579Z step:1]" stats="&{Timings:{EvalTotalTime:8.6125e-05 ResultSortTime:2.375e-06 QueryPreparationTime:1.1417e-05 InnerEvalTime:6.8e-05 ExecQueueTime:1.375e-06 ExecTotalTime:8.95e-05} Samples:0x1400182b170}" spanID=0000000000000000
time=2026-08-02T15:44:48.580-07:00 level=WARN msg="Query returned multiple series, only first will be used" test=archv2-nxm tool=conduit-v2 collector=conduit type=conduit collector=conduit type=conduit series-count=2
time=2026-08-02T15:44:48.581-07:00 level=DEBUG msg="Query returned data" test=archv2-nxm tool=conduit-v2 collector=conduit type=conduit collector=conduit type=conduit name=msg-megabytes-in-per-second[archv2-nxm] series-count=1 last-value=0.2485504150390625
time=2026-08-02T15:44:48.581-07:00 level=DEBUG msg="promql query logged" test=archv2-nxm tool=conduit-v2 collector=conduit type=conduit collector=conduit type=conduit params="map[end:2026-08-02T22:44:48.581Z query:rate(conduit_connector_bytes_sum{pipeline_name=\"archv2-nxm\",type=\"destination\"}[2s])/1048576 start:2026-08-02T22:44:19.579Z step:1]" stats="&{Timings:{EvalTotalTime:7.0041e-05 ResultSortTime:7.09e-07 QueryPreparationTime:9.208e-06 InnerEvalTime:5.6417e-05 ExecQueueTime:1.166e-06 ExecTotalTime:7.3833e-05} Samples:0x140012d80f0}" spanID=0000000000000000
time=2026-08-02T15:44:48.581-07:00 level=WARN msg="Query returned multiple series, only first will be used" test=archv2-nxm tool=conduit-v2 collector=conduit type=conduit collector=conduit type=conduit series-count=2
time=2026-08-02T15:44:48.581-07:00 level=DEBUG msg="Query returned data" test=archv2-nxm tool=conduit-v2 collector=conduit type=conduit collector=conduit type=conduit name=msg-megabytes-out-per-second[archv2-nxm] series-count=1 last-value=0.49773693084716797
time=2026-08-02T15:44:48.672-07:00 level=DEBUG msg="Inspecting container" model=container-monitor name=benchi-conduit
time=2026-08-02T15:44:49.183-07:00 level=DEBUG msg="Inspecting container" model=container-monitor name=benchi-conduit
time=2026-08-02T15:44:49.580-07:00 level=INFO msg="Test in progress" test=archv2-nxm tool=conduit-v2 step=test time-left=30s
time=2026-08-02T15:44:49.580-07:00 level=DEBUG msg="promql query logged" test=archv2-nxm tool=conduit-v2 collector=conduit type=conduit collector=conduit type=conduit params="map[end:2026-08-02T22:44:49.579Z query:rate(conduit_pipeline_execution_duration_seconds_count{pipeline_name=\"archv2-nxm\"}[2s]) start:2026-08-02T22:44:19.579Z step:1]" stats="&{Timings:{EvalTotalTime:5.8e-05 ResultSortTime:4.17e-07 QueryPreparationTime:1.6125e-05 InnerEvalTime:3.6541e-05 ExecQueueTime:2.792e-06 ExecTotalTime:6.325e-05} Samples:0x140015d2ae0}" spanID=0000000000000000
time=2026-08-02T15:44:49.580-07:00 level=DEBUG msg="Query returned data" test=archv2-nxm tool=conduit-v2 collector=conduit type=conduit collector=conduit type=conduit name=msg-rate-per-second[archv2-nxm] series-count=1 last-value=18940.11976047904
time=2026-08-02T15:44:49.580-07:00 level=DEBUG msg="promql query logged" test=archv2-nxm tool=conduit-v2 collector=conduit type=conduit collector=conduit type=conduit params="map[end:2026-08-02T22:44:49.580Z query:rate(conduit_connector_bytes_sum{pipeline_name=\"archv2-nxm\",type=\"source\"}[2s])/1048576 start:2026-08-02T22:44:19.579Z step:1]" stats="&{Timings:{EvalTotalTime:8e-05 ResultSortTime:9.16e-07 QueryPreparationTime:9.875e-06 InnerEvalTime:6.5416e-05 ExecQueueTime:1.666e-06 ExecTotalTime:8.3375e-05} Samples:0x140015d31a0}" spanID=0000000000000000
time=2026-08-02T15:44:49.580-07:00 level=WARN msg="Query returned multiple series, only first will be used" test=archv2-nxm tool=conduit-v2 collector=conduit type=conduit collector=conduit type=conduit series-count=2
time=2026-08-02T15:44:49.580-07:00 level=DEBUG msg="Query returned data" test=archv2-nxm tool=conduit-v2 collector=conduit type=conduit collector=conduit type=conduit name=msg-megabytes-in-per-second[archv2-nxm] series-count=1 last-value=0.26635971373902584
time=2026-08-02T15:44:49.580-07:00 level=DEBUG msg="promql query logged" test=archv2-nxm tool=conduit-v2 collector=conduit type=conduit collector=conduit type=conduit params="map[end:2026-08-02T22:44:49.580Z query:rate(conduit_connector_bytes_sum{pipeline_name=\"archv2-nxm\",type=\"destination\"}[2s])/1048576 start:2026-08-02T22:44:19.579Z step:1]" stats="&{Timings:{EvalTotalTime:6.3875e-05 ResultSortTime:4.16e-07 QueryPreparationTime:7.458e-06 InnerEvalTime:5.2916e-05 ExecQueueTime:9.17e-07 ExecTotalTime:6.6542e-05} Samples:0x14000a5faa0}" spanID=0000000000000000
time=2026-08-02T15:44:49.580-07:00 level=WARN msg="Query returned multiple series, only first will be used" test=archv2-nxm tool=conduit-v2 collector=conduit type=conduit collector=conduit type=conduit series-count=2
time=2026-08-02T15:44:49.580-07:00 level=DEBUG msg="Query returned data" test=archv2-nxm tool=conduit-v2 collector=conduit type=conduit collector=conduit type=conduit name=msg-megabytes-out-per-second[archv2-nxm] series-count=1 last-value=0.5349532334866399
time=2026-08-02T15:44:49.688-07:00 level=DEBUG msg="Inspecting container" model=container-monitor name=benchi-conduit
time=2026-08-02T15:44:50.193-07:00 level=DEBUG msg="Inspecting container" model=container-monitor name=benchi-conduit
time=2026-08-02T15:44:50.580-07:00 level=DEBUG msg="promql query logged" test=archv2-nxm tool=conduit-v2 collector=conduit type=conduit collector=conduit type=conduit params="map[end:2026-08-02T22:44:50.580Z query:rate(conduit_pipeline_execution_duration_seconds_count{pipeline_name=\"archv2-nxm\"}[2s]) start:2026-08-02T22:44:19.579Z step:1]" stats="&{Timings:{EvalTotalTime:9.8292e-05 ResultSortTime:5.84e-07 QueryPreparationTime:2.5541e-05 InnerEvalTime:6.5708e-05 ExecQueueTime:3.208e-06 ExecTotalTime:0.000104167} Samples:0x14001a33410}" spanID=0000000000000000
time=2026-08-02T15:44:50.580-07:00 level=DEBUG msg="Query returned data" test=archv2-nxm tool=conduit-v2 collector=conduit type=conduit collector=conduit type=conduit name=msg-rate-per-second[archv2-nxm] series-count=1 last-value=17605.210420841682
time=2026-08-02T15:44:50.581-07:00 level=DEBUG msg="promql query logged" test=archv2-nxm tool=conduit-v2 collector=conduit type=conduit collector=conduit type=conduit params="map[end:2026-08-02T22:44:50.581Z query:rate(conduit_connector_bytes_sum{pipeline_name=\"archv2-nxm\",type=\"source\"}[2s])/1048576 start:2026-08-02T22:44:19.579Z step:1]" stats="&{Timings:{EvalTotalTime:8.0459e-05 ResultSortTime:1.375e-06 QueryPreparationTime:1.0583e-05 InnerEvalTime:6.5542e-05 ExecQueueTime:1.125e-06 ExecTotalTime:8.3167e-05} Samples:0x14001a33ad0}" spanID=0000000000000000
time=2026-08-02T15:44:50.581-07:00 level=WARN msg="Query returned multiple series, only first will be used" test=archv2-nxm tool=conduit-v2 collector=conduit type=conduit collector=conduit type=conduit series-count=2
time=2026-08-02T15:44:50.581-07:00 level=DEBUG msg="Query returned data" test=archv2-nxm tool=conduit-v2 collector=conduit type=conduit collector=conduit type=conduit name=msg-megabytes-in-per-second[archv2-nxm] series-count=1 last-value=0.24896728729676146
time=2026-08-02T15:44:50.581-07:00 level=DEBUG msg="promql query logged" test=archv2-nxm tool=conduit-v2 collector=conduit type=conduit collector=conduit type=conduit params="map[end:2026-08-02T22:44:50.581Z query:rate(conduit_connector_bytes_sum{pipeline_name=\"archv2-nxm\",type=\"destination\"}[2s])/1048576 start:2026-08-02T22:44:19.579Z step:1]" stats="&{Timings:{EvalTotalTime:8.6083e-05 ResultSortTime:5.83e-07 QueryPreparationTime:1.2625e-05 InnerEvalTime:6.8417e-05 ExecQueueTime:1.709e-06 ExecTotalTime:9.275e-05} Samples:0x1400154e690}" spanID=0000000000000000
time=2026-08-02T15:44:50.581-07:00 level=WARN msg="Query returned multiple series, only first will be used" test=archv2-nxm tool=conduit-v2 collector=conduit type=conduit collector=conduit type=conduit series-count=2
time=2026-08-02T15:44:50.581-07:00 level=DEBUG msg="Query returned data" test=archv2-nxm tool=conduit-v2 collector=conduit type=conduit collector=conduit type=conduit name=msg-megabytes-out-per-second[archv2-nxm] series-count=1 last-value=0.49748067148701697
time=2026-08-02T15:44:50.699-07:00 level=DEBUG msg="Inspecting container" model=container-monitor name=benchi-conduit
time=2026-08-02T15:44:51.210-07:00 level=DEBUG msg="Inspecting container" model=container-monitor name=benchi-conduit
time=2026-08-02T15:44:51.581-07:00 level=DEBUG msg="promql query logged" test=archv2-nxm tool=conduit-v2 collector=conduit type=conduit collector=conduit type=conduit params="map[end:2026-08-02T22:44:51.581Z query:rate(conduit_pipeline_execution_duration_seconds_count{pipeline_name=\"archv2-nxm\"}[2s]) start:2026-08-02T22:44:19.579Z step:1]" stats="&{Timings:{EvalTotalTime:5.45e-05 ResultSortTime:3.75e-07 QueryPreparationTime:1.3917e-05 InnerEvalTime:3.5708e-05 ExecQueueTime:2.333e-06 ExecTotalTime:5.9792e-05} Samples:0x14001601740}" spanID=0000000000000000
time=2026-08-02T15:44:51.581-07:00 level=DEBUG msg="Query returned data" test=archv2-nxm tool=conduit-v2 collector=conduit type=conduit collector=conduit type=conduit name=msg-rate-per-second[archv2-nxm] series-count=1 last-value=19247
time=2026-08-02T15:44:51.582-07:00 level=DEBUG msg="promql query logged" test=archv2-nxm tool=conduit-v2 collector=conduit type=conduit collector=conduit type=conduit params="map[end:2026-08-02T22:44:51.581Z query:rate(conduit_connector_bytes_sum{pipeline_name=\"archv2-nxm\",type=\"source\"}[2s])/1048576 start:2026-08-02T22:44:19.579Z step:1]" stats="&{Timings:{EvalTotalTime:6.0917e-05 ResultSortTime:9.17e-07 QueryPreparationTime:8.875e-06 InnerEvalTime:4.7709e-05 ExecQueueTime:1.542e-06 ExecTotalTime:6.3917e-05} Samples:0x14001601e00}" spanID=0000000000000000
time=2026-08-02T15:44:51.582-07:00 level=WARN msg="Query returned multiple series, only first will be used" test=archv2-nxm tool=conduit-v2 collector=conduit type=conduit collector=conduit type=conduit series-count=2
time=2026-08-02T15:44:51.582-07:00 level=DEBUG msg="Query returned data" test=archv2-nxm tool=conduit-v2 collector=conduit type=conduit collector=conduit type=conduit name=msg-megabytes-in-per-second[archv2-nxm] series-count=1 last-value=0.2710905075073242
time=2026-08-02T15:44:51.582-07:00 level=DEBUG msg="promql query logged" test=archv2-nxm tool=conduit-v2 collector=conduit type=conduit collector=conduit type=conduit params="map[end:2026-08-02T22:44:51.582Z query:rate(conduit_connector_bytes_sum{pipeline_name=\"archv2-nxm\",type=\"destination\"}[2s])/1048576 start:2026-08-02T22:44:19.579Z step:1]" stats="&{Timings:{EvalTotalTime:0.0001515 ResultSortTime:7.5e-07 QueryPreparationTime:7.5459e-05 InnerEvalTime:6.9875e-05 ExecQueueTime:2e-06 ExecTotalTime:0.000155708} Samples:0x1400172a720}" spanID=0000000000000000
time=2026-08-02T15:44:51.582-07:00 level=WARN msg="Query returned multiple series, only first will be used" test=archv2-nxm tool=conduit-v2 collector=conduit type=conduit collector=conduit type=conduit series-count=2
time=2026-08-02T15:44:51.582-07:00 level=DEBUG msg="Query returned data" test=archv2-nxm tool=conduit-v2 collector=conduit type=conduit collector=conduit type=conduit name=msg-megabytes-out-per-second[archv2-nxm] series-count=1 last-value=0.5432415008544922
time=2026-08-02T15:44:51.714-07:00 level=DEBUG msg="Inspecting container" model=container-monitor name=benchi-conduit
time=2026-08-02T15:44:52.219-07:00 level=DEBUG msg="Inspecting container" model=container-monitor name=benchi-conduit
time=2026-08-02T15:44:52.581-07:00 level=DEBUG msg="promql query logged" test=archv2-nxm tool=conduit-v2 collector=conduit type=conduit collector=conduit type=conduit params="map[end:2026-08-02T22:44:52.581Z query:rate(conduit_pipeline_execution_duration_seconds_count{pipeline_name=\"archv2-nxm\"}[2s]) start:2026-08-02T22:44:19.579Z step:1]" stats="&{Timings:{EvalTotalTime:0.00014275 ResultSortTime:7.91e-07 QueryPreparationTime:2.025e-05 InnerEvalTime:0.000111542 ExecQueueTime:3.375e-06 ExecTotalTime:0.000150416} Samples:0x14001655590}" spanID=0000000000000000
time=2026-08-02T15:44:52.581-07:00 level=DEBUG msg="Query returned data" test=archv2-nxm tool=conduit-v2 collector=conduit type=conduit collector=conduit type=conduit name=msg-rate-per-second[archv2-nxm] series-count=1 last-value=19593
time=2026-08-02T15:44:52.582-07:00 level=DEBUG msg="promql query logged" test=archv2-nxm tool=conduit-v2 collector=conduit type=conduit collector=conduit type=conduit params="map[end:2026-08-02T22:44:52.581Z query:rate(conduit_connector_bytes_sum{pipeline_name=\"archv2-nxm\",type=\"source\"}[2s])/1048576 start:2026-08-02T22:44:19.579Z step:1]" stats="&{Timings:{EvalTotalTime:9.9833e-05 ResultSortTime:1.208e-06 QueryPreparationTime:1.3042e-05 InnerEvalTime:8.0667e-05 ExecQueueTime:1.3708e-05 ExecTotalTime:0.000121708} Samples:0x14001655c50}" spanID=0000000000000000
time=2026-08-02T15:44:52.582-07:00 level=WARN msg="Query returned multiple series, only first will be used" test=archv2-nxm tool=conduit-v2 collector=conduit type=conduit collector=conduit type=conduit series-count=2
time=2026-08-02T15:44:52.582-07:00 level=DEBUG msg="Query returned data" test=archv2-nxm tool=conduit-v2 collector=conduit type=conduit collector=conduit type=conduit name=msg-megabytes-in-per-second[archv2-nxm] series-count=1 last-value=0.27670955657958984
time=2026-08-02T15:44:52.582-07:00 level=DEBUG msg="promql query logged" test=archv2-nxm tool=conduit-v2 collector=conduit type=conduit collector=conduit type=conduit params="map[end:2026-08-02T22:44:52.582Z query:rate(conduit_connector_bytes_sum{pipeline_name=\"archv2-nxm\",type=\"destination\"}[2s])/1048576 start:2026-08-02T22:44:19.579Z step:1]" stats="&{Timings:{EvalTotalTime:8.325e-05 ResultSortTime:6.67e-07 QueryPreparationTime:9.625e-06 InnerEvalTime:6.8292e-05 ExecQueueTime:1.042e-06 ExecTotalTime:8.6709e-05} Samples:0x14001774a80}" spanID=0000000000000000
time=2026-08-02T15:44:52.582-07:00 level=WARN msg="Query returned multiple series, only first will be used" test=archv2-nxm tool=conduit-v2 collector=conduit type=conduit collector=conduit type=conduit series-count=2
time=2026-08-02T15:44:52.582-07:00 level=DEBUG msg="Query returned data" test=archv2-nxm tool=conduit-v2 collector=conduit type=conduit collector=conduit type=conduit name=msg-megabytes-out-per-second[archv2-nxm] series-count=1 last-value=0.5543069839477539
time=2026-08-02T15:44:52.727-07:00 level=DEBUG msg="Inspecting container" model=container-monitor name=benchi-conduit
time=2026-08-02T15:44:53.242-07:00 level=DEBUG msg="Inspecting container" model=container-monitor name=benchi-conduit
time=2026-08-02T15:44:53.581-07:00 level=DEBUG msg="promql query logged" test=archv2-nxm tool=conduit-v2 collector=conduit type=conduit collector=conduit type=conduit params="map[end:2026-08-02T22:44:53.581Z query:rate(conduit_pipeline_execution_duration_seconds_count{pipeline_name=\"archv2-nxm\"}[2s]) start:2026-08-02T22:44:19.579Z step:1]" stats="&{Timings:{EvalTotalTime:5.5041e-05 ResultSortTime:2.92e-07 QueryPreparationTime:1.5166e-05 InnerEvalTime:3.4625e-05 ExecQueueTime:2.542e-06 ExecTotalTime:5.9958e-05} Samples:0x14001836ff0}" spanID=0000000000000000
time=2026-08-02T15:44:53.581-07:00 level=DEBUG msg="Query returned data" test=archv2-nxm tool=conduit-v2 collector=conduit type=conduit collector=conduit type=conduit name=msg-rate-per-second[archv2-nxm] series-count=1 last-value=18346
time=2026-08-02T15:44:53.581-07:00 level=DEBUG msg="promql query logged" test=archv2-nxm tool=conduit-v2 collector=conduit type=conduit collector=conduit type=conduit params="map[end:2026-08-02T22:44:53.581Z query:rate(conduit_connector_bytes_sum{pipeline_name=\"archv2-nxm\",type=\"source\"}[2s])/1048576 start:2026-08-02T22:44:19.579Z step:1]" stats="&{Timings:{EvalTotalTime:7.9166e-05 ResultSortTime:8.75e-07 QueryPreparationTime:1.2042e-05 InnerEvalTime:6.3e-05 ExecQueueTime:8.33e-07 ExecTotalTime:8.1667e-05} Samples:0x140018376b0}" spanID=0000000000000000
time=2026-08-02T15:44:53.581-07:00 level=WARN msg="Query returned multiple series, only first will be used" test=archv2-nxm tool=conduit-v2 collector=conduit type=conduit collector=conduit type=conduit series-count=2
time=2026-08-02T15:44:53.581-07:00 level=DEBUG msg="Query returned data" test=archv2-nxm tool=conduit-v2 collector=conduit type=conduit collector=conduit type=conduit name=msg-megabytes-in-per-second[archv2-nxm] series-count=1 last-value=0.2587404251098633
time=2026-08-02T15:44:53.581-07:00 level=DEBUG msg="promql query logged" test=archv2-nxm tool=conduit-v2 collector=conduit type=conduit collector=conduit type=conduit params="map[end:2026-08-02T22:44:53.581Z query:rate(conduit_connector_bytes_sum{pipeline_name=\"archv2-nxm\",type=\"destination\"}[2s])/1048576 start:2026-08-02T22:44:19.579Z step:1]" stats="&{Timings:{EvalTotalTime:7.1542e-05 ResultSortTime:3.75e-07 QueryPreparationTime:8.167e-06 InnerEvalTime:5.925e-05 ExecQueueTime:1.083e-06 ExecTotalTime:7.4625e-05} Samples:0x140017bd440}" spanID=0000000000000000
time=2026-08-02T15:44:53.581-07:00 level=WARN msg="Query returned multiple series, only first will be used" test=archv2-nxm tool=conduit-v2 collector=conduit type=conduit collector=conduit type=conduit series-count=2
time=2026-08-02T15:44:53.581-07:00 level=DEBUG msg="Query returned data" test=archv2-nxm tool=conduit-v2 collector=conduit type=conduit collector=conduit type=conduit name=msg-megabytes-out-per-second[archv2-nxm] series-count=1 last-value=0.5190057754516602
time=2026-08-02T15:44:53.748-07:00 level=DEBUG msg="Inspecting container" model=container-monitor name=benchi-conduit
time=2026-08-02T15:44:54.254-07:00 level=DEBUG msg="Inspecting container" model=container-monitor name=benchi-conduit
time=2026-08-02T15:44:54.581-07:00 level=INFO msg="Test in progress" test=archv2-nxm tool=conduit-v2 step=test time-left=25s
time=2026-08-02T15:44:54.581-07:00 level=DEBUG msg="promql query logged" test=archv2-nxm tool=conduit-v2 collector=conduit type=conduit collector=conduit type=conduit params="map[end:2026-08-02T22:44:54.580Z query:rate(conduit_pipeline_execution_duration_seconds_count{pipeline_name=\"archv2-nxm\"}[2s]) start:2026-08-02T22:44:19.579Z step:1]" stats="&{Timings:{EvalTotalTime:4.9875e-05 ResultSortTime:3.75e-07 QueryPreparationTime:1.4083e-05 InnerEvalTime:3.0583e-05 ExecQueueTime:2.292e-06 ExecTotalTime:5.4584e-05} Samples:0x1400198bcb0}" spanID=0000000000000000
time=2026-08-02T15:44:54.581-07:00 level=DEBUG msg="Query returned data" test=archv2-nxm tool=conduit-v2 collector=conduit type=conduit collector=conduit type=conduit name=msg-rate-per-second[archv2-nxm] series-count=1 last-value=19043
time=2026-08-02T15:44:54.581-07:00 level=DEBUG msg="promql query logged" test=archv2-nxm tool=conduit-v2 collector=conduit type=conduit collector=conduit type=conduit params="map[end:2026-08-02T22:44:54.581Z query:rate(conduit_connector_bytes_sum{pipeline_name=\"archv2-nxm\",type=\"source\"}[2s])/1048576 start:2026-08-02T22:44:19.579Z step:1]" stats="&{Timings:{EvalTotalTime:7.7916e-05 ResultSortTime:6.67e-07 QueryPreparationTime:6.25e-06 InnerEvalTime:6.0084e-05 ExecQueueTime:7.92e-07 ExecTotalTime:8.0292e-05} Samples:0x140019dc3f0}" spanID=0000000000000000
time=2026-08-02T15:44:54.581-07:00 level=WARN msg="Query returned multiple series, only first will be used" test=archv2-nxm tool=conduit-v2 collector=conduit type=conduit collector=conduit type=conduit series-count=2
time=2026-08-02T15:44:54.581-07:00 level=DEBUG msg="Query returned data" test=archv2-nxm tool=conduit-v2 collector=conduit type=conduit collector=conduit type=conduit name=msg-megabytes-in-per-second[archv2-nxm] series-count=1 last-value=0.27055931091308594
time=2026-08-02T15:44:54.584-07:00 level=DEBUG msg="promql query logged" test=archv2-nxm tool=conduit-v2 collector=conduit type=conduit collector=conduit type=conduit params="map[end:2026-08-02T22:44:54.581Z query:rate(conduit_connector_bytes_sum{pipeline_name=\"archv2-nxm\",type=\"destination\"}[2s])/1048576 start:2026-08-02T22:44:19.579Z step:1]" stats="&{Timings:{EvalTotalTime:0.002815125 ResultSortTime:1.084e-06 QueryPreparationTime:7.958e-06 InnerEvalTime:0.002512375 ExecQueueTime:9.17e-07 ExecTotalTime:0.002819791} Samples:0x1400194b350}" spanID=0000000000000000
time=2026-08-02T15:44:54.584-07:00 level=WARN msg="Query returned multiple series, only first will be used" test=archv2-nxm tool=conduit-v2 collector=conduit type=conduit collector=conduit type=conduit series-count=2
time=2026-08-02T15:44:54.584-07:00 level=DEBUG msg="Query returned data" test=archv2-nxm tool=conduit-v2 collector=conduit type=conduit collector=conduit type=conduit name=msg-megabytes-out-per-second[archv2-nxm] series-count=1 last-value=0.5393495559692383
time=2026-08-02T15:44:54.759-07:00 level=DEBUG msg="Inspecting container" model=container-monitor name=benchi-conduit
time=2026-08-02T15:44:55.267-07:00 level=DEBUG msg="Inspecting container" model=container-monitor name=benchi-conduit
time=2026-08-02T15:44:55.580-07:00 level=DEBUG msg="promql query logged" test=archv2-nxm tool=conduit-v2 collector=conduit type=conduit collector=conduit type=conduit params="map[end:2026-08-02T22:44:55.580Z query:rate(conduit_pipeline_execution_duration_seconds_count{pipeline_name=\"archv2-nxm\"}[2s]) start:2026-08-02T22:44:19.579Z step:1]" stats="&{Timings:{EvalTotalTime:5.6958e-05 ResultSortTime:5.42e-07 QueryPreparationTime:1.7084e-05 InnerEvalTime:3.4208e-05 ExecQueueTime:2.375e-06 ExecTotalTime:6.2042e-05} Samples:0x140016a28d0}" spanID=0000000000000000
time=2026-08-02T15:44:55.580-07:00 level=DEBUG msg="Query returned data" test=archv2-nxm tool=conduit-v2 collector=conduit type=conduit collector=conduit type=conduit name=msg-rate-per-second[archv2-nxm] series-count=1 last-value=19210
time=2026-08-02T15:44:55.580-07:00 level=DEBUG msg="promql query logged" test=archv2-nxm tool=conduit-v2 collector=conduit type=conduit collector=conduit type=conduit params="map[end:2026-08-02T22:44:55.580Z query:rate(conduit_connector_bytes_sum{pipeline_name=\"archv2-nxm\",type=\"source\"}[2s])/1048576 start:2026-08-02T22:44:19.579Z step:1]" stats="&{Timings:{EvalTotalTime:7.3625e-05 ResultSortTime:8.75e-07 QueryPreparationTime:7.166e-06 InnerEvalTime:6.2125e-05 ExecQueueTime:1e-06 ExecTotalTime:7.6e-05} Samples:0x140016a2f90}" spanID=0000000000000000
time=2026-08-02T15:44:55.580-07:00 level=WARN msg="Query returned multiple series, only first will be used" test=archv2-nxm tool=conduit-v2 collector=conduit type=conduit collector=conduit type=conduit series-count=2
time=2026-08-02T15:44:55.580-07:00 level=DEBUG msg="Query returned data" test=archv2-nxm tool=conduit-v2 collector=conduit type=conduit collector=conduit type=conduit name=msg-megabytes-in-per-second[archv2-nxm] series-count=1 last-value=0.2727785110473633
time=2026-08-02T15:44:55.580-07:00 level=DEBUG msg="promql query logged" test=archv2-nxm tool=conduit-v2 collector=conduit type=conduit collector=conduit type=conduit params="map[end:2026-08-02T22:44:55.580Z query:rate(conduit_connector_bytes_sum{pipeline_name=\"archv2-nxm\",type=\"destination\"}[2s])/1048576 start:2026-08-02T22:44:19.579Z step:1]" stats="&{Timings:{EvalTotalTime:7.8916e-05 ResultSortTime:5e-07 QueryPreparationTime:8.833e-06 InnerEvalTime:6.5667e-05 ExecQueueTime:1.293e-06 ExecTotalTime:8.2292e-05} Samples:0x140018a1ce0}" spanID=0000000000000000
time=2026-08-02T15:44:55.581-07:00 level=WARN msg="Query returned multiple series, only first will be used" test=archv2-nxm tool=conduit-v2 collector=conduit type=conduit collector=conduit type=conduit series-count=2
time=2026-08-02T15:44:55.581-07:00 level=DEBUG msg="Query returned data" test=archv2-nxm tool=conduit-v2 collector=conduit type=conduit collector=conduit type=conduit name=msg-megabytes-out-per-second[archv2-nxm] series-count=1 last-value=0.542607307434082
time=2026-08-02T15:44:55.776-07:00 level=DEBUG msg="Inspecting container" model=container-monitor name=benchi-conduit
time=2026-08-02T15:44:56.281-07:00 level=DEBUG msg="Inspecting container" model=container-monitor name=benchi-conduit
time=2026-08-02T15:44:56.581-07:00 level=DEBUG msg="promql query logged" test=archv2-nxm tool=conduit-v2 collector=conduit type=conduit collector=conduit type=conduit params="map[end:2026-08-02T22:44:56.581Z query:rate(conduit_pipeline_execution_duration_seconds_count{pipeline_name=\"archv2-nxm\"}[2s]) start:2026-08-02T22:44:19.579Z step:1]" stats="&{Timings:{EvalTotalTime:5.3417e-05 ResultSortTime:3.75e-07 QueryPreparationTime:1.45e-05 InnerEvalTime:3.3833e-05 ExecQueueTime:2.125e-06 ExecTotalTime:5.8375e-05} Samples:0x140009f5e00}" spanID=0000000000000000
time=2026-08-02T15:44:56.582-07:00 level=DEBUG msg="Query returned data" test=archv2-nxm tool=conduit-v2 collector=conduit type=conduit collector=conduit type=conduit name=msg-rate-per-second[archv2-nxm] series-count=1 last-value=18704
time=2026-08-02T15:44:56.582-07:00 level=DEBUG msg="promql query logged" test=archv2-nxm tool=conduit-v2 collector=conduit type=conduit collector=conduit type=conduit params="map[end:2026-08-02T22:44:56.582Z query:rate(conduit_connector_bytes_sum{pipeline_name=\"archv2-nxm\",type=\"source\"}[2s])/1048576 start:2026-08-02T22:44:19.579Z step:1]" stats="&{Timings:{EvalTotalTime:5.9417e-05 ResultSortTime:7.09e-07 QueryPreparationTime:7.75e-06 InnerEvalTime:4.7625e-05 ExecQueueTime:1.249e-06 ExecTotalTime:6.2083e-05} Samples:0x14001286540}" spanID=0000000000000000
time=2026-08-02T15:44:56.582-07:00 level=WARN msg="Query returned multiple series, only first will be used" test=archv2-nxm tool=conduit-v2 collector=conduit type=conduit collector=conduit type=conduit series-count=2
time=2026-08-02T15:44:56.582-07:00 level=DEBUG msg="Query returned data" test=archv2-nxm tool=conduit-v2 collector=conduit type=conduit collector=conduit type=conduit name=msg-megabytes-in-per-second[archv2-nxm] series-count=1 last-value=0.26343441009521484
time=2026-08-02T15:44:56.582-07:00 level=DEBUG msg="promql query logged" test=archv2-nxm tool=conduit-v2 collector=conduit type=conduit collector=conduit type=conduit params="map[end:2026-08-02T22:44:56.582Z query:rate(conduit_connector_bytes_sum{pipeline_name=\"archv2-nxm\",type=\"destination\"}[2s])/1048576 start:2026-08-02T22:44:19.579Z step:1]" stats="&{Timings:{EvalTotalTime:8.4833e-05 ResultSortTime:7.92e-07 QueryPreparationTime:1.0084e-05 InnerEvalTime:6.925e-05 ExecQueueTime:1.416e-06 ExecTotalTime:8.8292e-05} Samples:0x14001124450}" spanID=0000000000000000
time=2026-08-02T15:44:56.582-07:00 level=WARN msg="Query returned multiple series, only first will be used" test=archv2-nxm tool=conduit-v2 collector=conduit type=conduit collector=conduit type=conduit series-count=2
time=2026-08-02T15:44:56.582-07:00 level=DEBUG msg="Query returned data" test=archv2-nxm tool=conduit-v2 collector=conduit type=conduit collector=conduit type=conduit name=msg-megabytes-out-per-second[archv2-nxm] series-count=1 last-value=0.5287532806396484
time=2026-08-02T15:44:56.786-07:00 level=DEBUG msg="Inspecting container" model=container-monitor name=benchi-conduit
time=2026-08-02T15:44:57.306-07:00 level=DEBUG msg="Inspecting container" model=container-monitor name=benchi-conduit
time=2026-08-02T15:44:57.580-07:00 level=DEBUG msg="promql query logged" test=archv2-nxm tool=conduit-v2 collector=conduit type=conduit collector=conduit type=conduit params="map[end:2026-08-02T22:44:57.580Z query:rate(conduit_pipeline_execution_duration_seconds_count{pipeline_name=\"archv2-nxm\"}[2s]) start:2026-08-02T22:44:19.579Z step:1]" stats="&{Timings:{EvalTotalTime:5.9708e-05 ResultSortTime:4.58e-07 QueryPreparationTime:1.6667e-05 InnerEvalTime:3.7333e-05 ExecQueueTime:2.5e-06 ExecTotalTime:6.5875e-05} Samples:0x14001912390}" spanID=0000000000000000
time=2026-08-02T15:44:57.580-07:00 level=DEBUG msg="Query returned data" test=archv2-nxm tool=conduit-v2 collector=conduit type=conduit collector=conduit type=conduit name=msg-rate-per-second[archv2-nxm] series-count=1 last-value=18630.10967098704
time=2026-08-02T15:44:57.580-07:00 level=DEBUG msg="promql query logged" test=archv2-nxm tool=conduit-v2 collector=conduit type=conduit collector=conduit type=conduit params="map[end:2026-08-02T22:44:57.580Z query:rate(conduit_connector_bytes_sum{pipeline_name=\"archv2-nxm\",type=\"source\"}[2s])/1048576 start:2026-08-02T22:44:19.579Z step:1]" stats="&{Timings:{EvalTotalTime:8.6375e-05 ResultSortTime:9.59e-07 QueryPreparationTime:9.291e-06 InnerEvalTime:7.1792e-05 ExecQueueTime:1.083e-06 ExecTotalTime:8.9833e-05} Samples:0x14001912b40}" spanID=0000000000000000
time=2026-08-02T15:44:57.580-07:00 level=WARN msg="Query returned multiple series, only first will be used" test=archv2-nxm tool=conduit-v2 collector=conduit type=conduit collector=conduit type=conduit series-count=2
time=2026-08-02T15:44:57.580-07:00 level=DEBUG msg="Query returned data" test=archv2-nxm tool=conduit-v2 collector=conduit type=conduit collector=conduit type=conduit name=msg-megabytes-in-per-second[archv2-nxm] series-count=1 last-value=0.26246866699705573
time=2026-08-02T15:44:57.580-07:00 level=DEBUG msg="promql query logged" test=archv2-nxm tool=conduit-v2 collector=conduit type=conduit collector=conduit type=conduit params="map[end:2026-08-02T22:44:57.580Z query:rate(conduit_connector_bytes_sum{pipeline_name=\"archv2-nxm\",type=\"destination\"}[2s])/1048576 start:2026-08-02T22:44:19.579Z step:1]" stats="&{Timings:{EvalTotalTime:7.2833e-05 ResultSortTime:5e-07 QueryPreparationTime:7.334e-06 InnerEvalTime:6.1834e-05 ExecQueueTime:9.17e-07 ExecTotalTime:7.5375e-05} Samples:0x14001766cf0}" spanID=0000000000000000
time=2026-08-02T15:44:57.580-07:00 level=WARN msg="Query returned multiple series, only first will be used" test=archv2-nxm tool=conduit-v2 collector=conduit type=conduit collector=conduit type=conduit series-count=2
time=2026-08-02T15:44:57.580-07:00 level=DEBUG msg="Query returned data" test=archv2-nxm tool=conduit-v2 collector=conduit type=conduit collector=conduit type=conduit name=msg-megabytes-out-per-second[archv2-nxm] series-count=1 last-value=0.5261562876069059
time=2026-08-02T15:44:57.813-07:00 level=DEBUG msg="Inspecting container" model=container-monitor name=benchi-conduit
time=2026-08-02T15:44:58.320-07:00 level=DEBUG msg="Inspecting container" model=container-monitor name=benchi-conduit
time=2026-08-02T15:44:58.583-07:00 level=DEBUG msg="promql query logged" test=archv2-nxm tool=conduit-v2 collector=conduit type=conduit collector=conduit type=conduit params="map[end:2026-08-02T22:44:58.582Z query:rate(conduit_pipeline_execution_duration_seconds_count{pipeline_name=\"archv2-nxm\"}[2s]) start:2026-08-02T22:44:19.579Z step:1]" stats="&{Timings:{EvalTotalTime:0.000173333 ResultSortTime:5.41e-07 QueryPreparationTime:2.3291e-05 InnerEvalTime:0.000117916 ExecQueueTime:3.084e-06 ExecTotalTime:0.000179916} Samples:0x14001767440}" spanID=0000000000000000
time=2026-08-02T15:44:58.583-07:00 level=DEBUG msg="Query returned data" test=archv2-nxm tool=conduit-v2 collector=conduit type=conduit collector=conduit type=conduit name=msg-rate-per-second[archv2-nxm] series-count=1 last-value=19160.481444333
time=2026-08-02T15:44:58.583-07:00 level=DEBUG msg="promql query logged" test=archv2-nxm tool=conduit-v2 collector=conduit type=conduit collector=conduit type=conduit params="map[end:2026-08-02T22:44:58.583Z query:rate(conduit_connector_bytes_sum{pipeline_name=\"archv2-nxm\",type=\"source\"}[2s])/1048576 start:2026-08-02T22:44:19.579Z step:1]" stats="&{Timings:{EvalTotalTime:6.0167e-05 ResultSortTime:7.92e-07 QueryPreparationTime:8.375e-06 InnerEvalTime:4.875e-05 ExecQueueTime:1.292e-06 ExecTotalTime:6.1875e-05} Samples:0x14001767b00}" spanID=0000000000000000
time=2026-08-02T15:44:58.583-07:00 level=WARN msg="Query returned multiple series, only first will be used" test=archv2-nxm tool=conduit-v2 collector=conduit type=conduit collector=conduit type=conduit series-count=2
time=2026-08-02T15:44:58.583-07:00 level=DEBUG msg="Query returned data" test=archv2-nxm tool=conduit-v2 collector=conduit type=conduit collector=conduit type=conduit name=msg-megabytes-in-per-second[archv2-nxm] series-count=1 last-value=0.2686138019160019
time=2026-08-02T15:44:58.583-07:00 level=DEBUG msg="promql query logged" test=archv2-nxm tool=conduit-v2 collector=conduit type=conduit collector=conduit type=conduit params="map[end:2026-08-02T22:44:58.583Z query:rate(conduit_connector_bytes_sum{pipeline_name=\"archv2-nxm\",type=\"destination\"}[2s])/1048576 start:2026-08-02T22:44:19.579Z step:1]" stats="&{Timings:{EvalTotalTime:9.9333e-05 ResultSortTime:7.92e-07 QueryPreparationTime:1.1959e-05 InnerEvalTime:8.1209e-05 ExecQueueTime:3.666e-06 ExecTotalTime:0.00010425} Samples:0x14000eada40}" spanID=0000000000000000
time=2026-08-02T15:44:58.583-07:00 level=WARN msg="Query returned multiple series, only first will be used" test=archv2-nxm tool=conduit-v2 collector=conduit type=conduit collector=conduit type=conduit series-count=2
time=2026-08-02T15:44:58.583-07:00 level=DEBUG msg="Query returned data" test=archv2-nxm tool=conduit-v2 collector=conduit type=conduit collector=conduit type=conduit name=msg-megabytes-out-per-second[archv2-nxm] series-count=1 last-value=0.5411503905637812
time=2026-08-02T15:44:58.828-07:00 level=DEBUG msg="Inspecting container" model=container-monitor name=benchi-conduit
time=2026-08-02T15:44:59.333-07:00 level=DEBUG msg="Inspecting container" model=container-monitor name=benchi-conduit
time=2026-08-02T15:44:59.581-07:00 level=INFO msg="Test in progress" test=archv2-nxm tool=conduit-v2 step=test time-left=20s
time=2026-08-02T15:44:59.581-07:00 level=DEBUG msg="promql query logged" test=archv2-nxm tool=conduit-v2 collector=conduit type=conduit collector=conduit type=conduit params="map[end:2026-08-02T22:44:59.581Z query:rate(conduit_pipeline_execution_duration_seconds_count{pipeline_name=\"archv2-nxm\"}[2s]) start:2026-08-02T22:44:19.579Z step:1]" stats="&{Timings:{EvalTotalTime:8.7125e-05 ResultSortTime:5.84e-07 QueryPreparationTime:2.4875e-05 InnerEvalTime:5.3791e-05 ExecQueueTime:4.125e-06 ExecTotalTime:9.5083e-05} Samples:0x140015d3290}" spanID=0000000000000000
time=2026-08-02T15:44:59.581-07:00 level=DEBUG msg="Query returned data" test=archv2-nxm tool=conduit-v2 collector=conduit type=conduit collector=conduit type=conduit name=msg-rate-per-second[archv2-nxm] series-count=1 last-value=18411
time=2026-08-02T15:44:59.581-07:00 level=DEBUG msg="promql query logged" test=archv2-nxm tool=conduit-v2 collector=conduit type=conduit collector=conduit type=conduit params="map[end:2026-08-02T22:44:59.581Z query:rate(conduit_connector_bytes_sum{pipeline_name=\"archv2-nxm\",type=\"source\"}[2s])/1048576 start:2026-08-02T22:44:19.579Z step:1]" stats="&{Timings:{EvalTotalTime:0.000114041 ResultSortTime:1.75e-06 QueryPreparationTime:1.6917e-05 InnerEvalTime:9e-05 ExecQueueTime:1.376e-06 ExecTotalTime:0.000121708} Samples:0x140015d3950}" spanID=0000000000000000
time=2026-08-02T15:44:59.582-07:00 level=WARN msg="Query returned multiple series, only first will be used" test=archv2-nxm tool=conduit-v2 collector=conduit type=conduit collector=conduit type=conduit series-count=2
time=2026-08-02T15:44:59.582-07:00 level=DEBUG msg="Query returned data" test=archv2-nxm tool=conduit-v2 collector=conduit type=conduit collector=conduit type=conduit name=msg-megabytes-in-per-second[archv2-nxm] series-count=1 last-value=0.26044559478759766
time=2026-08-02T15:44:59.582-07:00 level=DEBUG msg="promql query logged" test=archv2-nxm tool=conduit-v2 collector=conduit type=conduit collector=conduit type=conduit params="map[end:2026-08-02T22:44:59.582Z query:rate(conduit_connector_bytes_sum{pipeline_name=\"archv2-nxm\",type=\"destination\"}[2s])/1048576 start:2026-08-02T22:44:19.579Z step:1]" stats="&{Timings:{EvalTotalTime:0.000100708 ResultSortTime:1e-06 QueryPreparationTime:1.3584e-05 InnerEvalTime:8.0667e-05 ExecQueueTime:1.667e-06 ExecTotalTime:0.000105042} Samples:0x14000a5e6c0}" spanID=0000000000000000
time=2026-08-02T15:44:59.582-07:00 level=WARN msg="Query returned multiple series, only first will be used" test=archv2-nxm tool=conduit-v2 collector=conduit type=conduit collector=conduit type=conduit series-count=2
time=2026-08-02T15:44:59.582-07:00 level=DEBUG msg="Query returned data" test=archv2-nxm tool=conduit-v2 collector=conduit type=conduit collector=conduit type=conduit name=msg-megabytes-out-per-second[archv2-nxm] series-count=1 last-value=0.5196619033813477
time=2026-08-02T15:44:59.845-07:00 level=DEBUG msg="Inspecting container" model=container-monitor name=benchi-conduit
time=2026-08-02T15:45:00.352-07:00 level=DEBUG msg="Inspecting container" model=container-monitor name=benchi-conduit
time=2026-08-02T15:45:00.580-07:00 level=DEBUG msg="promql query logged" test=archv2-nxm tool=conduit-v2 collector=conduit type=conduit collector=conduit type=conduit params="map[end:2026-08-02T22:45:00.580Z query:rate(conduit_pipeline_execution_duration_seconds_count{pipeline_name=\"archv2-nxm\"}[2s]) start:2026-08-02T22:44:19.579Z step:1]" stats="&{Timings:{EvalTotalTime:5.3083e-05 ResultSortTime:3.34e-07 QueryPreparationTime:1.4917e-05 InnerEvalTime:3.3167e-05 ExecQueueTime:2.375e-06 ExecTotalTime:5.7459e-05} Samples:0x14001869350}" spanID=0000000000000000
time=2026-08-02T15:45:00.580-07:00 level=DEBUG msg="Query returned data" test=archv2-nxm tool=conduit-v2 collector=conduit type=conduit collector=conduit type=conduit name=msg-rate-per-second[archv2-nxm] series-count=1 last-value=18263
time=2026-08-02T15:45:00.581-07:00 level=DEBUG msg="promql query logged" test=archv2-nxm tool=conduit-v2 collector=conduit type=conduit collector=conduit type=conduit params="map[end:2026-08-02T22:45:00.580Z query:rate(conduit_connector_bytes_sum{pipeline_name=\"archv2-nxm\",type=\"source\"}[2s])/1048576 start:2026-08-02T22:44:19.579Z step:1]" stats="&{Timings:{EvalTotalTime:7.925e-05 ResultSortTime:7.5e-07 QueryPreparationTime:7.375e-06 InnerEvalTime:6.775e-05 ExecQueueTime:1.042e-06 ExecTotalTime:8.2e-05} Samples:0x14001869b90}" spanID=0000000000000000
time=2026-08-02T15:45:00.581-07:00 level=WARN msg="Query returned multiple series, only first will be used" test=archv2-nxm tool=conduit-v2 collector=conduit type=conduit collector=conduit type=conduit series-count=2
time=2026-08-02T15:45:00.581-07:00 level=DEBUG msg="Query returned data" test=archv2-nxm tool=conduit-v2 collector=conduit type=conduit collector=conduit type=conduit name=msg-megabytes-in-per-second[archv2-nxm] series-count=1 last-value=0.2586841583251953
time=2026-08-02T15:45:00.581-07:00 level=DEBUG msg="promql query logged" test=archv2-nxm tool=conduit-v2 collector=conduit type=conduit collector=conduit type=conduit params="map[end:2026-08-02T22:45:00.581Z query:rate(conduit_connector_bytes_sum{pipeline_name=\"archv2-nxm\",type=\"destination\"}[2s])/1048576 start:2026-08-02T22:44:19.579Z step:1]" stats="&{Timings:{EvalTotalTime:7.5292e-05 ResultSortTime:4.58e-07 QueryPreparationTime:9.333e-06 InnerEvalTime:6.2e-05 ExecQueueTime:1.084e-06 ExecTotalTime:7.8167e-05} Samples:0x1400198af00}" spanID=0000000000000000
time=2026-08-02T15:45:00.581-07:00 level=WARN msg="Query returned multiple series, only first will be used" test=archv2-nxm tool=conduit-v2 collector=conduit type=conduit collector=conduit type=conduit series-count=2
time=2026-08-02T15:45:00.581-07:00 level=DEBUG msg="Query returned data" test=archv2-nxm tool=conduit-v2 collector=conduit type=conduit collector=conduit type=conduit name=msg-megabytes-out-per-second[archv2-nxm] series-count=1 last-value=0.5162477493286133
time=2026-08-02T15:45:00.872-07:00 level=DEBUG msg="Inspecting container" model=container-monitor name=benchi-conduit
time=2026-08-02T15:45:01.417-07:00 level=DEBUG msg="Inspecting container" model=container-monitor name=benchi-conduit
time=2026-08-02T15:45:01.582-07:00 level=DEBUG msg="promql query logged" test=archv2-nxm tool=conduit-v2 collector=conduit type=conduit collector=conduit type=conduit params="map[end:2026-08-02T22:45:01.582Z query:rate(conduit_pipeline_execution_duration_seconds_count{pipeline_name=\"archv2-nxm\"}[2s]) start:2026-08-02T22:44:19.579Z step:1]" stats="&{Timings:{EvalTotalTime:7.3458e-05 ResultSortTime:5.42e-07 QueryPreparationTime:2.6917e-05 InnerEvalTime:4.0125e-05 ExecQueueTime:2.458e-06 ExecTotalTime:7.8625e-05} Samples:0x140014ac510}" spanID=0000000000000000
time=2026-08-02T15:45:01.582-07:00 level=DEBUG msg="Query returned data" test=archv2-nxm tool=conduit-v2 collector=conduit type=conduit collector=conduit type=conduit name=msg-rate-per-second[archv2-nxm] series-count=1 last-value=17100.497512437814
time=2026-08-02T15:45:01.582-07:00 level=DEBUG msg="promql query logged" test=archv2-nxm tool=conduit-v2 collector=conduit type=conduit collector=conduit type=conduit params="map[end:2026-08-02T22:45:01.582Z query:rate(conduit_connector_bytes_sum{pipeline_name=\"archv2-nxm\",type=\"source\"}[2s])/1048576 start:2026-08-02T22:44:19.579Z step:1]" stats="&{Timings:{EvalTotalTime:8.675e-05 ResultSortTime:1e-06 QueryPreparationTime:8.917e-06 InnerEvalTime:7.2792e-05 ExecQueueTime:1.083e-06 ExecTotalTime:9.0375e-05} Samples:0x140014acbd0}" spanID=0000000000000000
time=2026-08-02T15:45:01.582-07:00 level=WARN msg="Query returned multiple series, only first will be used" test=archv2-nxm tool=conduit-v2 collector=conduit type=conduit collector=conduit type=conduit series-count=2
time=2026-08-02T15:45:01.582-07:00 level=DEBUG msg="Query returned data" test=archv2-nxm tool=conduit-v2 collector=conduit type=conduit collector=conduit type=conduit name=msg-megabytes-in-per-second[archv2-nxm] series-count=1 last-value=0.2414371243756802
time=2026-08-02T15:45:01.583-07:00 level=DEBUG msg="promql query logged" test=archv2-nxm tool=conduit-v2 collector=conduit type=conduit collector=conduit type=conduit params="map[end:2026-08-02T22:45:01.582Z query:rate(conduit_connector_bytes_sum{pipeline_name=\"archv2-nxm\",type=\"destination\"}[2s])/1048576 start:2026-08-02T22:44:19.579Z step:1]" stats="&{Timings:{EvalTotalTime:7.575e-05 ResultSortTime:5e-07 QueryPreparationTime:8e-06 InnerEvalTime:6.3625e-05 ExecQueueTime:1.042e-06 ExecTotalTime:7.875e-05} Samples:0x140014addd0}" spanID=0000000000000000
time=2026-08-02T15:45:01.583-07:00 level=WARN msg="Query returned multiple series, only first will be used" test=archv2-nxm tool=conduit-v2 collector=conduit type=conduit collector=conduit type=conduit series-count=2
time=2026-08-02T15:45:01.583-07:00 level=DEBUG msg="Query returned data" test=archv2-nxm tool=conduit-v2 collector=conduit type=conduit collector=conduit type=conduit name=msg-megabytes-out-per-second[archv2-nxm] series-count=1 last-value=0.4830611878959694
time=2026-08-02T15:45:01.929-07:00 level=DEBUG msg="Inspecting container" model=container-monitor name=benchi-conduit
time=2026-08-02T15:45:02.439-07:00 level=DEBUG msg="Inspecting container" model=container-monitor name=benchi-conduit
time=2026-08-02T15:45:02.580-07:00 level=DEBUG msg="promql query logged" test=archv2-nxm tool=conduit-v2 collector=conduit type=conduit collector=conduit type=conduit params="map[end:2026-08-02T22:45:02.580Z query:rate(conduit_pipeline_execution_duration_seconds_count{pipeline_name=\"archv2-nxm\"}[2s]) start:2026-08-02T22:44:19.579Z step:1]" stats="&{Timings:{EvalTotalTime:4.0416e-05 ResultSortTime:3.75e-07 QueryPreparationTime:1.1584e-05 InnerEvalTime:2.5e-05 ExecQueueTime:2.126e-06 ExecTotalTime:4.45e-05} Samples:0x140014cfb60}" spanID=0000000000000000
time=2026-08-02T15:45:02.580-07:00 level=DEBUG msg="Query returned data" test=archv2-nxm tool=conduit-v2 collector=conduit type=conduit collector=conduit type=conduit name=msg-rate-per-second[archv2-nxm] series-count=1 last-value=13802.010050251256
time=2026-08-02T15:45:02.580-07:00 level=DEBUG msg="promql query logged" test=archv2-nxm tool=conduit-v2 collector=conduit type=conduit collector=conduit type=conduit params="map[end:2026-08-02T22:45:02.580Z query:rate(conduit_connector_bytes_sum{pipeline_name=\"archv2-nxm\",type=\"source\"}[2s])/1048576 start:2026-08-02T22:44:19.579Z step:1]" stats="&{Timings:{EvalTotalTime:5.5041e-05 ResultSortTime:9.17e-07 QueryPreparationTime:5.583e-06 InnerEvalTime:4.6458e-05 ExecQueueTime:6.67e-07 ExecTotalTime:5.6541e-05} Samples:0x140014f42a0}" spanID=0000000000000000
time=2026-08-02T15:45:02.580-07:00 level=WARN msg="Query returned multiple series, only first will be used" test=archv2-nxm tool=conduit-v2 collector=conduit type=conduit collector=conduit type=conduit series-count=2
time=2026-08-02T15:45:02.580-07:00 level=DEBUG msg="Query returned data" test=archv2-nxm tool=conduit-v2 collector=conduit type=conduit collector=conduit type=conduit name=msg-megabytes-in-per-second[archv2-nxm] series-count=1 last-value=0.19663230857657427
time=2026-08-02T15:45:02.581-07:00 level=DEBUG msg="promql query logged" test=archv2-nxm tool=conduit-v2 collector=conduit type=conduit collector=conduit type=conduit params="map[end:2026-08-02T22:45:02.581Z query:rate(conduit_connector_bytes_sum{pipeline_name=\"archv2-nxm\",type=\"destination\"}[2s])/1048576 start:2026-08-02T22:44:19.579Z step:1]" stats="&{Timings:{EvalTotalTime:0.000129459 ResultSortTime:2.8542e-05 QueryPreparationTime:1.475e-05 InnerEvalTime:7.7958e-05 ExecQueueTime:2.042e-06 ExecTotalTime:0.000133417} Samples:0x140013fa420}" spanID=0000000000000000
time=2026-08-02T15:45:02.581-07:00 level=WARN msg="Query returned multiple series, only first will be used" test=archv2-nxm tool=conduit-v2 collector=conduit type=conduit collector=conduit type=conduit series-count=2
time=2026-08-02T15:45:02.581-07:00 level=DEBUG msg="Query returned data" test=archv2-nxm tool=conduit-v2 collector=conduit type=conduit collector=conduit type=conduit name=msg-megabytes-out-per-second[archv2-nxm] series-count=1 last-value=0.3900441692103093
time=2026-08-02T15:45:02.945-07:00 level=DEBUG msg="Inspecting container" model=container-monitor name=benchi-conduit
time=2026-08-02T15:45:03.452-07:00 level=DEBUG msg="Inspecting container" model=container-monitor name=benchi-conduit
time=2026-08-02T15:45:03.580-07:00 level=DEBUG msg="promql query logged" test=archv2-nxm tool=conduit-v2 collector=conduit type=conduit collector=conduit type=conduit params="map[end:2026-08-02T22:45:03.580Z query:rate(conduit_pipeline_execution_duration_seconds_count{pipeline_name=\"archv2-nxm\"}[2s]) start:2026-08-02T22:44:19.579Z step:1]" stats="&{Timings:{EvalTotalTime:5.9083e-05 ResultSortTime:5.83e-07 QueryPreparationTime:1.4708e-05 InnerEvalTime:3.8208e-05 ExecQueueTime:2.458e-06 ExecTotalTime:6.6541e-05} Samples:0x140015f4a50}" spanID=0000000000000000
time=2026-08-02T15:45:03.580-07:00 level=DEBUG msg="Query returned data" test=archv2-nxm tool=conduit-v2 collector=conduit type=conduit collector=conduit type=conduit name=msg-rate-per-second[archv2-nxm] series-count=1 last-value=17971
time=2026-08-02T15:45:03.580-07:00 level=DEBUG msg="promql query logged" test=archv2-nxm tool=conduit-v2 collector=conduit type=conduit collector=conduit type=conduit params="map[end:2026-08-02T22:45:03.580Z query:rate(conduit_connector_bytes_sum{pipeline_name=\"archv2-nxm\",type=\"source\"}[2s])/1048576 start:2026-08-02T22:44:19.579Z step:1]" stats="&{Timings:{EvalTotalTime:7.8e-05 ResultSortTime:7.5e-07 QueryPreparationTime:6.875e-06 InnerEvalTime:6.7416e-05 ExecQueueTime:9.59e-07 ExecTotalTime:8.0333e-05} Samples:0x140015f5110}" spanID=0000000000000000
time=2026-08-02T15:45:03.580-07:00 level=WARN msg="Query returned multiple series, only first will be used" test=archv2-nxm tool=conduit-v2 collector=conduit type=conduit collector=conduit type=conduit series-count=2
time=2026-08-02T15:45:03.580-07:00 level=DEBUG msg="Query returned data" test=archv2-nxm tool=conduit-v2 collector=conduit type=conduit collector=conduit type=conduit name=msg-megabytes-in-per-second[archv2-nxm] series-count=1 last-value=0.2560110092163086
time=2026-08-02T15:45:03.581-07:00 level=DEBUG msg="promql query logged" test=archv2-nxm tool=conduit-v2 collector=conduit type=conduit collector=conduit type=conduit params="map[end:2026-08-02T22:45:03.580Z query:rate(conduit_connector_bytes_sum{pipeline_name=\"archv2-nxm\",type=\"destination\"}[2s])/1048576 start:2026-08-02T22:44:19.579Z step:1]" stats="&{Timings:{EvalTotalTime:8.075e-05 ResultSortTime:4.58e-07 QueryPreparationTime:8.875e-06 InnerEvalTime:6.8042e-05 ExecQueueTime:1.166e-06 ExecTotalTime:8.3708e-05} Samples:0x1400163b1a0}" spanID=0000000000000000
time=2026-08-02T15:45:03.581-07:00 level=WARN msg="Query returned multiple series, only first will be used" test=archv2-nxm tool=conduit-v2 collector=conduit type=conduit collector=conduit type=conduit series-count=2
time=2026-08-02T15:45:03.581-07:00 level=DEBUG msg="Query returned data" test=archv2-nxm tool=conduit-v2 collector=conduit type=conduit collector=conduit type=conduit name=msg-megabytes-out-per-second[archv2-nxm] series-count=1 last-value=0.5075950622558594
time=2026-08-02T15:45:03.957-07:00 level=DEBUG msg="Inspecting container" model=container-monitor name=benchi-conduit
time=2026-08-02T15:45:04.468-07:00 level=DEBUG msg="Inspecting container" model=container-monitor name=benchi-conduit
time=2026-08-02T15:45:04.586-07:00 level=INFO msg="Test in progress" test=archv2-nxm tool=conduit-v2 step=test time-left=15s
time=2026-08-02T15:45:04.586-07:00 level=DEBUG msg="promql query logged" test=archv2-nxm tool=conduit-v2 collector=conduit type=conduit collector=conduit type=conduit params="map[end:2026-08-02T22:45:04.586Z query:rate(conduit_pipeline_execution_duration_seconds_count{pipeline_name=\"archv2-nxm\"}[2s]) start:2026-08-02T22:44:19.579Z step:1]" stats="&{Timings:{EvalTotalTime:6.3458e-05 ResultSortTime:4.59e-07 QueryPreparationTime:1.7625e-05 InnerEvalTime:4.0083e-05 ExecQueueTime:2.834e-06 ExecTotalTime:6.825e-05} Samples:0x1400178ea20}" spanID=0000000000000000
time=2026-08-02T15:45:04.586-07:00 level=DEBUG msg="Query returned data" test=archv2-nxm tool=conduit-v2 collector=conduit type=conduit collector=conduit type=conduit name=msg-rate-per-second[archv2-nxm] series-count=1 last-value=19698
time=2026-08-02T15:45:04.586-07:00 level=DEBUG msg="promql query logged" test=archv2-nxm tool=conduit-v2 collector=conduit type=conduit collector=conduit type=conduit params="map[end:2026-08-02T22:45:04.586Z query:rate(conduit_connector_bytes_sum{pipeline_name=\"archv2-nxm\",type=\"source\"}[2s])/1048576 start:2026-08-02T22:44:19.579Z step:1]" stats="&{Timings:{EvalTotalTime:8.6458e-05 ResultSortTime:1.042e-06 QueryPreparationTime:6.75e-06 InnerEvalTime:7.5375e-05 ExecQueueTime:7.91e-07 ExecTotalTime:8.8708e-05} Samples:0x1400178f0e0}" spanID=0000000000000000
time=2026-08-02T15:45:04.586-07:00 level=WARN msg="Query returned multiple series, only first will be used" test=archv2-nxm tool=conduit-v2 collector=conduit type=conduit collector=conduit type=conduit series-count=2
time=2026-08-02T15:45:04.586-07:00 level=DEBUG msg="Query returned data" test=archv2-nxm tool=conduit-v2 collector=conduit type=conduit collector=conduit type=conduit name=msg-megabytes-in-per-second[archv2-nxm] series-count=1 last-value=0.27767276763916016
time=2026-08-02T15:45:04.586-07:00 level=DEBUG msg="promql query logged" test=archv2-nxm tool=conduit-v2 collector=conduit type=conduit collector=conduit type=conduit params="map[end:2026-08-02T22:45:04.586Z query:rate(conduit_connector_bytes_sum{pipeline_name=\"archv2-nxm\",type=\"destination\"}[2s])/1048576 start:2026-08-02T22:44:19.579Z step:1]" stats="&{Timings:{EvalTotalTime:9.3917e-05 ResultSortTime:6.67e-07 QueryPreparationTime:1.1625e-05 InnerEvalTime:7.7625e-05 ExecQueueTime:1.584e-06 ExecTotalTime:9.75e-05} Samples:0x140017a4150}" spanID=0000000000000000
time=2026-08-02T15:45:04.586-07:00 level=WARN msg="Query returned multiple series, only first will be used" test=archv2-nxm tool=conduit-v2 collector=conduit type=conduit collector=conduit type=conduit series-count=2
time=2026-08-02T15:45:04.586-07:00 level=DEBUG msg="Query returned data" test=archv2-nxm tool=conduit-v2 collector=conduit type=conduit collector=conduit type=conduit name=msg-megabytes-out-per-second[archv2-nxm] series-count=1 last-value=0.5566797256469727
time=2026-08-02T15:45:04.977-07:00 level=DEBUG msg="Inspecting container" model=container-monitor name=benchi-conduit
time=2026-08-02T15:45:05.490-07:00 level=DEBUG msg="Inspecting container" model=container-monitor name=benchi-conduit
time=2026-08-02T15:45:05.580-07:00 level=DEBUG msg="promql query logged" test=archv2-nxm tool=conduit-v2 collector=conduit type=conduit collector=conduit type=conduit params="map[end:2026-08-02T22:45:05.580Z query:rate(conduit_pipeline_execution_duration_seconds_count{pipeline_name=\"archv2-nxm\"}[2s]) start:2026-08-02T22:44:19.579Z step:1]" stats="&{Timings:{EvalTotalTime:5.475e-05 ResultSortTime:3.75e-07 QueryPreparationTime:1.3917e-05 InnerEvalTime:3.5833e-05 ExecQueueTime:2.542e-06 ExecTotalTime:5.9333e-05} Samples:0x14001858900}" spanID=0000000000000000
time=2026-08-02T15:45:05.580-07:00 level=DEBUG msg="Query returned data" test=archv2-nxm tool=conduit-v2 collector=conduit type=conduit collector=conduit type=conduit name=msg-rate-per-second[archv2-nxm] series-count=1 last-value=17659.022931206382
time=2026-08-02T15:45:05.581-07:00 level=DEBUG msg="promql query logged" test=archv2-nxm tool=conduit-v2 collector=conduit type=conduit collector=conduit type=conduit params="map[end:2026-08-02T22:45:05.580Z query:rate(conduit_connector_bytes_sum{pipeline_name=\"archv2-nxm\",type=\"source\"}[2s])/1048576 start:2026-08-02T22:44:19.579Z step:1]" stats="&{Timings:{EvalTotalTime:8.7458e-05 ResultSortTime:8.75e-07 QueryPreparationTime:8.291e-06 InnerEvalTime:7.275e-05 ExecQueueTime:9.16e-07 ExecTotalTime:9e-05} Samples:0x14001858fc0}" spanID=0000000000000000
time=2026-08-02T15:45:05.581-07:00 level=WARN msg="Query returned multiple series, only first will be used" test=archv2-nxm tool=conduit-v2 collector=conduit type=conduit collector=conduit type=conduit series-count=2
time=2026-08-02T15:45:05.581-07:00 level=DEBUG msg="Query returned data" test=archv2-nxm tool=conduit-v2 collector=conduit type=conduit collector=conduit type=conduit name=msg-megabytes-in-per-second[archv2-nxm] series-count=1 last-value=0.25154087146519427
time=2026-08-02T15:45:05.581-07:00 level=DEBUG msg="promql query logged" test=archv2-nxm tool=conduit-v2 collector=conduit type=conduit collector=conduit type=conduit params="map[end:2026-08-02T22:45:05.581Z query:rate(conduit_connector_bytes_sum{pipeline_name=\"archv2-nxm\",type=\"destination\"}[2s])/1048576 start:2026-08-02T22:44:19.579Z step:1]" stats="&{Timings:{EvalTotalTime:0.0001365 ResultSortTime:5.83e-07 QueryPreparationTime:5.6833e-05 InnerEvalTime:7.4917e-05 ExecQueueTime:1.292e-06 ExecTotalTime:0.000141625} Samples:0x140017ce4e0}" spanID=0000000000000000
time=2026-08-02T15:45:05.581-07:00 level=WARN msg="Query returned multiple series, only first will be used" test=archv2-nxm tool=conduit-v2 collector=conduit type=conduit collector=conduit type=conduit series-count=2
time=2026-08-02T15:45:05.581-07:00 level=DEBUG msg="Query returned data" test=archv2-nxm tool=conduit-v2 collector=conduit type=conduit collector=conduit type=conduit name=msg-megabytes-out-per-second[archv2-nxm] series-count=1 last-value=0.5003633432587979
time=2026-08-02T15:45:05.997-07:00 level=DEBUG msg="Inspecting container" model=container-monitor name=benchi-conduit
time=2026-08-02T15:45:06.501-07:00 level=DEBUG msg="Inspecting container" model=container-monitor name=benchi-conduit
time=2026-08-02T15:45:06.581-07:00 level=DEBUG msg="promql query logged" test=archv2-nxm tool=conduit-v2 collector=conduit type=conduit collector=conduit type=conduit params="map[end:2026-08-02T22:45:06.581Z query:rate(conduit_pipeline_execution_duration_seconds_count{pipeline_name=\"archv2-nxm\"}[2s]) start:2026-08-02T22:44:19.579Z step:1]" stats="&{Timings:{EvalTotalTime:8.0875e-05 ResultSortTime:5e-07 QueryPreparationTime:1.7625e-05 InnerEvalTime:5.6916e-05 ExecQueueTime:2.25e-06 ExecTotalTime:8.6083e-05} Samples:0x140018eea20}" spanID=0000000000000000
time=2026-08-02T15:45:06.581-07:00 level=DEBUG msg="Query returned data" test=archv2-nxm tool=conduit-v2 collector=conduit type=conduit collector=conduit type=conduit name=msg-rate-per-second[archv2-nxm] series-count=1 last-value=17308.926780341022
time=2026-08-02T15:45:06.581-07:00 level=DEBUG msg="promql query logged" test=archv2-nxm tool=conduit-v2 collector=conduit type=conduit collector=conduit type=conduit params="map[end:2026-08-02T22:45:06.581Z query:rate(conduit_connector_bytes_sum{pipeline_name=\"archv2-nxm\",type=\"source\"}[2s])/1048576 start:2026-08-02T22:44:19.579Z step:1]" stats="&{Timings:{EvalTotalTime:9.5917e-05 ResultSortTime:9.58e-07 QueryPreparationTime:9.667e-06 InnerEvalTime:8.0667e-05 ExecQueueTime:1.584e-06 ExecTotalTime:0.0001} Samples:0x140018ef0e0}" spanID=0000000000000000
time=2026-08-02T15:45:06.581-07:00 level=WARN msg="Query returned multiple series, only first will be used" test=archv2-nxm tool=conduit-v2 collector=conduit type=conduit collector=conduit type=conduit series-count=2
time=2026-08-02T15:45:06.582-07:00 level=DEBUG msg="Query returned data" test=archv2-nxm tool=conduit-v2 collector=conduit type=conduit collector=conduit type=conduit name=msg-megabytes-in-per-second[archv2-nxm] series-count=1 last-value=0.2456672691414086
time=2026-08-02T15:45:06.582-07:00 level=DEBUG msg="promql query logged" test=archv2-nxm tool=conduit-v2 collector=conduit type=conduit collector=conduit type=conduit params="map[end:2026-08-02T22:45:06.582Z query:rate(conduit_connector_bytes_sum{pipeline_name=\"archv2-nxm\",type=\"destination\"}[2s])/1048576 start:2026-08-02T22:44:19.579Z step:1]" stats="&{Timings:{EvalTotalTime:9.3292e-05 ResultSortTime:7.08e-07 QueryPreparationTime:9.042e-06 InnerEvalTime:7.975e-05 ExecQueueTime:1.125e-06 ExecTotalTime:9.6541e-05} Samples:0x1400152d740}" spanID=0000000000000000
time=2026-08-02T15:45:06.582-07:00 level=WARN msg="Query returned multiple series, only first will be used" test=archv2-nxm tool=conduit-v2 collector=conduit type=conduit collector=conduit type=conduit series-count=2
time=2026-08-02T15:45:06.582-07:00 level=DEBUG msg="Query returned data" test=archv2-nxm tool=conduit-v2 collector=conduit type=conduit collector=conduit type=conduit name=msg-megabytes-out-per-second[archv2-nxm] series-count=1 last-value=0.4894137980347292
time=2026-08-02T15:45:07.007-07:00 level=DEBUG msg="Inspecting container" model=container-monitor name=benchi-conduit
time=2026-08-02T15:45:07.513-07:00 level=DEBUG msg="Inspecting container" model=container-monitor name=benchi-conduit
time=2026-08-02T15:45:07.581-07:00 level=DEBUG msg="promql query logged" test=archv2-nxm tool=conduit-v2 collector=conduit type=conduit collector=conduit type=conduit params="map[end:2026-08-02T22:45:07.581Z query:rate(conduit_pipeline_execution_duration_seconds_count{pipeline_name=\"archv2-nxm\"}[2s]) start:2026-08-02T22:44:19.579Z step:1]" stats="&{Timings:{EvalTotalTime:8.8958e-05 ResultSortTime:7.5e-07 QueryPreparationTime:2.4875e-05 InnerEvalTime:5.5833e-05 ExecQueueTime:3.375e-06 ExecTotalTime:9.6291e-05} Samples:0x140016a25a0}" spanID=0000000000000000
time=2026-08-02T15:45:07.581-07:00 level=DEBUG msg="Query returned data" test=archv2-nxm tool=conduit-v2 collector=conduit type=conduit collector=conduit type=conduit name=msg-rate-per-second[archv2-nxm] series-count=1 last-value=18273
time=2026-08-02T15:45:07.581-07:00 level=DEBUG msg="promql query logged" test=archv2-nxm tool=conduit-v2 collector=conduit type=conduit collector=conduit type=conduit params="map[end:2026-08-02T22:45:07.581Z query:rate(conduit_connector_bytes_sum{pipeline_name=\"archv2-nxm\",type=\"source\"}[2s])/1048576 start:2026-08-02T22:44:19.579Z step:1]" stats="&{Timings:{EvalTotalTime:0.000151042 ResultSortTime:1.459e-06 QueryPreparationTime:1.3292e-05 InnerEvalTime:0.000130375 ExecQueueTime:1.582e-06 ExecTotalTime:0.000155708} Samples:0x140016a2cc0}" spanID=0000000000000000
time=2026-08-02T15:45:07.581-07:00 level=WARN msg="Query returned multiple series, only first will be used" test=archv2-nxm tool=conduit-v2 collector=conduit type=conduit collector=conduit type=conduit series-count=2
time=2026-08-02T15:45:07.582-07:00 level=DEBUG msg="Query returned data" test=archv2-nxm tool=conduit-v2 collector=conduit type=conduit collector=conduit type=conduit name=msg-megabytes-in-per-second[archv2-nxm] series-count=1 last-value=0.25937461853027344
time=2026-08-02T15:45:07.582-07:00 level=DEBUG msg="promql query logged" test=archv2-nxm tool=conduit-v2 collector=conduit type=conduit collector=conduit type=conduit params="map[end:2026-08-02T22:45:07.582Z query:rate(conduit_connector_bytes_sum{pipeline_name=\"archv2-nxm\",type=\"destination\"}[2s])/1048576 start:2026-08-02T22:44:19.579Z step:1]" stats="&{Timings:{EvalTotalTime:0.000122125 ResultSortTime:9.58e-07 QueryPreparationTime:1.5542e-05 InnerEvalTime:9.725e-05 ExecQueueTime:2.958e-06 ExecTotalTime:0.00012875} Samples:0x14001190330}" spanID=0000000000000000
time=2026-08-02T15:45:07.582-07:00 level=WARN msg="Query returned multiple series, only first will be used" test=archv2-nxm tool=conduit-v2 collector=conduit type=conduit collector=conduit type=conduit series-count=2
time=2026-08-02T15:45:07.582-07:00 level=DEBUG msg="Query returned data" test=archv2-nxm tool=conduit-v2 collector=conduit type=conduit collector=conduit type=conduit name=msg-megabytes-out-per-second[archv2-nxm] series-count=1 last-value=0.5170860290527344
time=2026-08-02T15:45:08.019-07:00 level=DEBUG msg="Inspecting container" model=container-monitor name=benchi-conduit
time=2026-08-02T15:45:08.532-07:00 level=DEBUG msg="Inspecting container" model=container-monitor name=benchi-conduit
time=2026-08-02T15:45:08.581-07:00 level=DEBUG msg="promql query logged" test=archv2-nxm tool=conduit-v2 collector=conduit type=conduit collector=conduit type=conduit params="map[end:2026-08-02T22:45:08.581Z query:rate(conduit_pipeline_execution_duration_seconds_count{pipeline_name=\"archv2-nxm\"}[2s]) start:2026-08-02T22:44:19.579Z step:1]" stats="&{Timings:{EvalTotalTime:0.00011075 ResultSortTime:6.25e-07 QueryPreparationTime:2.4209e-05 InnerEvalTime:7.5709e-05 ExecQueueTime:3.792e-06 ExecTotalTime:0.000117291} Samples:0x14001912a20}" spanID=0000000000000000
time=2026-08-02T15:45:08.581-07:00 level=DEBUG msg="Query returned data" test=archv2-nxm tool=conduit-v2 collector=conduit type=conduit collector=conduit type=conduit name=msg-rate-per-second[archv2-nxm] series-count=1 last-value=19766
time=2026-08-02T15:45:08.581-07:00 level=DEBUG msg="promql query logged" test=archv2-nxm tool=conduit-v2 collector=conduit type=conduit collector=conduit type=conduit params="map[end:2026-08-02T22:45:08.581Z query:rate(conduit_connector_bytes_sum{pipeline_name=\"archv2-nxm\",type=\"source\"}[2s])/1048576 start:2026-08-02T22:44:19.579Z step:1]" stats="&{Timings:{EvalTotalTime:0.000100208 ResultSortTime:1.375e-06 QueryPreparationTime:8.125e-06 InnerEvalTime:8.5375e-05 ExecQueueTime:9.58e-07 ExecTotalTime:0.000102459} Samples:0x140019130e0}" spanID=0000000000000000
time=2026-08-02T15:45:08.581-07:00 level=WARN msg="Query returned multiple series, only first will be used" test=archv2-nxm tool=conduit-v2 collector=conduit type=conduit collector=conduit type=conduit series-count=2
time=2026-08-02T15:45:08.582-07:00 level=DEBUG msg="Query returned data" test=archv2-nxm tool=conduit-v2 collector=conduit type=conduit collector=conduit type=conduit name=msg-megabytes-in-per-second[archv2-nxm] series-count=1 last-value=0.2758636474609375
time=2026-08-02T15:45:08.582-07:00 level=DEBUG msg="promql query logged" test=archv2-nxm tool=conduit-v2 collector=conduit type=conduit collector=conduit type=conduit params="map[end:2026-08-02T22:45:08.582Z query:rate(conduit_connector_bytes_sum{pipeline_name=\"archv2-nxm\",type=\"destination\"}[2s])/1048576 start:2026-08-02T22:44:19.579Z step:1]" stats="&{Timings:{EvalTotalTime:8.8958e-05 ResultSortTime:5.42e-07 QueryPreparationTime:8.166e-06 InnerEvalTime:7.6917e-05 ExecQueueTime:1e-06 ExecTotalTime:9.1792e-05} Samples:0x1400191a540}" spanID=0000000000000000
time=2026-08-02T15:45:08.582-07:00 level=WARN msg="Query returned multiple series, only first will be used" test=archv2-nxm tool=conduit-v2 collector=conduit type=conduit collector=conduit type=conduit series-count=2
time=2026-08-02T15:45:08.582-07:00 level=DEBUG msg="Query returned data" test=archv2-nxm tool=conduit-v2 collector=conduit type=conduit collector=conduit type=conduit name=msg-megabytes-out-per-second[archv2-nxm] series-count=1 last-value=0.5584087371826172
time=2026-08-02T15:45:09.040-07:00 level=DEBUG msg="Inspecting container" model=container-monitor name=benchi-conduit
time=2026-08-02T15:45:09.545-07:00 level=DEBUG msg="Inspecting container" model=container-monitor name=benchi-conduit
time=2026-08-02T15:45:09.581-07:00 level=INFO msg="Test in progress" test=archv2-nxm tool=conduit-v2 step=test time-left=10s
time=2026-08-02T15:45:09.581-07:00 level=DEBUG msg="promql query logged" test=archv2-nxm tool=conduit-v2 collector=conduit type=conduit collector=conduit type=conduit params="map[end:2026-08-02T22:45:09.581Z query:rate(conduit_pipeline_execution_duration_seconds_count{pipeline_name=\"archv2-nxm\"}[2s]) start:2026-08-02T22:44:19.579Z step:1]" stats="&{Timings:{EvalTotalTime:5.4625e-05 ResultSortTime:3.75e-07 QueryPreparationTime:1.3541e-05 InnerEvalTime:3.4291e-05 ExecQueueTime:1.791e-06 ExecTotalTime:5.8791e-05} Samples:0x14001203e30}" spanID=0000000000000000
time=2026-08-02T15:45:09.581-07:00 level=DEBUG msg="Query returned data" test=archv2-nxm tool=conduit-v2 collector=conduit type=conduit collector=conduit type=conduit name=msg-rate-per-second[archv2-nxm] series-count=1 last-value=17654
time=2026-08-02T15:45:09.582-07:00 level=DEBUG msg="promql query logged" test=archv2-nxm tool=conduit-v2 collector=conduit type=conduit collector=conduit type=conduit params="map[end:2026-08-02T22:45:09.582Z query:rate(conduit_connector_bytes_sum{pipeline_name=\"archv2-nxm\",type=\"source\"}[2s])/1048576 start:2026-08-02T22:44:19.579Z step:1]" stats="&{Timings:{EvalTotalTime:9.0291e-05 ResultSortTime:1.083e-06 QueryPreparationTime:7.625e-06 InnerEvalTime:7.7708e-05 ExecQueueTime:2.001e-06 ExecTotalTime:9.3458e-05} Samples:0x14001398630}" spanID=0000000000000000
time=2026-08-02T15:45:09.582-07:00 level=WARN msg="Query returned multiple series, only first will be used" test=archv2-nxm tool=conduit-v2 collector=conduit type=conduit collector=conduit type=conduit series-count=2
time=2026-08-02T15:45:09.582-07:00 level=DEBUG msg="Query returned data" test=archv2-nxm tool=conduit-v2 collector=conduit type=conduit collector=conduit type=conduit name=msg-megabytes-in-per-second[archv2-nxm] series-count=1 last-value=0.2489767074584961
time=2026-08-02T15:45:09.582-07:00 level=DEBUG msg="promql query logged" test=archv2-nxm tool=conduit-v2 collector=conduit type=conduit collector=conduit type=conduit params="map[end:2026-08-02T22:45:09.582Z query:rate(conduit_connector_bytes_sum{pipeline_name=\"archv2-nxm\",type=\"destination\"}[2s])/1048576 start:2026-08-02T22:44:19.579Z step:1]" stats="&{Timings:{EvalTotalTime:9.2e-05 ResultSortTime:7.09e-07 QueryPreparationTime:8.542e-06 InnerEvalTime:7.8792e-05 ExecQueueTime:1.375e-06 ExecTotalTime:9.5708e-05} Samples:0x140011ecae0}" spanID=0000000000000000
time=2026-08-02T15:45:09.582-07:00 level=WARN msg="Query returned multiple series, only first will be used" test=archv2-nxm tool=conduit-v2 collector=conduit type=conduit collector=conduit type=conduit series-count=2
time=2026-08-02T15:45:09.582-07:00 level=DEBUG msg="Query returned data" test=archv2-nxm tool=conduit-v2 collector=conduit type=conduit collector=conduit type=conduit name=msg-megabytes-out-per-second[archv2-nxm] series-count=1 last-value=0.49811458587646484
time=2026-08-02T15:45:10.048-07:00 level=DEBUG msg="Inspecting container" model=container-monitor name=benchi-conduit
time=2026-08-02T15:45:10.554-07:00 level=DEBUG msg="Inspecting container" model=container-monitor name=benchi-conduit
time=2026-08-02T15:45:10.581-07:00 level=DEBUG msg="promql query logged" test=archv2-nxm tool=conduit-v2 collector=conduit type=conduit collector=conduit type=conduit params="map[end:2026-08-02T22:45:10.581Z query:rate(conduit_pipeline_execution_duration_seconds_count{pipeline_name=\"archv2-nxm\"}[2s]) start:2026-08-02T22:44:19.579Z step:1]" stats="&{Timings:{EvalTotalTime:7.8959e-05 ResultSortTime:5.84e-07 QueryPreparationTime:2.0666e-05 InnerEvalTime:5.1417e-05 ExecQueueTime:2.875e-06 ExecTotalTime:8.4625e-05} Samples:0x140012fe5a0}" spanID=0000000000000000
time=2026-08-02T15:45:10.581-07:00 level=DEBUG msg="Query returned data" test=archv2-nxm tool=conduit-v2 collector=conduit type=conduit collector=conduit type=conduit name=msg-rate-per-second[archv2-nxm] series-count=1 last-value=18492
time=2026-08-02T15:45:10.582-07:00 level=DEBUG msg="promql query logged" test=archv2-nxm tool=conduit-v2 collector=conduit type=conduit collector=conduit type=conduit params="map[end:2026-08-02T22:45:10.581Z query:rate(conduit_connector_bytes_sum{pipeline_name=\"archv2-nxm\",type=\"source\"}[2s])/1048576 start:2026-08-02T22:44:19.579Z step:1]" stats="&{Timings:{EvalTotalTime:0.000183959 ResultSortTime:1.375e-06 QueryPreparationTime:7.875e-05 InnerEvalTime:9.6e-05 ExecQueueTime:1.501e-06 ExecTotalTime:0.000188083} Samples:0x140012fed80}" spanID=0000000000000000
time=2026-08-02T15:45:10.582-07:00 level=WARN msg="Query returned multiple series, only first will be used" test=archv2-nxm tool=conduit-v2 collector=conduit type=conduit collector=conduit type=conduit series-count=2
time=2026-08-02T15:45:10.582-07:00 level=DEBUG msg="Query returned data" test=archv2-nxm tool=conduit-v2 collector=conduit type=conduit collector=conduit type=conduit name=msg-megabytes-in-per-second[archv2-nxm] series-count=1 last-value=0.2611236572265625
time=2026-08-02T15:45:10.582-07:00 level=DEBUG msg="promql query logged" test=archv2-nxm tool=conduit-v2 collector=conduit type=conduit collector=conduit type=conduit params="map[end:2026-08-02T22:45:10.582Z query:rate(conduit_connector_bytes_sum{pipeline_name=\"archv2-nxm\",type=\"destination\"}[2s])/1048576 start:2026-08-02T22:44:19.579Z step:1]" stats="&{Timings:{EvalTotalTime:0.000114083 ResultSortTime:6.67e-07 QueryPreparationTime:1.275e-05 InnerEvalTime:9.3708e-05 ExecQueueTime:1.584e-06 ExecTotalTime:0.000119167} Samples:0x14000a5faa0}" spanID=0000000000000000
time=2026-08-02T15:45:10.582-07:00 level=WARN msg="Query returned multiple series, only first will be used" test=archv2-nxm tool=conduit-v2 collector=conduit type=conduit collector=conduit type=conduit series-count=2
time=2026-08-02T15:45:10.582-07:00 level=DEBUG msg="Query returned data" test=archv2-nxm tool=conduit-v2 collector=conduit type=conduit collector=conduit type=conduit name=msg-megabytes-out-per-second[archv2-nxm] series-count=1 last-value=0.5236778259277344
time=2026-08-02T15:45:11.064-07:00 level=DEBUG msg="Inspecting container" model=container-monitor name=benchi-conduit
time=2026-08-02T15:45:11.574-07:00 level=DEBUG msg="Inspecting container" model=container-monitor name=benchi-conduit
time=2026-08-02T15:45:11.580-07:00 level=DEBUG msg="promql query logged" test=archv2-nxm tool=conduit-v2 collector=conduit type=conduit collector=conduit type=conduit params="map[end:2026-08-02T22:45:11.580Z query:rate(conduit_pipeline_execution_duration_seconds_count{pipeline_name=\"archv2-nxm\"}[2s]) start:2026-08-02T22:44:19.579Z step:1]" stats="&{Timings:{EvalTotalTime:7.8375e-05 ResultSortTime:2.92e-07 QueryPreparationTime:3.3083e-05 InnerEvalTime:3.775e-05 ExecQueueTime:2.291e-06 ExecTotalTime:8.4292e-05} Samples:0x14001919e30}" spanID=0000000000000000
time=2026-08-02T15:45:11.580-07:00 level=DEBUG msg="Query returned data" test=archv2-nxm tool=conduit-v2 collector=conduit type=conduit collector=conduit type=conduit name=msg-rate-per-second[archv2-nxm] series-count=1 last-value=18771
time=2026-08-02T15:45:11.580-07:00 level=DEBUG msg="promql query logged" test=archv2-nxm tool=conduit-v2 collector=conduit type=conduit collector=conduit type=conduit params="map[end:2026-08-02T22:45:11.580Z query:rate(conduit_connector_bytes_sum{pipeline_name=\"archv2-nxm\",type=\"source\"}[2s])/1048576 start:2026-08-02T22:44:19.579Z step:1]" stats="&{Timings:{EvalTotalTime:6.7e-05 ResultSortTime:7.5e-07 QueryPreparationTime:8.583e-06 InnerEvalTime:5.5083e-05 ExecQueueTime:1.541e-06 ExecTotalTime:6.9875e-05} Samples:0x140011ba570}" spanID=0000000000000000
time=2026-08-02T15:45:11.580-07:00 level=WARN msg="Query returned multiple series, only first will be used" test=archv2-nxm tool=conduit-v2 collector=conduit type=conduit collector=conduit type=conduit series-count=2
time=2026-08-02T15:45:11.580-07:00 level=DEBUG msg="Query returned data" test=archv2-nxm tool=conduit-v2 collector=conduit type=conduit collector=conduit type=conduit name=msg-megabytes-in-per-second[archv2-nxm] series-count=1 last-value=0.2659883499145508
time=2026-08-02T15:45:11.580-07:00 level=DEBUG msg="promql query logged" test=archv2-nxm tool=conduit-v2 collector=conduit type=conduit collector=conduit type=conduit params="map[end:2026-08-02T22:45:11.580Z query:rate(conduit_connector_bytes_sum{pipeline_name=\"archv2-nxm\",type=\"destination\"}[2s])/1048576 start:2026-08-02T22:44:19.579Z step:1]" stats="&{Timings:{EvalTotalTime:0.000107209 ResultSortTime:3.75e-07 QueryPreparationTime:1.0334e-05 InnerEvalTime:9.1666e-05 ExecQueueTime:1.75e-06 ExecTotalTime:0.000110666} Samples:0x1400152d320}" spanID=0000000000000000
time=2026-08-02T15:45:11.581-07:00 level=WARN msg="Query returned multiple series, only first will be used" test=archv2-nxm tool=conduit-v2 collector=conduit type=conduit collector=conduit type=conduit series-count=2
time=2026-08-02T15:45:11.581-07:00 level=DEBUG msg="Query returned data" test=archv2-nxm tool=conduit-v2 collector=conduit type=conduit collector=conduit type=conduit name=msg-megabytes-out-per-second[archv2-nxm] series-count=1 last-value=0.5313730239868164
time=2026-08-02T15:45:12.082-07:00 level=DEBUG msg="Inspecting container" model=container-monitor name=benchi-conduit
time=2026-08-02T15:45:12.583-07:00 level=DEBUG msg="promql query logged" test=archv2-nxm tool=conduit-v2 collector=conduit type=conduit collector=conduit type=conduit params="map[end:2026-08-02T22:45:12.583Z query:rate(conduit_pipeline_execution_duration_seconds_count{pipeline_name=\"archv2-nxm\"}[2s]) start:2026-08-02T22:44:19.579Z step:1]" stats="&{Timings:{EvalTotalTime:0.00015225 ResultSortTime:7.08e-07 QueryPreparationTime:7.0208e-05 InnerEvalTime:7.1584e-05 ExecQueueTime:4.208e-06 ExecTotalTime:0.000162} Samples:0x140011c5e00}" spanID=0000000000000000
time=2026-08-02T15:45:12.583-07:00 level=DEBUG msg="Query returned data" test=archv2-nxm tool=conduit-v2 collector=conduit type=conduit collector=conduit type=conduit name=msg-rate-per-second[archv2-nxm] series-count=1 last-value=18061
time=2026-08-02T15:45:12.583-07:00 level=DEBUG msg="promql query logged" test=archv2-nxm tool=conduit-v2 collector=conduit type=conduit collector=conduit type=conduit params="map[end:2026-08-02T22:45:12.583Z query:rate(conduit_connector_bytes_sum{pipeline_name=\"archv2-nxm\",type=\"source\"}[2s])/1048576 start:2026-08-02T22:44:19.579Z step:1]" stats="&{Timings:{EvalTotalTime:0.000168917 ResultSortTime:2.292e-06 QueryPreparationTime:1.6e-05 InnerEvalTime:0.000138333 ExecQueueTime:1.75e-06 ExecTotalTime:0.000174208} Samples:0x14001300540}" spanID=0000000000000000
time=2026-08-02T15:45:12.583-07:00 level=WARN msg="Query returned multiple series, only first will be used" test=archv2-nxm tool=conduit-v2 collector=conduit type=conduit collector=conduit type=conduit series-count=2
time=2026-08-02T15:45:12.584-07:00 level=DEBUG msg="Query returned data" test=archv2-nxm tool=conduit-v2 collector=conduit type=conduit collector=conduit type=conduit name=msg-megabytes-in-per-second[archv2-nxm] series-count=1 last-value=0.2542104721069336
time=2026-08-02T15:45:12.584-07:00 level=DEBUG msg="promql query logged" test=archv2-nxm tool=conduit-v2 collector=conduit type=conduit collector=conduit type=conduit params="map[end:2026-08-02T22:45:12.584Z query:rate(conduit_connector_bytes_sum{pipeline_name=\"archv2-nxm\",type=\"destination\"}[2s])/1048576 start:2026-08-02T22:44:19.579Z step:1]" stats="&{Timings:{EvalTotalTime:0.000135375 ResultSortTime:1.208e-06 QueryPreparationTime:1.7208e-05 InnerEvalTime:0.000111583 ExecQueueTime:2e-06 ExecTotalTime:0.000141208} Samples:0x140017a4750}" spanID=0000000000000000
time=2026-08-02T15:45:12.584-07:00 level=WARN msg="Query returned multiple series, only first will be used" test=archv2-nxm tool=conduit-v2 collector=conduit type=conduit collector=conduit type=conduit series-count=2
time=2026-08-02T15:45:12.584-07:00 level=DEBUG msg="Query returned data" test=archv2-nxm tool=conduit-v2 collector=conduit type=conduit collector=conduit type=conduit name=msg-megabytes-out-per-second[archv2-nxm] series-count=1 last-value=0.509953498840332
time=2026-08-02T15:45:12.590-07:00 level=DEBUG msg="Inspecting container" model=container-monitor name=benchi-conduit
time=2026-08-02T15:45:13.106-07:00 level=DEBUG msg="Inspecting container" model=container-monitor name=benchi-conduit
time=2026-08-02T15:45:13.580-07:00 level=DEBUG msg="promql query logged" test=archv2-nxm tool=conduit-v2 collector=conduit type=conduit collector=conduit type=conduit params="map[end:2026-08-02T22:45:13.580Z query:rate(conduit_pipeline_execution_duration_seconds_count{pipeline_name=\"archv2-nxm\"}[2s]) start:2026-08-02T22:44:19.579Z step:1]" stats="&{Timings:{EvalTotalTime:8.3458e-05 ResultSortTime:5.83e-07 QueryPreparationTime:1.4208e-05 InnerEvalTime:6.0875e-05 ExecQueueTime:2.625e-06 ExecTotalTime:8.85e-05} Samples:0x1400132c870}" spanID=0000000000000000
time=2026-08-02T15:45:13.580-07:00 level=DEBUG msg="Query returned data" test=archv2-nxm tool=conduit-v2 collector=conduit type=conduit collector=conduit type=conduit name=msg-rate-per-second[archv2-nxm] series-count=1 last-value=17670
time=2026-08-02T15:45:13.581-07:00 level=DEBUG msg="promql query logged" test=archv2-nxm tool=conduit-v2 collector=conduit type=conduit collector=conduit type=conduit params="map[end:2026-08-02T22:45:13.580Z query:rate(conduit_connector_bytes_sum{pipeline_name=\"archv2-nxm\",type=\"source\"}[2s])/1048576 start:2026-08-02T22:44:19.579Z step:1]" stats="&{Timings:{EvalTotalTime:0.000174917 ResultSortTime:1.083e-06 QueryPreparationTime:8.458e-06 InnerEvalTime:0.000158334 ExecQueueTime:9.58e-07 ExecTotalTime:0.000178709} Samples:0x1400132cf30}" spanID=0000000000000000
time=2026-08-02T15:45:13.581-07:00 level=WARN msg="Query returned multiple series, only first will be used" test=archv2-nxm tool=conduit-v2 collector=conduit type=conduit collector=conduit type=conduit series-count=2
time=2026-08-02T15:45:13.581-07:00 level=DEBUG msg="Query returned data" test=archv2-nxm tool=conduit-v2 collector=conduit type=conduit collector=conduit type=conduit name=msg-megabytes-in-per-second[archv2-nxm] series-count=1 last-value=0.2513999938964844
time=2026-08-02T15:45:13.581-07:00 level=DEBUG msg="promql query logged" test=archv2-nxm tool=conduit-v2 collector=conduit type=conduit collector=conduit type=conduit params="map[end:2026-08-02T22:45:13.581Z query:rate(conduit_connector_bytes_sum{pipeline_name=\"archv2-nxm\",type=\"destination\"}[2s])/1048576 start:2026-08-02T22:44:19.579Z step:1]" stats="&{Timings:{EvalTotalTime:0.000123958 ResultSortTime:6.67e-07 QueryPreparationTime:7.5e-06 InnerEvalTime:0.000111959 ExecQueueTime:9.17e-07 ExecTotalTime:0.000126958} Samples:0x1400141fbc0}" spanID=0000000000000000
time=2026-08-02T15:45:13.581-07:00 level=WARN msg="Query returned multiple series, only first will be used" test=archv2-nxm tool=conduit-v2 collector=conduit type=conduit collector=conduit type=conduit series-count=2
time=2026-08-02T15:45:13.581-07:00 level=DEBUG msg="Query returned data" test=archv2-nxm tool=conduit-v2 collector=conduit type=conduit collector=conduit type=conduit name=msg-megabytes-out-per-second[archv2-nxm] series-count=1 last-value=0.49988651275634766
time=2026-08-02T15:45:13.611-07:00 level=DEBUG msg="Inspecting container" model=container-monitor name=benchi-conduit
time=2026-08-02T15:45:14.118-07:00 level=DEBUG msg="Inspecting container" model=container-monitor name=benchi-conduit
time=2026-08-02T15:45:14.580-07:00 level=DEBUG msg="promql query logged" test=archv2-nxm tool=conduit-v2 collector=conduit type=conduit collector=conduit type=conduit params="map[end:2026-08-02T22:45:14.580Z query:rate(conduit_pipeline_execution_duration_seconds_count{pipeline_name=\"archv2-nxm\"}[2s]) start:2026-08-02T22:44:19.579Z step:1]" stats="&{Timings:{EvalTotalTime:6.575e-05 ResultSortTime:5.83e-07 QueryPreparationTime:1.925e-05 InnerEvalTime:4.0042e-05 ExecQueueTime:2.625e-06 ExecTotalTime:7.1292e-05} Samples:0x140014d65d0}" spanID=0000000000000000
time=2026-08-02T15:45:14.580-07:00 level=DEBUG msg="Query returned data" test=archv2-nxm tool=conduit-v2 collector=conduit type=conduit collector=conduit type=conduit name=msg-rate-per-second[archv2-nxm] series-count=1 last-value=20425
time=2026-08-02T15:45:14.580-07:00 level=DEBUG msg="promql query logged" test=archv2-nxm tool=conduit-v2 collector=conduit type=conduit collector=conduit type=conduit params="map[end:2026-08-02T22:45:14.580Z query:rate(conduit_connector_bytes_sum{pipeline_name=\"archv2-nxm\",type=\"source\"}[2s])/1048576 start:2026-08-02T22:44:19.579Z step:1]" stats="&{Timings:{EvalTotalTime:0.0001085 ResultSortTime:9.59e-07 QueryPreparationTime:9.333e-06 InnerEvalTime:9.3583e-05 ExecQueueTime:1.125e-06 ExecTotalTime:0.000112} Samples:0x140014d6c90}" spanID=0000000000000000
time=2026-08-02T15:45:14.580-07:00 level=WARN msg="Query returned multiple series, only first will be used" test=archv2-nxm tool=conduit-v2 collector=conduit type=conduit collector=conduit type=conduit series-count=2
time=2026-08-02T15:45:14.581-07:00 level=DEBUG msg="Query returned data" test=archv2-nxm tool=conduit-v2 collector=conduit type=conduit collector=conduit type=conduit name=msg-megabytes-in-per-second[archv2-nxm] series-count=1 last-value=0.2907695770263672
time=2026-08-02T15:45:14.581-07:00 level=INFO msg="Test in progress" test=archv2-nxm tool=conduit-v2 step=test time-left=5s
time=2026-08-02T15:45:14.581-07:00 level=DEBUG msg="promql query logged" test=archv2-nxm tool=conduit-v2 collector=conduit type=conduit collector=conduit type=conduit params="map[end:2026-08-02T22:45:14.581Z query:rate(conduit_connector_bytes_sum{pipeline_name=\"archv2-nxm\",type=\"destination\"}[2s])/1048576 start:2026-08-02T22:44:19.579Z step:1]" stats="&{Timings:{EvalTotalTime:9.7e-05 ResultSortTime:5.42e-07 QueryPreparationTime:8.708e-06 InnerEvalTime:8.2208e-05 ExecQueueTime:1e-06 ExecTotalTime:9.9917e-05} Samples:0x1400150c270}" spanID=0000000000000000
time=2026-08-02T15:45:14.581-07:00 level=WARN msg="Query returned multiple series, only first will be used" test=archv2-nxm tool=conduit-v2 collector=conduit type=conduit collector=conduit type=conduit series-count=2
time=2026-08-02T15:45:14.581-07:00 level=DEBUG msg="Query returned data" test=archv2-nxm tool=conduit-v2 collector=conduit type=conduit collector=conduit type=conduit name=msg-megabytes-out-per-second[archv2-nxm] series-count=1 last-value=0.5775423049926758
time=2026-08-02T15:45:14.623-07:00 level=DEBUG msg="Inspecting container" model=container-monitor name=benchi-conduit
time=2026-08-02T15:45:15.127-07:00 level=DEBUG msg="Inspecting container" model=container-monitor name=benchi-conduit
time=2026-08-02T15:45:15.580-07:00 level=DEBUG msg="promql query logged" test=archv2-nxm tool=conduit-v2 collector=conduit type=conduit collector=conduit type=conduit params="map[end:2026-08-02T22:45:15.580Z query:rate(conduit_pipeline_execution_duration_seconds_count{pipeline_name=\"archv2-nxm\"}[2s]) start:2026-08-02T22:44:19.579Z step:1]" stats="&{Timings:{EvalTotalTime:6.3292e-05 ResultSortTime:6.66e-07 QueryPreparationTime:1.8459e-05 InnerEvalTime:3.9166e-05 ExecQueueTime:2.209e-06 ExecTotalTime:6.725e-05} Samples:0x140015cc0c0}" spanID=0000000000000000
time=2026-08-02T15:45:15.582-07:00 level=DEBUG msg="Query returned data" test=archv2-nxm tool=conduit-v2 collector=conduit type=conduit collector=conduit type=conduit name=msg-rate-per-second[archv2-nxm] series-count=1 last-value=18923
time=2026-08-02T15:45:15.582-07:00 level=DEBUG msg="promql query logged" test=archv2-nxm tool=conduit-v2 collector=conduit type=conduit collector=conduit type=conduit params="map[end:2026-08-02T22:45:15.582Z query:rate(conduit_connector_bytes_sum{pipeline_name=\"archv2-nxm\",type=\"source\"}[2s])/1048576 start:2026-08-02T22:44:19.579Z step:1]" stats="&{Timings:{EvalTotalTime:6.7417e-05 ResultSortTime:7.08e-07 QueryPreparationTime:8.708e-06 InnerEvalTime:5.55e-05 ExecQueueTime:1.375e-06 ExecTotalTime:6.9916e-05} Samples:0x140015cc780}" spanID=0000000000000000
time=2026-08-02T15:45:15.582-07:00 level=WARN msg="Query returned multiple series, only first will be used" test=archv2-nxm tool=conduit-v2 collector=conduit type=conduit collector=conduit type=conduit series-count=2
time=2026-08-02T15:45:15.582-07:00 level=DEBUG msg="Query returned data" test=archv2-nxm tool=conduit-v2 collector=conduit type=conduit collector=conduit type=conduit name=msg-megabytes-in-per-second[archv2-nxm] series-count=1 last-value=0.26816654205322266
time=2026-08-02T15:45:15.583-07:00 level=DEBUG msg="promql query logged" test=archv2-nxm tool=conduit-v2 collector=conduit type=conduit collector=conduit type=conduit params="map[end:2026-08-02T22:45:15.582Z query:rate(conduit_connector_bytes_sum{pipeline_name=\"archv2-nxm\",type=\"destination\"}[2s])/1048576 start:2026-08-02T22:44:19.579Z step:1]" stats="&{Timings:{EvalTotalTime:0.00010625 ResultSortTime:7.92e-07 QueryPreparationTime:1.2375e-05 InnerEvalTime:8.8375e-05 ExecQueueTime:1.958e-06 ExecTotalTime:0.000109583} Samples:0x140014acf90}" spanID=0000000000000000
time=2026-08-02T15:45:15.583-07:00 level=WARN msg="Query returned multiple series, only first will be used" test=archv2-nxm tool=conduit-v2 collector=conduit type=conduit collector=conduit type=conduit series-count=2
time=2026-08-02T15:45:15.583-07:00 level=DEBUG msg="Query returned data" test=archv2-nxm tool=conduit-v2 collector=conduit type=conduit collector=conduit type=conduit name=msg-megabytes-out-per-second[archv2-nxm] series-count=1 last-value=0.535243034362793
time=2026-08-02T15:45:15.640-07:00 level=DEBUG msg="Inspecting container" model=container-monitor name=benchi-conduit
time=2026-08-02T15:45:16.145-07:00 level=DEBUG msg="Inspecting container" model=container-monitor name=benchi-conduit
time=2026-08-02T15:45:16.580-07:00 level=DEBUG msg="promql query logged" test=archv2-nxm tool=conduit-v2 collector=conduit type=conduit collector=conduit type=conduit params="map[end:2026-08-02T22:45:16.580Z query:rate(conduit_pipeline_execution_duration_seconds_count{pipeline_name=\"archv2-nxm\"}[2s]) start:2026-08-02T22:44:19.579Z step:1]" stats="&{Timings:{EvalTotalTime:0.00011875 ResultSortTime:3.75e-07 QueryPreparationTime:2.2083e-05 InnerEvalTime:4.9792e-05 ExecQueueTime:3.209e-06 ExecTotalTime:0.000124417} Samples:0x140016c6630}" spanID=0000000000000000
time=2026-08-02T15:45:16.580-07:00 level=DEBUG msg="Query returned data" test=archv2-nxm tool=conduit-v2 collector=conduit type=conduit collector=conduit type=conduit name=msg-rate-per-second[archv2-nxm] series-count=1 last-value=18034.930139720556
time=2026-08-02T15:45:16.580-07:00 level=DEBUG msg="promql query logged" test=archv2-nxm tool=conduit-v2 collector=conduit type=conduit collector=conduit type=conduit params="map[end:2026-08-02T22:45:16.580Z query:rate(conduit_connector_bytes_sum{pipeline_name=\"archv2-nxm\",type=\"source\"}[2s])/1048576 start:2026-08-02T22:44:19.579Z step:1]" stats="&{Timings:{EvalTotalTime:0.000113958 ResultSortTime:1.25e-06 QueryPreparationTime:1.3083e-05 InnerEvalTime:9.4792e-05 ExecQueueTime:1.458e-06 ExecTotalTime:0.000117333} Samples:0x140016c6cf0}" spanID=0000000000000000
time=2026-08-02T15:45:16.581-07:00 level=WARN msg="Query returned multiple series, only first will be used" test=archv2-nxm tool=conduit-v2 collector=conduit type=conduit collector=conduit type=conduit series-count=2
time=2026-08-02T15:45:16.581-07:00 level=DEBUG msg="Query returned data" test=archv2-nxm tool=conduit-v2 collector=conduit type=conduit collector=conduit type=conduit name=msg-megabytes-in-per-second[archv2-nxm] series-count=1 last-value=0.2546995699762584
time=2026-08-02T15:45:16.581-07:00 level=DEBUG msg="promql query logged" test=archv2-nxm tool=conduit-v2 collector=conduit type=conduit collector=conduit type=conduit params="map[end:2026-08-02T22:45:16.581Z query:rate(conduit_connector_bytes_sum{pipeline_name=\"archv2-nxm\",type=\"destination\"}[2s])/1048576 start:2026-08-02T22:44:19.579Z step:1]" stats="&{Timings:{EvalTotalTime:0.000134667 ResultSortTime:1.208e-06 QueryPreparationTime:1.7708e-05 InnerEvalTime:0.000105791 ExecQueueTime:2.583e-06 ExecTotalTime:0.000139375} Samples:0x140016e4330}" spanID=0000000000000000
time=2026-08-02T15:45:16.582-07:00 level=WARN msg="Query returned multiple series, only first will be used" test=archv2-nxm tool=conduit-v2 collector=conduit type=conduit collector=conduit type=conduit series-count=2
time=2026-08-02T15:45:16.582-07:00 level=DEBUG msg="Query returned data" test=archv2-nxm tool=conduit-v2 collector=conduit type=conduit collector=conduit type=conduit name=msg-megabytes-out-per-second[archv2-nxm] series-count=1 last-value=0.5093353713106015
time=2026-08-02T15:45:16.657-07:00 level=DEBUG msg="Inspecting container" model=container-monitor name=benchi-conduit
time=2026-08-02T15:45:17.170-07:00 level=DEBUG msg="Inspecting container" model=container-monitor name=benchi-conduit
time=2026-08-02T15:45:17.580-07:00 level=DEBUG msg="promql query logged" test=archv2-nxm tool=conduit-v2 collector=conduit type=conduit collector=conduit type=conduit params="map[end:2026-08-02T22:45:17.580Z query:rate(conduit_pipeline_execution_duration_seconds_count{pipeline_name=\"archv2-nxm\"}[2s]) start:2026-08-02T22:44:19.579Z step:1]" stats="&{Timings:{EvalTotalTime:3.9375e-05 ResultSortTime:3.75e-07 QueryPreparationTime:1.075e-05 InnerEvalTime:2.5458e-05 ExecQueueTime:1.834e-06 ExecTotalTime:4.4916e-05} Samples:0x140017d30e0}" spanID=0000000000000000
time=2026-08-02T15:45:17.583-07:00 level=DEBUG msg="Query returned data" test=archv2-nxm tool=conduit-v2 collector=conduit type=conduit collector=conduit type=conduit name=msg-rate-per-second[archv2-nxm] series-count=1 last-value=18172.344689378755
time=2026-08-02T15:45:17.583-07:00 level=DEBUG msg="promql query logged" test=archv2-nxm tool=conduit-v2 collector=conduit type=conduit collector=conduit type=conduit params="map[end:2026-08-02T22:45:17.583Z query:rate(conduit_connector_bytes_sum{pipeline_name=\"archv2-nxm\",type=\"source\"}[2s])/1048576 start:2026-08-02T22:44:19.579Z step:1]" stats="&{Timings:{EvalTotalTime:8.6584e-05 ResultSortTime:7.5e-07 QueryPreparationTime:6.167e-06 InnerEvalTime:7.7042e-05 ExecQueueTime:1.125e-06 ExecTotalTime:8.8667e-05} Samples:0x140017d37a0}" spanID=0000000000000000
time=2026-08-02T15:45:17.583-07:00 level=WARN msg="Query returned multiple series, only first will be used" test=archv2-nxm tool=conduit-v2 collector=conduit type=conduit collector=conduit type=conduit series-count=2
time=2026-08-02T15:45:17.584-07:00 level=DEBUG msg="Query returned data" test=archv2-nxm tool=conduit-v2 collector=conduit type=conduit collector=conduit type=conduit name=msg-megabytes-in-per-second[archv2-nxm] series-count=1 last-value=0.2548986064169354
time=2026-08-02T15:45:17.584-07:00 level=DEBUG msg="promql query logged" test=archv2-nxm tool=conduit-v2 collector=conduit type=conduit collector=conduit type=conduit params="map[end:2026-08-02T22:45:17.584Z query:rate(conduit_connector_bytes_sum{pipeline_name=\"archv2-nxm\",type=\"destination\"}[2s])/1048576 start:2026-08-02T22:44:19.579Z step:1]" stats="&{Timings:{EvalTotalTime:0.00010925 ResultSortTime:8.33e-07 QueryPreparationTime:1.2417e-05 InnerEvalTime:9.15e-05 ExecQueueTime:1.959e-06 ExecTotalTime:0.000112583} Samples:0x14001884960}" spanID=0000000000000000
time=2026-08-02T15:45:17.584-07:00 level=WARN msg="Query returned multiple series, only first will be used" test=archv2-nxm tool=conduit-v2 collector=conduit type=conduit collector=conduit type=conduit series-count=2
time=2026-08-02T15:45:17.584-07:00 level=DEBUG msg="Query returned data" test=archv2-nxm tool=conduit-v2 collector=conduit type=conduit collector=conduit type=conduit name=msg-megabytes-out-per-second[archv2-nxm] series-count=1 last-value=0.513770537290401
time=2026-08-02T15:45:17.685-07:00 level=DEBUG msg="Inspecting container" model=container-monitor name=benchi-conduit
time=2026-08-02T15:45:18.192-07:00 level=DEBUG msg="Inspecting container" model=container-monitor name=benchi-conduit
time=2026-08-02T15:45:18.580-07:00 level=DEBUG msg="promql query logged" test=archv2-nxm tool=conduit-v2 collector=conduit type=conduit collector=conduit type=conduit params="map[end:2026-08-02T22:45:18.579Z query:rate(conduit_pipeline_execution_duration_seconds_count{pipeline_name=\"archv2-nxm\"}[2s]) start:2026-08-02T22:44:19.579Z step:1]" stats="&{Timings:{EvalTotalTime:0.000118458 ResultSortTime:1.166e-06 QueryPreparationTime:3.3708e-05 InnerEvalTime:7.3833e-05 ExecQueueTime:4.75e-06 ExecTotalTime:0.00013425} Samples:0x140019a5080}" spanID=0000000000000000
time=2026-08-02T15:45:18.580-07:00 level=DEBUG msg="Query returned data" test=archv2-nxm tool=conduit-v2 collector=conduit type=conduit collector=conduit type=conduit name=msg-rate-per-second[archv2-nxm] series-count=1 last-value=18835
time=2026-08-02T15:45:18.580-07:00 level=DEBUG msg="promql query logged" test=archv2-nxm tool=conduit-v2 collector=conduit type=conduit collector=conduit type=conduit params="map[end:2026-08-02T22:45:18.580Z query:rate(conduit_connector_bytes_sum{pipeline_name=\"archv2-nxm\",type=\"source\"}[2s])/1048576 start:2026-08-02T22:44:19.579Z step:1]" stats="&{Timings:{EvalTotalTime:0.000169583 ResultSortTime:1.542e-06 QueryPreparationTime:1.6041e-05 InnerEvalTime:0.000146083 ExecQueueTime:1.75e-06 ExecTotalTime:0.000174208} Samples:0x140019a5740}" spanID=0000000000000000
time=2026-08-02T15:45:18.580-07:00 level=WARN msg="Query returned multiple series, only first will be used" test=archv2-nxm tool=conduit-v2 collector=conduit type=conduit collector=conduit type=conduit series-count=2
time=2026-08-02T15:45:18.581-07:00 level=DEBUG msg="Query returned data" test=archv2-nxm tool=conduit-v2 collector=conduit type=conduit collector=conduit type=conduit name=msg-megabytes-in-per-second[archv2-nxm] series-count=1 last-value=0.2678794860839844
time=2026-08-02T15:45:18.581-07:00 level=DEBUG msg="promql query logged" test=archv2-nxm tool=conduit-v2 collector=conduit type=conduit collector=conduit type=conduit params="map[end:2026-08-02T22:45:18.581Z query:rate(conduit_connector_bytes_sum{pipeline_name=\"archv2-nxm\",type=\"destination\"}[2s])/1048576 start:2026-08-02T22:44:19.579Z step:1]" stats="&{Timings:{EvalTotalTime:0.000131 ResultSortTime:7.08e-07 QueryPreparationTime:1.275e-05 InnerEvalTime:0.000112208 ExecQueueTime:1.376e-06 ExecTotalTime:0.000134708} Samples:0x140019bee40}" spanID=0000000000000000
time=2026-08-02T15:45:18.581-07:00 level=WARN msg="Query returned multiple series, only first will be used" test=archv2-nxm tool=conduit-v2 collector=conduit type=conduit collector=conduit type=conduit series-count=2
time=2026-08-02T15:45:18.582-07:00 level=DEBUG msg="Query returned data" test=archv2-nxm tool=conduit-v2 collector=conduit type=conduit collector=conduit type=conduit name=msg-megabytes-out-per-second[archv2-nxm] series-count=1 last-value=0.5324058532714844
time=2026-08-02T15:45:18.695-07:00 level=DEBUG msg="Inspecting container" model=container-monitor name=benchi-conduit
time=2026-08-02T15:45:19.201-07:00 level=DEBUG msg="Inspecting container" model=container-monitor name=benchi-conduit
time=2026-08-02T15:45:19.580-07:00 level=INFO msg="Test in progress" test=archv2-nxm tool=conduit-v2 step=test time-left=0s
time=2026-08-02T15:45:19.581-07:00 level=DEBUG msg="promql query logged" test=archv2-nxm tool=conduit-v2 collector=conduit type=conduit collector=conduit type=conduit params="map[end:2026-08-02T22:45:19.580Z query:rate(conduit_pipeline_execution_duration_seconds_count{pipeline_name=\"archv2-nxm\"}[2s]) start:2026-08-02T22:44:19.579Z step:1]" stats="&{Timings:{EvalTotalTime:7.9792e-05 ResultSortTime:7.91e-07 QueryPreparationTime:1.9584e-05 InnerEvalTime:5.0958e-05 ExecQueueTime:3.208e-06 ExecTotalTime:8.6e-05} Samples:0x140011905a0}" spanID=0000000000000000
time=2026-08-02T15:45:19.581-07:00 level=DEBUG msg="Query returned data" test=archv2-nxm tool=conduit-v2 collector=conduit type=conduit collector=conduit type=conduit name=msg-rate-per-second[archv2-nxm] series-count=1 last-value=22708
time=2026-08-02T15:45:19.581-07:00 level=DEBUG msg="promql query logged" test=archv2-nxm tool=conduit-v2 collector=conduit type=conduit collector=conduit type=conduit params="map[end:2026-08-02T22:45:19.581Z query:rate(conduit_connector_bytes_sum{pipeline_name=\"archv2-nxm\",type=\"source\"}[2s])/1048576 start:2026-08-02T22:44:19.579Z step:1]" stats="&{Timings:{EvalTotalTime:0.000240625 ResultSortTime:1.167e-06 QueryPreparationTime:4.4375e-05 InnerEvalTime:0.000186542 ExecQueueTime:1.334e-06 ExecTotalTime:0.000244416} Samples:0x140009f5b30}" spanID=0000000000000000
time=2026-08-02T15:45:19.581-07:00 level=WARN msg="Query returned multiple series, only first will be used" test=archv2-nxm tool=conduit-v2 collector=conduit type=conduit collector=conduit type=conduit series-count=2
time=2026-08-02T15:45:19.581-07:00 level=DEBUG msg="Query returned data" test=archv2-nxm tool=conduit-v2 collector=conduit type=conduit collector=conduit type=conduit name=msg-megabytes-in-per-second[archv2-nxm] series-count=1 last-value=0.3198575973510742
time=2026-08-02T15:45:19.582-07:00 level=DEBUG msg="promql query logged" test=archv2-nxm tool=conduit-v2 collector=conduit type=conduit collector=conduit type=conduit params="map[end:2026-08-02T22:45:19.581Z query:rate(conduit_connector_bytes_sum{pipeline_name=\"archv2-nxm\",type=\"destination\"}[2s])/1048576 start:2026-08-02T22:44:19.579Z step:1]" stats="&{Timings:{EvalTotalTime:0.000106625 ResultSortTime:6.66e-07 QueryPreparationTime:1.1666e-05 InnerEvalTime:8.9792e-05 ExecQueueTime:1.25e-06 ExecTotalTime:0.00010975} Samples:0x140018a1230}" spanID=0000000000000000
time=2026-08-02T15:45:19.582-07:00 level=WARN msg="Query returned multiple series, only first will be used" test=archv2-nxm tool=conduit-v2 collector=conduit type=conduit collector=conduit type=conduit series-count=2
time=2026-08-02T15:45:19.582-07:00 level=DEBUG msg="Query returned data" test=archv2-nxm tool=conduit-v2 collector=conduit type=conduit collector=conduit type=conduit name=msg-megabytes-out-per-second[archv2-nxm] series-count=1 last-value=0.6417722702026367
time=2026-08-02T15:45:19.706-07:00 level=DEBUG msg="Inspecting container" model=container-monitor name=benchi-conduit
time=2026-08-02T15:45:20.086-07:00 level=INFO msg="Step successful" test=archv2-nxm tool=conduit-v2 step=test
time=2026-08-02T15:45:20.086-07:00 level=INFO msg="Running step" test=archv2-nxm tool=conduit-v2 step=post-test
time=2026-08-02T15:45:20.086-07:00 level=INFO msg="Exporting metrics" test=archv2-nxm tool=conduit-v2 step=post-test collector=docker path=/Users/devarisbrown/Code/projects/conduit/benchi/archv2-nxm/results/r1/archv2-nxm_conduit-v2/docker.csv
time=2026-08-02T15:45:20.087-07:00 level=INFO msg="Exporting metrics" test=archv2-nxm tool=conduit-v2 step=post-test collector=conduit path=/Users/devarisbrown/Code/projects/conduit/benchi/archv2-nxm/results/r1/archv2-nxm_conduit-v2/conduit.csv
time=2026-08-02T15:45:20.087-07:00 level=DEBUG msg="Running hooks" test=archv2-nxm tool=conduit-v2 step=post-test count=0
time=2026-08-02T15:45:20.087-07:00 level=INFO msg="Step successful" test=archv2-nxm tool=conduit-v2 step=post-test
time=2026-08-02T15:45:20.088-07:00 level=INFO msg="Running step" test=archv2-nxm tool=conduit-v2 step=pre-cleanup
time=2026-08-02T15:45:20.088-07:00 level=DEBUG msg="Running hooks" test=archv2-nxm tool=conduit-v2 step=pre-cleanup count=0
time=2026-08-02T15:45:20.088-07:00 level=INFO msg="Step successful" test=archv2-nxm tool=conduit-v2 step=pre-cleanup
time=2026-08-02T15:45:20.088-07:00 level=INFO msg="Running step" test=archv2-nxm tool=conduit-v2 step=cleanup
time=2026-08-02T15:45:20.088-07:00 level=INFO msg="Stopping containers" test=archv2-nxm tool=conduit-v2 step=tool
time=2026-08-02T15:45:20.088-07:00 level=DEBUG msg="Executing command" command="/usr/local/bin/docker compose -f ./tools/compose-conduit-v2.yml down"
time=2026-08-02T15:45:20.215-07:00 level=DEBUG msg="Inspecting container" model=container-monitor name=benchi-conduit
time=2026-08-02T15:45:20.471-07:00 level=INFO msg="Step successful" test=archv2-nxm tool=conduit-v2 step=cleanup
time=2026-08-02T15:45:20.471-07:00 level=INFO msg="Running step" test=archv2-nxm tool=conduit-v2 step=post-cleanup
time=2026-08-02T15:45:20.471-07:00 level=DEBUG msg="Running hooks" test=archv2-nxm tool=conduit-v2 step=post-cleanup count=0
time=2026-08-02T15:45:20.471-07:00 level=INFO msg="Step successful" test=archv2-nxm tool=conduit-v2 step=post-cleanup
time=2026-08-02T15:45:20.471-07:00 level=INFO msg="Exporting aggregated metrics" path=/Users/devarisbrown/Code/projects/conduit/benchi/archv2-nxm/results/r1/aggregated-results.csv
time=2026-08-02T15:45:20.473-07:00 level=INFO msg="Removing docker network" network=benchi
time=2026-08-02T15:45:20.473-07:00 level=INFO msg="Removing network" network=benchi
time=2026-08-02T15:45:20.696-07:00 level=INFO msg="Network removed" network=benchi
