time=2026-08-02T15:38:54.003-07:00 level=INFO msg="Results directory" path=/Users/devarisbrown/Code/projects/conduit/benchi/archv2-parity/results/r2
time=2026-08-02T15:38:54.003-07:00 level=INFO msg="Config file" path=/Users/devarisbrown/Code/projects/conduit/benchi/archv2-parity/bench.yml
time=2026-08-02T15:38:54.004-07:00 level=INFO msg="Parsed config" path=/Users/devarisbrown/Code/projects/conduit/benchi/archv2-parity/bench.yml
time=2026-08-02T15:38:54.004-07:00 level=INFO msg="Creating docker client"
time=2026-08-02T15:38:54.006-07:00 level=INFO msg="Creating docker network" network=benchi
time=2026-08-02T15:38:54.009-07:00 level=INFO msg="Docker network not found, creating it" network=benchi
time=2026-08-02T15:38:55.040-07:00 level=INFO msg="Network created" network-id=7033ea33ac7d0eca55615c4a486e5e340d591868f193978c8ee61a2290e096eb
time=2026-08-02T15:38:55.058-07:00 level=INFO msg="Using network" network=benchi network-id=7033ea33ac7d0eca55615c4a486e5e340d591868f193978c8ee61a2290e096eb
time=2026-08-02T15:38:55.058-07:00 level=DEBUG msg="Executing command" command="/usr/local/bin/docker compose -f ./tools/compose-conduit-v1.yml config --format json"
time=2026-08-02T15:38:55.166-07:00 level=INFO msg="Replaying on-disk memory mappable chunks if any" test=archv2-parity tool=conduit-v1 collector=conduit type=conduit collector=conduit type=conduit collector.prometheus=tsdb
time=2026-08-02T15:38:55.166-07:00 level=INFO msg="On-disk memory mappable chunks replay completed" test=archv2-parity tool=conduit-v1 collector=conduit type=conduit collector=conduit type=conduit collector.prometheus=tsdb duration=7.792µs
time=2026-08-02T15:38:55.166-07:00 level=INFO msg="Replaying WAL, this may take a while" test=archv2-parity tool=conduit-v1 collector=conduit type=conduit collector=conduit type=conduit collector.prometheus=tsdb
time=2026-08-02T15:38:55.169-07:00 level=INFO msg="WAL segment loaded" test=archv2-parity tool=conduit-v1 collector=conduit type=conduit collector=conduit type=conduit collector.prometheus=tsdb segment=0 maxSegment=0
time=2026-08-02T15:38:55.169-07:00 level=INFO msg="WAL replay completed" test=archv2-parity tool=conduit-v1 collector=conduit type=conduit collector=conduit type=conduit collector.prometheus=tsdb checkpoint_replay_duration=153.584µs wal_replay_duration=3.183834ms wbl_replay_duration=167ns chunk_snapshot_load_duration=0s mmap_chunk_replay_duration=7.792µs total_replay_duration=3.407666ms
time=2026-08-02T15:38:55.193-07:00 level=DEBUG msg="Lookback delta is zero, setting to default value" test=archv2-parity tool=conduit-v1 collector=conduit type=conduit collector=conduit type=conduit collector.prometheus="query engine" value=5m0s
time=2026-08-02T15:38:55.194-07:00 level=DEBUG msg="Executing command" command="/usr/local/bin/docker compose -f ./tools/compose-conduit-v2.yml config --format json"
time=2026-08-02T15:38:55.305-07:00 level=INFO msg="Replaying on-disk memory mappable chunks if any" test=archv2-parity tool=conduit-v2 collector=conduit type=conduit collector=conduit type=conduit collector.prometheus=tsdb
time=2026-08-02T15:38:55.305-07:00 level=INFO msg="On-disk memory mappable chunks replay completed" test=archv2-parity tool=conduit-v2 collector=conduit type=conduit collector=conduit type=conduit collector.prometheus=tsdb duration=4.375µs
time=2026-08-02T15:38:55.305-07:00 level=INFO msg="Replaying WAL, this may take a while" test=archv2-parity tool=conduit-v2 collector=conduit type=conduit collector=conduit type=conduit collector.prometheus=tsdb
time=2026-08-02T15:38:55.306-07:00 level=INFO msg="WAL segment loaded" test=archv2-parity tool=conduit-v2 collector=conduit type=conduit collector=conduit type=conduit collector.prometheus=tsdb segment=0 maxSegment=0
time=2026-08-02T15:38:55.306-07:00 level=INFO msg="WAL replay completed" test=archv2-parity tool=conduit-v2 collector=conduit type=conduit collector=conduit type=conduit collector.prometheus=tsdb checkpoint_replay_duration=136.042µs wal_replay_duration=333.208µs wbl_replay_duration=166ns chunk_snapshot_load_duration=0s mmap_chunk_replay_duration=4.375µs total_replay_duration=557.667µs
time=2026-08-02T15:38:55.311-07:00 level=DEBUG msg="Lookback delta is zero, setting to default value" test=archv2-parity tool=conduit-v2 collector=conduit type=conduit collector=conduit type=conduit collector.prometheus="query engine" value=5m0s
time=2026-08-02T15:38:55.312-07:00 level=INFO msg="Running step" test=archv2-parity tool=conduit-v1 step=pre-infrastructure
time=2026-08-02T15:38:55.312-07:00 level=INFO msg="Pulling docker images for tool containers" test=archv2-parity tool=conduit-v1 step=pre-infrastructure containers=[benchi-conduit]
time=2026-08-02T15:38:55.312-07:00 level=DEBUG msg="Executing command" command="/usr/local/bin/docker compose -f ./tools/compose-conduit-v1.yml pull"
time=2026-08-02T15:38:55.416-07:00 level=INFO msg="Pulling docker images for hooks" test=archv2-parity tool=conduit-v1 step=pre-infrastructure images=[]
time=2026-08-02T15:38:55.416-07:00 level=DEBUG msg="Running hooks" test=archv2-parity tool=conduit-v1 step=pre-infrastructure count=0
time=2026-08-02T15:38:55.416-07:00 level=INFO msg="Step successful" test=archv2-parity tool=conduit-v1 step=pre-infrastructure
time=2026-08-02T15:38:55.416-07:00 level=INFO msg="Running step" test=archv2-parity tool=conduit-v1 step=infrastructure
time=2026-08-02T15:38:55.416-07:00 level=INFO msg="No infrastructure to start" test=archv2-parity tool=conduit-v1 step=infrastructure
time=2026-08-02T15:38:55.417-07:00 level=INFO msg="Step successful" test=archv2-parity tool=conduit-v1 step=infrastructure
time=2026-08-02T15:38:55.417-07:00 level=INFO msg="Running step" test=archv2-parity tool=conduit-v1 step=post-infrastructure
time=2026-08-02T15:38:55.417-07:00 level=DEBUG msg="Running hooks" test=archv2-parity tool=conduit-v1 step=post-infrastructure count=0
time=2026-08-02T15:38:55.417-07:00 level=INFO msg="Step successful" test=archv2-parity tool=conduit-v1 step=post-infrastructure
time=2026-08-02T15:38:55.417-07:00 level=INFO msg="Running step" test=archv2-parity tool=conduit-v1 step=pre-tool
time=2026-08-02T15:38:55.417-07:00 level=DEBUG msg="Running hooks" test=archv2-parity tool=conduit-v1 step=pre-tool count=0
time=2026-08-02T15:38:55.417-07:00 level=INFO msg="Step successful" test=archv2-parity tool=conduit-v1 step=pre-tool
time=2026-08-02T15:38:55.417-07:00 level=INFO msg="Running step" test=archv2-parity tool=conduit-v1 step=tool
time=2026-08-02T15:38:55.417-07:00 level=INFO msg="Waiting for container status to be healthy" test=archv2-parity tool=conduit-v1 step=tool container=benchi-conduit status=N/A
time=2026-08-02T15:38:55.418-07:00 level=DEBUG msg="Executing command" command="/usr/local/bin/docker compose -f ./tools/compose-conduit-v1.yml up"
time=2026-08-02T15:38:55.812-07:00 level=DEBUG msg="Inspecting container" model=container-monitor name=benchi-conduit
time=2026-08-02T15:38:56.322-07:00 level=DEBUG msg="Inspecting container" model=container-monitor name=benchi-conduit
time=2026-08-02T15:38:56.425-07:00 level=DEBUG msg="Inspected container" test=archv2-parity tool=conduit-v1 step=tool container=benchi-conduit response="{ContainerJSONBase:0x140007809a0 Mounts:[{Type:bind Name: Source:/Users/devarisbrown/Code/projects/conduit/benchi/archv2-parity/pipeline.yml Destination:/app/pipelines/pipeline.yml Driver: Mode:rw RW:true Propagation:rprivate}] Config:0x14000238b40 NetworkSettings:0x1400098e100 ImageManifestDescriptor:<nil>}" state="{Status:running Running:true Paused:false Restarting:false OOMKilled:false Dead:false Pid:71134 ExitCode:0 Error: StartedAt:2026-08-02T22:38:55.619641793Z FinishedAt:0001-01-01T00:00:00Z Health:<nil>}"
time=2026-08-02T15:38:56.425-07:00 level=INFO msg="Container is running (consider adding a health check!)" test=archv2-parity tool=conduit-v1 step=tool container=/benchi-conduit
time=2026-08-02T15:38:56.425-07:00 level=INFO msg="Tools started" test=archv2-parity tool=conduit-v1 step=tool
time=2026-08-02T15:38:56.425-07:00 level=INFO msg="Step successful" test=archv2-parity tool=conduit-v1 step=tool
time=2026-08-02T15:38:56.425-07:00 level=INFO msg="Running step" test=archv2-parity tool=conduit-v1 step=post-tool
time=2026-08-02T15:38:56.425-07:00 level=DEBUG msg="Running hooks" test=archv2-parity tool=conduit-v1 step=post-tool count=0
time=2026-08-02T15:38:56.425-07:00 level=INFO msg="Step successful" test=archv2-parity tool=conduit-v1 step=post-tool
time=2026-08-02T15:38:56.425-07:00 level=INFO msg="Running step" test=archv2-parity tool=conduit-v1 step=pre-test
time=2026-08-02T15:38:56.425-07:00 level=DEBUG msg="Running hooks" test=archv2-parity tool=conduit-v1 step=pre-test count=0
time=2026-08-02T15:38:56.425-07:00 level=INFO msg="Step successful" test=archv2-parity tool=conduit-v1 step=pre-test
time=2026-08-02T15:38:56.425-07:00 level=INFO msg="Running step" test=archv2-parity tool=conduit-v1 step=test
time=2026-08-02T15:38:56.425-07:00 level=INFO msg="Running collector" test=archv2-parity tool=conduit-v1 step=test name=conduit type=conduit
time=2026-08-02T15:38:56.425-07:00 level=INFO msg="Running collector" test=archv2-parity tool=conduit-v1 step=test name=docker type=docker
time=2026-08-02T15:38:56.425-07:00 level=INFO msg="Test in progress" test=archv2-parity tool=conduit-v1 step=test time-left=1m0s
time=2026-08-02T15:38:56.425-07:00 level=DEBUG msg="Collecting stats" test=archv2-parity tool=conduit-v1 collector=docker type=docker collector=docker type=docker container=benchi-conduit
time=2026-08-02T15:38:56.840-07:00 level=DEBUG msg="Inspecting container" model=container-monitor name=benchi-conduit
time=2026-08-02T15:38:57.356-07:00 level=DEBUG msg="Inspecting container" model=container-monitor name=benchi-conduit
time=2026-08-02T15:38:57.428-07:00 level=DEBUG msg="promql query logged" test=archv2-parity tool=conduit-v1 collector=conduit type=conduit collector=conduit type=conduit params="map[end:2026-08-02T22:38:57.426Z query:rate(conduit_pipeline_execution_duration_seconds_count{pipeline_name=\"archv2-parity\"}[2s]) start:2026-08-02T22:38:56.425Z step:1]" stats="&{Timings:{EvalTotalTime:0.001140791 ResultSortTime:9.17e-07 QueryPreparationTime:5.3875e-05 InnerEvalTime:0.001062792 ExecQueueTime:5.25e-06 ExecTotalTime:0.001168167} Samples:0x14000fac450}" spanID=0000000000000000
time=2026-08-02T15:38:57.428-07:00 level=DEBUG msg="No data returned from query" test=archv2-parity tool=conduit-v1 collector=conduit type=conduit collector=conduit type=conduit
time=2026-08-02T15:38:57.429-07:00 level=DEBUG msg="promql query logged" test=archv2-parity tool=conduit-v1 collector=conduit type=conduit collector=conduit type=conduit params="map[end:2026-08-02T22:38:57.428Z query:rate(conduit_connector_bytes_sum{pipeline_name=\"archv2-parity\",type=\"source\"}[2s])/1048576 start:2026-08-02T22:38:56.425Z step:1]" stats="&{Timings:{EvalTotalTime:7.6e-05 ResultSortTime:8.3e-08 QueryPreparationTime:1.275e-05 InnerEvalTime:6.1e-05 ExecQueueTime:7.91e-07 ExecTotalTime:7.7542e-05} Samples:0x14000facab0}" spanID=0000000000000000
time=2026-08-02T15:38:57.429-07:00 level=DEBUG msg="No data returned from query" test=archv2-parity tool=conduit-v1 collector=conduit type=conduit collector=conduit type=conduit
time=2026-08-02T15:38:57.429-07:00 level=DEBUG msg="promql query logged" test=archv2-parity tool=conduit-v1 collector=conduit type=conduit collector=conduit type=conduit params="map[end:2026-08-02T22:38:57.429Z query:rate(conduit_connector_bytes_sum{pipeline_name=\"archv2-parity\",type=\"destination\"}[2s])/1048576 start:2026-08-02T22:38:56.425Z step:1]" stats="&{Timings:{EvalTotalTime:2.0125e-05 ResultSortTime:8.3e-08 QueryPreparationTime:3.084e-06 InnerEvalTime:1.5416e-05 ExecQueueTime:4.58e-07 ExecTotalTime:2.2041e-05} Samples:0x14000fad110}" spanID=0000000000000000
time=2026-08-02T15:38:57.429-07:00 level=DEBUG msg="No data returned from query" test=archv2-parity tool=conduit-v1 collector=conduit type=conduit collector=conduit type=conduit
time=2026-08-02T15:38:57.868-07:00 level=DEBUG msg="Inspecting container" model=container-monitor name=benchi-conduit
time=2026-08-02T15:38:58.379-07:00 level=DEBUG msg="Inspecting container" model=container-monitor name=benchi-conduit
time=2026-08-02T15:38:58.426-07:00 level=DEBUG msg="promql query logged" test=archv2-parity tool=conduit-v1 collector=conduit type=conduit collector=conduit type=conduit params="map[end:2026-08-02T22:38:58.426Z query:rate(conduit_pipeline_execution_duration_seconds_count{pipeline_name=\"archv2-parity\"}[2s]) start:2026-08-02T22:38:56.425Z step:1]" stats="&{Timings:{EvalTotalTime:4.5333e-05 ResultSortTime:3.75e-07 QueryPreparationTime:1.55e-05 InnerEvalTime:2.5042e-05 ExecQueueTime:2.709e-06 ExecTotalTime:5.0166e-05} Samples:0x140011fec90}" spanID=0000000000000000
time=2026-08-02T15:38:58.426-07:00 level=DEBUG msg="Query returned data" test=archv2-parity tool=conduit-v1 collector=conduit type=conduit collector=conduit type=conduit name=msg-rate-per-second[archv2-parity] series-count=1 last-value=29028
time=2026-08-02T15:38:58.426-07:00 level=DEBUG msg="promql query logged" test=archv2-parity tool=conduit-v1 collector=conduit type=conduit collector=conduit type=conduit params="map[end:2026-08-02T22:38:58.426Z query:rate(conduit_connector_bytes_sum{pipeline_name=\"archv2-parity\",type=\"source\"}[2s])/1048576 start:2026-08-02T22:38:56.425Z step:1]" stats="&{Timings:{EvalTotalTime:3.3709e-05 ResultSortTime:2.09e-07 QueryPreparationTime:6.75e-06 InnerEvalTime:2.0375e-05 ExecQueueTime:7.92e-07 ExecTotalTime:3.6e-05} Samples:0x140011ff350}" spanID=0000000000000000
time=2026-08-02T15:38:58.427-07:00 level=DEBUG msg="Query returned data" test=archv2-parity tool=conduit-v1 collector=conduit type=conduit collector=conduit type=conduit name=msg-megabytes-in-per-second[archv2-parity] series-count=1 last-value=0.8207006454467773
time=2026-08-02T15:38:58.427-07:00 level=DEBUG msg="promql query logged" test=archv2-parity tool=conduit-v1 collector=conduit type=conduit collector=conduit type=conduit params="map[end:2026-08-02T22:38:58.427Z query:rate(conduit_connector_bytes_sum{pipeline_name=\"archv2-parity\",type=\"destination\"}[2s])/1048576 start:2026-08-02T22:38:56.425Z step:1]" stats="&{Timings:{EvalTotalTime:2.4917e-05 ResultSortTime:1.67e-07 QueryPreparationTime:4.375e-06 InnerEvalTime:1.7625e-05 ExecQueueTime:6.25e-07 ExecTotalTime:2.6958e-05} Samples:0x140011ff9b0}" spanID=0000000000000000
time=2026-08-02T15:38:58.427-07:00 level=DEBUG msg="Query returned data" test=archv2-parity tool=conduit-v1 collector=conduit type=conduit collector=conduit type=conduit name=msg-megabytes-out-per-second[archv2-parity] series-count=1 last-value=0.820652961730957
time=2026-08-02T15:38:58.884-07:00 level=DEBUG msg="Inspecting container" model=container-monitor name=benchi-conduit
time=2026-08-02T15:38:59.389-07:00 level=DEBUG msg="Inspecting container" model=container-monitor name=benchi-conduit
time=2026-08-02T15:38:59.425-07:00 level=DEBUG msg="promql query logged" test=archv2-parity tool=conduit-v1 collector=conduit type=conduit collector=conduit type=conduit params="map[end:2026-08-02T22:38:59.425Z query:rate(conduit_pipeline_execution_duration_seconds_count{pipeline_name=\"archv2-parity\"}[2s]) start:2026-08-02T22:38:56.425Z step:1]" stats="&{Timings:{EvalTotalTime:9.2125e-05 ResultSortTime:4.59e-07 QueryPreparationTime:2.6292e-05 InnerEvalTime:5.7708e-05 ExecQueueTime:2.249e-06 ExecTotalTime:9.7875e-05} Samples:0x14001134180}" spanID=0000000000000000
time=2026-08-02T15:38:59.425-07:00 level=DEBUG msg="Query returned data" test=archv2-parity tool=conduit-v1 collector=conduit type=conduit collector=conduit type=conduit name=msg-rate-per-second[archv2-parity] series-count=1 last-value=29228
time=2026-08-02T15:38:59.426-07:00 level=DEBUG msg="promql query logged" test=archv2-parity tool=conduit-v1 collector=conduit type=conduit collector=conduit type=conduit params="map[end:2026-08-02T22:38:59.425Z query:rate(conduit_connector_bytes_sum{pipeline_name=\"archv2-parity\",type=\"source\"}[2s])/1048576 start:2026-08-02T22:38:56.425Z step:1]" stats="&{Timings:{EvalTotalTime:5.9334e-05 ResultSortTime:1.25e-07 QueryPreparationTime:9.417e-06 InnerEvalTime:4.6209e-05 ExecQueueTime:1.376e-06 ExecTotalTime:6.2709e-05} Samples:0x14001134810}" spanID=0000000000000000
time=2026-08-02T15:38:59.426-07:00 level=DEBUG msg="Query returned data" test=archv2-parity tool=conduit-v1 collector=conduit type=conduit collector=conduit type=conduit name=msg-megabytes-in-per-second[archv2-parity] series-count=1 last-value=0.8276510238647461
time=2026-08-02T15:38:59.426-07:00 level=DEBUG msg="promql query logged" test=archv2-parity tool=conduit-v1 collector=conduit type=conduit collector=conduit type=conduit params="map[end:2026-08-02T22:38:59.426Z query:rate(conduit_connector_bytes_sum{pipeline_name=\"archv2-parity\",type=\"destination\"}[2s])/1048576 start:2026-08-02T22:38:56.425Z step:1]" stats="&{Timings:{EvalTotalTime:3.6167e-05 ResultSortTime:1.25e-07 QueryPreparationTime:5.625e-06 InnerEvalTime:2.5125e-05 ExecQueueTime:1.042e-06 ExecTotalTime:3.8709e-05} Samples:0x14001134e70}" spanID=0000000000000000
time=2026-08-02T15:38:59.426-07:00 level=DEBUG msg="Query returned data" test=archv2-parity tool=conduit-v1 collector=conduit type=conduit collector=conduit type=conduit name=msg-megabytes-out-per-second[archv2-parity] series-count=1 last-value=0.8276510238647461
time=2026-08-02T15:38:59.894-07:00 level=DEBUG msg="Inspecting container" model=container-monitor name=benchi-conduit
time=2026-08-02T15:39:00.402-07:00 level=DEBUG msg="Inspecting container" model=container-monitor name=benchi-conduit
time=2026-08-02T15:39:00.426-07:00 level=DEBUG msg="promql query logged" test=archv2-parity tool=conduit-v1 collector=conduit type=conduit collector=conduit type=conduit params="map[end:2026-08-02T22:39:00.425Z query:rate(conduit_pipeline_execution_duration_seconds_count{pipeline_name=\"archv2-parity\"}[2s]) start:2026-08-02T22:38:56.425Z step:1]" stats="&{Timings:{EvalTotalTime:6.8959e-05 ResultSortTime:4.17e-07 QueryPreparationTime:2.4375e-05 InnerEvalTime:3.9375e-05 ExecQueueTime:2.166e-06 ExecTotalTime:7.3958e-05} Samples:0x1400106dce0}" spanID=0000000000000000
time=2026-08-02T15:39:00.426-07:00 level=DEBUG msg="Query returned data" test=archv2-parity tool=conduit-v1 collector=conduit type=conduit collector=conduit type=conduit name=msg-rate-per-second[archv2-parity] series-count=1 last-value=30619
time=2026-08-02T15:39:00.427-07:00 level=DEBUG msg="promql query logged" test=archv2-parity tool=conduit-v1 collector=conduit type=conduit collector=conduit type=conduit params="map[end:2026-08-02T22:39:00.427Z query:rate(conduit_connector_bytes_sum{pipeline_name=\"archv2-parity\",type=\"source\"}[2s])/1048576 start:2026-08-02T22:38:56.425Z step:1]" stats="&{Timings:{EvalTotalTime:3.35e-05 ResultSortTime:1.67e-07 QueryPreparationTime:8.625e-06 InnerEvalTime:2.225e-05 ExecQueueTime:2.084e-06 ExecTotalTime:5.3792e-05} Samples:0x140012003f0}" spanID=0000000000000000
time=2026-08-02T15:39:00.427-07:00 level=DEBUG msg="Query returned data" test=archv2-parity tool=conduit-v1 collector=conduit type=conduit collector=conduit type=conduit name=msg-megabytes-in-per-second[archv2-parity] series-count=1 last-value=0.8646001815795898
time=2026-08-02T15:39:00.427-07:00 level=DEBUG msg="promql query logged" test=archv2-parity tool=conduit-v1 collector=conduit type=conduit collector=conduit type=conduit params="map[end:2026-08-02T22:39:00.427Z query:rate(conduit_connector_bytes_sum{pipeline_name=\"archv2-parity\",type=\"destination\"}[2s])/1048576 start:2026-08-02T22:38:56.425Z step:1]" stats="&{Timings:{EvalTotalTime:2.2292e-05 ResultSortTime:8.3e-08 QueryPreparationTime:2.75e-06 InnerEvalTime:1.3833e-05 ExecQueueTime:5.41e-07 ExecTotalTime:2.375e-05} Samples:0x14001200a50}" spanID=0000000000000000
time=2026-08-02T15:39:00.427-07:00 level=DEBUG msg="Query returned data" test=archv2-parity tool=conduit-v1 collector=conduit type=conduit collector=conduit type=conduit name=msg-megabytes-out-per-second[archv2-parity] series-count=1 last-value=0.8646001815795898
time=2026-08-02T15:39:00.924-07:00 level=DEBUG msg="Inspecting container" model=container-monitor name=benchi-conduit
time=2026-08-02T15:39:01.425-07:00 level=INFO msg="Test in progress" test=archv2-parity tool=conduit-v1 step=test time-left=55s
time=2026-08-02T15:39:01.426-07:00 level=DEBUG msg="promql query logged" test=archv2-parity tool=conduit-v1 collector=conduit type=conduit collector=conduit type=conduit params="map[end:2026-08-02T22:39:01.425Z query:rate(conduit_pipeline_execution_duration_seconds_count{pipeline_name=\"archv2-parity\"}[2s]) start:2026-08-02T22:38:56.425Z step:1]" stats="&{Timings:{EvalTotalTime:0.00014325 ResultSortTime:5.42e-07 QueryPreparationTime:7.3125e-05 InnerEvalTime:5.9083e-05 ExecQueueTime:5.292e-06 ExecTotalTime:0.000153167} Samples:0x14001284990}" spanID=0000000000000000
time=2026-08-02T15:39:01.426-07:00 level=DEBUG msg="Query returned data" test=archv2-parity tool=conduit-v1 collector=conduit type=conduit collector=conduit type=conduit name=msg-rate-per-second[archv2-parity] series-count=1 last-value=28166
time=2026-08-02T15:39:01.426-07:00 level=DEBUG msg="promql query logged" test=archv2-parity tool=conduit-v1 collector=conduit type=conduit collector=conduit type=conduit params="map[end:2026-08-02T22:39:01.426Z query:rate(conduit_connector_bytes_sum{pipeline_name=\"archv2-parity\",type=\"source\"}[2s])/1048576 start:2026-08-02T22:38:56.425Z step:1]" stats="&{Timings:{EvalTotalTime:0.000126958 ResultSortTime:5e-07 QueryPreparationTime:1.55e-05 InnerEvalTime:0.000105125 ExecQueueTime:1.625e-06 ExecTotalTime:0.000132917} Samples:0x14001284ff0}" spanID=0000000000000000
time=2026-08-02T15:39:01.427-07:00 level=DEBUG msg="Query returned data" test=archv2-parity tool=conduit-v1 collector=conduit type=conduit collector=conduit type=conduit name=msg-megabytes-in-per-second[archv2-parity] series-count=1 last-value=0.795166015625
time=2026-08-02T15:39:01.427-07:00 level=DEBUG msg="promql query logged" test=archv2-parity tool=conduit-v1 collector=conduit type=conduit collector=conduit type=conduit params="map[end:2026-08-02T22:39:01.427Z query:rate(conduit_connector_bytes_sum{pipeline_name=\"archv2-parity\",type=\"destination\"}[2s])/1048576 start:2026-08-02T22:38:56.425Z step:1]" stats="&{Timings:{EvalTotalTime:4.4375e-05 ResultSortTime:2.5e-07 QueryPreparationTime:1.6666e-05 InnerEvalTime:2.4792e-05 ExecQueueTime:1.958e-06 ExecTotalTime:4.7375e-05} Samples:0x14001285650}" spanID=0000000000000000
time=2026-08-02T15:39:01.427-07:00 level=DEBUG msg="Query returned data" test=archv2-parity tool=conduit-v1 collector=conduit type=conduit collector=conduit type=conduit name=msg-megabytes-out-per-second[archv2-parity] series-count=1 last-value=0.795166015625
time=2026-08-02T15:39:01.439-07:00 level=DEBUG msg="Inspecting container" model=container-monitor name=benchi-conduit
time=2026-08-02T15:39:01.947-07:00 level=DEBUG msg="Inspecting container" model=container-monitor name=benchi-conduit
time=2026-08-02T15:39:02.426-07:00 level=DEBUG msg="promql query logged" test=archv2-parity tool=conduit-v1 collector=conduit type=conduit collector=conduit type=conduit params="map[end:2026-08-02T22:39:02.426Z query:rate(conduit_pipeline_execution_duration_seconds_count{pipeline_name=\"archv2-parity\"}[2s]) start:2026-08-02T22:38:56.425Z step:1]" stats="&{Timings:{EvalTotalTime:0.0001475 ResultSortTime:7.5e-07 QueryPreparationTime:3.1583e-05 InnerEvalTime:0.000106458 ExecQueueTime:4.833e-06 ExecTotalTime:0.000155666} Samples:0x140012d66c0}" spanID=0000000000000000
time=2026-08-02T15:39:02.426-07:00 level=DEBUG msg="Query returned data" test=archv2-parity tool=conduit-v1 collector=conduit type=conduit collector=conduit type=conduit name=msg-rate-per-second[archv2-parity] series-count=1 last-value=28268
time=2026-08-02T15:39:02.426-07:00 level=DEBUG msg="promql query logged" test=archv2-parity tool=conduit-v1 collector=conduit type=conduit collector=conduit type=conduit params="map[end:2026-08-02T22:39:02.426Z query:rate(conduit_connector_bytes_sum{pipeline_name=\"archv2-parity\",type=\"source\"}[2s])/1048576 start:2026-08-02T22:38:56.425Z step:1]" stats="&{Timings:{EvalTotalTime:7.2292e-05 ResultSortTime:1.67e-07 QueryPreparationTime:1.0375e-05 InnerEvalTime:5.575e-05 ExecQueueTime:1.167e-06 ExecTotalTime:7.5709e-05} Samples:0x140012d6d20}" spanID=0000000000000000
time=2026-08-02T15:39:02.426-07:00 level=DEBUG msg="Query returned data" test=archv2-parity tool=conduit-v1 collector=conduit type=conduit collector=conduit type=conduit name=msg-megabytes-in-per-second[archv2-parity] series-count=1 last-value=0.7986631393432617
time=2026-08-02T15:39:02.426-07:00 level=DEBUG msg="promql query logged" test=archv2-parity tool=conduit-v1 collector=conduit type=conduit collector=conduit type=conduit params="map[end:2026-08-02T22:39:02.426Z query:rate(conduit_connector_bytes_sum{pipeline_name=\"archv2-parity\",type=\"destination\"}[2s])/1048576 start:2026-08-02T22:38:56.425Z step:1]" stats="&{Timings:{EvalTotalTime:2.8375e-05 ResultSortTime:1.25e-07 QueryPreparationTime:5.625e-06 InnerEvalTime:2.0125e-05 ExecQueueTime:1.375e-06 ExecTotalTime:3.1333e-05} Samples:0x140012d7380}" spanID=0000000000000000
time=2026-08-02T15:39:02.426-07:00 level=DEBUG msg="Query returned data" test=archv2-parity tool=conduit-v1 collector=conduit type=conduit collector=conduit type=conduit name=msg-megabytes-out-per-second[archv2-parity] series-count=1 last-value=0.7986631393432617
time=2026-08-02T15:39:02.458-07:00 level=DEBUG msg="Inspecting container" model=container-monitor name=benchi-conduit
time=2026-08-02T15:39:02.969-07:00 level=DEBUG msg="Inspecting container" model=container-monitor name=benchi-conduit
time=2026-08-02T15:39:03.426-07:00 level=DEBUG msg="promql query logged" test=archv2-parity tool=conduit-v1 collector=conduit type=conduit collector=conduit type=conduit params="map[end:2026-08-02T22:39:03.425Z query:rate(conduit_pipeline_execution_duration_seconds_count{pipeline_name=\"archv2-parity\"}[2s]) start:2026-08-02T22:38:56.425Z step:1]" stats="&{Timings:{EvalTotalTime:0.000109083 ResultSortTime:8.34e-07 QueryPreparationTime:2.8875e-05 InnerEvalTime:6.7208e-05 ExecQueueTime:5.583e-06 ExecTotalTime:0.000118} Samples:0x14001264cc0}" spanID=0000000000000000
time=2026-08-02T15:39:03.426-07:00 level=DEBUG msg="Query returned data" test=archv2-parity tool=conduit-v1 collector=conduit type=conduit collector=conduit type=conduit name=msg-rate-per-second[archv2-parity] series-count=1 last-value=28661
time=2026-08-02T15:39:03.426-07:00 level=DEBUG msg="promql query logged" test=archv2-parity tool=conduit-v1 collector=conduit type=conduit collector=conduit type=conduit params="map[end:2026-08-02T22:39:03.426Z query:rate(conduit_connector_bytes_sum{pipeline_name=\"archv2-parity\",type=\"source\"}[2s])/1048576 start:2026-08-02T22:38:56.425Z step:1]" stats="&{Timings:{EvalTotalTime:0.000102792 ResultSortTime:2.08e-07 QueryPreparationTime:1.8e-05 InnerEvalTime:7.975e-05 ExecQueueTime:1.501e-06 ExecTotalTime:0.000107708} Samples:0x14001265320}" spanID=0000000000000000
time=2026-08-02T15:39:03.426-07:00 level=DEBUG msg="Query returned data" test=archv2-parity tool=conduit-v1 collector=conduit type=conduit collector=conduit type=conduit name=msg-megabytes-in-per-second[archv2-parity] series-count=1 last-value=0.8094053268432617
time=2026-08-02T15:39:03.426-07:00 level=DEBUG msg="promql query logged" test=archv2-parity tool=conduit-v1 collector=conduit type=conduit collector=conduit type=conduit params="map[end:2026-08-02T22:39:03.426Z query:rate(conduit_connector_bytes_sum{pipeline_name=\"archv2-parity\",type=\"destination\"}[2s])/1048576 start:2026-08-02T22:38:56.425Z step:1]" stats="&{Timings:{EvalTotalTime:4.9666e-05 ResultSortTime:1.25e-07 QueryPreparationTime:1.3334e-05 InnerEvalTime:3.2417e-05 ExecQueueTime:1.041e-06 ExecTotalTime:5.25e-05} Samples:0x14001265980}" spanID=0000000000000000
time=2026-08-02T15:39:03.426-07:00 level=DEBUG msg="Query returned data" test=archv2-parity tool=conduit-v1 collector=conduit type=conduit collector=conduit type=conduit name=msg-megabytes-out-per-second[archv2-parity] series-count=1 last-value=0.8094701766967773
time=2026-08-02T15:39:03.476-07:00 level=DEBUG msg="Inspecting container" model=container-monitor name=benchi-conduit
time=2026-08-02T15:39:03.988-07:00 level=DEBUG msg="Inspecting container" model=container-monitor name=benchi-conduit
time=2026-08-02T15:39:04.426-07:00 level=DEBUG msg="promql query logged" test=archv2-parity tool=conduit-v1 collector=conduit type=conduit collector=conduit type=conduit params="map[end:2026-08-02T22:39:04.426Z query:rate(conduit_pipeline_execution_duration_seconds_count{pipeline_name=\"archv2-parity\"}[2s]) start:2026-08-02T22:38:56.425Z step:1]" stats="&{Timings:{EvalTotalTime:4.75e-05 ResultSortTime:3.75e-07 QueryPreparationTime:1.3667e-05 InnerEvalTime:2.8791e-05 ExecQueueTime:2.374e-06 ExecTotalTime:5.225e-05} Samples:0x14000b79b00}" spanID=0000000000000000
time=2026-08-02T15:39:04.426-07:00 level=DEBUG msg="Query returned data" test=archv2-parity tool=conduit-v1 collector=conduit type=conduit collector=conduit type=conduit name=msg-rate-per-second[archv2-parity] series-count=1 last-value=30054
time=2026-08-02T15:39:04.426-07:00 level=DEBUG msg="promql query logged" test=archv2-parity tool=conduit-v1 collector=conduit type=conduit collector=conduit type=conduit params="map[end:2026-08-02T22:39:04.426Z query:rate(conduit_connector_bytes_sum{pipeline_name=\"archv2-parity\",type=\"source\"}[2s])/1048576 start:2026-08-02T22:38:56.425Z step:1]" stats="&{Timings:{EvalTotalTime:5.4333e-05 ResultSortTime:1.25e-07 QueryPreparationTime:6.334e-06 InnerEvalTime:4.4542e-05 ExecQueueTime:7.08e-07 ExecTotalTime:5.7125e-05} Samples:0x1400136e1e0}" spanID=0000000000000000
time=2026-08-02T15:39:04.426-07:00 level=DEBUG msg="Query returned data" test=archv2-parity tool=conduit-v1 collector=conduit type=conduit collector=conduit type=conduit name=msg-megabytes-in-per-second[archv2-parity] series-count=1 last-value=0.8495607376098633
time=2026-08-02T15:39:04.426-07:00 level=DEBUG msg="promql query logged" test=archv2-parity tool=conduit-v1 collector=conduit type=conduit collector=conduit type=conduit params="map[end:2026-08-02T22:39:04.426Z query:rate(conduit_connector_bytes_sum{pipeline_name=\"archv2-parity\",type=\"destination\"}[2s])/1048576 start:2026-08-02T22:38:56.425Z step:1]" stats="&{Timings:{EvalTotalTime:2.3125e-05 ResultSortTime:1.66e-07 QueryPreparationTime:4.334e-06 InnerEvalTime:1.5875e-05 ExecQueueTime:7.07e-07 ExecTotalTime:2.5292e-05} Samples:0x1400136e840}" spanID=0000000000000000
time=2026-08-02T15:39:04.426-07:00 level=DEBUG msg="Query returned data" test=archv2-parity tool=conduit-v1 collector=conduit type=conduit collector=conduit type=conduit name=msg-megabytes-out-per-second[archv2-parity] series-count=1 last-value=0.8494958877563477
time=2026-08-02T15:39:04.495-07:00 level=DEBUG msg="Inspecting container" model=container-monitor name=benchi-conduit
time=2026-08-02T15:39:05.000-07:00 level=DEBUG msg="Inspecting container" model=container-monitor name=benchi-conduit
time=2026-08-02T15:39:05.426-07:00 level=DEBUG msg="promql query logged" test=archv2-parity tool=conduit-v1 collector=conduit type=conduit collector=conduit type=conduit params="map[end:2026-08-02T22:39:05.426Z query:rate(conduit_pipeline_execution_duration_seconds_count{pipeline_name=\"archv2-parity\"}[2s]) start:2026-08-02T22:38:56.425Z step:1]" stats="&{Timings:{EvalTotalTime:4.725e-05 ResultSortTime:3.33e-07 QueryPreparationTime:1.3875e-05 InnerEvalTime:2.8291e-05 ExecQueueTime:2.333e-06 ExecTotalTime:5.2542e-05} Samples:0x140014296e0}" spanID=0000000000000000
time=2026-08-02T15:39:05.426-07:00 level=DEBUG msg="Query returned data" test=archv2-parity tool=conduit-v1 collector=conduit type=conduit collector=conduit type=conduit name=msg-rate-per-second[archv2-parity] series-count=1 last-value=31328
time=2026-08-02T15:39:05.426-07:00 level=DEBUG msg="promql query logged" test=archv2-parity tool=conduit-v1 collector=conduit type=conduit collector=conduit type=conduit params="map[end:2026-08-02T22:39:05.426Z query:rate(conduit_connector_bytes_sum{pipeline_name=\"archv2-parity\",type=\"source\"}[2s])/1048576 start:2026-08-02T22:38:56.425Z step:1]" stats="&{Timings:{EvalTotalTime:3.8209e-05 ResultSortTime:2.09e-07 QueryPreparationTime:7.666e-06 InnerEvalTime:2.6958e-05 ExecQueueTime:1e-06 ExecTotalTime:4.0916e-05} Samples:0x14001429d40}" spanID=0000000000000000
time=2026-08-02T15:39:05.426-07:00 level=DEBUG msg="Query returned data" test=archv2-parity tool=conduit-v1 collector=conduit type=conduit collector=conduit type=conduit name=msg-megabytes-in-per-second[archv2-parity] series-count=1 last-value=0.8855266571044922
time=2026-08-02T15:39:05.427-07:00 level=DEBUG msg="promql query logged" test=archv2-parity tool=conduit-v1 collector=conduit type=conduit collector=conduit type=conduit params="map[end:2026-08-02T22:39:05.426Z query:rate(conduit_connector_bytes_sum{pipeline_name=\"archv2-parity\",type=\"destination\"}[2s])/1048576 start:2026-08-02T22:38:56.425Z step:1]" stats="&{Timings:{EvalTotalTime:7.2166e-05 ResultSortTime:2.92e-07 QueryPreparationTime:6.083e-06 InnerEvalTime:6.2084e-05 ExecQueueTime:4.375e-06 ExecTotalTime:7.8334e-05} Samples:0x1400147a420}" spanID=0000000000000000
time=2026-08-02T15:39:05.427-07:00 level=DEBUG msg="Query returned data" test=archv2-parity tool=conduit-v1 collector=conduit type=conduit collector=conduit type=conduit name=msg-megabytes-out-per-second[archv2-parity] series-count=1 last-value=0.8854999542236328
time=2026-08-02T15:39:05.506-07:00 level=DEBUG msg="Inspecting container" model=container-monitor name=benchi-conduit
time=2026-08-02T15:39:06.014-07:00 level=DEBUG msg="Inspecting container" model=container-monitor name=benchi-conduit
time=2026-08-02T15:39:06.426-07:00 level=INFO msg="Test in progress" test=archv2-parity tool=conduit-v1 step=test time-left=50s
time=2026-08-02T15:39:06.426-07:00 level=DEBUG msg="promql query logged" test=archv2-parity tool=conduit-v1 collector=conduit type=conduit collector=conduit type=conduit params="map[end:2026-08-02T22:39:06.426Z query:rate(conduit_pipeline_execution_duration_seconds_count{pipeline_name=\"archv2-parity\"}[2s]) start:2026-08-02T22:38:56.425Z step:1]" stats="&{Timings:{EvalTotalTime:5.0292e-05 ResultSortTime:3.75e-07 QueryPreparationTime:1.8125e-05 InnerEvalTime:2.6916e-05 ExecQueueTime:2.292e-06 ExecTotalTime:5.5084e-05} Samples:0x1400139acf0}" spanID=0000000000000000
time=2026-08-02T15:39:06.426-07:00 level=DEBUG msg="Query returned data" test=archv2-parity tool=conduit-v1 collector=conduit type=conduit collector=conduit type=conduit name=msg-rate-per-second[archv2-parity] series-count=1 last-value=31869
time=2026-08-02T15:39:06.426-07:00 level=DEBUG msg="promql query logged" test=archv2-parity tool=conduit-v1 collector=conduit type=conduit collector=conduit type=conduit params="map[end:2026-08-02T22:39:06.426Z query:rate(conduit_connector_bytes_sum{pipeline_name=\"archv2-parity\",type=\"source\"}[2s])/1048576 start:2026-08-02T22:38:56.425Z step:1]" stats="&{Timings:{EvalTotalTime:3.9208e-05 ResultSortTime:2.08e-07 QueryPreparationTime:6.333e-06 InnerEvalTime:2.5166e-05 ExecQueueTime:7.5e-07 ExecTotalTime:4.1916e-05} Samples:0x1400139b350}" spanID=0000000000000000
time=2026-08-02T15:39:06.426-07:00 level=DEBUG msg="Query returned data" test=archv2-parity tool=conduit-v1 collector=conduit type=conduit collector=conduit type=conduit name=msg-megabytes-in-per-second[archv2-parity] series-count=1 last-value=0.899266242980957
time=2026-08-02T15:39:06.426-07:00 level=DEBUG msg="promql query logged" test=archv2-parity tool=conduit-v1 collector=conduit type=conduit collector=conduit type=conduit params="map[end:2026-08-02T22:39:06.426Z query:rate(conduit_connector_bytes_sum{pipeline_name=\"archv2-parity\",type=\"destination\"}[2s])/1048576 start:2026-08-02T22:38:56.425Z step:1]" stats="&{Timings:{EvalTotalTime:4.2417e-05 ResultSortTime:1.25e-07 QueryPreparationTime:4.417e-06 InnerEvalTime:3.4708e-05 ExecQueueTime:6.25e-07 ExecTotalTime:4.4292e-05} Samples:0x1400139b9b0}" spanID=0000000000000000
time=2026-08-02T15:39:06.426-07:00 level=DEBUG msg="Query returned data" test=archv2-parity tool=conduit-v1 collector=conduit type=conduit collector=conduit type=conduit name=msg-megabytes-out-per-second[archv2-parity] series-count=1 last-value=0.8992929458618164
time=2026-08-02T15:39:06.521-07:00 level=DEBUG msg="Inspecting container" model=container-monitor name=benchi-conduit
time=2026-08-02T15:39:07.029-07:00 level=DEBUG msg="Inspecting container" model=container-monitor name=benchi-conduit
time=2026-08-02T15:39:07.426-07:00 level=DEBUG msg="promql query logged" test=archv2-parity tool=conduit-v1 collector=conduit type=conduit collector=conduit type=conduit params="map[end:2026-08-02T22:39:07.425Z query:rate(conduit_pipeline_execution_duration_seconds_count{pipeline_name=\"archv2-parity\"}[2s]) start:2026-08-02T22:38:56.425Z step:1]" stats="&{Timings:{EvalTotalTime:8.8875e-05 ResultSortTime:5.42e-07 QueryPreparationTime:2.1041e-05 InnerEvalTime:3.9333e-05 ExecQueueTime:3.583e-06 ExecTotalTime:9.6e-05} Samples:0x140013df9b0}" spanID=0000000000000000
time=2026-08-02T15:39:07.426-07:00 level=DEBUG msg="Query returned data" test=archv2-parity tool=conduit-v1 collector=conduit type=conduit collector=conduit type=conduit name=msg-rate-per-second[archv2-parity] series-count=1 last-value=30636
time=2026-08-02T15:39:07.426-07:00 level=DEBUG msg="promql query logged" test=archv2-parity tool=conduit-v1 collector=conduit type=conduit collector=conduit type=conduit params="map[end:2026-08-02T22:39:07.426Z query:rate(conduit_connector_bytes_sum{pipeline_name=\"archv2-parity\",type=\"source\"}[2s])/1048576 start:2026-08-02T22:38:56.425Z step:1]" stats="&{Timings:{EvalTotalTime:6.8167e-05 ResultSortTime:3.75e-07 QueryPreparationTime:1.2334e-05 InnerEvalTime:3.4292e-05 ExecQueueTime:1.375e-06 ExecTotalTime:7.2041e-05} Samples:0x1400163c090}" spanID=0000000000000000
time=2026-08-02T15:39:07.426-07:00 level=DEBUG msg="Query returned data" test=archv2-parity tool=conduit-v1 collector=conduit type=conduit collector=conduit type=conduit name=msg-megabytes-in-per-second[archv2-parity] series-count=1 last-value=0.8660812377929688
time=2026-08-02T15:39:07.426-07:00 level=DEBUG msg="promql query logged" test=archv2-parity tool=conduit-v1 collector=conduit type=conduit collector=conduit type=conduit params="map[end:2026-08-02T22:39:07.426Z query:rate(conduit_connector_bytes_sum{pipeline_name=\"archv2-parity\",type=\"destination\"}[2s])/1048576 start:2026-08-02T22:38:56.425Z step:1]" stats="&{Timings:{EvalTotalTime:3.625e-05 ResultSortTime:1.67e-07 QueryPreparationTime:7.334e-06 InnerEvalTime:2.4875e-05 ExecQueueTime:1.041e-06 ExecTotalTime:4.1208e-05} Samples:0x1400163c6f0}" spanID=0000000000000000
time=2026-08-02T15:39:07.426-07:00 level=DEBUG msg="Query returned data" test=archv2-parity tool=conduit-v1 collector=conduit type=conduit collector=conduit type=conduit name=msg-megabytes-out-per-second[archv2-parity] series-count=1 last-value=0.8660812377929688
time=2026-08-02T15:39:07.538-07:00 level=DEBUG msg="Inspecting container" model=container-monitor name=benchi-conduit
time=2026-08-02T15:39:08.046-07:00 level=DEBUG msg="Inspecting container" model=container-monitor name=benchi-conduit
time=2026-08-02T15:39:08.428-07:00 level=DEBUG msg="promql query logged" test=archv2-parity tool=conduit-v1 collector=conduit type=conduit collector=conduit type=conduit params="map[end:2026-08-02T22:39:08.427Z query:rate(conduit_pipeline_execution_duration_seconds_count{pipeline_name=\"archv2-parity\"}[2s]) start:2026-08-02T22:38:56.425Z step:1]" stats="&{Timings:{EvalTotalTime:0.0001135 ResultSortTime:1.125e-06 QueryPreparationTime:3.5958e-05 InnerEvalTime:6.4666e-05 ExecQueueTime:5.417e-06 ExecTotalTime:0.0001255} Samples:0x14000775e00}" spanID=0000000000000000
time=2026-08-02T15:39:08.428-07:00 level=DEBUG msg="Query returned data" test=archv2-parity tool=conduit-v1 collector=conduit type=conduit collector=conduit type=conduit name=msg-rate-per-second[archv2-parity] series-count=1 last-value=31639
time=2026-08-02T15:39:08.428-07:00 level=DEBUG msg="promql query logged" test=archv2-parity tool=conduit-v1 collector=conduit type=conduit collector=conduit type=conduit params="map[end:2026-08-02T22:39:08.428Z query:rate(conduit_connector_bytes_sum{pipeline_name=\"archv2-parity\",type=\"source\"}[2s])/1048576 start:2026-08-02T22:38:56.425Z step:1]" stats="&{Timings:{EvalTotalTime:0.000279208 ResultSortTime:7.92e-07 QueryPreparationTime:1.75e-05 InnerEvalTime:0.000249917 ExecQueueTime:2.542e-06 ExecTotalTime:0.000285834} Samples:0x1400163c660}" spanID=0000000000000000
time=2026-08-02T15:39:08.429-07:00 level=DEBUG msg="Query returned data" test=archv2-parity tool=conduit-v1 collector=conduit type=conduit collector=conduit type=conduit name=msg-megabytes-in-per-second[archv2-parity] series-count=1 last-value=0.8940763473510742
time=2026-08-02T15:39:08.429-07:00 level=DEBUG msg="promql query logged" test=archv2-parity tool=conduit-v1 collector=conduit type=conduit collector=conduit type=conduit params="map[end:2026-08-02T22:39:08.429Z query:rate(conduit_connector_bytes_sum{pipeline_name=\"archv2-parity\",type=\"destination\"}[2s])/1048576 start:2026-08-02T22:38:56.425Z step:1]" stats="&{Timings:{EvalTotalTime:6.9291e-05 ResultSortTime:2.08e-07 QueryPreparationTime:1.8166e-05 InnerEvalTime:4.5833e-05 ExecQueueTime:2.208e-06 ExecTotalTime:7.3875e-05} Samples:0x1400163cd80}" spanID=0000000000000000
time=2026-08-02T15:39:08.429-07:00 level=DEBUG msg="Query returned data" test=archv2-parity tool=conduit-v1 collector=conduit type=conduit collector=conduit type=conduit name=msg-megabytes-out-per-second[archv2-parity] series-count=1 last-value=0.8940763473510742
time=2026-08-02T15:39:08.552-07:00 level=DEBUG msg="Inspecting container" model=container-monitor name=benchi-conduit
time=2026-08-02T15:39:09.056-07:00 level=DEBUG msg="Inspecting container" model=container-monitor name=benchi-conduit
time=2026-08-02T15:39:09.426-07:00 level=DEBUG msg="promql query logged" test=archv2-parity tool=conduit-v1 collector=conduit type=conduit collector=conduit type=conduit params="map[end:2026-08-02T22:39:09.426Z query:rate(conduit_pipeline_execution_duration_seconds_count{pipeline_name=\"archv2-parity\"}[2s]) start:2026-08-02T22:38:56.425Z step:1]" stats="&{Timings:{EvalTotalTime:5.0917e-05 ResultSortTime:5e-07 QueryPreparationTime:1.6083e-05 InnerEvalTime:2.9375e-05 ExecQueueTime:2.334e-06 ExecTotalTime:5.5959e-05} Samples:0x14000af9050}" spanID=0000000000000000
time=2026-08-02T15:39:09.426-07:00 level=DEBUG msg="Query returned data" test=archv2-parity tool=conduit-v1 collector=conduit type=conduit collector=conduit type=conduit name=msg-rate-per-second[archv2-parity] series-count=1 last-value=29705
time=2026-08-02T15:39:09.426-07:00 level=DEBUG msg="promql query logged" test=archv2-parity tool=conduit-v1 collector=conduit type=conduit collector=conduit type=conduit params="map[end:2026-08-02T22:39:09.426Z query:rate(conduit_connector_bytes_sum{pipeline_name=\"archv2-parity\",type=\"source\"}[2s])/1048576 start:2026-08-02T22:38:56.425Z step:1]" stats="&{Timings:{EvalTotalTime:4.4958e-05 ResultSortTime:1.25e-07 QueryPreparationTime:8.208e-06 InnerEvalTime:3.2958e-05 ExecQueueTime:1.209e-06 ExecTotalTime:4.8e-05} Samples:0x1400118e240}" spanID=0000000000000000
time=2026-08-02T15:39:09.426-07:00 level=DEBUG msg="Query returned data" test=archv2-parity tool=conduit-v1 collector=conduit type=conduit collector=conduit type=conduit name=msg-megabytes-in-per-second[archv2-parity] series-count=1 last-value=0.8398618698120117
time=2026-08-02T15:39:09.426-07:00 level=DEBUG msg="promql query logged" test=archv2-parity tool=conduit-v1 collector=conduit type=conduit collector=conduit type=conduit params="map[end:2026-08-02T22:39:09.426Z query:rate(conduit_connector_bytes_sum{pipeline_name=\"archv2-parity\",type=\"destination\"}[2s])/1048576 start:2026-08-02T22:38:56.425Z step:1]" stats="&{Timings:{EvalTotalTime:3.0541e-05 ResultSortTime:1.25e-07 QueryPreparationTime:4.875e-06 InnerEvalTime:2.25e-05 ExecQueueTime:7.92e-07 ExecTotalTime:3.2875e-05} Samples:0x1400118e930}" spanID=0000000000000000
time=2026-08-02T15:39:09.426-07:00 level=DEBUG msg="Query returned data" test=archv2-parity tool=conduit-v1 collector=conduit type=conduit collector=conduit type=conduit name=msg-megabytes-out-per-second[archv2-parity] series-count=1 last-value=0.8398914337158203
time=2026-08-02T15:39:09.561-07:00 level=DEBUG msg="Inspecting container" model=container-monitor name=benchi-conduit
time=2026-08-02T15:39:10.068-07:00 level=DEBUG msg="Inspecting container" model=container-monitor name=benchi-conduit
time=2026-08-02T15:39:10.426-07:00 level=DEBUG msg="promql query logged" test=archv2-parity tool=conduit-v1 collector=conduit type=conduit collector=conduit type=conduit params="map[end:2026-08-02T22:39:10.425Z query:rate(conduit_pipeline_execution_duration_seconds_count{pipeline_name=\"archv2-parity\"}[2s]) start:2026-08-02T22:38:56.425Z step:1]" stats="&{Timings:{EvalTotalTime:8.6042e-05 ResultSortTime:7.92e-07 QueryPreparationTime:2.6834e-05 InnerEvalTime:4.9917e-05 ExecQueueTime:7.584e-06 ExecTotalTime:9.8042e-05} Samples:0x14000ec8e70}" spanID=0000000000000000
time=2026-08-02T15:39:10.426-07:00 level=DEBUG msg="Query returned data" test=archv2-parity tool=conduit-v1 collector=conduit type=conduit collector=conduit type=conduit name=msg-rate-per-second[archv2-parity] series-count=1 last-value=30558
time=2026-08-02T15:39:10.426-07:00 level=DEBUG msg="promql query logged" test=archv2-parity tool=conduit-v1 collector=conduit type=conduit collector=conduit type=conduit params="map[end:2026-08-02T22:39:10.426Z query:rate(conduit_connector_bytes_sum{pipeline_name=\"archv2-parity\",type=\"source\"}[2s])/1048576 start:2026-08-02T22:38:56.425Z step:1]" stats="&{Timings:{EvalTotalTime:6.625e-05 ResultSortTime:3.75e-07 QueryPreparationTime:1.3584e-05 InnerEvalTime:4.7416e-05 ExecQueueTime:2.084e-06 ExecTotalTime:7.0583e-05} Samples:0x14000ec95f0}" spanID=0000000000000000
time=2026-08-02T15:39:10.426-07:00 level=DEBUG msg="Query returned data" test=archv2-parity tool=conduit-v1 collector=conduit type=conduit collector=conduit type=conduit name=msg-megabytes-in-per-second[archv2-parity] series-count=1 last-value=0.8638601303100586
time=2026-08-02T15:39:10.426-07:00 level=DEBUG msg="promql query logged" test=archv2-parity tool=conduit-v1 collector=conduit type=conduit collector=conduit type=conduit params="map[end:2026-08-02T22:39:10.426Z query:rate(conduit_connector_bytes_sum{pipeline_name=\"archv2-parity\",type=\"destination\"}[2s])/1048576 start:2026-08-02T22:38:56.425Z step:1]" stats="&{Timings:{EvalTotalTime:4.6e-05 ResultSortTime:3.75e-07 QueryPreparationTime:9.875e-06 InnerEvalTime:3.15e-05 ExecQueueTime:1.084e-06 ExecTotalTime:4.9291e-05} Samples:0x14000ec9e60}" spanID=0000000000000000
time=2026-08-02T15:39:10.426-07:00 level=DEBUG msg="Query returned data" test=archv2-parity tool=conduit-v1 collector=conduit type=conduit collector=conduit type=conduit name=msg-megabytes-out-per-second[archv2-parity] series-count=1 last-value=0.86383056640625
time=2026-08-02T15:39:10.578-07:00 level=DEBUG msg="Inspecting container" model=container-monitor name=benchi-conduit
time=2026-08-02T15:39:11.088-07:00 level=DEBUG msg="Inspecting container" model=container-monitor name=benchi-conduit
time=2026-08-02T15:39:11.426-07:00 level=DEBUG msg="promql query logged" test=archv2-parity tool=conduit-v1 collector=conduit type=conduit collector=conduit type=conduit params="map[end:2026-08-02T22:39:11.426Z query:rate(conduit_pipeline_execution_duration_seconds_count{pipeline_name=\"archv2-parity\"}[2s]) start:2026-08-02T22:38:56.425Z step:1]" stats="&{Timings:{EvalTotalTime:3.9208e-05 ResultSortTime:3.33e-07 QueryPreparationTime:1.1667e-05 InnerEvalTime:1.9125e-05 ExecQueueTime:2.458e-06 ExecTotalTime:4.3667e-05} Samples:0x1400106c210}" spanID=0000000000000000
time=2026-08-02T15:39:11.426-07:00 level=DEBUG msg="Query returned data" test=archv2-parity tool=conduit-v1 collector=conduit type=conduit collector=conduit type=conduit name=msg-rate-per-second[archv2-parity] series-count=1 last-value=28274
time=2026-08-02T15:39:11.426-07:00 level=DEBUG msg="promql query logged" test=archv2-parity tool=conduit-v1 collector=conduit type=conduit collector=conduit type=conduit params="map[end:2026-08-02T22:39:11.426Z query:rate(conduit_connector_bytes_sum{pipeline_name=\"archv2-parity\",type=\"source\"}[2s])/1048576 start:2026-08-02T22:38:56.425Z step:1]" stats="&{Timings:{EvalTotalTime:2.4667e-05 ResultSortTime:1.25e-07 QueryPreparationTime:4.083e-06 InnerEvalTime:1.8167e-05 ExecQueueTime:6.67e-07 ExecTotalTime:2.6209e-05} Samples:0x1400106c870}" spanID=0000000000000000
time=2026-08-02T15:39:11.426-07:00 level=DEBUG msg="Query returned data" test=archv2-parity tool=conduit-v1 collector=conduit type=conduit collector=conduit type=conduit name=msg-megabytes-in-per-second[archv2-parity] series-count=1 last-value=0.7979154586791992
time=2026-08-02T15:39:11.426-07:00 level=INFO msg="Test in progress" test=archv2-parity tool=conduit-v1 step=test time-left=45s
time=2026-08-02T15:39:11.426-07:00 level=DEBUG msg="promql query logged" test=archv2-parity tool=conduit-v1 collector=conduit type=conduit collector=conduit type=conduit params="map[end:2026-08-02T22:39:11.426Z query:rate(conduit_connector_bytes_sum{pipeline_name=\"archv2-parity\",type=\"destination\"}[2s])/1048576 start:2026-08-02T22:38:56.425Z step:1]" stats="&{Timings:{EvalTotalTime:1.85e-05 ResultSortTime:1.25e-07 QueryPreparationTime:2.75e-06 InnerEvalTime:1.3917e-05 ExecQueueTime:4.17e-07 ExecTotalTime:1.9833e-05} Samples:0x1400106ced0}" spanID=0000000000000000
time=2026-08-02T15:39:11.426-07:00 level=DEBUG msg="Query returned data" test=archv2-parity tool=conduit-v1 collector=conduit type=conduit collector=conduit type=conduit name=msg-megabytes-out-per-second[archv2-parity] series-count=1 last-value=0.7979154586791992
time=2026-08-02T15:39:11.593-07:00 level=DEBUG msg="Inspecting container" model=container-monitor name=benchi-conduit
time=2026-08-02T15:39:12.098-07:00 level=DEBUG msg="Inspecting container" model=container-monitor name=benchi-conduit
time=2026-08-02T15:39:12.425-07:00 level=DEBUG msg="promql query logged" test=archv2-parity tool=conduit-v1 collector=conduit type=conduit collector=conduit type=conduit params="map[end:2026-08-02T22:39:12.425Z query:rate(conduit_pipeline_execution_duration_seconds_count{pipeline_name=\"archv2-parity\"}[2s]) start:2026-08-02T22:38:56.425Z step:1]" stats="&{Timings:{EvalTotalTime:0.000137875 ResultSortTime:7.5e-07 QueryPreparationTime:3.9375e-05 InnerEvalTime:8.4458e-05 ExecQueueTime:6.292e-06 ExecTotalTime:0.000148125} Samples:0x14000717440}" spanID=0000000000000000
time=2026-08-02T15:39:12.426-07:00 level=DEBUG msg="Query returned data" test=archv2-parity tool=conduit-v1 collector=conduit type=conduit collector=conduit type=conduit name=msg-rate-per-second[archv2-parity] series-count=1 last-value=33174
time=2026-08-02T15:39:12.426-07:00 level=DEBUG msg="promql query logged" test=archv2-parity tool=conduit-v1 collector=conduit type=conduit collector=conduit type=conduit params="map[end:2026-08-02T22:39:12.426Z query:rate(conduit_connector_bytes_sum{pipeline_name=\"archv2-parity\",type=\"source\"}[2s])/1048576 start:2026-08-02T22:38:56.425Z step:1]" stats="&{Timings:{EvalTotalTime:9.3125e-05 ResultSortTime:5.42e-07 QueryPreparationTime:1.8542e-05 InnerEvalTime:6.7291e-05 ExecQueueTime:2.417e-06 ExecTotalTime:0.000100708} Samples:0x14000717f20}" spanID=0000000000000000
time=2026-08-02T15:39:12.426-07:00 level=DEBUG msg="Query returned data" test=archv2-parity tool=conduit-v1 collector=conduit type=conduit collector=conduit type=conduit name=msg-megabytes-in-per-second[archv2-parity] series-count=1 last-value=0.9378995895385742
time=2026-08-02T15:39:12.426-07:00 level=DEBUG msg="promql query logged" test=archv2-parity tool=conduit-v1 collector=conduit type=conduit collector=conduit type=conduit params="map[end:2026-08-02T22:39:12.426Z query:rate(conduit_connector_bytes_sum{pipeline_name=\"archv2-parity\",type=\"destination\"}[2s])/1048576 start:2026-08-02T22:38:56.425Z step:1]" stats="&{Timings:{EvalTotalTime:0.000184458 ResultSortTime:6.25e-07 QueryPreparationTime:1.2458e-05 InnerEvalTime:0.000164542 ExecQueueTime:1.917e-06 ExecTotalTime:0.000190166} Samples:0x14001200600}" spanID=0000000000000000
time=2026-08-02T15:39:12.427-07:00 level=DEBUG msg="Query returned data" test=archv2-parity tool=conduit-v1 collector=conduit type=conduit collector=conduit type=conduit name=msg-megabytes-out-per-second[archv2-parity] series-count=1 last-value=0.9379520416259766
time=2026-08-02T15:39:12.605-07:00 level=DEBUG msg="Inspecting container" model=container-monitor name=benchi-conduit
time=2026-08-02T15:39:13.108-07:00 level=DEBUG msg="Inspecting container" model=container-monitor name=benchi-conduit
time=2026-08-02T15:39:13.426-07:00 level=DEBUG msg="promql query logged" test=archv2-parity tool=conduit-v1 collector=conduit type=conduit collector=conduit type=conduit params="map[end:2026-08-02T22:39:13.426Z query:rate(conduit_pipeline_execution_duration_seconds_count{pipeline_name=\"archv2-parity\"}[2s]) start:2026-08-02T22:38:56.425Z step:1]" stats="&{Timings:{EvalTotalTime:3.3625e-05 ResultSortTime:3.33e-07 QueryPreparationTime:1.0542e-05 InnerEvalTime:1.9834e-05 ExecQueueTime:1.916e-06 ExecTotalTime:3.6875e-05} Samples:0x140011ff980}" spanID=0000000000000000
time=2026-08-02T15:39:13.426-07:00 level=DEBUG msg="Query returned data" test=archv2-parity tool=conduit-v1 collector=conduit type=conduit collector=conduit type=conduit name=msg-rate-per-second[archv2-parity] series-count=1 last-value=28714
time=2026-08-02T15:39:13.426-07:00 level=DEBUG msg="promql query logged" test=archv2-parity tool=conduit-v1 collector=conduit type=conduit collector=conduit type=conduit params="map[end:2026-08-02T22:39:13.426Z query:rate(conduit_connector_bytes_sum{pipeline_name=\"archv2-parity\",type=\"source\"}[2s])/1048576 start:2026-08-02T22:38:56.425Z step:1]" stats="&{Timings:{EvalTotalTime:2.8166e-05 ResultSortTime:5.83e-07 QueryPreparationTime:3.542e-06 InnerEvalTime:2.2375e-05 ExecQueueTime:4.59e-07 ExecTotalTime:2.9542e-05} Samples:0x1400136e060}" spanID=0000000000000000
time=2026-08-02T15:39:13.426-07:00 level=DEBUG msg="Query returned data" test=archv2-parity tool=conduit-v1 collector=conduit type=conduit collector=conduit type=conduit name=msg-megabytes-in-per-second[archv2-parity] series-count=1 last-value=0.8117618560791016
time=2026-08-02T15:39:13.426-07:00 level=DEBUG msg="promql query logged" test=archv2-parity tool=conduit-v1 collector=conduit type=conduit collector=conduit type=conduit params="map[end:2026-08-02T22:39:13.426Z query:rate(conduit_connector_bytes_sum{pipeline_name=\"archv2-parity\",type=\"destination\"}[2s])/1048576 start:2026-08-02T22:38:56.425Z step:1]" stats="&{Timings:{EvalTotalTime:1.7083e-05 ResultSortTime:1.25e-07 QueryPreparationTime:2.541e-06 InnerEvalTime:1.2958e-05 ExecQueueTime:4.16e-07 ExecTotalTime:1.8333e-05} Samples:0x1400136e810}" spanID=0000000000000000
time=2026-08-02T15:39:13.426-07:00 level=DEBUG msg="Query returned data" test=archv2-parity tool=conduit-v1 collector=conduit type=conduit collector=conduit type=conduit name=msg-megabytes-out-per-second[archv2-parity] series-count=1 last-value=0.8117094039916992
time=2026-08-02T15:39:13.614-07:00 level=DEBUG msg="Inspecting container" model=container-monitor name=benchi-conduit
time=2026-08-02T15:39:14.121-07:00 level=DEBUG msg="Inspecting container" model=container-monitor name=benchi-conduit
time=2026-08-02T15:39:14.425-07:00 level=DEBUG msg="promql query logged" test=archv2-parity tool=conduit-v1 collector=conduit type=conduit collector=conduit type=conduit params="map[end:2026-08-02T22:39:14.425Z query:rate(conduit_pipeline_execution_duration_seconds_count{pipeline_name=\"archv2-parity\"}[2s]) start:2026-08-02T22:38:56.425Z step:1]" stats="&{Timings:{EvalTotalTime:8.1875e-05 ResultSortTime:6.25e-07 QueryPreparationTime:2.475e-05 InnerEvalTime:4.9375e-05 ExecQueueTime:3.791e-06 ExecTotalTime:8.9709e-05} Samples:0x140013de7b0}" spanID=0000000000000000
time=2026-08-02T15:39:14.426-07:00 level=DEBUG msg="Query returned data" test=archv2-parity tool=conduit-v1 collector=conduit type=conduit collector=conduit type=conduit name=msg-rate-per-second[archv2-parity] series-count=1 last-value=28535
time=2026-08-02T15:39:14.426-07:00 level=DEBUG msg="promql query logged" test=archv2-parity tool=conduit-v1 collector=conduit type=conduit collector=conduit type=conduit params="map[end:2026-08-02T22:39:14.426Z query:rate(conduit_connector_bytes_sum{pipeline_name=\"archv2-parity\",type=\"source\"}[2s])/1048576 start:2026-08-02T22:38:56.425Z step:1]" stats="&{Timings:{EvalTotalTime:8.575e-05 ResultSortTime:3.33e-07 QueryPreparationTime:1.4166e-05 InnerEvalTime:6.5208e-05 ExecQueueTime:1.417e-06 ExecTotalTime:9.325e-05} Samples:0x140013def90}" spanID=0000000000000000
time=2026-08-02T15:39:14.426-07:00 level=DEBUG msg="Query returned data" test=archv2-parity tool=conduit-v1 collector=conduit type=conduit collector=conduit type=conduit name=msg-megabytes-in-per-second[archv2-parity] series-count=1 last-value=0.8062276840209961
time=2026-08-02T15:39:14.426-07:00 level=DEBUG msg="promql query logged" test=archv2-parity tool=conduit-v1 collector=conduit type=conduit collector=conduit type=conduit params="map[end:2026-08-02T22:39:14.426Z query:rate(conduit_connector_bytes_sum{pipeline_name=\"archv2-parity\",type=\"destination\"}[2s])/1048576 start:2026-08-02T22:38:56.425Z step:1]" stats="&{Timings:{EvalTotalTime:4.8375e-05 ResultSortTime:2.5e-07 QueryPreparationTime:8.084e-06 InnerEvalTime:3.5875e-05 ExecQueueTime:1.041e-06 ExecTotalTime:5.2208e-05} Samples:0x140013df5f0}" spanID=0000000000000000
time=2026-08-02T15:39:14.426-07:00 level=DEBUG msg="Query returned data" test=archv2-parity tool=conduit-v1 collector=conduit type=conduit collector=conduit type=conduit name=msg-megabytes-out-per-second[archv2-parity] series-count=1 last-value=0.8062276840209961
time=2026-08-02T15:39:14.630-07:00 level=DEBUG msg="Inspecting container" model=container-monitor name=benchi-conduit
time=2026-08-02T15:39:15.142-07:00 level=DEBUG msg="Inspecting container" model=container-monitor name=benchi-conduit
time=2026-08-02T15:39:15.425-07:00 level=DEBUG msg="promql query logged" test=archv2-parity tool=conduit-v1 collector=conduit type=conduit collector=conduit type=conduit params="map[end:2026-08-02T22:39:15.425Z query:rate(conduit_pipeline_execution_duration_seconds_count{pipeline_name=\"archv2-parity\"}[2s]) start:2026-08-02T22:38:56.425Z step:1]" stats="&{Timings:{EvalTotalTime:6.6292e-05 ResultSortTime:4.59e-07 QueryPreparationTime:1.9708e-05 InnerEvalTime:4.0291e-05 ExecQueueTime:3.166e-06 ExecTotalTime:7.3208e-05} Samples:0x140011c54d0}" spanID=0000000000000000
time=2026-08-02T15:39:15.425-07:00 level=DEBUG msg="Query returned data" test=archv2-parity tool=conduit-v1 collector=conduit type=conduit collector=conduit type=conduit name=msg-rate-per-second[archv2-parity] series-count=1 last-value=29188
time=2026-08-02T15:39:15.426-07:00 level=DEBUG msg="promql query logged" test=archv2-parity tool=conduit-v1 collector=conduit type=conduit collector=conduit type=conduit params="map[end:2026-08-02T22:39:15.425Z query:rate(conduit_connector_bytes_sum{pipeline_name=\"archv2-parity\",type=\"source\"}[2s])/1048576 start:2026-08-02T22:38:56.425Z step:1]" stats="&{Timings:{EvalTotalTime:5.8583e-05 ResultSortTime:3.75e-07 QueryPreparationTime:1.0625e-05 InnerEvalTime:4.3166e-05 ExecQueueTime:1.333e-06 ExecTotalTime:6.2792e-05} Samples:0x140011c5b30}" spanID=0000000000000000
time=2026-08-02T15:39:15.426-07:00 level=DEBUG msg="Query returned data" test=archv2-parity tool=conduit-v1 collector=conduit type=conduit collector=conduit type=conduit name=msg-megabytes-in-per-second[archv2-parity] series-count=1 last-value=0.8252372741699219
time=2026-08-02T15:39:15.426-07:00 level=DEBUG msg="promql query logged" test=archv2-parity tool=conduit-v1 collector=conduit type=conduit collector=conduit type=conduit params="map[end:2026-08-02T22:39:15.426Z query:rate(conduit_connector_bytes_sum{pipeline_name=\"archv2-parity\",type=\"destination\"}[2s])/1048576 start:2026-08-02T22:38:56.425Z step:1]" stats="&{Timings:{EvalTotalTime:5.4541e-05 ResultSortTime:3.33e-07 QueryPreparationTime:1e-05 InnerEvalTime:3.9917e-05 ExecQueueTime:1.417e-06 ExecTotalTime:5.8167e-05} Samples:0x1400129c210}" spanID=0000000000000000
time=2026-08-02T15:39:15.426-07:00 level=DEBUG msg="Query returned data" test=archv2-parity tool=conduit-v1 collector=conduit type=conduit collector=conduit type=conduit name=msg-megabytes-out-per-second[archv2-parity] series-count=1 last-value=0.8252372741699219
time=2026-08-02T15:39:15.651-07:00 level=DEBUG msg="Inspecting container" model=container-monitor name=benchi-conduit
time=2026-08-02T15:39:16.161-07:00 level=DEBUG msg="Inspecting container" model=container-monitor name=benchi-conduit
time=2026-08-02T15:39:16.425-07:00 level=INFO msg="Test in progress" test=archv2-parity tool=conduit-v1 step=test time-left=40s
time=2026-08-02T15:39:16.426-07:00 level=DEBUG msg="promql query logged" test=archv2-parity tool=conduit-v1 collector=conduit type=conduit collector=conduit type=conduit params="map[end:2026-08-02T22:39:16.425Z query:rate(conduit_pipeline_execution_duration_seconds_count{pipeline_name=\"archv2-parity\"}[2s]) start:2026-08-02T22:38:56.425Z step:1]" stats="&{Timings:{EvalTotalTime:6.1084e-05 ResultSortTime:6.25e-07 QueryPreparationTime:1.825e-05 InnerEvalTime:3.4041e-05 ExecQueueTime:2.625e-06 ExecTotalTime:6.5875e-05} Samples:0x1400129cf60}" spanID=0000000000000000
time=2026-08-02T15:39:16.426-07:00 level=DEBUG msg="Query returned data" test=archv2-parity tool=conduit-v1 collector=conduit type=conduit collector=conduit type=conduit name=msg-rate-per-second[archv2-parity] series-count=1 last-value=26093.53233830846
time=2026-08-02T15:39:16.426-07:00 level=DEBUG msg="promql query logged" test=archv2-parity tool=conduit-v1 collector=conduit type=conduit collector=conduit type=conduit params="map[end:2026-08-02T22:39:16.426Z query:rate(conduit_connector_bytes_sum{pipeline_name=\"archv2-parity\",type=\"source\"}[2s])/1048576 start:2026-08-02T22:38:56.425Z step:1]" stats="&{Timings:{EvalTotalTime:6.6625e-05 ResultSortTime:1.67e-07 QueryPreparationTime:6.416e-06 InnerEvalTime:5.6583e-05 ExecQueueTime:7.92e-07 ExecTotalTime:6.8917e-05} Samples:0x1400129d5c0}" spanID=0000000000000000
time=2026-08-02T15:39:16.426-07:00 level=DEBUG msg="Query returned data" test=archv2-parity tool=conduit-v1 collector=conduit type=conduit collector=conduit type=conduit name=msg-megabytes-in-per-second[archv2-parity] series-count=1 last-value=0.7369786352660527
time=2026-08-02T15:39:16.426-07:00 level=DEBUG msg="promql query logged" test=archv2-parity tool=conduit-v1 collector=conduit type=conduit collector=conduit type=conduit params="map[end:2026-08-02T22:39:16.426Z query:rate(conduit_connector_bytes_sum{pipeline_name=\"archv2-parity\",type=\"destination\"}[2s])/1048576 start:2026-08-02T22:38:56.425Z step:1]" stats="&{Timings:{EvalTotalTime:7.2083e-05 ResultSortTime:2.5e-07 QueryPreparationTime:4.625e-06 InnerEvalTime:6.3542e-05 ExecQueueTime:7.92e-07 ExecTotalTime:8.5334e-05} Samples:0x1400129dc20}" spanID=0000000000000000
time=2026-08-02T15:39:16.426-07:00 level=DEBUG msg="Query returned data" test=archv2-parity tool=conduit-v1 collector=conduit type=conduit collector=conduit type=conduit name=msg-megabytes-out-per-second[archv2-parity] series-count=1 last-value=0.7369786352660527
time=2026-08-02T15:39:16.666-07:00 level=DEBUG msg="Inspecting container" model=container-monitor name=benchi-conduit
time=2026-08-02T15:39:17.173-07:00 level=DEBUG msg="Inspecting container" model=container-monitor name=benchi-conduit
time=2026-08-02T15:39:17.430-07:00 level=DEBUG msg="promql query logged" test=archv2-parity tool=conduit-v1 collector=conduit type=conduit collector=conduit type=conduit params="map[end:2026-08-02T22:39:17.430Z query:rate(conduit_pipeline_execution_duration_seconds_count{pipeline_name=\"archv2-parity\"}[2s]) start:2026-08-02T22:38:56.425Z step:1]" stats="&{Timings:{EvalTotalTime:6.075e-05 ResultSortTime:5.84e-07 QueryPreparationTime:1.7292e-05 InnerEvalTime:3.7042e-05 ExecQueueTime:3.25e-06 ExecTotalTime:6.7042e-05} Samples:0x14001171b00}" spanID=0000000000000000
time=2026-08-02T15:39:17.430-07:00 level=DEBUG msg="Query returned data" test=archv2-parity tool=conduit-v1 collector=conduit type=conduit collector=conduit type=conduit name=msg-rate-per-second[archv2-parity] series-count=1 last-value=32889.4472361809
time=2026-08-02T15:39:17.430-07:00 level=DEBUG msg="promql query logged" test=archv2-parity tool=conduit-v1 collector=conduit type=conduit collector=conduit type=conduit params="map[end:2026-08-02T22:39:17.430Z query:rate(conduit_connector_bytes_sum{pipeline_name=\"archv2-parity\",type=\"source\"}[2s])/1048576 start:2026-08-02T22:38:56.425Z step:1]" stats="&{Timings:{EvalTotalTime:8.7458e-05 ResultSortTime:2.08e-07 QueryPreparationTime:8.958e-06 InnerEvalTime:7.4291e-05 ExecQueueTime:1.001e-06 ExecTotalTime:9.0958e-05} Samples:0x140012421e0}" spanID=0000000000000000
time=2026-08-02T15:39:17.430-07:00 level=DEBUG msg="Query returned data" test=archv2-parity tool=conduit-v1 collector=conduit type=conduit collector=conduit type=conduit name=msg-megabytes-in-per-second[archv2-parity] series-count=1 last-value=0.9294155255034939
time=2026-08-02T15:39:17.431-07:00 level=DEBUG msg="promql query logged" test=archv2-parity tool=conduit-v1 collector=conduit type=conduit collector=conduit type=conduit params="map[end:2026-08-02T22:39:17.430Z query:rate(conduit_connector_bytes_sum{pipeline_name=\"archv2-parity\",type=\"destination\"}[2s])/1048576 start:2026-08-02T22:38:56.425Z step:1]" stats="&{Timings:{EvalTotalTime:5.1583e-05 ResultSortTime:2.08e-07 QueryPreparationTime:7.416e-06 InnerEvalTime:4.025e-05 ExecQueueTime:1.208e-06 ExecTotalTime:5.4875e-05} Samples:0x14001242840}" spanID=0000000000000000
time=2026-08-02T15:39:17.431-07:00 level=DEBUG msg="Query returned data" test=archv2-parity tool=conduit-v1 collector=conduit type=conduit collector=conduit type=conduit name=msg-megabytes-out-per-second[archv2-parity] series-count=1 last-value=0.9294155255034939
time=2026-08-02T15:39:17.677-07:00 level=DEBUG msg="Inspecting container" model=container-monitor name=benchi-conduit
time=2026-08-02T15:39:18.187-07:00 level=DEBUG msg="Inspecting container" model=container-monitor name=benchi-conduit
time=2026-08-02T15:39:18.426-07:00 level=DEBUG msg="promql query logged" test=archv2-parity tool=conduit-v1 collector=conduit type=conduit collector=conduit type=conduit params="map[end:2026-08-02T22:39:18.426Z query:rate(conduit_pipeline_execution_duration_seconds_count{pipeline_name=\"archv2-parity\"}[2s]) start:2026-08-02T22:38:56.425Z step:1]" stats="&{Timings:{EvalTotalTime:0.00011975 ResultSortTime:1.084e-06 QueryPreparationTime:3.4083e-05 InnerEvalTime:7.5083e-05 ExecQueueTime:5.584e-06 ExecTotalTime:0.000130334} Samples:0x14001243a10}" spanID=0000000000000000
time=2026-08-02T15:39:18.427-07:00 level=DEBUG msg="Query returned data" test=archv2-parity tool=conduit-v1 collector=conduit type=conduit collector=conduit type=conduit name=msg-rate-per-second[archv2-parity] series-count=1 last-value=30480
time=2026-08-02T15:39:18.427-07:00 level=DEBUG msg="promql query logged" test=archv2-parity tool=conduit-v1 collector=conduit type=conduit collector=conduit type=conduit params="map[end:2026-08-02T22:39:18.427Z query:rate(conduit_connector_bytes_sum{pipeline_name=\"archv2-parity\",type=\"source\"}[2s])/1048576 start:2026-08-02T22:38:56.425Z step:1]" stats="&{Timings:{EvalTotalTime:9.9708e-05 ResultSortTime:4.59e-07 QueryPreparationTime:2.3166e-05 InnerEvalTime:6.8584e-05 ExecQueueTime:2.333e-06 ExecTotalTime:0.000105541} Samples:0x140012760f0}" spanID=0000000000000000
time=2026-08-02T15:39:18.427-07:00 level=DEBUG msg="Query returned data" test=archv2-parity tool=conduit-v1 collector=conduit type=conduit collector=conduit type=conduit name=msg-megabytes-in-per-second[archv2-parity] series-count=1 last-value=0.8613138198852539
time=2026-08-02T15:39:18.427-07:00 level=DEBUG msg="promql query logged" test=archv2-parity tool=conduit-v1 collector=conduit type=conduit collector=conduit type=conduit params="map[end:2026-08-02T22:39:18.427Z query:rate(conduit_connector_bytes_sum{pipeline_name=\"archv2-parity\",type=\"destination\"}[2s])/1048576 start:2026-08-02T22:38:56.425Z step:1]" stats="&{Timings:{EvalTotalTime:6.2875e-05 ResultSortTime:2.91e-07 QueryPreparationTime:1.225e-05 InnerEvalTime:4.6292e-05 ExecQueueTime:1.416e-06 ExecTotalTime:6.7292e-05} Samples:0x14001276750}" spanID=0000000000000000
time=2026-08-02T15:39:18.427-07:00 level=DEBUG msg="Query returned data" test=archv2-parity tool=conduit-v1 collector=conduit type=conduit collector=conduit type=conduit name=msg-megabytes-out-per-second[archv2-parity] series-count=1 last-value=0.8613452911376953
time=2026-08-02T15:39:18.693-07:00 level=DEBUG msg="Inspecting container" model=container-monitor name=benchi-conduit
time=2026-08-02T15:39:19.198-07:00 level=DEBUG msg="Inspecting container" model=container-monitor name=benchi-conduit
time=2026-08-02T15:39:19.426-07:00 level=DEBUG msg="promql query logged" test=archv2-parity tool=conduit-v1 collector=conduit type=conduit collector=conduit type=conduit params="map[end:2026-08-02T22:39:19.426Z query:rate(conduit_pipeline_execution_duration_seconds_count{pipeline_name=\"archv2-parity\"}[2s]) start:2026-08-02T22:38:56.425Z step:1]" stats="&{Timings:{EvalTotalTime:0.000109083 ResultSortTime:5.83e-07 QueryPreparationTime:2.55e-05 InnerEvalTime:7.4917e-05 ExecQueueTime:4.625e-06 ExecTotalTime:0.000120375} Samples:0x1400145ede0}" spanID=0000000000000000
time=2026-08-02T15:39:19.426-07:00 level=DEBUG msg="Query returned data" test=archv2-parity tool=conduit-v1 collector=conduit type=conduit collector=conduit type=conduit name=msg-rate-per-second[archv2-parity] series-count=1 last-value=29364.54183266932
time=2026-08-02T15:39:19.427-07:00 level=DEBUG msg="promql query logged" test=archv2-parity tool=conduit-v1 collector=conduit type=conduit collector=conduit type=conduit params="map[end:2026-08-02T22:39:19.426Z query:rate(conduit_connector_bytes_sum{pipeline_name=\"archv2-parity\",type=\"source\"}[2s])/1048576 start:2026-08-02T22:38:56.425Z step:1]" stats="&{Timings:{EvalTotalTime:8.8708e-05 ResultSortTime:5.83e-07 QueryPreparationTime:1.7292e-05 InnerEvalTime:6.4458e-05 ExecQueueTime:2.8959e-05 ExecTotalTime:9.4459e-05} Samples:0x1400145f440}" spanID=0000000000000000
time=2026-08-02T15:39:19.427-07:00 level=DEBUG msg="Query returned data" test=archv2-parity tool=conduit-v1 collector=conduit type=conduit collector=conduit type=conduit name=msg-megabytes-in-per-second[archv2-parity] series-count=1 last-value=0.8294781840654958
time=2026-08-02T15:39:19.427-07:00 level=DEBUG msg="promql query logged" test=archv2-parity tool=conduit-v1 collector=conduit type=conduit collector=conduit type=conduit params="map[end:2026-08-02T22:39:19.427Z query:rate(conduit_connector_bytes_sum{pipeline_name=\"archv2-parity\",type=\"destination\"}[2s])/1048576 start:2026-08-02T22:38:56.425Z step:1]" stats="&{Timings:{EvalTotalTime:6.7917e-05 ResultSortTime:3.33e-07 QueryPreparationTime:2.2541e-05 InnerEvalTime:4e-05 ExecQueueTime:1.583e-06 ExecTotalTime:7.1541e-05} Samples:0x1400145faa0}" spanID=0000000000000000
time=2026-08-02T15:39:19.427-07:00 level=DEBUG msg="Query returned data" test=archv2-parity tool=conduit-v1 collector=conduit type=conduit collector=conduit type=conduit name=msg-megabytes-out-per-second[archv2-parity] series-count=1 last-value=0.8294753344410444
time=2026-08-02T15:39:19.705-07:00 level=DEBUG msg="Inspecting container" model=container-monitor name=benchi-conduit
time=2026-08-02T15:39:20.210-07:00 level=DEBUG msg="Inspecting container" model=container-monitor name=benchi-conduit
time=2026-08-02T15:39:20.431-07:00 level=DEBUG msg="promql query logged" test=archv2-parity tool=conduit-v1 collector=conduit type=conduit collector=conduit type=conduit params="map[end:2026-08-02T22:39:20.426Z query:rate(conduit_pipeline_execution_duration_seconds_count{pipeline_name=\"archv2-parity\"}[2s]) start:2026-08-02T22:38:56.425Z step:1]" stats="&{Timings:{EvalTotalTime:0.000171583 ResultSortTime:7.5e-07 QueryPreparationTime:2.4792e-05 InnerEvalTime:0.000110792 ExecQueueTime:4.459e-06 ExecTotalTime:0.000218167} Samples:0x1400170a330}" spanID=0000000000000000
time=2026-08-02T15:39:20.432-07:00 level=DEBUG msg="Query returned data" test=archv2-parity tool=conduit-v1 collector=conduit type=conduit collector=conduit type=conduit name=msg-rate-per-second[archv2-parity] series-count=1 last-value=29564.25702811245
time=2026-08-02T15:39:20.432-07:00 level=DEBUG msg="promql query logged" test=archv2-parity tool=conduit-v1 collector=conduit type=conduit collector=conduit type=conduit params="map[end:2026-08-02T22:39:20.432Z query:rate(conduit_connector_bytes_sum{pipeline_name=\"archv2-parity\",type=\"source\"}[2s])/1048576 start:2026-08-02T22:38:56.425Z step:1]" stats="&{Timings:{EvalTotalTime:5.0458e-05 ResultSortTime:1.25e-07 QueryPreparationTime:1.1958e-05 InnerEvalTime:3.5916e-05 ExecQueueTime:1.708e-06 ExecTotalTime:5.2542e-05} Samples:0x1400170a990}" spanID=0000000000000000
time=2026-08-02T15:39:20.432-07:00 level=DEBUG msg="Query returned data" test=archv2-parity tool=conduit-v1 collector=conduit type=conduit collector=conduit type=conduit name=msg-megabytes-in-per-second[archv2-parity] series-count=1 last-value=0.8354474263018873
time=2026-08-02T15:39:20.432-07:00 level=DEBUG msg="promql query logged" test=archv2-parity tool=conduit-v1 collector=conduit type=conduit collector=conduit type=conduit params="map[end:2026-08-02T22:39:20.432Z query:rate(conduit_connector_bytes_sum{pipeline_name=\"archv2-parity\",type=\"destination\"}[2s])/1048576 start:2026-08-02T22:38:56.425Z step:1]" stats="&{Timings:{EvalTotalTime:2.4625e-05 ResultSortTime:8.3e-08 QueryPreparationTime:4e-06 InnerEvalTime:1.8583e-05 ExecQueueTime:7.5e-07 ExecTotalTime:2.6167e-05} Samples:0x1400170aff0}" spanID=0000000000000000
time=2026-08-02T15:39:20.432-07:00 level=DEBUG msg="Query returned data" test=archv2-parity tool=conduit-v1 collector=conduit type=conduit collector=conduit type=conduit name=msg-megabytes-out-per-second[archv2-parity] series-count=1 last-value=0.835418701171875
time=2026-08-02T15:39:20.720-07:00 level=DEBUG msg="Inspecting container" model=container-monitor name=benchi-conduit
time=2026-08-02T15:39:21.229-07:00 level=DEBUG msg="Inspecting container" model=container-monitor name=benchi-conduit
time=2026-08-02T15:39:21.426-07:00 level=INFO msg="Test in progress" test=archv2-parity tool=conduit-v1 step=test time-left=35s
time=2026-08-02T15:39:21.426-07:00 level=DEBUG msg="promql query logged" test=archv2-parity tool=conduit-v1 collector=conduit type=conduit collector=conduit type=conduit params="map[end:2026-08-02T22:39:21.426Z query:rate(conduit_pipeline_execution_duration_seconds_count{pipeline_name=\"archv2-parity\"}[2s]) start:2026-08-02T22:38:56.425Z step:1]" stats="&{Timings:{EvalTotalTime:0.000102667 ResultSortTime:7.5e-07 QueryPreparationTime:3.1792e-05 InnerEvalTime:6.2459e-05 ExecQueueTime:4.792e-06 ExecTotalTime:0.000150916} Samples:0x140017a20f0}" spanID=0000000000000000
time=2026-08-02T15:39:21.426-07:00 level=DEBUG msg="Query returned data" test=archv2-parity tool=conduit-v1 collector=conduit type=conduit collector=conduit type=conduit name=msg-rate-per-second[archv2-parity] series-count=1 last-value=30080
time=2026-08-02T15:39:21.427-07:00 level=DEBUG msg="promql query logged" test=archv2-parity tool=conduit-v1 collector=conduit type=conduit collector=conduit type=conduit params="map[end:2026-08-02T22:39:21.426Z query:rate(conduit_connector_bytes_sum{pipeline_name=\"archv2-parity\",type=\"source\"}[2s])/1048576 start:2026-08-02T22:38:56.425Z step:1]" stats="&{Timings:{EvalTotalTime:8.6042e-05 ResultSortTime:2.08e-07 QueryPreparationTime:1.15e-05 InnerEvalTime:7.0625e-05 ExecQueueTime:1e-06 ExecTotalTime:8.9625e-05} Samples:0x140017a2750}" spanID=0000000000000000
time=2026-08-02T15:39:21.427-07:00 level=DEBUG msg="Query returned data" test=archv2-parity tool=conduit-v1 collector=conduit type=conduit collector=conduit type=conduit name=msg-megabytes-in-per-second[archv2-parity] series-count=1 last-value=0.8496437072753906
time=2026-08-02T15:39:21.427-07:00 level=DEBUG msg="promql query logged" test=archv2-parity tool=conduit-v1 collector=conduit type=conduit collector=conduit type=conduit params="map[end:2026-08-02T22:39:21.427Z query:rate(conduit_connector_bytes_sum{pipeline_name=\"archv2-parity\",type=\"destination\"}[2s])/1048576 start:2026-08-02T22:38:56.425Z step:1]" stats="&{Timings:{EvalTotalTime:4.6833e-05 ResultSortTime:1.25e-07 QueryPreparationTime:6.125e-06 InnerEvalTime:3.7416e-05 ExecQueueTime:9.16e-07 ExecTotalTime:4.9292e-05} Samples:0x140017a2db0}" spanID=0000000000000000
time=2026-08-02T15:39:21.427-07:00 level=DEBUG msg="Query returned data" test=archv2-parity tool=conduit-v1 collector=conduit type=conduit collector=conduit type=conduit name=msg-megabytes-out-per-second[archv2-parity] series-count=1 last-value=0.8496742248535156
time=2026-08-02T15:39:21.736-07:00 level=DEBUG msg="Inspecting container" model=container-monitor name=benchi-conduit
time=2026-08-02T15:39:22.247-07:00 level=DEBUG msg="Inspecting container" model=container-monitor name=benchi-conduit
time=2026-08-02T15:39:22.426-07:00 level=DEBUG msg="promql query logged" test=archv2-parity tool=conduit-v1 collector=conduit type=conduit collector=conduit type=conduit params="map[end:2026-08-02T22:39:22.425Z query:rate(conduit_pipeline_execution_duration_seconds_count{pipeline_name=\"archv2-parity\"}[2s]) start:2026-08-02T22:38:56.425Z step:1]" stats="&{Timings:{EvalTotalTime:0.000171542 ResultSortTime:5e-07 QueryPreparationTime:8.6459e-05 InnerEvalTime:7.2375e-05 ExecQueueTime:7.208e-06 ExecTotalTime:0.000182584} Samples:0x140017c6d50}" spanID=0000000000000000
time=2026-08-02T15:39:22.426-07:00 level=DEBUG msg="Query returned data" test=archv2-parity tool=conduit-v1 collector=conduit type=conduit collector=conduit type=conduit name=msg-rate-per-second[archv2-parity] series-count=1 last-value=28183
time=2026-08-02T15:39:22.426-07:00 level=DEBUG msg="promql query logged" test=archv2-parity tool=conduit-v1 collector=conduit type=conduit collector=conduit type=conduit params="map[end:2026-08-02T22:39:22.426Z query:rate(conduit_connector_bytes_sum{pipeline_name=\"archv2-parity\",type=\"source\"}[2s])/1048576 start:2026-08-02T22:38:56.425Z step:1]" stats="&{Timings:{EvalTotalTime:0.00014275 ResultSortTime:4.58e-07 QueryPreparationTime:1.8875e-05 InnerEvalTime:6.0292e-05 ExecQueueTime:2.042e-06 ExecTotalTime:0.000148208} Samples:0x140017c73b0}" spanID=0000000000000000
time=2026-08-02T15:39:22.427-07:00 level=DEBUG msg="Query returned data" test=archv2-parity tool=conduit-v1 collector=conduit type=conduit collector=conduit type=conduit name=msg-megabytes-in-per-second[archv2-parity] series-count=1 last-value=0.795928955078125
time=2026-08-02T15:39:22.427-07:00 level=DEBUG msg="promql query logged" test=archv2-parity tool=conduit-v1 collector=conduit type=conduit collector=conduit type=conduit params="map[end:2026-08-02T22:39:22.427Z query:rate(conduit_connector_bytes_sum{pipeline_name=\"archv2-parity\",type=\"destination\"}[2s])/1048576 start:2026-08-02T22:38:56.425Z step:1]" stats="&{Timings:{EvalTotalTime:7.6417e-05 ResultSortTime:5.83e-07 QueryPreparationTime:1.4667e-05 InnerEvalTime:5.5583e-05 ExecQueueTime:2.501e-06 ExecTotalTime:8.1541e-05} Samples:0x140017c7a10}" spanID=0000000000000000
time=2026-08-02T15:39:22.427-07:00 level=DEBUG msg="Query returned data" test=archv2-parity tool=conduit-v1 collector=conduit type=conduit collector=conduit type=conduit name=msg-megabytes-out-per-second[archv2-parity] series-count=1 last-value=0.7958984375
time=2026-08-02T15:39:22.751-07:00 level=DEBUG msg="Inspecting container" model=container-monitor name=benchi-conduit
time=2026-08-02T15:39:23.261-07:00 level=DEBUG msg="Inspecting container" model=container-monitor name=benchi-conduit
time=2026-08-02T15:39:23.426-07:00 level=DEBUG msg="promql query logged" test=archv2-parity tool=conduit-v1 collector=conduit type=conduit collector=conduit type=conduit params="map[end:2026-08-02T22:39:23.426Z query:rate(conduit_pipeline_execution_duration_seconds_count{pipeline_name=\"archv2-parity\"}[2s]) start:2026-08-02T22:38:56.425Z step:1]" stats="&{Timings:{EvalTotalTime:0.000145833 ResultSortTime:9.16e-07 QueryPreparationTime:3.6125e-05 InnerEvalTime:0.000100083 ExecQueueTime:4.626e-06 ExecTotalTime:0.000154834} Samples:0x1400172d560}" spanID=0000000000000000
time=2026-08-02T15:39:23.426-07:00 level=DEBUG msg="Query returned data" test=archv2-parity tool=conduit-v1 collector=conduit type=conduit collector=conduit type=conduit name=msg-rate-per-second[archv2-parity] series-count=1 last-value=29644
time=2026-08-02T15:39:23.428-07:00 level=DEBUG msg="promql query logged" test=archv2-parity tool=conduit-v1 collector=conduit type=conduit collector=conduit type=conduit params="map[end:2026-08-02T22:39:23.426Z query:rate(conduit_connector_bytes_sum{pipeline_name=\"archv2-parity\",type=\"source\"}[2s])/1048576 start:2026-08-02T22:38:56.425Z step:1]" stats="&{Timings:{EvalTotalTime:6.175e-05 ResultSortTime:2.5e-07 QueryPreparationTime:1.25e-05 InnerEvalTime:4.5958e-05 ExecQueueTime:2.459e-06 ExecTotalTime:7.1458e-05} Samples:0x1400172dbc0}" spanID=0000000000000000
time=2026-08-02T15:39:23.428-07:00 level=DEBUG msg="Query returned data" test=archv2-parity tool=conduit-v1 collector=conduit type=conduit collector=conduit type=conduit name=msg-megabytes-in-per-second[archv2-parity] series-count=1 last-value=0.8366909027099609
time=2026-08-02T15:39:23.428-07:00 level=DEBUG msg="promql query logged" test=archv2-parity tool=conduit-v1 collector=conduit type=conduit collector=conduit type=conduit params="map[end:2026-08-02T22:39:23.428Z query:rate(conduit_connector_bytes_sum{pipeline_name=\"archv2-parity\",type=\"destination\"}[2s])/1048576 start:2026-08-02T22:38:56.425Z step:1]" stats="&{Timings:{EvalTotalTime:2.7833e-05 ResultSortTime:8.4e-08 QueryPreparationTime:5.917e-06 InnerEvalTime:1.9875e-05 ExecQueueTime:5.84e-07 ExecTotalTime:2.9209e-05} Samples:0x140017622a0}" spanID=0000000000000000
time=2026-08-02T15:39:23.428-07:00 level=DEBUG msg="Query returned data" test=archv2-parity tool=conduit-v1 collector=conduit type=conduit collector=conduit type=conduit name=msg-megabytes-out-per-second[archv2-parity] series-count=1 last-value=0.8367156982421875
time=2026-08-02T15:39:23.766-07:00 level=DEBUG msg="Inspecting container" model=container-monitor name=benchi-conduit
time=2026-08-02T15:39:24.278-07:00 level=DEBUG msg="Inspecting container" model=container-monitor name=benchi-conduit
time=2026-08-02T15:39:24.426-07:00 level=DEBUG msg="promql query logged" test=archv2-parity tool=conduit-v1 collector=conduit type=conduit collector=conduit type=conduit params="map[end:2026-08-02T22:39:24.426Z query:rate(conduit_pipeline_execution_duration_seconds_count{pipeline_name=\"archv2-parity\"}[2s]) start:2026-08-02T22:38:56.425Z step:1]" stats="&{Timings:{EvalTotalTime:0.000121083 ResultSortTime:7.5e-07 QueryPreparationTime:3.6208e-05 InnerEvalTime:7.0583e-05 ExecQueueTime:4.999e-06 ExecTotalTime:0.000132084} Samples:0x1400147a2a0}" spanID=0000000000000000
time=2026-08-02T15:39:24.426-07:00 level=DEBUG msg="Query returned data" test=archv2-parity tool=conduit-v1 collector=conduit type=conduit collector=conduit type=conduit name=msg-rate-per-second[archv2-parity] series-count=1 last-value=28255
time=2026-08-02T15:39:24.427-07:00 level=DEBUG msg="promql query logged" test=archv2-parity tool=conduit-v1 collector=conduit type=conduit collector=conduit type=conduit params="map[end:2026-08-02T22:39:24.426Z query:rate(conduit_connector_bytes_sum{pipeline_name=\"archv2-parity\",type=\"source\"}[2s])/1048576 start:2026-08-02T22:38:56.425Z step:1]" stats="&{Timings:{EvalTotalTime:0.000236959 ResultSortTime:7.09e-07 QueryPreparationTime:1.75e-05 InnerEvalTime:0.000211 ExecQueueTime:2.25e-06 ExecTotalTime:0.000242833} Samples:0x1400147a960}" spanID=0000000000000000
time=2026-08-02T15:39:24.427-07:00 level=DEBUG msg="Query returned data" test=archv2-parity tool=conduit-v1 collector=conduit type=conduit collector=conduit type=conduit name=msg-megabytes-in-per-second[archv2-parity] series-count=1 last-value=0.7968740463256836
time=2026-08-02T15:39:24.427-07:00 level=DEBUG msg="promql query logged" test=archv2-parity tool=conduit-v1 collector=conduit type=conduit collector=conduit type=conduit params="map[end:2026-08-02T22:39:24.427Z query:rate(conduit_connector_bytes_sum{pipeline_name=\"archv2-parity\",type=\"destination\"}[2s])/1048576 start:2026-08-02T22:38:56.425Z step:1]" stats="&{Timings:{EvalTotalTime:7.3667e-05 ResultSortTime:2.5e-07 QueryPreparationTime:1.1959e-05 InnerEvalTime:5.6375e-05 ExecQueueTime:1.584e-06 ExecTotalTime:7.8708e-05} Samples:0x1400147aff0}" spanID=0000000000000000
time=2026-08-02T15:39:24.427-07:00 level=DEBUG msg="Query returned data" test=archv2-parity tool=conduit-v1 collector=conduit type=conduit collector=conduit type=conduit name=msg-megabytes-out-per-second[archv2-parity] series-count=1 last-value=0.796849250793457
time=2026-08-02T15:39:24.786-07:00 level=DEBUG msg="Inspecting container" model=container-monitor name=benchi-conduit
time=2026-08-02T15:39:25.296-07:00 level=DEBUG msg="Inspecting container" model=container-monitor name=benchi-conduit
time=2026-08-02T15:39:25.426-07:00 level=DEBUG msg="promql query logged" test=archv2-parity tool=conduit-v1 collector=conduit type=conduit collector=conduit type=conduit params="map[end:2026-08-02T22:39:25.425Z query:rate(conduit_pipeline_execution_duration_seconds_count{pipeline_name=\"archv2-parity\"}[2s]) start:2026-08-02T22:38:56.425Z step:1]" stats="&{Timings:{EvalTotalTime:7.7084e-05 ResultSortTime:6.25e-07 QueryPreparationTime:2.5459e-05 InnerEvalTime:4.4292e-05 ExecQueueTime:4.209e-06 ExecTotalTime:8.4875e-05} Samples:0x1400118eed0}" spanID=0000000000000000
time=2026-08-02T15:39:25.426-07:00 level=DEBUG msg="Query returned data" test=archv2-parity tool=conduit-v1 collector=conduit type=conduit collector=conduit type=conduit name=msg-rate-per-second[archv2-parity] series-count=1 last-value=29032
time=2026-08-02T15:39:25.426-07:00 level=DEBUG msg="promql query logged" test=archv2-parity tool=conduit-v1 collector=conduit type=conduit collector=conduit type=conduit params="map[end:2026-08-02T22:39:25.426Z query:rate(conduit_connector_bytes_sum{pipeline_name=\"archv2-parity\",type=\"source\"}[2s])/1048576 start:2026-08-02T22:38:56.425Z step:1]" stats="&{Timings:{EvalTotalTime:6.1334e-05 ResultSortTime:1.67e-07 QueryPreparationTime:8.834e-06 InnerEvalTime:4.9167e-05 ExecQueueTime:1.125e-06 ExecTotalTime:6.4417e-05} Samples:0x1400118f590}" spanID=0000000000000000
time=2026-08-02T15:39:25.426-07:00 level=DEBUG msg="Query returned data" test=archv2-parity tool=conduit-v1 collector=conduit type=conduit collector=conduit type=conduit name=msg-megabytes-in-per-second[archv2-parity] series-count=1 last-value=0.8207855224609375
time=2026-08-02T15:39:25.426-07:00 level=DEBUG msg="promql query logged" test=archv2-parity tool=conduit-v1 collector=conduit type=conduit collector=conduit type=conduit params="map[end:2026-08-02T22:39:25.426Z query:rate(conduit_connector_bytes_sum{pipeline_name=\"archv2-parity\",type=\"destination\"}[2s])/1048576 start:2026-08-02T22:38:56.425Z step:1]" stats="&{Timings:{EvalTotalTime:4.0167e-05 ResultSortTime:1.625e-06 QueryPreparationTime:4.625e-06 InnerEvalTime:3.1208e-05 ExecQueueTime:7.51e-07 ExecTotalTime:4.2792e-05} Samples:0x140009ca2a0}" spanID=0000000000000000
time=2026-08-02T15:39:25.426-07:00 level=DEBUG msg="Query returned data" test=archv2-parity tool=conduit-v1 collector=conduit type=conduit collector=conduit type=conduit name=msg-megabytes-out-per-second[archv2-parity] series-count=1 last-value=0.8207855224609375
time=2026-08-02T15:39:25.800-07:00 level=DEBUG msg="Inspecting container" model=container-monitor name=benchi-conduit
time=2026-08-02T15:39:26.304-07:00 level=DEBUG msg="Inspecting container" model=container-monitor name=benchi-conduit
time=2026-08-02T15:39:26.425-07:00 level=DEBUG msg="promql query logged" test=archv2-parity tool=conduit-v1 collector=conduit type=conduit collector=conduit type=conduit params="map[end:2026-08-02T22:39:26.425Z query:rate(conduit_pipeline_execution_duration_seconds_count{pipeline_name=\"archv2-parity\"}[2s]) start:2026-08-02T22:38:56.425Z step:1]" stats="&{Timings:{EvalTotalTime:7.3e-05 ResultSortTime:7.5e-07 QueryPreparationTime:2.5334e-05 InnerEvalTime:4.2542e-05 ExecQueueTime:1.626e-06 ExecTotalTime:7.9041e-05} Samples:0x140007168a0}" spanID=0000000000000000
time=2026-08-02T15:39:26.425-07:00 level=DEBUG msg="Query returned data" test=archv2-parity tool=conduit-v1 collector=conduit type=conduit collector=conduit type=conduit name=msg-rate-per-second[archv2-parity] series-count=1 last-value=28867
time=2026-08-02T15:39:26.425-07:00 level=DEBUG msg="promql query logged" test=archv2-parity tool=conduit-v1 collector=conduit type=conduit collector=conduit type=conduit params="map[end:2026-08-02T22:39:26.425Z query:rate(conduit_connector_bytes_sum{pipeline_name=\"archv2-parity\",type=\"source\"}[2s])/1048576 start:2026-08-02T22:38:56.425Z step:1]" stats="&{Timings:{EvalTotalTime:4.5459e-05 ResultSortTime:1.25e-07 QueryPreparationTime:5.417e-06 InnerEvalTime:3.8e-05 ExecQueueTime:3.75e-07 ExecTotalTime:4.7458e-05} Samples:0x14000717440}" spanID=0000000000000000
time=2026-08-02T15:39:26.425-07:00 level=DEBUG msg="Query returned data" test=archv2-parity tool=conduit-v1 collector=conduit type=conduit collector=conduit type=conduit name=msg-megabytes-in-per-second[archv2-parity] series-count=1 last-value=0.8146076202392578
time=2026-08-02T15:39:26.425-07:00 level=INFO msg="Test in progress" test=archv2-parity tool=conduit-v1 step=test time-left=30s
time=2026-08-02T15:39:26.425-07:00 level=DEBUG msg="promql query logged" test=archv2-parity tool=conduit-v1 collector=conduit type=conduit collector=conduit type=conduit params="map[end:2026-08-02T22:39:26.425Z query:rate(conduit_connector_bytes_sum{pipeline_name=\"archv2-parity\",type=\"destination\"}[2s])/1048576 start:2026-08-02T22:38:56.425Z step:1]" stats="&{Timings:{EvalTotalTime:2.475e-05 ResultSortTime:1.25e-07 QueryPreparationTime:3.334e-06 InnerEvalTime:1.9083e-05 ExecQueueTime:4.59e-07 ExecTotalTime:2.6166e-05} Samples:0x14000717f20}" spanID=0000000000000000
time=2026-08-02T15:39:26.426-07:00 level=DEBUG msg="Query returned data" test=archv2-parity tool=conduit-v1 collector=conduit type=conduit collector=conduit type=conduit name=msg-megabytes-out-per-second[archv2-parity] series-count=1 last-value=0.8146076202392578
time=2026-08-02T15:39:26.809-07:00 level=DEBUG msg="Inspecting container" model=container-monitor name=benchi-conduit
time=2026-08-02T15:39:27.322-07:00 level=DEBUG msg="Inspecting container" model=container-monitor name=benchi-conduit
time=2026-08-02T15:39:27.426-07:00 level=DEBUG msg="promql query logged" test=archv2-parity tool=conduit-v1 collector=conduit type=conduit collector=conduit type=conduit params="map[end:2026-08-02T22:39:27.426Z query:rate(conduit_pipeline_execution_duration_seconds_count{pipeline_name=\"archv2-parity\"}[2s]) start:2026-08-02T22:38:56.425Z step:1]" stats="&{Timings:{EvalTotalTime:5.1958e-05 ResultSortTime:2.92e-07 QueryPreparationTime:1.4666e-05 InnerEvalTime:3.1917e-05 ExecQueueTime:3.042e-06 ExecTotalTime:5.7625e-05} Samples:0x140013de4b0}" spanID=0000000000000000
time=2026-08-02T15:39:27.426-07:00 level=DEBUG msg="Query returned data" test=archv2-parity tool=conduit-v1 collector=conduit type=conduit collector=conduit type=conduit name=msg-rate-per-second[archv2-parity] series-count=1 last-value=29433
time=2026-08-02T15:39:27.426-07:00 level=DEBUG msg="promql query logged" test=archv2-parity tool=conduit-v1 collector=conduit type=conduit collector=conduit type=conduit params="map[end:2026-08-02T22:39:27.426Z query:rate(conduit_connector_bytes_sum{pipeline_name=\"archv2-parity\",type=\"source\"}[2s])/1048576 start:2026-08-02T22:38:56.425Z step:1]" stats="&{Timings:{EvalTotalTime:5.6375e-05 ResultSortTime:2.92e-07 QueryPreparationTime:9.75e-06 InnerEvalTime:4.2792e-05 ExecQueueTime:1.334e-06 ExecTotalTime:5.9667e-05} Samples:0x140013deb10}" spanID=0000000000000000
time=2026-08-02T15:39:27.426-07:00 level=DEBUG msg="Query returned data" test=archv2-parity tool=conduit-v1 collector=conduit type=conduit collector=conduit type=conduit name=msg-megabytes-in-per-second[archv2-parity] series-count=1 last-value=0.83197021484375
time=2026-08-02T15:39:27.426-07:00 level=DEBUG msg="promql query logged" test=archv2-parity tool=conduit-v1 collector=conduit type=conduit collector=conduit type=conduit params="map[end:2026-08-02T22:39:27.426Z query:rate(conduit_connector_bytes_sum{pipeline_name=\"archv2-parity\",type=\"destination\"}[2s])/1048576 start:2026-08-02T22:38:56.425Z step:1]" stats="&{Timings:{EvalTotalTime:4.4625e-05 ResultSortTime:1.66e-07 QueryPreparationTime:4.917e-06 InnerEvalTime:3.6333e-05 ExecQueueTime:8.75e-07 ExecTotalTime:4.7042e-05} Samples:0x140013df230}" spanID=0000000000000000
time=2026-08-02T15:39:27.426-07:00 level=DEBUG msg="Query returned data" test=archv2-parity tool=conduit-v1 collector=conduit type=conduit collector=conduit type=conduit name=msg-megabytes-out-per-second[archv2-parity] series-count=1 last-value=0.83197021484375
time=2026-08-02T15:39:27.841-07:00 level=DEBUG msg="Inspecting container" model=container-monitor name=benchi-conduit
time=2026-08-02T15:39:28.348-07:00 level=DEBUG msg="Inspecting container" model=container-monitor name=benchi-conduit
time=2026-08-02T15:39:28.426-07:00 level=DEBUG msg="promql query logged" test=archv2-parity tool=conduit-v1 collector=conduit type=conduit collector=conduit type=conduit params="map[end:2026-08-02T22:39:28.425Z query:rate(conduit_pipeline_execution_duration_seconds_count{pipeline_name=\"archv2-parity\"}[2s]) start:2026-08-02T22:38:56.425Z step:1]" stats="&{Timings:{EvalTotalTime:5.2709e-05 ResultSortTime:2.5e-07 QueryPreparationTime:1.4083e-05 InnerEvalTime:3.1833e-05 ExecQueueTime:2.5e-06 ExecTotalTime:5.7375e-05} Samples:0x140012ede30}" spanID=0000000000000000
time=2026-08-02T15:39:28.426-07:00 level=DEBUG msg="Query returned data" test=archv2-parity tool=conduit-v1 collector=conduit type=conduit collector=conduit type=conduit name=msg-rate-per-second[archv2-parity] series-count=1 last-value=31654
time=2026-08-02T15:39:28.426-07:00 level=DEBUG msg="promql query logged" test=archv2-parity tool=conduit-v1 collector=conduit type=conduit collector=conduit type=conduit params="map[end:2026-08-02T22:39:28.426Z query:rate(conduit_connector_bytes_sum{pipeline_name=\"archv2-parity\",type=\"source\"}[2s])/1048576 start:2026-08-02T22:38:56.425Z step:1]" stats="&{Timings:{EvalTotalTime:5.075e-05 ResultSortTime:1.66e-07 QueryPreparationTime:6.334e-06 InnerEvalTime:4.1209e-05 ExecQueueTime:7.91e-07 ExecTotalTime:5.3e-05} Samples:0x140017c6510}" spanID=0000000000000000
time=2026-08-02T15:39:28.426-07:00 level=DEBUG msg="Query returned data" test=archv2-parity tool=conduit-v1 collector=conduit type=conduit collector=conduit type=conduit name=msg-megabytes-in-per-second[archv2-parity] series-count=1 last-value=0.8932485580444336
time=2026-08-02T15:39:28.426-07:00 level=DEBUG msg="promql query logged" test=archv2-parity tool=conduit-v1 collector=conduit type=conduit collector=conduit type=conduit params="map[end:2026-08-02T22:39:28.426Z query:rate(conduit_connector_bytes_sum{pipeline_name=\"archv2-parity\",type=\"destination\"}[2s])/1048576 start:2026-08-02T22:38:56.425Z step:1]" stats="&{Timings:{EvalTotalTime:3.7583e-05 ResultSortTime:1.25e-07 QueryPreparationTime:4e-06 InnerEvalTime:3.0792e-05 ExecQueueTime:7.5e-07 ExecTotalTime:3.9458e-05} Samples:0x140017c6b70}" spanID=0000000000000000
time=2026-08-02T15:39:28.426-07:00 level=DEBUG msg="Query returned data" test=archv2-parity tool=conduit-v1 collector=conduit type=conduit collector=conduit type=conduit name=msg-megabytes-out-per-second[archv2-parity] series-count=1 last-value=0.8932485580444336
time=2026-08-02T15:39:28.855-07:00 level=DEBUG msg="Inspecting container" model=container-monitor name=benchi-conduit
time=2026-08-02T15:39:29.365-07:00 level=DEBUG msg="Inspecting container" model=container-monitor name=benchi-conduit
time=2026-08-02T15:39:29.426-07:00 level=DEBUG msg="promql query logged" test=archv2-parity tool=conduit-v1 collector=conduit type=conduit collector=conduit type=conduit params="map[end:2026-08-02T22:39:29.426Z query:rate(conduit_pipeline_execution_duration_seconds_count{pipeline_name=\"archv2-parity\"}[2s]) start:2026-08-02T22:38:56.425Z step:1]" stats="&{Timings:{EvalTotalTime:5.4875e-05 ResultSortTime:3.75e-07 QueryPreparationTime:1.5417e-05 InnerEvalTime:3.4208e-05 ExecQueueTime:2.5e-06 ExecTotalTime:5.975e-05} Samples:0x1400182bb00}" spanID=0000000000000000
time=2026-08-02T15:39:29.426-07:00 level=DEBUG msg="Query returned data" test=archv2-parity tool=conduit-v1 collector=conduit type=conduit collector=conduit type=conduit name=msg-rate-per-second[archv2-parity] series-count=1 last-value=32538
time=2026-08-02T15:39:29.426-07:00 level=DEBUG msg="promql query logged" test=archv2-parity tool=conduit-v1 collector=conduit type=conduit collector=conduit type=conduit params="map[end:2026-08-02T22:39:29.426Z query:rate(conduit_connector_bytes_sum{pipeline_name=\"archv2-parity\",type=\"source\"}[2s])/1048576 start:2026-08-02T22:38:56.425Z step:1]" stats="&{Timings:{EvalTotalTime:5.675e-05 ResultSortTime:1.25e-07 QueryPreparationTime:7.541e-06 InnerEvalTime:4.6167e-05 ExecQueueTime:8.34e-07 ExecTotalTime:5.9416e-05} Samples:0x1400172c210}" spanID=0000000000000000
time=2026-08-02T15:39:29.426-07:00 level=DEBUG msg="Query returned data" test=archv2-parity tool=conduit-v1 collector=conduit type=conduit collector=conduit type=conduit name=msg-megabytes-in-per-second[archv2-parity] series-count=1 last-value=0.9196023941040039
time=2026-08-02T15:39:29.426-07:00 level=DEBUG msg="promql query logged" test=archv2-parity tool=conduit-v1 collector=conduit type=conduit collector=conduit type=conduit params="map[end:2026-08-02T22:39:29.426Z query:rate(conduit_connector_bytes_sum{pipeline_name=\"archv2-parity\",type=\"destination\"}[2s])/1048576 start:2026-08-02T22:38:56.425Z step:1]" stats="&{Timings:{EvalTotalTime:4.2208e-05 ResultSortTime:1.416e-06 QueryPreparationTime:4.875e-06 InnerEvalTime:3.2041e-05 ExecQueueTime:7.92e-07 ExecTotalTime:4.4167e-05} Samples:0x1400172c870}" spanID=0000000000000000
time=2026-08-02T15:39:29.427-07:00 level=DEBUG msg="Query returned data" test=archv2-parity tool=conduit-v1 collector=conduit type=conduit collector=conduit type=conduit name=msg-megabytes-out-per-second[archv2-parity] series-count=1 last-value=0.9196023941040039
time=2026-08-02T15:39:29.871-07:00 level=DEBUG msg="Inspecting container" model=container-monitor name=benchi-conduit
time=2026-08-02T15:39:30.379-07:00 level=DEBUG msg="Inspecting container" model=container-monitor name=benchi-conduit
time=2026-08-02T15:39:30.426-07:00 level=DEBUG msg="promql query logged" test=archv2-parity tool=conduit-v1 collector=conduit type=conduit collector=conduit type=conduit params="map[end:2026-08-02T22:39:30.425Z query:rate(conduit_pipeline_execution_duration_seconds_count{pipeline_name=\"archv2-parity\"}[2s]) start:2026-08-02T22:38:56.425Z step:1]" stats="&{Timings:{EvalTotalTime:5.3416e-05 ResultSortTime:4.59e-07 QueryPreparationTime:1.6125e-05 InnerEvalTime:3.175e-05 ExecQueueTime:2.625e-06 ExecTotalTime:6.0709e-05} Samples:0x1400121a4e0}" spanID=0000000000000000
time=2026-08-02T15:39:30.426-07:00 level=DEBUG msg="Query returned data" test=archv2-parity tool=conduit-v1 collector=conduit type=conduit collector=conduit type=conduit name=msg-rate-per-second[archv2-parity] series-count=1 last-value=27162
time=2026-08-02T15:39:30.426-07:00 level=DEBUG msg="promql query logged" test=archv2-parity tool=conduit-v1 collector=conduit type=conduit collector=conduit type=conduit params="map[end:2026-08-02T22:39:30.426Z query:rate(conduit_connector_bytes_sum{pipeline_name=\"archv2-parity\",type=\"source\"}[2s])/1048576 start:2026-08-02T22:38:56.425Z step:1]" stats="&{Timings:{EvalTotalTime:5.9708e-05 ResultSortTime:1.25e-07 QueryPreparationTime:1.0167e-05 InnerEvalTime:4.5667e-05 ExecQueueTime:6.708e-06 ExecTotalTime:6.2875e-05} Samples:0x1400121ab40}" spanID=0000000000000000
time=2026-08-02T15:39:30.426-07:00 level=DEBUG msg="Query returned data" test=archv2-parity tool=conduit-v1 collector=conduit type=conduit collector=conduit type=conduit name=msg-megabytes-in-per-second[archv2-parity] series-count=1 last-value=0.7682867050170898
time=2026-08-02T15:39:30.426-07:00 level=DEBUG msg="promql query logged" test=archv2-parity tool=conduit-v1 collector=conduit type=conduit collector=conduit type=conduit params="map[end:2026-08-02T22:39:30.426Z query:rate(conduit_connector_bytes_sum{pipeline_name=\"archv2-parity\",type=\"destination\"}[2s])/1048576 start:2026-08-02T22:38:56.425Z step:1]" stats="&{Timings:{EvalTotalTime:4.6875e-05 ResultSortTime:8.3e-08 QueryPreparationTime:6.584e-06 InnerEvalTime:3.6833e-05 ExecQueueTime:8.75e-07 ExecTotalTime:4.9333e-05} Samples:0x1400121b1a0}" spanID=0000000000000000
time=2026-08-02T15:39:30.426-07:00 level=DEBUG msg="Query returned data" test=archv2-parity tool=conduit-v1 collector=conduit type=conduit collector=conduit type=conduit name=msg-megabytes-out-per-second[archv2-parity] series-count=1 last-value=0.7682867050170898
time=2026-08-02T15:39:30.900-07:00 level=DEBUG msg="Inspecting container" model=container-monitor name=benchi-conduit
time=2026-08-02T15:39:31.407-07:00 level=DEBUG msg="Inspecting container" model=container-monitor name=benchi-conduit
time=2026-08-02T15:39:31.425-07:00 level=INFO msg="Test in progress" test=archv2-parity tool=conduit-v1 step=test time-left=25s
time=2026-08-02T15:39:31.426-07:00 level=DEBUG msg="promql query logged" test=archv2-parity tool=conduit-v1 collector=conduit type=conduit collector=conduit type=conduit params="map[end:2026-08-02T22:39:31.426Z query:rate(conduit_pipeline_execution_duration_seconds_count{pipeline_name=\"archv2-parity\"}[2s]) start:2026-08-02T22:38:56.425Z step:1]" stats="&{Timings:{EvalTotalTime:5.525e-05 ResultSortTime:5e-07 QueryPreparationTime:1.4583e-05 InnerEvalTime:3.4958e-05 ExecQueueTime:2.291e-06 ExecTotalTime:6.1292e-05} Samples:0x14000f8b740}" spanID=0000000000000000
time=2026-08-02T15:39:31.426-07:00 level=DEBUG msg="Query returned data" test=archv2-parity tool=conduit-v1 collector=conduit type=conduit collector=conduit type=conduit name=msg-rate-per-second[archv2-parity] series-count=1 last-value=28178
time=2026-08-02T15:39:31.426-07:00 level=DEBUG msg="promql query logged" test=archv2-parity tool=conduit-v1 collector=conduit type=conduit collector=conduit type=conduit params="map[end:2026-08-02T22:39:31.426Z query:rate(conduit_connector_bytes_sum{pipeline_name=\"archv2-parity\",type=\"source\"}[2s])/1048576 start:2026-08-02T22:38:56.425Z step:1]" stats="&{Timings:{EvalTotalTime:6.5292e-05 ResultSortTime:2.5e-07 QueryPreparationTime:1.0167e-05 InnerEvalTime:5.0833e-05 ExecQueueTime:1.583e-06 ExecTotalTime:6.8791e-05} Samples:0x14000f8bda0}" spanID=0000000000000000
time=2026-08-02T15:39:31.426-07:00 level=DEBUG msg="Query returned data" test=archv2-parity tool=conduit-v1 collector=conduit type=conduit collector=conduit type=conduit name=msg-megabytes-in-per-second[archv2-parity] series-count=1 last-value=0.7964611053466797
time=2026-08-02T15:39:31.426-07:00 level=DEBUG msg="promql query logged" test=archv2-parity tool=conduit-v1 collector=conduit type=conduit collector=conduit type=conduit params="map[end:2026-08-02T22:39:31.426Z query:rate(conduit_connector_bytes_sum{pipeline_name=\"archv2-parity\",type=\"destination\"}[2s])/1048576 start:2026-08-02T22:38:56.425Z step:1]" stats="&{Timings:{EvalTotalTime:4.6959e-05 ResultSortTime:1.25e-07 QueryPreparationTime:6.75e-06 InnerEvalTime:3.65e-05 ExecQueueTime:1.084e-06 ExecTotalTime:5.0459e-05} Samples:0x14000fb0480}" spanID=0000000000000000
time=2026-08-02T15:39:31.426-07:00 level=DEBUG msg="Query returned data" test=archv2-parity tool=conduit-v1 collector=conduit type=conduit collector=conduit type=conduit name=msg-megabytes-out-per-second[archv2-parity] series-count=1 last-value=0.7964811325073242
time=2026-08-02T15:39:31.920-07:00 level=DEBUG msg="Inspecting container" model=container-monitor name=benchi-conduit
time=2026-08-02T15:39:32.426-07:00 level=DEBUG msg="promql query logged" test=archv2-parity tool=conduit-v1 collector=conduit type=conduit collector=conduit type=conduit params="map[end:2026-08-02T22:39:32.426Z query:rate(conduit_pipeline_execution_duration_seconds_count{pipeline_name=\"archv2-parity\"}[2s]) start:2026-08-02T22:38:56.425Z step:1]" stats="&{Timings:{EvalTotalTime:5.5375e-05 ResultSortTime:4.459e-06 QueryPreparationTime:1.4875e-05 InnerEvalTime:3.1875e-05 ExecQueueTime:2.499e-06 ExecTotalTime:6.0125e-05} Samples:0x1400132e060}" spanID=0000000000000000
time=2026-08-02T15:39:32.426-07:00 level=DEBUG msg="Query returned data" test=archv2-parity tool=conduit-v1 collector=conduit type=conduit collector=conduit type=conduit name=msg-rate-per-second[archv2-parity] series-count=1 last-value=27984
time=2026-08-02T15:39:32.427-07:00 level=DEBUG msg="promql query logged" test=archv2-parity tool=conduit-v1 collector=conduit type=conduit collector=conduit type=conduit params="map[end:2026-08-02T22:39:32.426Z query:rate(conduit_connector_bytes_sum{pipeline_name=\"archv2-parity\",type=\"source\"}[2s])/1048576 start:2026-08-02T22:38:56.425Z step:1]" stats="&{Timings:{EvalTotalTime:5.4291e-05 ResultSortTime:1.25e-07 QueryPreparationTime:7.25e-06 InnerEvalTime:4.2875e-05 ExecQueueTime:8.76e-07 ExecTotalTime:5.65e-05} Samples:0x1400132e6c0}" spanID=0000000000000000
time=2026-08-02T15:39:32.427-07:00 level=DEBUG msg="Query returned data" test=archv2-parity tool=conduit-v1 collector=conduit type=conduit collector=conduit type=conduit name=msg-megabytes-in-per-second[archv2-parity] series-count=1 last-value=0.7908906936645508
time=2026-08-02T15:39:32.427-07:00 level=DEBUG msg="promql query logged" test=archv2-parity tool=conduit-v1 collector=conduit type=conduit collector=conduit type=conduit params="map[end:2026-08-02T22:39:32.427Z query:rate(conduit_connector_bytes_sum{pipeline_name=\"archv2-parity\",type=\"destination\"}[2s])/1048576 start:2026-08-02T22:38:56.425Z step:1]" stats="&{Timings:{EvalTotalTime:4.4458e-05 ResultSortTime:1.67e-07 QueryPreparationTime:3.916e-06 InnerEvalTime:3.7792e-05 ExecQueueTime:6.67e-07 ExecTotalTime:4.6375e-05} Samples:0x1400132ed20}" spanID=0000000000000000
time=2026-08-02T15:39:32.427-07:00 level=DEBUG msg="Query returned data" test=archv2-parity tool=conduit-v1 collector=conduit type=conduit collector=conduit type=conduit name=msg-megabytes-out-per-second[archv2-parity] series-count=1 last-value=0.7908706665039062
time=2026-08-02T15:39:32.428-07:00 level=DEBUG msg="Inspecting container" model=container-monitor name=benchi-conduit
time=2026-08-02T15:39:32.934-07:00 level=DEBUG msg="Inspecting container" model=container-monitor name=benchi-conduit
time=2026-08-02T15:39:33.426-07:00 level=DEBUG msg="promql query logged" test=archv2-parity tool=conduit-v1 collector=conduit type=conduit collector=conduit type=conduit params="map[end:2026-08-02T22:39:33.425Z query:rate(conduit_pipeline_execution_duration_seconds_count{pipeline_name=\"archv2-parity\"}[2s]) start:2026-08-02T22:38:56.425Z step:1]" stats="&{Timings:{EvalTotalTime:8.075e-05 ResultSortTime:4.17e-07 QueryPreparationTime:2.3292e-05 InnerEvalTime:5.0792e-05 ExecQueueTime:3.291e-06 ExecTotalTime:8.7583e-05} Samples:0x140013924b0}" spanID=0000000000000000
time=2026-08-02T15:39:33.426-07:00 level=DEBUG msg="Query returned data" test=archv2-parity tool=conduit-v1 collector=conduit type=conduit collector=conduit type=conduit name=msg-rate-per-second[archv2-parity] series-count=1 last-value=31692
time=2026-08-02T15:39:33.426-07:00 level=DEBUG msg="promql query logged" test=archv2-parity tool=conduit-v1 collector=conduit type=conduit collector=conduit type=conduit params="map[end:2026-08-02T22:39:33.426Z query:rate(conduit_connector_bytes_sum{pipeline_name=\"archv2-parity\",type=\"source\"}[2s])/1048576 start:2026-08-02T22:38:56.425Z step:1]" stats="&{Timings:{EvalTotalTime:9.6208e-05 ResultSortTime:3.33e-07 QueryPreparationTime:1.3667e-05 InnerEvalTime:7.7541e-05 ExecQueueTime:1.626e-06 ExecTotalTime:0.000100333} Samples:0x14001392b10}" spanID=0000000000000000
time=2026-08-02T15:39:33.426-07:00 level=DEBUG msg="Query returned data" test=archv2-parity tool=conduit-v1 collector=conduit type=conduit collector=conduit type=conduit name=msg-megabytes-in-per-second[archv2-parity] series-count=1 last-value=0.8945255279541016
time=2026-08-02T15:39:33.426-07:00 level=DEBUG msg="promql query logged" test=archv2-parity tool=conduit-v1 collector=conduit type=conduit collector=conduit type=conduit params="map[end:2026-08-02T22:39:33.426Z query:rate(conduit_connector_bytes_sum{pipeline_name=\"archv2-parity\",type=\"destination\"}[2s])/1048576 start:2026-08-02T22:38:56.425Z step:1]" stats="&{Timings:{EvalTotalTime:5.0375e-05 ResultSortTime:1.25e-07 QueryPreparationTime:6.042e-06 InnerEvalTime:4.1041e-05 ExecQueueTime:7.49e-07 ExecTotalTime:5.275e-05} Samples:0x14001393170}" spanID=0000000000000000
time=2026-08-02T15:39:33.426-07:00 level=DEBUG msg="Query returned data" test=archv2-parity tool=conduit-v1 collector=conduit type=conduit collector=conduit type=conduit name=msg-megabytes-out-per-second[archv2-parity] series-count=1 last-value=0.8945255279541016
time=2026-08-02T15:39:33.439-07:00 level=DEBUG msg="Inspecting container" model=container-monitor name=benchi-conduit
time=2026-08-02T15:39:33.946-07:00 level=DEBUG msg="Inspecting container" model=container-monitor name=benchi-conduit
time=2026-08-02T15:39:34.427-07:00 level=DEBUG msg="promql query logged" test=archv2-parity tool=conduit-v1 collector=conduit type=conduit collector=conduit type=conduit params="map[end:2026-08-02T22:39:34.427Z query:rate(conduit_pipeline_execution_duration_seconds_count{pipeline_name=\"archv2-parity\"}[2s]) start:2026-08-02T22:38:56.425Z step:1]" stats="&{Timings:{EvalTotalTime:6.5458e-05 ResultSortTime:4.17e-07 QueryPreparationTime:1.8292e-05 InnerEvalTime:4.0959e-05 ExecQueueTime:2.959e-06 ExecTotalTime:7.15e-05} Samples:0x140012d5440}" spanID=0000000000000000
time=2026-08-02T15:39:34.427-07:00 level=DEBUG msg="Query returned data" test=archv2-parity tool=conduit-v1 collector=conduit type=conduit collector=conduit type=conduit name=msg-rate-per-second[archv2-parity] series-count=1 last-value=29009
time=2026-08-02T15:39:34.427-07:00 level=DEBUG msg="promql query logged" test=archv2-parity tool=conduit-v1 collector=conduit type=conduit collector=conduit type=conduit params="map[end:2026-08-02T22:39:34.427Z query:rate(conduit_connector_bytes_sum{pipeline_name=\"archv2-parity\",type=\"source\"}[2s])/1048576 start:2026-08-02T22:38:56.425Z step:1]" stats="&{Timings:{EvalTotalTime:7.3666e-05 ResultSortTime:2.5e-07 QueryPreparationTime:1.1541e-05 InnerEvalTime:5.7167e-05 ExecQueueTime:2.125e-06 ExecTotalTime:7.8417e-05} Samples:0x140012d5aa0}" spanID=0000000000000000
time=2026-08-02T15:39:34.427-07:00 level=DEBUG msg="Query returned data" test=archv2-parity tool=conduit-v1 collector=conduit type=conduit collector=conduit type=conduit name=msg-megabytes-in-per-second[archv2-parity] series-count=1 last-value=0.8203840255737305
time=2026-08-02T15:39:34.428-07:00 level=DEBUG msg="promql query logged" test=archv2-parity tool=conduit-v1 collector=conduit type=conduit collector=conduit type=conduit params="map[end:2026-08-02T22:39:34.427Z query:rate(conduit_connector_bytes_sum{pipeline_name=\"archv2-parity\",type=\"destination\"}[2s])/1048576 start:2026-08-02T22:38:56.425Z step:1]" stats="&{Timings:{EvalTotalTime:0.000674208 ResultSortTime:5e-07 QueryPreparationTime:6.583e-06 InnerEvalTime:0.000659584 ExecQueueTime:1e-06 ExecTotalTime:0.000678375} Samples:0x140012f4180}" spanID=0000000000000000
time=2026-08-02T15:39:34.428-07:00 level=DEBUG msg="Query returned data" test=archv2-parity tool=conduit-v1 collector=conduit type=conduit collector=conduit type=conduit name=msg-megabytes-out-per-second[archv2-parity] series-count=1 last-value=0.8203840255737305
time=2026-08-02T15:39:34.452-07:00 level=DEBUG msg="Inspecting container" model=container-monitor name=benchi-conduit
time=2026-08-02T15:39:34.958-07:00 level=DEBUG msg="Inspecting container" model=container-monitor name=benchi-conduit
time=2026-08-02T15:39:35.426-07:00 level=DEBUG msg="promql query logged" test=archv2-parity tool=conduit-v1 collector=conduit type=conduit collector=conduit type=conduit params="map[end:2026-08-02T22:39:35.425Z query:rate(conduit_pipeline_execution_duration_seconds_count{pipeline_name=\"archv2-parity\"}[2s]) start:2026-08-02T22:38:56.425Z step:1]" stats="&{Timings:{EvalTotalTime:0.000116458 ResultSortTime:1.084e-06 QueryPreparationTime:3.2792e-05 InnerEvalTime:7.2792e-05 ExecQueueTime:4.709e-06 ExecTotalTime:0.000126125} Samples:0x14001401b60}" spanID=0000000000000000
time=2026-08-02T15:39:35.426-07:00 level=DEBUG msg="Query returned data" test=archv2-parity tool=conduit-v1 collector=conduit type=conduit collector=conduit type=conduit name=msg-rate-per-second[archv2-parity] series-count=1 last-value=29509
time=2026-08-02T15:39:35.426-07:00 level=DEBUG msg="promql query logged" test=archv2-parity tool=conduit-v1 collector=conduit type=conduit collector=conduit type=conduit params="map[end:2026-08-02T22:39:35.426Z query:rate(conduit_connector_bytes_sum{pipeline_name=\"archv2-parity\",type=\"source\"}[2s])/1048576 start:2026-08-02T22:38:56.425Z step:1]" stats="&{Timings:{EvalTotalTime:9.6458e-05 ResultSortTime:2.5e-07 QueryPreparationTime:1.5708e-05 InnerEvalTime:7.4959e-05 ExecQueueTime:1.709e-06 ExecTotalTime:0.000101459} Samples:0x1400146c240}" spanID=0000000000000000
time=2026-08-02T15:39:35.426-07:00 level=DEBUG msg="Query returned data" test=archv2-parity tool=conduit-v1 collector=conduit type=conduit collector=conduit type=conduit name=msg-megabytes-in-per-second[archv2-parity] series-count=1 last-value=0.8343925476074219
time=2026-08-02T15:39:35.426-07:00 level=DEBUG msg="promql query logged" test=archv2-parity tool=conduit-v1 collector=conduit type=conduit collector=conduit type=conduit params="map[end:2026-08-02T22:39:35.426Z query:rate(conduit_connector_bytes_sum{pipeline_name=\"archv2-parity\",type=\"destination\"}[2s])/1048576 start:2026-08-02T22:38:56.425Z step:1]" stats="&{Timings:{EvalTotalTime:7.6042e-05 ResultSortTime:2.5e-07 QueryPreparationTime:1.3083e-05 InnerEvalTime:5.8208e-05 ExecQueueTime:1.708e-06 ExecTotalTime:7.9333e-05} Samples:0x1400146c8a0}" spanID=0000000000000000
time=2026-08-02T15:39:35.426-07:00 level=DEBUG msg="Query returned data" test=archv2-parity tool=conduit-v1 collector=conduit type=conduit collector=conduit type=conduit name=msg-megabytes-out-per-second[archv2-parity] series-count=1 last-value=0.8343925476074219
time=2026-08-02T15:39:35.469-07:00 level=DEBUG msg="Inspecting container" model=container-monitor name=benchi-conduit
time=2026-08-02T15:39:35.980-07:00 level=DEBUG msg="Inspecting container" model=container-monitor name=benchi-conduit
time=2026-08-02T15:39:36.425-07:00 level=INFO msg="Test in progress" test=archv2-parity tool=conduit-v1 step=test time-left=20s
time=2026-08-02T15:39:36.425-07:00 level=DEBUG msg="promql query logged" test=archv2-parity tool=conduit-v1 collector=conduit type=conduit collector=conduit type=conduit params="map[end:2026-08-02T22:39:36.425Z query:rate(conduit_pipeline_execution_duration_seconds_count{pipeline_name=\"archv2-parity\"}[2s]) start:2026-08-02T22:38:56.425Z step:1]" stats="&{Timings:{EvalTotalTime:7.7541e-05 ResultSortTime:6.25e-07 QueryPreparationTime:1.7708e-05 InnerEvalTime:4.25e-05 ExecQueueTime:2.749e-06 ExecTotalTime:8.3125e-05} Samples:0x140015d54d0}" spanID=0000000000000000
time=2026-08-02T15:39:36.428-07:00 level=DEBUG msg="Query returned data" test=archv2-parity tool=conduit-v1 collector=conduit type=conduit collector=conduit type=conduit name=msg-rate-per-second[archv2-parity] series-count=1 last-value=28946
time=2026-08-02T15:39:36.428-07:00 level=DEBUG msg="promql query logged" test=archv2-parity tool=conduit-v1 collector=conduit type=conduit collector=conduit type=conduit params="map[end:2026-08-02T22:39:36.428Z query:rate(conduit_connector_bytes_sum{pipeline_name=\"archv2-parity\",type=\"source\"}[2s])/1048576 start:2026-08-02T22:38:56.425Z step:1]" stats="&{Timings:{EvalTotalTime:0.000365541 ResultSortTime:4.17e-07 QueryPreparationTime:5.5875e-05 InnerEvalTime:0.000300416 ExecQueueTime:2.625e-06 ExecTotalTime:0.00037125} Samples:0x140015d5b30}" spanID=0000000000000000
time=2026-08-02T15:39:36.428-07:00 level=DEBUG msg="Query returned data" test=archv2-parity tool=conduit-v1 collector=conduit type=conduit collector=conduit type=conduit name=msg-megabytes-in-per-second[archv2-parity] series-count=1 last-value=0.8180961608886719
time=2026-08-02T15:39:36.428-07:00 level=DEBUG msg="promql query logged" test=archv2-parity tool=conduit-v1 collector=conduit type=conduit collector=conduit type=conduit params="map[end:2026-08-02T22:39:36.428Z query:rate(conduit_connector_bytes_sum{pipeline_name=\"archv2-parity\",type=\"destination\"}[2s])/1048576 start:2026-08-02T22:38:56.425Z step:1]" stats="&{Timings:{EvalTotalTime:4.1125e-05 ResultSortTime:8.4e-08 QueryPreparationTime:7.084e-06 InnerEvalTime:3.1791e-05 ExecQueueTime:9.58e-07 ExecTotalTime:4.2958e-05} Samples:0x140015f6210}" spanID=0000000000000000
time=2026-08-02T15:39:36.433-07:00 level=DEBUG msg="Query returned data" test=archv2-parity tool=conduit-v1 collector=conduit type=conduit collector=conduit type=conduit name=msg-megabytes-out-per-second[archv2-parity] series-count=1 last-value=0.8180961608886719
time=2026-08-02T15:39:36.492-07:00 level=DEBUG msg="Inspecting container" model=container-monitor name=benchi-conduit
time=2026-08-02T15:39:37.000-07:00 level=DEBUG msg="Inspecting container" model=container-monitor name=benchi-conduit
time=2026-08-02T15:39:37.428-07:00 level=DEBUG msg="promql query logged" test=archv2-parity tool=conduit-v1 collector=conduit type=conduit collector=conduit type=conduit params="map[end:2026-08-02T22:39:37.428Z query:rate(conduit_pipeline_execution_duration_seconds_count{pipeline_name=\"archv2-parity\"}[2s]) start:2026-08-02T22:38:56.425Z step:1]" stats="&{Timings:{EvalTotalTime:5.4625e-05 ResultSortTime:2.5e-07 QueryPreparationTime:1.4708e-05 InnerEvalTime:3.4458e-05 ExecQueueTime:2.542e-06 ExecTotalTime:5.95e-05} Samples:0x1400163eba0}" spanID=0000000000000000
time=2026-08-02T15:39:37.429-07:00 level=DEBUG msg="Query returned data" test=archv2-parity tool=conduit-v1 collector=conduit type=conduit collector=conduit type=conduit name=msg-rate-per-second[archv2-parity] series-count=1 last-value=32905
time=2026-08-02T15:39:37.429-07:00 level=DEBUG msg="promql query logged" test=archv2-parity tool=conduit-v1 collector=conduit type=conduit collector=conduit type=conduit params="map[end:2026-08-02T22:39:37.429Z query:rate(conduit_connector_bytes_sum{pipeline_name=\"archv2-parity\",type=\"source\"}[2s])/1048576 start:2026-08-02T22:38:56.425Z step:1]" stats="&{Timings:{EvalTotalTime:4.8083e-05 ResultSortTime:2.91e-07 QueryPreparationTime:8.792e-06 InnerEvalTime:3.65e-05 ExecQueueTime:1.334e-06 ExecTotalTime:5.0709e-05} Samples:0x140014e9860}" spanID=0000000000000000
time=2026-08-02T15:39:37.429-07:00 level=DEBUG msg="Query returned data" test=archv2-parity tool=conduit-v1 collector=conduit type=conduit collector=conduit type=conduit name=msg-megabytes-in-per-second[archv2-parity] series-count=1 last-value=0.9301671981811523
time=2026-08-02T15:39:37.429-07:00 level=DEBUG msg="promql query logged" test=archv2-parity tool=conduit-v1 collector=conduit type=conduit collector=conduit type=conduit params="map[end:2026-08-02T22:39:37.429Z query:rate(conduit_connector_bytes_sum{pipeline_name=\"archv2-parity\",type=\"destination\"}[2s])/1048576 start:2026-08-02T22:38:56.425Z step:1]" stats="&{Timings:{EvalTotalTime:3.1292e-05 ResultSortTime:8.4e-08 QueryPreparationTime:3.333e-06 InnerEvalTime:2.5375e-05 ExecQueueTime:4.58e-07 ExecTotalTime:3.2542e-05} Samples:0x140014e9ec0}" spanID=0000000000000000
time=2026-08-02T15:39:37.429-07:00 level=DEBUG msg="Query returned data" test=archv2-parity tool=conduit-v1 collector=conduit type=conduit collector=conduit type=conduit name=msg-megabytes-out-per-second[archv2-parity] series-count=1 last-value=0.9301671981811523
time=2026-08-02T15:39:37.510-07:00 level=DEBUG msg="Inspecting container" model=container-monitor name=benchi-conduit
time=2026-08-02T15:39:38.018-07:00 level=DEBUG msg="Inspecting container" model=container-monitor name=benchi-conduit
time=2026-08-02T15:39:38.426-07:00 level=DEBUG msg="promql query logged" test=archv2-parity tool=conduit-v1 collector=conduit type=conduit collector=conduit type=conduit params="map[end:2026-08-02T22:39:38.425Z query:rate(conduit_pipeline_execution_duration_seconds_count{pipeline_name=\"archv2-parity\"}[2s]) start:2026-08-02T22:38:56.425Z step:1]" stats="&{Timings:{EvalTotalTime:0.000424375 ResultSortTime:1.459e-06 QueryPreparationTime:0.0001005 InnerEvalTime:0.000301125 ExecQueueTime:5.25e-06 ExecTotalTime:0.000434875} Samples:0x1400170f410}" spanID=0000000000000000
time=2026-08-02T15:39:38.426-07:00 level=DEBUG msg="Query returned data" test=archv2-parity tool=conduit-v1 collector=conduit type=conduit collector=conduit type=conduit name=msg-rate-per-second[archv2-parity] series-count=1 last-value=30750
time=2026-08-02T15:39:38.427-07:00 level=DEBUG msg="promql query logged" test=archv2-parity tool=conduit-v1 collector=conduit type=conduit collector=conduit type=conduit params="map[end:2026-08-02T22:39:38.427Z query:rate(conduit_connector_bytes_sum{pipeline_name=\"archv2-parity\",type=\"source\"}[2s])/1048576 start:2026-08-02T22:38:56.425Z step:1]" stats="&{Timings:{EvalTotalTime:0.00014375 ResultSortTime:2.92e-07 QueryPreparationTime:2.1166e-05 InnerEvalTime:0.000115667 ExecQueueTime:2.667e-06 ExecTotalTime:0.000150167} Samples:0x1400170fa70}" spanID=0000000000000000
time=2026-08-02T15:39:38.427-07:00 level=DEBUG msg="Query returned data" test=archv2-parity tool=conduit-v1 collector=conduit type=conduit collector=conduit type=conduit name=msg-megabytes-in-per-second[archv2-parity] series-count=1 last-value=0.8695192337036133
time=2026-08-02T15:39:38.427-07:00 level=DEBUG msg="promql query logged" test=archv2-parity tool=conduit-v1 collector=conduit type=conduit collector=conduit type=conduit params="map[end:2026-08-02T22:39:38.427Z query:rate(conduit_connector_bytes_sum{pipeline_name=\"archv2-parity\",type=\"destination\"}[2s])/1048576 start:2026-08-02T22:38:56.425Z step:1]" stats="&{Timings:{EvalTotalTime:9.1458e-05 ResultSortTime:3.33e-07 QueryPreparationTime:1.2417e-05 InnerEvalTime:7.4292e-05 ExecQueueTime:1.208e-06 ExecTotalTime:9.5417e-05} Samples:0x1400177c150}" spanID=0000000000000000
time=2026-08-02T15:39:38.427-07:00 level=DEBUG msg="Query returned data" test=archv2-parity tool=conduit-v1 collector=conduit type=conduit collector=conduit type=conduit name=msg-megabytes-out-per-second[archv2-parity] series-count=1 last-value=0.8694334030151367
time=2026-08-02T15:39:38.526-07:00 level=DEBUG msg="Inspecting container" model=container-monitor name=benchi-conduit
time=2026-08-02T15:39:39.038-07:00 level=DEBUG msg="Inspecting container" model=container-monitor name=benchi-conduit
time=2026-08-02T15:39:39.426-07:00 level=DEBUG msg="promql query logged" test=archv2-parity tool=conduit-v1 collector=conduit type=conduit collector=conduit type=conduit params="map[end:2026-08-02T22:39:39.425Z query:rate(conduit_pipeline_execution_duration_seconds_count{pipeline_name=\"archv2-parity\"}[2s]) start:2026-08-02T22:38:56.425Z step:1]" stats="&{Timings:{EvalTotalTime:6.0167e-05 ResultSortTime:2.92e-07 QueryPreparationTime:1.6625e-05 InnerEvalTime:3.7917e-05 ExecQueueTime:2.958e-06 ExecTotalTime:6.6083e-05} Samples:0x14001862510}" spanID=0000000000000000
time=2026-08-02T15:39:39.426-07:00 level=DEBUG msg="Query returned data" test=archv2-parity tool=conduit-v1 collector=conduit type=conduit collector=conduit type=conduit name=msg-rate-per-second[archv2-parity] series-count=1 last-value=30002
time=2026-08-02T15:39:39.426-07:00 level=DEBUG msg="promql query logged" test=archv2-parity tool=conduit-v1 collector=conduit type=conduit collector=conduit type=conduit params="map[end:2026-08-02T22:39:39.426Z query:rate(conduit_connector_bytes_sum{pipeline_name=\"archv2-parity\",type=\"source\"}[2s])/1048576 start:2026-08-02T22:38:56.425Z step:1]" stats="&{Timings:{EvalTotalTime:6.9416e-05 ResultSortTime:3.33e-07 QueryPreparationTime:8.458e-06 InnerEvalTime:5.6541e-05 ExecQueueTime:1.083e-06 ExecTotalTime:7.2625e-05} Samples:0x14001862b70}" spanID=0000000000000000
time=2026-08-02T15:39:39.426-07:00 level=DEBUG msg="Query returned data" test=archv2-parity tool=conduit-v1 collector=conduit type=conduit collector=conduit type=conduit name=msg-megabytes-in-per-second[archv2-parity] series-count=1 last-value=0.8477077484130859
time=2026-08-02T15:39:39.426-07:00 level=DEBUG msg="promql query logged" test=archv2-parity tool=conduit-v1 collector=conduit type=conduit collector=conduit type=conduit params="map[end:2026-08-02T22:39:39.426Z query:rate(conduit_connector_bytes_sum{pipeline_name=\"archv2-parity\",type=\"destination\"}[2s])/1048576 start:2026-08-02T22:38:56.425Z step:1]" stats="&{Timings:{EvalTotalTime:8.1292e-05 ResultSortTime:1.67e-07 QueryPreparationTime:6.083e-06 InnerEvalTime:5.4416e-05 ExecQueueTime:7.51e-07 ExecTotalTime:8.4167e-05} Samples:0x140018631d0}" spanID=0000000000000000
time=2026-08-02T15:39:39.426-07:00 level=DEBUG msg="Query returned data" test=archv2-parity tool=conduit-v1 collector=conduit type=conduit collector=conduit type=conduit name=msg-megabytes-out-per-second[archv2-parity] series-count=1 last-value=0.8477935791015625
time=2026-08-02T15:39:39.548-07:00 level=DEBUG msg="Inspecting container" model=container-monitor name=benchi-conduit
time=2026-08-02T15:39:40.058-07:00 level=DEBUG msg="Inspecting container" model=container-monitor name=benchi-conduit
time=2026-08-02T15:39:40.426-07:00 level=DEBUG msg="promql query logged" test=archv2-parity tool=conduit-v1 collector=conduit type=conduit collector=conduit type=conduit params="map[end:2026-08-02T22:39:40.426Z query:rate(conduit_pipeline_execution_duration_seconds_count{pipeline_name=\"archv2-parity\"}[2s]) start:2026-08-02T22:38:56.425Z step:1]" stats="&{Timings:{EvalTotalTime:5.8125e-05 ResultSortTime:2.5e-07 QueryPreparationTime:1.5125e-05 InnerEvalTime:3.7458e-05 ExecQueueTime:3e-06 ExecTotalTime:6.4125e-05} Samples:0x1400147b770}" spanID=0000000000000000
time=2026-08-02T15:39:40.426-07:00 level=DEBUG msg="Query returned data" test=archv2-parity tool=conduit-v1 collector=conduit type=conduit collector=conduit type=conduit name=msg-rate-per-second[archv2-parity] series-count=1 last-value=29497
time=2026-08-02T15:39:40.426-07:00 level=DEBUG msg="promql query logged" test=archv2-parity tool=conduit-v1 collector=conduit type=conduit collector=conduit type=conduit params="map[end:2026-08-02T22:39:40.426Z query:rate(conduit_connector_bytes_sum{pipeline_name=\"archv2-parity\",type=\"source\"}[2s])/1048576 start:2026-08-02T22:38:56.425Z step:1]" stats="&{Timings:{EvalTotalTime:8.85e-05 ResultSortTime:2.08e-07 QueryPreparationTime:8.334e-06 InnerEvalTime:7.5708e-05 ExecQueueTime:1e-06 ExecTotalTime:9.15e-05} Samples:0x1400147bf20}" spanID=0000000000000000
time=2026-08-02T15:39:40.426-07:00 level=DEBUG msg="Query returned data" test=archv2-parity tool=conduit-v1 collector=conduit type=conduit collector=conduit type=conduit name=msg-megabytes-in-per-second[archv2-parity] series-count=1 last-value=0.8333663940429688
time=2026-08-02T15:39:40.426-07:00 level=DEBUG msg="promql query logged" test=archv2-parity tool=conduit-v1 collector=conduit type=conduit collector=conduit type=conduit params="map[end:2026-08-02T22:39:40.426Z query:rate(conduit_connector_bytes_sum{pipeline_name=\"archv2-parity\",type=\"destination\"}[2s])/1048576 start:2026-08-02T22:38:56.425Z step:1]" stats="&{Timings:{EvalTotalTime:5.3416e-05 ResultSortTime:2.92e-07 QueryPreparationTime:5.75e-06 InnerEvalTime:4.4209e-05 ExecQueueTime:8.33e-07 ExecTotalTime:5.6042e-05} Samples:0x14000af8a20}" spanID=0000000000000000
time=2026-08-02T15:39:40.426-07:00 level=DEBUG msg="Query returned data" test=archv2-parity tool=conduit-v1 collector=conduit type=conduit collector=conduit type=conduit name=msg-megabytes-out-per-second[archv2-parity] series-count=1 last-value=0.8333663940429688
time=2026-08-02T15:39:40.567-07:00 level=DEBUG msg="Inspecting container" model=container-monitor name=benchi-conduit
time=2026-08-02T15:39:41.075-07:00 level=DEBUG msg="Inspecting container" model=container-monitor name=benchi-conduit
time=2026-08-02T15:39:41.425-07:00 level=DEBUG msg="promql query logged" test=archv2-parity tool=conduit-v1 collector=conduit type=conduit collector=conduit type=conduit params="map[end:2026-08-02T22:39:41.425Z query:rate(conduit_pipeline_execution_duration_seconds_count{pipeline_name=\"archv2-parity\"}[2s]) start:2026-08-02T22:38:56.425Z step:1]" stats="&{Timings:{EvalTotalTime:5.5209e-05 ResultSortTime:2.91e-07 QueryPreparationTime:1.5167e-05 InnerEvalTime:3.5042e-05 ExecQueueTime:2.333e-06 ExecTotalTime:5.9542e-05} Samples:0x14001781530}" spanID=0000000000000000
time=2026-08-02T15:39:41.426-07:00 level=DEBUG msg="Query returned data" test=archv2-parity tool=conduit-v1 collector=conduit type=conduit collector=conduit type=conduit name=msg-rate-per-second[archv2-parity] series-count=1 last-value=29195
time=2026-08-02T15:39:41.426-07:00 level=INFO msg="Test in progress" test=archv2-parity tool=conduit-v1 step=test time-left=15s
time=2026-08-02T15:39:41.426-07:00 level=DEBUG msg="promql query logged" test=archv2-parity tool=conduit-v1 collector=conduit type=conduit collector=conduit type=conduit params="map[end:2026-08-02T22:39:41.426Z query:rate(conduit_connector_bytes_sum{pipeline_name=\"archv2-parity\",type=\"source\"}[2s])/1048576 start:2026-08-02T22:38:56.425Z step:1]" stats="&{Timings:{EvalTotalTime:5.9e-05 ResultSortTime:1.66e-07 QueryPreparationTime:7.458e-06 InnerEvalTime:4.8292e-05 ExecQueueTime:1.041e-06 ExecTotalTime:6.1375e-05} Samples:0x14001781bc0}" spanID=0000000000000000
time=2026-08-02T15:39:41.426-07:00 level=DEBUG msg="Query returned data" test=archv2-parity tool=conduit-v1 collector=conduit type=conduit collector=conduit type=conduit name=msg-megabytes-in-per-second[archv2-parity] series-count=1 last-value=0.8246259689331055
time=2026-08-02T15:39:41.426-07:00 level=DEBUG msg="promql query logged" test=archv2-parity tool=conduit-v1 collector=conduit type=conduit collector=conduit type=conduit params="map[end:2026-08-02T22:39:41.426Z query:rate(conduit_connector_bytes_sum{pipeline_name=\"archv2-parity\",type=\"destination\"}[2s])/1048576 start:2026-08-02T22:38:56.425Z step:1]" stats="&{Timings:{EvalTotalTime:4.8584e-05 ResultSortTime:1.25e-07 QueryPreparationTime:5.666e-06 InnerEvalTime:3.9083e-05 ExecQueueTime:6.66e-07 ExecTotalTime:5.0583e-05} Samples:0x140007b09c0}" spanID=0000000000000000
time=2026-08-02T15:39:41.426-07:00 level=DEBUG msg="Query returned data" test=archv2-parity tool=conduit-v1 collector=conduit type=conduit collector=conduit type=conduit name=msg-megabytes-out-per-second[archv2-parity] series-count=1 last-value=0.8246259689331055
time=2026-08-02T15:39:41.582-07:00 level=DEBUG msg="Inspecting container" model=container-monitor name=benchi-conduit
time=2026-08-02T15:39:42.091-07:00 level=DEBUG msg="Inspecting container" model=container-monitor name=benchi-conduit
time=2026-08-02T15:39:42.427-07:00 level=DEBUG msg="promql query logged" test=archv2-parity tool=conduit-v1 collector=conduit type=conduit collector=conduit type=conduit params="map[end:2026-08-02T22:39:42.427Z query:rate(conduit_pipeline_execution_duration_seconds_count{pipeline_name=\"archv2-parity\"}[2s]) start:2026-08-02T22:38:56.425Z step:1]" stats="&{Timings:{EvalTotalTime:0.000118333 ResultSortTime:5e-07 QueryPreparationTime:3.4792e-05 InnerEvalTime:7.4458e-05 ExecQueueTime:4.25e-06 ExecTotalTime:0.000126542} Samples:0x14000fad140}" spanID=0000000000000000
time=2026-08-02T15:39:42.427-07:00 level=DEBUG msg="Query returned data" test=archv2-parity tool=conduit-v1 collector=conduit type=conduit collector=conduit type=conduit name=msg-rate-per-second[archv2-parity] series-count=1 last-value=32659
time=2026-08-02T15:39:42.427-07:00 level=DEBUG msg="promql query logged" test=archv2-parity tool=conduit-v1 collector=conduit type=conduit collector=conduit type=conduit params="map[end:2026-08-02T22:39:42.427Z query:rate(conduit_connector_bytes_sum{pipeline_name=\"archv2-parity\",type=\"source\"}[2s])/1048576 start:2026-08-02T22:38:56.425Z step:1]" stats="&{Timings:{EvalTotalTime:8.9666e-05 ResultSortTime:2.5e-07 QueryPreparationTime:1.2708e-05 InnerEvalTime:7.3542e-05 ExecQueueTime:1.125e-06 ExecTotalTime:9.2708e-05} Samples:0x14000fad7a0}" spanID=0000000000000000
time=2026-08-02T15:39:42.427-07:00 level=DEBUG msg="Query returned data" test=archv2-parity tool=conduit-v1 collector=conduit type=conduit collector=conduit type=conduit name=msg-megabytes-in-per-second[archv2-parity] series-count=1 last-value=0.9235296249389648
time=2026-08-02T15:39:42.427-07:00 level=DEBUG msg="promql query logged" test=archv2-parity tool=conduit-v1 collector=conduit type=conduit collector=conduit type=conduit params="map[end:2026-08-02T22:39:42.427Z query:rate(conduit_connector_bytes_sum{pipeline_name=\"archv2-parity\",type=\"destination\"}[2s])/1048576 start:2026-08-02T22:38:56.425Z step:1]" stats="&{Timings:{EvalTotalTime:5.2083e-05 ResultSortTime:1.25e-07 QueryPreparationTime:4.084e-06 InnerEvalTime:4.3625e-05 ExecQueueTime:9.59e-07 ExecTotalTime:5.4583e-05} Samples:0x14000fade00}" spanID=0000000000000000
time=2026-08-02T15:39:42.427-07:00 level=DEBUG msg="Query returned data" test=archv2-parity tool=conduit-v1 collector=conduit type=conduit collector=conduit type=conduit name=msg-megabytes-out-per-second[archv2-parity] series-count=1 last-value=0.9235296249389648
time=2026-08-02T15:39:42.601-07:00 level=DEBUG msg="Inspecting container" model=container-monitor name=benchi-conduit
time=2026-08-02T15:39:43.106-07:00 level=DEBUG msg="Inspecting container" model=container-monitor name=benchi-conduit
time=2026-08-02T15:39:43.426-07:00 level=DEBUG msg="promql query logged" test=archv2-parity tool=conduit-v1 collector=conduit type=conduit collector=conduit type=conduit params="map[end:2026-08-02T22:39:43.426Z query:rate(conduit_pipeline_execution_duration_seconds_count{pipeline_name=\"archv2-parity\"}[2s]) start:2026-08-02T22:38:56.425Z step:1]" stats="&{Timings:{EvalTotalTime:0.000107709 ResultSortTime:7.5e-07 QueryPreparationTime:3.175e-05 InnerEvalTime:6.7875e-05 ExecQueueTime:4.125e-06 ExecTotalTime:0.000115583} Samples:0x140013b6d50}" spanID=0000000000000000
time=2026-08-02T15:39:43.427-07:00 level=DEBUG msg="Query returned data" test=archv2-parity tool=conduit-v1 collector=conduit type=conduit collector=conduit type=conduit name=msg-rate-per-second[archv2-parity] series-count=1 last-value=30057
time=2026-08-02T15:39:43.427-07:00 level=DEBUG msg="promql query logged" test=archv2-parity tool=conduit-v1 collector=conduit type=conduit collector=conduit type=conduit params="map[end:2026-08-02T22:39:43.427Z query:rate(conduit_connector_bytes_sum{pipeline_name=\"archv2-parity\",type=\"source\"}[2s])/1048576 start:2026-08-02T22:38:56.425Z step:1]" stats="&{Timings:{EvalTotalTime:8.2042e-05 ResultSortTime:1.25e-07 QueryPreparationTime:1.0583e-05 InnerEvalTime:6.8458e-05 ExecQueueTime:1.042e-06 ExecTotalTime:8.4541e-05} Samples:0x140013b73e0}" spanID=0000000000000000
time=2026-08-02T15:39:43.427-07:00 level=DEBUG msg="Query returned data" test=archv2-parity tool=conduit-v1 collector=conduit type=conduit collector=conduit type=conduit name=msg-megabytes-in-per-second[archv2-parity] series-count=1 last-value=0.8493328094482422
time=2026-08-02T15:39:43.427-07:00 level=DEBUG msg="promql query logged" test=archv2-parity tool=conduit-v1 collector=conduit type=conduit collector=conduit type=conduit params="map[end:2026-08-02T22:39:43.427Z query:rate(conduit_connector_bytes_sum{pipeline_name=\"archv2-parity\",type=\"destination\"}[2s])/1048576 start:2026-08-02T22:38:56.425Z step:1]" stats="&{Timings:{EvalTotalTime:6.0333e-05 ResultSortTime:1.67e-07 QueryPreparationTime:6.334e-06 InnerEvalTime:5.0958e-05 ExecQueueTime:6.25e-07 ExecTotalTime:6.225e-05} Samples:0x140013b7a40}" spanID=0000000000000000
time=2026-08-02T15:39:43.427-07:00 level=DEBUG msg="Query returned data" test=archv2-parity tool=conduit-v1 collector=conduit type=conduit collector=conduit type=conduit name=msg-megabytes-out-per-second[archv2-parity] series-count=1 last-value=0.8493595123291016
time=2026-08-02T15:39:43.611-07:00 level=DEBUG msg="Inspecting container" model=container-monitor name=benchi-conduit
time=2026-08-02T15:39:44.120-07:00 level=DEBUG msg="Inspecting container" model=container-monitor name=benchi-conduit
time=2026-08-02T15:39:44.426-07:00 level=DEBUG msg="promql query logged" test=archv2-parity tool=conduit-v1 collector=conduit type=conduit collector=conduit type=conduit params="map[end:2026-08-02T22:39:44.425Z query:rate(conduit_pipeline_execution_duration_seconds_count{pipeline_name=\"archv2-parity\"}[2s]) start:2026-08-02T22:38:56.425Z step:1]" stats="&{Timings:{EvalTotalTime:0.000100792 ResultSortTime:5.83e-07 QueryPreparationTime:2.0708e-05 InnerEvalTime:7.2958e-05 ExecQueueTime:3.5e-06 ExecTotalTime:0.000107083} Samples:0x140010ba9f0}" spanID=0000000000000000
time=2026-08-02T15:39:44.426-07:00 level=DEBUG msg="Query returned data" test=archv2-parity tool=conduit-v1 collector=conduit type=conduit collector=conduit type=conduit name=msg-rate-per-second[archv2-parity] series-count=1 last-value=28781
time=2026-08-02T15:39:44.426-07:00 level=DEBUG msg="promql query logged" test=archv2-parity tool=conduit-v1 collector=conduit type=conduit collector=conduit type=conduit params="map[end:2026-08-02T22:39:44.426Z query:rate(conduit_connector_bytes_sum{pipeline_name=\"archv2-parity\",type=\"source\"}[2s])/1048576 start:2026-08-02T22:38:56.425Z step:1]" stats="&{Timings:{EvalTotalTime:7.4334e-05 ResultSortTime:1.25e-07 QueryPreparationTime:1.1e-05 InnerEvalTime:5.9458e-05 ExecQueueTime:1.5e-06 ExecTotalTime:7.8084e-05} Samples:0x140010bb050}" spanID=0000000000000000
time=2026-08-02T15:39:44.426-07:00 level=DEBUG msg="Query returned data" test=archv2-parity tool=conduit-v1 collector=conduit type=conduit collector=conduit type=conduit name=msg-megabytes-in-per-second[archv2-parity] series-count=1 last-value=0.8128328323364258
time=2026-08-02T15:39:44.426-07:00 level=DEBUG msg="promql query logged" test=archv2-parity tool=conduit-v1 collector=conduit type=conduit collector=conduit type=conduit params="map[end:2026-08-02T22:39:44.426Z query:rate(conduit_connector_bytes_sum{pipeline_name=\"archv2-parity\",type=\"destination\"}[2s])/1048576 start:2026-08-02T22:38:56.425Z step:1]" stats="&{Timings:{EvalTotalTime:5.5875e-05 ResultSortTime:1.25e-07 QueryPreparationTime:5.083e-06 InnerEvalTime:4.6291e-05 ExecQueueTime:8.75e-07 ExecTotalTime:5.7958e-05} Samples:0x140010bb6b0}" spanID=0000000000000000
time=2026-08-02T15:39:44.426-07:00 level=DEBUG msg="Query returned data" test=archv2-parity tool=conduit-v1 collector=conduit type=conduit collector=conduit type=conduit name=msg-megabytes-out-per-second[archv2-parity] series-count=1 last-value=0.8128061294555664
time=2026-08-02T15:39:44.627-07:00 level=DEBUG msg="Inspecting container" model=container-monitor name=benchi-conduit
time=2026-08-02T15:39:45.137-07:00 level=DEBUG msg="Inspecting container" model=container-monitor name=benchi-conduit
time=2026-08-02T15:39:45.432-07:00 level=DEBUG msg="promql query logged" test=archv2-parity tool=conduit-v1 collector=conduit type=conduit collector=conduit type=conduit params="map[end:2026-08-02T22:39:45.431Z query:rate(conduit_pipeline_execution_duration_seconds_count{pipeline_name=\"archv2-parity\"}[2s]) start:2026-08-02T22:38:56.425Z step:1]" stats="&{Timings:{EvalTotalTime:5.8292e-05 ResultSortTime:3.75e-07 QueryPreparationTime:1.5417e-05 InnerEvalTime:3.725e-05 ExecQueueTime:2.75e-06 ExecTotalTime:7.4875e-05} Samples:0x1400114f050}" spanID=0000000000000000
time=2026-08-02T15:39:45.432-07:00 level=DEBUG msg="Query returned data" test=archv2-parity tool=conduit-v1 collector=conduit type=conduit collector=conduit type=conduit name=msg-rate-per-second[archv2-parity] series-count=1 last-value=32127
time=2026-08-02T15:39:45.432-07:00 level=DEBUG msg="promql query logged" test=archv2-parity tool=conduit-v1 collector=conduit type=conduit collector=conduit type=conduit params="map[end:2026-08-02T22:39:45.432Z query:rate(conduit_connector_bytes_sum{pipeline_name=\"archv2-parity\",type=\"source\"}[2s])/1048576 start:2026-08-02T22:38:56.425Z step:1]" stats="&{Timings:{EvalTotalTime:0.000468167 ResultSortTime:6.25e-07 QueryPreparationTime:9.167e-06 InnerEvalTime:0.000451875 ExecQueueTime:1.625e-06 ExecTotalTime:0.000472875} Samples:0x1400114f6b0}" spanID=0000000000000000
time=2026-08-02T15:39:45.432-07:00 level=DEBUG msg="Query returned data" test=archv2-parity tool=conduit-v1 collector=conduit type=conduit collector=conduit type=conduit name=msg-megabytes-in-per-second[archv2-parity] series-count=1 last-value=0.9088363647460938
time=2026-08-02T15:39:45.433-07:00 level=DEBUG msg="promql query logged" test=archv2-parity tool=conduit-v1 collector=conduit type=conduit collector=conduit type=conduit params="map[end:2026-08-02T22:39:45.432Z query:rate(conduit_connector_bytes_sum{pipeline_name=\"archv2-parity\",type=\"destination\"}[2s])/1048576 start:2026-08-02T22:38:56.425Z step:1]" stats="&{Timings:{EvalTotalTime:9.05e-05 ResultSortTime:2.09e-07 QueryPreparationTime:9.833e-06 InnerEvalTime:7.6333e-05 ExecQueueTime:1.5e-06 ExecTotalTime:9.3625e-05} Samples:0x1400114fd10}" spanID=0000000000000000
time=2026-08-02T15:39:45.433-07:00 level=DEBUG msg="Query returned data" test=archv2-parity tool=conduit-v1 collector=conduit type=conduit collector=conduit type=conduit name=msg-megabytes-out-per-second[archv2-parity] series-count=1 last-value=0.9088582992553711
time=2026-08-02T15:39:45.647-07:00 level=DEBUG msg="Inspecting container" model=container-monitor name=benchi-conduit
time=2026-08-02T15:39:46.155-07:00 level=DEBUG msg="Inspecting container" model=container-monitor name=benchi-conduit
time=2026-08-02T15:39:46.426-07:00 level=DEBUG msg="promql query logged" test=archv2-parity tool=conduit-v1 collector=conduit type=conduit collector=conduit type=conduit params="map[end:2026-08-02T22:39:46.425Z query:rate(conduit_pipeline_execution_duration_seconds_count{pipeline_name=\"archv2-parity\"}[2s]) start:2026-08-02T22:38:56.425Z step:1]" stats="&{Timings:{EvalTotalTime:0.000113417 ResultSortTime:7.92e-07 QueryPreparationTime:3.325e-05 InnerEvalTime:7.0125e-05 ExecQueueTime:6.167e-06 ExecTotalTime:0.000124375} Samples:0x14001039740}" spanID=0000000000000000
time=2026-08-02T15:39:46.426-07:00 level=DEBUG msg="Query returned data" test=archv2-parity tool=conduit-v1 collector=conduit type=conduit collector=conduit type=conduit name=msg-rate-per-second[archv2-parity] series-count=1 last-value=28332
time=2026-08-02T15:39:46.426-07:00 level=INFO msg="Test in progress" test=archv2-parity tool=conduit-v1 step=test time-left=10s
time=2026-08-02T15:39:46.426-07:00 level=DEBUG msg="promql query logged" test=archv2-parity tool=conduit-v1 collector=conduit type=conduit collector=conduit type=conduit params="map[end:2026-08-02T22:39:46.426Z query:rate(conduit_connector_bytes_sum{pipeline_name=\"archv2-parity\",type=\"source\"}[2s])/1048576 start:2026-08-02T22:38:56.425Z step:1]" stats="&{Timings:{EvalTotalTime:6.6833e-05 ResultSortTime:2.5e-07 QueryPreparationTime:1.2083e-05 InnerEvalTime:5.1875e-05 ExecQueueTime:2.083e-06 ExecTotalTime:6.9959e-05} Samples:0x14001039da0}" spanID=0000000000000000
time=2026-08-02T15:39:46.426-07:00 level=DEBUG msg="Query returned data" test=archv2-parity tool=conduit-v1 collector=conduit type=conduit collector=conduit type=conduit name=msg-megabytes-in-per-second[archv2-parity] series-count=1 last-value=0.799962043762207
time=2026-08-02T15:39:46.426-07:00 level=DEBUG msg="promql query logged" test=archv2-parity tool=conduit-v1 collector=conduit type=conduit collector=conduit type=conduit params="map[end:2026-08-02T22:39:46.426Z query:rate(conduit_connector_bytes_sum{pipeline_name=\"archv2-parity\",type=\"destination\"}[2s])/1048576 start:2026-08-02T22:38:56.425Z step:1]" stats="&{Timings:{EvalTotalTime:3.4875e-05 ResultSortTime:4.2e-08 QueryPreparationTime:4.75e-06 InnerEvalTime:2.8417e-05 ExecQueueTime:5.41e-07 ExecTotalTime:3.8209e-05} Samples:0x140011d2480}" spanID=0000000000000000
time=2026-08-02T15:39:46.426-07:00 level=DEBUG msg="Query returned data" test=archv2-parity tool=conduit-v1 collector=conduit type=conduit collector=conduit type=conduit name=msg-megabytes-out-per-second[archv2-parity] series-count=1 last-value=0.7999401092529297
time=2026-08-02T15:39:46.666-07:00 level=DEBUG msg="Inspecting container" model=container-monitor name=benchi-conduit
time=2026-08-02T15:39:47.173-07:00 level=DEBUG msg="Inspecting container" model=container-monitor name=benchi-conduit
time=2026-08-02T15:39:47.425-07:00 level=DEBUG msg="promql query logged" test=archv2-parity tool=conduit-v1 collector=conduit type=conduit collector=conduit type=conduit params="map[end:2026-08-02T22:39:47.425Z query:rate(conduit_pipeline_execution_duration_seconds_count{pipeline_name=\"archv2-parity\"}[2s]) start:2026-08-02T22:38:56.425Z step:1]" stats="&{Timings:{EvalTotalTime:0.000188166 ResultSortTime:9.59e-07 QueryPreparationTime:3.1042e-05 InnerEvalTime:0.00014375 ExecQueueTime:4.458e-06 ExecTotalTime:0.000197459} Samples:0x1400117dd40}" spanID=0000000000000000
time=2026-08-02T15:39:47.426-07:00 level=DEBUG msg="Query returned data" test=archv2-parity tool=conduit-v1 collector=conduit type=conduit collector=conduit type=conduit name=msg-rate-per-second[archv2-parity] series-count=1 last-value=26907
time=2026-08-02T15:39:47.426-07:00 level=DEBUG msg="promql query logged" test=archv2-parity tool=conduit-v1 collector=conduit type=conduit collector=conduit type=conduit params="map[end:2026-08-02T22:39:47.426Z query:rate(conduit_connector_bytes_sum{pipeline_name=\"archv2-parity\",type=\"source\"}[2s])/1048576 start:2026-08-02T22:38:56.425Z step:1]" stats="&{Timings:{EvalTotalTime:9.9708e-05 ResultSortTime:2.5e-07 QueryPreparationTime:1.7333e-05 InnerEvalTime:7.5708e-05 ExecQueueTime:5.875e-06 ExecTotalTime:0.00010825} Samples:0x1400132e420}" spanID=0000000000000000
time=2026-08-02T15:39:47.426-07:00 level=DEBUG msg="Query returned data" test=archv2-parity tool=conduit-v1 collector=conduit type=conduit collector=conduit type=conduit name=msg-megabytes-in-per-second[archv2-parity] series-count=1 last-value=0.7609539031982422
time=2026-08-02T15:39:47.426-07:00 level=DEBUG msg="promql query logged" test=archv2-parity tool=conduit-v1 collector=conduit type=conduit collector=conduit type=conduit params="map[end:2026-08-02T22:39:47.426Z query:rate(conduit_connector_bytes_sum{pipeline_name=\"archv2-parity\",type=\"destination\"}[2s])/1048576 start:2026-08-02T22:38:56.425Z step:1]" stats="&{Timings:{EvalTotalTime:7.3583e-05 ResultSortTime:4.58e-07 QueryPreparationTime:9.875e-06 InnerEvalTime:5.8959e-05 ExecQueueTime:1.584e-06 ExecTotalTime:7.7375e-05} Samples:0x1400132ea80}" spanID=0000000000000000
time=2026-08-02T15:39:47.426-07:00 level=DEBUG msg="Query returned data" test=archv2-parity tool=conduit-v1 collector=conduit type=conduit collector=conduit type=conduit name=msg-megabytes-out-per-second[archv2-parity] series-count=1 last-value=0.7609539031982422
time=2026-08-02T15:39:47.677-07:00 level=DEBUG msg="Inspecting container" model=container-monitor name=benchi-conduit
time=2026-08-02T15:39:48.182-07:00 level=DEBUG msg="Inspecting container" model=container-monitor name=benchi-conduit
time=2026-08-02T15:39:48.426-07:00 level=DEBUG msg="promql query logged" test=archv2-parity tool=conduit-v1 collector=conduit type=conduit collector=conduit type=conduit params="map[end:2026-08-02T22:39:48.426Z query:rate(conduit_pipeline_execution_duration_seconds_count{pipeline_name=\"archv2-parity\"}[2s]) start:2026-08-02T22:38:56.425Z step:1]" stats="&{Timings:{EvalTotalTime:0.000156417 ResultSortTime:5.83e-07 QueryPreparationTime:3.1791e-05 InnerEvalTime:0.000110417 ExecQueueTime:5.125e-06 ExecTotalTime:0.000165834} Samples:0x140012b0de0}" spanID=0000000000000000
time=2026-08-02T15:39:48.426-07:00 level=DEBUG msg="Query returned data" test=archv2-parity tool=conduit-v1 collector=conduit type=conduit collector=conduit type=conduit name=msg-rate-per-second[archv2-parity] series-count=1 last-value=30862
time=2026-08-02T15:39:48.426-07:00 level=DEBUG msg="promql query logged" test=archv2-parity tool=conduit-v1 collector=conduit type=conduit collector=conduit type=conduit params="map[end:2026-08-02T22:39:48.426Z query:rate(conduit_connector_bytes_sum{pipeline_name=\"archv2-parity\",type=\"source\"}[2s])/1048576 start:2026-08-02T22:38:56.425Z step:1]" stats="&{Timings:{EvalTotalTime:0.000114416 ResultSortTime:3.33e-07 QueryPreparationTime:1.525e-05 InnerEvalTime:9.3083e-05 ExecQueueTime:1.708e-06 ExecTotalTime:0.000118958} Samples:0x140012b1440}" spanID=0000000000000000
time=2026-08-02T15:39:48.426-07:00 level=DEBUG msg="Query returned data" test=archv2-parity tool=conduit-v1 collector=conduit type=conduit collector=conduit type=conduit name=msg-megabytes-in-per-second[archv2-parity] series-count=1 last-value=0.8738250732421875
time=2026-08-02T15:39:48.427-07:00 level=DEBUG msg="promql query logged" test=archv2-parity tool=conduit-v1 collector=conduit type=conduit collector=conduit type=conduit params="map[end:2026-08-02T22:39:48.426Z query:rate(conduit_connector_bytes_sum{pipeline_name=\"archv2-parity\",type=\"destination\"}[2s])/1048576 start:2026-08-02T22:38:56.425Z step:1]" stats="&{Timings:{EvalTotalTime:8.15e-05 ResultSortTime:2.08e-07 QueryPreparationTime:1.2792e-05 InnerEvalTime:6.3417e-05 ExecQueueTime:1.249e-06 ExecTotalTime:8.4875e-05} Samples:0x140012b1aa0}" spanID=0000000000000000
time=2026-08-02T15:39:48.427-07:00 level=DEBUG msg="Query returned data" test=archv2-parity tool=conduit-v1 collector=conduit type=conduit collector=conduit type=conduit name=msg-megabytes-out-per-second[archv2-parity] series-count=1 last-value=0.8738250732421875
time=2026-08-02T15:39:48.692-07:00 level=DEBUG msg="Inspecting container" model=container-monitor name=benchi-conduit
time=2026-08-02T15:39:49.198-07:00 level=DEBUG msg="Inspecting container" model=container-monitor name=benchi-conduit
time=2026-08-02T15:39:49.425-07:00 level=DEBUG msg="promql query logged" test=archv2-parity tool=conduit-v1 collector=conduit type=conduit collector=conduit type=conduit params="map[end:2026-08-02T22:39:49.425Z query:rate(conduit_pipeline_execution_duration_seconds_count{pipeline_name=\"archv2-parity\"}[2s]) start:2026-08-02T22:38:56.425Z step:1]" stats="&{Timings:{EvalTotalTime:6.4667e-05 ResultSortTime:4.59e-07 QueryPreparationTime:1.7834e-05 InnerEvalTime:4.0917e-05 ExecQueueTime:2.75e-06 ExecTotalTime:7.0166e-05} Samples:0x140012c70b0}" spanID=0000000000000000
time=2026-08-02T15:39:49.426-07:00 level=DEBUG msg="Query returned data" test=archv2-parity tool=conduit-v1 collector=conduit type=conduit collector=conduit type=conduit name=msg-rate-per-second[archv2-parity] series-count=1 last-value=28681
time=2026-08-02T15:39:49.426-07:00 level=DEBUG msg="promql query logged" test=archv2-parity tool=conduit-v1 collector=conduit type=conduit collector=conduit type=conduit params="map[end:2026-08-02T22:39:49.426Z query:rate(conduit_connector_bytes_sum{pipeline_name=\"archv2-parity\",type=\"source\"}[2s])/1048576 start:2026-08-02T22:38:56.425Z step:1]" stats="&{Timings:{EvalTotalTime:7.4208e-05 ResultSortTime:1.25e-07 QueryPreparationTime:9.166e-06 InnerEvalTime:6.1334e-05 ExecQueueTime:7.92e-07 ExecTotalTime:7.7167e-05} Samples:0x140012c7710}" spanID=0000000000000000
time=2026-08-02T15:39:49.426-07:00 level=DEBUG msg="Query returned data" test=archv2-parity tool=conduit-v1 collector=conduit type=conduit collector=conduit type=conduit name=msg-megabytes-in-per-second[archv2-parity] series-count=1 last-value=0.810338020324707
time=2026-08-02T15:39:49.426-07:00 level=DEBUG msg="promql query logged" test=archv2-parity tool=conduit-v1 collector=conduit type=conduit collector=conduit type=conduit params="map[end:2026-08-02T22:39:49.426Z query:rate(conduit_connector_bytes_sum{pipeline_name=\"archv2-parity\",type=\"destination\"}[2s])/1048576 start:2026-08-02T22:38:56.425Z step:1]" stats="&{Timings:{EvalTotalTime:5.3625e-05 ResultSortTime:1.25e-07 QueryPreparationTime:4.917e-06 InnerEvalTime:4.5708e-05 ExecQueueTime:8.33e-07 ExecTotalTime:5.5916e-05} Samples:0x140012c7d70}" spanID=0000000000000000
time=2026-08-02T15:39:49.426-07:00 level=DEBUG msg="Query returned data" test=archv2-parity tool=conduit-v1 collector=conduit type=conduit collector=conduit type=conduit name=msg-megabytes-out-per-second[archv2-parity] series-count=1 last-value=0.810338020324707
time=2026-08-02T15:39:49.706-07:00 level=DEBUG msg="Inspecting container" model=container-monitor name=benchi-conduit
time=2026-08-02T15:39:50.215-07:00 level=DEBUG msg="Inspecting container" model=container-monitor name=benchi-conduit
time=2026-08-02T15:39:50.425-07:00 level=DEBUG msg="promql query logged" test=archv2-parity tool=conduit-v1 collector=conduit type=conduit collector=conduit type=conduit params="map[end:2026-08-02T22:39:50.425Z query:rate(conduit_pipeline_execution_duration_seconds_count{pipeline_name=\"archv2-parity\"}[2s]) start:2026-08-02T22:38:56.425Z step:1]" stats="&{Timings:{EvalTotalTime:5.6542e-05 ResultSortTime:2.92e-07 QueryPreparationTime:1.4792e-05 InnerEvalTime:3.675e-05 ExecQueueTime:2.292e-06 ExecTotalTime:6.0709e-05} Samples:0x14001579710}" spanID=0000000000000000
time=2026-08-02T15:39:50.426-07:00 level=DEBUG msg="Query returned data" test=archv2-parity tool=conduit-v1 collector=conduit type=conduit collector=conduit type=conduit name=msg-rate-per-second[archv2-parity] series-count=1 last-value=29232
time=2026-08-02T15:39:50.426-07:00 level=DEBUG msg="promql query logged" test=archv2-parity tool=conduit-v1 collector=conduit type=conduit collector=conduit type=conduit params="map[end:2026-08-02T22:39:50.426Z query:rate(conduit_connector_bytes_sum{pipeline_name=\"archv2-parity\",type=\"source\"}[2s])/1048576 start:2026-08-02T22:38:56.425Z step:1]" stats="&{Timings:{EvalTotalTime:6.7042e-05 ResultSortTime:1.25e-07 QueryPreparationTime:7.042e-06 InnerEvalTime:5.6375e-05 ExecQueueTime:9.99e-07 ExecTotalTime:6.9333e-05} Samples:0x14001579d70}" spanID=0000000000000000
time=2026-08-02T15:39:50.426-07:00 level=DEBUG msg="Query returned data" test=archv2-parity tool=conduit-v1 collector=conduit type=conduit collector=conduit type=conduit name=msg-megabytes-in-per-second[archv2-parity] series-count=1 last-value=0.8261747360229492
time=2026-08-02T15:39:50.426-07:00 level=DEBUG msg="promql query logged" test=archv2-parity tool=conduit-v1 collector=conduit type=conduit collector=conduit type=conduit params="map[end:2026-08-02T22:39:50.426Z query:rate(conduit_connector_bytes_sum{pipeline_name=\"archv2-parity\",type=\"destination\"}[2s])/1048576 start:2026-08-02T22:38:56.425Z step:1]" stats="&{Timings:{EvalTotalTime:5.6875e-05 ResultSortTime:1.25e-07 QueryPreparationTime:4.667e-06 InnerEvalTime:4.9166e-05 ExecQueueTime:7.08e-07 ExecTotalTime:6.2042e-05} Samples:0x14001596450}" spanID=0000000000000000
time=2026-08-02T15:39:50.426-07:00 level=DEBUG msg="Query returned data" test=archv2-parity tool=conduit-v1 collector=conduit type=conduit collector=conduit type=conduit name=msg-megabytes-out-per-second[archv2-parity] series-count=1 last-value=0.8261747360229492
time=2026-08-02T15:39:50.726-07:00 level=DEBUG msg="Inspecting container" model=container-monitor name=benchi-conduit
time=2026-08-02T15:39:51.229-07:00 level=DEBUG msg="Inspecting container" model=container-monitor name=benchi-conduit
time=2026-08-02T15:39:51.426-07:00 level=INFO msg="Test in progress" test=archv2-parity tool=conduit-v1 step=test time-left=5s
time=2026-08-02T15:39:51.426-07:00 level=DEBUG msg="promql query logged" test=archv2-parity tool=conduit-v1 collector=conduit type=conduit collector=conduit type=conduit params="map[end:2026-08-02T22:39:51.426Z query:rate(conduit_pipeline_execution_duration_seconds_count{pipeline_name=\"archv2-parity\"}[2s]) start:2026-08-02T22:38:56.425Z step:1]" stats="&{Timings:{EvalTotalTime:6.5208e-05 ResultSortTime:5.83e-07 QueryPreparationTime:1.725e-05 InnerEvalTime:4.2041e-05 ExecQueueTime:3.207e-06 ExecTotalTime:7.0625e-05} Samples:0x1400143b8c0}" spanID=0000000000000000
time=2026-08-02T15:39:51.426-07:00 level=DEBUG msg="Query returned data" test=archv2-parity tool=conduit-v1 collector=conduit type=conduit collector=conduit type=conduit name=msg-rate-per-second[archv2-parity] series-count=1 last-value=29586
time=2026-08-02T15:39:51.426-07:00 level=DEBUG msg="promql query logged" test=archv2-parity tool=conduit-v1 collector=conduit type=conduit collector=conduit type=conduit params="map[end:2026-08-02T22:39:51.426Z query:rate(conduit_connector_bytes_sum{pipeline_name=\"archv2-parity\",type=\"source\"}[2s])/1048576 start:2026-08-02T22:38:56.425Z step:1]" stats="&{Timings:{EvalTotalTime:9.0709e-05 ResultSortTime:5e-07 QueryPreparationTime:1.6292e-05 InnerEvalTime:6.875e-05 ExecQueueTime:1.958e-06 ExecTotalTime:9.5542e-05} Samples:0x140015d6c60}" spanID=0000000000000000
time=2026-08-02T15:39:51.426-07:00 level=DEBUG msg="Query returned data" test=archv2-parity tool=conduit-v1 collector=conduit type=conduit collector=conduit type=conduit name=msg-megabytes-in-per-second[archv2-parity] series-count=1 last-value=0.8372955322265625
time=2026-08-02T15:39:51.427-07:00 level=DEBUG msg="promql query logged" test=archv2-parity tool=conduit-v1 collector=conduit type=conduit collector=conduit type=conduit params="map[end:2026-08-02T22:39:51.426Z query:rate(conduit_connector_bytes_sum{pipeline_name=\"archv2-parity\",type=\"destination\"}[2s])/1048576 start:2026-08-02T22:38:56.425Z step:1]" stats="&{Timings:{EvalTotalTime:7.6e-05 ResultSortTime:3.34e-07 QueryPreparationTime:1.4541e-05 InnerEvalTime:5.6667e-05 ExecQueueTime:1.126e-06 ExecTotalTime:7.8875e-05} Samples:0x140015d72c0}" spanID=0000000000000000
time=2026-08-02T15:39:51.427-07:00 level=DEBUG msg="Query returned data" test=archv2-parity tool=conduit-v1 collector=conduit type=conduit collector=conduit type=conduit name=msg-megabytes-out-per-second[archv2-parity] series-count=1 last-value=0.8372955322265625
time=2026-08-02T15:39:51.745-07:00 level=DEBUG msg="Inspecting container" model=container-monitor name=benchi-conduit
time=2026-08-02T15:39:52.254-07:00 level=DEBUG msg="Inspecting container" model=container-monitor name=benchi-conduit
time=2026-08-02T15:39:52.425-07:00 level=DEBUG msg="promql query logged" test=archv2-parity tool=conduit-v1 collector=conduit type=conduit collector=conduit type=conduit params="map[end:2026-08-02T22:39:52.425Z query:rate(conduit_pipeline_execution_duration_seconds_count{pipeline_name=\"archv2-parity\"}[2s]) start:2026-08-02T22:38:56.425Z step:1]" stats="&{Timings:{EvalTotalTime:6.9792e-05 ResultSortTime:5e-07 QueryPreparationTime:1.8291e-05 InnerEvalTime:4.2208e-05 ExecQueueTime:3.209e-06 ExecTotalTime:7.5958e-05} Samples:0x14001607b90}" spanID=0000000000000000
time=2026-08-02T15:39:52.426-07:00 level=DEBUG msg="Query returned data" test=archv2-parity tool=conduit-v1 collector=conduit type=conduit collector=conduit type=conduit name=msg-rate-per-second[archv2-parity] series-count=1 last-value=32351
time=2026-08-02T15:39:52.426-07:00 level=DEBUG msg="promql query logged" test=archv2-parity tool=conduit-v1 collector=conduit type=conduit collector=conduit type=conduit params="map[end:2026-08-02T22:39:52.426Z query:rate(conduit_connector_bytes_sum{pipeline_name=\"archv2-parity\",type=\"source\"}[2s])/1048576 start:2026-08-02T22:38:56.425Z step:1]" stats="&{Timings:{EvalTotalTime:7.9041e-05 ResultSortTime:2.92e-07 QueryPreparationTime:9.209e-06 InnerEvalTime:6.5167e-05 ExecQueueTime:1.209e-06 ExecTotalTime:8.2334e-05} Samples:0x14001634270}" spanID=0000000000000000
time=2026-08-02T15:39:52.426-07:00 level=DEBUG msg="Query returned data" test=archv2-parity tool=conduit-v1 collector=conduit type=conduit collector=conduit type=conduit name=msg-megabytes-in-per-second[archv2-parity] series-count=1 last-value=0.9133195877075195
time=2026-08-02T15:39:52.426-07:00 level=DEBUG msg="promql query logged" test=archv2-parity tool=conduit-v1 collector=conduit type=conduit collector=conduit type=conduit params="map[end:2026-08-02T22:39:52.426Z query:rate(conduit_connector_bytes_sum{pipeline_name=\"archv2-parity\",type=\"destination\"}[2s])/1048576 start:2026-08-02T22:38:56.425Z step:1]" stats="&{Timings:{EvalTotalTime:6.5583e-05 ResultSortTime:2.92e-07 QueryPreparationTime:8.042e-06 InnerEvalTime:5.3875e-05 ExecQueueTime:7.92e-07 ExecTotalTime:6.8459e-05} Samples:0x140016348d0}" spanID=0000000000000000
time=2026-08-02T15:39:52.426-07:00 level=DEBUG msg="Query returned data" test=archv2-parity tool=conduit-v1 collector=conduit type=conduit collector=conduit type=conduit name=msg-megabytes-out-per-second[archv2-parity] series-count=1 last-value=0.9133195877075195
time=2026-08-02T15:39:52.763-07:00 level=DEBUG msg="Inspecting container" model=container-monitor name=benchi-conduit
time=2026-08-02T15:39:53.267-07:00 level=DEBUG msg="Inspecting container" model=container-monitor name=benchi-conduit
time=2026-08-02T15:39:53.426-07:00 level=DEBUG msg="promql query logged" test=archv2-parity tool=conduit-v1 collector=conduit type=conduit collector=conduit type=conduit params="map[end:2026-08-02T22:39:53.425Z query:rate(conduit_pipeline_execution_duration_seconds_count{pipeline_name=\"archv2-parity\"}[2s]) start:2026-08-02T22:38:56.425Z step:1]" stats="&{Timings:{EvalTotalTime:5.7e-05 ResultSortTime:3.75e-07 QueryPreparationTime:1.4209e-05 InnerEvalTime:3.6916e-05 ExecQueueTime:4.709e-06 ExecTotalTime:6.4042e-05} Samples:0x140016de6c0}" spanID=0000000000000000
time=2026-08-02T15:39:53.426-07:00 level=DEBUG msg="Query returned data" test=archv2-parity tool=conduit-v1 collector=conduit type=conduit collector=conduit type=conduit name=msg-rate-per-second[archv2-parity] series-count=1 last-value=31411
time=2026-08-02T15:39:53.426-07:00 level=DEBUG msg="promql query logged" test=archv2-parity tool=conduit-v1 collector=conduit type=conduit collector=conduit type=conduit params="map[end:2026-08-02T22:39:53.426Z query:rate(conduit_connector_bytes_sum{pipeline_name=\"archv2-parity\",type=\"source\"}[2s])/1048576 start:2026-08-02T22:38:56.425Z step:1]" stats="&{Timings:{EvalTotalTime:8.35e-05 ResultSortTime:2.09e-07 QueryPreparationTime:8.291e-06 InnerEvalTime:7.0959e-05 ExecQueueTime:1.042e-06 ExecTotalTime:8.6208e-05} Samples:0x140016ded20}" spanID=0000000000000000
time=2026-08-02T15:39:53.426-07:00 level=DEBUG msg="Query returned data" test=archv2-parity tool=conduit-v1 collector=conduit type=conduit collector=conduit type=conduit name=msg-megabytes-in-per-second[archv2-parity] series-count=1 last-value=0.8873062133789062
time=2026-08-02T15:39:53.426-07:00 level=DEBUG msg="promql query logged" test=archv2-parity tool=conduit-v1 collector=conduit type=conduit collector=conduit type=conduit params="map[end:2026-08-02T22:39:53.426Z query:rate(conduit_connector_bytes_sum{pipeline_name=\"archv2-parity\",type=\"destination\"}[2s])/1048576 start:2026-08-02T22:38:56.425Z step:1]" stats="&{Timings:{EvalTotalTime:5.9333e-05 ResultSortTime:1.66e-07 QueryPreparationTime:5.5e-06 InnerEvalTime:5.0458e-05 ExecQueueTime:8.75e-07 ExecTotalTime:6.1625e-05} Samples:0x140016df380}" spanID=0000000000000000
time=2026-08-02T15:39:53.426-07:00 level=DEBUG msg="Query returned data" test=archv2-parity tool=conduit-v1 collector=conduit type=conduit collector=conduit type=conduit name=msg-megabytes-out-per-second[archv2-parity] series-count=1 last-value=0.8873062133789062
time=2026-08-02T15:39:53.772-07:00 level=DEBUG msg="Inspecting container" model=container-monitor name=benchi-conduit
time=2026-08-02T15:39:54.281-07:00 level=DEBUG msg="Inspecting container" model=container-monitor name=benchi-conduit
time=2026-08-02T15:39:54.426-07:00 level=DEBUG msg="promql query logged" test=archv2-parity tool=conduit-v1 collector=conduit type=conduit collector=conduit type=conduit params="map[end:2026-08-02T22:39:54.425Z query:rate(conduit_pipeline_execution_duration_seconds_count{pipeline_name=\"archv2-parity\"}[2s]) start:2026-08-02T22:38:56.425Z step:1]" stats="&{Timings:{EvalTotalTime:0.000147334 ResultSortTime:6.25e-07 QueryPreparationTime:2.3208e-05 InnerEvalTime:0.0001155 ExecQueueTime:5.917e-06 ExecTotalTime:0.0001545} Samples:0x140017294a0}" spanID=0000000000000000
time=2026-08-02T15:39:54.426-07:00 level=DEBUG msg="Query returned data" test=archv2-parity tool=conduit-v1 collector=conduit type=conduit collector=conduit type=conduit name=msg-rate-per-second[archv2-parity] series-count=1 last-value=27681
time=2026-08-02T15:39:54.426-07:00 level=DEBUG msg="promql query logged" test=archv2-parity tool=conduit-v1 collector=conduit type=conduit collector=conduit type=conduit params="map[end:2026-08-02T22:39:54.426Z query:rate(conduit_connector_bytes_sum{pipeline_name=\"archv2-parity\",type=\"source\"}[2s])/1048576 start:2026-08-02T22:38:56.425Z step:1]" stats="&{Timings:{EvalTotalTime:0.000131 ResultSortTime:1.25e-07 QueryPreparationTime:1.4792e-05 InnerEvalTime:0.000111208 ExecQueueTime:1.749e-06 ExecTotalTime:0.000135125} Samples:0x14001729b60}" spanID=0000000000000000
time=2026-08-02T15:39:54.426-07:00 level=DEBUG msg="Query returned data" test=archv2-parity tool=conduit-v1 collector=conduit type=conduit collector=conduit type=conduit name=msg-megabytes-in-per-second[archv2-parity] series-count=1 last-value=0.7805070877075195
time=2026-08-02T15:39:54.426-07:00 level=DEBUG msg="promql query logged" test=archv2-parity tool=conduit-v1 collector=conduit type=conduit collector=conduit type=conduit params="map[end:2026-08-02T22:39:54.426Z query:rate(conduit_connector_bytes_sum{pipeline_name=\"archv2-parity\",type=\"destination\"}[2s])/1048576 start:2026-08-02T22:38:56.425Z step:1]" stats="&{Timings:{EvalTotalTime:6.2917e-05 ResultSortTime:2.09e-07 QueryPreparationTime:6.458e-06 InnerEvalTime:5.3584e-05 ExecQueueTime:8.34e-07 ExecTotalTime:6.5292e-05} Samples:0x1400172c210}" spanID=0000000000000000
time=2026-08-02T15:39:54.426-07:00 level=DEBUG msg="Query returned data" test=archv2-parity tool=conduit-v1 collector=conduit type=conduit collector=conduit type=conduit name=msg-megabytes-out-per-second[archv2-parity] series-count=1 last-value=0.7805070877075195
time=2026-08-02T15:39:54.797-07:00 level=DEBUG msg="Inspecting container" model=container-monitor name=benchi-conduit
time=2026-08-02T15:39:55.303-07:00 level=DEBUG msg="Inspecting container" model=container-monitor name=benchi-conduit
time=2026-08-02T15:39:55.427-07:00 level=DEBUG msg="promql query logged" test=archv2-parity tool=conduit-v1 collector=conduit type=conduit collector=conduit type=conduit params="map[end:2026-08-02T22:39:55.426Z query:rate(conduit_pipeline_execution_duration_seconds_count{pipeline_name=\"archv2-parity\"}[2s]) start:2026-08-02T22:38:56.425Z step:1]" stats="&{Timings:{EvalTotalTime:0.000114875 ResultSortTime:6.66e-07 QueryPreparationTime:3.2709e-05 InnerEvalTime:6.875e-05 ExecQueueTime:4.874e-06 ExecTotalTime:0.000123541} Samples:0x140009cb0b0}" spanID=0000000000000000
time=2026-08-02T15:39:55.427-07:00 level=DEBUG msg="Query returned data" test=archv2-parity tool=conduit-v1 collector=conduit type=conduit collector=conduit type=conduit name=msg-rate-per-second[archv2-parity] series-count=1 last-value=27684
time=2026-08-02T15:39:55.427-07:00 level=DEBUG msg="promql query logged" test=archv2-parity tool=conduit-v1 collector=conduit type=conduit collector=conduit type=conduit params="map[end:2026-08-02T22:39:55.427Z query:rate(conduit_connector_bytes_sum{pipeline_name=\"archv2-parity\",type=\"source\"}[2s])/1048576 start:2026-08-02T22:38:56.425Z step:1]" stats="&{Timings:{EvalTotalTime:0.000111709 ResultSortTime:4.58e-07 QueryPreparationTime:1.9375e-05 InnerEvalTime:8.6e-05 ExecQueueTime:2.458e-06 ExecTotalTime:0.000116875} Samples:0x1400118e450}" spanID=0000000000000000
time=2026-08-02T15:39:55.427-07:00 level=DEBUG msg="Query returned data" test=archv2-parity tool=conduit-v1 collector=conduit type=conduit collector=conduit type=conduit name=msg-megabytes-in-per-second[archv2-parity] series-count=1 last-value=0.7827062606811523
time=2026-08-02T15:39:55.427-07:00 level=DEBUG msg="promql query logged" test=archv2-parity tool=conduit-v1 collector=conduit type=conduit collector=conduit type=conduit params="map[end:2026-08-02T22:39:55.427Z query:rate(conduit_connector_bytes_sum{pipeline_name=\"archv2-parity\",type=\"destination\"}[2s])/1048576 start:2026-08-02T22:38:56.425Z step:1]" stats="&{Timings:{EvalTotalTime:9.0041e-05 ResultSortTime:1.25e-07 QueryPreparationTime:1.0959e-05 InnerEvalTime:7.2833e-05 ExecQueueTime:1.292e-06 ExecTotalTime:9.3833e-05} Samples:0x1400118eb10}" spanID=0000000000000000
time=2026-08-02T15:39:55.428-07:00 level=DEBUG msg="Query returned data" test=archv2-parity tool=conduit-v1 collector=conduit type=conduit collector=conduit type=conduit name=msg-megabytes-out-per-second[archv2-parity] series-count=1 last-value=0.7827062606811523
time=2026-08-02T15:39:55.811-07:00 level=DEBUG msg="Inspecting container" model=container-monitor name=benchi-conduit
time=2026-08-02T15:39:56.322-07:00 level=DEBUG msg="Inspecting container" model=container-monitor name=benchi-conduit
time=2026-08-02T15:39:56.426-07:00 level=INFO msg="Test in progress" test=archv2-parity tool=conduit-v1 step=test time-left=0s
time=2026-08-02T15:39:56.426-07:00 level=DEBUG msg="promql query logged" test=archv2-parity tool=conduit-v1 collector=conduit type=conduit collector=conduit type=conduit params="map[end:2026-08-02T22:39:56.426Z query:rate(conduit_pipeline_execution_duration_seconds_count{pipeline_name=\"archv2-parity\"}[2s]) start:2026-08-02T22:38:56.425Z step:1]" stats="&{Timings:{EvalTotalTime:8.8167e-05 ResultSortTime:5.83e-07 QueryPreparationTime:2.4542e-05 InnerEvalTime:5.5583e-05 ExecQueueTime:4.417e-06 ExecTotalTime:9.5792e-05} Samples:0x140011fe9c0}" spanID=0000000000000000
time=2026-08-02T15:39:56.426-07:00 level=DEBUG msg="Query returned data" test=archv2-parity tool=conduit-v1 collector=conduit type=conduit collector=conduit type=conduit name=msg-rate-per-second[archv2-parity] series-count=1 last-value=28355
time=2026-08-02T15:39:56.426-07:00 level=DEBUG msg="promql query logged" test=archv2-parity tool=conduit-v1 collector=conduit type=conduit collector=conduit type=conduit params="map[end:2026-08-02T22:39:56.426Z query:rate(conduit_connector_bytes_sum{pipeline_name=\"archv2-parity\",type=\"source\"}[2s])/1048576 start:2026-08-02T22:38:56.425Z step:1]" stats="&{Timings:{EvalTotalTime:0.00010625 ResultSortTime:4.58e-07 QueryPreparationTime:1.1458e-05 InnerEvalTime:8.8625e-05 ExecQueueTime:1.541e-06 ExecTotalTime:0.000109958} Samples:0x140011ff080}" spanID=0000000000000000
time=2026-08-02T15:39:56.426-07:00 level=DEBUG msg="Query returned data" test=archv2-parity tool=conduit-v1 collector=conduit type=conduit collector=conduit type=conduit name=msg-megabytes-in-per-second[archv2-parity] series-count=1 last-value=0.8015241622924805
time=2026-08-02T15:39:56.426-07:00 level=DEBUG msg="promql query logged" test=archv2-parity tool=conduit-v1 collector=conduit type=conduit collector=conduit type=conduit params="map[end:2026-08-02T22:39:56.426Z query:rate(conduit_connector_bytes_sum{pipeline_name=\"archv2-parity\",type=\"destination\"}[2s])/1048576 start:2026-08-02T22:38:56.425Z step:1]" stats="&{Timings:{EvalTotalTime:0.000152875 ResultSortTime:5e-07 QueryPreparationTime:9.708e-06 InnerEvalTime:0.000134166 ExecQueueTime:1.333e-06 ExecTotalTime:0.000157916} Samples:0x140011ff6e0}" spanID=0000000000000000
time=2026-08-02T15:39:56.426-07:00 level=DEBUG msg="Query returned data" test=archv2-parity tool=conduit-v1 collector=conduit type=conduit collector=conduit type=conduit name=msg-megabytes-out-per-second[archv2-parity] series-count=1 last-value=0.8015241622924805
time=2026-08-02T15:39:56.826-07:00 level=DEBUG msg="Inspecting container" model=container-monitor name=benchi-conduit
time=2026-08-02T15:39:56.935-07:00 level=INFO msg="Step successful" test=archv2-parity tool=conduit-v1 step=test
time=2026-08-02T15:39:56.935-07:00 level=INFO msg="Running step" test=archv2-parity tool=conduit-v1 step=post-test
time=2026-08-02T15:39:56.935-07:00 level=INFO msg="Exporting metrics" test=archv2-parity tool=conduit-v1 step=post-test collector=conduit path=/Users/devarisbrown/Code/projects/conduit/benchi/archv2-parity/results/r2/archv2-parity_conduit-v1/conduit.csv
time=2026-08-02T15:39:56.936-07:00 level=INFO msg="Exporting metrics" test=archv2-parity tool=conduit-v1 step=post-test collector=docker path=/Users/devarisbrown/Code/projects/conduit/benchi/archv2-parity/results/r2/archv2-parity_conduit-v1/docker.csv
time=2026-08-02T15:39:56.937-07:00 level=DEBUG msg="Running hooks" test=archv2-parity tool=conduit-v1 step=post-test count=0
time=2026-08-02T15:39:56.937-07:00 level=INFO msg="Step successful" test=archv2-parity tool=conduit-v1 step=post-test
time=2026-08-02T15:39:56.937-07:00 level=INFO msg="Running step" test=archv2-parity tool=conduit-v1 step=pre-cleanup
time=2026-08-02T15:39:56.937-07:00 level=DEBUG msg="Running hooks" test=archv2-parity tool=conduit-v1 step=pre-cleanup count=0
time=2026-08-02T15:39:56.937-07:00 level=INFO msg="Step successful" test=archv2-parity tool=conduit-v1 step=pre-cleanup
time=2026-08-02T15:39:56.937-07:00 level=INFO msg="Running step" test=archv2-parity tool=conduit-v1 step=cleanup
time=2026-08-02T15:39:56.937-07:00 level=INFO msg="Stopping containers" test=archv2-parity tool=conduit-v1 step=tool
time=2026-08-02T15:39:56.937-07:00 level=DEBUG msg="Executing command" command="/usr/local/bin/docker compose -f ./tools/compose-conduit-v1.yml down"
time=2026-08-02T15:39:57.306-07:00 level=INFO msg="Step successful" test=archv2-parity tool=conduit-v1 step=cleanup
time=2026-08-02T15:39:57.306-07:00 level=INFO msg="Running step" test=archv2-parity tool=conduit-v1 step=post-cleanup
time=2026-08-02T15:39:57.306-07:00 level=DEBUG msg="Running hooks" test=archv2-parity tool=conduit-v1 step=post-cleanup count=0
time=2026-08-02T15:39:57.306-07:00 level=INFO msg="Step successful" test=archv2-parity tool=conduit-v1 step=post-cleanup
time=2026-08-02T15:39:57.307-07:00 level=INFO msg="Running step" test=archv2-parity tool=conduit-v2 step=pre-infrastructure
time=2026-08-02T15:39:57.307-07:00 level=INFO msg="Pulling docker images for tool containers" test=archv2-parity tool=conduit-v2 step=pre-infrastructure containers=[benchi-conduit]
time=2026-08-02T15:39:57.307-07:00 level=DEBUG msg="Executing command" command="/usr/local/bin/docker compose -f ./tools/compose-conduit-v2.yml pull"
time=2026-08-02T15:39:57.333-07:00 level=DEBUG msg="Inspecting container" model=container-monitor name=benchi-conduit
time=2026-08-02T15:39:57.336-07:00 level=DEBUG msg="Container not found" model=container-monitor name=benchi-conduit
time=2026-08-02T15:39:57.402-07:00 level=INFO msg="Pulling docker images for hooks" test=archv2-parity tool=conduit-v2 step=pre-infrastructure images=[]
time=2026-08-02T15:39:57.402-07:00 level=DEBUG msg="Running hooks" test=archv2-parity tool=conduit-v2 step=pre-infrastructure count=0
time=2026-08-02T15:39:57.402-07:00 level=INFO msg="Step successful" test=archv2-parity tool=conduit-v2 step=pre-infrastructure
time=2026-08-02T15:39:57.402-07:00 level=INFO msg="Running step" test=archv2-parity tool=conduit-v2 step=infrastructure
time=2026-08-02T15:39:57.402-07:00 level=INFO msg="No infrastructure to start" test=archv2-parity tool=conduit-v2 step=infrastructure
time=2026-08-02T15:39:57.402-07:00 level=INFO msg="Step successful" test=archv2-parity tool=conduit-v2 step=infrastructure
time=2026-08-02T15:39:57.403-07:00 level=INFO msg="Running step" test=archv2-parity tool=conduit-v2 step=post-infrastructure
time=2026-08-02T15:39:57.403-07:00 level=DEBUG msg="Running hooks" test=archv2-parity tool=conduit-v2 step=post-infrastructure count=0
time=2026-08-02T15:39:57.403-07:00 level=INFO msg="Step successful" test=archv2-parity tool=conduit-v2 step=post-infrastructure
time=2026-08-02T15:39:57.403-07:00 level=INFO msg="Running step" test=archv2-parity tool=conduit-v2 step=pre-tool
time=2026-08-02T15:39:57.406-07:00 level=DEBUG msg="Running hooks" test=archv2-parity tool=conduit-v2 step=pre-tool count=0
time=2026-08-02T15:39:57.406-07:00 level=INFO msg="Step successful" test=archv2-parity tool=conduit-v2 step=pre-tool
time=2026-08-02T15:39:57.406-07:00 level=INFO msg="Running step" test=archv2-parity tool=conduit-v2 step=tool
time=2026-08-02T15:39:57.407-07:00 level=INFO msg="Waiting for container status to be healthy" test=archv2-parity tool=conduit-v2 step=tool container=benchi-conduit status=N/A
time=2026-08-02T15:39:57.407-07:00 level=DEBUG msg="Executing command" command="/usr/local/bin/docker compose -f ./tools/compose-conduit-v2.yml up"
time=2026-08-02T15:39:57.807-07:00 level=DEBUG msg="Inspecting container" model=container-monitor name=benchi-conduit
time=2026-08-02T15:39:58.312-07:00 level=DEBUG msg="Inspecting container" model=container-monitor name=benchi-conduit
time=2026-08-02T15:39:58.418-07:00 level=DEBUG msg="Inspected container" test=archv2-parity tool=conduit-v2 step=tool container=benchi-conduit response="{ContainerJSONBase:0x14000221a20 Mounts:[{Type:bind Name: Source:/Users/devarisbrown/Code/projects/conduit/benchi/archv2-parity/pipeline.yml Destination:/app/pipelines/pipeline.yml Driver: Mode:rw RW:true Propagation:rprivate}] Config:0x14000791400 NetworkSettings:0x1400078a700 ImageManifestDescriptor:<nil>}" state="{Status:running Running:true Paused:false Restarting:false OOMKilled:false Dead:false Pid:74615 ExitCode:0 Error: StartedAt:2026-08-02T22:39:57.623934794Z FinishedAt:0001-01-01T00:00:00Z Health:<nil>}"
time=2026-08-02T15:39:58.418-07:00 level=INFO msg="Container is running (consider adding a health check!)" test=archv2-parity tool=conduit-v2 step=tool container=/benchi-conduit
time=2026-08-02T15:39:58.418-07:00 level=INFO msg="Tools started" test=archv2-parity tool=conduit-v2 step=tool
time=2026-08-02T15:39:58.418-07:00 level=INFO msg="Step successful" test=archv2-parity tool=conduit-v2 step=tool
time=2026-08-02T15:39:58.418-07:00 level=INFO msg="Running step" test=archv2-parity tool=conduit-v2 step=post-tool
time=2026-08-02T15:39:58.419-07:00 level=DEBUG msg="Running hooks" test=archv2-parity tool=conduit-v2 step=post-tool count=0
time=2026-08-02T15:39:58.419-07:00 level=INFO msg="Step successful" test=archv2-parity tool=conduit-v2 step=post-tool
time=2026-08-02T15:39:58.419-07:00 level=INFO msg="Running step" test=archv2-parity tool=conduit-v2 step=pre-test
time=2026-08-02T15:39:58.419-07:00 level=DEBUG msg="Running hooks" test=archv2-parity tool=conduit-v2 step=pre-test count=0
time=2026-08-02T15:39:58.419-07:00 level=INFO msg="Step successful" test=archv2-parity tool=conduit-v2 step=pre-test
time=2026-08-02T15:39:58.426-07:00 level=INFO msg="Running step" test=archv2-parity tool=conduit-v2 step=test
time=2026-08-02T15:39:58.427-07:00 level=INFO msg="Running collector" test=archv2-parity tool=conduit-v2 step=test name=conduit type=conduit
time=2026-08-02T15:39:58.427-07:00 level=INFO msg="Running collector" test=archv2-parity tool=conduit-v2 step=test name=docker type=docker
time=2026-08-02T15:39:58.427-07:00 level=INFO msg="Test in progress" test=archv2-parity tool=conduit-v2 step=test time-left=1m0s
time=2026-08-02T15:39:58.427-07:00 level=DEBUG msg="Collecting stats" test=archv2-parity tool=conduit-v2 collector=docker type=docker collector=docker type=docker container=benchi-conduit
time=2026-08-02T15:39:58.820-07:00 level=DEBUG msg="Inspecting container" model=container-monitor name=benchi-conduit
time=2026-08-02T15:39:59.332-07:00 level=DEBUG msg="Inspecting container" model=container-monitor name=benchi-conduit
time=2026-08-02T15:39:59.427-07:00 level=DEBUG msg="promql query logged" test=archv2-parity tool=conduit-v2 collector=conduit type=conduit collector=conduit type=conduit params="map[end:2026-08-02T22:39:59.427Z query:rate(conduit_pipeline_execution_duration_seconds_count{pipeline_name=\"archv2-parity\"}[2s]) start:2026-08-02T22:39:58.427Z step:1]" stats="&{Timings:{EvalTotalTime:0.000133917 ResultSortTime:5.83e-07 QueryPreparationTime:2.4167e-05 InnerEvalTime:7.9166e-05 ExecQueueTime:4.293e-06 ExecTotalTime:0.000142708} Samples:0x140012b21b0}" spanID=0000000000000000
time=2026-08-02T15:39:59.427-07:00 level=DEBUG msg="No data returned from query" test=archv2-parity tool=conduit-v2 collector=conduit type=conduit collector=conduit type=conduit
time=2026-08-02T15:39:59.427-07:00 level=DEBUG msg="promql query logged" test=archv2-parity tool=conduit-v2 collector=conduit type=conduit collector=conduit type=conduit params="map[end:2026-08-02T22:39:59.427Z query:rate(conduit_connector_bytes_sum{pipeline_name=\"archv2-parity\",type=\"source\"}[2s])/1048576 start:2026-08-02T22:39:58.427Z step:1]" stats="&{Timings:{EvalTotalTime:0.000105333 ResultSortTime:5e-07 QueryPreparationTime:1.35e-05 InnerEvalTime:8.475e-05 ExecQueueTime:1.792e-06 ExecTotalTime:0.000110083} Samples:0x140012b2810}" spanID=0000000000000000
time=2026-08-02T15:39:59.427-07:00 level=DEBUG msg="No data returned from query" test=archv2-parity tool=conduit-v2 collector=conduit type=conduit collector=conduit type=conduit
time=2026-08-02T15:39:59.428-07:00 level=DEBUG msg="promql query logged" test=archv2-parity tool=conduit-v2 collector=conduit type=conduit collector=conduit type=conduit params="map[end:2026-08-02T22:39:59.428Z query:rate(conduit_connector_bytes_sum{pipeline_name=\"archv2-parity\",type=\"destination\"}[2s])/1048576 start:2026-08-02T22:39:58.427Z step:1]" stats="&{Timings:{EvalTotalTime:4.2958e-05 ResultSortTime:2.5e-07 QueryPreparationTime:1.2875e-05 InnerEvalTime:2.3792e-05 ExecQueueTime:1.417e-06 ExecTotalTime:4.6583e-05} Samples:0x140012b2e70}" spanID=0000000000000000
time=2026-08-02T15:39:59.428-07:00 level=DEBUG msg="No data returned from query" test=archv2-parity tool=conduit-v2 collector=conduit type=conduit collector=conduit type=conduit
time=2026-08-02T15:39:59.844-07:00 level=DEBUG msg="Inspecting container" model=container-monitor name=benchi-conduit
time=2026-08-02T15:40:00.353-07:00 level=DEBUG msg="Inspecting container" model=container-monitor name=benchi-conduit
time=2026-08-02T15:40:00.427-07:00 level=DEBUG msg="promql query logged" test=archv2-parity tool=conduit-v2 collector=conduit type=conduit collector=conduit type=conduit params="map[end:2026-08-02T22:40:00.427Z query:rate(conduit_pipeline_execution_duration_seconds_count{pipeline_name=\"archv2-parity\"}[2s]) start:2026-08-02T22:39:58.427Z step:1]" stats="&{Timings:{EvalTotalTime:6.1375e-05 ResultSortTime:2.91e-07 QueryPreparationTime:1.3666e-05 InnerEvalTime:4.3e-05 ExecQueueTime:2.458e-06 ExecTotalTime:6.5625e-05} Samples:0x140012b3620}" spanID=0000000000000000
time=2026-08-02T15:40:00.428-07:00 level=DEBUG msg="Query returned data" test=archv2-parity tool=conduit-v2 collector=conduit type=conduit collector=conduit type=conduit name=msg-rate-per-second[archv2-parity] series-count=1 last-value=20755
time=2026-08-02T15:40:00.428-07:00 level=DEBUG msg="promql query logged" test=archv2-parity tool=conduit-v2 collector=conduit type=conduit collector=conduit type=conduit params="map[end:2026-08-02T22:40:00.428Z query:rate(conduit_connector_bytes_sum{pipeline_name=\"archv2-parity\",type=\"source\"}[2s])/1048576 start:2026-08-02T22:39:58.427Z step:1]" stats="&{Timings:{EvalTotalTime:0.000123542 ResultSortTime:2.09e-07 QueryPreparationTime:9.459e-06 InnerEvalTime:9.0291e-05 ExecQueueTime:1.25e-06 ExecTotalTime:0.000136084} Samples:0x140012b3c80}" spanID=0000000000000000
time=2026-08-02T15:40:00.428-07:00 level=DEBUG msg="Query returned data" test=archv2-parity tool=conduit-v2 collector=conduit type=conduit collector=conduit type=conduit name=msg-megabytes-in-per-second[archv2-parity] series-count=1 last-value=0.5861701965332031
time=2026-08-02T15:40:00.428-07:00 level=DEBUG msg="promql query logged" test=archv2-parity tool=conduit-v2 collector=conduit type=conduit collector=conduit type=conduit params="map[end:2026-08-02T22:40:00.428Z query:rate(conduit_connector_bytes_sum{pipeline_name=\"archv2-parity\",type=\"destination\"}[2s])/1048576 start:2026-08-02T22:39:58.427Z step:1]" stats="&{Timings:{EvalTotalTime:2.7375e-05 ResultSortTime:1.25e-07 QueryPreparationTime:8.167e-06 InnerEvalTime:1.6e-05 ExecQueueTime:9.57e-07 ExecTotalTime:2.9542e-05} Samples:0x140012e6360}" spanID=0000000000000000
time=2026-08-02T15:40:00.428-07:00 level=DEBUG msg="Query returned data" test=archv2-parity tool=conduit-v2 collector=conduit type=conduit collector=conduit type=conduit name=msg-megabytes-out-per-second[archv2-parity] series-count=1 last-value=0.5861701965332031
time=2026-08-02T15:40:00.873-07:00 level=DEBUG msg="Inspecting container" model=container-monitor name=benchi-conduit
time=2026-08-02T15:40:01.380-07:00 level=DEBUG msg="Inspecting container" model=container-monitor name=benchi-conduit
time=2026-08-02T15:40:01.428-07:00 level=DEBUG msg="promql query logged" test=archv2-parity tool=conduit-v2 collector=conduit type=conduit collector=conduit type=conduit params="map[end:2026-08-02T22:40:01.428Z query:rate(conduit_pipeline_execution_duration_seconds_count{pipeline_name=\"archv2-parity\"}[2s]) start:2026-08-02T22:39:58.427Z step:1]" stats="&{Timings:{EvalTotalTime:7.4333e-05 ResultSortTime:5.83e-07 QueryPreparationTime:2.0375e-05 InnerEvalTime:4.7875e-05 ExecQueueTime:3.082e-06 ExecTotalTime:8.0041e-05} Samples:0x140012e6ab0}" spanID=0000000000000000
time=2026-08-02T15:40:01.428-07:00 level=DEBUG msg="Query returned data" test=archv2-parity tool=conduit-v2 collector=conduit type=conduit collector=conduit type=conduit name=msg-rate-per-second[archv2-parity] series-count=1 last-value=18635
time=2026-08-02T15:40:01.428-07:00 level=DEBUG msg="promql query logged" test=archv2-parity tool=conduit-v2 collector=conduit type=conduit collector=conduit type=conduit params="map[end:2026-08-02T22:40:01.428Z query:rate(conduit_connector_bytes_sum{pipeline_name=\"archv2-parity\",type=\"source\"}[2s])/1048576 start:2026-08-02T22:39:58.427Z step:1]" stats="&{Timings:{EvalTotalTime:4.5667e-05 ResultSortTime:2.5e-07 QueryPreparationTime:9.542e-06 InnerEvalTime:3.2e-05 ExecQueueTime:1.459e-06 ExecTotalTime:4.8541e-05} Samples:0x140012e7110}" spanID=0000000000000000
time=2026-08-02T15:40:01.428-07:00 level=DEBUG msg="Query returned data" test=archv2-parity tool=conduit-v2 collector=conduit type=conduit collector=conduit type=conduit name=msg-megabytes-in-per-second[archv2-parity] series-count=1 last-value=0.5266838073730469
time=2026-08-02T15:40:01.428-07:00 level=DEBUG msg="promql query logged" test=archv2-parity tool=conduit-v2 collector=conduit type=conduit collector=conduit type=conduit params="map[end:2026-08-02T22:40:01.428Z query:rate(conduit_connector_bytes_sum{pipeline_name=\"archv2-parity\",type=\"destination\"}[2s])/1048576 start:2026-08-02T22:39:58.427Z step:1]" stats="&{Timings:{EvalTotalTime:3.2e-05 ResultSortTime:1.25e-07 QueryPreparationTime:7.167e-06 InnerEvalTime:2.15e-05 ExecQueueTime:8.75e-07 ExecTotalTime:3.7542e-05} Samples:0x140012e7770}" spanID=0000000000000000
time=2026-08-02T15:40:01.428-07:00 level=DEBUG msg="Query returned data" test=archv2-parity tool=conduit-v2 collector=conduit type=conduit collector=conduit type=conduit name=msg-megabytes-out-per-second[archv2-parity] series-count=1 last-value=0.5267095565795898
time=2026-08-02T15:40:01.887-07:00 level=DEBUG msg="Inspecting container" model=container-monitor name=benchi-conduit
time=2026-08-02T15:40:02.394-07:00 level=DEBUG msg="Inspecting container" model=container-monitor name=benchi-conduit
time=2026-08-02T15:40:02.427-07:00 level=DEBUG msg="promql query logged" test=archv2-parity tool=conduit-v2 collector=conduit type=conduit collector=conduit type=conduit params="map[end:2026-08-02T22:40:02.427Z query:rate(conduit_pipeline_execution_duration_seconds_count{pipeline_name=\"archv2-parity\"}[2s]) start:2026-08-02T22:39:58.427Z step:1]" stats="&{Timings:{EvalTotalTime:4.6e-05 ResultSortTime:5e-07 QueryPreparationTime:1.4e-05 InnerEvalTime:2.675e-05 ExecQueueTime:3.875e-06 ExecTotalTime:5.1042e-05} Samples:0x140013b9260}" spanID=0000000000000000
time=2026-08-02T15:40:02.427-07:00 level=DEBUG msg="Query returned data" test=archv2-parity tool=conduit-v2 collector=conduit type=conduit collector=conduit type=conduit name=msg-rate-per-second[archv2-parity] series-count=1 last-value=19219
time=2026-08-02T15:40:02.427-07:00 level=DEBUG msg="promql query logged" test=archv2-parity tool=conduit-v2 collector=conduit type=conduit collector=conduit type=conduit params="map[end:2026-08-02T22:40:02.427Z query:rate(conduit_connector_bytes_sum{pipeline_name=\"archv2-parity\",type=\"source\"}[2s])/1048576 start:2026-08-02T22:39:58.427Z step:1]" stats="&{Timings:{EvalTotalTime:3.5083e-05 ResultSortTime:2.09e-07 QueryPreparationTime:7.875e-06 InnerEvalTime:2.3334e-05 ExecQueueTime:1.041e-06 ExecTotalTime:3.8e-05} Samples:0x140013b98f0}" spanID=0000000000000000
time=2026-08-02T15:40:02.427-07:00 level=DEBUG msg="Query returned data" test=archv2-parity tool=conduit-v2 collector=conduit type=conduit collector=conduit type=conduit name=msg-megabytes-in-per-second[archv2-parity] series-count=1 last-value=0.5430755615234375
time=2026-08-02T15:40:02.427-07:00 level=DEBUG msg="promql query logged" test=archv2-parity tool=conduit-v2 collector=conduit type=conduit collector=conduit type=conduit params="map[end:2026-08-02T22:40:02.427Z query:rate(conduit_connector_bytes_sum{pipeline_name=\"archv2-parity\",type=\"destination\"}[2s])/1048576 start:2026-08-02T22:39:58.427Z step:1]" stats="&{Timings:{EvalTotalTime:4.0417e-05 ResultSortTime:1.66e-07 QueryPreparationTime:5.041e-06 InnerEvalTime:3.1917e-05 ExecQueueTime:7.92e-07 ExecTotalTime:4.275e-05} Samples:0x140013b9f50}" spanID=0000000000000000
time=2026-08-02T15:40:02.427-07:00 level=DEBUG msg="Query returned data" test=archv2-parity tool=conduit-v2 collector=conduit type=conduit collector=conduit type=conduit name=msg-megabytes-out-per-second[archv2-parity] series-count=1 last-value=0.5430746078491211
time=2026-08-02T15:40:02.915-07:00 level=DEBUG msg="Inspecting container" model=container-monitor name=benchi-conduit
time=2026-08-02T15:40:03.424-07:00 level=DEBUG msg="Inspecting container" model=container-monitor name=benchi-conduit
time=2026-08-02T15:40:03.427-07:00 level=DEBUG msg="promql query logged" test=archv2-parity tool=conduit-v2 collector=conduit type=conduit collector=conduit type=conduit params="map[end:2026-08-02T22:40:03.427Z query:rate(conduit_pipeline_execution_duration_seconds_count{pipeline_name=\"archv2-parity\"}[2s]) start:2026-08-02T22:39:58.427Z step:1]" stats="&{Timings:{EvalTotalTime:0.000349208 ResultSortTime:7.09e-07 QueryPreparationTime:0.000127833 InnerEvalTime:0.000208083 ExecQueueTime:3.458e-06 ExecTotalTime:0.000357} Samples:0x140012fe150}" spanID=0000000000000000
time=2026-08-02T15:40:03.430-07:00 level=DEBUG msg="Query returned data" test=archv2-parity tool=conduit-v2 collector=conduit type=conduit collector=conduit type=conduit name=msg-rate-per-second[archv2-parity] series-count=1 last-value=20705
time=2026-08-02T15:40:03.428-07:00 level=INFO msg="Test in progress" test=archv2-parity tool=conduit-v2 step=test time-left=55s
time=2026-08-02T15:40:03.431-07:00 level=DEBUG msg="promql query logged" test=archv2-parity tool=conduit-v2 collector=conduit type=conduit collector=conduit type=conduit params="map[end:2026-08-02T22:40:03.430Z query:rate(conduit_connector_bytes_sum{pipeline_name=\"archv2-parity\",type=\"source\"}[2s])/1048576 start:2026-08-02T22:39:58.427Z step:1]" stats="&{Timings:{EvalTotalTime:5.1333e-05 ResultSortTime:2.92e-07 QueryPreparationTime:1.3209e-05 InnerEvalTime:3.4542e-05 ExecQueueTime:1.667e-06 ExecTotalTime:5.5125e-05} Samples:0x140012fe9f0}" spanID=0000000000000000
time=2026-08-02T15:40:03.431-07:00 level=DEBUG msg="Query returned data" test=archv2-parity tool=conduit-v2 collector=conduit type=conduit collector=conduit type=conduit name=msg-megabytes-in-per-second[archv2-parity] series-count=1 last-value=0.5853147506713867
time=2026-08-02T15:40:03.431-07:00 level=DEBUG msg="promql query logged" test=archv2-parity tool=conduit-v2 collector=conduit type=conduit collector=conduit type=conduit params="map[end:2026-08-02T22:40:03.431Z query:rate(conduit_connector_bytes_sum{pipeline_name=\"archv2-parity\",type=\"destination\"}[2s])/1048576 start:2026-08-02T22:39:58.427Z step:1]" stats="&{Timings:{EvalTotalTime:1.6791e-05 ResultSortTime:2.08e-07 QueryPreparationTime:3.417e-06 InnerEvalTime:1.0208e-05 ExecQueueTime:5.42e-07 ExecTotalTime:1.85e-05} Samples:0x140012ff050}" spanID=0000000000000000
time=2026-08-02T15:40:03.431-07:00 level=DEBUG msg="Query returned data" test=archv2-parity tool=conduit-v2 collector=conduit type=conduit collector=conduit type=conduit name=msg-megabytes-out-per-second[archv2-parity] series-count=1 last-value=0.5852899551391602
time=2026-08-02T15:40:03.935-07:00 level=DEBUG msg="Inspecting container" model=container-monitor name=benchi-conduit
time=2026-08-02T15:40:04.429-07:00 level=DEBUG msg="promql query logged" test=archv2-parity tool=conduit-v2 collector=conduit type=conduit collector=conduit type=conduit params="map[end:2026-08-02T22:40:04.428Z query:rate(conduit_pipeline_execution_duration_seconds_count{pipeline_name=\"archv2-parity\"}[2s]) start:2026-08-02T22:39:58.427Z step:1]" stats="&{Timings:{EvalTotalTime:4.9833e-05 ResultSortTime:2.5e-07 QueryPreparationTime:1.4041e-05 InnerEvalTime:3.1083e-05 ExecQueueTime:2.542e-06 ExecTotalTime:5.475e-05} Samples:0x14001401e60}" spanID=0000000000000000
time=2026-08-02T15:40:04.429-07:00 level=DEBUG msg="Query returned data" test=archv2-parity tool=conduit-v2 collector=conduit type=conduit collector=conduit type=conduit name=msg-rate-per-second[archv2-parity] series-count=1 last-value=20073
time=2026-08-02T15:40:04.429-07:00 level=DEBUG msg="promql query logged" test=archv2-parity tool=conduit-v2 collector=conduit type=conduit collector=conduit type=conduit params="map[end:2026-08-02T22:40:04.429Z query:rate(conduit_connector_bytes_sum{pipeline_name=\"archv2-parity\",type=\"source\"}[2s])/1048576 start:2026-08-02T22:39:58.427Z step:1]" stats="&{Timings:{EvalTotalTime:4.5e-05 ResultSortTime:1.67e-07 QueryPreparationTime:1.475e-05 InnerEvalTime:2.6708e-05 ExecQueueTime:7.08e-07 ExecTotalTime:4.7125e-05} Samples:0x14001596540}" spanID=0000000000000000
time=2026-08-02T15:40:04.429-07:00 level=DEBUG msg="Query returned data" test=archv2-parity tool=conduit-v2 collector=conduit type=conduit collector=conduit type=conduit name=msg-megabytes-in-per-second[archv2-parity] series-count=1 last-value=0.567138671875
time=2026-08-02T15:40:04.429-07:00 level=DEBUG msg="promql query logged" test=archv2-parity tool=conduit-v2 collector=conduit type=conduit collector=conduit type=conduit params="map[end:2026-08-02T22:40:04.429Z query:rate(conduit_connector_bytes_sum{pipeline_name=\"archv2-parity\",type=\"destination\"}[2s])/1048576 start:2026-08-02T22:39:58.427Z step:1]" stats="&{Timings:{EvalTotalTime:2.0042e-05 ResultSortTime:1.67e-07 QueryPreparationTime:3.75e-06 InnerEvalTime:1.3625e-05 ExecQueueTime:6.25e-07 ExecTotalTime:2.1958e-05} Samples:0x14001596ba0}" spanID=0000000000000000
time=2026-08-02T15:40:04.429-07:00 level=DEBUG msg="Query returned data" test=archv2-parity tool=conduit-v2 collector=conduit type=conduit collector=conduit type=conduit name=msg-megabytes-out-per-second[archv2-parity] series-count=1 last-value=0.567138671875
time=2026-08-02T15:40:04.445-07:00 level=DEBUG msg="Inspecting container" model=container-monitor name=benchi-conduit
time=2026-08-02T15:40:04.950-07:00 level=DEBUG msg="Inspecting container" model=container-monitor name=benchi-conduit
time=2026-08-02T15:40:05.427-07:00 level=DEBUG msg="promql query logged" test=archv2-parity tool=conduit-v2 collector=conduit type=conduit collector=conduit type=conduit params="map[end:2026-08-02T22:40:05.427Z query:rate(conduit_pipeline_execution_duration_seconds_count{pipeline_name=\"archv2-parity\"}[2s]) start:2026-08-02T22:39:58.427Z step:1]" stats="&{Timings:{EvalTotalTime:5.0042e-05 ResultSortTime:2.92e-07 QueryPreparationTime:1.6125e-05 InnerEvalTime:2.9209e-05 ExecQueueTime:2.417e-06 ExecTotalTime:5.4917e-05} Samples:0x140015979b0}" spanID=0000000000000000
time=2026-08-02T15:40:05.428-07:00 level=DEBUG msg="Query returned data" test=archv2-parity tool=conduit-v2 collector=conduit type=conduit collector=conduit type=conduit name=msg-rate-per-second[archv2-parity] series-count=1 last-value=22941.176470588238
time=2026-08-02T15:40:05.428-07:00 level=DEBUG msg="promql query logged" test=archv2-parity tool=conduit-v2 collector=conduit type=conduit collector=conduit type=conduit params="map[end:2026-08-02T22:40:05.428Z query:rate(conduit_connector_bytes_sum{pipeline_name=\"archv2-parity\",type=\"source\"}[2s])/1048576 start:2026-08-02T22:39:58.427Z step:1]" stats="&{Timings:{EvalTotalTime:4.775e-05 ResultSortTime:1.66e-07 QueryPreparationTime:8.083e-06 InnerEvalTime:3.1583e-05 ExecQueueTime:9.58e-07 ExecTotalTime:5.6708e-05} Samples:0x140015dc090}" spanID=0000000000000000
time=2026-08-02T15:40:05.428-07:00 level=DEBUG msg="Query returned data" test=archv2-parity tool=conduit-v2 collector=conduit type=conduit collector=conduit type=conduit name=msg-megabytes-in-per-second[archv2-parity] series-count=1 last-value=0.6482674854464926
time=2026-08-02T15:40:05.428-07:00 level=DEBUG msg="promql query logged" test=archv2-parity tool=conduit-v2 collector=conduit type=conduit collector=conduit type=conduit params="map[end:2026-08-02T22:40:05.428Z query:rate(conduit_connector_bytes_sum{pipeline_name=\"archv2-parity\",type=\"destination\"}[2s])/1048576 start:2026-08-02T22:39:58.427Z step:1]" stats="&{Timings:{EvalTotalTime:3.0792e-05 ResultSortTime:1.67e-07 QueryPreparationTime:4.375e-06 InnerEvalTime:2.3416e-05 ExecQueueTime:8.75e-07 ExecTotalTime:3.3083e-05} Samples:0x140015dc6f0}" spanID=0000000000000000
time=2026-08-02T15:40:05.428-07:00 level=DEBUG msg="Query returned data" test=archv2-parity tool=conduit-v2 collector=conduit type=conduit collector=conduit type=conduit name=msg-megabytes-out-per-second[archv2-parity] series-count=1 last-value=0.6482674854464926
time=2026-08-02T15:40:05.461-07:00 level=DEBUG msg="Inspecting container" model=container-monitor name=benchi-conduit
time=2026-08-02T15:40:05.967-07:00 level=DEBUG msg="Inspecting container" model=container-monitor name=benchi-conduit
time=2026-08-02T15:40:06.428-07:00 level=DEBUG msg="promql query logged" test=archv2-parity tool=conduit-v2 collector=conduit type=conduit collector=conduit type=conduit params="map[end:2026-08-02T22:40:06.428Z query:rate(conduit_pipeline_execution_duration_seconds_count{pipeline_name=\"archv2-parity\"}[2s]) start:2026-08-02T22:39:58.427Z step:1]" stats="&{Timings:{EvalTotalTime:4.5958e-05 ResultSortTime:3.75e-07 QueryPreparationTime:1.4083e-05 InnerEvalTime:2.6916e-05 ExecQueueTime:2.625e-06 ExecTotalTime:5.2417e-05} Samples:0x140014ee9c0}" spanID=0000000000000000
time=2026-08-02T15:40:06.428-07:00 level=DEBUG msg="Query returned data" test=archv2-parity tool=conduit-v2 collector=conduit type=conduit collector=conduit type=conduit name=msg-rate-per-second[archv2-parity] series-count=1 last-value=22927.78335005015
time=2026-08-02T15:40:06.428-07:00 level=DEBUG msg="promql query logged" test=archv2-parity tool=conduit-v2 collector=conduit type=conduit collector=conduit type=conduit params="map[end:2026-08-02T22:40:06.428Z query:rate(conduit_connector_bytes_sum{pipeline_name=\"archv2-parity\",type=\"source\"}[2s])/1048576 start:2026-08-02T22:39:58.427Z step:1]" stats="&{Timings:{EvalTotalTime:6.8709e-05 ResultSortTime:2.92e-07 QueryPreparationTime:1.15e-05 InnerEvalTime:5.2667e-05 ExecQueueTime:1.75e-06 ExecTotalTime:7.4041e-05} Samples:0x140014ef020}" spanID=0000000000000000
time=2026-08-02T15:40:06.428-07:00 level=DEBUG msg="Query returned data" test=archv2-parity tool=conduit-v2 collector=conduit type=conduit collector=conduit type=conduit name=msg-megabytes-in-per-second[archv2-parity] series-count=1 last-value=0.6474511195329151
time=2026-08-02T15:40:06.428-07:00 level=DEBUG msg="promql query logged" test=archv2-parity tool=conduit-v2 collector=conduit type=conduit collector=conduit type=conduit params="map[end:2026-08-02T22:40:06.428Z query:rate(conduit_connector_bytes_sum{pipeline_name=\"archv2-parity\",type=\"destination\"}[2s])/1048576 start:2026-08-02T22:39:58.427Z step:1]" stats="&{Timings:{EvalTotalTime:3.2833e-05 ResultSortTime:1.67e-07 QueryPreparationTime:5.75e-06 InnerEvalTime:1.85e-05 ExecQueueTime:1.041e-06 ExecTotalTime:3.5208e-05} Samples:0x140014ef680}" spanID=0000000000000000
time=2026-08-02T15:40:06.428-07:00 level=DEBUG msg="Query returned data" test=archv2-parity tool=conduit-v2 collector=conduit type=conduit collector=conduit type=conduit name=msg-megabytes-out-per-second[archv2-parity] series-count=1 last-value=0.6474511195329151
time=2026-08-02T15:40:06.470-07:00 level=DEBUG msg="Inspecting container" model=container-monitor name=benchi-conduit
time=2026-08-02T15:40:06.975-07:00 level=DEBUG msg="Inspecting container" model=container-monitor name=benchi-conduit
time=2026-08-02T15:40:07.427-07:00 level=DEBUG msg="promql query logged" test=archv2-parity tool=conduit-v2 collector=conduit type=conduit collector=conduit type=conduit params="map[end:2026-08-02T22:40:07.427Z query:rate(conduit_pipeline_execution_duration_seconds_count{pipeline_name=\"archv2-parity\"}[2s]) start:2026-08-02T22:39:58.427Z step:1]" stats="&{Timings:{EvalTotalTime:4.6667e-05 ResultSortTime:2.5e-07 QueryPreparationTime:1.3875e-05 InnerEvalTime:2.8166e-05 ExecQueueTime:2.541e-06 ExecTotalTime:5.1583e-05} Samples:0x140016d25a0}" spanID=0000000000000000
time=2026-08-02T15:40:07.427-07:00 level=DEBUG msg="Query returned data" test=archv2-parity tool=conduit-v2 collector=conduit type=conduit collector=conduit type=conduit name=msg-rate-per-second[archv2-parity] series-count=1 last-value=23231
time=2026-08-02T15:40:07.427-07:00 level=DEBUG msg="promql query logged" test=archv2-parity tool=conduit-v2 collector=conduit type=conduit collector=conduit type=conduit params="map[end:2026-08-02T22:40:07.427Z query:rate(conduit_connector_bytes_sum{pipeline_name=\"archv2-parity\",type=\"source\"}[2s])/1048576 start:2026-08-02T22:39:58.427Z step:1]" stats="&{Timings:{EvalTotalTime:6.0042e-05 ResultSortTime:1.66e-07 QueryPreparationTime:1.1417e-05 InnerEvalTime:4.4625e-05 ExecQueueTime:9.99e-07 ExecTotalTime:6.2875e-05} Samples:0x140016d2c00}" spanID=0000000000000000
time=2026-08-02T15:40:07.427-07:00 level=DEBUG msg="Query returned data" test=archv2-parity tool=conduit-v2 collector=conduit type=conduit collector=conduit type=conduit name=msg-megabytes-in-per-second[archv2-parity] series-count=1 last-value=0.6574287414550781
time=2026-08-02T15:40:07.427-07:00 level=DEBUG msg="promql query logged" test=archv2-parity tool=conduit-v2 collector=conduit type=conduit collector=conduit type=conduit params="map[end:2026-08-02T22:40:07.427Z query:rate(conduit_connector_bytes_sum{pipeline_name=\"archv2-parity\",type=\"destination\"}[2s])/1048576 start:2026-08-02T22:39:58.427Z step:1]" stats="&{Timings:{EvalTotalTime:3.6541e-05 ResultSortTime:1.67e-07 QueryPreparationTime:5.542e-06 InnerEvalTime:2.7833e-05 ExecQueueTime:1.041e-06 ExecTotalTime:3.9042e-05} Samples:0x140016d3260}" spanID=0000000000000000
time=2026-08-02T15:40:07.427-07:00 level=DEBUG msg="Query returned data" test=archv2-parity tool=conduit-v2 collector=conduit type=conduit collector=conduit type=conduit name=msg-megabytes-out-per-second[archv2-parity] series-count=1 last-value=0.6574573516845703
time=2026-08-02T15:40:07.480-07:00 level=DEBUG msg="Inspecting container" model=container-monitor name=benchi-conduit
time=2026-08-02T15:40:07.984-07:00 level=DEBUG msg="Inspecting container" model=container-monitor name=benchi-conduit
time=2026-08-02T15:40:08.429-07:00 level=INFO msg="Test in progress" test=archv2-parity tool=conduit-v2 step=test time-left=50s
time=2026-08-02T15:40:08.429-07:00 level=DEBUG msg="promql query logged" test=archv2-parity tool=conduit-v2 collector=conduit type=conduit collector=conduit type=conduit params="map[end:2026-08-02T22:40:08.429Z query:rate(conduit_pipeline_execution_duration_seconds_count{pipeline_name=\"archv2-parity\"}[2s]) start:2026-08-02T22:39:58.427Z step:1]" stats="&{Timings:{EvalTotalTime:7.6166e-05 ResultSortTime:3.75e-07 QueryPreparationTime:2.2167e-05 InnerEvalTime:4.5333e-05 ExecQueueTime:3.041e-06 ExecTotalTime:8.3083e-05} Samples:0x1400157e510}" spanID=0000000000000000
time=2026-08-02T15:40:08.430-07:00 level=DEBUG msg="Query returned data" test=archv2-parity tool=conduit-v2 collector=conduit type=conduit collector=conduit type=conduit name=msg-rate-per-second[archv2-parity] series-count=1 last-value=22658
time=2026-08-02T15:40:08.430-07:00 level=DEBUG msg="promql query logged" test=archv2-parity tool=conduit-v2 collector=conduit type=conduit collector=conduit type=conduit params="map[end:2026-08-02T22:40:08.430Z query:rate(conduit_connector_bytes_sum{pipeline_name=\"archv2-parity\",type=\"source\"}[2s])/1048576 start:2026-08-02T22:39:58.427Z step:1]" stats="&{Timings:{EvalTotalTime:9.4125e-05 ResultSortTime:2.5e-07 QueryPreparationTime:9.583e-06 InnerEvalTime:7.9875e-05 ExecQueueTime:1.084e-06 ExecTotalTime:9.7542e-05} Samples:0x1400157ed50}" spanID=0000000000000000
time=2026-08-02T15:40:08.430-07:00 level=DEBUG msg="Query returned data" test=archv2-parity tool=conduit-v2 collector=conduit type=conduit collector=conduit type=conduit name=msg-megabytes-in-per-second[archv2-parity] series-count=1 last-value=0.640589714050293
time=2026-08-02T15:40:08.430-07:00 level=DEBUG msg="promql query logged" test=archv2-parity tool=conduit-v2 collector=conduit type=conduit collector=conduit type=conduit params="map[end:2026-08-02T22:40:08.430Z query:rate(conduit_connector_bytes_sum{pipeline_name=\"archv2-parity\",type=\"destination\"}[2s])/1048576 start:2026-08-02T22:39:58.427Z step:1]" stats="&{Timings:{EvalTotalTime:3.0583e-05 ResultSortTime:1.67e-07 QueryPreparationTime:5.417e-06 InnerEvalTime:2.1542e-05 ExecQueueTime:9.16e-07 ExecTotalTime:3.3167e-05} Samples:0x1400157f3b0}" spanID=0000000000000000
time=2026-08-02T15:40:08.430-07:00 level=DEBUG msg="Query returned data" test=archv2-parity tool=conduit-v2 collector=conduit type=conduit collector=conduit type=conduit name=msg-megabytes-out-per-second[archv2-parity] series-count=1 last-value=0.6405916213989258
time=2026-08-02T15:40:08.494-07:00 level=DEBUG msg="Inspecting container" model=container-monitor name=benchi-conduit
time=2026-08-02T15:40:09.000-07:00 level=DEBUG msg="Inspecting container" model=container-monitor name=benchi-conduit
time=2026-08-02T15:40:09.427-07:00 level=DEBUG msg="promql query logged" test=archv2-parity tool=conduit-v2 collector=conduit type=conduit collector=conduit type=conduit params="map[end:2026-08-02T22:40:09.427Z query:rate(conduit_pipeline_execution_duration_seconds_count{pipeline_name=\"archv2-parity\"}[2s]) start:2026-08-02T22:39:58.427Z step:1]" stats="&{Timings:{EvalTotalTime:6.6875e-05 ResultSortTime:4.17e-07 QueryPreparationTime:2.0875e-05 InnerEvalTime:3.8917e-05 ExecQueueTime:3.958e-06 ExecTotalTime:7.4583e-05} Samples:0x140016d35c0}" spanID=0000000000000000
time=2026-08-02T15:40:09.427-07:00 level=DEBUG msg="Query returned data" test=archv2-parity tool=conduit-v2 collector=conduit type=conduit collector=conduit type=conduit name=msg-rate-per-second[archv2-parity] series-count=1 last-value=21761
time=2026-08-02T15:40:09.427-07:00 level=DEBUG msg="promql query logged" test=archv2-parity tool=conduit-v2 collector=conduit type=conduit collector=conduit type=conduit params="map[end:2026-08-02T22:40:09.427Z query:rate(conduit_connector_bytes_sum{pipeline_name=\"archv2-parity\",type=\"source\"}[2s])/1048576 start:2026-08-02T22:39:58.427Z step:1]" stats="&{Timings:{EvalTotalTime:6.3167e-05 ResultSortTime:2.5e-07 QueryPreparationTime:1.4708e-05 InnerEvalTime:4.3083e-05 ExecQueueTime:1.708e-06 ExecTotalTime:6.9209e-05} Samples:0x140016d3da0}" spanID=0000000000000000
time=2026-08-02T15:40:09.427-07:00 level=DEBUG msg="Query returned data" test=archv2-parity tool=conduit-v2 collector=conduit type=conduit collector=conduit type=conduit name=msg-megabytes-in-per-second[archv2-parity] series-count=1 last-value=0.6152839660644531
time=2026-08-02T15:40:09.431-07:00 level=DEBUG msg="promql query logged" test=archv2-parity tool=conduit-v2 collector=conduit type=conduit collector=conduit type=conduit params="map[end:2026-08-02T22:40:09.427Z query:rate(conduit_connector_bytes_sum{pipeline_name=\"archv2-parity\",type=\"destination\"}[2s])/1048576 start:2026-08-02T22:39:58.427Z step:1]" stats="&{Timings:{EvalTotalTime:0.003184125 ResultSortTime:4.59e-07 QueryPreparationTime:0.003129542 InnerEvalTime:4.4333e-05 ExecQueueTime:2.042e-06 ExecTotalTime:0.003192292} Samples:0x1400163e480}" spanID=0000000000000000
time=2026-08-02T15:40:09.435-07:00 level=DEBUG msg="Query returned data" test=archv2-parity tool=conduit-v2 collector=conduit type=conduit collector=conduit type=conduit name=msg-megabytes-out-per-second[archv2-parity] series-count=1 last-value=0.6152534484863281
time=2026-08-02T15:40:09.513-07:00 level=DEBUG msg="Inspecting container" model=container-monitor name=benchi-conduit
time=2026-08-02T15:40:10.022-07:00 level=DEBUG msg="Inspecting container" model=container-monitor name=benchi-conduit
time=2026-08-02T15:40:10.427-07:00 level=DEBUG msg="promql query logged" test=archv2-parity tool=conduit-v2 collector=conduit type=conduit collector=conduit type=conduit params="map[end:2026-08-02T22:40:10.427Z query:rate(conduit_pipeline_execution_duration_seconds_count{pipeline_name=\"archv2-parity\"}[2s]) start:2026-08-02T22:39:58.427Z step:1]" stats="&{Timings:{EvalTotalTime:9.9458e-05 ResultSortTime:7.5e-07 QueryPreparationTime:2.4042e-05 InnerEvalTime:6.8583e-05 ExecQueueTime:3.375e-06 ExecTotalTime:0.000105458} Samples:0x140009ca4b0}" spanID=0000000000000000
time=2026-08-02T15:40:10.427-07:00 level=DEBUG msg="Query returned data" test=archv2-parity tool=conduit-v2 collector=conduit type=conduit collector=conduit type=conduit name=msg-rate-per-second[archv2-parity] series-count=1 last-value=20730
time=2026-08-02T15:40:10.427-07:00 level=DEBUG msg="promql query logged" test=archv2-parity tool=conduit-v2 collector=conduit type=conduit collector=conduit type=conduit params="map[end:2026-08-02T22:40:10.427Z query:rate(conduit_connector_bytes_sum{pipeline_name=\"archv2-parity\",type=\"source\"}[2s])/1048576 start:2026-08-02T22:39:58.427Z step:1]" stats="&{Timings:{EvalTotalTime:4.3791e-05 ResultSortTime:1.25e-07 QueryPreparationTime:9.5e-06 InnerEvalTime:3.0916e-05 ExecQueueTime:9.16e-07 ExecTotalTime:4.6458e-05} Samples:0x140009cb530}" spanID=0000000000000000
time=2026-08-02T15:40:10.427-07:00 level=DEBUG msg="Query returned data" test=archv2-parity tool=conduit-v2 collector=conduit type=conduit collector=conduit type=conduit name=msg-megabytes-in-per-second[archv2-parity] series-count=1 last-value=0.5860376358032227
time=2026-08-02T15:40:10.427-07:00 level=DEBUG msg="promql query logged" test=archv2-parity tool=conduit-v2 collector=conduit type=conduit collector=conduit type=conduit params="map[end:2026-08-02T22:40:10.427Z query:rate(conduit_connector_bytes_sum{pipeline_name=\"archv2-parity\",type=\"destination\"}[2s])/1048576 start:2026-08-02T22:39:58.427Z step:1]" stats="&{Timings:{EvalTotalTime:4.1792e-05 ResultSortTime:2.92e-07 QueryPreparationTime:8.125e-06 InnerEvalTime:2.775e-05 ExecQueueTime:1.541e-06 ExecTotalTime:6.5583e-05} Samples:0x140009cbd40}" spanID=0000000000000000
time=2026-08-02T15:40:10.428-07:00 level=DEBUG msg="Query returned data" test=archv2-parity tool=conduit-v2 collector=conduit type=conduit collector=conduit type=conduit name=msg-megabytes-out-per-second[archv2-parity] series-count=1 last-value=0.5860376358032227
time=2026-08-02T15:40:10.535-07:00 level=DEBUG msg="Inspecting container" model=container-monitor name=benchi-conduit
time=2026-08-02T15:40:11.043-07:00 level=DEBUG msg="Inspecting container" model=container-monitor name=benchi-conduit
time=2026-08-02T15:40:11.429-07:00 level=DEBUG msg="promql query logged" test=archv2-parity tool=conduit-v2 collector=conduit type=conduit collector=conduit type=conduit params="map[end:2026-08-02T22:40:11.428Z query:rate(conduit_pipeline_execution_duration_seconds_count{pipeline_name=\"archv2-parity\"}[2s]) start:2026-08-02T22:39:58.427Z step:1]" stats="&{Timings:{EvalTotalTime:5.4208e-05 ResultSortTime:3.75e-07 QueryPreparationTime:1.5875e-05 InnerEvalTime:3.3083e-05 ExecQueueTime:2.667e-06 ExecTotalTime:5.9208e-05} Samples:0x14000774720}" spanID=0000000000000000
time=2026-08-02T15:40:11.429-07:00 level=DEBUG msg="Query returned data" test=archv2-parity tool=conduit-v2 collector=conduit type=conduit collector=conduit type=conduit name=msg-rate-per-second[archv2-parity] series-count=1 last-value=19460
time=2026-08-02T15:40:11.429-07:00 level=DEBUG msg="promql query logged" test=archv2-parity tool=conduit-v2 collector=conduit type=conduit collector=conduit type=conduit params="map[end:2026-08-02T22:40:11.429Z query:rate(conduit_connector_bytes_sum{pipeline_name=\"archv2-parity\",type=\"source\"}[2s])/1048576 start:2026-08-02T22:39:58.427Z step:1]" stats="&{Timings:{EvalTotalTime:4.0417e-05 ResultSortTime:1.25e-07 QueryPreparationTime:6.959e-06 InnerEvalTime:3.025e-05 ExecQueueTime:8.74e-07 ExecTotalTime:4.2583e-05} Samples:0x140007756e0}" spanID=0000000000000000
time=2026-08-02T15:40:11.429-07:00 level=DEBUG msg="Query returned data" test=archv2-parity tool=conduit-v2 collector=conduit type=conduit collector=conduit type=conduit name=msg-megabytes-in-per-second[archv2-parity] series-count=1 last-value=0.5495204925537109
time=2026-08-02T15:40:11.429-07:00 level=DEBUG msg="promql query logged" test=archv2-parity tool=conduit-v2 collector=conduit type=conduit collector=conduit type=conduit params="map[end:2026-08-02T22:40:11.429Z query:rate(conduit_connector_bytes_sum{pipeline_name=\"archv2-parity\",type=\"destination\"}[2s])/1048576 start:2026-08-02T22:39:58.427Z step:1]" stats="&{Timings:{EvalTotalTime:3.5083e-05 ResultSortTime:1.25e-07 QueryPreparationTime:5.209e-06 InnerEvalTime:1.8917e-05 ExecQueueTime:7.92e-07 ExecTotalTime:3.7083e-05} Samples:0x14000775d70}" spanID=0000000000000000
time=2026-08-02T15:40:11.429-07:00 level=DEBUG msg="Query returned data" test=archv2-parity tool=conduit-v2 collector=conduit type=conduit collector=conduit type=conduit name=msg-megabytes-out-per-second[archv2-parity] series-count=1 last-value=0.5495443344116211
time=2026-08-02T15:40:11.550-07:00 level=DEBUG msg="Inspecting container" model=container-monitor name=benchi-conduit
time=2026-08-02T15:40:12.058-07:00 level=DEBUG msg="Inspecting container" model=container-monitor name=benchi-conduit
time=2026-08-02T15:40:12.429-07:00 level=DEBUG msg="promql query logged" test=archv2-parity tool=conduit-v2 collector=conduit type=conduit collector=conduit type=conduit params="map[end:2026-08-02T22:40:12.428Z query:rate(conduit_pipeline_execution_duration_seconds_count{pipeline_name=\"archv2-parity\"}[2s]) start:2026-08-02T22:39:58.427Z step:1]" stats="&{Timings:{EvalTotalTime:0.000248458 ResultSortTime:7.5e-07 QueryPreparationTime:0.000117917 InnerEvalTime:0.0001185 ExecQueueTime:4.624e-06 ExecTotalTime:0.000258542} Samples:0x140007b0120}" spanID=0000000000000000
time=2026-08-02T15:40:12.429-07:00 level=DEBUG msg="Query returned data" test=archv2-parity tool=conduit-v2 collector=conduit type=conduit collector=conduit type=conduit name=msg-rate-per-second[archv2-parity] series-count=1 last-value=22807
time=2026-08-02T15:40:12.429-07:00 level=DEBUG msg="promql query logged" test=archv2-parity tool=conduit-v2 collector=conduit type=conduit collector=conduit type=conduit params="map[end:2026-08-02T22:40:12.429Z query:rate(conduit_connector_bytes_sum{pipeline_name=\"archv2-parity\",type=\"source\"}[2s])/1048576 start:2026-08-02T22:39:58.427Z step:1]" stats="&{Timings:{EvalTotalTime:8.35e-05 ResultSortTime:4.17e-07 QueryPreparationTime:2.0041e-05 InnerEvalTime:5.7625e-05 ExecQueueTime:2.458e-06 ExecTotalTime:8.9333e-05} Samples:0x140007b0f30}" spanID=0000000000000000
time=2026-08-02T15:40:12.429-07:00 level=DEBUG msg="Query returned data" test=archv2-parity tool=conduit-v2 collector=conduit type=conduit collector=conduit type=conduit name=msg-megabytes-in-per-second[archv2-parity] series-count=1 last-value=0.6438989639282227
time=2026-08-02T15:40:12.429-07:00 level=DEBUG msg="promql query logged" test=archv2-parity tool=conduit-v2 collector=conduit type=conduit collector=conduit type=conduit params="map[end:2026-08-02T22:40:12.429Z query:rate(conduit_connector_bytes_sum{pipeline_name=\"archv2-parity\",type=\"destination\"}[2s])/1048576 start:2026-08-02T22:39:58.427Z step:1]" stats="&{Timings:{EvalTotalTime:5.4084e-05 ResultSortTime:2.5e-07 QueryPreparationTime:1.2917e-05 InnerEvalTime:3.6417e-05 ExecQueueTime:1.666e-06 ExecTotalTime:5.7542e-05} Samples:0x140007b15f0}" spanID=0000000000000000
time=2026-08-02T15:40:12.429-07:00 level=DEBUG msg="Query returned data" test=archv2-parity tool=conduit-v2 collector=conduit type=conduit collector=conduit type=conduit name=msg-megabytes-out-per-second[archv2-parity] series-count=1 last-value=0.6439037322998047
time=2026-08-02T15:40:12.567-07:00 level=DEBUG msg="Inspecting container" model=container-monitor name=benchi-conduit
time=2026-08-02T15:40:13.077-07:00 level=DEBUG msg="Inspecting container" model=container-monitor name=benchi-conduit
time=2026-08-02T15:40:13.428-07:00 level=INFO msg="Test in progress" test=archv2-parity tool=conduit-v2 step=test time-left=45s
time=2026-08-02T15:40:13.429-07:00 level=DEBUG msg="promql query logged" test=archv2-parity tool=conduit-v2 collector=conduit type=conduit collector=conduit type=conduit params="map[end:2026-08-02T22:40:13.428Z query:rate(conduit_pipeline_execution_duration_seconds_count{pipeline_name=\"archv2-parity\"}[2s]) start:2026-08-02T22:39:58.427Z step:1]" stats="&{Timings:{EvalTotalTime:0.00010025 ResultSortTime:3.34e-07 QueryPreparationTime:4.7291e-05 InnerEvalTime:4.5209e-05 ExecQueueTime:3.084e-06 ExecTotalTime:0.0001065} Samples:0x14000717020}" spanID=0000000000000000
time=2026-08-02T15:40:13.429-07:00 level=DEBUG msg="Query returned data" test=archv2-parity tool=conduit-v2 collector=conduit type=conduit collector=conduit type=conduit name=msg-rate-per-second[archv2-parity] series-count=1 last-value=18786
time=2026-08-02T15:40:13.429-07:00 level=DEBUG msg="promql query logged" test=archv2-parity tool=conduit-v2 collector=conduit type=conduit collector=conduit type=conduit params="map[end:2026-08-02T22:40:13.429Z query:rate(conduit_connector_bytes_sum{pipeline_name=\"archv2-parity\",type=\"source\"}[2s])/1048576 start:2026-08-02T22:39:58.427Z step:1]" stats="&{Timings:{EvalTotalTime:6.025e-05 ResultSortTime:1.67e-07 QueryPreparationTime:1.4291e-05 InnerEvalTime:4.1417e-05 ExecQueueTime:1.2334e-05 ExecTotalTime:6.6167e-05} Samples:0x140007176e0}" spanID=0000000000000000
time=2026-08-02T15:40:13.429-07:00 level=DEBUG msg="Query returned data" test=archv2-parity tool=conduit-v2 collector=conduit type=conduit collector=conduit type=conduit name=msg-megabytes-in-per-second[archv2-parity] series-count=1 last-value=0.53082275390625
time=2026-08-02T15:40:13.429-07:00 level=DEBUG msg="promql query logged" test=archv2-parity tool=conduit-v2 collector=conduit type=conduit collector=conduit type=conduit params="map[end:2026-08-02T22:40:13.429Z query:rate(conduit_connector_bytes_sum{pipeline_name=\"archv2-parity\",type=\"destination\"}[2s])/1048576 start:2026-08-02T22:39:58.427Z step:1]" stats="&{Timings:{EvalTotalTime:5.7625e-05 ResultSortTime:2.09e-07 QueryPreparationTime:5.083e-06 InnerEvalTime:4.9208e-05 ExecQueueTime:7.92e-07 ExecTotalTime:6.0041e-05} Samples:0x14000abe3f0}" spanID=0000000000000000
time=2026-08-02T15:40:13.429-07:00 level=DEBUG msg="Query returned data" test=archv2-parity tool=conduit-v2 collector=conduit type=conduit collector=conduit type=conduit name=msg-megabytes-out-per-second[archv2-parity] series-count=1 last-value=0.5308303833007812
time=2026-08-02T15:40:13.587-07:00 level=DEBUG msg="Inspecting container" model=container-monitor name=benchi-conduit
time=2026-08-02T15:40:14.094-07:00 level=DEBUG msg="Inspecting container" model=container-monitor name=benchi-conduit
time=2026-08-02T15:40:14.429-07:00 level=DEBUG msg="promql query logged" test=archv2-parity tool=conduit-v2 collector=conduit type=conduit collector=conduit type=conduit params="map[end:2026-08-02T22:40:14.428Z query:rate(conduit_pipeline_execution_duration_seconds_count{pipeline_name=\"archv2-parity\"}[2s]) start:2026-08-02T22:39:58.427Z step:1]" stats="&{Timings:{EvalTotalTime:0.000114625 ResultSortTime:1.208e-06 QueryPreparationTime:3.2875e-05 InnerEvalTime:6.4583e-05 ExecQueueTime:6.167e-06 ExecTotalTime:0.000125083} Samples:0x1400143b170}" spanID=0000000000000000
time=2026-08-02T15:40:14.429-07:00 level=DEBUG msg="Query returned data" test=archv2-parity tool=conduit-v2 collector=conduit type=conduit collector=conduit type=conduit name=msg-rate-per-second[archv2-parity] series-count=1 last-value=20784
time=2026-08-02T15:40:14.429-07:00 level=DEBUG msg="promql query logged" test=archv2-parity tool=conduit-v2 collector=conduit type=conduit collector=conduit type=conduit params="map[end:2026-08-02T22:40:14.429Z query:rate(conduit_connector_bytes_sum{pipeline_name=\"archv2-parity\",type=\"source\"}[2s])/1048576 start:2026-08-02T22:39:58.427Z step:1]" stats="&{Timings:{EvalTotalTime:6.8209e-05 ResultSortTime:2.5e-07 QueryPreparationTime:1.2208e-05 InnerEvalTime:5.1708e-05 ExecQueueTime:1.791e-06 ExecTotalTime:7.25e-05} Samples:0x1400143b7d0}" spanID=0000000000000000
time=2026-08-02T15:40:14.429-07:00 level=DEBUG msg="Query returned data" test=archv2-parity tool=conduit-v2 collector=conduit type=conduit collector=conduit type=conduit name=msg-megabytes-in-per-second[archv2-parity] series-count=1 last-value=0.5877313613891602
time=2026-08-02T15:40:14.429-07:00 level=DEBUG msg="promql query logged" test=archv2-parity tool=conduit-v2 collector=conduit type=conduit collector=conduit type=conduit params="map[end:2026-08-02T22:40:14.429Z query:rate(conduit_connector_bytes_sum{pipeline_name=\"archv2-parity\",type=\"destination\"}[2s])/1048576 start:2026-08-02T22:39:58.427Z step:1]" stats="&{Timings:{EvalTotalTime:4.2584e-05 ResultSortTime:1.25e-07 QueryPreparationTime:9.833e-06 InnerEvalTime:2.9167e-05 ExecQueueTime:9.16e-07 ExecTotalTime:4.5459e-05} Samples:0x1400143be60}" spanID=0000000000000000
time=2026-08-02T15:40:14.429-07:00 level=DEBUG msg="Query returned data" test=archv2-parity tool=conduit-v2 collector=conduit type=conduit collector=conduit type=conduit name=msg-megabytes-out-per-second[archv2-parity] series-count=1 last-value=0.5876951217651367
time=2026-08-02T15:40:14.602-07:00 level=DEBUG msg="Inspecting container" model=container-monitor name=benchi-conduit
time=2026-08-02T15:40:15.109-07:00 level=DEBUG msg="Inspecting container" model=container-monitor name=benchi-conduit
time=2026-08-02T15:40:15.427-07:00 level=DEBUG msg="promql query logged" test=archv2-parity tool=conduit-v2 collector=conduit type=conduit collector=conduit type=conduit params="map[end:2026-08-02T22:40:15.427Z query:rate(conduit_pipeline_execution_duration_seconds_count{pipeline_name=\"archv2-parity\"}[2s]) start:2026-08-02T22:39:58.427Z step:1]" stats="&{Timings:{EvalTotalTime:6.2458e-05 ResultSortTime:6.25e-07 QueryPreparationTime:1.7792e-05 InnerEvalTime:3.875e-05 ExecQueueTime:3e-06 ExecTotalTime:6.9083e-05} Samples:0x140017a8180}" spanID=0000000000000000
time=2026-08-02T15:40:15.427-07:00 level=DEBUG msg="Query returned data" test=archv2-parity tool=conduit-v2 collector=conduit type=conduit collector=conduit type=conduit name=msg-rate-per-second[archv2-parity] series-count=1 last-value=19353.938185443672
time=2026-08-02T15:40:15.427-07:00 level=DEBUG msg="promql query logged" test=archv2-parity tool=conduit-v2 collector=conduit type=conduit collector=conduit type=conduit params="map[end:2026-08-02T22:40:15.427Z query:rate(conduit_connector_bytes_sum{pipeline_name=\"archv2-parity\",type=\"source\"}[2s])/1048576 start:2026-08-02T22:39:58.427Z step:1]" stats="&{Timings:{EvalTotalTime:4.5417e-05 ResultSortTime:2.08e-07 QueryPreparationTime:8.333e-06 InnerEvalTime:3.4125e-05 ExecQueueTime:1.584e-06 ExecTotalTime:4.8375e-05} Samples:0x140017a8ba0}" spanID=0000000000000000
time=2026-08-02T15:40:15.428-07:00 level=DEBUG msg="Query returned data" test=archv2-parity tool=conduit-v2 collector=conduit type=conduit collector=conduit type=conduit name=msg-megabytes-in-per-second[archv2-parity] series-count=1 last-value=0.5475459759637105
time=2026-08-02T15:40:15.428-07:00 level=DEBUG msg="promql query logged" test=archv2-parity tool=conduit-v2 collector=conduit type=conduit collector=conduit type=conduit params="map[end:2026-08-02T22:40:15.428Z query:rate(conduit_connector_bytes_sum{pipeline_name=\"archv2-parity\",type=\"destination\"}[2s])/1048576 start:2026-08-02T22:39:58.427Z step:1]" stats="&{Timings:{EvalTotalTime:1.9666e-05 ResultSortTime:8.3e-08 QueryPreparationTime:3.792e-06 InnerEvalTime:1.4083e-05 ExecQueueTime:9.58e-07 ExecTotalTime:2.2208e-05} Samples:0x140012334d0}" spanID=0000000000000000
time=2026-08-02T15:40:15.428-07:00 level=DEBUG msg="Query returned data" test=archv2-parity tool=conduit-v2 collector=conduit type=conduit collector=conduit type=conduit name=msg-megabytes-out-per-second[archv2-parity] series-count=1 last-value=0.5475459759637105
time=2026-08-02T15:40:15.614-07:00 level=DEBUG msg="Inspecting container" model=container-monitor name=benchi-conduit
time=2026-08-02T15:40:16.120-07:00 level=DEBUG msg="Inspecting container" model=container-monitor name=benchi-conduit
time=2026-08-02T15:40:16.428-07:00 level=DEBUG msg="promql query logged" test=archv2-parity tool=conduit-v2 collector=conduit type=conduit collector=conduit type=conduit params="map[end:2026-08-02T22:40:16.428Z query:rate(conduit_pipeline_execution_duration_seconds_count{pipeline_name=\"archv2-parity\"}[2s]) start:2026-08-02T22:39:58.427Z step:1]" stats="&{Timings:{EvalTotalTime:0.000257791 ResultSortTime:1.625e-06 QueryPreparationTime:3.0167e-05 InnerEvalTime:0.000209292 ExecQueueTime:5.666e-06 ExecTotalTime:0.0002705} Samples:0x140012b3650}" spanID=0000000000000000
time=2026-08-02T15:40:16.431-07:00 level=DEBUG msg="Query returned data" test=archv2-parity tool=conduit-v2 collector=conduit type=conduit collector=conduit type=conduit name=msg-rate-per-second[archv2-parity] series-count=1 last-value=20265.79739217653
time=2026-08-02T15:40:16.431-07:00 level=DEBUG msg="promql query logged" test=archv2-parity tool=conduit-v2 collector=conduit type=conduit collector=conduit type=conduit params="map[end:2026-08-02T22:40:16.431Z query:rate(conduit_connector_bytes_sum{pipeline_name=\"archv2-parity\",type=\"source\"}[2s])/1048576 start:2026-08-02T22:39:58.427Z step:1]" stats="&{Timings:{EvalTotalTime:6.4209e-05 ResultSortTime:2.5e-07 QueryPreparationTime:1.625e-05 InnerEvalTime:4.4084e-05 ExecQueueTime:2.917e-06 ExecTotalTime:6.8334e-05} Samples:0x140012b3cb0}" spanID=0000000000000000
time=2026-08-02T15:40:16.431-07:00 level=DEBUG msg="Query returned data" test=archv2-parity tool=conduit-v2 collector=conduit type=conduit collector=conduit type=conduit name=msg-megabytes-in-per-second[archv2-parity] series-count=1 last-value=0.5729047800138697
time=2026-08-02T15:40:16.431-07:00 level=DEBUG msg="promql query logged" test=archv2-parity tool=conduit-v2 collector=conduit type=conduit collector=conduit type=conduit params="map[end:2026-08-02T22:40:16.431Z query:rate(conduit_connector_bytes_sum{pipeline_name=\"archv2-parity\",type=\"destination\"}[2s])/1048576 start:2026-08-02T22:39:58.427Z step:1]" stats="&{Timings:{EvalTotalTime:3.5167e-05 ResultSortTime:1.25e-07 QueryPreparationTime:4.708e-06 InnerEvalTime:2.6875e-05 ExecQueueTime:4.58e-07 ExecTotalTime:3.875e-05} Samples:0x140013b8390}" spanID=0000000000000000
time=2026-08-02T15:40:16.431-07:00 level=DEBUG msg="Query returned data" test=archv2-parity tool=conduit-v2 collector=conduit type=conduit collector=conduit type=conduit name=msg-megabytes-out-per-second[archv2-parity] series-count=1 last-value=0.5729373025081103
time=2026-08-02T15:40:16.626-07:00 level=DEBUG msg="Inspecting container" model=container-monitor name=benchi-conduit
time=2026-08-02T15:40:17.140-07:00 level=DEBUG msg="Inspecting container" model=container-monitor name=benchi-conduit
time=2026-08-02T15:40:17.427-07:00 level=DEBUG msg="promql query logged" test=archv2-parity tool=conduit-v2 collector=conduit type=conduit collector=conduit type=conduit params="map[end:2026-08-02T22:40:17.427Z query:rate(conduit_pipeline_execution_duration_seconds_count{pipeline_name=\"archv2-parity\"}[2s]) start:2026-08-02T22:39:58.427Z step:1]" stats="&{Timings:{EvalTotalTime:6.2292e-05 ResultSortTime:5.42e-07 QueryPreparationTime:1.7375e-05 InnerEvalTime:3.8916e-05 ExecQueueTime:2.625e-06 ExecTotalTime:6.8e-05} Samples:0x140012e6150}" spanID=0000000000000000
time=2026-08-02T15:40:17.427-07:00 level=DEBUG msg="Query returned data" test=archv2-parity tool=conduit-v2 collector=conduit type=conduit collector=conduit type=conduit name=msg-rate-per-second[archv2-parity] series-count=1 last-value=18775
time=2026-08-02T15:40:17.427-07:00 level=DEBUG msg="promql query logged" test=archv2-parity tool=conduit-v2 collector=conduit type=conduit collector=conduit type=conduit params="map[end:2026-08-02T22:40:17.427Z query:rate(conduit_connector_bytes_sum{pipeline_name=\"archv2-parity\",type=\"source\"}[2s])/1048576 start:2026-08-02T22:39:58.427Z step:1]" stats="&{Timings:{EvalTotalTime:5.2291e-05 ResultSortTime:1.67e-07 QueryPreparationTime:8.958e-06 InnerEvalTime:3.9e-05 ExecQueueTime:1.25e-06 ExecTotalTime:5.7416e-05} Samples:0x140012e67b0}" spanID=0000000000000000
time=2026-08-02T15:40:17.427-07:00 level=DEBUG msg="Query returned data" test=archv2-parity tool=conduit-v2 collector=conduit type=conduit collector=conduit type=conduit name=msg-megabytes-in-per-second[archv2-parity] series-count=1 last-value=0.5304412841796875
time=2026-08-02T15:40:17.427-07:00 level=DEBUG msg="promql query logged" test=archv2-parity tool=conduit-v2 collector=conduit type=conduit collector=conduit type=conduit params="map[end:2026-08-02T22:40:17.427Z query:rate(conduit_connector_bytes_sum{pipeline_name=\"archv2-parity\",type=\"destination\"}[2s])/1048576 start:2026-08-02T22:39:58.427Z step:1]" stats="&{Timings:{EvalTotalTime:3.7291e-05 ResultSortTime:8.3e-08 QueryPreparationTime:5.792e-06 InnerEvalTime:2.8083e-05 ExecQueueTime:9.59e-07 ExecTotalTime:3.9625e-05} Samples:0x140012e6e10}" spanID=0000000000000000
time=2026-08-02T15:40:17.427-07:00 level=DEBUG msg="Query returned data" test=archv2-parity tool=conduit-v2 collector=conduit type=conduit collector=conduit type=conduit name=msg-megabytes-out-per-second[archv2-parity] series-count=1 last-value=0.5304088592529297
time=2026-08-02T15:40:17.651-07:00 level=DEBUG msg="Inspecting container" model=container-monitor name=benchi-conduit
time=2026-08-02T15:40:18.159-07:00 level=DEBUG msg="Inspecting container" model=container-monitor name=benchi-conduit
time=2026-08-02T15:40:18.428-07:00 level=INFO msg="Test in progress" test=archv2-parity tool=conduit-v2 step=test time-left=40s
time=2026-08-02T15:40:18.429-07:00 level=DEBUG msg="promql query logged" test=archv2-parity tool=conduit-v2 collector=conduit type=conduit collector=conduit type=conduit params="map[end:2026-08-02T22:40:18.428Z query:rate(conduit_pipeline_execution_duration_seconds_count{pipeline_name=\"archv2-parity\"}[2s]) start:2026-08-02T22:39:58.427Z step:1]" stats="&{Timings:{EvalTotalTime:0.000696959 ResultSortTime:4.58e-07 QueryPreparationTime:1.7333e-05 InnerEvalTime:0.000670459 ExecQueueTime:2.374e-06 ExecTotalTime:0.000703875} Samples:0x1400136f440}" spanID=0000000000000000
time=2026-08-02T15:40:18.429-07:00 level=DEBUG msg="Query returned data" test=archv2-parity tool=conduit-v2 collector=conduit type=conduit collector=conduit type=conduit name=msg-rate-per-second[archv2-parity] series-count=1 last-value=19357
time=2026-08-02T15:40:18.429-07:00 level=DEBUG msg="promql query logged" test=archv2-parity tool=conduit-v2 collector=conduit type=conduit collector=conduit type=conduit params="map[end:2026-08-02T22:40:18.429Z query:rate(conduit_connector_bytes_sum{pipeline_name=\"archv2-parity\",type=\"source\"}[2s])/1048576 start:2026-08-02T22:39:58.427Z step:1]" stats="&{Timings:{EvalTotalTime:3.6625e-05 ResultSortTime:8.3e-08 QueryPreparationTime:9.875e-06 InnerEvalTime:2.45e-05 ExecQueueTime:1.083e-06 ExecTotalTime:3.8459e-05} Samples:0x1400136faa0}" spanID=0000000000000000
time=2026-08-02T15:40:18.429-07:00 level=DEBUG msg="Query returned data" test=archv2-parity tool=conduit-v2 collector=conduit type=conduit collector=conduit type=conduit name=msg-megabytes-in-per-second[archv2-parity] series-count=1 last-value=0.5463800430297852
time=2026-08-02T15:40:18.429-07:00 level=DEBUG msg="promql query logged" test=archv2-parity tool=conduit-v2 collector=conduit type=conduit collector=conduit type=conduit params="map[end:2026-08-02T22:40:18.429Z query:rate(conduit_connector_bytes_sum{pipeline_name=\"archv2-parity\",type=\"destination\"}[2s])/1048576 start:2026-08-02T22:39:58.427Z step:1]" stats="&{Timings:{EvalTotalTime:1.8792e-05 ResultSortTime:8.4e-08 QueryPreparationTime:2.834e-06 InnerEvalTime:1.4417e-05 ExecQueueTime:5e-07 ExecTotalTime:2e-05} Samples:0x1400135c180}" spanID=0000000000000000
time=2026-08-02T15:40:18.429-07:00 level=DEBUG msg="Query returned data" test=archv2-parity tool=conduit-v2 collector=conduit type=conduit collector=conduit type=conduit name=msg-megabytes-out-per-second[archv2-parity] series-count=1 last-value=0.5464134216308594
time=2026-08-02T15:40:18.670-07:00 level=DEBUG msg="Inspecting container" model=container-monitor name=benchi-conduit
time=2026-08-02T15:40:19.178-07:00 level=DEBUG msg="Inspecting container" model=container-monitor name=benchi-conduit
time=2026-08-02T15:40:19.428-07:00 level=DEBUG msg="promql query logged" test=archv2-parity tool=conduit-v2 collector=conduit type=conduit collector=conduit type=conduit params="map[end:2026-08-02T22:40:19.428Z query:rate(conduit_pipeline_execution_duration_seconds_count{pipeline_name=\"archv2-parity\"}[2s]) start:2026-08-02T22:39:58.427Z step:1]" stats="&{Timings:{EvalTotalTime:5.2958e-05 ResultSortTime:2.5e-07 QueryPreparationTime:1.45e-05 InnerEvalTime:3.3542e-05 ExecQueueTime:2.5e-06 ExecTotalTime:5.7667e-05} Samples:0x14001435110}" spanID=0000000000000000
time=2026-08-02T15:40:19.429-07:00 level=DEBUG msg="Query returned data" test=archv2-parity tool=conduit-v2 collector=conduit type=conduit collector=conduit type=conduit name=msg-rate-per-second[archv2-parity] series-count=1 last-value=20254
time=2026-08-02T15:40:19.429-07:00 level=DEBUG msg="promql query logged" test=archv2-parity tool=conduit-v2 collector=conduit type=conduit collector=conduit type=conduit params="map[end:2026-08-02T22:40:19.429Z query:rate(conduit_connector_bytes_sum{pipeline_name=\"archv2-parity\",type=\"source\"}[2s])/1048576 start:2026-08-02T22:39:58.427Z step:1]" stats="&{Timings:{EvalTotalTime:8.3084e-05 ResultSortTime:2.5e-07 QueryPreparationTime:3.2375e-05 InnerEvalTime:4.3208e-05 ExecQueueTime:1.541e-06 ExecTotalTime:8.725e-05} Samples:0x14001435770}" spanID=0000000000000000
time=2026-08-02T15:40:19.431-07:00 level=DEBUG msg="Query returned data" test=archv2-parity tool=conduit-v2 collector=conduit type=conduit collector=conduit type=conduit name=msg-megabytes-in-per-second[archv2-parity] series-count=1 last-value=0.5720396041870117
time=2026-08-02T15:40:19.431-07:00 level=DEBUG msg="promql query logged" test=archv2-parity tool=conduit-v2 collector=conduit type=conduit collector=conduit type=conduit params="map[end:2026-08-02T22:40:19.431Z query:rate(conduit_connector_bytes_sum{pipeline_name=\"archv2-parity\",type=\"destination\"}[2s])/1048576 start:2026-08-02T22:39:58.427Z step:1]" stats="&{Timings:{EvalTotalTime:4.9834e-05 ResultSortTime:2.92e-07 QueryPreparationTime:1.05e-05 InnerEvalTime:3.5e-05 ExecQueueTime:1.75e-06 ExecTotalTime:5.3292e-05} Samples:0x14001435dd0}" spanID=0000000000000000
time=2026-08-02T15:40:19.431-07:00 level=DEBUG msg="Query returned data" test=archv2-parity tool=conduit-v2 collector=conduit type=conduit collector=conduit type=conduit name=msg-megabytes-out-per-second[archv2-parity] series-count=1 last-value=0.5720853805541992
time=2026-08-02T15:40:19.687-07:00 level=DEBUG msg="Inspecting container" model=container-monitor name=benchi-conduit
time=2026-08-02T15:40:20.195-07:00 level=DEBUG msg="Inspecting container" model=container-monitor name=benchi-conduit
time=2026-08-02T15:40:20.427-07:00 level=DEBUG msg="promql query logged" test=archv2-parity tool=conduit-v2 collector=conduit type=conduit collector=conduit type=conduit params="map[end:2026-08-02T22:40:20.427Z query:rate(conduit_pipeline_execution_duration_seconds_count{pipeline_name=\"archv2-parity\"}[2s]) start:2026-08-02T22:39:58.427Z step:1]" stats="&{Timings:{EvalTotalTime:0.000108833 ResultSortTime:1.208e-06 QueryPreparationTime:3.5e-05 InnerEvalTime:6.3291e-05 ExecQueueTime:5.416e-06 ExecTotalTime:0.000118625} Samples:0x1400152f830}" spanID=0000000000000000
time=2026-08-02T15:40:20.428-07:00 level=DEBUG msg="Query returned data" test=archv2-parity tool=conduit-v2 collector=conduit type=conduit collector=conduit type=conduit name=msg-rate-per-second[archv2-parity] series-count=1 last-value=19794
time=2026-08-02T15:40:20.428-07:00 level=DEBUG msg="promql query logged" test=archv2-parity tool=conduit-v2 collector=conduit type=conduit collector=conduit type=conduit params="map[end:2026-08-02T22:40:20.428Z query:rate(conduit_connector_bytes_sum{pipeline_name=\"archv2-parity\",type=\"source\"}[2s])/1048576 start:2026-08-02T22:39:58.427Z step:1]" stats="&{Timings:{EvalTotalTime:9.8625e-05 ResultSortTime:3.75e-07 QueryPreparationTime:2.0833e-05 InnerEvalTime:7.0375e-05 ExecQueueTime:2.708e-06 ExecTotalTime:0.000134292} Samples:0x1400152fe90}" spanID=0000000000000000
time=2026-08-02T15:40:20.428-07:00 level=DEBUG msg="Query returned data" test=archv2-parity tool=conduit-v2 collector=conduit type=conduit collector=conduit type=conduit name=msg-megabytes-in-per-second[archv2-parity] series-count=1 last-value=0.5601911544799805
time=2026-08-02T15:40:20.428-07:00 level=DEBUG msg="promql query logged" test=archv2-parity tool=conduit-v2 collector=conduit type=conduit collector=conduit type=conduit params="map[end:2026-08-02T22:40:20.428Z query:rate(conduit_connector_bytes_sum{pipeline_name=\"archv2-parity\",type=\"destination\"}[2s])/1048576 start:2026-08-02T22:39:58.427Z step:1]" stats="&{Timings:{EvalTotalTime:6.4375e-05 ResultSortTime:2.5e-07 QueryPreparationTime:1.0625e-05 InnerEvalTime:4.5834e-05 ExecQueueTime:1.791e-06 ExecTotalTime:6.8333e-05} Samples:0x1400157a570}" spanID=0000000000000000
time=2026-08-02T15:40:20.428-07:00 level=DEBUG msg="Query returned data" test=archv2-parity tool=conduit-v2 collector=conduit type=conduit collector=conduit type=conduit name=msg-megabytes-out-per-second[archv2-parity] series-count=1 last-value=0.5601119995117188
time=2026-08-02T15:40:20.723-07:00 level=DEBUG msg="Inspecting container" model=container-monitor name=benchi-conduit
time=2026-08-02T15:40:21.227-07:00 level=DEBUG msg="Inspecting container" model=container-monitor name=benchi-conduit
time=2026-08-02T15:40:21.428-07:00 level=DEBUG msg="promql query logged" test=archv2-parity tool=conduit-v2 collector=conduit type=conduit collector=conduit type=conduit params="map[end:2026-08-02T22:40:21.428Z query:rate(conduit_pipeline_execution_duration_seconds_count{pipeline_name=\"archv2-parity\"}[2s]) start:2026-08-02T22:39:58.427Z step:1]" stats="&{Timings:{EvalTotalTime:8.5042e-05 ResultSortTime:5e-07 QueryPreparationTime:2.9e-05 InnerEvalTime:4.7833e-05 ExecQueueTime:4.459e-06 ExecTotalTime:9.3417e-05} Samples:0x14001258d80}" spanID=0000000000000000
time=2026-08-02T15:40:21.428-07:00 level=DEBUG msg="Query returned data" test=archv2-parity tool=conduit-v2 collector=conduit type=conduit collector=conduit type=conduit name=msg-rate-per-second[archv2-parity] series-count=1 last-value=20458
time=2026-08-02T15:40:21.429-07:00 level=DEBUG msg="promql query logged" test=archv2-parity tool=conduit-v2 collector=conduit type=conduit collector=conduit type=conduit params="map[end:2026-08-02T22:40:21.428Z query:rate(conduit_connector_bytes_sum{pipeline_name=\"archv2-parity\",type=\"source\"}[2s])/1048576 start:2026-08-02T22:39:58.427Z step:1]" stats="&{Timings:{EvalTotalTime:0.000137 ResultSortTime:5.42e-07 QueryPreparationTime:3.6917e-05 InnerEvalTime:9.1875e-05 ExecQueueTime:3.042e-06 ExecTotalTime:0.000144084} Samples:0x140012593e0}" spanID=0000000000000000
time=2026-08-02T15:40:21.429-07:00 level=DEBUG msg="Query returned data" test=archv2-parity tool=conduit-v2 collector=conduit type=conduit collector=conduit type=conduit name=msg-megabytes-in-per-second[archv2-parity] series-count=1 last-value=0.5775985717773438
time=2026-08-02T15:40:21.429-07:00 level=DEBUG msg="promql query logged" test=archv2-parity tool=conduit-v2 collector=conduit type=conduit collector=conduit type=conduit params="map[end:2026-08-02T22:40:21.429Z query:rate(conduit_connector_bytes_sum{pipeline_name=\"archv2-parity\",type=\"destination\"}[2s])/1048576 start:2026-08-02T22:39:58.427Z step:1]" stats="&{Timings:{EvalTotalTime:7.25e-05 ResultSortTime:3.75e-07 QueryPreparationTime:1.3667e-05 InnerEvalTime:5.2958e-05 ExecQueueTime:2.333e-06 ExecTotalTime:7.7208e-05} Samples:0x14001259a40}" spanID=0000000000000000
time=2026-08-02T15:40:21.429-07:00 level=DEBUG msg="Query returned data" test=archv2-parity tool=conduit-v2 collector=conduit type=conduit collector=conduit type=conduit name=msg-megabytes-out-per-second[archv2-parity] series-count=1 last-value=0.5776281356811523
time=2026-08-02T15:40:21.732-07:00 level=DEBUG msg="Inspecting container" model=container-monitor name=benchi-conduit
time=2026-08-02T15:40:22.240-07:00 level=DEBUG msg="Inspecting container" model=container-monitor name=benchi-conduit
time=2026-08-02T15:40:22.427-07:00 level=DEBUG msg="promql query logged" test=archv2-parity tool=conduit-v2 collector=conduit type=conduit collector=conduit type=conduit params="map[end:2026-08-02T22:40:22.427Z query:rate(conduit_pipeline_execution_duration_seconds_count{pipeline_name=\"archv2-parity\"}[2s]) start:2026-08-02T22:39:58.427Z step:1]" stats="&{Timings:{EvalTotalTime:0.000106417 ResultSortTime:8.33e-07 QueryPreparationTime:3.2708e-05 InnerEvalTime:6.4041e-05 ExecQueueTime:5.833e-06 ExecTotalTime:0.000116458} Samples:0x14001636d20}" spanID=0000000000000000
time=2026-08-02T15:40:22.428-07:00 level=DEBUG msg="Query returned data" test=archv2-parity tool=conduit-v2 collector=conduit type=conduit collector=conduit type=conduit name=msg-rate-per-second[archv2-parity] series-count=1 last-value=21129
time=2026-08-02T15:40:22.428-07:00 level=DEBUG msg="promql query logged" test=archv2-parity tool=conduit-v2 collector=conduit type=conduit collector=conduit type=conduit params="map[end:2026-08-02T22:40:22.428Z query:rate(conduit_connector_bytes_sum{pipeline_name=\"archv2-parity\",type=\"source\"}[2s])/1048576 start:2026-08-02T22:39:58.427Z step:1]" stats="&{Timings:{EvalTotalTime:8e-05 ResultSortTime:3.33e-07 QueryPreparationTime:1.4209e-05 InnerEvalTime:6.0583e-05 ExecQueueTime:1.959e-06 ExecTotalTime:8.575e-05} Samples:0x14001637380}" spanID=0000000000000000
time=2026-08-02T15:40:22.428-07:00 level=DEBUG msg="Query returned data" test=archv2-parity tool=conduit-v2 collector=conduit type=conduit collector=conduit type=conduit name=msg-megabytes-in-per-second[archv2-parity] series-count=1 last-value=0.5962448120117188
time=2026-08-02T15:40:22.428-07:00 level=DEBUG msg="promql query logged" test=archv2-parity tool=conduit-v2 collector=conduit type=conduit collector=conduit type=conduit params="map[end:2026-08-02T22:40:22.428Z query:rate(conduit_connector_bytes_sum{pipeline_name=\"archv2-parity\",type=\"destination\"}[2s])/1048576 start:2026-08-02T22:39:58.427Z step:1]" stats="&{Timings:{EvalTotalTime:5.4625e-05 ResultSortTime:2.92e-07 QueryPreparationTime:1.2208e-05 InnerEvalTime:3.825e-05 ExecQueueTime:1.126e-06 ExecTotalTime:5.9042e-05} Samples:0x140016379e0}" spanID=0000000000000000
time=2026-08-02T15:40:22.428-07:00 level=DEBUG msg="Query returned data" test=archv2-parity tool=conduit-v2 collector=conduit type=conduit collector=conduit type=conduit name=msg-megabytes-out-per-second[archv2-parity] series-count=1 last-value=0.5962152481079102
time=2026-08-02T15:40:22.748-07:00 level=DEBUG msg="Inspecting container" model=container-monitor name=benchi-conduit
time=2026-08-02T15:40:23.256-07:00 level=DEBUG msg="Inspecting container" model=container-monitor name=benchi-conduit
time=2026-08-02T15:40:23.427-07:00 level=INFO msg="Test in progress" test=archv2-parity tool=conduit-v2 step=test time-left=35s
time=2026-08-02T15:40:23.427-07:00 level=DEBUG msg="promql query logged" test=archv2-parity tool=conduit-v2 collector=conduit type=conduit collector=conduit type=conduit params="map[end:2026-08-02T22:40:23.427Z query:rate(conduit_pipeline_execution_duration_seconds_count{pipeline_name=\"archv2-parity\"}[2s]) start:2026-08-02T22:39:58.427Z step:1]" stats="&{Timings:{EvalTotalTime:6.1e-05 ResultSortTime:4.58e-07 QueryPreparationTime:2.0541e-05 InnerEvalTime:3.3833e-05 ExecQueueTime:2.708e-06 ExecTotalTime:6.5625e-05} Samples:0x140014c2ff0}" spanID=0000000000000000
time=2026-08-02T15:40:23.427-07:00 level=DEBUG msg="Query returned data" test=archv2-parity tool=conduit-v2 collector=conduit type=conduit collector=conduit type=conduit name=msg-rate-per-second[archv2-parity] series-count=1 last-value=19331
time=2026-08-02T15:40:23.427-07:00 level=DEBUG msg="promql query logged" test=archv2-parity tool=conduit-v2 collector=conduit type=conduit collector=conduit type=conduit params="map[end:2026-08-02T22:40:23.427Z query:rate(conduit_connector_bytes_sum{pipeline_name=\"archv2-parity\",type=\"source\"}[2s])/1048576 start:2026-08-02T22:39:58.427Z step:1]" stats="&{Timings:{EvalTotalTime:4.6042e-05 ResultSortTime:1.25e-07 QueryPreparationTime:6.166e-06 InnerEvalTime:3.6792e-05 ExecQueueTime:6.67e-07 ExecTotalTime:4.825e-05} Samples:0x140014c3650}" spanID=0000000000000000
time=2026-08-02T15:40:23.427-07:00 level=DEBUG msg="Query returned data" test=archv2-parity tool=conduit-v2 collector=conduit type=conduit collector=conduit type=conduit name=msg-megabytes-in-per-second[archv2-parity] series-count=1 last-value=0.5464401245117188
time=2026-08-02T15:40:23.427-07:00 level=DEBUG msg="promql query logged" test=archv2-parity tool=conduit-v2 collector=conduit type=conduit collector=conduit type=conduit params="map[end:2026-08-02T22:40:23.427Z query:rate(conduit_connector_bytes_sum{pipeline_name=\"archv2-parity\",type=\"destination\"}[2s])/1048576 start:2026-08-02T22:39:58.427Z step:1]" stats="&{Timings:{EvalTotalTime:3.3333e-05 ResultSortTime:1.25e-07 QueryPreparationTime:4.125e-06 InnerEvalTime:2.6667e-05 ExecQueueTime:7.49e-07 ExecTotalTime:3.5375e-05} Samples:0x140014c3cb0}" spanID=0000000000000000
time=2026-08-02T15:40:23.428-07:00 level=DEBUG msg="Query returned data" test=archv2-parity tool=conduit-v2 collector=conduit type=conduit collector=conduit type=conduit name=msg-megabytes-out-per-second[archv2-parity] series-count=1 last-value=0.5464954376220703
time=2026-08-02T15:40:23.762-07:00 level=DEBUG msg="Inspecting container" model=container-monitor name=benchi-conduit
time=2026-08-02T15:40:24.270-07:00 level=DEBUG msg="Inspecting container" model=container-monitor name=benchi-conduit
time=2026-08-02T15:40:24.427-07:00 level=DEBUG msg="promql query logged" test=archv2-parity tool=conduit-v2 collector=conduit type=conduit collector=conduit type=conduit params="map[end:2026-08-02T22:40:24.427Z query:rate(conduit_pipeline_execution_duration_seconds_count{pipeline_name=\"archv2-parity\"}[2s]) start:2026-08-02T22:39:58.427Z step:1]" stats="&{Timings:{EvalTotalTime:0.000112542 ResultSortTime:5e-07 QueryPreparationTime:3.3125e-05 InnerEvalTime:6.85e-05 ExecQueueTime:4.999e-06 ExecTotalTime:0.00012875} Samples:0x140012f7980}" spanID=0000000000000000
time=2026-08-02T15:40:24.427-07:00 level=DEBUG msg="Query returned data" test=archv2-parity tool=conduit-v2 collector=conduit type=conduit collector=conduit type=conduit name=msg-rate-per-second[archv2-parity] series-count=1 last-value=22161
time=2026-08-02T15:40:24.427-07:00 level=DEBUG msg="promql query logged" test=archv2-parity tool=conduit-v2 collector=conduit type=conduit collector=conduit type=conduit params="map[end:2026-08-02T22:40:24.427Z query:rate(conduit_connector_bytes_sum{pipeline_name=\"archv2-parity\",type=\"source\"}[2s])/1048576 start:2026-08-02T22:39:58.427Z step:1]" stats="&{Timings:{EvalTotalTime:8.7292e-05 ResultSortTime:2.92e-07 QueryPreparationTime:1.5416e-05 InnerEvalTime:6.4458e-05 ExecQueueTime:1.543e-06 ExecTotalTime:9.2208e-05} Samples:0x140013c6090}" spanID=0000000000000000
time=2026-08-02T15:40:24.428-07:00 level=DEBUG msg="Query returned data" test=archv2-parity tool=conduit-v2 collector=conduit type=conduit collector=conduit type=conduit name=msg-megabytes-in-per-second[archv2-parity] series-count=1 last-value=0.6259403228759766
time=2026-08-02T15:40:24.428-07:00 level=DEBUG msg="promql query logged" test=archv2-parity tool=conduit-v2 collector=conduit type=conduit collector=conduit type=conduit params="map[end:2026-08-02T22:40:24.428Z query:rate(conduit_connector_bytes_sum{pipeline_name=\"archv2-parity\",type=\"destination\"}[2s])/1048576 start:2026-08-02T22:39:58.427Z step:1]" stats="&{Timings:{EvalTotalTime:5.5541e-05 ResultSortTime:2.91e-07 QueryPreparationTime:1.1083e-05 InnerEvalTime:4.0375e-05 ExecQueueTime:1.292e-06 ExecTotalTime:5.9416e-05} Samples:0x140013c66f0}" spanID=0000000000000000
time=2026-08-02T15:40:24.428-07:00 level=DEBUG msg="Query returned data" test=archv2-parity tool=conduit-v2 collector=conduit type=conduit collector=conduit type=conduit name=msg-megabytes-out-per-second[archv2-parity] series-count=1 last-value=0.6259136199951172
time=2026-08-02T15:40:24.777-07:00 level=DEBUG msg="Inspecting container" model=container-monitor name=benchi-conduit
time=2026-08-02T15:40:25.287-07:00 level=DEBUG msg="Inspecting container" model=container-monitor name=benchi-conduit
time=2026-08-02T15:40:25.428-07:00 level=DEBUG msg="promql query logged" test=archv2-parity tool=conduit-v2 collector=conduit type=conduit collector=conduit type=conduit params="map[end:2026-08-02T22:40:25.428Z query:rate(conduit_pipeline_execution_duration_seconds_count{pipeline_name=\"archv2-parity\"}[2s]) start:2026-08-02T22:39:58.427Z step:1]" stats="&{Timings:{EvalTotalTime:0.000107417 ResultSortTime:6.25e-07 QueryPreparationTime:2.2042e-05 InnerEvalTime:7.0542e-05 ExecQueueTime:3.624e-06 ExecTotalTime:0.00011425} Samples:0x140017cee70}" spanID=0000000000000000
time=2026-08-02T15:40:25.429-07:00 level=DEBUG msg="Query returned data" test=archv2-parity tool=conduit-v2 collector=conduit type=conduit collector=conduit type=conduit name=msg-rate-per-second[archv2-parity] series-count=1 last-value=19069
time=2026-08-02T15:40:25.429-07:00 level=DEBUG msg="promql query logged" test=archv2-parity tool=conduit-v2 collector=conduit type=conduit collector=conduit type=conduit params="map[end:2026-08-02T22:40:25.429Z query:rate(conduit_connector_bytes_sum{pipeline_name=\"archv2-parity\",type=\"source\"}[2s])/1048576 start:2026-08-02T22:39:58.427Z step:1]" stats="&{Timings:{EvalTotalTime:0.00012225 ResultSortTime:5e-07 QueryPreparationTime:5.2541e-05 InnerEvalTime:6.3792e-05 ExecQueueTime:2.668e-06 ExecTotalTime:0.000127292} Samples:0x140017cf4d0}" spanID=0000000000000000
time=2026-08-02T15:40:25.429-07:00 level=DEBUG msg="Query returned data" test=archv2-parity tool=conduit-v2 collector=conduit type=conduit collector=conduit type=conduit name=msg-megabytes-in-per-second[archv2-parity] series-count=1 last-value=0.5389270782470703
time=2026-08-02T15:40:25.429-07:00 level=DEBUG msg="promql query logged" test=archv2-parity tool=conduit-v2 collector=conduit type=conduit collector=conduit type=conduit params="map[end:2026-08-02T22:40:25.429Z query:rate(conduit_connector_bytes_sum{pipeline_name=\"archv2-parity\",type=\"destination\"}[2s])/1048576 start:2026-08-02T22:39:58.427Z step:1]" stats="&{Timings:{EvalTotalTime:0.000216916 ResultSortTime:3.34e-07 QueryPreparationTime:4.225e-05 InnerEvalTime:0.000167209 ExecQueueTime:1.208e-06 ExecTotalTime:0.000224125} Samples:0x140017cfb30}" spanID=0000000000000000
time=2026-08-02T15:40:25.429-07:00 level=DEBUG msg="Query returned data" test=archv2-parity tool=conduit-v2 collector=conduit type=conduit collector=conduit type=conduit name=msg-megabytes-out-per-second[archv2-parity] series-count=1 last-value=0.5389270782470703
time=2026-08-02T15:40:25.801-07:00 level=DEBUG msg="Inspecting container" model=container-monitor name=benchi-conduit
time=2026-08-02T15:40:26.330-07:00 level=DEBUG msg="Inspecting container" model=container-monitor name=benchi-conduit
time=2026-08-02T15:40:26.427-07:00 level=DEBUG msg="promql query logged" test=archv2-parity tool=conduit-v2 collector=conduit type=conduit collector=conduit type=conduit params="map[end:2026-08-02T22:40:26.427Z query:rate(conduit_pipeline_execution_duration_seconds_count{pipeline_name=\"archv2-parity\"}[2s]) start:2026-08-02T22:39:58.427Z step:1]" stats="&{Timings:{EvalTotalTime:5.8708e-05 ResultSortTime:2.92e-07 QueryPreparationTime:1.5416e-05 InnerEvalTime:3.7916e-05 ExecQueueTime:3.291e-06 ExecTotalTime:6.4625e-05} Samples:0x1400194a7b0}" spanID=0000000000000000
time=2026-08-02T15:40:26.427-07:00 level=DEBUG msg="Query returned data" test=archv2-parity tool=conduit-v2 collector=conduit type=conduit collector=conduit type=conduit name=msg-rate-per-second[archv2-parity] series-count=1 last-value=19768.693918245266
time=2026-08-02T15:40:26.427-07:00 level=DEBUG msg="promql query logged" test=archv2-parity tool=conduit-v2 collector=conduit type=conduit collector=conduit type=conduit params="map[end:2026-08-02T22:40:26.427Z query:rate(conduit_connector_bytes_sum{pipeline_name=\"archv2-parity\",type=\"source\"}[2s])/1048576 start:2026-08-02T22:39:58.427Z step:1]" stats="&{Timings:{EvalTotalTime:7.7459e-05 ResultSortTime:1.67e-07 QueryPreparationTime:6.208e-06 InnerEvalTime:6.7917e-05 ExecQueueTime:1.084e-06 ExecTotalTime:8.0084e-05} Samples:0x1400194ae70}" spanID=0000000000000000
time=2026-08-02T15:40:26.428-07:00 level=DEBUG msg="Query returned data" test=archv2-parity tool=conduit-v2 collector=conduit type=conduit collector=conduit type=conduit name=msg-megabytes-in-per-second[archv2-parity] series-count=1 last-value=0.5585080010822027
time=2026-08-02T15:40:26.428-07:00 level=DEBUG msg="promql query logged" test=archv2-parity tool=conduit-v2 collector=conduit type=conduit collector=conduit type=conduit params="map[end:2026-08-02T22:40:26.428Z query:rate(conduit_connector_bytes_sum{pipeline_name=\"archv2-parity\",type=\"destination\"}[2s])/1048576 start:2026-08-02T22:39:58.427Z step:1]" stats="&{Timings:{EvalTotalTime:3.6e-05 ResultSortTime:1.25e-07 QueryPreparationTime:4.542e-06 InnerEvalTime:2.8542e-05 ExecQueueTime:7.92e-07 ExecTotalTime:3.7917e-05} Samples:0x1400194b4d0}" spanID=0000000000000000
time=2026-08-02T15:40:26.428-07:00 level=DEBUG msg="Query returned data" test=archv2-parity tool=conduit-v2 collector=conduit type=conduit collector=conduit type=conduit name=msg-megabytes-out-per-second[archv2-parity] series-count=1 last-value=0.5585089519040536
time=2026-08-02T15:40:26.836-07:00 level=DEBUG msg="Inspecting container" model=container-monitor name=benchi-conduit
time=2026-08-02T15:40:27.343-07:00 level=DEBUG msg="Inspecting container" model=container-monitor name=benchi-conduit
time=2026-08-02T15:40:27.429-07:00 level=DEBUG msg="promql query logged" test=archv2-parity tool=conduit-v2 collector=conduit type=conduit collector=conduit type=conduit params="map[end:2026-08-02T22:40:27.428Z query:rate(conduit_pipeline_execution_duration_seconds_count{pipeline_name=\"archv2-parity\"}[2s]) start:2026-08-02T22:39:58.427Z step:1]" stats="&{Timings:{EvalTotalTime:9.6375e-05 ResultSortTime:8.75e-07 QueryPreparationTime:2.6875e-05 InnerEvalTime:5.9e-05 ExecQueueTime:3.999e-06 ExecTotalTime:0.000104917} Samples:0x140009cbf20}" spanID=0000000000000000
time=2026-08-02T15:40:27.429-07:00 level=DEBUG msg="Query returned data" test=archv2-parity tool=conduit-v2 collector=conduit type=conduit collector=conduit type=conduit name=msg-rate-per-second[archv2-parity] series-count=1 last-value=20986.960882647945
time=2026-08-02T15:40:27.429-07:00 level=DEBUG msg="promql query logged" test=archv2-parity tool=conduit-v2 collector=conduit type=conduit collector=conduit type=conduit params="map[end:2026-08-02T22:40:27.429Z query:rate(conduit_connector_bytes_sum{pipeline_name=\"archv2-parity\",type=\"source\"}[2s])/1048576 start:2026-08-02T22:39:58.427Z step:1]" stats="&{Timings:{EvalTotalTime:9.4084e-05 ResultSortTime:4.59e-07 QueryPreparationTime:1.8125e-05 InnerEvalTime:6.8708e-05 ExecQueueTime:2.708e-06 ExecTotalTime:0.0001005} Samples:0x14000b966f0}" spanID=0000000000000000
time=2026-08-02T15:40:27.429-07:00 level=DEBUG msg="Query returned data" test=archv2-parity tool=conduit-v2 collector=conduit type=conduit collector=conduit type=conduit name=msg-megabytes-in-per-second[archv2-parity] series-count=1 last-value=0.5935364764336957
time=2026-08-02T15:40:27.429-07:00 level=DEBUG msg="promql query logged" test=archv2-parity tool=conduit-v2 collector=conduit type=conduit collector=conduit type=conduit params="map[end:2026-08-02T22:40:27.429Z query:rate(conduit_connector_bytes_sum{pipeline_name=\"archv2-parity\",type=\"destination\"}[2s])/1048576 start:2026-08-02T22:39:58.427Z step:1]" stats="&{Timings:{EvalTotalTime:6.8959e-05 ResultSortTime:2.08e-07 QueryPreparationTime:1.1417e-05 InnerEvalTime:5.15e-05 ExecQueueTime:1.833e-06 ExecTotalTime:7.9125e-05} Samples:0x14000b96d80}" spanID=0000000000000000
time=2026-08-02T15:40:27.429-07:00 level=DEBUG msg="Query returned data" test=archv2-parity tool=conduit-v2 collector=conduit type=conduit collector=conduit type=conduit name=msg-megabytes-out-per-second[archv2-parity] series-count=1 last-value=0.5935068235712998
time=2026-08-02T15:40:27.847-07:00 level=DEBUG msg="Inspecting container" model=container-monitor name=benchi-conduit
time=2026-08-02T15:40:28.355-07:00 level=DEBUG msg="Inspecting container" model=container-monitor name=benchi-conduit
time=2026-08-02T15:40:28.428-07:00 level=INFO msg="Test in progress" test=archv2-parity tool=conduit-v2 step=test time-left=30s
time=2026-08-02T15:40:28.428-07:00 level=DEBUG msg="promql query logged" test=archv2-parity tool=conduit-v2 collector=conduit type=conduit collector=conduit type=conduit params="map[end:2026-08-02T22:40:28.428Z query:rate(conduit_pipeline_execution_duration_seconds_count{pipeline_name=\"archv2-parity\"}[2s]) start:2026-08-02T22:39:58.427Z step:1]" stats="&{Timings:{EvalTotalTime:0.00014275 ResultSortTime:7.91e-07 QueryPreparationTime:1.6167e-05 InnerEvalTime:0.000115708 ExecQueueTime:2.459e-06 ExecTotalTime:0.000150375} Samples:0x14000f6d710}" spanID=0000000000000000
time=2026-08-02T15:40:28.428-07:00 level=DEBUG msg="Query returned data" test=archv2-parity tool=conduit-v2 collector=conduit type=conduit collector=conduit type=conduit name=msg-rate-per-second[archv2-parity] series-count=1 last-value=21077
time=2026-08-02T15:40:28.429-07:00 level=DEBUG msg="promql query logged" test=archv2-parity tool=conduit-v2 collector=conduit type=conduit collector=conduit type=conduit params="map[end:2026-08-02T22:40:28.428Z query:rate(conduit_connector_bytes_sum{pipeline_name=\"archv2-parity\",type=\"source\"}[2s])/1048576 start:2026-08-02T22:39:58.427Z step:1]" stats="&{Timings:{EvalTotalTime:6.0542e-05 ResultSortTime:1.67e-07 QueryPreparationTime:9.542e-06 InnerEvalTime:4.7e-05 ExecQueueTime:1.291e-06 ExecTotalTime:6.3833e-05} Samples:0x14000f6dd70}" spanID=0000000000000000
time=2026-08-02T15:40:28.429-07:00 level=DEBUG msg="Query returned data" test=archv2-parity tool=conduit-v2 collector=conduit type=conduit collector=conduit type=conduit name=msg-megabytes-in-per-second[archv2-parity] series-count=1 last-value=0.5951919555664062
time=2026-08-02T15:40:28.429-07:00 level=DEBUG msg="promql query logged" test=archv2-parity tool=conduit-v2 collector=conduit type=conduit collector=conduit type=conduit params="map[end:2026-08-02T22:40:28.429Z query:rate(conduit_connector_bytes_sum{pipeline_name=\"archv2-parity\",type=\"destination\"}[2s])/1048576 start:2026-08-02T22:39:58.427Z step:1]" stats="&{Timings:{EvalTotalTime:4.6583e-05 ResultSortTime:1.67e-07 QueryPreparationTime:6.792e-06 InnerEvalTime:3.65e-05 ExecQueueTime:1e-06 ExecTotalTime:5.1291e-05} Samples:0x1400118e570}" spanID=0000000000000000
time=2026-08-02T15:40:28.429-07:00 level=DEBUG msg="Query returned data" test=archv2-parity tool=conduit-v2 collector=conduit type=conduit collector=conduit type=conduit name=msg-megabytes-out-per-second[archv2-parity] series-count=1 last-value=0.5951919555664062
time=2026-08-02T15:40:28.863-07:00 level=DEBUG msg="Inspecting container" model=container-monitor name=benchi-conduit
time=2026-08-02T15:40:29.370-07:00 level=DEBUG msg="Inspecting container" model=container-monitor name=benchi-conduit
time=2026-08-02T15:40:29.427-07:00 level=DEBUG msg="promql query logged" test=archv2-parity tool=conduit-v2 collector=conduit type=conduit collector=conduit type=conduit params="map[end:2026-08-02T22:40:29.427Z query:rate(conduit_pipeline_execution_duration_seconds_count{pipeline_name=\"archv2-parity\"}[2s]) start:2026-08-02T22:39:58.427Z step:1]" stats="&{Timings:{EvalTotalTime:7.4666e-05 ResultSortTime:4.16e-07 QueryPreparationTime:2.2167e-05 InnerEvalTime:4.3416e-05 ExecQueueTime:3.125e-06 ExecTotalTime:8.0625e-05} Samples:0x1400163f3e0}" spanID=0000000000000000
time=2026-08-02T15:40:29.430-07:00 level=DEBUG msg="Query returned data" test=archv2-parity tool=conduit-v2 collector=conduit type=conduit collector=conduit type=conduit name=msg-rate-per-second[archv2-parity] series-count=1 last-value=20279
time=2026-08-02T15:40:29.430-07:00 level=DEBUG msg="promql query logged" test=archv2-parity tool=conduit-v2 collector=conduit type=conduit collector=conduit type=conduit params="map[end:2026-08-02T22:40:29.430Z query:rate(conduit_connector_bytes_sum{pipeline_name=\"archv2-parity\",type=\"source\"}[2s])/1048576 start:2026-08-02T22:39:58.427Z step:1]" stats="&{Timings:{EvalTotalTime:5.2708e-05 ResultSortTime:2.5e-07 QueryPreparationTime:1.1167e-05 InnerEvalTime:3.8917e-05 ExecQueueTime:2.042e-06 ExecTotalTime:5.6125e-05} Samples:0x1400163fa40}" spanID=0000000000000000
time=2026-08-02T15:40:29.430-07:00 level=DEBUG msg="Query returned data" test=archv2-parity tool=conduit-v2 collector=conduit type=conduit collector=conduit type=conduit name=msg-megabytes-in-per-second[archv2-parity] series-count=1 last-value=0.5728378295898438
time=2026-08-02T15:40:29.430-07:00 level=DEBUG msg="promql query logged" test=archv2-parity tool=conduit-v2 collector=conduit type=conduit collector=conduit type=conduit params="map[end:2026-08-02T22:40:29.430Z query:rate(conduit_connector_bytes_sum{pipeline_name=\"archv2-parity\",type=\"destination\"}[2s])/1048576 start:2026-08-02T22:39:58.427Z step:1]" stats="&{Timings:{EvalTotalTime:2.5375e-05 ResultSortTime:8.3e-08 QueryPreparationTime:3.083e-06 InnerEvalTime:1.9834e-05 ExecQueueTime:4.58e-07 ExecTotalTime:2.6667e-05} Samples:0x14000abe180}" spanID=0000000000000000
time=2026-08-02T15:40:29.430-07:00 level=DEBUG msg="Query returned data" test=archv2-parity tool=conduit-v2 collector=conduit type=conduit collector=conduit type=conduit name=msg-megabytes-out-per-second[archv2-parity] series-count=1 last-value=0.5728378295898438
time=2026-08-02T15:40:29.875-07:00 level=DEBUG msg="Inspecting container" model=container-monitor name=benchi-conduit
time=2026-08-02T15:40:30.388-07:00 level=DEBUG msg="Inspecting container" model=container-monitor name=benchi-conduit
time=2026-08-02T15:40:30.427-07:00 level=DEBUG msg="promql query logged" test=archv2-parity tool=conduit-v2 collector=conduit type=conduit collector=conduit type=conduit params="map[end:2026-08-02T22:40:30.427Z query:rate(conduit_pipeline_execution_duration_seconds_count{pipeline_name=\"archv2-parity\"}[2s]) start:2026-08-02T22:39:58.427Z step:1]" stats="&{Timings:{EvalTotalTime:5.7875e-05 ResultSortTime:4.58e-07 QueryPreparationTime:1.4875e-05 InnerEvalTime:3.6084e-05 ExecQueueTime:2.625e-06 ExecTotalTime:6.4584e-05} Samples:0x140017a81b0}" spanID=0000000000000000
time=2026-08-02T15:40:30.427-07:00 level=DEBUG msg="Query returned data" test=archv2-parity tool=conduit-v2 collector=conduit type=conduit collector=conduit type=conduit name=msg-rate-per-second[archv2-parity] series-count=1 last-value=21383
time=2026-08-02T15:40:30.427-07:00 level=DEBUG msg="promql query logged" test=archv2-parity tool=conduit-v2 collector=conduit type=conduit collector=conduit type=conduit params="map[end:2026-08-02T22:40:30.427Z query:rate(conduit_connector_bytes_sum{pipeline_name=\"archv2-parity\",type=\"source\"}[2s])/1048576 start:2026-08-02T22:39:58.427Z step:1]" stats="&{Timings:{EvalTotalTime:5.6875e-05 ResultSortTime:2.08e-07 QueryPreparationTime:8.167e-06 InnerEvalTime:4.45e-05 ExecQueueTime:1.041e-06 ExecTotalTime:6.0208e-05} Samples:0x140017a8db0}" spanID=0000000000000000
time=2026-08-02T15:40:30.428-07:00 level=DEBUG msg="Query returned data" test=archv2-parity tool=conduit-v2 collector=conduit type=conduit collector=conduit type=conduit name=msg-megabytes-in-per-second[archv2-parity] series-count=1 last-value=0.6033706665039062
time=2026-08-02T15:40:30.428-07:00 level=DEBUG msg="promql query logged" test=archv2-parity tool=conduit-v2 collector=conduit type=conduit collector=conduit type=conduit params="map[end:2026-08-02T22:40:30.428Z query:rate(conduit_connector_bytes_sum{pipeline_name=\"archv2-parity\",type=\"destination\"}[2s])/1048576 start:2026-08-02T22:39:58.427Z step:1]" stats="&{Timings:{EvalTotalTime:4.775e-05 ResultSortTime:1.66e-07 QueryPreparationTime:7.25e-06 InnerEvalTime:3.6708e-05 ExecQueueTime:9.58e-07 ExecTotalTime:5.2625e-05} Samples:0x14001233500}" spanID=0000000000000000
time=2026-08-02T15:40:30.428-07:00 level=DEBUG msg="Query returned data" test=archv2-parity tool=conduit-v2 collector=conduit type=conduit collector=conduit type=conduit name=msg-megabytes-out-per-second[archv2-parity] series-count=1 last-value=0.6033706665039062
time=2026-08-02T15:40:30.894-07:00 level=DEBUG msg="Inspecting container" model=container-monitor name=benchi-conduit
time=2026-08-02T15:40:31.409-07:00 level=DEBUG msg="Inspecting container" model=container-monitor name=benchi-conduit
time=2026-08-02T15:40:31.428-07:00 level=DEBUG msg="promql query logged" test=archv2-parity tool=conduit-v2 collector=conduit type=conduit collector=conduit type=conduit params="map[end:2026-08-02T22:40:31.427Z query:rate(conduit_pipeline_execution_duration_seconds_count{pipeline_name=\"archv2-parity\"}[2s]) start:2026-08-02T22:39:58.427Z step:1]" stats="&{Timings:{EvalTotalTime:0.0001015 ResultSortTime:7.91e-07 QueryPreparationTime:3.1167e-05 InnerEvalTime:6.1208e-05 ExecQueueTime:4.542e-06 ExecTotalTime:0.000110791} Samples:0x14001181aa0}" spanID=0000000000000000
time=2026-08-02T15:40:31.428-07:00 level=DEBUG msg="Query returned data" test=archv2-parity tool=conduit-v2 collector=conduit type=conduit collector=conduit type=conduit name=msg-rate-per-second[archv2-parity] series-count=1 last-value=19739
time=2026-08-02T15:40:31.428-07:00 level=DEBUG msg="promql query logged" test=archv2-parity tool=conduit-v2 collector=conduit type=conduit collector=conduit type=conduit params="map[end:2026-08-02T22:40:31.428Z query:rate(conduit_connector_bytes_sum{pipeline_name=\"archv2-parity\",type=\"source\"}[2s])/1048576 start:2026-08-02T22:39:58.427Z step:1]" stats="&{Timings:{EvalTotalTime:9.0875e-05 ResultSortTime:2.5e-07 QueryPreparationTime:1.2708e-05 InnerEvalTime:7.0208e-05 ExecQueueTime:1.625e-06 ExecTotalTime:9.5375e-05} Samples:0x14001606180}" spanID=0000000000000000
time=2026-08-02T15:40:31.428-07:00 level=DEBUG msg="Query returned data" test=archv2-parity tool=conduit-v2 collector=conduit type=conduit collector=conduit type=conduit name=msg-megabytes-in-per-second[archv2-parity] series-count=1 last-value=0.5579948425292969
time=2026-08-02T15:40:31.428-07:00 level=DEBUG msg="promql query logged" test=archv2-parity tool=conduit-v2 collector=conduit type=conduit collector=conduit type=conduit params="map[end:2026-08-02T22:40:31.428Z query:rate(conduit_connector_bytes_sum{pipeline_name=\"archv2-parity\",type=\"destination\"}[2s])/1048576 start:2026-08-02T22:39:58.427Z step:1]" stats="&{Timings:{EvalTotalTime:6.5583e-05 ResultSortTime:5.41e-07 QueryPreparationTime:7.792e-06 InnerEvalTime:5.2834e-05 ExecQueueTime:1.041e-06 ExecTotalTime:6.9417e-05} Samples:0x140016067e0}" spanID=0000000000000000
time=2026-08-02T15:40:31.428-07:00 level=DEBUG msg="Query returned data" test=archv2-parity tool=conduit-v2 collector=conduit type=conduit collector=conduit type=conduit name=msg-megabytes-out-per-second[archv2-parity] series-count=1 last-value=0.5580892562866211
time=2026-08-02T15:40:31.916-07:00 level=DEBUG msg="Inspecting container" model=container-monitor name=benchi-conduit
time=2026-08-02T15:40:32.431-07:00 level=DEBUG msg="promql query logged" test=archv2-parity tool=conduit-v2 collector=conduit type=conduit collector=conduit type=conduit params="map[end:2026-08-02T22:40:32.431Z query:rate(conduit_pipeline_execution_duration_seconds_count{pipeline_name=\"archv2-parity\"}[2s]) start:2026-08-02T22:39:58.427Z step:1]" stats="&{Timings:{EvalTotalTime:7.8209e-05 ResultSortTime:5.83e-07 QueryPreparationTime:2.5375e-05 InnerEvalTime:4.625e-05 ExecQueueTime:4e-06 ExecTotalTime:8.825e-05} Samples:0x140011fe360}" spanID=0000000000000000
time=2026-08-02T15:40:32.432-07:00 level=DEBUG msg="Query returned data" test=archv2-parity tool=conduit-v2 collector=conduit type=conduit collector=conduit type=conduit name=msg-rate-per-second[archv2-parity] series-count=1 last-value=19440
time=2026-08-02T15:40:32.432-07:00 level=DEBUG msg="promql query logged" test=archv2-parity tool=conduit-v2 collector=conduit type=conduit collector=conduit type=conduit params="map[end:2026-08-02T22:40:32.432Z query:rate(conduit_connector_bytes_sum{pipeline_name=\"archv2-parity\",type=\"source\"}[2s])/1048576 start:2026-08-02T22:39:58.427Z step:1]" stats="&{Timings:{EvalTotalTime:6.9458e-05 ResultSortTime:1.25e-07 QueryPreparationTime:9.875e-06 InnerEvalTime:5.6292e-05 ExecQueueTime:1.207e-06 ExecTotalTime:7.3125e-05} Samples:0x140011fe9c0}" spanID=0000000000000000
time=2026-08-02T15:40:32.432-07:00 level=DEBUG msg="Query returned data" test=archv2-parity tool=conduit-v2 collector=conduit type=conduit collector=conduit type=conduit name=msg-megabytes-in-per-second[archv2-parity] series-count=1 last-value=0.5487232208251953
time=2026-08-02T15:40:32.432-07:00 level=DEBUG msg="promql query logged" test=archv2-parity tool=conduit-v2 collector=conduit type=conduit collector=conduit type=conduit params="map[end:2026-08-02T22:40:32.432Z query:rate(conduit_connector_bytes_sum{pipeline_name=\"archv2-parity\",type=\"destination\"}[2s])/1048576 start:2026-08-02T22:39:58.427Z step:1]" stats="&{Timings:{EvalTotalTime:4.3375e-05 ResultSortTime:1.25e-07 QueryPreparationTime:4.792e-06 InnerEvalTime:3.55e-05 ExecQueueTime:3.167e-06 ExecTotalTime:4.8208e-05} Samples:0x140011ff020}" spanID=0000000000000000
time=2026-08-02T15:40:32.432-07:00 level=DEBUG msg="Query returned data" test=archv2-parity tool=conduit-v2 collector=conduit type=conduit collector=conduit type=conduit name=msg-megabytes-out-per-second[archv2-parity] series-count=1 last-value=0.5486555099487305
time=2026-08-02T15:40:32.441-07:00 level=DEBUG msg="Inspecting container" model=container-monitor name=benchi-conduit
time=2026-08-02T15:40:32.947-07:00 level=DEBUG msg="Inspecting container" model=container-monitor name=benchi-conduit
time=2026-08-02T15:40:33.427-07:00 level=INFO msg="Test in progress" test=archv2-parity tool=conduit-v2 step=test time-left=25s
time=2026-08-02T15:40:33.427-07:00 level=DEBUG msg="promql query logged" test=archv2-parity tool=conduit-v2 collector=conduit type=conduit collector=conduit type=conduit params="map[end:2026-08-02T22:40:33.427Z query:rate(conduit_pipeline_execution_duration_seconds_count{pipeline_name=\"archv2-parity\"}[2s]) start:2026-08-02T22:39:58.427Z step:1]" stats="&{Timings:{EvalTotalTime:5.0958e-05 ResultSortTime:4.59e-07 QueryPreparationTime:1.5459e-05 InnerEvalTime:3.0834e-05 ExecQueueTime:2.167e-06 ExecTotalTime:5.55e-05} Samples:0x140014c2420}" spanID=0000000000000000
time=2026-08-02T15:40:33.427-07:00 level=DEBUG msg="Query returned data" test=archv2-parity tool=conduit-v2 collector=conduit type=conduit collector=conduit type=conduit name=msg-rate-per-second[archv2-parity] series-count=1 last-value=19653
time=2026-08-02T15:40:33.427-07:00 level=DEBUG msg="promql query logged" test=archv2-parity tool=conduit-v2 collector=conduit type=conduit collector=conduit type=conduit params="map[end:2026-08-02T22:40:33.427Z query:rate(conduit_connector_bytes_sum{pipeline_name=\"archv2-parity\",type=\"source\"}[2s])/1048576 start:2026-08-02T22:39:58.427Z step:1]" stats="&{Timings:{EvalTotalTime:4.95e-05 ResultSortTime:1.25e-07 QueryPreparationTime:6.25e-06 InnerEvalTime:4.0292e-05 ExecQueueTime:7.5e-07 ExecTotalTime:5.1625e-05} Samples:0x140014c2a80}" spanID=0000000000000000
time=2026-08-02T15:40:33.427-07:00 level=DEBUG msg="Query returned data" test=archv2-parity tool=conduit-v2 collector=conduit type=conduit collector=conduit type=conduit name=msg-megabytes-in-per-second[archv2-parity] series-count=1 last-value=0.5555801391601562
time=2026-08-02T15:40:33.427-07:00 level=DEBUG msg="promql query logged" test=archv2-parity tool=conduit-v2 collector=conduit type=conduit collector=conduit type=conduit params="map[end:2026-08-02T22:40:33.427Z query:rate(conduit_connector_bytes_sum{pipeline_name=\"archv2-parity\",type=\"destination\"}[2s])/1048576 start:2026-08-02T22:39:58.427Z step:1]" stats="&{Timings:{EvalTotalTime:3.975e-05 ResultSortTime:1.25e-07 QueryPreparationTime:3.959e-06 InnerEvalTime:3.275e-05 ExecQueueTime:7.5e-07 ExecTotalTime:4.2583e-05} Samples:0x140014c30e0}" spanID=0000000000000000
time=2026-08-02T15:40:33.427-07:00 level=DEBUG msg="Query returned data" test=archv2-parity tool=conduit-v2 collector=conduit type=conduit collector=conduit type=conduit name=msg-megabytes-out-per-second[archv2-parity] series-count=1 last-value=0.5555534362792969
time=2026-08-02T15:40:33.456-07:00 level=DEBUG msg="Inspecting container" model=container-monitor name=benchi-conduit
time=2026-08-02T15:40:33.962-07:00 level=DEBUG msg="Inspecting container" model=container-monitor name=benchi-conduit
time=2026-08-02T15:40:34.427-07:00 level=DEBUG msg="promql query logged" test=archv2-parity tool=conduit-v2 collector=conduit type=conduit collector=conduit type=conduit params="map[end:2026-08-02T22:40:34.427Z query:rate(conduit_pipeline_execution_duration_seconds_count{pipeline_name=\"archv2-parity\"}[2s]) start:2026-08-02T22:39:58.427Z step:1]" stats="&{Timings:{EvalTotalTime:0.0001425 ResultSortTime:5e-07 QueryPreparationTime:6.4125e-05 InnerEvalTime:6.8709e-05 ExecQueueTime:5.25e-06 ExecTotalTime:0.000158916} Samples:0x140013c7590}" spanID=0000000000000000
time=2026-08-02T15:40:34.427-07:00 level=DEBUG msg="Query returned data" test=archv2-parity tool=conduit-v2 collector=conduit type=conduit collector=conduit type=conduit name=msg-rate-per-second[archv2-parity] series-count=1 last-value=21208
time=2026-08-02T15:40:34.427-07:00 level=DEBUG msg="promql query logged" test=archv2-parity tool=conduit-v2 collector=conduit type=conduit collector=conduit type=conduit params="map[end:2026-08-02T22:40:34.427Z query:rate(conduit_connector_bytes_sum{pipeline_name=\"archv2-parity\",type=\"source\"}[2s])/1048576 start:2026-08-02T22:39:58.427Z step:1]" stats="&{Timings:{EvalTotalTime:7.0667e-05 ResultSortTime:1.67e-07 QueryPreparationTime:9.875e-06 InnerEvalTime:5.7333e-05 ExecQueueTime:1.292e-06 ExecTotalTime:7.4e-05} Samples:0x140013c7c20}" spanID=0000000000000000
time=2026-08-02T15:40:34.427-07:00 level=DEBUG msg="Query returned data" test=archv2-parity tool=conduit-v2 collector=conduit type=conduit collector=conduit type=conduit name=msg-megabytes-in-per-second[archv2-parity] series-count=1 last-value=0.5987081527709961
time=2026-08-02T15:40:34.427-07:00 level=DEBUG msg="promql query logged" test=archv2-parity tool=conduit-v2 collector=conduit type=conduit collector=conduit type=conduit params="map[end:2026-08-02T22:40:34.427Z query:rate(conduit_connector_bytes_sum{pipeline_name=\"archv2-parity\",type=\"destination\"}[2s])/1048576 start:2026-08-02T22:39:58.427Z step:1]" stats="&{Timings:{EvalTotalTime:5.0375e-05 ResultSortTime:2.91e-07 QueryPreparationTime:7.292e-06 InnerEvalTime:4.0167e-05 ExecQueueTime:8.34e-07 ExecTotalTime:5.525e-05} Samples:0x1400191e300}" spanID=0000000000000000
time=2026-08-02T15:40:34.427-07:00 level=DEBUG msg="Query returned data" test=archv2-parity tool=conduit-v2 collector=conduit type=conduit collector=conduit type=conduit name=msg-megabytes-out-per-second[archv2-parity] series-count=1 last-value=0.5987081527709961
time=2026-08-02T15:40:34.467-07:00 level=DEBUG msg="Inspecting container" model=container-monitor name=benchi-conduit
time=2026-08-02T15:40:34.974-07:00 level=DEBUG msg="Inspecting container" model=container-monitor name=benchi-conduit
time=2026-08-02T15:40:35.428-07:00 level=DEBUG msg="promql query logged" test=archv2-parity tool=conduit-v2 collector=conduit type=conduit collector=conduit type=conduit params="map[end:2026-08-02T22:40:35.428Z query:rate(conduit_pipeline_execution_duration_seconds_count{pipeline_name=\"archv2-parity\"}[2s]) start:2026-08-02T22:39:58.427Z step:1]" stats="&{Timings:{EvalTotalTime:8.3459e-05 ResultSortTime:3.34e-07 QueryPreparationTime:2.7167e-05 InnerEvalTime:4.9875e-05 ExecQueueTime:2.3125e-05 ExecTotalTime:8.9625e-05} Samples:0x14001833740}" spanID=0000000000000000
time=2026-08-02T15:40:35.428-07:00 level=DEBUG msg="Query returned data" test=archv2-parity tool=conduit-v2 collector=conduit type=conduit collector=conduit type=conduit name=msg-rate-per-second[archv2-parity] series-count=1 last-value=19625
time=2026-08-02T15:40:35.429-07:00 level=DEBUG msg="promql query logged" test=archv2-parity tool=conduit-v2 collector=conduit type=conduit collector=conduit type=conduit params="map[end:2026-08-02T22:40:35.428Z query:rate(conduit_connector_bytes_sum{pipeline_name=\"archv2-parity\",type=\"source\"}[2s])/1048576 start:2026-08-02T22:39:58.427Z step:1]" stats="&{Timings:{EvalTotalTime:6.725e-05 ResultSortTime:1.67e-07 QueryPreparationTime:9.166e-06 InnerEvalTime:5.3e-05 ExecQueueTime:1.083e-06 ExecTotalTime:7.2292e-05} Samples:0x14001833da0}" spanID=0000000000000000
time=2026-08-02T15:40:35.429-07:00 level=DEBUG msg="Query returned data" test=archv2-parity tool=conduit-v2 collector=conduit type=conduit collector=conduit type=conduit name=msg-megabytes-in-per-second[archv2-parity] series-count=1 last-value=0.5548171997070312
time=2026-08-02T15:40:35.429-07:00 level=DEBUG msg="promql query logged" test=archv2-parity tool=conduit-v2 collector=conduit type=conduit collector=conduit type=conduit params="map[end:2026-08-02T22:40:35.429Z query:rate(conduit_connector_bytes_sum{pipeline_name=\"archv2-parity\",type=\"destination\"}[2s])/1048576 start:2026-08-02T22:39:58.427Z step:1]" stats="&{Timings:{EvalTotalTime:5.2625e-05 ResultSortTime:1.25e-07 QueryPreparationTime:7.333e-06 InnerEvalTime:4.0625e-05 ExecQueueTime:7.92e-07 ExecTotalTime:6.0167e-05} Samples:0x140010f6480}" spanID=0000000000000000
time=2026-08-02T15:40:35.429-07:00 level=DEBUG msg="Query returned data" test=archv2-parity tool=conduit-v2 collector=conduit type=conduit collector=conduit type=conduit name=msg-megabytes-out-per-second[archv2-parity] series-count=1 last-value=0.5548458099365234
time=2026-08-02T15:40:35.493-07:00 level=DEBUG msg="Inspecting container" model=container-monitor name=benchi-conduit
time=2026-08-02T15:40:36.003-07:00 level=DEBUG msg="Inspecting container" model=container-monitor name=benchi-conduit
time=2026-08-02T15:40:36.429-07:00 level=DEBUG msg="promql query logged" test=archv2-parity tool=conduit-v2 collector=conduit type=conduit collector=conduit type=conduit params="map[end:2026-08-02T22:40:36.428Z query:rate(conduit_pipeline_execution_duration_seconds_count{pipeline_name=\"archv2-parity\"}[2s]) start:2026-08-02T22:39:58.427Z step:1]" stats="&{Timings:{EvalTotalTime:5.6708e-05 ResultSortTime:3.75e-07 QueryPreparationTime:1.5042e-05 InnerEvalTime:3.6e-05 ExecQueueTime:2.916e-06 ExecTotalTime:6.3584e-05} Samples:0x1400133cf90}" spanID=0000000000000000
time=2026-08-02T15:40:36.429-07:00 level=DEBUG msg="Query returned data" test=archv2-parity tool=conduit-v2 collector=conduit type=conduit collector=conduit type=conduit name=msg-rate-per-second[archv2-parity] series-count=1 last-value=19745
time=2026-08-02T15:40:36.429-07:00 level=DEBUG msg="promql query logged" test=archv2-parity tool=conduit-v2 collector=conduit type=conduit collector=conduit type=conduit params="map[end:2026-08-02T22:40:36.429Z query:rate(conduit_connector_bytes_sum{pipeline_name=\"archv2-parity\",type=\"source\"}[2s])/1048576 start:2026-08-02T22:39:58.427Z step:1]" stats="&{Timings:{EvalTotalTime:7.2875e-05 ResultSortTime:2.08e-07 QueryPreparationTime:1.1416e-05 InnerEvalTime:5.675e-05 ExecQueueTime:1.792e-06 ExecTotalTime:7.6958e-05} Samples:0x1400133d5f0}" spanID=0000000000000000
time=2026-08-02T15:40:36.429-07:00 level=DEBUG msg="Query returned data" test=archv2-parity tool=conduit-v2 collector=conduit type=conduit collector=conduit type=conduit name=msg-megabytes-in-per-second[archv2-parity] series-count=1 last-value=0.5585460662841797
time=2026-08-02T15:40:36.429-07:00 level=DEBUG msg="promql query logged" test=archv2-parity tool=conduit-v2 collector=conduit type=conduit collector=conduit type=conduit params="map[end:2026-08-02T22:40:36.429Z query:rate(conduit_connector_bytes_sum{pipeline_name=\"archv2-parity\",type=\"destination\"}[2s])/1048576 start:2026-08-02T22:39:58.427Z step:1]" stats="&{Timings:{EvalTotalTime:7.6083e-05 ResultSortTime:2.92e-07 QueryPreparationTime:1.4667e-05 InnerEvalTime:5.6667e-05 ExecQueueTime:1.417e-06 ExecTotalTime:7.9625e-05} Samples:0x1400133dc50}" spanID=0000000000000000
time=2026-08-02T15:40:36.429-07:00 level=DEBUG msg="Query returned data" test=archv2-parity tool=conduit-v2 collector=conduit type=conduit collector=conduit type=conduit name=msg-megabytes-out-per-second[archv2-parity] series-count=1 last-value=0.5585699081420898
time=2026-08-02T15:40:36.511-07:00 level=DEBUG msg="Inspecting container" model=container-monitor name=benchi-conduit
time=2026-08-02T15:40:37.015-07:00 level=DEBUG msg="Inspecting container" model=container-monitor name=benchi-conduit
time=2026-08-02T15:40:37.428-07:00 level=DEBUG msg="promql query logged" test=archv2-parity tool=conduit-v2 collector=conduit type=conduit collector=conduit type=conduit params="map[end:2026-08-02T22:40:37.427Z query:rate(conduit_pipeline_execution_duration_seconds_count{pipeline_name=\"archv2-parity\"}[2s]) start:2026-08-02T22:39:58.427Z step:1]" stats="&{Timings:{EvalTotalTime:0.000113167 ResultSortTime:5.83e-07 QueryPreparationTime:3.0166e-05 InnerEvalTime:7.2458e-05 ExecQueueTime:4.667e-06 ExecTotalTime:0.000124708} Samples:0x140013e62d0}" spanID=0000000000000000
time=2026-08-02T15:40:37.428-07:00 level=DEBUG msg="Query returned data" test=archv2-parity tool=conduit-v2 collector=conduit type=conduit collector=conduit type=conduit name=msg-rate-per-second[archv2-parity] series-count=1 last-value=20601
time=2026-08-02T15:40:37.428-07:00 level=DEBUG msg="promql query logged" test=archv2-parity tool=conduit-v2 collector=conduit type=conduit collector=conduit type=conduit params="map[end:2026-08-02T22:40:37.428Z query:rate(conduit_connector_bytes_sum{pipeline_name=\"archv2-parity\",type=\"source\"}[2s])/1048576 start:2026-08-02T22:39:58.427Z step:1]" stats="&{Timings:{EvalTotalTime:0.000101666 ResultSortTime:3.33e-07 QueryPreparationTime:1.4625e-05 InnerEvalTime:8.1291e-05 ExecQueueTime:2e-06 ExecTotalTime:0.000111167} Samples:0x140013e6930}" spanID=0000000000000000
time=2026-08-02T15:40:37.428-07:00 level=DEBUG msg="Query returned data" test=archv2-parity tool=conduit-v2 collector=conduit type=conduit collector=conduit type=conduit name=msg-megabytes-in-per-second[archv2-parity] series-count=1 last-value=0.5823068618774414
time=2026-08-02T15:40:37.428-07:00 level=DEBUG msg="promql query logged" test=archv2-parity tool=conduit-v2 collector=conduit type=conduit collector=conduit type=conduit params="map[end:2026-08-02T22:40:37.428Z query:rate(conduit_connector_bytes_sum{pipeline_name=\"archv2-parity\",type=\"destination\"}[2s])/1048576 start:2026-08-02T22:39:58.427Z step:1]" stats="&{Timings:{EvalTotalTime:7.3583e-05 ResultSortTime:2.5e-07 QueryPreparationTime:1.7416e-05 InnerEvalTime:5.1167e-05 ExecQueueTime:1.584e-06 ExecTotalTime:7.7708e-05} Samples:0x140013e6f90}" spanID=0000000000000000
time=2026-08-02T15:40:37.429-07:00 level=DEBUG msg="Query returned data" test=archv2-parity tool=conduit-v2 collector=conduit type=conduit collector=conduit type=conduit name=msg-megabytes-out-per-second[archv2-parity] series-count=1 last-value=0.5823116302490234
time=2026-08-02T15:40:37.527-07:00 level=DEBUG msg="Inspecting container" model=container-monitor name=benchi-conduit
time=2026-08-02T15:40:38.035-07:00 level=DEBUG msg="Inspecting container" model=container-monitor name=benchi-conduit
time=2026-08-02T15:40:38.428-07:00 level=INFO msg="Test in progress" test=archv2-parity tool=conduit-v2 step=test time-left=20s
time=2026-08-02T15:40:38.428-07:00 level=DEBUG msg="promql query logged" test=archv2-parity tool=conduit-v2 collector=conduit type=conduit collector=conduit type=conduit params="map[end:2026-08-02T22:40:38.428Z query:rate(conduit_pipeline_execution_duration_seconds_count{pipeline_name=\"archv2-parity\"}[2s]) start:2026-08-02T22:39:58.427Z step:1]" stats="&{Timings:{EvalTotalTime:5.7417e-05 ResultSortTime:4.16e-07 QueryPreparationTime:1.4083e-05 InnerEvalTime:3.8166e-05 ExecQueueTime:2.375e-06 ExecTotalTime:6.1958e-05} Samples:0x14001490120}" spanID=0000000000000000
time=2026-08-02T15:40:38.428-07:00 level=DEBUG msg="Query returned data" test=archv2-parity tool=conduit-v2 collector=conduit type=conduit collector=conduit type=conduit name=msg-rate-per-second[archv2-parity] series-count=1 last-value=18536.39082751745
time=2026-08-02T15:40:38.428-07:00 level=DEBUG msg="promql query logged" test=archv2-parity tool=conduit-v2 collector=conduit type=conduit collector=conduit type=conduit params="map[end:2026-08-02T22:40:38.428Z query:rate(conduit_connector_bytes_sum{pipeline_name=\"archv2-parity\",type=\"source\"}[2s])/1048576 start:2026-08-02T22:39:58.427Z step:1]" stats="&{Timings:{EvalTotalTime:5.7792e-05 ResultSortTime:1.67e-07 QueryPreparationTime:6.125e-06 InnerEvalTime:4.85e-05 ExecQueueTime:8.32e-07 ExecTotalTime:6.0042e-05} Samples:0x14001490780}" spanID=0000000000000000
time=2026-08-02T15:40:38.428-07:00 level=DEBUG msg="Query returned data" test=archv2-parity tool=conduit-v2 collector=conduit type=conduit collector=conduit type=conduit name=msg-megabytes-in-per-second[archv2-parity] series-count=1 last-value=0.5237392984620358
time=2026-08-02T15:40:38.428-07:00 level=DEBUG msg="promql query logged" test=archv2-parity tool=conduit-v2 collector=conduit type=conduit collector=conduit type=conduit params="map[end:2026-08-02T22:40:38.428Z query:rate(conduit_connector_bytes_sum{pipeline_name=\"archv2-parity\",type=\"destination\"}[2s])/1048576 start:2026-08-02T22:39:58.427Z step:1]" stats="&{Timings:{EvalTotalTime:4.5584e-05 ResultSortTime:1.25e-07 QueryPreparationTime:4.667e-06 InnerEvalTime:3.8e-05 ExecQueueTime:7.08e-07 ExecTotalTime:4.7625e-05} Samples:0x14001490de0}" spanID=0000000000000000
time=2026-08-02T15:40:38.428-07:00 level=DEBUG msg="Query returned data" test=archv2-parity tool=conduit-v2 collector=conduit type=conduit collector=conduit type=conduit name=msg-megabytes-out-per-second[archv2-parity] series-count=1 last-value=0.5236822491509846
time=2026-08-02T15:40:38.544-07:00 level=DEBUG msg="Inspecting container" model=container-monitor name=benchi-conduit
time=2026-08-02T15:40:39.052-07:00 level=DEBUG msg="Inspecting container" model=container-monitor name=benchi-conduit
time=2026-08-02T15:40:39.427-07:00 level=DEBUG msg="promql query logged" test=archv2-parity tool=conduit-v2 collector=conduit type=conduit collector=conduit type=conduit params="map[end:2026-08-02T22:40:39.427Z query:rate(conduit_pipeline_execution_duration_seconds_count{pipeline_name=\"archv2-parity\"}[2s]) start:2026-08-02T22:39:58.427Z step:1]" stats="&{Timings:{EvalTotalTime:5.9833e-05 ResultSortTime:2.5e-07 QueryPreparationTime:1.6083e-05 InnerEvalTime:3.8292e-05 ExecQueueTime:2.584e-06 ExecTotalTime:6.4209e-05} Samples:0x140015c8600}" spanID=0000000000000000
time=2026-08-02T15:40:39.427-07:00 level=DEBUG msg="Query returned data" test=archv2-parity tool=conduit-v2 collector=conduit type=conduit collector=conduit type=conduit name=msg-rate-per-second[archv2-parity] series-count=1 last-value=20164.493480441324
time=2026-08-02T15:40:39.427-07:00 level=DEBUG msg="promql query logged" test=archv2-parity tool=conduit-v2 collector=conduit type=conduit collector=conduit type=conduit params="map[end:2026-08-02T22:40:39.427Z query:rate(conduit_connector_bytes_sum{pipeline_name=\"archv2-parity\",type=\"source\"}[2s])/1048576 start:2026-08-02T22:39:58.427Z step:1]" stats="&{Timings:{EvalTotalTime:6.3917e-05 ResultSortTime:1.67e-07 QueryPreparationTime:1.425e-05 InnerEvalTime:4.6292e-05 ExecQueueTime:8.33e-07 ExecTotalTime:6.6417e-05} Samples:0x140015c8c90}" spanID=0000000000000000
time=2026-08-02T15:40:39.427-07:00 level=DEBUG msg="Query returned data" test=archv2-parity tool=conduit-v2 collector=conduit type=conduit collector=conduit type=conduit name=msg-megabytes-in-per-second[archv2-parity] series-count=1 last-value=0.5690336466552979
time=2026-08-02T15:40:39.428-07:00 level=DEBUG msg="promql query logged" test=archv2-parity tool=conduit-v2 collector=conduit type=conduit collector=conduit type=conduit params="map[end:2026-08-02T22:40:39.427Z query:rate(conduit_connector_bytes_sum{pipeline_name=\"archv2-parity\",type=\"destination\"}[2s])/1048576 start:2026-08-02T22:39:58.427Z step:1]" stats="&{Timings:{EvalTotalTime:4.4625e-05 ResultSortTime:1.67e-07 QueryPreparationTime:4.042e-06 InnerEvalTime:3.5875e-05 ExecQueueTime:7.08e-07 ExecTotalTime:4.6583e-05} Samples:0x140015c92f0}" spanID=0000000000000000
time=2026-08-02T15:40:39.428-07:00 level=DEBUG msg="Query returned data" test=archv2-parity tool=conduit-v2 collector=conduit type=conduit collector=conduit type=conduit name=msg-megabytes-out-per-second[archv2-parity] series-count=1 last-value=0.5690546906221594
time=2026-08-02T15:40:39.564-07:00 level=DEBUG msg="Inspecting container" model=container-monitor name=benchi-conduit
time=2026-08-02T15:40:40.068-07:00 level=DEBUG msg="Inspecting container" model=container-monitor name=benchi-conduit
time=2026-08-02T15:40:40.427-07:00 level=DEBUG msg="promql query logged" test=archv2-parity tool=conduit-v2 collector=conduit type=conduit collector=conduit type=conduit params="map[end:2026-08-02T22:40:40.427Z query:rate(conduit_pipeline_execution_duration_seconds_count{pipeline_name=\"archv2-parity\"}[2s]) start:2026-08-02T22:39:58.427Z step:1]" stats="&{Timings:{EvalTotalTime:5.1834e-05 ResultSortTime:3.34e-07 QueryPreparationTime:1.3834e-05 InnerEvalTime:3.2917e-05 ExecQueueTime:2.375e-06 ExecTotalTime:5.6166e-05} Samples:0x140016709f0}" spanID=0000000000000000
time=2026-08-02T15:40:40.427-07:00 level=DEBUG msg="Query returned data" test=archv2-parity tool=conduit-v2 collector=conduit type=conduit collector=conduit type=conduit name=msg-rate-per-second[archv2-parity] series-count=1 last-value=21445
time=2026-08-02T15:40:40.428-07:00 level=DEBUG msg="promql query logged" test=archv2-parity tool=conduit-v2 collector=conduit type=conduit collector=conduit type=conduit params="map[end:2026-08-02T22:40:40.427Z query:rate(conduit_connector_bytes_sum{pipeline_name=\"archv2-parity\",type=\"source\"}[2s])/1048576 start:2026-08-02T22:39:58.427Z step:1]" stats="&{Timings:{EvalTotalTime:5.7583e-05 ResultSortTime:1.25e-07 QueryPreparationTime:5.792e-06 InnerEvalTime:4.85e-05 ExecQueueTime:7.91e-07 ExecTotalTime:5.9916e-05} Samples:0x14001671050}" spanID=0000000000000000
time=2026-08-02T15:40:40.428-07:00 level=DEBUG msg="Query returned data" test=archv2-parity tool=conduit-v2 collector=conduit type=conduit collector=conduit type=conduit name=msg-megabytes-in-per-second[archv2-parity] series-count=1 last-value=0.6064271926879883
time=2026-08-02T15:40:40.428-07:00 level=DEBUG msg="promql query logged" test=archv2-parity tool=conduit-v2 collector=conduit type=conduit collector=conduit type=conduit params="map[end:2026-08-02T22:40:40.428Z query:rate(conduit_connector_bytes_sum{pipeline_name=\"archv2-parity\",type=\"destination\"}[2s])/1048576 start:2026-08-02T22:39:58.427Z step:1]" stats="&{Timings:{EvalTotalTime:4.4875e-05 ResultSortTime:1.25e-07 QueryPreparationTime:4.333e-06 InnerEvalTime:3.7833e-05 ExecQueueTime:7.09e-07 ExecTotalTime:4.7541e-05} Samples:0x140016716b0}" spanID=0000000000000000
time=2026-08-02T15:40:40.428-07:00 level=DEBUG msg="Query returned data" test=archv2-parity tool=conduit-v2 collector=conduit type=conduit collector=conduit type=conduit name=msg-megabytes-out-per-second[archv2-parity] series-count=1 last-value=0.6064872741699219
time=2026-08-02T15:40:40.573-07:00 level=DEBUG msg="Inspecting container" model=container-monitor name=benchi-conduit
time=2026-08-02T15:40:41.079-07:00 level=DEBUG msg="Inspecting container" model=container-monitor name=benchi-conduit
time=2026-08-02T15:40:41.428-07:00 level=DEBUG msg="promql query logged" test=archv2-parity tool=conduit-v2 collector=conduit type=conduit collector=conduit type=conduit params="map[end:2026-08-02T22:40:41.428Z query:rate(conduit_pipeline_execution_duration_seconds_count{pipeline_name=\"archv2-parity\"}[2s]) start:2026-08-02T22:39:58.427Z step:1]" stats="&{Timings:{EvalTotalTime:5.5167e-05 ResultSortTime:5e-07 QueryPreparationTime:1.4334e-05 InnerEvalTime:3.2333e-05 ExecQueueTime:3.458e-06 ExecTotalTime:5.9833e-05} Samples:0x140017bef60}" spanID=0000000000000000
time=2026-08-02T15:40:41.428-07:00 level=DEBUG msg="Query returned data" test=archv2-parity tool=conduit-v2 collector=conduit type=conduit collector=conduit type=conduit name=msg-rate-per-second[archv2-parity] series-count=1 last-value=22890
time=2026-08-02T15:40:41.429-07:00 level=DEBUG msg="promql query logged" test=archv2-parity tool=conduit-v2 collector=conduit type=conduit collector=conduit type=conduit params="map[end:2026-08-02T22:40:41.428Z query:rate(conduit_connector_bytes_sum{pipeline_name=\"archv2-parity\",type=\"source\"}[2s])/1048576 start:2026-08-02T22:39:58.427Z step:1]" stats="&{Timings:{EvalTotalTime:5.7417e-05 ResultSortTime:1.25e-07 QueryPreparationTime:6.042e-06 InnerEvalTime:4.8e-05 ExecQueueTime:7.92e-07 ExecTotalTime:5.9792e-05} Samples:0x140017bf5c0}" spanID=0000000000000000
time=2026-08-02T15:40:41.429-07:00 level=DEBUG msg="Query returned data" test=archv2-parity tool=conduit-v2 collector=conduit type=conduit collector=conduit type=conduit name=msg-megabytes-in-per-second[archv2-parity] series-count=1 last-value=0.6447505950927734
time=2026-08-02T15:40:41.429-07:00 level=DEBUG msg="promql query logged" test=archv2-parity tool=conduit-v2 collector=conduit type=conduit collector=conduit type=conduit params="map[end:2026-08-02T22:40:41.429Z query:rate(conduit_connector_bytes_sum{pipeline_name=\"archv2-parity\",type=\"destination\"}[2s])/1048576 start:2026-08-02T22:39:58.427Z step:1]" stats="&{Timings:{EvalTotalTime:4.8167e-05 ResultSortTime:1.67e-07 QueryPreparationTime:4.541e-06 InnerEvalTime:3.95e-05 ExecQueueTime:7.51e-07 ExecTotalTime:5.0333e-05} Samples:0x140017bfc20}" spanID=0000000000000000
time=2026-08-02T15:40:41.429-07:00 level=DEBUG msg="Query returned data" test=archv2-parity tool=conduit-v2 collector=conduit type=conduit collector=conduit type=conduit name=msg-megabytes-out-per-second[archv2-parity] series-count=1 last-value=0.6447315216064453
time=2026-08-02T15:40:41.588-07:00 level=DEBUG msg="Inspecting container" model=container-monitor name=benchi-conduit
time=2026-08-02T15:40:42.099-07:00 level=DEBUG msg="Inspecting container" model=container-monitor name=benchi-conduit
time=2026-08-02T15:40:42.427-07:00 level=DEBUG msg="promql query logged" test=archv2-parity tool=conduit-v2 collector=conduit type=conduit collector=conduit type=conduit params="map[end:2026-08-02T22:40:42.427Z query:rate(conduit_pipeline_execution_duration_seconds_count{pipeline_name=\"archv2-parity\"}[2s]) start:2026-08-02T22:39:58.427Z step:1]" stats="&{Timings:{EvalTotalTime:0.000157875 ResultSortTime:5.83e-07 QueryPreparationTime:3.3041e-05 InnerEvalTime:0.000113625 ExecQueueTime:5.708e-06 ExecTotalTime:0.000167791} Samples:0x14001709500}" spanID=0000000000000000
time=2026-08-02T15:40:42.428-07:00 level=DEBUG msg="Query returned data" test=archv2-parity tool=conduit-v2 collector=conduit type=conduit collector=conduit type=conduit name=msg-rate-per-second[archv2-parity] series-count=1 last-value=23111
time=2026-08-02T15:40:42.428-07:00 level=DEBUG msg="promql query logged" test=archv2-parity tool=conduit-v2 collector=conduit type=conduit collector=conduit type=conduit params="map[end:2026-08-02T22:40:42.428Z query:rate(conduit_connector_bytes_sum{pipeline_name=\"archv2-parity\",type=\"source\"}[2s])/1048576 start:2026-08-02T22:39:58.427Z step:1]" stats="&{Timings:{EvalTotalTime:7.0875e-05 ResultSortTime:2.91e-07 QueryPreparationTime:1.2e-05 InnerEvalTime:4.9541e-05 ExecQueueTime:2.167e-06 ExecTotalTime:7.4459e-05} Samples:0x14001709b60}" spanID=0000000000000000
time=2026-08-02T15:40:42.428-07:00 level=DEBUG msg="Query returned data" test=archv2-parity tool=conduit-v2 collector=conduit type=conduit collector=conduit type=conduit name=msg-megabytes-in-per-second[archv2-parity] series-count=1 last-value=0.6533021926879883
time=2026-08-02T15:40:42.428-07:00 level=DEBUG msg="promql query logged" test=archv2-parity tool=conduit-v2 collector=conduit type=conduit collector=conduit type=conduit params="map[end:2026-08-02T22:40:42.428Z query:rate(conduit_connector_bytes_sum{pipeline_name=\"archv2-parity\",type=\"destination\"}[2s])/1048576 start:2026-08-02T22:39:58.427Z step:1]" stats="&{Timings:{EvalTotalTime:3.1167e-05 ResultSortTime:8.3e-08 QueryPreparationTime:2.875e-06 InnerEvalTime:2.6209e-05 ExecQueueTime:4.59e-07 ExecTotalTime:3.25e-05} Samples:0x1400173e240}" spanID=0000000000000000
time=2026-08-02T15:40:42.428-07:00 level=DEBUG msg="Query returned data" test=archv2-parity tool=conduit-v2 collector=conduit type=conduit collector=conduit type=conduit name=msg-megabytes-out-per-second[archv2-parity] series-count=1 last-value=0.6532716751098633
time=2026-08-02T15:40:42.611-07:00 level=DEBUG msg="Inspecting container" model=container-monitor name=benchi-conduit
time=2026-08-02T15:40:43.115-07:00 level=DEBUG msg="Inspecting container" model=container-monitor name=benchi-conduit
time=2026-08-02T15:40:43.428-07:00 level=INFO msg="Test in progress" test=archv2-parity tool=conduit-v2 step=test time-left=15s
time=2026-08-02T15:40:43.428-07:00 level=DEBUG msg="promql query logged" test=archv2-parity tool=conduit-v2 collector=conduit type=conduit collector=conduit type=conduit params="map[end:2026-08-02T22:40:43.427Z query:rate(conduit_pipeline_execution_duration_seconds_count{pipeline_name=\"archv2-parity\"}[2s]) start:2026-08-02T22:39:58.427Z step:1]" stats="&{Timings:{EvalTotalTime:6.25e-05 ResultSortTime:5e-07 QueryPreparationTime:1.725e-05 InnerEvalTime:3.9208e-05 ExecQueueTime:2.458e-06 ExecTotalTime:6.8208e-05} Samples:0x14000b96810}" spanID=0000000000000000
time=2026-08-02T15:40:43.428-07:00 level=DEBUG msg="Query returned data" test=archv2-parity tool=conduit-v2 collector=conduit type=conduit collector=conduit type=conduit name=msg-rate-per-second[archv2-parity] series-count=1 last-value=19305
time=2026-08-02T15:40:43.428-07:00 level=DEBUG msg="promql query logged" test=archv2-parity tool=conduit-v2 collector=conduit type=conduit collector=conduit type=conduit params="map[end:2026-08-02T22:40:43.428Z query:rate(conduit_connector_bytes_sum{pipeline_name=\"archv2-parity\",type=\"source\"}[2s])/1048576 start:2026-08-02T22:39:58.427Z step:1]" stats="&{Timings:{EvalTotalTime:9.4375e-05 ResultSortTime:2.5e-07 QueryPreparationTime:9.916e-06 InnerEvalTime:7.9292e-05 ExecQueueTime:9.58e-07 ExecTotalTime:9.7666e-05} Samples:0x1400173f5f0}" spanID=0000000000000000
time=2026-08-02T15:40:43.428-07:00 level=DEBUG msg="Query returned data" test=archv2-parity tool=conduit-v2 collector=conduit type=conduit collector=conduit type=conduit name=msg-megabytes-in-per-second[archv2-parity] series-count=1 last-value=0.5448503494262695
time=2026-08-02T15:40:43.428-07:00 level=DEBUG msg="promql query logged" test=archv2-parity tool=conduit-v2 collector=conduit type=conduit collector=conduit type=conduit params="map[end:2026-08-02T22:40:43.428Z query:rate(conduit_connector_bytes_sum{pipeline_name=\"archv2-parity\",type=\"destination\"}[2s])/1048576 start:2026-08-02T22:39:58.427Z step:1]" stats="&{Timings:{EvalTotalTime:5.5833e-05 ResultSortTime:2.08e-07 QueryPreparationTime:7.041e-06 InnerEvalTime:4.4333e-05 ExecQueueTime:8.75e-07 ExecTotalTime:6.2916e-05} Samples:0x1400173fc50}" spanID=0000000000000000
time=2026-08-02T15:40:43.428-07:00 level=DEBUG msg="Query returned data" test=archv2-parity tool=conduit-v2 collector=conduit type=conduit collector=conduit type=conduit name=msg-megabytes-out-per-second[archv2-parity] series-count=1 last-value=0.5448188781738281
time=2026-08-02T15:40:43.626-07:00 level=DEBUG msg="Inspecting container" model=container-monitor name=benchi-conduit
time=2026-08-02T15:40:44.132-07:00 level=DEBUG msg="Inspecting container" model=container-monitor name=benchi-conduit
time=2026-08-02T15:40:44.427-07:00 level=DEBUG msg="promql query logged" test=archv2-parity tool=conduit-v2 collector=conduit type=conduit collector=conduit type=conduit params="map[end:2026-08-02T22:40:44.427Z query:rate(conduit_pipeline_execution_duration_seconds_count{pipeline_name=\"archv2-parity\"}[2s]) start:2026-08-02T22:39:58.427Z step:1]" stats="&{Timings:{EvalTotalTime:0.000123083 ResultSortTime:6.67e-07 QueryPreparationTime:5.5083e-05 InnerEvalTime:5.5959e-05 ExecQueueTime:4.416e-06 ExecTotalTime:0.000131875} Samples:0x1400157f200}" spanID=0000000000000000
time=2026-08-02T15:40:44.427-07:00 level=DEBUG msg="Query returned data" test=archv2-parity tool=conduit-v2 collector=conduit type=conduit collector=conduit type=conduit name=msg-rate-per-second[archv2-parity] series-count=1 last-value=19864
time=2026-08-02T15:40:44.427-07:00 level=DEBUG msg="promql query logged" test=archv2-parity tool=conduit-v2 collector=conduit type=conduit collector=conduit type=conduit params="map[end:2026-08-02T22:40:44.427Z query:rate(conduit_connector_bytes_sum{pipeline_name=\"archv2-parity\",type=\"source\"}[2s])/1048576 start:2026-08-02T22:39:58.427Z step:1]" stats="&{Timings:{EvalTotalTime:5.9083e-05 ResultSortTime:2.91e-07 QueryPreparationTime:1.0917e-05 InnerEvalTime:4.2708e-05 ExecQueueTime:1.917e-06 ExecTotalTime:6.2084e-05} Samples:0x1400157f860}" spanID=0000000000000000
time=2026-08-02T15:40:44.427-07:00 level=DEBUG msg="Query returned data" test=archv2-parity tool=conduit-v2 collector=conduit type=conduit collector=conduit type=conduit name=msg-megabytes-in-per-second[archv2-parity] series-count=1 last-value=0.561039924621582
time=2026-08-02T15:40:44.427-07:00 level=DEBUG msg="promql query logged" test=archv2-parity tool=conduit-v2 collector=conduit type=conduit collector=conduit type=conduit params="map[end:2026-08-02T22:40:44.427Z query:rate(conduit_connector_bytes_sum{pipeline_name=\"archv2-parity\",type=\"destination\"}[2s])/1048576 start:2026-08-02T22:39:58.427Z step:1]" stats="&{Timings:{EvalTotalTime:2.8083e-05 ResultSortTime:1.25e-07 QueryPreparationTime:2.833e-06 InnerEvalTime:2.325e-05 ExecQueueTime:5e-07 ExecTotalTime:2.9333e-05} Samples:0x1400157fec0}" spanID=0000000000000000
time=2026-08-02T15:40:44.427-07:00 level=DEBUG msg="Query returned data" test=archv2-parity tool=conduit-v2 collector=conduit type=conduit collector=conduit type=conduit name=msg-megabytes-out-per-second[archv2-parity] series-count=1 last-value=0.561039924621582
time=2026-08-02T15:40:44.639-07:00 level=DEBUG msg="Inspecting container" model=container-monitor name=benchi-conduit
time=2026-08-02T15:40:45.145-07:00 level=DEBUG msg="Inspecting container" model=container-monitor name=benchi-conduit
time=2026-08-02T15:40:45.428-07:00 level=DEBUG msg="promql query logged" test=archv2-parity tool=conduit-v2 collector=conduit type=conduit collector=conduit type=conduit params="map[end:2026-08-02T22:40:45.428Z query:rate(conduit_pipeline_execution_duration_seconds_count{pipeline_name=\"archv2-parity\"}[2s]) start:2026-08-02T22:39:58.427Z step:1]" stats="&{Timings:{EvalTotalTime:5.9125e-05 ResultSortTime:2.92e-07 QueryPreparationTime:1.5708e-05 InnerEvalTime:3.8291e-05 ExecQueueTime:2.917e-06 ExecTotalTime:6.4334e-05} Samples:0x140011810b0}" spanID=0000000000000000
time=2026-08-02T15:40:45.428-07:00 level=DEBUG msg="Query returned data" test=archv2-parity tool=conduit-v2 collector=conduit type=conduit collector=conduit type=conduit name=msg-rate-per-second[archv2-parity] series-count=1 last-value=20023
time=2026-08-02T15:40:45.428-07:00 level=DEBUG msg="promql query logged" test=archv2-parity tool=conduit-v2 collector=conduit type=conduit collector=conduit type=conduit params="map[end:2026-08-02T22:40:45.428Z query:rate(conduit_connector_bytes_sum{pipeline_name=\"archv2-parity\",type=\"source\"}[2s])/1048576 start:2026-08-02T22:39:58.427Z step:1]" stats="&{Timings:{EvalTotalTime:6.3125e-05 ResultSortTime:2.5e-07 QueryPreparationTime:7.916e-06 InnerEvalTime:5.1417e-05 ExecQueueTime:1e-06 ExecTotalTime:6.5833e-05} Samples:0x14001181740}" spanID=0000000000000000
time=2026-08-02T15:40:45.428-07:00 level=DEBUG msg="Query returned data" test=archv2-parity tool=conduit-v2 collector=conduit type=conduit collector=conduit type=conduit name=msg-megabytes-in-per-second[archv2-parity] series-count=1 last-value=0.5656270980834961
time=2026-08-02T15:40:45.429-07:00 level=DEBUG msg="promql query logged" test=archv2-parity tool=conduit-v2 collector=conduit type=conduit collector=conduit type=conduit params="map[end:2026-08-02T22:40:45.428Z query:rate(conduit_connector_bytes_sum{pipeline_name=\"archv2-parity\",type=\"destination\"}[2s])/1048576 start:2026-08-02T22:39:58.427Z step:1]" stats="&{Timings:{EvalTotalTime:6.7209e-05 ResultSortTime:1.67e-07 QueryPreparationTime:8.583e-06 InnerEvalTime:5.3917e-05 ExecQueueTime:1.5e-06 ExecTotalTime:7.0416e-05} Samples:0x14001181da0}" spanID=0000000000000000
time=2026-08-02T15:40:45.429-07:00 level=DEBUG msg="Query returned data" test=archv2-parity tool=conduit-v2 collector=conduit type=conduit collector=conduit type=conduit name=msg-megabytes-out-per-second[archv2-parity] series-count=1 last-value=0.5656518936157227
time=2026-08-02T15:40:45.665-07:00 level=DEBUG msg="Inspecting container" model=container-monitor name=benchi-conduit
time=2026-08-02T15:40:46.170-07:00 level=DEBUG msg="Inspecting container" model=container-monitor name=benchi-conduit
time=2026-08-02T15:40:46.429-07:00 level=DEBUG msg="promql query logged" test=archv2-parity tool=conduit-v2 collector=conduit type=conduit collector=conduit type=conduit params="map[end:2026-08-02T22:40:46.428Z query:rate(conduit_pipeline_execution_duration_seconds_count{pipeline_name=\"archv2-parity\"}[2s]) start:2026-08-02T22:39:58.427Z step:1]" stats="&{Timings:{EvalTotalTime:4.0375e-05 ResultSortTime:5e-07 QueryPreparationTime:1.0834e-05 InnerEvalTime:2.5542e-05 ExecQueueTime:2.542e-06 ExecTotalTime:4.4959e-05} Samples:0x14001607e90}" spanID=0000000000000000
time=2026-08-02T15:40:46.429-07:00 level=DEBUG msg="Query returned data" test=archv2-parity tool=conduit-v2 collector=conduit type=conduit collector=conduit type=conduit name=msg-rate-per-second[archv2-parity] series-count=1 last-value=19657
time=2026-08-02T15:40:46.429-07:00 level=DEBUG msg="promql query logged" test=archv2-parity tool=conduit-v2 collector=conduit type=conduit collector=conduit type=conduit params="map[end:2026-08-02T22:40:46.429Z query:rate(conduit_connector_bytes_sum{pipeline_name=\"archv2-parity\",type=\"source\"}[2s])/1048576 start:2026-08-02T22:39:58.427Z step:1]" stats="&{Timings:{EvalTotalTime:3.5542e-05 ResultSortTime:1.25e-07 QueryPreparationTime:4.209e-06 InnerEvalTime:2.9459e-05 ExecQueueTime:1.249e-06 ExecTotalTime:3.6958e-05} Samples:0x140013b65a0}" spanID=0000000000000000
time=2026-08-02T15:40:46.429-07:00 level=DEBUG msg="Query returned data" test=archv2-parity tool=conduit-v2 collector=conduit type=conduit collector=conduit type=conduit name=msg-megabytes-in-per-second[archv2-parity] series-count=1 last-value=0.5554122924804688
time=2026-08-02T15:40:46.429-07:00 level=DEBUG msg="promql query logged" test=archv2-parity tool=conduit-v2 collector=conduit type=conduit collector=conduit type=conduit params="map[end:2026-08-02T22:40:46.429Z query:rate(conduit_connector_bytes_sum{pipeline_name=\"archv2-parity\",type=\"destination\"}[2s])/1048576 start:2026-08-02T22:39:58.427Z step:1]" stats="&{Timings:{EvalTotalTime:2.6667e-05 ResultSortTime:8.3e-08 QueryPreparationTime:2.625e-06 InnerEvalTime:2.25e-05 ExecQueueTime:5.42e-07 ExecTotalTime:2.7833e-05} Samples:0x140013b6c00}" spanID=0000000000000000
time=2026-08-02T15:40:46.429-07:00 level=DEBUG msg="Query returned data" test=archv2-parity tool=conduit-v2 collector=conduit type=conduit collector=conduit type=conduit name=msg-megabytes-out-per-second[archv2-parity] series-count=1 last-value=0.5554132461547852
time=2026-08-02T15:40:46.680-07:00 level=DEBUG msg="Inspecting container" model=container-monitor name=benchi-conduit
time=2026-08-02T15:40:47.186-07:00 level=DEBUG msg="Inspecting container" model=container-monitor name=benchi-conduit
time=2026-08-02T15:40:47.429-07:00 level=DEBUG msg="promql query logged" test=archv2-parity tool=conduit-v2 collector=conduit type=conduit collector=conduit type=conduit params="map[end:2026-08-02T22:40:47.428Z query:rate(conduit_pipeline_execution_duration_seconds_count{pipeline_name=\"archv2-parity\"}[2s]) start:2026-08-02T22:39:58.427Z step:1]" stats="&{Timings:{EvalTotalTime:0.00041475 ResultSortTime:7.09e-07 QueryPreparationTime:0.000316583 InnerEvalTime:6.6459e-05 ExecQueueTime:3.251e-06 ExecTotalTime:0.00042375} Samples:0x1400191f0b0}" spanID=0000000000000000
time=2026-08-02T15:40:47.429-07:00 level=DEBUG msg="Query returned data" test=archv2-parity tool=conduit-v2 collector=conduit type=conduit collector=conduit type=conduit name=msg-rate-per-second[archv2-parity] series-count=1 last-value=21020
time=2026-08-02T15:40:47.429-07:00 level=DEBUG msg="promql query logged" test=archv2-parity tool=conduit-v2 collector=conduit type=conduit collector=conduit type=conduit params="map[end:2026-08-02T22:40:47.429Z query:rate(conduit_connector_bytes_sum{pipeline_name=\"archv2-parity\",type=\"source\"}[2s])/1048576 start:2026-08-02T22:39:58.427Z step:1]" stats="&{Timings:{EvalTotalTime:9.8459e-05 ResultSortTime:5e-07 QueryPreparationTime:1.5333e-05 InnerEvalTime:7.6833e-05 ExecQueueTime:4.583e-06 ExecTotalTime:0.000105458} Samples:0x1400191f710}" spanID=0000000000000000
time=2026-08-02T15:40:47.429-07:00 level=DEBUG msg="Query returned data" test=archv2-parity tool=conduit-v2 collector=conduit type=conduit collector=conduit type=conduit name=msg-megabytes-in-per-second[archv2-parity] series-count=1 last-value=0.5943622589111328
time=2026-08-02T15:40:47.430-07:00 level=DEBUG msg="promql query logged" test=archv2-parity tool=conduit-v2 collector=conduit type=conduit collector=conduit type=conduit params="map[end:2026-08-02T22:40:47.429Z query:rate(conduit_connector_bytes_sum{pipeline_name=\"archv2-parity\",type=\"destination\"}[2s])/1048576 start:2026-08-02T22:39:58.427Z step:1]" stats="&{Timings:{EvalTotalTime:7.35e-05 ResultSortTime:3.33e-07 QueryPreparationTime:1.0333e-05 InnerEvalTime:5.6875e-05 ExecQueueTime:1.708e-06 ExecTotalTime:7.7875e-05} Samples:0x1400191fd70}" spanID=0000000000000000
time=2026-08-02T15:40:47.430-07:00 level=DEBUG msg="Query returned data" test=archv2-parity tool=conduit-v2 collector=conduit type=conduit collector=conduit type=conduit name=msg-megabytes-out-per-second[archv2-parity] series-count=1 last-value=0.5943365097045898
time=2026-08-02T15:40:47.690-07:00 level=DEBUG msg="Inspecting container" model=container-monitor name=benchi-conduit
time=2026-08-02T15:40:48.203-07:00 level=DEBUG msg="Inspecting container" model=container-monitor name=benchi-conduit
time=2026-08-02T15:40:48.428-07:00 level=INFO msg="Test in progress" test=archv2-parity tool=conduit-v2 step=test time-left=10s
time=2026-08-02T15:40:48.428-07:00 level=DEBUG msg="promql query logged" test=archv2-parity tool=conduit-v2 collector=conduit type=conduit collector=conduit type=conduit params="map[end:2026-08-02T22:40:48.428Z query:rate(conduit_pipeline_execution_duration_seconds_count{pipeline_name=\"archv2-parity\"}[2s]) start:2026-08-02T22:39:58.427Z step:1]" stats="&{Timings:{EvalTotalTime:5.6041e-05 ResultSortTime:3.75e-07 QueryPreparationTime:1.4916e-05 InnerEvalTime:3.5709e-05 ExecQueueTime:2.916e-06 ExecTotalTime:6.3583e-05} Samples:0x14001401710}" spanID=0000000000000000
time=2026-08-02T15:40:48.428-07:00 level=DEBUG msg="Query returned data" test=archv2-parity tool=conduit-v2 collector=conduit type=conduit collector=conduit type=conduit name=msg-rate-per-second[archv2-parity] series-count=1 last-value=20352
time=2026-08-02T15:40:48.429-07:00 level=DEBUG msg="promql query logged" test=archv2-parity tool=conduit-v2 collector=conduit type=conduit collector=conduit type=conduit params="map[end:2026-08-02T22:40:48.428Z query:rate(conduit_connector_bytes_sum{pipeline_name=\"archv2-parity\",type=\"source\"}[2s])/1048576 start:2026-08-02T22:39:58.427Z step:1]" stats="&{Timings:{EvalTotalTime:7.7833e-05 ResultSortTime:2.5e-07 QueryPreparationTime:1.2125e-05 InnerEvalTime:6.1209e-05 ExecQueueTime:1.083e-06 ExecTotalTime:8.1542e-05} Samples:0x140016ac300}" spanID=0000000000000000
time=2026-08-02T15:40:48.429-07:00 level=DEBUG msg="Query returned data" test=archv2-parity tool=conduit-v2 collector=conduit type=conduit collector=conduit type=conduit name=msg-megabytes-in-per-second[archv2-parity] series-count=1 last-value=0.5748214721679688
time=2026-08-02T15:40:48.429-07:00 level=DEBUG msg="promql query logged" test=archv2-parity tool=conduit-v2 collector=conduit type=conduit collector=conduit type=conduit params="map[end:2026-08-02T22:40:48.429Z query:rate(conduit_connector_bytes_sum{pipeline_name=\"archv2-parity\",type=\"destination\"}[2s])/1048576 start:2026-08-02T22:39:58.427Z step:1]" stats="&{Timings:{EvalTotalTime:5.7416e-05 ResultSortTime:1.67e-07 QueryPreparationTime:5.791e-06 InnerEvalTime:4.7333e-05 ExecQueueTime:8.33e-07 ExecTotalTime:6.0333e-05} Samples:0x140016ac960}" spanID=0000000000000000
time=2026-08-02T15:40:48.429-07:00 level=DEBUG msg="Query returned data" test=archv2-parity tool=conduit-v2 collector=conduit type=conduit collector=conduit type=conduit name=msg-megabytes-out-per-second[archv2-parity] series-count=1 last-value=0.5748453140258789
time=2026-08-02T15:40:48.712-07:00 level=DEBUG msg="Inspecting container" model=container-monitor name=benchi-conduit
time=2026-08-02T15:40:49.219-07:00 level=DEBUG msg="Inspecting container" model=container-monitor name=benchi-conduit
time=2026-08-02T15:40:49.428-07:00 level=DEBUG msg="promql query logged" test=archv2-parity tool=conduit-v2 collector=conduit type=conduit collector=conduit type=conduit params="map[end:2026-08-02T22:40:49.428Z query:rate(conduit_pipeline_execution_duration_seconds_count{pipeline_name=\"archv2-parity\"}[2s]) start:2026-08-02T22:39:58.427Z step:1]" stats="&{Timings:{EvalTotalTime:0.000125875 ResultSortTime:1.541e-06 QueryPreparationTime:4.25e-05 InnerEvalTime:7.2875e-05 ExecQueueTime:5.375e-06 ExecTotalTime:0.000135833} Samples:0x140017d7ce0}" spanID=0000000000000000
time=2026-08-02T15:40:49.430-07:00 level=DEBUG msg="Query returned data" test=archv2-parity tool=conduit-v2 collector=conduit type=conduit collector=conduit type=conduit name=msg-rate-per-second[archv2-parity] series-count=1 last-value=20927
time=2026-08-02T15:40:49.430-07:00 level=DEBUG msg="promql query logged" test=archv2-parity tool=conduit-v2 collector=conduit type=conduit collector=conduit type=conduit params="map[end:2026-08-02T22:40:49.430Z query:rate(conduit_connector_bytes_sum{pipeline_name=\"archv2-parity\",type=\"source\"}[2s])/1048576 start:2026-08-02T22:39:58.427Z step:1]" stats="&{Timings:{EvalTotalTime:7.7416e-05 ResultSortTime:5e-07 QueryPreparationTime:1.5667e-05 InnerEvalTime:5.7292e-05 ExecQueueTime:2.458e-06 ExecTotalTime:8.3459e-05} Samples:0x140011443f0}" spanID=0000000000000000
time=2026-08-02T15:40:49.430-07:00 level=DEBUG msg="Query returned data" test=archv2-parity tool=conduit-v2 collector=conduit type=conduit collector=conduit type=conduit name=msg-megabytes-in-per-second[archv2-parity] series-count=1 last-value=0.590423583984375
time=2026-08-02T15:40:49.430-07:00 level=DEBUG msg="promql query logged" test=archv2-parity tool=conduit-v2 collector=conduit type=conduit collector=conduit type=conduit params="map[end:2026-08-02T22:40:49.430Z query:rate(conduit_connector_bytes_sum{pipeline_name=\"archv2-parity\",type=\"destination\"}[2s])/1048576 start:2026-08-02T22:39:58.427Z step:1]" stats="&{Timings:{EvalTotalTime:3.25e-05 ResultSortTime:8.4e-08 QueryPreparationTime:3.083e-06 InnerEvalTime:2.7791e-05 ExecQueueTime:6.66e-07 ExecTotalTime:3.4041e-05} Samples:0x14001144a50}" spanID=0000000000000000
time=2026-08-02T15:40:49.430-07:00 level=DEBUG msg="Query returned data" test=archv2-parity tool=conduit-v2 collector=conduit type=conduit collector=conduit type=conduit name=msg-megabytes-out-per-second[archv2-parity] series-count=1 last-value=0.5904273986816406
time=2026-08-02T15:40:49.724-07:00 level=DEBUG msg="Inspecting container" model=container-monitor name=benchi-conduit
time=2026-08-02T15:40:50.235-07:00 level=DEBUG msg="Inspecting container" model=container-monitor name=benchi-conduit
time=2026-08-02T15:40:50.427-07:00 level=DEBUG msg="promql query logged" test=archv2-parity tool=conduit-v2 collector=conduit type=conduit collector=conduit type=conduit params="map[end:2026-08-02T22:40:50.427Z query:rate(conduit_pipeline_execution_duration_seconds_count{pipeline_name=\"archv2-parity\"}[2s]) start:2026-08-02T22:39:58.427Z step:1]" stats="&{Timings:{EvalTotalTime:5.375e-05 ResultSortTime:3.75e-07 QueryPreparationTime:1.3958e-05 InnerEvalTime:3.4875e-05 ExecQueueTime:2.25e-06 ExecTotalTime:5.8375e-05} Samples:0x140010d0b10}" spanID=0000000000000000
time=2026-08-02T15:40:50.427-07:00 level=DEBUG msg="Query returned data" test=archv2-parity tool=conduit-v2 collector=conduit type=conduit collector=conduit type=conduit name=msg-rate-per-second[archv2-parity] series-count=1 last-value=21169
time=2026-08-02T15:40:50.427-07:00 level=DEBUG msg="promql query logged" test=archv2-parity tool=conduit-v2 collector=conduit type=conduit collector=conduit type=conduit params="map[end:2026-08-02T22:40:50.427Z query:rate(conduit_connector_bytes_sum{pipeline_name=\"archv2-parity\",type=\"source\"}[2s])/1048576 start:2026-08-02T22:39:58.427Z step:1]" stats="&{Timings:{EvalTotalTime:7.6917e-05 ResultSortTime:2.91e-07 QueryPreparationTime:8.083e-06 InnerEvalTime:6.4834e-05 ExecQueueTime:1.166e-06 ExecTotalTime:7.9916e-05} Samples:0x140010d1170}" spanID=0000000000000000
time=2026-08-02T15:40:50.427-07:00 level=DEBUG msg="Query returned data" test=archv2-parity tool=conduit-v2 collector=conduit type=conduit collector=conduit type=conduit name=msg-megabytes-in-per-second[archv2-parity] series-count=1 last-value=0.59814453125
time=2026-08-02T15:40:50.427-07:00 level=DEBUG msg="promql query logged" test=archv2-parity tool=conduit-v2 collector=conduit type=conduit collector=conduit type=conduit params="map[end:2026-08-02T22:40:50.427Z query:rate(conduit_connector_bytes_sum{pipeline_name=\"archv2-parity\",type=\"destination\"}[2s])/1048576 start:2026-08-02T22:39:58.427Z step:1]" stats="&{Timings:{EvalTotalTime:5.9083e-05 ResultSortTime:1.67e-07 QueryPreparationTime:7.542e-06 InnerEvalTime:4.8458e-05 ExecQueueTime:8.33e-07 ExecTotalTime:6.1375e-05} Samples:0x140010d17d0}" spanID=0000000000000000
time=2026-08-02T15:40:50.428-07:00 level=DEBUG msg="Query returned data" test=archv2-parity tool=conduit-v2 collector=conduit type=conduit collector=conduit type=conduit name=msg-megabytes-out-per-second[archv2-parity] series-count=1 last-value=0.59814453125
time=2026-08-02T15:40:50.743-07:00 level=DEBUG msg="Inspecting container" model=container-monitor name=benchi-conduit
time=2026-08-02T15:40:51.249-07:00 level=DEBUG msg="Inspecting container" model=container-monitor name=benchi-conduit
time=2026-08-02T15:40:51.428-07:00 level=DEBUG msg="promql query logged" test=archv2-parity tool=conduit-v2 collector=conduit type=conduit collector=conduit type=conduit params="map[end:2026-08-02T22:40:51.428Z query:rate(conduit_pipeline_execution_duration_seconds_count{pipeline_name=\"archv2-parity\"}[2s]) start:2026-08-02T22:39:58.427Z step:1]" stats="&{Timings:{EvalTotalTime:0.000120625 ResultSortTime:6.292e-06 QueryPreparationTime:1.8334e-05 InnerEvalTime:8.8208e-05 ExecQueueTime:3.75e-06 ExecTotalTime:0.000170084} Samples:0x14001064db0}" spanID=0000000000000000
time=2026-08-02T15:40:51.429-07:00 level=DEBUG msg="Query returned data" test=archv2-parity tool=conduit-v2 collector=conduit type=conduit collector=conduit type=conduit name=msg-rate-per-second[archv2-parity] series-count=1 last-value=21107
time=2026-08-02T15:40:51.429-07:00 level=DEBUG msg="promql query logged" test=archv2-parity tool=conduit-v2 collector=conduit type=conduit collector=conduit type=conduit params="map[end:2026-08-02T22:40:51.429Z query:rate(conduit_connector_bytes_sum{pipeline_name=\"archv2-parity\",type=\"source\"}[2s])/1048576 start:2026-08-02T22:39:58.427Z step:1]" stats="&{Timings:{EvalTotalTime:5.5958e-05 ResultSortTime:2.08e-07 QueryPreparationTime:9.959e-06 InnerEvalTime:4.3042e-05 ExecQueueTime:1.834e-06 ExecTotalTime:5.9e-05} Samples:0x14001065410}" spanID=0000000000000000
time=2026-08-02T15:40:51.429-07:00 level=DEBUG msg="Query returned data" test=archv2-parity tool=conduit-v2 collector=conduit type=conduit collector=conduit type=conduit name=msg-megabytes-in-per-second[archv2-parity] series-count=1 last-value=0.5954065322875977
time=2026-08-02T15:40:51.429-07:00 level=DEBUG msg="promql query logged" test=archv2-parity tool=conduit-v2 collector=conduit type=conduit collector=conduit type=conduit params="map[end:2026-08-02T22:40:51.429Z query:rate(conduit_connector_bytes_sum{pipeline_name=\"archv2-parity\",type=\"destination\"}[2s])/1048576 start:2026-08-02T22:39:58.427Z step:1]" stats="&{Timings:{EvalTotalTime:3.1834e-05 ResultSortTime:1.25e-07 QueryPreparationTime:2.916e-06 InnerEvalTime:2.6541e-05 ExecQueueTime:4.58e-07 ExecTotalTime:3.3167e-05} Samples:0x14001065a70}" spanID=0000000000000000
time=2026-08-02T15:40:51.429-07:00 level=DEBUG msg="Query returned data" test=archv2-parity tool=conduit-v2 collector=conduit type=conduit collector=conduit type=conduit name=msg-megabytes-out-per-second[archv2-parity] series-count=1 last-value=0.5954055786132812
time=2026-08-02T15:40:51.755-07:00 level=DEBUG msg="Inspecting container" model=container-monitor name=benchi-conduit
time=2026-08-02T15:40:52.266-07:00 level=DEBUG msg="Inspecting container" model=container-monitor name=benchi-conduit
time=2026-08-02T15:40:52.427-07:00 level=DEBUG msg="promql query logged" test=archv2-parity tool=conduit-v2 collector=conduit type=conduit collector=conduit type=conduit params="map[end:2026-08-02T22:40:52.427Z query:rate(conduit_pipeline_execution_duration_seconds_count{pipeline_name=\"archv2-parity\"}[2s]) start:2026-08-02T22:39:58.427Z step:1]" stats="&{Timings:{EvalTotalTime:8.2125e-05 ResultSortTime:3.75e-07 QueryPreparationTime:2.2833e-05 InnerEvalTime:5.2625e-05 ExecQueueTime:3.416e-06 ExecTotalTime:8.8458e-05} Samples:0x14001411140}" spanID=0000000000000000
time=2026-08-02T15:40:52.427-07:00 level=DEBUG msg="Query returned data" test=archv2-parity tool=conduit-v2 collector=conduit type=conduit collector=conduit type=conduit name=msg-rate-per-second[archv2-parity] series-count=1 last-value=20813
time=2026-08-02T15:40:52.431-07:00 level=DEBUG msg="promql query logged" test=archv2-parity tool=conduit-v2 collector=conduit type=conduit collector=conduit type=conduit params="map[end:2026-08-02T22:40:52.431Z query:rate(conduit_connector_bytes_sum{pipeline_name=\"archv2-parity\",type=\"source\"}[2s])/1048576 start:2026-08-02T22:39:58.427Z step:1]" stats="&{Timings:{EvalTotalTime:6.6458e-05 ResultSortTime:3.75e-07 QueryPreparationTime:1.4417e-05 InnerEvalTime:4.8834e-05 ExecQueueTime:1.625e-06 ExecTotalTime:6.9375e-05} Samples:0x140014117a0}" spanID=0000000000000000
time=2026-08-02T15:40:52.431-07:00 level=DEBUG msg="Query returned data" test=archv2-parity tool=conduit-v2 collector=conduit type=conduit collector=conduit type=conduit name=msg-megabytes-in-per-second[archv2-parity] series-count=1 last-value=0.5878667831420898
time=2026-08-02T15:40:52.431-07:00 level=DEBUG msg="promql query logged" test=archv2-parity tool=conduit-v2 collector=conduit type=conduit collector=conduit type=conduit params="map[end:2026-08-02T22:40:52.431Z query:rate(conduit_connector_bytes_sum{pipeline_name=\"archv2-parity\",type=\"destination\"}[2s])/1048576 start:2026-08-02T22:39:58.427Z step:1]" stats="&{Timings:{EvalTotalTime:3.125e-05 ResultSortTime:4.2e-08 QueryPreparationTime:3.542e-06 InnerEvalTime:2.6125e-05 ExecQueueTime:5.42e-07 ExecTotalTime:3.2958e-05} Samples:0x14001411e00}" spanID=0000000000000000
time=2026-08-02T15:40:52.431-07:00 level=DEBUG msg="Query returned data" test=archv2-parity tool=conduit-v2 collector=conduit type=conduit collector=conduit type=conduit name=msg-megabytes-out-per-second[archv2-parity] series-count=1 last-value=0.5878715515136719
time=2026-08-02T15:40:52.771-07:00 level=DEBUG msg="Inspecting container" model=container-monitor name=benchi-conduit
time=2026-08-02T15:40:53.280-07:00 level=DEBUG msg="Inspecting container" model=container-monitor name=benchi-conduit
time=2026-08-02T15:40:53.428-07:00 level=INFO msg="Test in progress" test=archv2-parity tool=conduit-v2 step=test time-left=5s
time=2026-08-02T15:40:53.429-07:00 level=DEBUG msg="promql query logged" test=archv2-parity tool=conduit-v2 collector=conduit type=conduit collector=conduit type=conduit params="map[end:2026-08-02T22:40:53.429Z query:rate(conduit_pipeline_execution_duration_seconds_count{pipeline_name=\"archv2-parity\"}[2s]) start:2026-08-02T22:39:58.427Z step:1]" stats="&{Timings:{EvalTotalTime:6.1416e-05 ResultSortTime:4.16e-07 QueryPreparationTime:1.6916e-05 InnerEvalTime:3.9458e-05 ExecQueueTime:2.166e-06 ExecTotalTime:6.6e-05} Samples:0x14001538f00}" spanID=0000000000000000
time=2026-08-02T15:40:53.429-07:00 level=DEBUG msg="Query returned data" test=archv2-parity tool=conduit-v2 collector=conduit type=conduit collector=conduit type=conduit name=msg-rate-per-second[archv2-parity] series-count=1 last-value=21230
time=2026-08-02T15:40:53.429-07:00 level=DEBUG msg="promql query logged" test=archv2-parity tool=conduit-v2 collector=conduit type=conduit collector=conduit type=conduit params="map[end:2026-08-02T22:40:53.429Z query:rate(conduit_connector_bytes_sum{pipeline_name=\"archv2-parity\",type=\"source\"}[2s])/1048576 start:2026-08-02T22:39:58.427Z step:1]" stats="&{Timings:{EvalTotalTime:6.8167e-05 ResultSortTime:1.67e-07 QueryPreparationTime:6.916e-06 InnerEvalTime:5.7792e-05 ExecQueueTime:7.92e-07 ExecTotalTime:7.075e-05} Samples:0x14001539560}" spanID=0000000000000000
time=2026-08-02T15:40:53.429-07:00 level=DEBUG msg="Query returned data" test=archv2-parity tool=conduit-v2 collector=conduit type=conduit collector=conduit type=conduit name=msg-megabytes-in-per-second[archv2-parity] series-count=1 last-value=0.5999412536621094
time=2026-08-02T15:40:53.429-07:00 level=DEBUG msg="promql query logged" test=archv2-parity tool=conduit-v2 collector=conduit type=conduit collector=conduit type=conduit params="map[end:2026-08-02T22:40:53.429Z query:rate(conduit_connector_bytes_sum{pipeline_name=\"archv2-parity\",type=\"destination\"}[2s])/1048576 start:2026-08-02T22:39:58.427Z step:1]" stats="&{Timings:{EvalTotalTime:5.3083e-05 ResultSortTime:1.25e-07 QueryPreparationTime:4.458e-06 InnerEvalTime:4.5708e-05 ExecQueueTime:7.08e-07 ExecTotalTime:5.4917e-05} Samples:0x14001539bc0}" spanID=0000000000000000
time=2026-08-02T15:40:53.429-07:00 level=DEBUG msg="Query returned data" test=archv2-parity tool=conduit-v2 collector=conduit type=conduit collector=conduit type=conduit name=msg-megabytes-out-per-second[archv2-parity] series-count=1 last-value=0.5999412536621094
time=2026-08-02T15:40:53.789-07:00 level=DEBUG msg="Inspecting container" model=container-monitor name=benchi-conduit
time=2026-08-02T15:40:54.294-07:00 level=DEBUG msg="Inspecting container" model=container-monitor name=benchi-conduit
time=2026-08-02T15:40:54.428-07:00 level=DEBUG msg="promql query logged" test=archv2-parity tool=conduit-v2 collector=conduit type=conduit collector=conduit type=conduit params="map[end:2026-08-02T22:40:54.428Z query:rate(conduit_pipeline_execution_duration_seconds_count{pipeline_name=\"archv2-parity\"}[2s]) start:2026-08-02T22:39:58.427Z step:1]" stats="&{Timings:{EvalTotalTime:7.1417e-05 ResultSortTime:4.58e-07 QueryPreparationTime:1.9917e-05 InnerEvalTime:4.5084e-05 ExecQueueTime:2.959e-06 ExecTotalTime:7.7292e-05} Samples:0x1400163f200}" spanID=0000000000000000
time=2026-08-02T15:40:54.428-07:00 level=DEBUG msg="Query returned data" test=archv2-parity tool=conduit-v2 collector=conduit type=conduit collector=conduit type=conduit name=msg-rate-per-second[archv2-parity] series-count=1 last-value=20781
time=2026-08-02T15:40:54.428-07:00 level=DEBUG msg="promql query logged" test=archv2-parity tool=conduit-v2 collector=conduit type=conduit collector=conduit type=conduit params="map[end:2026-08-02T22:40:54.428Z query:rate(conduit_connector_bytes_sum{pipeline_name=\"archv2-parity\",type=\"source\"}[2s])/1048576 start:2026-08-02T22:39:58.427Z step:1]" stats="&{Timings:{EvalTotalTime:8.425e-05 ResultSortTime:2.08e-07 QueryPreparationTime:1.0834e-05 InnerEvalTime:6.8917e-05 ExecQueueTime:1.584e-06 ExecTotalTime:8.8041e-05} Samples:0x1400163f860}" spanID=0000000000000000
time=2026-08-02T15:40:54.428-07:00 level=DEBUG msg="Query returned data" test=archv2-parity tool=conduit-v2 collector=conduit type=conduit collector=conduit type=conduit name=msg-megabytes-in-per-second[archv2-parity] series-count=1 last-value=0.5876703262329102
time=2026-08-02T15:40:54.428-07:00 level=DEBUG msg="promql query logged" test=archv2-parity tool=conduit-v2 collector=conduit type=conduit collector=conduit type=conduit params="map[end:2026-08-02T22:40:54.428Z query:rate(conduit_connector_bytes_sum{pipeline_name=\"archv2-parity\",type=\"destination\"}[2s])/1048576 start:2026-08-02T22:39:58.427Z step:1]" stats="&{Timings:{EvalTotalTime:7.0375e-05 ResultSortTime:2.92e-07 QueryPreparationTime:6.125e-06 InnerEvalTime:6.0084e-05 ExecQueueTime:7.92e-07 ExecTotalTime:7.3333e-05} Samples:0x1400163fec0}" spanID=0000000000000000
time=2026-08-02T15:40:54.428-07:00 level=DEBUG msg="Query returned data" test=archv2-parity tool=conduit-v2 collector=conduit type=conduit collector=conduit type=conduit name=msg-megabytes-out-per-second[archv2-parity] series-count=1 last-value=0.5876646041870117
time=2026-08-02T15:40:54.799-07:00 level=DEBUG msg="Inspecting container" model=container-monitor name=benchi-conduit
time=2026-08-02T15:40:55.306-07:00 level=DEBUG msg="Inspecting container" model=container-monitor name=benchi-conduit
time=2026-08-02T15:40:55.428-07:00 level=DEBUG msg="promql query logged" test=archv2-parity tool=conduit-v2 collector=conduit type=conduit collector=conduit type=conduit params="map[end:2026-08-02T22:40:55.428Z query:rate(conduit_pipeline_execution_duration_seconds_count{pipeline_name=\"archv2-parity\"}[2s]) start:2026-08-02T22:39:58.427Z step:1]" stats="&{Timings:{EvalTotalTime:5.9541e-05 ResultSortTime:3.75e-07 QueryPreparationTime:1.4458e-05 InnerEvalTime:3.7041e-05 ExecQueueTime:2.459e-06 ExecTotalTime:6.4958e-05} Samples:0x140012decc0}" spanID=0000000000000000
time=2026-08-02T15:40:55.429-07:00 level=DEBUG msg="Query returned data" test=archv2-parity tool=conduit-v2 collector=conduit type=conduit collector=conduit type=conduit name=msg-rate-per-second[archv2-parity] series-count=1 last-value=21372
time=2026-08-02T15:40:55.429-07:00 level=DEBUG msg="promql query logged" test=archv2-parity tool=conduit-v2 collector=conduit type=conduit collector=conduit type=conduit params="map[end:2026-08-02T22:40:55.429Z query:rate(conduit_connector_bytes_sum{pipeline_name=\"archv2-parity\",type=\"source\"}[2s])/1048576 start:2026-08-02T22:39:58.427Z step:1]" stats="&{Timings:{EvalTotalTime:5.5333e-05 ResultSortTime:1.67e-07 QueryPreparationTime:7.791e-06 InnerEvalTime:4.4875e-05 ExecQueueTime:1.5e-06 ExecTotalTime:5.7958e-05} Samples:0x140012df320}" spanID=0000000000000000
time=2026-08-02T15:40:55.429-07:00 level=DEBUG msg="Query returned data" test=archv2-parity tool=conduit-v2 collector=conduit type=conduit collector=conduit type=conduit name=msg-megabytes-in-per-second[archv2-parity] series-count=1 last-value=0.6051368713378906
time=2026-08-02T15:40:55.429-07:00 level=DEBUG msg="promql query logged" test=archv2-parity tool=conduit-v2 collector=conduit type=conduit collector=conduit type=conduit params="map[end:2026-08-02T22:40:55.429Z query:rate(conduit_connector_bytes_sum{pipeline_name=\"archv2-parity\",type=\"destination\"}[2s])/1048576 start:2026-08-02T22:39:58.427Z step:1]" stats="&{Timings:{EvalTotalTime:3.3583e-05 ResultSortTime:8.3e-08 QueryPreparationTime:3.125e-06 InnerEvalTime:2.8792e-05 ExecQueueTime:5e-07 ExecTotalTime:3.5166e-05} Samples:0x140012df980}" spanID=0000000000000000
time=2026-08-02T15:40:55.429-07:00 level=DEBUG msg="Query returned data" test=archv2-parity tool=conduit-v2 collector=conduit type=conduit collector=conduit type=conduit name=msg-megabytes-out-per-second[archv2-parity] series-count=1 last-value=0.6051406860351562
time=2026-08-02T15:40:55.810-07:00 level=DEBUG msg="Inspecting container" model=container-monitor name=benchi-conduit
time=2026-08-02T15:40:56.316-07:00 level=DEBUG msg="Inspecting container" model=container-monitor name=benchi-conduit
time=2026-08-02T15:40:56.428-07:00 level=DEBUG msg="promql query logged" test=archv2-parity tool=conduit-v2 collector=conduit type=conduit collector=conduit type=conduit params="map[end:2026-08-02T22:40:56.428Z query:rate(conduit_pipeline_execution_duration_seconds_count{pipeline_name=\"archv2-parity\"}[2s]) start:2026-08-02T22:39:58.427Z step:1]" stats="&{Timings:{EvalTotalTime:5.9708e-05 ResultSortTime:4.17e-07 QueryPreparationTime:1.4416e-05 InnerEvalTime:4.0583e-05 ExecQueueTime:2.333e-06 ExecTotalTime:6.3917e-05} Samples:0x14001677470}" spanID=0000000000000000
time=2026-08-02T15:40:56.428-07:00 level=DEBUG msg="Query returned data" test=archv2-parity tool=conduit-v2 collector=conduit type=conduit collector=conduit type=conduit name=msg-rate-per-second[archv2-parity] series-count=1 last-value=22230
time=2026-08-02T15:40:56.428-07:00 level=DEBUG msg="promql query logged" test=archv2-parity tool=conduit-v2 collector=conduit type=conduit collector=conduit type=conduit params="map[end:2026-08-02T22:40:56.428Z query:rate(conduit_connector_bytes_sum{pipeline_name=\"archv2-parity\",type=\"source\"}[2s])/1048576 start:2026-08-02T22:39:58.427Z step:1]" stats="&{Timings:{EvalTotalTime:6.9166e-05 ResultSortTime:2.08e-07 QueryPreparationTime:6.542e-06 InnerEvalTime:5.9292e-05 ExecQueueTime:1e-06 ExecTotalTime:7.1333e-05} Samples:0x14001677ad0}" spanID=0000000000000000
time=2026-08-02T15:40:56.428-07:00 level=DEBUG msg="Query returned data" test=archv2-parity tool=conduit-v2 collector=conduit type=conduit collector=conduit type=conduit name=msg-megabytes-in-per-second[archv2-parity] series-count=1 last-value=0.6273202896118164
time=2026-08-02T15:40:56.428-07:00 level=DEBUG msg="promql query logged" test=archv2-parity tool=conduit-v2 collector=conduit type=conduit collector=conduit type=conduit params="map[end:2026-08-02T22:40:56.428Z query:rate(conduit_connector_bytes_sum{pipeline_name=\"archv2-parity\",type=\"destination\"}[2s])/1048576 start:2026-08-02T22:39:58.427Z step:1]" stats="&{Timings:{EvalTotalTime:7.2792e-05 ResultSortTime:1.67e-07 QueryPreparationTime:4.792e-06 InnerEvalTime:6.3458e-05 ExecQueueTime:6.26e-07 ExecTotalTime:7.4625e-05} Samples:0x140016bc1b0}" spanID=0000000000000000
time=2026-08-02T15:40:56.428-07:00 level=DEBUG msg="Query returned data" test=archv2-parity tool=conduit-v2 collector=conduit type=conduit collector=conduit type=conduit name=msg-megabytes-out-per-second[archv2-parity] series-count=1 last-value=0.6273536682128906
time=2026-08-02T15:40:56.831-07:00 level=DEBUG msg="Inspecting container" model=container-monitor name=benchi-conduit
time=2026-08-02T15:40:57.337-07:00 level=DEBUG msg="Inspecting container" model=container-monitor name=benchi-conduit
time=2026-08-02T15:40:57.428-07:00 level=DEBUG msg="promql query logged" test=archv2-parity tool=conduit-v2 collector=conduit type=conduit collector=conduit type=conduit params="map[end:2026-08-02T22:40:57.428Z query:rate(conduit_pipeline_execution_duration_seconds_count{pipeline_name=\"archv2-parity\"}[2s]) start:2026-08-02T22:39:58.427Z step:1]" stats="&{Timings:{EvalTotalTime:0.000109583 ResultSortTime:8.75e-07 QueryPreparationTime:3.3166e-05 InnerEvalTime:6.85e-05 ExecQueueTime:5.041e-06 ExecTotalTime:0.000118167} Samples:0x140016bca20}" spanID=0000000000000000
time=2026-08-02T15:40:57.429-07:00 level=DEBUG msg="Query returned data" test=archv2-parity tool=conduit-v2 collector=conduit type=conduit collector=conduit type=conduit name=msg-rate-per-second[archv2-parity] series-count=1 last-value=21397
time=2026-08-02T15:40:57.429-07:00 level=DEBUG msg="promql query logged" test=archv2-parity tool=conduit-v2 collector=conduit type=conduit collector=conduit type=conduit params="map[end:2026-08-02T22:40:57.429Z query:rate(conduit_connector_bytes_sum{pipeline_name=\"archv2-parity\",type=\"source\"}[2s])/1048576 start:2026-08-02T22:39:58.427Z step:1]" stats="&{Timings:{EvalTotalTime:0.0001035 ResultSortTime:1.67e-07 QueryPreparationTime:1.6042e-05 InnerEvalTime:8.1292e-05 ExecQueueTime:1.999e-06 ExecTotalTime:0.000108709} Samples:0x140016bd080}" spanID=0000000000000000
time=2026-08-02T15:40:57.429-07:00 level=DEBUG msg="Query returned data" test=archv2-parity tool=conduit-v2 collector=conduit type=conduit collector=conduit type=conduit name=msg-megabytes-in-per-second[archv2-parity] series-count=1 last-value=0.6040868759155273
time=2026-08-02T15:40:57.429-07:00 level=DEBUG msg="promql query logged" test=archv2-parity tool=conduit-v2 collector=conduit type=conduit collector=conduit type=conduit params="map[end:2026-08-02T22:40:57.429Z query:rate(conduit_connector_bytes_sum{pipeline_name=\"archv2-parity\",type=\"destination\"}[2s])/1048576 start:2026-08-02T22:39:58.427Z step:1]" stats="&{Timings:{EvalTotalTime:6.5958e-05 ResultSortTime:1.25e-07 QueryPreparationTime:6.333e-06 InnerEvalTime:5.6167e-05 ExecQueueTime:9.16e-07 ExecTotalTime:6.8208e-05} Samples:0x140016bd6e0}" spanID=0000000000000000
time=2026-08-02T15:40:57.429-07:00 level=DEBUG msg="Query returned data" test=archv2-parity tool=conduit-v2 collector=conduit type=conduit collector=conduit type=conduit name=msg-megabytes-out-per-second[archv2-parity] series-count=1 last-value=0.6040506362915039
time=2026-08-02T15:40:57.842-07:00 level=DEBUG msg="Inspecting container" model=container-monitor name=benchi-conduit
time=2026-08-02T15:40:58.348-07:00 level=DEBUG msg="Inspecting container" model=container-monitor name=benchi-conduit
time=2026-08-02T15:40:58.428-07:00 level=INFO msg="Test in progress" test=archv2-parity tool=conduit-v2 step=test time-left=0s
time=2026-08-02T15:40:58.429-07:00 level=DEBUG msg="promql query logged" test=archv2-parity tool=conduit-v2 collector=conduit type=conduit collector=conduit type=conduit params="map[end:2026-08-02T22:40:58.428Z query:rate(conduit_pipeline_execution_duration_seconds_count{pipeline_name=\"archv2-parity\"}[2s]) start:2026-08-02T22:39:58.427Z step:1]" stats="&{Timings:{EvalTotalTime:5.875e-05 ResultSortTime:3.75e-07 QueryPreparationTime:1.6041e-05 InnerEvalTime:3.6666e-05 ExecQueueTime:2.084e-06 ExecTotalTime:6.3459e-05} Samples:0x140018bc210}" spanID=0000000000000000
time=2026-08-02T15:40:58.429-07:00 level=DEBUG msg="Query returned data" test=archv2-parity tool=conduit-v2 collector=conduit type=conduit collector=conduit type=conduit name=msg-rate-per-second[archv2-parity] series-count=1 last-value=20640
time=2026-08-02T15:40:58.430-07:00 level=DEBUG msg="promql query logged" test=archv2-parity tool=conduit-v2 collector=conduit type=conduit collector=conduit type=conduit params="map[end:2026-08-02T22:40:58.429Z query:rate(conduit_connector_bytes_sum{pipeline_name=\"archv2-parity\",type=\"source\"}[2s])/1048576 start:2026-08-02T22:39:58.427Z step:1]" stats="&{Timings:{EvalTotalTime:0.000224291 ResultSortTime:3.33e-07 QueryPreparationTime:1.2083e-05 InnerEvalTime:0.000200375 ExecQueueTime:1.917e-06 ExecTotalTime:0.000228375} Samples:0x140018bc900}" spanID=0000000000000000
time=2026-08-02T15:40:58.430-07:00 level=DEBUG msg="Query returned data" test=archv2-parity tool=conduit-v2 collector=conduit type=conduit collector=conduit type=conduit name=msg-megabytes-in-per-second[archv2-parity] series-count=1 last-value=0.5833005905151367
time=2026-08-02T15:40:58.434-07:00 level=DEBUG msg="promql query logged" test=archv2-parity tool=conduit-v2 collector=conduit type=conduit collector=conduit type=conduit params="map[end:2026-08-02T22:40:58.430Z query:rate(conduit_connector_bytes_sum{pipeline_name=\"archv2-parity\",type=\"destination\"}[2s])/1048576 start:2026-08-02T22:39:58.427Z step:1]" stats="&{Timings:{EvalTotalTime:0.002494458 ResultSortTime:4.58e-07 QueryPreparationTime:1.5125e-05 InnerEvalTime:0.002462 ExecQueueTime:2.126e-06 ExecTotalTime:0.002501541} Samples:0x140018bcf60}" spanID=0000000000000000
time=2026-08-02T15:40:58.434-07:00 level=DEBUG msg="Query returned data" test=archv2-parity tool=conduit-v2 collector=conduit type=conduit collector=conduit type=conduit name=msg-megabytes-out-per-second[archv2-parity] series-count=1 last-value=0.5832738876342773
time=2026-08-02T15:40:58.855-07:00 level=DEBUG msg="Inspecting container" model=container-monitor name=benchi-conduit
time=2026-08-02T15:40:58.936-07:00 level=INFO msg="Step successful" test=archv2-parity tool=conduit-v2 step=test
time=2026-08-02T15:40:58.936-07:00 level=INFO msg="Running step" test=archv2-parity tool=conduit-v2 step=post-test
time=2026-08-02T15:40:58.936-07:00 level=INFO msg="Exporting metrics" test=archv2-parity tool=conduit-v2 step=post-test collector=conduit path=/Users/devarisbrown/Code/projects/conduit/benchi/archv2-parity/results/r2/archv2-parity_conduit-v2/conduit.csv
time=2026-08-02T15:40:58.936-07:00 level=INFO msg="Exporting metrics" test=archv2-parity tool=conduit-v2 step=post-test collector=docker path=/Users/devarisbrown/Code/projects/conduit/benchi/archv2-parity/results/r2/archv2-parity_conduit-v2/docker.csv
time=2026-08-02T15:40:58.937-07:00 level=DEBUG msg="Running hooks" test=archv2-parity tool=conduit-v2 step=post-test count=0
time=2026-08-02T15:40:58.937-07:00 level=INFO msg="Step successful" test=archv2-parity tool=conduit-v2 step=post-test
time=2026-08-02T15:40:58.937-07:00 level=INFO msg="Running step" test=archv2-parity tool=conduit-v2 step=pre-cleanup
time=2026-08-02T15:40:58.937-07:00 level=DEBUG msg="Running hooks" test=archv2-parity tool=conduit-v2 step=pre-cleanup count=0
time=2026-08-02T15:40:58.937-07:00 level=INFO msg="Step successful" test=archv2-parity tool=conduit-v2 step=pre-cleanup
time=2026-08-02T15:40:58.937-07:00 level=INFO msg="Running step" test=archv2-parity tool=conduit-v2 step=cleanup
time=2026-08-02T15:40:58.938-07:00 level=INFO msg="Stopping containers" test=archv2-parity tool=conduit-v2 step=tool
time=2026-08-02T15:40:58.938-07:00 level=DEBUG msg="Executing command" command="/usr/local/bin/docker compose -f ./tools/compose-conduit-v2.yml down"
time=2026-08-02T15:40:59.274-07:00 level=INFO msg="Step successful" test=archv2-parity tool=conduit-v2 step=cleanup
time=2026-08-02T15:40:59.274-07:00 level=INFO msg="Running step" test=archv2-parity tool=conduit-v2 step=post-cleanup
time=2026-08-02T15:40:59.274-07:00 level=DEBUG msg="Running hooks" test=archv2-parity tool=conduit-v2 step=post-cleanup count=0
time=2026-08-02T15:40:59.274-07:00 level=INFO msg="Step successful" test=archv2-parity tool=conduit-v2 step=post-cleanup
time=2026-08-02T15:40:59.274-07:00 level=INFO msg="Exporting aggregated metrics" path=/Users/devarisbrown/Code/projects/conduit/benchi/archv2-parity/results/r2/aggregated-results.csv
time=2026-08-02T15:40:59.275-07:00 level=INFO msg="Removing docker network" network=benchi
time=2026-08-02T15:40:59.275-07:00 level=INFO msg="Removing network" network=benchi
time=2026-08-02T15:40:59.363-07:00 level=DEBUG msg="Inspecting container" model=container-monitor name=benchi-conduit
time=2026-08-02T15:40:59.367-07:00 level=DEBUG msg="Container not found" model=container-monitor name=benchi-conduit
time=2026-08-02T15:40:59.487-07:00 level=INFO msg="Network removed" network=benchi
