time=2026-08-02T15:54:09.132-07:00 level=INFO msg="Results directory" path=/Users/devarisbrown/Code/projects/conduit/benchi/archv2-nxm-batched/results/r3
time=2026-08-02T15:54:09.132-07:00 level=INFO msg="Config file" path=/Users/devarisbrown/Code/projects/conduit/benchi/archv2-nxm-batched/bench.yml
time=2026-08-02T15:54:09.133-07:00 level=INFO msg="Parsed config" path=/Users/devarisbrown/Code/projects/conduit/benchi/archv2-nxm-batched/bench.yml
time=2026-08-02T15:54:09.133-07:00 level=INFO msg="Creating docker client"
time=2026-08-02T15:54:09.136-07:00 level=INFO msg="Creating docker network" network=benchi
time=2026-08-02T15:54:09.139-07:00 level=INFO msg="Docker network not found, creating it" network=benchi
time=2026-08-02T15:54:10.166-07:00 level=INFO msg="Network created" network-id=ab82ce91a53ae3df9aa99ef962a3803aee615f1a1be8800c303939c5a0dcaebc
time=2026-08-02T15:54:10.169-07:00 level=INFO msg="Using network" network=benchi network-id=ab82ce91a53ae3df9aa99ef962a3803aee615f1a1be8800c303939c5a0dcaebc
time=2026-08-02T15:54:10.169-07:00 level=DEBUG msg="Executing command" command="/usr/local/bin/docker compose -f ./tools/compose-conduit-v1.yml config --format json"
time=2026-08-02T15:54:10.267-07:00 level=INFO msg="Replaying on-disk memory mappable chunks if any" test=archv2-nxm-batched tool=conduit-v1 collector=conduit type=conduit collector=conduit type=conduit collector.prometheus=tsdb
time=2026-08-02T15:54:10.267-07:00 level=INFO msg="On-disk memory mappable chunks replay completed" test=archv2-nxm-batched tool=conduit-v1 collector=conduit type=conduit collector=conduit type=conduit collector.prometheus=tsdb duration=7µs
time=2026-08-02T15:54:10.267-07:00 level=INFO msg="Replaying WAL, this may take a while" test=archv2-nxm-batched tool=conduit-v1 collector=conduit type=conduit collector=conduit type=conduit collector.prometheus=tsdb
time=2026-08-02T15:54:10.270-07:00 level=INFO msg="WAL segment loaded" test=archv2-nxm-batched tool=conduit-v1 collector=conduit type=conduit collector=conduit type=conduit collector.prometheus=tsdb segment=0 maxSegment=0
time=2026-08-02T15:54:10.270-07:00 level=INFO msg="WAL replay completed" test=archv2-nxm-batched tool=conduit-v1 collector=conduit type=conduit collector=conduit type=conduit collector.prometheus=tsdb checkpoint_replay_duration=230.792µs wal_replay_duration=366.208µs wbl_replay_duration=166ns chunk_snapshot_load_duration=0s mmap_chunk_replay_duration=7µs total_replay_duration=3.552083ms
time=2026-08-02T15:54:10.287-07:00 level=DEBUG msg="Lookback delta is zero, setting to default value" test=archv2-nxm-batched tool=conduit-v1 collector=conduit type=conduit collector=conduit type=conduit collector.prometheus="query engine" value=5m0s
time=2026-08-02T15:54:10.289-07:00 level=DEBUG msg="Executing command" command="/usr/local/bin/docker compose -f ./tools/compose-conduit-v2.yml config --format json"
time=2026-08-02T15:54:10.410-07:00 level=INFO msg="Replaying on-disk memory mappable chunks if any" test=archv2-nxm-batched tool=conduit-v2 collector=conduit type=conduit collector=conduit type=conduit collector.prometheus=tsdb
time=2026-08-02T15:54:10.410-07:00 level=INFO msg="On-disk memory mappable chunks replay completed" test=archv2-nxm-batched tool=conduit-v2 collector=conduit type=conduit collector=conduit type=conduit collector.prometheus=tsdb duration=2.459µs
time=2026-08-02T15:54:10.410-07:00 level=INFO msg="Replaying WAL, this may take a while" test=archv2-nxm-batched tool=conduit-v2 collector=conduit type=conduit collector=conduit type=conduit collector.prometheus=tsdb
time=2026-08-02T15:54:10.413-07:00 level=INFO msg="WAL segment loaded" test=archv2-nxm-batched tool=conduit-v2 collector=conduit type=conduit collector=conduit type=conduit collector.prometheus=tsdb segment=0 maxSegment=0
time=2026-08-02T15:54:10.413-07:00 level=INFO msg="WAL replay completed" test=archv2-nxm-batched tool=conduit-v2 collector=conduit type=conduit collector=conduit type=conduit collector.prometheus=tsdb checkpoint_replay_duration=180.709µs wal_replay_duration=2.383292ms wbl_replay_duration=167ns chunk_snapshot_load_duration=0s mmap_chunk_replay_duration=2.459µs total_replay_duration=2.704542ms
time=2026-08-02T15:54:10.417-07:00 level=DEBUG msg="Lookback delta is zero, setting to default value" test=archv2-nxm-batched tool=conduit-v2 collector=conduit type=conduit collector=conduit type=conduit collector.prometheus="query engine" value=5m0s
time=2026-08-02T15:54:10.417-07:00 level=INFO msg="Running step" test=archv2-nxm-batched tool=conduit-v1 step=pre-infrastructure
time=2026-08-02T15:54:10.418-07:00 level=INFO msg="Pulling docker images for tool containers" test=archv2-nxm-batched tool=conduit-v1 step=pre-infrastructure containers=[benchi-conduit]
time=2026-08-02T15:54:10.418-07:00 level=DEBUG msg="Executing command" command="/usr/local/bin/docker compose -f ./tools/compose-conduit-v1.yml pull"
time=2026-08-02T15:54:10.532-07:00 level=INFO msg="Pulling docker images for hooks" test=archv2-nxm-batched tool=conduit-v1 step=pre-infrastructure images=[]
time=2026-08-02T15:54:10.532-07:00 level=DEBUG msg="Running hooks" test=archv2-nxm-batched tool=conduit-v1 step=pre-infrastructure count=0
time=2026-08-02T15:54:10.532-07:00 level=INFO msg="Step successful" test=archv2-nxm-batched tool=conduit-v1 step=pre-infrastructure
time=2026-08-02T15:54:10.533-07:00 level=INFO msg="Running step" test=archv2-nxm-batched tool=conduit-v1 step=infrastructure
time=2026-08-02T15:54:10.533-07:00 level=INFO msg="No infrastructure to start" test=archv2-nxm-batched tool=conduit-v1 step=infrastructure
time=2026-08-02T15:54:10.533-07:00 level=INFO msg="Step successful" test=archv2-nxm-batched tool=conduit-v1 step=infrastructure
time=2026-08-02T15:54:10.533-07:00 level=INFO msg="Running step" test=archv2-nxm-batched tool=conduit-v1 step=post-infrastructure
time=2026-08-02T15:54:10.533-07:00 level=DEBUG msg="Running hooks" test=archv2-nxm-batched tool=conduit-v1 step=post-infrastructure count=0
time=2026-08-02T15:54:10.533-07:00 level=INFO msg="Step successful" test=archv2-nxm-batched tool=conduit-v1 step=post-infrastructure
time=2026-08-02T15:54:10.533-07:00 level=INFO msg="Running step" test=archv2-nxm-batched tool=conduit-v1 step=pre-tool
time=2026-08-02T15:54:10.533-07:00 level=DEBUG msg="Running hooks" test=archv2-nxm-batched tool=conduit-v1 step=pre-tool count=0
time=2026-08-02T15:54:10.533-07:00 level=INFO msg="Step successful" test=archv2-nxm-batched tool=conduit-v1 step=pre-tool
time=2026-08-02T15:54:10.533-07:00 level=INFO msg="Running step" test=archv2-nxm-batched tool=conduit-v1 step=tool
time=2026-08-02T15:54:10.533-07:00 level=INFO msg="Waiting for container status to be healthy" test=archv2-nxm-batched tool=conduit-v1 step=tool container=benchi-conduit status=N/A
time=2026-08-02T15:54:10.533-07:00 level=DEBUG msg="Executing command" command="/usr/local/bin/docker compose -f ./tools/compose-conduit-v1.yml up"
time=2026-08-02T15:54:10.918-07:00 level=DEBUG msg="Inspecting container" model=container-monitor name=benchi-conduit
time=2026-08-02T15:54:11.557-07:00 level=DEBUG msg="Inspected container" test=archv2-nxm-batched tool=conduit-v1 step=tool container=benchi-conduit response="{ContainerJSONBase:0x14000ece840 Mounts:[{Type:bind Name: Source:/Users/devarisbrown/Code/projects/conduit/benchi/archv2-nxm-batched/pipeline.yml Destination:/app/pipelines/pipeline.yml Driver: Mode:rw RW:true Propagation:rprivate}] Config:0x14000218dc0 NetworkSettings:0x14000744600 ImageManifestDescriptor:<nil>}" state="{Status:running Running:true Paused:false Restarting:false OOMKilled:false Dead:false Pid:24826 ExitCode:0 Error: StartedAt:2026-08-02T22:54:10.718822133Z FinishedAt:0001-01-01T00:00:00Z Health:<nil>}"
time=2026-08-02T15:54:11.557-07:00 level=INFO msg="Container is running (consider adding a health check!)" test=archv2-nxm-batched tool=conduit-v1 step=tool container=/benchi-conduit
time=2026-08-02T15:54:11.557-07:00 level=INFO msg="Tools started" test=archv2-nxm-batched tool=conduit-v1 step=tool
time=2026-08-02T15:54:11.557-07:00 level=INFO msg="Step successful" test=archv2-nxm-batched tool=conduit-v1 step=tool
time=2026-08-02T15:54:11.557-07:00 level=INFO msg="Running step" test=archv2-nxm-batched tool=conduit-v1 step=post-tool
time=2026-08-02T15:54:11.557-07:00 level=DEBUG msg="Running hooks" test=archv2-nxm-batched tool=conduit-v1 step=post-tool count=0
time=2026-08-02T15:54:11.557-07:00 level=INFO msg="Step successful" test=archv2-nxm-batched tool=conduit-v1 step=post-tool
time=2026-08-02T15:54:11.557-07:00 level=INFO msg="Running step" test=archv2-nxm-batched tool=conduit-v1 step=pre-test
time=2026-08-02T15:54:11.557-07:00 level=DEBUG msg="Running hooks" test=archv2-nxm-batched tool=conduit-v1 step=pre-test count=0
time=2026-08-02T15:54:11.557-07:00 level=INFO msg="Step successful" test=archv2-nxm-batched tool=conduit-v1 step=pre-test
time=2026-08-02T15:54:11.557-07:00 level=INFO msg="Running step" test=archv2-nxm-batched tool=conduit-v1 step=test
time=2026-08-02T15:54:11.557-07:00 level=INFO msg="Running collector" test=archv2-nxm-batched tool=conduit-v1 step=test name=conduit type=conduit
time=2026-08-02T15:54:11.558-07:00 level=INFO msg="Running collector" test=archv2-nxm-batched tool=conduit-v1 step=test name=docker type=docker
time=2026-08-02T15:54:11.558-07:00 level=INFO msg="Test in progress" test=archv2-nxm-batched tool=conduit-v1 step=test time-left=1m0s
time=2026-08-02T15:54:11.558-07:00 level=DEBUG msg="Collecting stats" test=archv2-nxm-batched tool=conduit-v1 collector=docker type=docker collector=docker type=docker container=benchi-conduit
time=2026-08-02T15:54:11.647-07:00 level=DEBUG msg="Inspecting container" model=container-monitor name=benchi-conduit
time=2026-08-02T15:54:12.165-07:00 level=DEBUG msg="Inspecting container" model=container-monitor name=benchi-conduit
time=2026-08-02T15:54:12.559-07:00 level=DEBUG msg="promql query logged" test=archv2-nxm-batched tool=conduit-v1 collector=conduit type=conduit collector=conduit type=conduit params="map[end:2026-08-02T22:54:12.558Z query:rate(conduit_pipeline_execution_duration_seconds_count{pipeline_name=\"archv2-nxm-batched\"}[2s]) start:2026-08-02T22:54:11.557Z step:1]" stats="&{Timings:{EvalTotalTime:0.000110833 ResultSortTime:5.42e-07 QueryPreparationTime:2.9e-05 InnerEvalTime:6.9625e-05 ExecQueueTime:8.8209e-05 ExecTotalTime:0.000202375} Samples:0x14001124d50}" spanID=0000000000000000
time=2026-08-02T15:54:12.559-07:00 level=DEBUG msg="No data returned from query" test=archv2-nxm-batched tool=conduit-v1 collector=conduit type=conduit collector=conduit type=conduit
time=2026-08-02T15:54:12.559-07:00 level=DEBUG msg="promql query logged" test=archv2-nxm-batched tool=conduit-v1 collector=conduit type=conduit collector=conduit type=conduit params="map[end:2026-08-02T22:54:12.559Z query:rate(conduit_connector_bytes_sum{pipeline_name=\"archv2-nxm-batched\",type=\"source\"}[2s])/1048576 start:2026-08-02T22:54:11.557Z step:1]" stats="&{Timings:{EvalTotalTime:0.000154792 ResultSortTime:3.75e-07 QueryPreparationTime:8.166e-06 InnerEvalTime:0.000140208 ExecQueueTime:1.042e-06 ExecTotalTime:0.000158458} Samples:0x14001125410}" spanID=0000000000000000
time=2026-08-02T15:54:12.559-07:00 level=DEBUG msg="No data returned from query" test=archv2-nxm-batched tool=conduit-v1 collector=conduit type=conduit collector=conduit type=conduit
time=2026-08-02T15:54:12.559-07:00 level=DEBUG msg="promql query logged" test=archv2-nxm-batched tool=conduit-v1 collector=conduit type=conduit collector=conduit type=conduit params="map[end:2026-08-02T22:54:12.559Z query:rate(conduit_connector_bytes_sum{pipeline_name=\"archv2-nxm-batched\",type=\"destination\"}[2s])/1048576 start:2026-08-02T22:54:11.557Z step:1]" stats="&{Timings:{EvalTotalTime:4.9916e-05 ResultSortTime:1.25e-07 QueryPreparationTime:9.958e-06 InnerEvalTime:3.5959e-05 ExecQueueTime:1.541e-06 ExecTotalTime:5.35e-05} Samples:0x14001125ad0}" spanID=0000000000000000
time=2026-08-02T15:54:12.559-07:00 level=DEBUG msg="No data returned from query" test=archv2-nxm-batched tool=conduit-v1 collector=conduit type=conduit collector=conduit type=conduit
time=2026-08-02T15:54:12.680-07:00 level=DEBUG msg="Inspecting container" model=container-monitor name=benchi-conduit
time=2026-08-02T15:54:13.190-07:00 level=DEBUG msg="Inspecting container" model=container-monitor name=benchi-conduit
time=2026-08-02T15:54:13.560-07:00 level=DEBUG msg="promql query logged" test=archv2-nxm-batched tool=conduit-v1 collector=conduit type=conduit collector=conduit type=conduit params="map[end:2026-08-02T22:54:13.560Z query:rate(conduit_pipeline_execution_duration_seconds_count{pipeline_name=\"archv2-nxm-batched\"}[2s]) start:2026-08-02T22:54:11.557Z step:1]" stats="&{Timings:{EvalTotalTime:7.5041e-05 ResultSortTime:4.17e-07 QueryPreparationTime:2.6834e-05 InnerEvalTime:4.0959e-05 ExecQueueTime:2.5e-06 ExecTotalTime:7.9916e-05} Samples:0x1400015d920}" spanID=0000000000000000
time=2026-08-02T15:54:13.560-07:00 level=DEBUG msg="Query returned data" test=archv2-nxm-batched tool=conduit-v1 collector=conduit type=conduit collector=conduit type=conduit name=msg-rate-per-second[archv2-nxm-batched] series-count=1 last-value=12411
time=2026-08-02T15:54:13.560-07:00 level=DEBUG msg="promql query logged" test=archv2-nxm-batched tool=conduit-v1 collector=conduit type=conduit collector=conduit type=conduit params="map[end:2026-08-02T22:54:13.560Z query:rate(conduit_connector_bytes_sum{pipeline_name=\"archv2-nxm-batched\",type=\"source\"}[2s])/1048576 start:2026-08-02T22:54:11.557Z step:1]" stats="&{Timings:{EvalTotalTime:7.7167e-05 ResultSortTime:1.041e-06 QueryPreparationTime:1.0625e-05 InnerEvalTime:6.1208e-05 ExecQueueTime:1.417e-06 ExecTotalTime:8.1166e-05} Samples:0x14000fee0c0}" spanID=0000000000000000
time=2026-08-02T15:54:13.560-07:00 level=WARN msg="Query returned multiple series, only first will be used" test=archv2-nxm-batched tool=conduit-v1 collector=conduit type=conduit collector=conduit type=conduit series-count=2
time=2026-08-02T15:54:13.560-07:00 level=DEBUG msg="Query returned data" test=archv2-nxm-batched tool=conduit-v1 collector=conduit type=conduit collector=conduit type=conduit name=msg-megabytes-in-per-second[archv2-nxm-batched] series-count=1 last-value=0.17861461639404297
time=2026-08-02T15:54:13.561-07:00 level=DEBUG msg="promql query logged" test=archv2-nxm-batched tool=conduit-v1 collector=conduit type=conduit collector=conduit type=conduit params="map[end:2026-08-02T22:54:13.560Z query:rate(conduit_connector_bytes_sum{pipeline_name=\"archv2-nxm-batched\",type=\"destination\"}[2s])/1048576 start:2026-08-02T22:54:11.557Z step:1]" stats="&{Timings:{EvalTotalTime:6.2375e-05 ResultSortTime:7.08e-07 QueryPreparationTime:1.9667e-05 InnerEvalTime:3.7542e-05 ExecQueueTime:1.209e-06 ExecTotalTime:6.6167e-05} Samples:0x140010852c0}" spanID=0000000000000000
time=2026-08-02T15:54:13.561-07:00 level=WARN msg="Query returned multiple series, only first will be used" test=archv2-nxm-batched tool=conduit-v1 collector=conduit type=conduit collector=conduit type=conduit series-count=2
time=2026-08-02T15:54:13.561-07:00 level=DEBUG msg="Query returned data" test=archv2-nxm-batched tool=conduit-v1 collector=conduit type=conduit collector=conduit type=conduit name=msg-megabytes-out-per-second[archv2-nxm-batched] series-count=1 last-value=0.3505220413208008
time=2026-08-02T15:54:13.703-07:00 level=DEBUG msg="Inspecting container" model=container-monitor name=benchi-conduit
time=2026-08-02T15:54:14.217-07:00 level=DEBUG msg="Inspecting container" model=container-monitor name=benchi-conduit
time=2026-08-02T15:54:14.559-07:00 level=DEBUG msg="promql query logged" test=archv2-nxm-batched tool=conduit-v1 collector=conduit type=conduit collector=conduit type=conduit params="map[end:2026-08-02T22:54:14.559Z query:rate(conduit_pipeline_execution_duration_seconds_count{pipeline_name=\"archv2-nxm-batched\"}[2s]) start:2026-08-02T22:54:11.557Z step:1]" stats="&{Timings:{EvalTotalTime:5.3834e-05 ResultSortTime:3.75e-07 QueryPreparationTime:1.9166e-05 InnerEvalTime:2.6334e-05 ExecQueueTime:2.417e-06 ExecTotalTime:5.8375e-05} Samples:0x14000feebd0}" spanID=0000000000000000
time=2026-08-02T15:54:14.559-07:00 level=DEBUG msg="Query returned data" test=archv2-nxm-batched tool=conduit-v1 collector=conduit type=conduit collector=conduit type=conduit name=msg-rate-per-second[archv2-nxm-batched] series-count=1 last-value=15400
time=2026-08-02T15:54:14.559-07:00 level=DEBUG msg="promql query logged" test=archv2-nxm-batched tool=conduit-v1 collector=conduit type=conduit collector=conduit type=conduit params="map[end:2026-08-02T22:54:14.559Z query:rate(conduit_connector_bytes_sum{pipeline_name=\"archv2-nxm-batched\",type=\"source\"}[2s])/1048576 start:2026-08-02T22:54:11.557Z step:1]" stats="&{Timings:{EvalTotalTime:9.5791e-05 ResultSortTime:1.041e-06 QueryPreparationTime:8.333e-06 InnerEvalTime:8.1625e-05 ExecQueueTime:9.17e-07 ExecTotalTime:9.8708e-05} Samples:0x14000fef290}" spanID=0000000000000000
time=2026-08-02T15:54:14.560-07:00 level=WARN msg="Query returned multiple series, only first will be used" test=archv2-nxm-batched tool=conduit-v1 collector=conduit type=conduit collector=conduit type=conduit series-count=2
time=2026-08-02T15:54:14.560-07:00 level=DEBUG msg="Query returned data" test=archv2-nxm-batched tool=conduit-v1 collector=conduit type=conduit collector=conduit type=conduit name=msg-megabytes-in-per-second[archv2-nxm-batched] series-count=1 last-value=0.21600341796875
time=2026-08-02T15:54:14.560-07:00 level=DEBUG msg="promql query logged" test=archv2-nxm-batched tool=conduit-v1 collector=conduit type=conduit collector=conduit type=conduit params="map[end:2026-08-02T22:54:14.560Z query:rate(conduit_connector_bytes_sum{pipeline_name=\"archv2-nxm-batched\",type=\"destination\"}[2s])/1048576 start:2026-08-02T22:54:11.557Z step:1]" stats="&{Timings:{EvalTotalTime:4.9417e-05 ResultSortTime:5e-07 QueryPreparationTime:9.25e-06 InnerEvalTime:3.5875e-05 ExecQueueTime:1.333e-06 ExecTotalTime:5.25e-05} Samples:0x14000fefad0}" spanID=0000000000000000
time=2026-08-02T15:54:14.560-07:00 level=WARN msg="Query returned multiple series, only first will be used" test=archv2-nxm-batched tool=conduit-v1 collector=conduit type=conduit collector=conduit type=conduit series-count=2
time=2026-08-02T15:54:14.560-07:00 level=DEBUG msg="Query returned data" test=archv2-nxm-batched tool=conduit-v1 collector=conduit type=conduit collector=conduit type=conduit name=msg-megabytes-out-per-second[archv2-nxm-batched] series-count=1 last-value=0.4358787536621094
time=2026-08-02T15:54:14.733-07:00 level=DEBUG msg="Inspecting container" model=container-monitor name=benchi-conduit
time=2026-08-02T15:54:15.247-07:00 level=DEBUG msg="Inspecting container" model=container-monitor name=benchi-conduit
time=2026-08-02T15:54:15.560-07:00 level=DEBUG msg="promql query logged" test=archv2-nxm-batched tool=conduit-v1 collector=conduit type=conduit collector=conduit type=conduit params="map[end:2026-08-02T22:54:15.560Z query:rate(conduit_pipeline_execution_duration_seconds_count{pipeline_name=\"archv2-nxm-batched\"}[2s]) start:2026-08-02T22:54:11.557Z step:1]" stats="&{Timings:{EvalTotalTime:2.85e-05 ResultSortTime:3.33e-07 QueryPreparationTime:8.625e-06 InnerEvalTime:1.7208e-05 ExecQueueTime:1.625e-06 ExecTotalTime:3.1625e-05} Samples:0x140014889c0}" spanID=0000000000000000
time=2026-08-02T15:54:15.560-07:00 level=DEBUG msg="Query returned data" test=archv2-nxm-batched tool=conduit-v1 collector=conduit type=conduit collector=conduit type=conduit name=msg-rate-per-second[archv2-nxm-batched] series-count=1 last-value=16520
time=2026-08-02T15:54:15.560-07:00 level=DEBUG msg="promql query logged" test=archv2-nxm-batched tool=conduit-v1 collector=conduit type=conduit collector=conduit type=conduit params="map[end:2026-08-02T22:54:15.560Z query:rate(conduit_connector_bytes_sum{pipeline_name=\"archv2-nxm-batched\",type=\"source\"}[2s])/1048576 start:2026-08-02T22:54:11.557Z step:1]" stats="&{Timings:{EvalTotalTime:3.4958e-05 ResultSortTime:6.67e-07 QueryPreparationTime:3.792e-06 InnerEvalTime:2.825e-05 ExecQueueTime:5.42e-07 ExecTotalTime:3.6542e-05} Samples:0x14001489080}" spanID=0000000000000000
time=2026-08-02T15:54:15.560-07:00 level=WARN msg="Query returned multiple series, only first will be used" test=archv2-nxm-batched tool=conduit-v1 collector=conduit type=conduit collector=conduit type=conduit series-count=2
time=2026-08-02T15:54:15.560-07:00 level=DEBUG msg="Query returned data" test=archv2-nxm-batched tool=conduit-v1 collector=conduit type=conduit collector=conduit type=conduit name=msg-megabytes-in-per-second[archv2-nxm-batched] series-count=1 last-value=0.23293685913085938
time=2026-08-02T15:54:15.560-07:00 level=DEBUG msg="promql query logged" test=archv2-nxm-batched tool=conduit-v1 collector=conduit type=conduit collector=conduit type=conduit params="map[end:2026-08-02T22:54:15.560Z query:rate(conduit_connector_bytes_sum{pipeline_name=\"archv2-nxm-batched\",type=\"destination\"}[2s])/1048576 start:2026-08-02T22:54:11.557Z step:1]" stats="&{Timings:{EvalTotalTime:3.4e-05 ResultSortTime:4.17e-07 QueryPreparationTime:1.2958e-05 InnerEvalTime:1.8458e-05 ExecQueueTime:9.16e-07 ExecTotalTime:3.6167e-05} Samples:0x14001444570}" spanID=0000000000000000
time=2026-08-02T15:54:15.560-07:00 level=WARN msg="Query returned multiple series, only first will be used" test=archv2-nxm-batched tool=conduit-v1 collector=conduit type=conduit collector=conduit type=conduit series-count=2
time=2026-08-02T15:54:15.560-07:00 level=DEBUG msg="Query returned data" test=archv2-nxm-batched tool=conduit-v1 collector=conduit type=conduit collector=conduit type=conduit name=msg-megabytes-out-per-second[archv2-nxm-batched] series-count=1 last-value=0.4669380187988281
time=2026-08-02T15:54:15.764-07:00 level=DEBUG msg="Inspecting container" model=container-monitor name=benchi-conduit
time=2026-08-02T15:54:16.276-07:00 level=DEBUG msg="Inspecting container" model=container-monitor name=benchi-conduit
time=2026-08-02T15:54:16.559-07:00 level=INFO msg="Test in progress" test=archv2-nxm-batched tool=conduit-v1 step=test time-left=55s
time=2026-08-02T15:54:16.560-07:00 level=DEBUG msg="promql query logged" test=archv2-nxm-batched tool=conduit-v1 collector=conduit type=conduit collector=conduit type=conduit params="map[end:2026-08-02T22:54:16.559Z query:rate(conduit_pipeline_execution_duration_seconds_count{pipeline_name=\"archv2-nxm-batched\"}[2s]) start:2026-08-02T22:54:11.557Z step:1]" stats="&{Timings:{EvalTotalTime:7.7917e-05 ResultSortTime:5e-07 QueryPreparationTime:1.8291e-05 InnerEvalTime:3.25e-05 ExecQueueTime:2.833e-06 ExecTotalTime:8.3208e-05} Samples:0x140012f82a0}" spanID=0000000000000000
time=2026-08-02T15:54:16.560-07:00 level=DEBUG msg="Query returned data" test=archv2-nxm-batched tool=conduit-v1 collector=conduit type=conduit collector=conduit type=conduit name=msg-rate-per-second[archv2-nxm-batched] series-count=1 last-value=14687
time=2026-08-02T15:54:16.560-07:00 level=DEBUG msg="promql query logged" test=archv2-nxm-batched tool=conduit-v1 collector=conduit type=conduit collector=conduit type=conduit params="map[end:2026-08-02T22:54:16.560Z query:rate(conduit_connector_bytes_sum{pipeline_name=\"archv2-nxm-batched\",type=\"source\"}[2s])/1048576 start:2026-08-02T22:54:11.557Z step:1]" stats="&{Timings:{EvalTotalTime:0.00018525 ResultSortTime:1.5e-06 QueryPreparationTime:8.916e-06 InnerEvalTime:0.000140833 ExecQueueTime:1.292e-06 ExecTotalTime:0.000189584} Samples:0x140012f8990}" spanID=0000000000000000
time=2026-08-02T15:54:16.560-07:00 level=WARN msg="Query returned multiple series, only first will be used" test=archv2-nxm-batched tool=conduit-v1 collector=conduit type=conduit collector=conduit type=conduit series-count=2
time=2026-08-02T15:54:16.560-07:00 level=DEBUG msg="Query returned data" test=archv2-nxm-batched tool=conduit-v1 collector=conduit type=conduit collector=conduit type=conduit name=msg-megabytes-in-per-second[archv2-nxm-batched] series-count=1 last-value=0.21023178100585938
time=2026-08-02T15:54:16.560-07:00 level=DEBUG msg="promql query logged" test=archv2-nxm-batched tool=conduit-v1 collector=conduit type=conduit collector=conduit type=conduit params="map[end:2026-08-02T22:54:16.560Z query:rate(conduit_connector_bytes_sum{pipeline_name=\"archv2-nxm-batched\",type=\"destination\"}[2s])/1048576 start:2026-08-02T22:54:11.557Z step:1]" stats="&{Timings:{EvalTotalTime:7.6792e-05 ResultSortTime:7.91e-07 QueryPreparationTime:1.45e-05 InnerEvalTime:4.0708e-05 ExecQueueTime:1.207e-06 ExecTotalTime:8.0584e-05} Samples:0x14001489920}" spanID=0000000000000000
time=2026-08-02T15:54:16.560-07:00 level=WARN msg="Query returned multiple series, only first will be used" test=archv2-nxm-batched tool=conduit-v1 collector=conduit type=conduit collector=conduit type=conduit series-count=2
time=2026-08-02T15:54:16.561-07:00 level=DEBUG msg="Query returned data" test=archv2-nxm-batched tool=conduit-v1 collector=conduit type=conduit collector=conduit type=conduit name=msg-megabytes-out-per-second[archv2-nxm-batched] series-count=1 last-value=0.4148130416870117
time=2026-08-02T15:54:16.789-07:00 level=DEBUG msg="Inspecting container" model=container-monitor name=benchi-conduit
time=2026-08-02T15:54:17.302-07:00 level=DEBUG msg="Inspecting container" model=container-monitor name=benchi-conduit
time=2026-08-02T15:54:17.558-07:00 level=DEBUG msg="promql query logged" test=archv2-nxm-batched tool=conduit-v1 collector=conduit type=conduit collector=conduit type=conduit params="map[end:2026-08-02T22:54:17.558Z query:rate(conduit_pipeline_execution_duration_seconds_count{pipeline_name=\"archv2-nxm-batched\"}[2s]) start:2026-08-02T22:54:11.557Z step:1]" stats="&{Timings:{EvalTotalTime:4.3584e-05 ResultSortTime:3.75e-07 QueryPreparationTime:1.2875e-05 InnerEvalTime:2.5959e-05 ExecQueueTime:2.792e-06 ExecTotalTime:4.8542e-05} Samples:0x14001509f20}" spanID=0000000000000000
time=2026-08-02T15:54:17.559-07:00 level=DEBUG msg="Query returned data" test=archv2-nxm-batched tool=conduit-v1 collector=conduit type=conduit collector=conduit type=conduit name=msg-rate-per-second[archv2-nxm-batched] series-count=1 last-value=16768
time=2026-08-02T15:54:17.559-07:00 level=DEBUG msg="promql query logged" test=archv2-nxm-batched tool=conduit-v1 collector=conduit type=conduit collector=conduit type=conduit params="map[end:2026-08-02T22:54:17.559Z query:rate(conduit_connector_bytes_sum{pipeline_name=\"archv2-nxm-batched\",type=\"source\"}[2s])/1048576 start:2026-08-02T22:54:11.557Z step:1]" stats="&{Timings:{EvalTotalTime:5.2458e-05 ResultSortTime:9.59e-07 QueryPreparationTime:1.9e-05 InnerEvalTime:2.9084e-05 ExecQueueTime:7.07e-07 ExecTotalTime:5.4583e-05} Samples:0x1400160c660}" spanID=0000000000000000
time=2026-08-02T15:54:17.559-07:00 level=WARN msg="Query returned multiple series, only first will be used" test=archv2-nxm-batched tool=conduit-v1 collector=conduit type=conduit collector=conduit type=conduit series-count=2
time=2026-08-02T15:54:17.559-07:00 level=DEBUG msg="Query returned data" test=archv2-nxm-batched tool=conduit-v1 collector=conduit type=conduit collector=conduit type=conduit name=msg-megabytes-in-per-second[archv2-nxm-batched] series-count=1 last-value=0.2382831573486328
time=2026-08-02T15:54:17.559-07:00 level=DEBUG msg="promql query logged" test=archv2-nxm-batched tool=conduit-v1 collector=conduit type=conduit collector=conduit type=conduit params="map[end:2026-08-02T22:54:17.559Z query:rate(conduit_connector_bytes_sum{pipeline_name=\"archv2-nxm-batched\",type=\"destination\"}[2s])/1048576 start:2026-08-02T22:54:11.557Z step:1]" stats="&{Timings:{EvalTotalTime:3.75e-05 ResultSortTime:4.17e-07 QueryPreparationTime:6.917e-06 InnerEvalTime:2.6791e-05 ExecQueueTime:8.74e-07 ExecTotalTime:4.0458e-05} Samples:0x1400160cf60}" spanID=0000000000000000
time=2026-08-02T15:54:17.559-07:00 level=WARN msg="Query returned multiple series, only first will be used" test=archv2-nxm-batched tool=conduit-v1 collector=conduit type=conduit collector=conduit type=conduit series-count=2
time=2026-08-02T15:54:17.559-07:00 level=DEBUG msg="Query returned data" test=archv2-nxm-batched tool=conduit-v1 collector=conduit type=conduit collector=conduit type=conduit name=msg-megabytes-out-per-second[archv2-nxm-batched] series-count=1 last-value=0.47443485260009766
time=2026-08-02T15:54:17.824-07:00 level=DEBUG msg="Inspecting container" model=container-monitor name=benchi-conduit
time=2026-08-02T15:54:18.344-07:00 level=DEBUG msg="Inspecting container" model=container-monitor name=benchi-conduit
time=2026-08-02T15:54:18.560-07:00 level=DEBUG msg="promql query logged" test=archv2-nxm-batched tool=conduit-v1 collector=conduit type=conduit collector=conduit type=conduit params="map[end:2026-08-02T22:54:18.560Z query:rate(conduit_pipeline_execution_duration_seconds_count{pipeline_name=\"archv2-nxm-batched\"}[2s]) start:2026-08-02T22:54:11.557Z step:1]" stats="&{Timings:{EvalTotalTime:5.4709e-05 ResultSortTime:4.58e-07 QueryPreparationTime:1.8666e-05 InnerEvalTime:3.0167e-05 ExecQueueTime:2.75e-06 ExecTotalTime:5.9042e-05} Samples:0x140015e2690}" spanID=0000000000000000
time=2026-08-02T15:54:18.560-07:00 level=DEBUG msg="Query returned data" test=archv2-nxm-batched tool=conduit-v1 collector=conduit type=conduit collector=conduit type=conduit name=msg-rate-per-second[archv2-nxm-batched] series-count=1 last-value=16399
time=2026-08-02T15:54:18.560-07:00 level=DEBUG msg="promql query logged" test=archv2-nxm-batched tool=conduit-v1 collector=conduit type=conduit collector=conduit type=conduit params="map[end:2026-08-02T22:54:18.560Z query:rate(conduit_connector_bytes_sum{pipeline_name=\"archv2-nxm-batched\",type=\"source\"}[2s])/1048576 start:2026-08-02T22:54:11.557Z step:1]" stats="&{Timings:{EvalTotalTime:9.0708e-05 ResultSortTime:1e-06 QueryPreparationTime:7.75e-06 InnerEvalTime:7.7792e-05 ExecQueueTime:1.125e-06 ExecTotalTime:9.35e-05} Samples:0x140015e2db0}" spanID=0000000000000000
time=2026-08-02T15:54:18.560-07:00 level=WARN msg="Query returned multiple series, only first will be used" test=archv2-nxm-batched tool=conduit-v1 collector=conduit type=conduit collector=conduit type=conduit series-count=2
time=2026-08-02T15:54:18.560-07:00 level=DEBUG msg="Query returned data" test=archv2-nxm-batched tool=conduit-v1 collector=conduit type=conduit collector=conduit type=conduit name=msg-megabytes-in-per-second[archv2-nxm-batched] series-count=1 last-value=0.23112773895263672
time=2026-08-02T15:54:18.561-07:00 level=DEBUG msg="promql query logged" test=archv2-nxm-batched tool=conduit-v1 collector=conduit type=conduit collector=conduit type=conduit params="map[end:2026-08-02T22:54:18.560Z query:rate(conduit_connector_bytes_sum{pipeline_name=\"archv2-nxm-batched\",type=\"destination\"}[2s])/1048576 start:2026-08-02T22:54:11.557Z step:1]" stats="&{Timings:{EvalTotalTime:5.1542e-05 ResultSortTime:5.84e-07 QueryPreparationTime:9.875e-06 InnerEvalTime:3.7167e-05 ExecQueueTime:1.458e-06 ExecTotalTime:5.5e-05} Samples:0x1400160ca80}" spanID=0000000000000000
time=2026-08-02T15:54:18.561-07:00 level=WARN msg="Query returned multiple series, only first will be used" test=archv2-nxm-batched tool=conduit-v1 collector=conduit type=conduit collector=conduit type=conduit series-count=2
time=2026-08-02T15:54:18.561-07:00 level=DEBUG msg="Query returned data" test=archv2-nxm-batched tool=conduit-v1 collector=conduit type=conduit collector=conduit type=conduit name=msg-megabytes-out-per-second[archv2-nxm-batched] series-count=1 last-value=0.46258544921875
time=2026-08-02T15:54:18.869-07:00 level=DEBUG msg="Inspecting container" model=container-monitor name=benchi-conduit
time=2026-08-02T15:54:19.394-07:00 level=DEBUG msg="Inspecting container" model=container-monitor name=benchi-conduit
time=2026-08-02T15:54:19.558-07:00 level=DEBUG msg="promql query logged" test=archv2-nxm-batched tool=conduit-v1 collector=conduit type=conduit collector=conduit type=conduit params="map[end:2026-08-02T22:54:19.558Z query:rate(conduit_pipeline_execution_duration_seconds_count{pipeline_name=\"archv2-nxm-batched\"}[2s]) start:2026-08-02T22:54:11.557Z step:1]" stats="&{Timings:{EvalTotalTime:9.9334e-05 ResultSortTime:3.33e-07 QueryPreparationTime:5.2167e-05 InnerEvalTime:3.8459e-05 ExecQueueTime:2.917e-06 ExecTotalTime:0.000106042} Samples:0x140015e3560}" spanID=0000000000000000
time=2026-08-02T15:54:19.559-07:00 level=DEBUG msg="Query returned data" test=archv2-nxm-batched tool=conduit-v1 collector=conduit type=conduit collector=conduit type=conduit name=msg-rate-per-second[archv2-nxm-batched] series-count=1 last-value=15252
time=2026-08-02T15:54:19.559-07:00 level=DEBUG msg="promql query logged" test=archv2-nxm-batched tool=conduit-v1 collector=conduit type=conduit collector=conduit type=conduit params="map[end:2026-08-02T22:54:19.559Z query:rate(conduit_connector_bytes_sum{pipeline_name=\"archv2-nxm-batched\",type=\"source\"}[2s])/1048576 start:2026-08-02T22:54:11.557Z step:1]" stats="&{Timings:{EvalTotalTime:6.0584e-05 ResultSortTime:1.25e-06 QueryPreparationTime:9.625e-06 InnerEvalTime:4.2666e-05 ExecQueueTime:1.333e-06 ExecTotalTime:6.4458e-05} Samples:0x140015e3c20}" spanID=0000000000000000
time=2026-08-02T15:54:19.559-07:00 level=WARN msg="Query returned multiple series, only first will be used" test=archv2-nxm-batched tool=conduit-v1 collector=conduit type=conduit collector=conduit type=conduit series-count=2
time=2026-08-02T15:54:19.559-07:00 level=DEBUG msg="Query returned data" test=archv2-nxm-batched tool=conduit-v1 collector=conduit type=conduit collector=conduit type=conduit name=msg-megabytes-in-per-second[archv2-nxm-batched] series-count=1 last-value=0.21541786193847656
time=2026-08-02T15:54:19.559-07:00 level=DEBUG msg="promql query logged" test=archv2-nxm-batched tool=conduit-v1 collector=conduit type=conduit collector=conduit type=conduit params="map[end:2026-08-02T22:54:19.559Z query:rate(conduit_connector_bytes_sum{pipeline_name=\"archv2-nxm-batched\",type=\"destination\"}[2s])/1048576 start:2026-08-02T22:54:11.557Z step:1]" stats="&{Timings:{EvalTotalTime:9.3e-05 ResultSortTime:8.75e-07 QueryPreparationTime:1.025e-05 InnerEvalTime:7.7833e-05 ExecQueueTime:1.583e-06 ExecTotalTime:9.65e-05} Samples:0x1400160dc50}" spanID=0000000000000000
time=2026-08-02T15:54:19.559-07:00 level=WARN msg="Query returned multiple series, only first will be used" test=archv2-nxm-batched tool=conduit-v1 collector=conduit type=conduit collector=conduit type=conduit series-count=2
time=2026-08-02T15:54:19.559-07:00 level=DEBUG msg="Query returned data" test=archv2-nxm-batched tool=conduit-v1 collector=conduit type=conduit collector=conduit type=conduit name=msg-megabytes-out-per-second[archv2-nxm-batched] series-count=1 last-value=0.4308748245239258
time=2026-08-02T15:54:19.906-07:00 level=DEBUG msg="Inspecting container" model=container-monitor name=benchi-conduit
time=2026-08-02T15:54:20.420-07:00 level=DEBUG msg="Inspecting container" model=container-monitor name=benchi-conduit
time=2026-08-02T15:54:20.558-07:00 level=DEBUG msg="promql query logged" test=archv2-nxm-batched tool=conduit-v1 collector=conduit type=conduit collector=conduit type=conduit params="map[end:2026-08-02T22:54:20.558Z query:rate(conduit_pipeline_execution_duration_seconds_count{pipeline_name=\"archv2-nxm-batched\"}[2s]) start:2026-08-02T22:54:11.557Z step:1]" stats="&{Timings:{EvalTotalTime:5.2875e-05 ResultSortTime:2.91e-07 QueryPreparationTime:1.9625e-05 InnerEvalTime:2.8416e-05 ExecQueueTime:2.625e-06 ExecTotalTime:5.7458e-05} Samples:0x14000b00d50}" spanID=0000000000000000
time=2026-08-02T15:54:20.558-07:00 level=DEBUG msg="Query returned data" test=archv2-nxm-batched tool=conduit-v1 collector=conduit type=conduit collector=conduit type=conduit name=msg-rate-per-second[archv2-nxm-batched] series-count=1 last-value=14431
time=2026-08-02T15:54:20.558-07:00 level=DEBUG msg="promql query logged" test=archv2-nxm-batched tool=conduit-v1 collector=conduit type=conduit collector=conduit type=conduit params="map[end:2026-08-02T22:54:20.558Z query:rate(conduit_connector_bytes_sum{pipeline_name=\"archv2-nxm-batched\",type=\"source\"}[2s])/1048576 start:2026-08-02T22:54:11.557Z step:1]" stats="&{Timings:{EvalTotalTime:5.4542e-05 ResultSortTime:8.75e-07 QueryPreparationTime:1.3916e-05 InnerEvalTime:3.5792e-05 ExecQueueTime:8.75e-07 ExecTotalTime:5.6708e-05} Samples:0x14000b01410}" spanID=0000000000000000
time=2026-08-02T15:54:20.558-07:00 level=WARN msg="Query returned multiple series, only first will be used" test=archv2-nxm-batched tool=conduit-v1 collector=conduit type=conduit collector=conduit type=conduit series-count=2
time=2026-08-02T15:54:20.558-07:00 level=DEBUG msg="Query returned data" test=archv2-nxm-batched tool=conduit-v1 collector=conduit type=conduit collector=conduit type=conduit name=msg-megabytes-in-per-second[archv2-nxm-batched] series-count=1 last-value=0.20428466796875
time=2026-08-02T15:54:20.558-07:00 level=DEBUG msg="promql query logged" test=archv2-nxm-batched tool=conduit-v1 collector=conduit type=conduit collector=conduit type=conduit params="map[end:2026-08-02T22:54:20.558Z query:rate(conduit_connector_bytes_sum{pipeline_name=\"archv2-nxm-batched\",type=\"destination\"}[2s])/1048576 start:2026-08-02T22:54:11.557Z step:1]" stats="&{Timings:{EvalTotalTime:5.4458e-05 ResultSortTime:5.42e-07 QueryPreparationTime:8.791e-06 InnerEvalTime:4.1375e-05 ExecQueueTime:1.334e-06 ExecTotalTime:5.8084e-05} Samples:0x14001489500}" spanID=0000000000000000
time=2026-08-02T15:54:20.558-07:00 level=WARN msg="Query returned multiple series, only first will be used" test=archv2-nxm-batched tool=conduit-v1 collector=conduit type=conduit collector=conduit type=conduit series-count=2
time=2026-08-02T15:54:20.559-07:00 level=DEBUG msg="Query returned data" test=archv2-nxm-batched tool=conduit-v1 collector=conduit type=conduit collector=conduit type=conduit name=msg-megabytes-out-per-second[archv2-nxm-batched] series-count=1 last-value=0.40869998931884766
time=2026-08-02T15:54:20.931-07:00 level=DEBUG msg="Inspecting container" model=container-monitor name=benchi-conduit
time=2026-08-02T15:54:21.450-07:00 level=DEBUG msg="Inspecting container" model=container-monitor name=benchi-conduit
time=2026-08-02T15:54:21.559-07:00 level=INFO msg="Test in progress" test=archv2-nxm-batched tool=conduit-v1 step=test time-left=50s
time=2026-08-02T15:54:21.560-07:00 level=DEBUG msg="promql query logged" test=archv2-nxm-batched tool=conduit-v1 collector=conduit type=conduit collector=conduit type=conduit params="map[end:2026-08-02T22:54:21.559Z query:rate(conduit_pipeline_execution_duration_seconds_count{pipeline_name=\"archv2-nxm-batched\"}[2s]) start:2026-08-02T22:54:11.557Z step:1]" stats="&{Timings:{EvalTotalTime:4.7375e-05 ResultSortTime:3.75e-07 QueryPreparationTime:1.4917e-05 InnerEvalTime:2.7334e-05 ExecQueueTime:2.584e-06 ExecTotalTime:5.2e-05} Samples:0x14000b44a80}" spanID=0000000000000000
time=2026-08-02T15:54:21.561-07:00 level=DEBUG msg="Query returned data" test=archv2-nxm-batched tool=conduit-v1 collector=conduit type=conduit collector=conduit type=conduit name=msg-rate-per-second[archv2-nxm-batched] series-count=1 last-value=15555
time=2026-08-02T15:54:21.561-07:00 level=DEBUG msg="promql query logged" test=archv2-nxm-batched tool=conduit-v1 collector=conduit type=conduit collector=conduit type=conduit params="map[end:2026-08-02T22:54:21.561Z query:rate(conduit_connector_bytes_sum{pipeline_name=\"archv2-nxm-batched\",type=\"source\"}[2s])/1048576 start:2026-08-02T22:54:11.557Z step:1]" stats="&{Timings:{EvalTotalTime:0.00014625 ResultSortTime:1.25e-06 QueryPreparationTime:6.8083e-05 InnerEvalTime:7.1625e-05 ExecQueueTime:2.084e-06 ExecTotalTime:0.000150667} Samples:0x14000b457d0}" spanID=0000000000000000
time=2026-08-02T15:54:21.561-07:00 level=WARN msg="Query returned multiple series, only first will be used" test=archv2-nxm-batched tool=conduit-v1 collector=conduit type=conduit collector=conduit type=conduit series-count=2
time=2026-08-02T15:54:21.562-07:00 level=DEBUG msg="Query returned data" test=archv2-nxm-batched tool=conduit-v1 collector=conduit type=conduit collector=conduit type=conduit name=msg-megabytes-in-per-second[archv2-nxm-batched] series-count=1 last-value=0.21076202392578125
time=2026-08-02T15:54:21.562-07:00 level=DEBUG msg="promql query logged" test=archv2-nxm-batched tool=conduit-v1 collector=conduit type=conduit collector=conduit type=conduit params="map[end:2026-08-02T22:54:21.562Z query:rate(conduit_connector_bytes_sum{pipeline_name=\"archv2-nxm-batched\",type=\"destination\"}[2s])/1048576 start:2026-08-02T22:54:11.557Z step:1]" stats="&{Timings:{EvalTotalTime:7.1291e-05 ResultSortTime:2.042e-06 QueryPreparationTime:1.0417e-05 InnerEvalTime:4.125e-05 ExecQueueTime:1.083e-06 ExecTotalTime:7.5917e-05} Samples:0x14000ebca50}" spanID=0000000000000000
time=2026-08-02T15:54:21.562-07:00 level=WARN msg="Query returned multiple series, only first will be used" test=archv2-nxm-batched tool=conduit-v1 collector=conduit type=conduit collector=conduit type=conduit series-count=2
time=2026-08-02T15:54:21.562-07:00 level=DEBUG msg="Query returned data" test=archv2-nxm-batched tool=conduit-v1 collector=conduit type=conduit collector=conduit type=conduit name=msg-megabytes-out-per-second[archv2-nxm-batched] series-count=1 last-value=0.4398069381713867
time=2026-08-02T15:54:21.965-07:00 level=DEBUG msg="Inspecting container" model=container-monitor name=benchi-conduit
time=2026-08-02T15:54:22.480-07:00 level=DEBUG msg="Inspecting container" model=container-monitor name=benchi-conduit
time=2026-08-02T15:54:22.558-07:00 level=DEBUG msg="promql query logged" test=archv2-nxm-batched tool=conduit-v1 collector=conduit type=conduit collector=conduit type=conduit params="map[end:2026-08-02T22:54:22.558Z query:rate(conduit_pipeline_execution_duration_seconds_count{pipeline_name=\"archv2-nxm-batched\"}[2s]) start:2026-08-02T22:54:11.557Z step:1]" stats="&{Timings:{EvalTotalTime:6.6084e-05 ResultSortTime:5.41e-07 QueryPreparationTime:1.4167e-05 InnerEvalTime:4.6667e-05 ExecQueueTime:2.874e-06 ExecTotalTime:7.1084e-05} Samples:0x14000ee5500}" spanID=0000000000000000
time=2026-08-02T15:54:22.559-07:00 level=DEBUG msg="Query returned data" test=archv2-nxm-batched tool=conduit-v1 collector=conduit type=conduit collector=conduit type=conduit name=msg-rate-per-second[archv2-nxm-batched] series-count=1 last-value=14399
time=2026-08-02T15:54:22.559-07:00 level=DEBUG msg="promql query logged" test=archv2-nxm-batched tool=conduit-v1 collector=conduit type=conduit collector=conduit type=conduit params="map[end:2026-08-02T22:54:22.559Z query:rate(conduit_connector_bytes_sum{pipeline_name=\"archv2-nxm-batched\",type=\"source\"}[2s])/1048576 start:2026-08-02T22:54:11.557Z step:1]" stats="&{Timings:{EvalTotalTime:4.45e-05 ResultSortTime:5.83e-07 QueryPreparationTime:8.375e-06 InnerEvalTime:3.2625e-05 ExecQueueTime:7.5e-07 ExecTotalTime:4.6667e-05} Samples:0x14000aec570}" spanID=0000000000000000
time=2026-08-02T15:54:22.559-07:00 level=WARN msg="Query returned multiple series, only first will be used" test=archv2-nxm-batched tool=conduit-v1 collector=conduit type=conduit collector=conduit type=conduit series-count=2
time=2026-08-02T15:54:22.559-07:00 level=DEBUG msg="Query returned data" test=archv2-nxm-batched tool=conduit-v1 collector=conduit type=conduit collector=conduit type=conduit name=msg-megabytes-in-per-second[archv2-nxm-batched] series-count=1 last-value=0.20750904083251953
time=2026-08-02T15:54:22.559-07:00 level=DEBUG msg="promql query logged" test=archv2-nxm-batched tool=conduit-v1 collector=conduit type=conduit collector=conduit type=conduit params="map[end:2026-08-02T22:54:22.559Z query:rate(conduit_connector_bytes_sum{pipeline_name=\"archv2-nxm-batched\",type=\"destination\"}[2s])/1048576 start:2026-08-02T22:54:11.557Z step:1]" stats="&{Timings:{EvalTotalTime:3.3917e-05 ResultSortTime:3.34e-07 QueryPreparationTime:4.334e-06 InnerEvalTime:2.6166e-05 ExecQueueTime:6.25e-07 ExecTotalTime:3.5833e-05} Samples:0x14000976840}" spanID=0000000000000000
time=2026-08-02T15:54:22.559-07:00 level=WARN msg="Query returned multiple series, only first will be used" test=archv2-nxm-batched tool=conduit-v1 collector=conduit type=conduit collector=conduit type=conduit series-count=2
time=2026-08-02T15:54:22.559-07:00 level=DEBUG msg="Query returned data" test=archv2-nxm-batched tool=conduit-v1 collector=conduit type=conduit collector=conduit type=conduit name=msg-megabytes-out-per-second[archv2-nxm-batched] series-count=1 last-value=0.4076070785522461
time=2026-08-02T15:54:23.025-07:00 level=DEBUG msg="Inspecting container" model=container-monitor name=benchi-conduit
time=2026-08-02T15:54:23.550-07:00 level=DEBUG msg="Inspecting container" model=container-monitor name=benchi-conduit
time=2026-08-02T15:54:23.558-07:00 level=DEBUG msg="promql query logged" test=archv2-nxm-batched tool=conduit-v1 collector=conduit type=conduit collector=conduit type=conduit params="map[end:2026-08-02T22:54:23.558Z query:rate(conduit_pipeline_execution_duration_seconds_count{pipeline_name=\"archv2-nxm-batched\"}[2s]) start:2026-08-02T22:54:11.557Z step:1]" stats="&{Timings:{EvalTotalTime:4.9e-05 ResultSortTime:3.75e-07 QueryPreparationTime:1.4e-05 InnerEvalTime:2.9708e-05 ExecQueueTime:2.375e-06 ExecTotalTime:5.375e-05} Samples:0x140010847b0}" spanID=0000000000000000
time=2026-08-02T15:54:23.558-07:00 level=DEBUG msg="Query returned data" test=archv2-nxm-batched tool=conduit-v1 collector=conduit type=conduit collector=conduit type=conduit name=msg-rate-per-second[archv2-nxm-batched] series-count=1 last-value=12165
time=2026-08-02T15:54:23.559-07:00 level=DEBUG msg="promql query logged" test=archv2-nxm-batched tool=conduit-v1 collector=conduit type=conduit collector=conduit type=conduit params="map[end:2026-08-02T22:54:23.558Z query:rate(conduit_connector_bytes_sum{pipeline_name=\"archv2-nxm-batched\",type=\"source\"}[2s])/1048576 start:2026-08-02T22:54:11.557Z step:1]" stats="&{Timings:{EvalTotalTime:8.1625e-05 ResultSortTime:7.92e-07 QueryPreparationTime:2.8333e-05 InnerEvalTime:4.8e-05 ExecQueueTime:1.625e-06 ExecTotalTime:9.3833e-05} Samples:0x14001084ed0}" spanID=0000000000000000
time=2026-08-02T15:54:23.559-07:00 level=WARN msg="Query returned multiple series, only first will be used" test=archv2-nxm-batched tool=conduit-v1 collector=conduit type=conduit collector=conduit type=conduit series-count=2
time=2026-08-02T15:54:23.559-07:00 level=DEBUG msg="Query returned data" test=archv2-nxm-batched tool=conduit-v1 collector=conduit type=conduit collector=conduit type=conduit name=msg-megabytes-in-per-second[archv2-nxm-batched] series-count=1 last-value=0.17190837860107422
time=2026-08-02T15:54:23.559-07:00 level=DEBUG msg="promql query logged" test=archv2-nxm-batched tool=conduit-v1 collector=conduit type=conduit collector=conduit type=conduit params="map[end:2026-08-02T22:54:23.559Z query:rate(conduit_connector_bytes_sum{pipeline_name=\"archv2-nxm-batched\",type=\"destination\"}[2s])/1048576 start:2026-08-02T22:54:11.557Z step:1]" stats="&{Timings:{EvalTotalTime:5.4167e-05 ResultSortTime:5.83e-07 QueryPreparationTime:9.292e-06 InnerEvalTime:3.975e-05 ExecQueueTime:1.583e-06 ExecTotalTime:5.8917e-05} Samples:0x1400015cde0}" spanID=0000000000000000
time=2026-08-02T15:54:23.559-07:00 level=WARN msg="Query returned multiple series, only first will be used" test=archv2-nxm-batched tool=conduit-v1 collector=conduit type=conduit collector=conduit type=conduit series-count=2
time=2026-08-02T15:54:23.559-07:00 level=DEBUG msg="Query returned data" test=archv2-nxm-batched tool=conduit-v1 collector=conduit type=conduit collector=conduit type=conduit name=msg-megabytes-out-per-second[archv2-nxm-batched] series-count=1 last-value=0.3436441421508789
time=2026-08-02T15:54:24.065-07:00 level=DEBUG msg="Inspecting container" model=container-monitor name=benchi-conduit
time=2026-08-02T15:54:24.559-07:00 level=DEBUG msg="promql query logged" test=archv2-nxm-batched tool=conduit-v1 collector=conduit type=conduit collector=conduit type=conduit params="map[end:2026-08-02T22:54:24.559Z query:rate(conduit_pipeline_execution_duration_seconds_count{pipeline_name=\"archv2-nxm-batched\"}[2s]) start:2026-08-02T22:54:11.557Z step:1]" stats="&{Timings:{EvalTotalTime:5.05e-05 ResultSortTime:5e-07 QueryPreparationTime:1.4291e-05 InnerEvalTime:3.0917e-05 ExecQueueTime:2.709e-06 ExecTotalTime:5.4709e-05} Samples:0x1400130c720}" spanID=0000000000000000
time=2026-08-02T15:54:24.559-07:00 level=DEBUG msg="Query returned data" test=archv2-nxm-batched tool=conduit-v1 collector=conduit type=conduit collector=conduit type=conduit name=msg-rate-per-second[archv2-nxm-batched] series-count=1 last-value=14288
time=2026-08-02T15:54:24.559-07:00 level=DEBUG msg="promql query logged" test=archv2-nxm-batched tool=conduit-v1 collector=conduit type=conduit collector=conduit type=conduit params="map[end:2026-08-02T22:54:24.559Z query:rate(conduit_connector_bytes_sum{pipeline_name=\"archv2-nxm-batched\",type=\"source\"}[2s])/1048576 start:2026-08-02T22:54:11.557Z step:1]" stats="&{Timings:{EvalTotalTime:6.1416e-05 ResultSortTime:7.92e-07 QueryPreparationTime:9e-06 InnerEvalTime:4.7917e-05 ExecQueueTime:1.375e-06 ExecTotalTime:6.4833e-05} Samples:0x1400130ce70}" spanID=0000000000000000
time=2026-08-02T15:54:24.559-07:00 level=WARN msg="Query returned multiple series, only first will be used" test=archv2-nxm-batched tool=conduit-v1 collector=conduit type=conduit collector=conduit type=conduit series-count=2
time=2026-08-02T15:54:24.559-07:00 level=DEBUG msg="Query returned data" test=archv2-nxm-batched tool=conduit-v1 collector=conduit type=conduit collector=conduit type=conduit name=msg-megabytes-in-per-second[archv2-nxm-batched] series-count=1 last-value=0.2021942138671875
time=2026-08-02T15:54:24.560-07:00 level=DEBUG msg="promql query logged" test=archv2-nxm-batched tool=conduit-v1 collector=conduit type=conduit collector=conduit type=conduit params="map[end:2026-08-02T22:54:24.559Z query:rate(conduit_connector_bytes_sum{pipeline_name=\"archv2-nxm-batched\",type=\"destination\"}[2s])/1048576 start:2026-08-02T22:54:11.557Z step:1]" stats="&{Timings:{EvalTotalTime:4.2667e-05 ResultSortTime:3.75e-07 QueryPreparationTime:6.709e-06 InnerEvalTime:3.2375e-05 ExecQueueTime:8.33e-07 ExecTotalTime:4.5125e-05} Samples:0x1400130da70}" spanID=0000000000000000
time=2026-08-02T15:54:24.560-07:00 level=WARN msg="Query returned multiple series, only first will be used" test=archv2-nxm-batched tool=conduit-v1 collector=conduit type=conduit collector=conduit type=conduit series-count=2
time=2026-08-02T15:54:24.560-07:00 level=DEBUG msg="Query returned data" test=archv2-nxm-batched tool=conduit-v1 collector=conduit type=conduit collector=conduit type=conduit name=msg-megabytes-out-per-second[archv2-nxm-batched] series-count=1 last-value=0.4033679962158203
time=2026-08-02T15:54:24.582-07:00 level=DEBUG msg="Inspecting container" model=container-monitor name=benchi-conduit
time=2026-08-02T15:54:25.095-07:00 level=DEBUG msg="Inspecting container" model=container-monitor name=benchi-conduit
time=2026-08-02T15:54:25.560-07:00 level=DEBUG msg="promql query logged" test=archv2-nxm-batched tool=conduit-v1 collector=conduit type=conduit collector=conduit type=conduit params="map[end:2026-08-02T22:54:25.560Z query:rate(conduit_pipeline_execution_duration_seconds_count{pipeline_name=\"archv2-nxm-batched\"}[2s]) start:2026-08-02T22:54:11.557Z step:1]" stats="&{Timings:{EvalTotalTime:5.3375e-05 ResultSortTime:4.58e-07 QueryPreparationTime:2.0541e-05 InnerEvalTime:2.7292e-05 ExecQueueTime:2.707e-06 ExecTotalTime:5.8e-05} Samples:0x140012f9c50}" spanID=0000000000000000
time=2026-08-02T15:54:25.560-07:00 level=DEBUG msg="Query returned data" test=archv2-nxm-batched tool=conduit-v1 collector=conduit type=conduit collector=conduit type=conduit name=msg-rate-per-second[archv2-nxm-batched] series-count=1 last-value=16859
time=2026-08-02T15:54:25.560-07:00 level=DEBUG msg="promql query logged" test=archv2-nxm-batched tool=conduit-v1 collector=conduit type=conduit collector=conduit type=conduit params="map[end:2026-08-02T22:54:25.560Z query:rate(conduit_connector_bytes_sum{pipeline_name=\"archv2-nxm-batched\",type=\"source\"}[2s])/1048576 start:2026-08-02T22:54:11.557Z step:1]" stats="&{Timings:{EvalTotalTime:4.6333e-05 ResultSortTime:7.5e-07 QueryPreparationTime:6.959e-06 InnerEvalTime:3.5459e-05 ExecQueueTime:8.33e-07 ExecTotalTime:4.8583e-05} Samples:0x14001508390}" spanID=0000000000000000
time=2026-08-02T15:54:25.560-07:00 level=WARN msg="Query returned multiple series, only first will be used" test=archv2-nxm-batched tool=conduit-v1 collector=conduit type=conduit collector=conduit type=conduit series-count=2
time=2026-08-02T15:54:25.560-07:00 level=DEBUG msg="Query returned data" test=archv2-nxm-batched tool=conduit-v1 collector=conduit type=conduit collector=conduit type=conduit name=msg-megabytes-in-per-second[archv2-nxm-batched] series-count=1 last-value=0.23532485961914062
time=2026-08-02T15:54:25.560-07:00 level=DEBUG msg="promql query logged" test=archv2-nxm-batched tool=conduit-v1 collector=conduit type=conduit collector=conduit type=conduit params="map[end:2026-08-02T22:54:25.560Z query:rate(conduit_connector_bytes_sum{pipeline_name=\"archv2-nxm-batched\",type=\"destination\"}[2s])/1048576 start:2026-08-02T22:54:11.557Z step:1]" stats="&{Timings:{EvalTotalTime:3.8875e-05 ResultSortTime:2.5e-07 QueryPreparationTime:5.25e-06 InnerEvalTime:3.05e-05 ExecQueueTime:7.51e-07 ExecTotalTime:4.0833e-05} Samples:0x14001508ed0}" spanID=0000000000000000
time=2026-08-02T15:54:25.560-07:00 level=WARN msg="Query returned multiple series, only first will be used" test=archv2-nxm-batched tool=conduit-v1 collector=conduit type=conduit collector=conduit type=conduit series-count=2
time=2026-08-02T15:54:25.561-07:00 level=DEBUG msg="Query returned data" test=archv2-nxm-batched tool=conduit-v1 collector=conduit type=conduit collector=conduit type=conduit name=msg-megabytes-out-per-second[archv2-nxm-batched] series-count=1 last-value=0.47687816619873047
time=2026-08-02T15:54:25.606-07:00 level=DEBUG msg="Inspecting container" model=container-monitor name=benchi-conduit
time=2026-08-02T15:54:26.122-07:00 level=DEBUG msg="Inspecting container" model=container-monitor name=benchi-conduit
time=2026-08-02T15:54:26.560-07:00 level=DEBUG msg="promql query logged" test=archv2-nxm-batched tool=conduit-v1 collector=conduit type=conduit collector=conduit type=conduit params="map[end:2026-08-02T22:54:26.560Z query:rate(conduit_pipeline_execution_duration_seconds_count{pipeline_name=\"archv2-nxm-batched\"}[2s]) start:2026-08-02T22:54:11.557Z step:1]" stats="&{Timings:{EvalTotalTime:3.7458e-05 ResultSortTime:3.75e-07 QueryPreparationTime:1.1542e-05 InnerEvalTime:2.2166e-05 ExecQueueTime:2.333e-06 ExecTotalTime:4.1166e-05} Samples:0x14000fefa70}" spanID=0000000000000000
time=2026-08-02T15:54:26.560-07:00 level=DEBUG msg="Query returned data" test=archv2-nxm-batched tool=conduit-v1 collector=conduit type=conduit collector=conduit type=conduit name=msg-rate-per-second[archv2-nxm-batched] series-count=1 last-value=15727
time=2026-08-02T15:54:26.560-07:00 level=DEBUG msg="promql query logged" test=archv2-nxm-batched tool=conduit-v1 collector=conduit type=conduit collector=conduit type=conduit params="map[end:2026-08-02T22:54:26.560Z query:rate(conduit_connector_bytes_sum{pipeline_name=\"archv2-nxm-batched\",type=\"source\"}[2s])/1048576 start:2026-08-02T22:54:11.557Z step:1]" stats="&{Timings:{EvalTotalTime:3.7709e-05 ResultSortTime:7.09e-07 QueryPreparationTime:4.458e-06 InnerEvalTime:3.0708e-05 ExecQueueTime:6.25e-07 ExecTotalTime:3.9291e-05} Samples:0x1400142c210}" spanID=0000000000000000
time=2026-08-02T15:54:26.560-07:00 level=WARN msg="Query returned multiple series, only first will be used" test=archv2-nxm-batched tool=conduit-v1 collector=conduit type=conduit collector=conduit type=conduit series-count=2
time=2026-08-02T15:54:26.560-07:00 level=DEBUG msg="Query returned data" test=archv2-nxm-batched tool=conduit-v1 collector=conduit type=conduit collector=conduit type=conduit name=msg-megabytes-in-per-second[archv2-nxm-batched] series-count=1 last-value=0.2106342315673828
time=2026-08-02T15:54:26.560-07:00 level=INFO msg="Test in progress" test=archv2-nxm-batched tool=conduit-v1 step=test time-left=45s
time=2026-08-02T15:54:26.560-07:00 level=DEBUG msg="promql query logged" test=archv2-nxm-batched tool=conduit-v1 collector=conduit type=conduit collector=conduit type=conduit params="map[end:2026-08-02T22:54:26.560Z query:rate(conduit_connector_bytes_sum{pipeline_name=\"archv2-nxm-batched\",type=\"destination\"}[2s])/1048576 start:2026-08-02T22:54:11.557Z step:1]" stats="&{Timings:{EvalTotalTime:2.7292e-05 ResultSortTime:2.08e-07 QueryPreparationTime:3.084e-06 InnerEvalTime:2.2333e-05 ExecQueueTime:5.42e-07 ExecTotalTime:2.8917e-05} Samples:0x1400142cd50}" spanID=0000000000000000
time=2026-08-02T15:54:26.560-07:00 level=WARN msg="Query returned multiple series, only first will be used" test=archv2-nxm-batched tool=conduit-v1 collector=conduit type=conduit collector=conduit type=conduit series-count=2
time=2026-08-02T15:54:26.561-07:00 level=DEBUG msg="Query returned data" test=archv2-nxm-batched tool=conduit-v1 collector=conduit type=conduit collector=conduit type=conduit name=msg-megabytes-out-per-second[archv2-nxm-batched] series-count=1 last-value=0.4444437026977539
time=2026-08-02T15:54:26.634-07:00 level=DEBUG msg="Inspecting container" model=container-monitor name=benchi-conduit
time=2026-08-02T15:54:27.152-07:00 level=DEBUG msg="Inspecting container" model=container-monitor name=benchi-conduit
time=2026-08-02T15:54:27.559-07:00 level=DEBUG msg="promql query logged" test=archv2-nxm-batched tool=conduit-v1 collector=conduit type=conduit collector=conduit type=conduit params="map[end:2026-08-02T22:54:27.559Z query:rate(conduit_pipeline_execution_duration_seconds_count{pipeline_name=\"archv2-nxm-batched\"}[2s]) start:2026-08-02T22:54:11.557Z step:1]" stats="&{Timings:{EvalTotalTime:4.8209e-05 ResultSortTime:4.16e-07 QueryPreparationTime:1.4709e-05 InnerEvalTime:2.8333e-05 ExecQueueTime:5.666e-06 ExecTotalTime:6.3583e-05} Samples:0x1400159c570}" spanID=0000000000000000
time=2026-08-02T15:54:27.559-07:00 level=DEBUG msg="Query returned data" test=archv2-nxm-batched tool=conduit-v1 collector=conduit type=conduit collector=conduit type=conduit name=msg-rate-per-second[archv2-nxm-batched] series-count=1 last-value=14700.897308075775
time=2026-08-02T15:54:27.559-07:00 level=DEBUG msg="promql query logged" test=archv2-nxm-batched tool=conduit-v1 collector=conduit type=conduit collector=conduit type=conduit params="map[end:2026-08-02T22:54:27.559Z query:rate(conduit_connector_bytes_sum{pipeline_name=\"archv2-nxm-batched\",type=\"source\"}[2s])/1048576 start:2026-08-02T22:54:11.557Z step:1]" stats="&{Timings:{EvalTotalTime:0.000154042 ResultSortTime:1.083e-06 QueryPreparationTime:8.041e-06 InnerEvalTime:0.000139292 ExecQueueTime:9.58e-07 ExecTotalTime:0.000157792} Samples:0x1400159cc30}" spanID=0000000000000000
time=2026-08-02T15:54:27.559-07:00 level=WARN msg="Query returned multiple series, only first will be used" test=archv2-nxm-batched tool=conduit-v1 collector=conduit type=conduit collector=conduit type=conduit series-count=2
time=2026-08-02T15:54:27.559-07:00 level=DEBUG msg="Query returned data" test=archv2-nxm-batched tool=conduit-v1 collector=conduit type=conduit collector=conduit type=conduit name=msg-megabytes-in-per-second[archv2-nxm-batched] series-count=1 last-value=0.2035757123770291
time=2026-08-02T15:54:27.559-07:00 level=DEBUG msg="promql query logged" test=archv2-nxm-batched tool=conduit-v1 collector=conduit type=conduit collector=conduit type=conduit params="map[end:2026-08-02T22:54:27.559Z query:rate(conduit_connector_bytes_sum{pipeline_name=\"archv2-nxm-batched\",type=\"destination\"}[2s])/1048576 start:2026-08-02T22:54:11.557Z step:1]" stats="&{Timings:{EvalTotalTime:5.4542e-05 ResultSortTime:5e-07 QueryPreparationTime:9.833e-06 InnerEvalTime:3.9e-05 ExecQueueTime:1.166e-06 ExecTotalTime:5.7708e-05} Samples:0x1400159d7d0}" spanID=0000000000000000
time=2026-08-02T15:54:27.560-07:00 level=WARN msg="Query returned multiple series, only first will be used" test=archv2-nxm-batched tool=conduit-v1 collector=conduit type=conduit collector=conduit type=conduit series-count=2
time=2026-08-02T15:54:27.560-07:00 level=DEBUG msg="Query returned data" test=archv2-nxm-batched tool=conduit-v1 collector=conduit type=conduit collector=conduit type=conduit name=msg-megabytes-out-per-second[archv2-nxm-batched] series-count=1 last-value=0.4154454437590549
time=2026-08-02T15:54:27.664-07:00 level=DEBUG msg="Inspecting container" model=container-monitor name=benchi-conduit
time=2026-08-02T15:54:28.174-07:00 level=DEBUG msg="Inspecting container" model=container-monitor name=benchi-conduit
time=2026-08-02T15:54:28.558-07:00 level=DEBUG msg="promql query logged" test=archv2-nxm-batched tool=conduit-v1 collector=conduit type=conduit collector=conduit type=conduit params="map[end:2026-08-02T22:54:28.558Z query:rate(conduit_pipeline_execution_duration_seconds_count{pipeline_name=\"archv2-nxm-batched\"}[2s]) start:2026-08-02T22:54:11.557Z step:1]" stats="&{Timings:{EvalTotalTime:4.6292e-05 ResultSortTime:4.59e-07 QueryPreparationTime:1.375e-05 InnerEvalTime:2.7291e-05 ExecQueueTime:3.209e-06 ExecTotalTime:5.0875e-05} Samples:0x14001617290}" spanID=0000000000000000
time=2026-08-02T15:54:28.558-07:00 level=DEBUG msg="Query returned data" test=archv2-nxm-batched tool=conduit-v1 collector=conduit type=conduit collector=conduit type=conduit name=msg-rate-per-second[archv2-nxm-batched] series-count=1 last-value=15746.238716148446
time=2026-08-02T15:54:28.558-07:00 level=DEBUG msg="promql query logged" test=archv2-nxm-batched tool=conduit-v1 collector=conduit type=conduit collector=conduit type=conduit params="map[end:2026-08-02T22:54:28.558Z query:rate(conduit_connector_bytes_sum{pipeline_name=\"archv2-nxm-batched\",type=\"source\"}[2s])/1048576 start:2026-08-02T22:54:11.557Z step:1]" stats="&{Timings:{EvalTotalTime:5.35e-05 ResultSortTime:8.33e-07 QueryPreparationTime:6.791e-06 InnerEvalTime:4.275e-05 ExecQueueTime:9.16e-07 ExecTotalTime:5.6209e-05} Samples:0x14001617950}" spanID=0000000000000000
time=2026-08-02T15:54:28.558-07:00 level=WARN msg="Query returned multiple series, only first will be used" test=archv2-nxm-batched tool=conduit-v1 collector=conduit type=conduit collector=conduit type=conduit series-count=2
time=2026-08-02T15:54:28.558-07:00 level=DEBUG msg="Query returned data" test=archv2-nxm-batched tool=conduit-v1 collector=conduit type=conduit collector=conduit type=conduit name=msg-megabytes-in-per-second[archv2-nxm-batched] series-count=1 last-value=0.22143035858062468
time=2026-08-02T15:54:28.558-07:00 level=DEBUG msg="promql query logged" test=archv2-nxm-batched tool=conduit-v1 collector=conduit type=conduit collector=conduit type=conduit params="map[end:2026-08-02T22:54:28.558Z query:rate(conduit_connector_bytes_sum{pipeline_name=\"archv2-nxm-batched\",type=\"destination\"}[2s])/1048576 start:2026-08-02T22:54:11.557Z step:1]" stats="&{Timings:{EvalTotalTime:6.2916e-05 ResultSortTime:6.66e-07 QueryPreparationTime:9.416e-06 InnerEvalTime:4.9291e-05 ExecQueueTime:1.376e-06 ExecTotalTime:6.6708e-05} Samples:0x14001503710}" spanID=0000000000000000
time=2026-08-02T15:54:28.559-07:00 level=WARN msg="Query returned multiple series, only first will be used" test=archv2-nxm-batched tool=conduit-v1 collector=conduit type=conduit collector=conduit type=conduit series-count=2
time=2026-08-02T15:54:28.559-07:00 level=DEBUG msg="Query returned data" test=archv2-nxm-batched tool=conduit-v1 collector=conduit type=conduit collector=conduit type=conduit name=msg-megabytes-out-per-second[archv2-nxm-batched] series-count=1 last-value=0.44511050852753575
time=2026-08-02T15:54:28.693-07:00 level=DEBUG msg="Inspecting container" model=container-monitor name=benchi-conduit
time=2026-08-02T15:54:29.207-07:00 level=DEBUG msg="Inspecting container" model=container-monitor name=benchi-conduit
time=2026-08-02T15:54:29.560-07:00 level=DEBUG msg="promql query logged" test=archv2-nxm-batched tool=conduit-v1 collector=conduit type=conduit collector=conduit type=conduit params="map[end:2026-08-02T22:54:29.560Z query:rate(conduit_pipeline_execution_duration_seconds_count{pipeline_name=\"archv2-nxm-batched\"}[2s]) start:2026-08-02T22:54:11.557Z step:1]" stats="&{Timings:{EvalTotalTime:7.5541e-05 ResultSortTime:3.75e-07 QueryPreparationTime:1.3875e-05 InnerEvalTime:5.5584e-05 ExecQueueTime:2.374e-06 ExecTotalTime:8.05e-05} Samples:0x140016c33b0}" spanID=0000000000000000
time=2026-08-02T15:54:29.560-07:00 level=DEBUG msg="Query returned data" test=archv2-nxm-batched tool=conduit-v1 collector=conduit type=conduit collector=conduit type=conduit name=msg-rate-per-second[archv2-nxm-batched] series-count=1 last-value=13936
time=2026-08-02T15:54:29.560-07:00 level=DEBUG msg="promql query logged" test=archv2-nxm-batched tool=conduit-v1 collector=conduit type=conduit collector=conduit type=conduit params="map[end:2026-08-02T22:54:29.560Z query:rate(conduit_connector_bytes_sum{pipeline_name=\"archv2-nxm-batched\",type=\"source\"}[2s])/1048576 start:2026-08-02T22:54:11.557Z step:1]" stats="&{Timings:{EvalTotalTime:5.8917e-05 ResultSortTime:8.75e-07 QueryPreparationTime:8.834e-06 InnerEvalTime:4.5542e-05 ExecQueueTime:1.25e-06 ExecTotalTime:6.1709e-05} Samples:0x140016c3a70}" spanID=0000000000000000
time=2026-08-02T15:54:29.560-07:00 level=WARN msg="Query returned multiple series, only first will be used" test=archv2-nxm-batched tool=conduit-v1 collector=conduit type=conduit collector=conduit type=conduit series-count=2
time=2026-08-02T15:54:29.560-07:00 level=DEBUG msg="Query returned data" test=archv2-nxm-batched tool=conduit-v1 collector=conduit type=conduit collector=conduit type=conduit name=msg-megabytes-in-per-second[archv2-nxm-batched] series-count=1 last-value=0.1954784393310547
time=2026-08-02T15:54:29.560-07:00 level=DEBUG msg="promql query logged" test=archv2-nxm-batched tool=conduit-v1 collector=conduit type=conduit collector=conduit type=conduit params="map[end:2026-08-02T22:54:29.560Z query:rate(conduit_connector_bytes_sum{pipeline_name=\"archv2-nxm-batched\",type=\"destination\"}[2s])/1048576 start:2026-08-02T22:54:11.557Z step:1]" stats="&{Timings:{EvalTotalTime:6.5334e-05 ResultSortTime:7.09e-07 QueryPreparationTime:1.0208e-05 InnerEvalTime:4.8667e-05 ExecQueueTime:1.499e-06 ExecTotalTime:6.85e-05} Samples:0x14001674ea0}" spanID=0000000000000000
time=2026-08-02T15:54:29.561-07:00 level=WARN msg="Query returned multiple series, only first will be used" test=archv2-nxm-batched tool=conduit-v1 collector=conduit type=conduit collector=conduit type=conduit series-count=2
time=2026-08-02T15:54:29.561-07:00 level=DEBUG msg="Query returned data" test=archv2-nxm-batched tool=conduit-v1 collector=conduit type=conduit collector=conduit type=conduit name=msg-megabytes-out-per-second[archv2-nxm-batched] series-count=1 last-value=0.3939056396484375
time=2026-08-02T15:54:29.721-07:00 level=DEBUG msg="Inspecting container" model=container-monitor name=benchi-conduit
time=2026-08-02T15:54:30.240-07:00 level=DEBUG msg="Inspecting container" model=container-monitor name=benchi-conduit
time=2026-08-02T15:54:30.560-07:00 level=DEBUG msg="promql query logged" test=archv2-nxm-batched tool=conduit-v1 collector=conduit type=conduit collector=conduit type=conduit params="map[end:2026-08-02T22:54:30.560Z query:rate(conduit_pipeline_execution_duration_seconds_count{pipeline_name=\"archv2-nxm-batched\"}[2s]) start:2026-08-02T22:54:11.557Z step:1]" stats="&{Timings:{EvalTotalTime:9.9084e-05 ResultSortTime:2.92e-07 QueryPreparationTime:5.5542e-05 InnerEvalTime:3.7667e-05 ExecQueueTime:2.625e-06 ExecTotalTime:0.000103792} Samples:0x1400180e630}" spanID=0000000000000000
time=2026-08-02T15:54:30.560-07:00 level=DEBUG msg="Query returned data" test=archv2-nxm-batched tool=conduit-v1 collector=conduit type=conduit collector=conduit type=conduit name=msg-rate-per-second[archv2-nxm-batched] series-count=1 last-value=14923
time=2026-08-02T15:54:30.560-07:00 level=DEBUG msg="promql query logged" test=archv2-nxm-batched tool=conduit-v1 collector=conduit type=conduit collector=conduit type=conduit params="map[end:2026-08-02T22:54:30.560Z query:rate(conduit_connector_bytes_sum{pipeline_name=\"archv2-nxm-batched\",type=\"source\"}[2s])/1048576 start:2026-08-02T22:54:11.557Z step:1]" stats="&{Timings:{EvalTotalTime:6.2709e-05 ResultSortTime:1.125e-06 QueryPreparationTime:8.792e-06 InnerEvalTime:4.9125e-05 ExecQueueTime:1.333e-06 ExecTotalTime:6.55e-05} Samples:0x1400180ecf0}" spanID=0000000000000000
time=2026-08-02T15:54:30.560-07:00 level=WARN msg="Query returned multiple series, only first will be used" test=archv2-nxm-batched tool=conduit-v1 collector=conduit type=conduit collector=conduit type=conduit series-count=2
time=2026-08-02T15:54:30.560-07:00 level=DEBUG msg="Query returned data" test=archv2-nxm-batched tool=conduit-v1 collector=conduit type=conduit collector=conduit type=conduit name=msg-megabytes-in-per-second[archv2-nxm-batched] series-count=1 last-value=0.20985698699951172
time=2026-08-02T15:54:30.560-07:00 level=DEBUG msg="promql query logged" test=archv2-nxm-batched tool=conduit-v1 collector=conduit type=conduit collector=conduit type=conduit params="map[end:2026-08-02T22:54:30.560Z query:rate(conduit_connector_bytes_sum{pipeline_name=\"archv2-nxm-batched\",type=\"destination\"}[2s])/1048576 start:2026-08-02T22:54:11.557Z step:1]" stats="&{Timings:{EvalTotalTime:6.8e-05 ResultSortTime:5.84e-07 QueryPreparationTime:8.542e-06 InnerEvalTime:5.4625e-05 ExecQueueTime:1.375e-06 ExecTotalTime:7.1125e-05} Samples:0x140016fd7d0}" spanID=0000000000000000
time=2026-08-02T15:54:30.560-07:00 level=WARN msg="Query returned multiple series, only first will be used" test=archv2-nxm-batched tool=conduit-v1 collector=conduit type=conduit collector=conduit type=conduit series-count=2
time=2026-08-02T15:54:30.560-07:00 level=DEBUG msg="Query returned data" test=archv2-nxm-batched tool=conduit-v1 collector=conduit type=conduit collector=conduit type=conduit name=msg-megabytes-out-per-second[archv2-nxm-batched] series-count=1 last-value=0.42192649841308594
time=2026-08-02T15:54:30.775-07:00 level=DEBUG msg="Inspecting container" model=container-monitor name=benchi-conduit
time=2026-08-02T15:54:31.284-07:00 level=DEBUG msg="Inspecting container" model=container-monitor name=benchi-conduit
time=2026-08-02T15:54:31.558-07:00 level=INFO msg="Test in progress" test=archv2-nxm-batched tool=conduit-v1 step=test time-left=40s
time=2026-08-02T15:54:31.558-07:00 level=DEBUG msg="promql query logged" test=archv2-nxm-batched tool=conduit-v1 collector=conduit type=conduit collector=conduit type=conduit params="map[end:2026-08-02T22:54:31.558Z query:rate(conduit_pipeline_execution_duration_seconds_count{pipeline_name=\"archv2-nxm-batched\"}[2s]) start:2026-08-02T22:54:11.557Z step:1]" stats="&{Timings:{EvalTotalTime:5.0375e-05 ResultSortTime:3.75e-07 QueryPreparationTime:1.5125e-05 InnerEvalTime:2.95e-05 ExecQueueTime:2.001e-06 ExecTotalTime:5.4666e-05} Samples:0x140016fdbf0}" spanID=0000000000000000
time=2026-08-02T15:54:31.558-07:00 level=DEBUG msg="Query returned data" test=archv2-nxm-batched tool=conduit-v1 collector=conduit type=conduit collector=conduit type=conduit name=msg-rate-per-second[archv2-nxm-batched] series-count=1 last-value=14702
time=2026-08-02T15:54:31.558-07:00 level=DEBUG msg="promql query logged" test=archv2-nxm-batched tool=conduit-v1 collector=conduit type=conduit collector=conduit type=conduit params="map[end:2026-08-02T22:54:31.558Z query:rate(conduit_connector_bytes_sum{pipeline_name=\"archv2-nxm-batched\",type=\"source\"}[2s])/1048576 start:2026-08-02T22:54:11.557Z step:1]" stats="&{Timings:{EvalTotalTime:7.8541e-05 ResultSortTime:7.91e-07 QueryPreparationTime:8.125e-06 InnerEvalTime:6.6041e-05 ExecQueueTime:9.58e-07 ExecTotalTime:8.1125e-05} Samples:0x1400160c3c0}" spanID=0000000000000000
time=2026-08-02T15:54:31.559-07:00 level=WARN msg="Query returned multiple series, only first will be used" test=archv2-nxm-batched tool=conduit-v1 collector=conduit type=conduit collector=conduit type=conduit series-count=2
time=2026-08-02T15:54:31.559-07:00 level=DEBUG msg="Query returned data" test=archv2-nxm-batched tool=conduit-v1 collector=conduit type=conduit collector=conduit type=conduit name=msg-megabytes-in-per-second[archv2-nxm-batched] series-count=1 last-value=0.20529842376708984
time=2026-08-02T15:54:31.559-07:00 level=DEBUG msg="promql query logged" test=archv2-nxm-batched tool=conduit-v1 collector=conduit type=conduit collector=conduit type=conduit params="map[end:2026-08-02T22:54:31.559Z query:rate(conduit_connector_bytes_sum{pipeline_name=\"archv2-nxm-batched\",type=\"destination\"}[2s])/1048576 start:2026-08-02T22:54:11.557Z step:1]" stats="&{Timings:{EvalTotalTime:6.0166e-05 ResultSortTime:5e-07 QueryPreparationTime:7.666e-06 InnerEvalTime:4.825e-05 ExecQueueTime:1.125e-06 ExecTotalTime:6.3458e-05} Samples:0x140015e27e0}" spanID=0000000000000000
time=2026-08-02T15:54:31.559-07:00 level=WARN msg="Query returned multiple series, only first will be used" test=archv2-nxm-batched tool=conduit-v1 collector=conduit type=conduit collector=conduit type=conduit series-count=2
time=2026-08-02T15:54:31.559-07:00 level=DEBUG msg="Query returned data" test=archv2-nxm-batched tool=conduit-v1 collector=conduit type=conduit collector=conduit type=conduit name=msg-megabytes-out-per-second[archv2-nxm-batched] series-count=1 last-value=0.41507434844970703
time=2026-08-02T15:54:31.792-07:00 level=DEBUG msg="Inspecting container" model=container-monitor name=benchi-conduit
time=2026-08-02T15:54:32.312-07:00 level=DEBUG msg="Inspecting container" model=container-monitor name=benchi-conduit
time=2026-08-02T15:54:32.565-07:00 level=DEBUG msg="promql query logged" test=archv2-nxm-batched tool=conduit-v1 collector=conduit type=conduit collector=conduit type=conduit params="map[end:2026-08-02T22:54:32.565Z query:rate(conduit_pipeline_execution_duration_seconds_count{pipeline_name=\"archv2-nxm-batched\"}[2s]) start:2026-08-02T22:54:11.557Z step:1]" stats="&{Timings:{EvalTotalTime:3.7875e-05 ResultSortTime:3.75e-07 QueryPreparationTime:1.1e-05 InnerEvalTime:2.3666e-05 ExecQueueTime:3.375e-06 ExecTotalTime:4.1459e-05} Samples:0x14000e9d740}" spanID=0000000000000000
time=2026-08-02T15:54:32.565-07:00 level=DEBUG msg="Query returned data" test=archv2-nxm-batched tool=conduit-v1 collector=conduit type=conduit collector=conduit type=conduit name=msg-rate-per-second[archv2-nxm-batched] series-count=1 last-value=16106
time=2026-08-02T15:54:32.565-07:00 level=DEBUG msg="promql query logged" test=archv2-nxm-batched tool=conduit-v1 collector=conduit type=conduit collector=conduit type=conduit params="map[end:2026-08-02T22:54:32.565Z query:rate(conduit_connector_bytes_sum{pipeline_name=\"archv2-nxm-batched\",type=\"source\"}[2s])/1048576 start:2026-08-02T22:54:11.557Z step:1]" stats="&{Timings:{EvalTotalTime:4.0459e-05 ResultSortTime:5.84e-07 QueryPreparationTime:4.541e-06 InnerEvalTime:3.3541e-05 ExecQueueTime:6.26e-07 ExecTotalTime:4.2167e-05} Samples:0x14000e9de30}" spanID=0000000000000000
time=2026-08-02T15:54:32.565-07:00 level=WARN msg="Query returned multiple series, only first will be used" test=archv2-nxm-batched tool=conduit-v1 collector=conduit type=conduit collector=conduit type=conduit series-count=2
time=2026-08-02T15:54:32.565-07:00 level=DEBUG msg="Query returned data" test=archv2-nxm-batched tool=conduit-v1 collector=conduit type=conduit collector=conduit type=conduit name=msg-megabytes-in-per-second[archv2-nxm-batched] series-count=1 last-value=0.20622730255126953
time=2026-08-02T15:54:32.565-07:00 level=DEBUG msg="promql query logged" test=archv2-nxm-batched tool=conduit-v1 collector=conduit type=conduit collector=conduit type=conduit params="map[end:2026-08-02T22:54:32.565Z query:rate(conduit_connector_bytes_sum{pipeline_name=\"archv2-nxm-batched\",type=\"destination\"}[2s])/1048576 start:2026-08-02T22:54:11.557Z step:1]" stats="&{Timings:{EvalTotalTime:2.7917e-05 ResultSortTime:1.67e-07 QueryPreparationTime:3.083e-06 InnerEvalTime:2.2875e-05 ExecQueueTime:5.41e-07 ExecTotalTime:2.9875e-05} Samples:0x14000a81b30}" spanID=0000000000000000
time=2026-08-02T15:54:32.565-07:00 level=WARN msg="Query returned multiple series, only first will be used" test=archv2-nxm-batched tool=conduit-v1 collector=conduit type=conduit collector=conduit type=conduit series-count=2
time=2026-08-02T15:54:32.565-07:00 level=DEBUG msg="Query returned data" test=archv2-nxm-batched tool=conduit-v1 collector=conduit type=conduit collector=conduit type=conduit name=msg-megabytes-out-per-second[archv2-nxm-batched] series-count=1 last-value=0.4536418914794922
time=2026-08-02T15:54:32.820-07:00 level=DEBUG msg="Inspecting container" model=container-monitor name=benchi-conduit
time=2026-08-02T15:54:33.331-07:00 level=DEBUG msg="Inspecting container" model=container-monitor name=benchi-conduit
time=2026-08-02T15:54:33.564-07:00 level=DEBUG msg="promql query logged" test=archv2-nxm-batched tool=conduit-v1 collector=conduit type=conduit collector=conduit type=conduit params="map[end:2026-08-02T22:54:33.564Z query:rate(conduit_pipeline_execution_duration_seconds_count{pipeline_name=\"archv2-nxm-batched\"}[2s]) start:2026-08-02T22:54:11.557Z step:1]" stats="&{Timings:{EvalTotalTime:5e-05 ResultSortTime:3.75e-07 QueryPreparationTime:1.4208e-05 InnerEvalTime:2.95e-05 ExecQueueTime:2.792e-06 ExecTotalTime:5.4917e-05} Samples:0x14000976f90}" spanID=0000000000000000
time=2026-08-02T15:54:33.564-07:00 level=DEBUG msg="Query returned data" test=archv2-nxm-batched tool=conduit-v1 collector=conduit type=conduit collector=conduit type=conduit name=msg-rate-per-second[archv2-nxm-batched] series-count=1 last-value=14318
time=2026-08-02T15:54:33.564-07:00 level=DEBUG msg="promql query logged" test=archv2-nxm-batched tool=conduit-v1 collector=conduit type=conduit collector=conduit type=conduit params="map[end:2026-08-02T22:54:33.564Z query:rate(conduit_connector_bytes_sum{pipeline_name=\"archv2-nxm-batched\",type=\"source\"}[2s])/1048576 start:2026-08-02T22:54:11.557Z step:1]" stats="&{Timings:{EvalTotalTime:6.6708e-05 ResultSortTime:8.75e-07 QueryPreparationTime:7e-06 InnerEvalTime:5.375e-05 ExecQueueTime:8.75e-07 ExecTotalTime:6.9125e-05} Samples:0x14000efc2a0}" spanID=0000000000000000
time=2026-08-02T15:54:33.564-07:00 level=WARN msg="Query returned multiple series, only first will be used" test=archv2-nxm-batched tool=conduit-v1 collector=conduit type=conduit collector=conduit type=conduit series-count=2
time=2026-08-02T15:54:33.564-07:00 level=DEBUG msg="Query returned data" test=archv2-nxm-batched tool=conduit-v1 collector=conduit type=conduit collector=conduit type=conduit name=msg-megabytes-in-per-second[archv2-nxm-batched] series-count=1 last-value=0.20205116271972656
time=2026-08-02T15:54:33.564-07:00 level=DEBUG msg="promql query logged" test=archv2-nxm-batched tool=conduit-v1 collector=conduit type=conduit collector=conduit type=conduit params="map[end:2026-08-02T22:54:33.564Z query:rate(conduit_connector_bytes_sum{pipeline_name=\"archv2-nxm-batched\",type=\"destination\"}[2s])/1048576 start:2026-08-02T22:54:11.557Z step:1]" stats="&{Timings:{EvalTotalTime:5.0959e-05 ResultSortTime:5.42e-07 QueryPreparationTime:9.292e-06 InnerEvalTime:3.7709e-05 ExecQueueTime:1.5e-06 ExecTotalTime:5.3833e-05} Samples:0x14000ebc3f0}" spanID=0000000000000000
time=2026-08-02T15:54:33.564-07:00 level=WARN msg="Query returned multiple series, only first will be used" test=archv2-nxm-batched tool=conduit-v1 collector=conduit type=conduit collector=conduit type=conduit series-count=2
time=2026-08-02T15:54:33.564-07:00 level=DEBUG msg="Query returned data" test=archv2-nxm-batched tool=conduit-v1 collector=conduit type=conduit collector=conduit type=conduit name=msg-megabytes-out-per-second[archv2-nxm-batched] series-count=1 last-value=0.4053068161010742
time=2026-08-02T15:54:33.862-07:00 level=DEBUG msg="Inspecting container" model=container-monitor name=benchi-conduit
time=2026-08-02T15:54:34.378-07:00 level=DEBUG msg="Inspecting container" model=container-monitor name=benchi-conduit
time=2026-08-02T15:54:34.560-07:00 level=DEBUG msg="promql query logged" test=archv2-nxm-batched tool=conduit-v1 collector=conduit type=conduit collector=conduit type=conduit params="map[end:2026-08-02T22:54:34.560Z query:rate(conduit_pipeline_execution_duration_seconds_count{pipeline_name=\"archv2-nxm-batched\"}[2s]) start:2026-08-02T22:54:11.557Z step:1]" stats="&{Timings:{EvalTotalTime:8.1291e-05 ResultSortTime:3.75e-07 QueryPreparationTime:4.1125e-05 InnerEvalTime:3.4417e-05 ExecQueueTime:2.751e-06 ExecTotalTime:8.5667e-05} Samples:0x1400130c840}" spanID=0000000000000000
time=2026-08-02T15:54:34.560-07:00 level=DEBUG msg="Query returned data" test=archv2-nxm-batched tool=conduit-v1 collector=conduit type=conduit collector=conduit type=conduit name=msg-rate-per-second[archv2-nxm-batched] series-count=1 last-value=14380
time=2026-08-02T15:54:34.560-07:00 level=DEBUG msg="promql query logged" test=archv2-nxm-batched tool=conduit-v1 collector=conduit type=conduit collector=conduit type=conduit params="map[end:2026-08-02T22:54:34.560Z query:rate(conduit_connector_bytes_sum{pipeline_name=\"archv2-nxm-batched\",type=\"source\"}[2s])/1048576 start:2026-08-02T22:54:11.557Z step:1]" stats="&{Timings:{EvalTotalTime:6.3708e-05 ResultSortTime:9.58e-07 QueryPreparationTime:8e-06 InnerEvalTime:5.1125e-05 ExecQueueTime:1.124e-06 ExecTotalTime:6.675e-05} Samples:0x1400130cf30}" spanID=0000000000000000
time=2026-08-02T15:54:34.560-07:00 level=WARN msg="Query returned multiple series, only first will be used" test=archv2-nxm-batched tool=conduit-v1 collector=conduit type=conduit collector=conduit type=conduit series-count=2
time=2026-08-02T15:54:34.560-07:00 level=DEBUG msg="Query returned data" test=archv2-nxm-batched tool=conduit-v1 collector=conduit type=conduit collector=conduit type=conduit name=msg-megabytes-in-per-second[archv2-nxm-batched] series-count=1 last-value=0.20302391052246094
time=2026-08-02T15:54:34.561-07:00 level=DEBUG msg="promql query logged" test=archv2-nxm-batched tool=conduit-v1 collector=conduit type=conduit collector=conduit type=conduit params="map[end:2026-08-02T22:54:34.560Z query:rate(conduit_connector_bytes_sum{pipeline_name=\"archv2-nxm-batched\",type=\"destination\"}[2s])/1048576 start:2026-08-02T22:54:11.557Z step:1]" stats="&{Timings:{EvalTotalTime:4.6708e-05 ResultSortTime:5e-07 QueryPreparationTime:6.709e-06 InnerEvalTime:3.6625e-05 ExecQueueTime:1.416e-06 ExecTotalTime:4.9375e-05} Samples:0x1400015c810}" spanID=0000000000000000
time=2026-08-02T15:54:34.561-07:00 level=WARN msg="Query returned multiple series, only first will be used" test=archv2-nxm-batched tool=conduit-v1 collector=conduit type=conduit collector=conduit type=conduit series-count=2
time=2026-08-02T15:54:34.561-07:00 level=DEBUG msg="Query returned data" test=archv2-nxm-batched tool=conduit-v1 collector=conduit type=conduit collector=conduit type=conduit name=msg-megabytes-out-per-second[archv2-nxm-batched] series-count=1 last-value=0.4058399200439453
time=2026-08-02T15:54:34.914-07:00 level=DEBUG msg="Inspecting container" model=container-monitor name=benchi-conduit
time=2026-08-02T15:54:35.436-07:00 level=DEBUG msg="Inspecting container" model=container-monitor name=benchi-conduit
time=2026-08-02T15:54:35.559-07:00 level=DEBUG msg="promql query logged" test=archv2-nxm-batched tool=conduit-v1 collector=conduit type=conduit collector=conduit type=conduit params="map[end:2026-08-02T22:54:35.559Z query:rate(conduit_pipeline_execution_duration_seconds_count{pipeline_name=\"archv2-nxm-batched\"}[2s]) start:2026-08-02T22:54:11.557Z step:1]" stats="&{Timings:{EvalTotalTime:0.000107917 ResultSortTime:1e-06 QueryPreparationTime:3.3583e-05 InnerEvalTime:6.4458e-05 ExecQueueTime:4.4792e-05 ExecTotalTime:0.000118167} Samples:0x1400124da40}" spanID=0000000000000000
time=2026-08-02T15:54:35.560-07:00 level=DEBUG msg="Query returned data" test=archv2-nxm-batched tool=conduit-v1 collector=conduit type=conduit collector=conduit type=conduit name=msg-rate-per-second[archv2-nxm-batched] series-count=1 last-value=14994
time=2026-08-02T15:54:35.560-07:00 level=DEBUG msg="promql query logged" test=archv2-nxm-batched tool=conduit-v1 collector=conduit type=conduit collector=conduit type=conduit params="map[end:2026-08-02T22:54:35.560Z query:rate(conduit_connector_bytes_sum{pipeline_name=\"archv2-nxm-batched\",type=\"source\"}[2s])/1048576 start:2026-08-02T22:54:11.557Z step:1]" stats="&{Timings:{EvalTotalTime:9.8208e-05 ResultSortTime:1.583e-06 QueryPreparationTime:1.2833e-05 InnerEvalTime:7.8333e-05 ExecQueueTime:2.042e-06 ExecTotalTime:0.000102625} Samples:0x14000fee180}" spanID=0000000000000000
time=2026-08-02T15:54:35.560-07:00 level=WARN msg="Query returned multiple series, only first will be used" test=archv2-nxm-batched tool=conduit-v1 collector=conduit type=conduit collector=conduit type=conduit series-count=2
time=2026-08-02T15:54:35.560-07:00 level=DEBUG msg="Query returned data" test=archv2-nxm-batched tool=conduit-v1 collector=conduit type=conduit collector=conduit type=conduit name=msg-megabytes-in-per-second[archv2-nxm-batched] series-count=1 last-value=0.21147537231445312
time=2026-08-02T15:54:35.560-07:00 level=DEBUG msg="promql query logged" test=archv2-nxm-batched tool=conduit-v1 collector=conduit type=conduit collector=conduit type=conduit params="map[end:2026-08-02T22:54:35.560Z query:rate(conduit_connector_bytes_sum{pipeline_name=\"archv2-nxm-batched\",type=\"destination\"}[2s])/1048576 start:2026-08-02T22:54:11.557Z step:1]" stats="&{Timings:{EvalTotalTime:8.0625e-05 ResultSortTime:8.34e-07 QueryPreparationTime:1.2625e-05 InnerEvalTime:5.9417e-05 ExecQueueTime:1.667e-06 ExecTotalTime:8.4667e-05} Samples:0x14000feeff0}" spanID=0000000000000000
time=2026-08-02T15:54:35.561-07:00 level=WARN msg="Query returned multiple series, only first will be used" test=archv2-nxm-batched tool=conduit-v1 collector=conduit type=conduit collector=conduit type=conduit series-count=2
time=2026-08-02T15:54:35.561-07:00 level=DEBUG msg="Query returned data" test=archv2-nxm-batched tool=conduit-v1 collector=conduit type=conduit collector=conduit type=conduit name=msg-megabytes-out-per-second[archv2-nxm-batched] series-count=1 last-value=0.4239816665649414
time=2026-08-02T15:54:35.965-07:00 level=DEBUG msg="Inspecting container" model=container-monitor name=benchi-conduit
time=2026-08-02T15:54:36.472-07:00 level=DEBUG msg="Inspecting container" model=container-monitor name=benchi-conduit
time=2026-08-02T15:54:36.558-07:00 level=INFO msg="Test in progress" test=archv2-nxm-batched tool=conduit-v1 step=test time-left=35s
time=2026-08-02T15:54:36.559-07:00 level=DEBUG msg="promql query logged" test=archv2-nxm-batched tool=conduit-v1 collector=conduit type=conduit collector=conduit type=conduit params="map[end:2026-08-02T22:54:36.558Z query:rate(conduit_pipeline_execution_duration_seconds_count{pipeline_name=\"archv2-nxm-batched\"}[2s]) start:2026-08-02T22:54:11.557Z step:1]" stats="&{Timings:{EvalTotalTime:4.775e-05 ResultSortTime:4.17e-07 QueryPreparationTime:1.4042e-05 InnerEvalTime:2.9125e-05 ExecQueueTime:2.292e-06 ExecTotalTime:5.1834e-05} Samples:0x14001674990}" spanID=0000000000000000
time=2026-08-02T15:54:36.559-07:00 level=DEBUG msg="Query returned data" test=archv2-nxm-batched tool=conduit-v1 collector=conduit type=conduit collector=conduit type=conduit name=msg-rate-per-second[archv2-nxm-batched] series-count=1 last-value=13342
time=2026-08-02T15:54:36.559-07:00 level=DEBUG msg="promql query logged" test=archv2-nxm-batched tool=conduit-v1 collector=conduit type=conduit collector=conduit type=conduit params="map[end:2026-08-02T22:54:36.559Z query:rate(conduit_connector_bytes_sum{pipeline_name=\"archv2-nxm-batched\",type=\"source\"}[2s])/1048576 start:2026-08-02T22:54:11.557Z step:1]" stats="&{Timings:{EvalTotalTime:6.0708e-05 ResultSortTime:7.09e-07 QueryPreparationTime:6.583e-06 InnerEvalTime:5.0292e-05 ExecQueueTime:9.17e-07 ExecTotalTime:6.3334e-05} Samples:0x14001675050}" spanID=0000000000000000
time=2026-08-02T15:54:36.559-07:00 level=WARN msg="Query returned multiple series, only first will be used" test=archv2-nxm-batched tool=conduit-v1 collector=conduit type=conduit collector=conduit type=conduit series-count=2
time=2026-08-02T15:54:36.559-07:00 level=DEBUG msg="Query returned data" test=archv2-nxm-batched tool=conduit-v1 collector=conduit type=conduit collector=conduit type=conduit name=msg-megabytes-in-per-second[archv2-nxm-batched] series-count=1 last-value=0.19185161590576172
time=2026-08-02T15:54:36.559-07:00 level=DEBUG msg="promql query logged" test=archv2-nxm-batched tool=conduit-v1 collector=conduit type=conduit collector=conduit type=conduit params="map[end:2026-08-02T22:54:36.559Z query:rate(conduit_connector_bytes_sum{pipeline_name=\"archv2-nxm-batched\",type=\"destination\"}[2s])/1048576 start:2026-08-02T22:54:11.557Z step:1]" stats="&{Timings:{EvalTotalTime:0.000114583 ResultSortTime:7.5e-07 QueryPreparationTime:5.4292e-05 InnerEvalTime:5.45e-05 ExecQueueTime:1.291e-06 ExecTotalTime:0.00011825} Samples:0x14001675e60}" spanID=0000000000000000
time=2026-08-02T15:54:36.559-07:00 level=WARN msg="Query returned multiple series, only first will be used" test=archv2-nxm-batched tool=conduit-v1 collector=conduit type=conduit collector=conduit type=conduit series-count=2
time=2026-08-02T15:54:36.559-07:00 level=DEBUG msg="Query returned data" test=archv2-nxm-batched tool=conduit-v1 collector=conduit type=conduit collector=conduit type=conduit name=msg-megabytes-out-per-second[archv2-nxm-batched] series-count=1 last-value=0.37662220001220703
time=2026-08-02T15:54:36.986-07:00 level=DEBUG msg="Inspecting container" model=container-monitor name=benchi-conduit
time=2026-08-02T15:54:37.500-07:00 level=DEBUG msg="Inspecting container" model=container-monitor name=benchi-conduit
time=2026-08-02T15:54:37.558-07:00 level=DEBUG msg="promql query logged" test=archv2-nxm-batched tool=conduit-v1 collector=conduit type=conduit collector=conduit type=conduit params="map[end:2026-08-02T22:54:37.558Z query:rate(conduit_pipeline_execution_duration_seconds_count{pipeline_name=\"archv2-nxm-batched\"}[2s]) start:2026-08-02T22:54:11.557Z step:1]" stats="&{Timings:{EvalTotalTime:3.9417e-05 ResultSortTime:4.59e-07 QueryPreparationTime:1.0625e-05 InnerEvalTime:2.5542e-05 ExecQueueTime:2.042e-06 ExecTotalTime:4.3333e-05} Samples:0x1400123b4d0}" spanID=0000000000000000
time=2026-08-02T15:54:37.558-07:00 level=DEBUG msg="Query returned data" test=archv2-nxm-batched tool=conduit-v1 collector=conduit type=conduit collector=conduit type=conduit name=msg-rate-per-second[archv2-nxm-batched] series-count=1 last-value=16113
time=2026-08-02T15:54:37.558-07:00 level=DEBUG msg="promql query logged" test=archv2-nxm-batched tool=conduit-v1 collector=conduit type=conduit collector=conduit type=conduit params="map[end:2026-08-02T22:54:37.558Z query:rate(conduit_connector_bytes_sum{pipeline_name=\"archv2-nxm-batched\",type=\"source\"}[2s])/1048576 start:2026-08-02T22:54:11.557Z step:1]" stats="&{Timings:{EvalTotalTime:4.2292e-05 ResultSortTime:7.5e-07 QueryPreparationTime:4.75e-06 InnerEvalTime:3.3958e-05 ExecQueueTime:1.292e-06 ExecTotalTime:4.4459e-05} Samples:0x1400123bb90}" spanID=0000000000000000
time=2026-08-02T15:54:37.559-07:00 level=WARN msg="Query returned multiple series, only first will be used" test=archv2-nxm-batched tool=conduit-v1 collector=conduit type=conduit collector=conduit type=conduit series-count=2
time=2026-08-02T15:54:37.559-07:00 level=DEBUG msg="Query returned data" test=archv2-nxm-batched tool=conduit-v1 collector=conduit type=conduit collector=conduit type=conduit name=msg-megabytes-in-per-second[archv2-nxm-batched] series-count=1 last-value=0.23044109344482422
time=2026-08-02T15:54:37.559-07:00 level=DEBUG msg="promql query logged" test=archv2-nxm-batched tool=conduit-v1 collector=conduit type=conduit collector=conduit type=conduit params="map[end:2026-08-02T22:54:37.559Z query:rate(conduit_connector_bytes_sum{pipeline_name=\"archv2-nxm-batched\",type=\"destination\"}[2s])/1048576 start:2026-08-02T22:54:11.557Z step:1]" stats="&{Timings:{EvalTotalTime:4.5417e-05 ResultSortTime:3.33e-07 QueryPreparationTime:5.541e-06 InnerEvalTime:3.7375e-05 ExecQueueTime:9.59e-07 ExecTotalTime:4.7583e-05} Samples:0x14001503020}" spanID=0000000000000000
time=2026-08-02T15:54:37.559-07:00 level=WARN msg="Query returned multiple series, only first will be used" test=archv2-nxm-batched tool=conduit-v1 collector=conduit type=conduit collector=conduit type=conduit series-count=2
time=2026-08-02T15:54:37.559-07:00 level=DEBUG msg="Query returned data" test=archv2-nxm-batched tool=conduit-v1 collector=conduit type=conduit collector=conduit type=conduit name=msg-megabytes-out-per-second[archv2-nxm-batched] series-count=1 last-value=0.4557514190673828
time=2026-08-02T15:54:38.015-07:00 level=DEBUG msg="Inspecting container" model=container-monitor name=benchi-conduit
time=2026-08-02T15:54:38.521-07:00 level=DEBUG msg="Inspecting container" model=container-monitor name=benchi-conduit
time=2026-08-02T15:54:38.560-07:00 level=DEBUG msg="promql query logged" test=archv2-nxm-batched tool=conduit-v1 collector=conduit type=conduit collector=conduit type=conduit params="map[end:2026-08-02T22:54:38.560Z query:rate(conduit_pipeline_execution_duration_seconds_count{pipeline_name=\"archv2-nxm-batched\"}[2s]) start:2026-08-02T22:54:11.557Z step:1]" stats="&{Timings:{EvalTotalTime:5e-05 ResultSortTime:4.17e-07 QueryPreparationTime:1.4375e-05 InnerEvalTime:3.025e-05 ExecQueueTime:2.625e-06 ExecTotalTime:5.5e-05} Samples:0x140013a93b0}" spanID=0000000000000000
time=2026-08-02T15:54:38.560-07:00 level=DEBUG msg="Query returned data" test=archv2-nxm-batched tool=conduit-v1 collector=conduit type=conduit collector=conduit type=conduit name=msg-rate-per-second[archv2-nxm-batched] series-count=1 last-value=15194
time=2026-08-02T15:54:38.560-07:00 level=DEBUG msg="promql query logged" test=archv2-nxm-batched tool=conduit-v1 collector=conduit type=conduit collector=conduit type=conduit params="map[end:2026-08-02T22:54:38.560Z query:rate(conduit_connector_bytes_sum{pipeline_name=\"archv2-nxm-batched\",type=\"source\"}[2s])/1048576 start:2026-08-02T22:54:11.557Z step:1]" stats="&{Timings:{EvalTotalTime:7.1166e-05 ResultSortTime:8.75e-07 QueryPreparationTime:7.5e-06 InnerEvalTime:5.9083e-05 ExecQueueTime:1.291e-06 ExecTotalTime:7.4375e-05} Samples:0x140013a9a70}" spanID=0000000000000000
time=2026-08-02T15:54:38.560-07:00 level=WARN msg="Query returned multiple series, only first will be used" test=archv2-nxm-batched tool=conduit-v1 collector=conduit type=conduit collector=conduit type=conduit series-count=2
time=2026-08-02T15:54:38.561-07:00 level=DEBUG msg="Query returned data" test=archv2-nxm-batched tool=conduit-v1 collector=conduit type=conduit collector=conduit type=conduit name=msg-megabytes-in-per-second[archv2-nxm-batched] series-count=1 last-value=0.21231365203857422
time=2026-08-02T15:54:38.561-07:00 level=DEBUG msg="promql query logged" test=archv2-nxm-batched tool=conduit-v1 collector=conduit type=conduit collector=conduit type=conduit params="map[end:2026-08-02T22:54:38.561Z query:rate(conduit_connector_bytes_sum{pipeline_name=\"archv2-nxm-batched\",type=\"destination\"}[2s])/1048576 start:2026-08-02T22:54:11.557Z step:1]" stats="&{Timings:{EvalTotalTime:6.3041e-05 ResultSortTime:7.09e-07 QueryPreparationTime:8.375e-06 InnerEvalTime:5.025e-05 ExecQueueTime:9.58e-07 ExecTotalTime:6.5708e-05} Samples:0x140013ca930}" spanID=0000000000000000
time=2026-08-02T15:54:38.561-07:00 level=WARN msg="Query returned multiple series, only first will be used" test=archv2-nxm-batched tool=conduit-v1 collector=conduit type=conduit collector=conduit type=conduit series-count=2
time=2026-08-02T15:54:38.561-07:00 level=DEBUG msg="Query returned data" test=archv2-nxm-batched tool=conduit-v1 collector=conduit type=conduit collector=conduit type=conduit name=msg-megabytes-out-per-second[archv2-nxm-batched] series-count=1 last-value=0.4293079376220703
time=2026-08-02T15:54:39.047-07:00 level=DEBUG msg="Inspecting container" model=container-monitor name=benchi-conduit
time=2026-08-02T15:54:39.560-07:00 level=DEBUG msg="promql query logged" test=archv2-nxm-batched tool=conduit-v1 collector=conduit type=conduit collector=conduit type=conduit params="map[end:2026-08-02T22:54:39.560Z query:rate(conduit_pipeline_execution_duration_seconds_count{pipeline_name=\"archv2-nxm-batched\"}[2s]) start:2026-08-02T22:54:11.557Z step:1]" stats="&{Timings:{EvalTotalTime:4.9916e-05 ResultSortTime:4.59e-07 QueryPreparationTime:1.3917e-05 InnerEvalTime:3.0625e-05 ExecQueueTime:3.209e-06 ExecTotalTime:5.5625e-05} Samples:0x140013cb5c0}" spanID=0000000000000000
time=2026-08-02T15:54:39.560-07:00 level=DEBUG msg="Query returned data" test=archv2-nxm-batched tool=conduit-v1 collector=conduit type=conduit collector=conduit type=conduit name=msg-rate-per-second[archv2-nxm-batched] series-count=1 last-value=14758
time=2026-08-02T15:54:39.560-07:00 level=DEBUG msg="promql query logged" test=archv2-nxm-batched tool=conduit-v1 collector=conduit type=conduit collector=conduit type=conduit params="map[end:2026-08-02T22:54:39.560Z query:rate(conduit_connector_bytes_sum{pipeline_name=\"archv2-nxm-batched\",type=\"source\"}[2s])/1048576 start:2026-08-02T22:54:11.557Z step:1]" stats="&{Timings:{EvalTotalTime:0.000151584 ResultSortTime:8.33e-07 QueryPreparationTime:7.584e-06 InnerEvalTime:0.000139208 ExecQueueTime:1.125e-06 ExecTotalTime:0.00015475} Samples:0x140013cbc80}" spanID=0000000000000000
time=2026-08-02T15:54:39.560-07:00 level=WARN msg="Query returned multiple series, only first will be used" test=archv2-nxm-batched tool=conduit-v1 collector=conduit type=conduit collector=conduit type=conduit series-count=2
time=2026-08-02T15:54:39.560-07:00 level=DEBUG msg="Query returned data" test=archv2-nxm-batched tool=conduit-v1 collector=conduit type=conduit collector=conduit type=conduit name=msg-megabytes-in-per-second[archv2-nxm-batched] series-count=1 last-value=0.21046733856201172
time=2026-08-02T15:54:39.561-07:00 level=DEBUG msg="promql query logged" test=archv2-nxm-batched tool=conduit-v1 collector=conduit type=conduit collector=conduit type=conduit params="map[end:2026-08-02T22:54:39.560Z query:rate(conduit_connector_bytes_sum{pipeline_name=\"archv2-nxm-batched\",type=\"destination\"}[2s])/1048576 start:2026-08-02T22:54:11.557Z step:1]" stats="&{Timings:{EvalTotalTime:5.8541e-05 ResultSortTime:5.42e-07 QueryPreparationTime:7.083e-06 InnerEvalTime:4.75e-05 ExecQueueTime:8.76e-07 ExecTotalTime:6.2083e-05} Samples:0x14001606ba0}" spanID=0000000000000000
time=2026-08-02T15:54:39.561-07:00 level=WARN msg="Query returned multiple series, only first will be used" test=archv2-nxm-batched tool=conduit-v1 collector=conduit type=conduit collector=conduit type=conduit series-count=2
time=2026-08-02T15:54:39.561-07:00 level=DEBUG msg="Query returned data" test=archv2-nxm-batched tool=conduit-v1 collector=conduit type=conduit collector=conduit type=conduit name=msg-megabytes-out-per-second[archv2-nxm-batched] series-count=1 last-value=0.4168844223022461
time=2026-08-02T15:54:39.590-07:00 level=DEBUG msg="Inspecting container" model=container-monitor name=benchi-conduit
time=2026-08-02T15:54:40.102-07:00 level=DEBUG msg="Inspecting container" model=container-monitor name=benchi-conduit
time=2026-08-02T15:54:40.560-07:00 level=DEBUG msg="promql query logged" test=archv2-nxm-batched tool=conduit-v1 collector=conduit type=conduit collector=conduit type=conduit params="map[end:2026-08-02T22:54:40.560Z query:rate(conduit_pipeline_execution_duration_seconds_count{pipeline_name=\"archv2-nxm-batched\"}[2s]) start:2026-08-02T22:54:11.557Z step:1]" stats="&{Timings:{EvalTotalTime:7.4084e-05 ResultSortTime:5e-07 QueryPreparationTime:1.675e-05 InnerEvalTime:5.0625e-05 ExecQueueTime:2.75e-06 ExecTotalTime:7.9792e-05} Samples:0x14001650c60}" spanID=0000000000000000
time=2026-08-02T15:54:40.560-07:00 level=DEBUG msg="Query returned data" test=archv2-nxm-batched tool=conduit-v1 collector=conduit type=conduit collector=conduit type=conduit name=msg-rate-per-second[archv2-nxm-batched] series-count=1 last-value=14629
time=2026-08-02T15:54:40.560-07:00 level=DEBUG msg="promql query logged" test=archv2-nxm-batched tool=conduit-v1 collector=conduit type=conduit collector=conduit type=conduit params="map[end:2026-08-02T22:54:40.560Z query:rate(conduit_connector_bytes_sum{pipeline_name=\"archv2-nxm-batched\",type=\"source\"}[2s])/1048576 start:2026-08-02T22:54:11.557Z step:1]" stats="&{Timings:{EvalTotalTime:7.9291e-05 ResultSortTime:8.75e-07 QueryPreparationTime:1.0417e-05 InnerEvalTime:6.3875e-05 ExecQueueTime:1.208e-06 ExecTotalTime:8.25e-05} Samples:0x14001651320}" spanID=0000000000000000
time=2026-08-02T15:54:40.560-07:00 level=WARN msg="Query returned multiple series, only first will be used" test=archv2-nxm-batched tool=conduit-v1 collector=conduit type=conduit collector=conduit type=conduit series-count=2
time=2026-08-02T15:54:40.560-07:00 level=DEBUG msg="Query returned data" test=archv2-nxm-batched tool=conduit-v1 collector=conduit type=conduit collector=conduit type=conduit name=msg-megabytes-in-per-second[archv2-nxm-batched] series-count=1 last-value=0.2114124298095703
time=2026-08-02T15:54:40.561-07:00 level=DEBUG msg="promql query logged" test=archv2-nxm-batched tool=conduit-v1 collector=conduit type=conduit collector=conduit type=conduit params="map[end:2026-08-02T22:54:40.560Z query:rate(conduit_connector_bytes_sum{pipeline_name=\"archv2-nxm-batched\",type=\"destination\"}[2s])/1048576 start:2026-08-02T22:54:11.557Z step:1]" stats="&{Timings:{EvalTotalTime:8.3709e-05 ResultSortTime:7.09e-07 QueryPreparationTime:1.1958e-05 InnerEvalTime:6.4542e-05 ExecQueueTime:1.75e-06 ExecTotalTime:8.7625e-05} Samples:0x140015d3320}" spanID=0000000000000000
time=2026-08-02T15:54:40.561-07:00 level=WARN msg="Query returned multiple series, only first will be used" test=archv2-nxm-batched tool=conduit-v1 collector=conduit type=conduit collector=conduit type=conduit series-count=2
time=2026-08-02T15:54:40.561-07:00 level=DEBUG msg="Query returned data" test=archv2-nxm-batched tool=conduit-v1 collector=conduit type=conduit collector=conduit type=conduit name=msg-megabytes-out-per-second[archv2-nxm-batched] series-count=1 last-value=0.4145221710205078
time=2026-08-02T15:54:40.612-07:00 level=DEBUG msg="Inspecting container" model=container-monitor name=benchi-conduit
time=2026-08-02T15:54:41.143-07:00 level=DEBUG msg="Inspecting container" model=container-monitor name=benchi-conduit
time=2026-08-02T15:54:41.558-07:00 level=INFO msg="Test in progress" test=archv2-nxm-batched tool=conduit-v1 step=test time-left=30s
time=2026-08-02T15:54:41.558-07:00 level=DEBUG msg="promql query logged" test=archv2-nxm-batched tool=conduit-v1 collector=conduit type=conduit collector=conduit type=conduit params="map[end:2026-08-02T22:54:41.558Z query:rate(conduit_pipeline_execution_duration_seconds_count{pipeline_name=\"archv2-nxm-batched\"}[2s]) start:2026-08-02T22:54:11.557Z step:1]" stats="&{Timings:{EvalTotalTime:4.9333e-05 ResultSortTime:4.16e-07 QueryPreparationTime:1.4458e-05 InnerEvalTime:2.9917e-05 ExecQueueTime:2.459e-06 ExecTotalTime:5.3583e-05} Samples:0x140017527e0}" spanID=0000000000000000
time=2026-08-02T15:54:41.558-07:00 level=DEBUG msg="Query returned data" test=archv2-nxm-batched tool=conduit-v1 collector=conduit type=conduit collector=conduit type=conduit name=msg-rate-per-second[archv2-nxm-batched] series-count=1 last-value=14864
time=2026-08-02T15:54:41.558-07:00 level=DEBUG msg="promql query logged" test=archv2-nxm-batched tool=conduit-v1 collector=conduit type=conduit collector=conduit type=conduit params="map[end:2026-08-02T22:54:41.558Z query:rate(conduit_connector_bytes_sum{pipeline_name=\"archv2-nxm-batched\",type=\"source\"}[2s])/1048576 start:2026-08-02T22:54:11.557Z step:1]" stats="&{Timings:{EvalTotalTime:7.2709e-05 ResultSortTime:8.34e-07 QueryPreparationTime:7.083e-06 InnerEvalTime:6.1458e-05 ExecQueueTime:9.16e-07 ExecTotalTime:7.55e-05} Samples:0x14001752ea0}" spanID=0000000000000000
time=2026-08-02T15:54:41.558-07:00 level=WARN msg="Query returned multiple series, only first will be used" test=archv2-nxm-batched tool=conduit-v1 collector=conduit type=conduit collector=conduit type=conduit series-count=2
time=2026-08-02T15:54:41.558-07:00 level=DEBUG msg="Query returned data" test=archv2-nxm-batched tool=conduit-v1 collector=conduit type=conduit collector=conduit type=conduit name=msg-megabytes-in-per-second[archv2-nxm-batched] series-count=1 last-value=0.21207427978515625
time=2026-08-02T15:54:41.559-07:00 level=DEBUG msg="promql query logged" test=archv2-nxm-batched tool=conduit-v1 collector=conduit type=conduit collector=conduit type=conduit params="map[end:2026-08-02T22:54:41.558Z query:rate(conduit_connector_bytes_sum{pipeline_name=\"archv2-nxm-batched\",type=\"destination\"}[2s])/1048576 start:2026-08-02T22:54:11.557Z step:1]" stats="&{Timings:{EvalTotalTime:7.0625e-05 ResultSortTime:4.59e-07 QueryPreparationTime:7.708e-06 InnerEvalTime:5.8875e-05 ExecQueueTime:9.99e-07 ExecTotalTime:7.3875e-05} Samples:0x140017eb080}" spanID=0000000000000000
time=2026-08-02T15:54:41.559-07:00 level=WARN msg="Query returned multiple series, only first will be used" test=archv2-nxm-batched tool=conduit-v1 collector=conduit type=conduit collector=conduit type=conduit series-count=2
time=2026-08-02T15:54:41.559-07:00 level=DEBUG msg="Query returned data" test=archv2-nxm-batched tool=conduit-v1 collector=conduit type=conduit collector=conduit type=conduit name=msg-megabytes-out-per-second[archv2-nxm-batched] series-count=1 last-value=0.42025089263916016
time=2026-08-02T15:54:41.658-07:00 level=DEBUG msg="Inspecting container" model=container-monitor name=benchi-conduit
time=2026-08-02T15:54:42.186-07:00 level=DEBUG msg="Inspecting container" model=container-monitor name=benchi-conduit
time=2026-08-02T15:54:42.558-07:00 level=DEBUG msg="promql query logged" test=archv2-nxm-batched tool=conduit-v1 collector=conduit type=conduit collector=conduit type=conduit params="map[end:2026-08-02T22:54:42.558Z query:rate(conduit_pipeline_execution_duration_seconds_count{pipeline_name=\"archv2-nxm-batched\"}[2s]) start:2026-08-02T22:54:11.557Z step:1]" stats="&{Timings:{EvalTotalTime:5.4458e-05 ResultSortTime:4.58e-07 QueryPreparationTime:1.4458e-05 InnerEvalTime:3.5042e-05 ExecQueueTime:2.875e-06 ExecTotalTime:5.9042e-05} Samples:0x1400168a0f0}" spanID=0000000000000000
time=2026-08-02T15:54:42.558-07:00 level=DEBUG msg="Query returned data" test=archv2-nxm-batched tool=conduit-v1 collector=conduit type=conduit collector=conduit type=conduit name=msg-rate-per-second[archv2-nxm-batched] series-count=1 last-value=14342
time=2026-08-02T15:54:42.558-07:00 level=DEBUG msg="promql query logged" test=archv2-nxm-batched tool=conduit-v1 collector=conduit type=conduit collector=conduit type=conduit params="map[end:2026-08-02T22:54:42.558Z query:rate(conduit_connector_bytes_sum{pipeline_name=\"archv2-nxm-batched\",type=\"source\"}[2s])/1048576 start:2026-08-02T22:54:11.557Z step:1]" stats="&{Timings:{EvalTotalTime:0.000165125 ResultSortTime:9.59e-07 QueryPreparationTime:8.625e-06 InnerEvalTime:0.00011975 ExecQueueTime:1.084e-06 ExecTotalTime:0.000168333} Samples:0x1400168a960}" spanID=0000000000000000
time=2026-08-02T15:54:42.558-07:00 level=WARN msg="Query returned multiple series, only first will be used" test=archv2-nxm-batched tool=conduit-v1 collector=conduit type=conduit collector=conduit type=conduit series-count=2
time=2026-08-02T15:54:42.558-07:00 level=DEBUG msg="Query returned data" test=archv2-nxm-batched tool=conduit-v1 collector=conduit type=conduit collector=conduit type=conduit name=msg-megabytes-in-per-second[archv2-nxm-batched] series-count=1 last-value=0.20133113861083984
time=2026-08-02T15:54:42.558-07:00 level=DEBUG msg="promql query logged" test=archv2-nxm-batched tool=conduit-v1 collector=conduit type=conduit collector=conduit type=conduit params="map[end:2026-08-02T22:54:42.558Z query:rate(conduit_connector_bytes_sum{pipeline_name=\"archv2-nxm-batched\",type=\"destination\"}[2s])/1048576 start:2026-08-02T22:54:11.557Z step:1]" stats="&{Timings:{EvalTotalTime:7.6833e-05 ResultSortTime:6.25e-07 QueryPreparationTime:1.2208e-05 InnerEvalTime:6.0209e-05 ExecQueueTime:1.458e-06 ExecTotalTime:8.0375e-05} Samples:0x140015391d0}" spanID=0000000000000000
time=2026-08-02T15:54:42.559-07:00 level=WARN msg="Query returned multiple series, only first will be used" test=archv2-nxm-batched tool=conduit-v1 collector=conduit type=conduit collector=conduit type=conduit series-count=2
time=2026-08-02T15:54:42.559-07:00 level=DEBUG msg="Query returned data" test=archv2-nxm-batched tool=conduit-v1 collector=conduit type=conduit collector=conduit type=conduit name=msg-megabytes-out-per-second[archv2-nxm-batched] series-count=1 last-value=0.4051475524902344
time=2026-08-02T15:54:42.701-07:00 level=DEBUG msg="Inspecting container" model=container-monitor name=benchi-conduit
time=2026-08-02T15:54:43.251-07:00 level=DEBUG msg="Inspecting container" model=container-monitor name=benchi-conduit
time=2026-08-02T15:54:43.558-07:00 level=DEBUG msg="promql query logged" test=archv2-nxm-batched tool=conduit-v1 collector=conduit type=conduit collector=conduit type=conduit params="map[end:2026-08-02T22:54:43.558Z query:rate(conduit_pipeline_execution_duration_seconds_count{pipeline_name=\"archv2-nxm-batched\"}[2s]) start:2026-08-02T22:54:11.557Z step:1]" stats="&{Timings:{EvalTotalTime:7.2125e-05 ResultSortTime:3.75e-07 QueryPreparationTime:2.6833e-05 InnerEvalTime:3.8958e-05 ExecQueueTime:2.709e-06 ExecTotalTime:7.825e-05} Samples:0x1400157eed0}" spanID=0000000000000000
time=2026-08-02T15:54:43.558-07:00 level=DEBUG msg="Query returned data" test=archv2-nxm-batched tool=conduit-v1 collector=conduit type=conduit collector=conduit type=conduit name=msg-rate-per-second[archv2-nxm-batched] series-count=1 last-value=13143
time=2026-08-02T15:54:43.558-07:00 level=DEBUG msg="promql query logged" test=archv2-nxm-batched tool=conduit-v1 collector=conduit type=conduit collector=conduit type=conduit params="map[end:2026-08-02T22:54:43.558Z query:rate(conduit_connector_bytes_sum{pipeline_name=\"archv2-nxm-batched\",type=\"source\"}[2s])/1048576 start:2026-08-02T22:54:11.557Z step:1]" stats="&{Timings:{EvalTotalTime:7.7792e-05 ResultSortTime:8.75e-07 QueryPreparationTime:8.75e-06 InnerEvalTime:6.4459e-05 ExecQueueTime:1.416e-06 ExecTotalTime:8.1291e-05} Samples:0x1400157f590}" spanID=0000000000000000
time=2026-08-02T15:54:43.558-07:00 level=WARN msg="Query returned multiple series, only first will be used" test=archv2-nxm-batched tool=conduit-v1 collector=conduit type=conduit collector=conduit type=conduit series-count=2
time=2026-08-02T15:54:43.559-07:00 level=DEBUG msg="Query returned data" test=archv2-nxm-batched tool=conduit-v1 collector=conduit type=conduit collector=conduit type=conduit name=msg-megabytes-in-per-second[archv2-nxm-batched] series-count=1 last-value=0.18189525604248047
time=2026-08-02T15:54:43.559-07:00 level=DEBUG msg="promql query logged" test=archv2-nxm-batched tool=conduit-v1 collector=conduit type=conduit collector=conduit type=conduit params="map[end:2026-08-02T22:54:43.559Z query:rate(conduit_connector_bytes_sum{pipeline_name=\"archv2-nxm-batched\",type=\"destination\"}[2s])/1048576 start:2026-08-02T22:54:11.557Z step:1]" stats="&{Timings:{EvalTotalTime:7.6917e-05 ResultSortTime:6.25e-07 QueryPreparationTime:9.292e-06 InnerEvalTime:6.325e-05 ExecQueueTime:1.417e-06 ExecTotalTime:8.0417e-05} Samples:0x1400168ba40}" spanID=0000000000000000
time=2026-08-02T15:54:43.559-07:00 level=WARN msg="Query returned multiple series, only first will be used" test=archv2-nxm-batched tool=conduit-v1 collector=conduit type=conduit collector=conduit type=conduit series-count=2
time=2026-08-02T15:54:43.559-07:00 level=DEBUG msg="Query returned data" test=archv2-nxm-batched tool=conduit-v1 collector=conduit type=conduit collector=conduit type=conduit name=msg-megabytes-out-per-second[archv2-nxm-batched] series-count=1 last-value=0.3717317581176758
time=2026-08-02T15:54:43.766-07:00 level=DEBUG msg="Inspecting container" model=container-monitor name=benchi-conduit
time=2026-08-02T15:54:44.280-07:00 level=DEBUG msg="Inspecting container" model=container-monitor name=benchi-conduit
time=2026-08-02T15:54:44.559-07:00 level=DEBUG msg="promql query logged" test=archv2-nxm-batched tool=conduit-v1 collector=conduit type=conduit collector=conduit type=conduit params="map[end:2026-08-02T22:54:44.559Z query:rate(conduit_pipeline_execution_duration_seconds_count{pipeline_name=\"archv2-nxm-batched\"}[2s]) start:2026-08-02T22:54:11.557Z step:1]" stats="&{Timings:{EvalTotalTime:5.15e-05 ResultSortTime:4.59e-07 QueryPreparationTime:1.3958e-05 InnerEvalTime:3.175e-05 ExecQueueTime:2.667e-06 ExecTotalTime:5.7959e-05} Samples:0x14000ee4bd0}" spanID=0000000000000000
time=2026-08-02T15:54:44.559-07:00 level=DEBUG msg="Query returned data" test=archv2-nxm-batched tool=conduit-v1 collector=conduit type=conduit collector=conduit type=conduit name=msg-rate-per-second[archv2-nxm-batched] series-count=1 last-value=15453
time=2026-08-02T15:54:44.560-07:00 level=DEBUG msg="promql query logged" test=archv2-nxm-batched tool=conduit-v1 collector=conduit type=conduit collector=conduit type=conduit params="map[end:2026-08-02T22:54:44.560Z query:rate(conduit_connector_bytes_sum{pipeline_name=\"archv2-nxm-batched\",type=\"source\"}[2s])/1048576 start:2026-08-02T22:54:11.557Z step:1]" stats="&{Timings:{EvalTotalTime:7.4875e-05 ResultSortTime:1.083e-06 QueryPreparationTime:7.833e-06 InnerEvalTime:6.0791e-05 ExecQueueTime:1.124e-06 ExecTotalTime:7.7916e-05} Samples:0x14000ee5ec0}" spanID=0000000000000000
time=2026-08-02T15:54:44.560-07:00 level=WARN msg="Query returned multiple series, only first will be used" test=archv2-nxm-batched tool=conduit-v1 collector=conduit type=conduit collector=conduit type=conduit series-count=2
time=2026-08-02T15:54:44.560-07:00 level=DEBUG msg="Query returned data" test=archv2-nxm-batched tool=conduit-v1 collector=conduit type=conduit collector=conduit type=conduit name=msg-megabytes-in-per-second[archv2-nxm-batched] series-count=1 last-value=0.21887779235839844
time=2026-08-02T15:54:44.560-07:00 level=DEBUG msg="promql query logged" test=archv2-nxm-batched tool=conduit-v1 collector=conduit type=conduit collector=conduit type=conduit params="map[end:2026-08-02T22:54:44.560Z query:rate(conduit_connector_bytes_sum{pipeline_name=\"archv2-nxm-batched\",type=\"destination\"}[2s])/1048576 start:2026-08-02T22:54:11.557Z step:1]" stats="&{Timings:{EvalTotalTime:6.475e-05 ResultSortTime:4.16e-07 QueryPreparationTime:6.542e-06 InnerEvalTime:5.375e-05 ExecQueueTime:9.17e-07 ExecTotalTime:6.725e-05} Samples:0x14000976990}" spanID=0000000000000000
time=2026-08-02T15:54:44.560-07:00 level=WARN msg="Query returned multiple series, only first will be used" test=archv2-nxm-batched tool=conduit-v1 collector=conduit type=conduit collector=conduit type=conduit series-count=2
time=2026-08-02T15:54:44.560-07:00 level=DEBUG msg="Query returned data" test=archv2-nxm-batched tool=conduit-v1 collector=conduit type=conduit collector=conduit type=conduit name=msg-megabytes-out-per-second[archv2-nxm-batched] series-count=1 last-value=0.4369649887084961
time=2026-08-02T15:54:44.799-07:00 level=DEBUG msg="Inspecting container" model=container-monitor name=benchi-conduit
time=2026-08-02T15:54:45.317-07:00 level=DEBUG msg="Inspecting container" model=container-monitor name=benchi-conduit
time=2026-08-02T15:54:45.560-07:00 level=DEBUG msg="promql query logged" test=archv2-nxm-batched tool=conduit-v1 collector=conduit type=conduit collector=conduit type=conduit params="map[end:2026-08-02T22:54:45.559Z query:rate(conduit_pipeline_execution_duration_seconds_count{pipeline_name=\"archv2-nxm-batched\"}[2s]) start:2026-08-02T22:54:11.557Z step:1]" stats="&{Timings:{EvalTotalTime:8.5e-05 ResultSortTime:5e-07 QueryPreparationTime:1.7292e-05 InnerEvalTime:6.0209e-05 ExecQueueTime:3.041e-06 ExecTotalTime:9.1083e-05} Samples:0x140010855c0}" spanID=0000000000000000
time=2026-08-02T15:54:45.560-07:00 level=DEBUG msg="Query returned data" test=archv2-nxm-batched tool=conduit-v1 collector=conduit type=conduit collector=conduit type=conduit name=msg-rate-per-second[archv2-nxm-batched] series-count=1 last-value=14027
time=2026-08-02T15:54:45.560-07:00 level=DEBUG msg="promql query logged" test=archv2-nxm-batched tool=conduit-v1 collector=conduit type=conduit collector=conduit type=conduit params="map[end:2026-08-02T22:54:45.560Z query:rate(conduit_connector_bytes_sum{pipeline_name=\"archv2-nxm-batched\",type=\"source\"}[2s])/1048576 start:2026-08-02T22:54:11.557Z step:1]" stats="&{Timings:{EvalTotalTime:8.825e-05 ResultSortTime:9.58e-07 QueryPreparationTime:9.5e-06 InnerEvalTime:7.3584e-05 ExecQueueTime:1.5e-06 ExecTotalTime:9.2166e-05} Samples:0x14001085cb0}" spanID=0000000000000000
time=2026-08-02T15:54:45.560-07:00 level=WARN msg="Query returned multiple series, only first will be used" test=archv2-nxm-batched tool=conduit-v1 collector=conduit type=conduit collector=conduit type=conduit series-count=2
time=2026-08-02T15:54:45.560-07:00 level=DEBUG msg="Query returned data" test=archv2-nxm-batched tool=conduit-v1 collector=conduit type=conduit collector=conduit type=conduit name=msg-megabytes-in-per-second[archv2-nxm-batched] series-count=1 last-value=0.19918346405029297
time=2026-08-02T15:54:45.560-07:00 level=DEBUG msg="promql query logged" test=archv2-nxm-batched tool=conduit-v1 collector=conduit type=conduit collector=conduit type=conduit params="map[end:2026-08-02T22:54:45.560Z query:rate(conduit_connector_bytes_sum{pipeline_name=\"archv2-nxm-batched\",type=\"destination\"}[2s])/1048576 start:2026-08-02T22:54:11.557Z step:1]" stats="&{Timings:{EvalTotalTime:8.5833e-05 ResultSortTime:7.91e-07 QueryPreparationTime:1.1791e-05 InnerEvalTime:6.8417e-05 ExecQueueTime:1.584e-06 ExecTotalTime:8.975e-05} Samples:0x14000ebc450}" spanID=0000000000000000
time=2026-08-02T15:54:45.560-07:00 level=WARN msg="Query returned multiple series, only first will be used" test=archv2-nxm-batched tool=conduit-v1 collector=conduit type=conduit collector=conduit type=conduit series-count=2
time=2026-08-02T15:54:45.560-07:00 level=DEBUG msg="Query returned data" test=archv2-nxm-batched tool=conduit-v1 collector=conduit type=conduit collector=conduit type=conduit name=msg-megabytes-out-per-second[archv2-nxm-batched] series-count=1 last-value=0.3967905044555664
time=2026-08-02T15:54:45.827-07:00 level=DEBUG msg="Inspecting container" model=container-monitor name=benchi-conduit
time=2026-08-02T15:54:46.334-07:00 level=DEBUG msg="Inspecting container" model=container-monitor name=benchi-conduit
time=2026-08-02T15:54:46.559-07:00 level=INFO msg="Test in progress" test=archv2-nxm-batched tool=conduit-v1 step=test time-left=25s
time=2026-08-02T15:54:46.559-07:00 level=DEBUG msg="promql query logged" test=archv2-nxm-batched tool=conduit-v1 collector=conduit type=conduit collector=conduit type=conduit params="map[end:2026-08-02T22:54:46.559Z query:rate(conduit_pipeline_execution_duration_seconds_count{pipeline_name=\"archv2-nxm-batched\"}[2s]) start:2026-08-02T22:54:11.557Z step:1]" stats="&{Timings:{EvalTotalTime:5.125e-05 ResultSortTime:4.58e-07 QueryPreparationTime:1.4292e-05 InnerEvalTime:3.1667e-05 ExecQueueTime:2.541e-06 ExecTotalTime:5.7166e-05} Samples:0x140011255f0}" spanID=0000000000000000
time=2026-08-02T15:54:46.559-07:00 level=DEBUG msg="Query returned data" test=archv2-nxm-batched tool=conduit-v1 collector=conduit type=conduit collector=conduit type=conduit name=msg-rate-per-second[archv2-nxm-batched] series-count=1 last-value=14144.566301096711
time=2026-08-02T15:54:46.560-07:00 level=DEBUG msg="promql query logged" test=archv2-nxm-batched tool=conduit-v1 collector=conduit type=conduit collector=conduit type=conduit params="map[end:2026-08-02T22:54:46.559Z query:rate(conduit_connector_bytes_sum{pipeline_name=\"archv2-nxm-batched\",type=\"source\"}[2s])/1048576 start:2026-08-02T22:54:11.557Z step:1]" stats="&{Timings:{EvalTotalTime:5.2083e-05 ResultSortTime:7.92e-07 QueryPreparationTime:7.25e-06 InnerEvalTime:4.1e-05 ExecQueueTime:1.25e-06 ExecTotalTime:5.4625e-05} Samples:0x14001125cb0}" spanID=0000000000000000
time=2026-08-02T15:54:46.560-07:00 level=WARN msg="Query returned multiple series, only first will be used" test=archv2-nxm-batched tool=conduit-v1 collector=conduit type=conduit collector=conduit type=conduit series-count=2
time=2026-08-02T15:54:46.560-07:00 level=DEBUG msg="Query returned data" test=archv2-nxm-batched tool=conduit-v1 collector=conduit type=conduit collector=conduit type=conduit name=msg-megabytes-in-per-second[archv2-nxm-batched] series-count=1 last-value=0.2013070514408922
time=2026-08-02T15:54:46.560-07:00 level=DEBUG msg="promql query logged" test=archv2-nxm-batched tool=conduit-v1 collector=conduit type=conduit collector=conduit type=conduit params="map[end:2026-08-02T22:54:46.560Z query:rate(conduit_connector_bytes_sum{pipeline_name=\"archv2-nxm-batched\",type=\"destination\"}[2s])/1048576 start:2026-08-02T22:54:11.557Z step:1]" stats="&{Timings:{EvalTotalTime:8.3416e-05 ResultSortTime:6.25e-07 QueryPreparationTime:1.0792e-05 InnerEvalTime:6.5916e-05 ExecQueueTime:2.125e-06 ExecTotalTime:8.7042e-05} Samples:0x140015023f0}" spanID=0000000000000000
time=2026-08-02T15:54:46.560-07:00 level=WARN msg="Query returned multiple series, only first will be used" test=archv2-nxm-batched tool=conduit-v1 collector=conduit type=conduit collector=conduit type=conduit series-count=2
time=2026-08-02T15:54:46.560-07:00 level=DEBUG msg="Query returned data" test=archv2-nxm-batched tool=conduit-v1 collector=conduit type=conduit collector=conduit type=conduit name=msg-megabytes-out-per-second[archv2-nxm-batched] series-count=1 last-value=0.40001550676340125
time=2026-08-02T15:54:46.848-07:00 level=DEBUG msg="Inspecting container" model=container-monitor name=benchi-conduit
time=2026-08-02T15:54:47.366-07:00 level=DEBUG msg="Inspecting container" model=container-monitor name=benchi-conduit
time=2026-08-02T15:54:47.558-07:00 level=DEBUG msg="promql query logged" test=archv2-nxm-batched tool=conduit-v1 collector=conduit type=conduit collector=conduit type=conduit params="map[end:2026-08-02T22:54:47.558Z query:rate(conduit_pipeline_execution_duration_seconds_count{pipeline_name=\"archv2-nxm-batched\"}[2s]) start:2026-08-02T22:54:11.557Z step:1]" stats="&{Timings:{EvalTotalTime:5.7e-05 ResultSortTime:3.33e-07 QueryPreparationTime:1.8958e-05 InnerEvalTime:3.2917e-05 ExecQueueTime:2.4251e-05 ExecTotalTime:6.1833e-05} Samples:0x1400106e1e0}" spanID=0000000000000000
time=2026-08-02T15:54:47.559-07:00 level=DEBUG msg="Query returned data" test=archv2-nxm-batched tool=conduit-v1 collector=conduit type=conduit collector=conduit type=conduit name=msg-rate-per-second[archv2-nxm-batched] series-count=1 last-value=14913.741223671013
time=2026-08-02T15:54:47.559-07:00 level=DEBUG msg="promql query logged" test=archv2-nxm-batched tool=conduit-v1 collector=conduit type=conduit collector=conduit type=conduit params="map[end:2026-08-02T22:54:47.559Z query:rate(conduit_connector_bytes_sum{pipeline_name=\"archv2-nxm-batched\",type=\"source\"}[2s])/1048576 start:2026-08-02T22:54:11.557Z step:1]" stats="&{Timings:{EvalTotalTime:8.125e-05 ResultSortTime:7.5e-07 QueryPreparationTime:8.042e-06 InnerEvalTime:6.7208e-05 ExecQueueTime:1.25e-06 ExecTotalTime:8.4042e-05} Samples:0x1400106e8a0}" spanID=0000000000000000
time=2026-08-02T15:54:47.559-07:00 level=WARN msg="Query returned multiple series, only first will be used" test=archv2-nxm-batched tool=conduit-v1 collector=conduit type=conduit collector=conduit type=conduit series-count=2
time=2026-08-02T15:54:47.559-07:00 level=DEBUG msg="Query returned data" test=archv2-nxm-batched tool=conduit-v1 collector=conduit type=conduit collector=conduit type=conduit name=msg-megabytes-in-per-second[archv2-nxm-batched] series-count=1 last-value=0.21195292114135375
time=2026-08-02T15:54:47.559-07:00 level=DEBUG msg="promql query logged" test=archv2-nxm-batched tool=conduit-v1 collector=conduit type=conduit collector=conduit type=conduit params="map[end:2026-08-02T22:54:47.559Z query:rate(conduit_connector_bytes_sum{pipeline_name=\"archv2-nxm-batched\",type=\"destination\"}[2s])/1048576 start:2026-08-02T22:54:11.557Z step:1]" stats="&{Timings:{EvalTotalTime:9.5709e-05 ResultSortTime:8.75e-07 QueryPreparationTime:1.0792e-05 InnerEvalTime:7.8708e-05 ExecQueueTime:1.292e-06 ExecTotalTime:9.9208e-05} Samples:0x14001444780}" spanID=0000000000000000
time=2026-08-02T15:54:47.559-07:00 level=WARN msg="Query returned multiple series, only first will be used" test=archv2-nxm-batched tool=conduit-v1 collector=conduit type=conduit collector=conduit type=conduit series-count=2
time=2026-08-02T15:54:47.559-07:00 level=DEBUG msg="Query returned data" test=archv2-nxm-batched tool=conduit-v1 collector=conduit type=conduit collector=conduit type=conduit name=msg-megabytes-out-per-second[archv2-nxm-batched] series-count=1 last-value=0.4202700187354054
time=2026-08-02T15:54:47.894-07:00 level=DEBUG msg="Inspecting container" model=container-monitor name=benchi-conduit
time=2026-08-02T15:54:48.417-07:00 level=DEBUG msg="Inspecting container" model=container-monitor name=benchi-conduit
time=2026-08-02T15:54:48.560-07:00 level=DEBUG msg="promql query logged" test=archv2-nxm-batched tool=conduit-v1 collector=conduit type=conduit collector=conduit type=conduit params="map[end:2026-08-02T22:54:48.560Z query:rate(conduit_pipeline_execution_duration_seconds_count{pipeline_name=\"archv2-nxm-batched\"}[2s]) start:2026-08-02T22:54:11.557Z step:1]" stats="&{Timings:{EvalTotalTime:5.4416e-05 ResultSortTime:5e-07 QueryPreparationTime:1.4042e-05 InnerEvalTime:3.2416e-05 ExecQueueTime:3e-06 ExecTotalTime:6.0042e-05} Samples:0x1400127fbf0}" spanID=0000000000000000
time=2026-08-02T15:54:48.560-07:00 level=DEBUG msg="Query returned data" test=archv2-nxm-batched tool=conduit-v1 collector=conduit type=conduit collector=conduit type=conduit name=msg-rate-per-second[archv2-nxm-batched] series-count=1 last-value=15095
time=2026-08-02T15:54:48.560-07:00 level=DEBUG msg="promql query logged" test=archv2-nxm-batched tool=conduit-v1 collector=conduit type=conduit collector=conduit type=conduit params="map[end:2026-08-02T22:54:48.560Z query:rate(conduit_connector_bytes_sum{pipeline_name=\"archv2-nxm-batched\",type=\"source\"}[2s])/1048576 start:2026-08-02T22:54:11.557Z step:1]" stats="&{Timings:{EvalTotalTime:8.6167e-05 ResultSortTime:7.92e-07 QueryPreparationTime:8e-06 InnerEvalTime:6.4375e-05 ExecQueueTime:1.083e-06 ExecTotalTime:8.9125e-05} Samples:0x14001372330}" spanID=0000000000000000
time=2026-08-02T15:54:48.561-07:00 level=WARN msg="Query returned multiple series, only first will be used" test=archv2-nxm-batched tool=conduit-v1 collector=conduit type=conduit collector=conduit type=conduit series-count=2
time=2026-08-02T15:54:48.561-07:00 level=DEBUG msg="Query returned data" test=archv2-nxm-batched tool=conduit-v1 collector=conduit type=conduit collector=conduit type=conduit name=msg-megabytes-in-per-second[archv2-nxm-batched] series-count=1 last-value=0.213714599609375
time=2026-08-02T15:54:48.561-07:00 level=DEBUG msg="promql query logged" test=archv2-nxm-batched tool=conduit-v1 collector=conduit type=conduit collector=conduit type=conduit params="map[end:2026-08-02T22:54:48.561Z query:rate(conduit_connector_bytes_sum{pipeline_name=\"archv2-nxm-batched\",type=\"destination\"}[2s])/1048576 start:2026-08-02T22:54:11.557Z step:1]" stats="&{Timings:{EvalTotalTime:9.8917e-05 ResultSortTime:6.25e-07 QueryPreparationTime:2.4292e-05 InnerEvalTime:6.9208e-05 ExecQueueTime:1.457e-06 ExecTotalTime:0.000102208} Samples:0x14001508f00}" spanID=0000000000000000
time=2026-08-02T15:54:48.561-07:00 level=WARN msg="Query returned multiple series, only first will be used" test=archv2-nxm-batched tool=conduit-v1 collector=conduit type=conduit collector=conduit type=conduit series-count=2
time=2026-08-02T15:54:48.561-07:00 level=DEBUG msg="Query returned data" test=archv2-nxm-batched tool=conduit-v1 collector=conduit type=conduit collector=conduit type=conduit name=msg-megabytes-out-per-second[archv2-nxm-batched] series-count=1 last-value=0.4261646270751953
time=2026-08-02T15:54:48.930-07:00 level=DEBUG msg="Inspecting container" model=container-monitor name=benchi-conduit
time=2026-08-02T15:54:49.435-07:00 level=DEBUG msg="Inspecting container" model=container-monitor name=benchi-conduit
time=2026-08-02T15:54:49.558-07:00 level=DEBUG msg="promql query logged" test=archv2-nxm-batched tool=conduit-v1 collector=conduit type=conduit collector=conduit type=conduit params="map[end:2026-08-02T22:54:49.558Z query:rate(conduit_pipeline_execution_duration_seconds_count{pipeline_name=\"archv2-nxm-batched\"}[2s]) start:2026-08-02T22:54:11.557Z step:1]" stats="&{Timings:{EvalTotalTime:8.475e-05 ResultSortTime:7.08e-07 QueryPreparationTime:2.9083e-05 InnerEvalTime:4.925e-05 ExecQueueTime:3.958e-06 ExecTotalTime:9.0583e-05} Samples:0x140013dea80}" spanID=0000000000000000
time=2026-08-02T15:54:49.558-07:00 level=DEBUG msg="Query returned data" test=archv2-nxm-batched tool=conduit-v1 collector=conduit type=conduit collector=conduit type=conduit name=msg-rate-per-second[archv2-nxm-batched] series-count=1 last-value=15379.86041874377
time=2026-08-02T15:54:49.558-07:00 level=DEBUG msg="promql query logged" test=archv2-nxm-batched tool=conduit-v1 collector=conduit type=conduit collector=conduit type=conduit params="map[end:2026-08-02T22:54:49.558Z query:rate(conduit_connector_bytes_sum{pipeline_name=\"archv2-nxm-batched\",type=\"source\"}[2s])/1048576 start:2026-08-02T22:54:11.557Z step:1]" stats="&{Timings:{EvalTotalTime:9.6125e-05 ResultSortTime:1.083e-06 QueryPreparationTime:1.4166e-05 InnerEvalTime:7.4417e-05 ExecQueueTime:1.208e-06 ExecTotalTime:9.9125e-05} Samples:0x140013df140}" spanID=0000000000000000
time=2026-08-02T15:54:49.558-07:00 level=WARN msg="Query returned multiple series, only first will be used" test=archv2-nxm-batched tool=conduit-v1 collector=conduit type=conduit collector=conduit type=conduit series-count=2
time=2026-08-02T15:54:49.559-07:00 level=DEBUG msg="Query returned data" test=archv2-nxm-batched tool=conduit-v1 collector=conduit type=conduit collector=conduit type=conduit name=msg-megabytes-in-per-second[archv2-nxm-batched] series-count=1 last-value=0.21883164897397653
time=2026-08-02T15:54:49.559-07:00 level=DEBUG msg="promql query logged" test=archv2-nxm-batched tool=conduit-v1 collector=conduit type=conduit collector=conduit type=conduit params="map[end:2026-08-02T22:54:49.559Z query:rate(conduit_connector_bytes_sum{pipeline_name=\"archv2-nxm-batched\",type=\"destination\"}[2s])/1048576 start:2026-08-02T22:54:11.557Z step:1]" stats="&{Timings:{EvalTotalTime:0.000114292 ResultSortTime:1.083e-06 QueryPreparationTime:1.6083e-05 InnerEvalTime:8.5083e-05 ExecQueueTime:2.167e-06 ExecTotalTime:0.000118958} Samples:0x140013df800}" spanID=0000000000000000
time=2026-08-02T15:54:49.559-07:00 level=WARN msg="Query returned multiple series, only first will be used" test=archv2-nxm-batched tool=conduit-v1 collector=conduit type=conduit collector=conduit type=conduit series-count=2
time=2026-08-02T15:54:49.560-07:00 level=DEBUG msg="Query returned data" test=archv2-nxm-batched tool=conduit-v1 collector=conduit type=conduit collector=conduit type=conduit name=msg-megabytes-out-per-second[archv2-nxm-batched] series-count=1 last-value=0.43452083173088163
time=2026-08-02T15:54:49.946-07:00 level=DEBUG msg="Inspecting container" model=container-monitor name=benchi-conduit
time=2026-08-02T15:54:50.465-07:00 level=DEBUG msg="Inspecting container" model=container-monitor name=benchi-conduit
time=2026-08-02T15:54:50.560-07:00 level=DEBUG msg="promql query logged" test=archv2-nxm-batched tool=conduit-v1 collector=conduit type=conduit collector=conduit type=conduit params="map[end:2026-08-02T22:54:50.560Z query:rate(conduit_pipeline_execution_duration_seconds_count{pipeline_name=\"archv2-nxm-batched\"}[2s]) start:2026-08-02T22:54:11.557Z step:1]" stats="&{Timings:{EvalTotalTime:5.6458e-05 ResultSortTime:5e-07 QueryPreparationTime:1.4416e-05 InnerEvalTime:3.4333e-05 ExecQueueTime:2.501e-06 ExecTotalTime:6.0625e-05} Samples:0x140011fd860}" spanID=0000000000000000
time=2026-08-02T15:54:50.560-07:00 level=DEBUG msg="Query returned data" test=archv2-nxm-batched tool=conduit-v1 collector=conduit type=conduit collector=conduit type=conduit name=msg-rate-per-second[archv2-nxm-batched] series-count=1 last-value=14443.32998996991
time=2026-08-02T15:54:50.560-07:00 level=DEBUG msg="promql query logged" test=archv2-nxm-batched tool=conduit-v1 collector=conduit type=conduit collector=conduit type=conduit params="map[end:2026-08-02T22:54:50.560Z query:rate(conduit_connector_bytes_sum{pipeline_name=\"archv2-nxm-batched\",type=\"source\"}[2s])/1048576 start:2026-08-02T22:54:11.557Z step:1]" stats="&{Timings:{EvalTotalTime:0.000131208 ResultSortTime:9.58e-07 QueryPreparationTime:1.1375e-05 InnerEvalTime:0.0001145 ExecQueueTime:1.708e-06 ExecTotalTime:0.000134709} Samples:0x140011fdf20}" spanID=0000000000000000
time=2026-08-02T15:54:50.560-07:00 level=WARN msg="Query returned multiple series, only first will be used" test=archv2-nxm-batched tool=conduit-v1 collector=conduit type=conduit collector=conduit type=conduit series-count=2
time=2026-08-02T15:54:50.560-07:00 level=DEBUG msg="Query returned data" test=archv2-nxm-batched tool=conduit-v1 collector=conduit type=conduit collector=conduit type=conduit name=msg-megabytes-in-per-second[archv2-nxm-batched] series-count=1 last-value=0.20370846885137836
time=2026-08-02T15:54:50.561-07:00 level=DEBUG msg="promql query logged" test=archv2-nxm-batched tool=conduit-v1 collector=conduit type=conduit collector=conduit type=conduit params="map[end:2026-08-02T22:54:50.560Z query:rate(conduit_connector_bytes_sum{pipeline_name=\"archv2-nxm-batched\",type=\"destination\"}[2s])/1048576 start:2026-08-02T22:54:11.557Z step:1]" stats="&{Timings:{EvalTotalTime:0.000181417 ResultSortTime:7.5e-07 QueryPreparationTime:9.041e-06 InnerEvalTime:0.000167417 ExecQueueTime:1.292e-06 ExecTotalTime:0.000184417} Samples:0x140012ffce0}" spanID=0000000000000000
time=2026-08-02T15:54:50.561-07:00 level=WARN msg="Query returned multiple series, only first will be used" test=archv2-nxm-batched tool=conduit-v1 collector=conduit type=conduit collector=conduit type=conduit series-count=2
time=2026-08-02T15:54:50.561-07:00 level=DEBUG msg="Query returned data" test=archv2-nxm-batched tool=conduit-v1 collector=conduit type=conduit collector=conduit type=conduit name=msg-megabytes-out-per-second[archv2-nxm-batched] series-count=1 last-value=0.4087197505602746
time=2026-08-02T15:54:51.001-07:00 level=DEBUG msg="Inspecting container" model=container-monitor name=benchi-conduit
time=2026-08-02T15:54:51.526-07:00 level=DEBUG msg="Inspecting container" model=container-monitor name=benchi-conduit
time=2026-08-02T15:54:51.560-07:00 level=INFO msg="Test in progress" test=archv2-nxm-batched tool=conduit-v1 step=test time-left=20s
time=2026-08-02T15:54:51.561-07:00 level=DEBUG msg="promql query logged" test=archv2-nxm-batched tool=conduit-v1 collector=conduit type=conduit collector=conduit type=conduit params="map[end:2026-08-02T22:54:51.561Z query:rate(conduit_pipeline_execution_duration_seconds_count{pipeline_name=\"archv2-nxm-batched\"}[2s]) start:2026-08-02T22:54:11.557Z step:1]" stats="&{Timings:{EvalTotalTime:0.000191209 ResultSortTime:5.84e-07 QueryPreparationTime:1.5625e-05 InnerEvalTime:0.000162958 ExecQueueTime:2.792e-06 ExecTotalTime:0.000197} Samples:0x140015b7da0}" spanID=0000000000000000
time=2026-08-02T15:54:51.561-07:00 level=DEBUG msg="Query returned data" test=archv2-nxm-batched tool=conduit-v1 collector=conduit type=conduit collector=conduit type=conduit name=msg-rate-per-second[archv2-nxm-batched] series-count=1 last-value=13609
time=2026-08-02T15:54:51.562-07:00 level=DEBUG msg="promql query logged" test=archv2-nxm-batched tool=conduit-v1 collector=conduit type=conduit collector=conduit type=conduit params="map[end:2026-08-02T22:54:51.561Z query:rate(conduit_connector_bytes_sum{pipeline_name=\"archv2-nxm-batched\",type=\"source\"}[2s])/1048576 start:2026-08-02T22:54:11.557Z step:1]" stats="&{Timings:{EvalTotalTime:0.000103125 ResultSortTime:1.167e-06 QueryPreparationTime:1.5042e-05 InnerEvalTime:8.1583e-05 ExecQueueTime:2.918e-06 ExecTotalTime:0.000112625} Samples:0x140017044e0}" spanID=0000000000000000
time=2026-08-02T15:54:51.562-07:00 level=WARN msg="Query returned multiple series, only first will be used" test=archv2-nxm-batched tool=conduit-v1 collector=conduit type=conduit collector=conduit type=conduit series-count=2
time=2026-08-02T15:54:51.562-07:00 level=DEBUG msg="Query returned data" test=archv2-nxm-batched tool=conduit-v1 collector=conduit type=conduit collector=conduit type=conduit name=msg-megabytes-in-per-second[archv2-nxm-batched] series-count=1 last-value=0.19454479217529297
time=2026-08-02T15:54:51.562-07:00 level=DEBUG msg="promql query logged" test=archv2-nxm-batched tool=conduit-v1 collector=conduit type=conduit collector=conduit type=conduit params="map[end:2026-08-02T22:54:51.562Z query:rate(conduit_connector_bytes_sum{pipeline_name=\"archv2-nxm-batched\",type=\"destination\"}[2s])/1048576 start:2026-08-02T22:54:11.557Z step:1]" stats="&{Timings:{EvalTotalTime:9.2917e-05 ResultSortTime:7.08e-07 QueryPreparationTime:1.3083e-05 InnerEvalTime:7.4458e-05 ExecQueueTime:1.458e-06 ExecTotalTime:9.6542e-05} Samples:0x14001705680}" spanID=0000000000000000
time=2026-08-02T15:54:51.563-07:00 level=WARN msg="Query returned multiple series, only first will be used" test=archv2-nxm-batched tool=conduit-v1 collector=conduit type=conduit collector=conduit type=conduit series-count=2
time=2026-08-02T15:54:51.563-07:00 level=DEBUG msg="Query returned data" test=archv2-nxm-batched tool=conduit-v1 collector=conduit type=conduit collector=conduit type=conduit name=msg-megabytes-out-per-second[archv2-nxm-batched] series-count=1 last-value=0.38417530059814453
time=2026-08-02T15:54:52.040-07:00 level=DEBUG msg="Inspecting container" model=container-monitor name=benchi-conduit
time=2026-08-02T15:54:52.555-07:00 level=DEBUG msg="Inspecting container" model=container-monitor name=benchi-conduit
time=2026-08-02T15:54:52.559-07:00 level=DEBUG msg="promql query logged" test=archv2-nxm-batched tool=conduit-v1 collector=conduit type=conduit collector=conduit type=conduit params="map[end:2026-08-02T22:54:52.559Z query:rate(conduit_pipeline_execution_duration_seconds_count{pipeline_name=\"archv2-nxm-batched\"}[2s]) start:2026-08-02T22:54:11.557Z step:1]" stats="&{Timings:{EvalTotalTime:5.6083e-05 ResultSortTime:4.16e-07 QueryPreparationTime:1.6791e-05 InnerEvalTime:3.3917e-05 ExecQueueTime:2.333e-06 ExecTotalTime:6.3625e-05} Samples:0x1400179c330}" spanID=0000000000000000
time=2026-08-02T15:54:52.559-07:00 level=DEBUG msg="Query returned data" test=archv2-nxm-batched tool=conduit-v1 collector=conduit type=conduit collector=conduit type=conduit name=msg-rate-per-second[archv2-nxm-batched] series-count=1 last-value=14560.756972111554
time=2026-08-02T15:54:52.559-07:00 level=DEBUG msg="promql query logged" test=archv2-nxm-batched tool=conduit-v1 collector=conduit type=conduit collector=conduit type=conduit params="map[end:2026-08-02T22:54:52.559Z query:rate(conduit_connector_bytes_sum{pipeline_name=\"archv2-nxm-batched\",type=\"source\"}[2s])/1048576 start:2026-08-02T22:54:11.557Z step:1]" stats="&{Timings:{EvalTotalTime:8.8e-05 ResultSortTime:1e-06 QueryPreparationTime:7.584e-06 InnerEvalTime:7.55e-05 ExecQueueTime:8.76e-07 ExecTotalTime:9.2333e-05} Samples:0x1400179c9f0}" spanID=0000000000000000
time=2026-08-02T15:54:52.559-07:00 level=WARN msg="Query returned multiple series, only first will be used" test=archv2-nxm-batched tool=conduit-v1 collector=conduit type=conduit collector=conduit type=conduit series-count=2
time=2026-08-02T15:54:52.559-07:00 level=DEBUG msg="Query returned data" test=archv2-nxm-batched tool=conduit-v1 collector=conduit type=conduit collector=conduit type=conduit name=msg-megabytes-in-per-second[archv2-nxm-batched] series-count=1 last-value=0.20702996576924723
time=2026-08-02T15:54:52.559-07:00 level=DEBUG msg="promql query logged" test=archv2-nxm-batched tool=conduit-v1 collector=conduit type=conduit collector=conduit type=conduit params="map[end:2026-08-02T22:54:52.559Z query:rate(conduit_connector_bytes_sum{pipeline_name=\"archv2-nxm-batched\",type=\"destination\"}[2s])/1048576 start:2026-08-02T22:54:11.557Z step:1]" stats="&{Timings:{EvalTotalTime:5.7791e-05 ResultSortTime:4.58e-07 QueryPreparationTime:7.208e-06 InnerEvalTime:4.7708e-05 ExecQueueTime:1.001e-06 ExecTotalTime:6.025e-05} Samples:0x140016886f0}" spanID=0000000000000000
time=2026-08-02T15:54:52.559-07:00 level=WARN msg="Query returned multiple series, only first will be used" test=archv2-nxm-batched tool=conduit-v1 collector=conduit type=conduit collector=conduit type=conduit series-count=2
time=2026-08-02T15:54:52.559-07:00 level=DEBUG msg="Query returned data" test=archv2-nxm-batched tool=conduit-v1 collector=conduit type=conduit collector=conduit type=conduit name=msg-megabytes-out-per-second[archv2-nxm-batched] series-count=1 last-value=0.41172418936315286
time=2026-08-02T15:54:53.063-07:00 level=DEBUG msg="Inspecting container" model=container-monitor name=benchi-conduit
time=2026-08-02T15:54:53.560-07:00 level=DEBUG msg="promql query logged" test=archv2-nxm-batched tool=conduit-v1 collector=conduit type=conduit collector=conduit type=conduit params="map[end:2026-08-02T22:54:53.560Z query:rate(conduit_pipeline_execution_duration_seconds_count{pipeline_name=\"archv2-nxm-batched\"}[2s]) start:2026-08-02T22:54:11.557Z step:1]" stats="&{Timings:{EvalTotalTime:5.5125e-05 ResultSortTime:2.92e-07 QueryPreparationTime:1.4e-05 InnerEvalTime:3.6083e-05 ExecQueueTime:2.583e-06 ExecTotalTime:5.9291e-05} Samples:0x14001818510}" spanID=0000000000000000
time=2026-08-02T15:54:53.560-07:00 level=DEBUG msg="Query returned data" test=archv2-nxm-batched tool=conduit-v1 collector=conduit type=conduit collector=conduit type=conduit name=msg-rate-per-second[archv2-nxm-batched] series-count=1 last-value=14173.694779116466
time=2026-08-02T15:54:53.560-07:00 level=DEBUG msg="promql query logged" test=archv2-nxm-batched tool=conduit-v1 collector=conduit type=conduit collector=conduit type=conduit params="map[end:2026-08-02T22:54:53.560Z query:rate(conduit_connector_bytes_sum{pipeline_name=\"archv2-nxm-batched\",type=\"source\"}[2s])/1048576 start:2026-08-02T22:54:11.557Z step:1]" stats="&{Timings:{EvalTotalTime:8.1166e-05 ResultSortTime:7.92e-07 QueryPreparationTime:7.625e-06 InnerEvalTime:7.0167e-05 ExecQueueTime:1.499e-06 ExecTotalTime:8.4125e-05} Samples:0x14001818c30}" spanID=0000000000000000
time=2026-08-02T15:54:53.560-07:00 level=WARN msg="Query returned multiple series, only first will be used" test=archv2-nxm-batched tool=conduit-v1 collector=conduit type=conduit collector=conduit type=conduit series-count=2
time=2026-08-02T15:54:53.560-07:00 level=DEBUG msg="Query returned data" test=archv2-nxm-batched tool=conduit-v1 collector=conduit type=conduit collector=conduit type=conduit name=msg-megabytes-in-per-second[archv2-nxm-batched] series-count=1 last-value=0.20763002725011376
time=2026-08-02T15:54:53.560-07:00 level=DEBUG msg="promql query logged" test=archv2-nxm-batched tool=conduit-v1 collector=conduit type=conduit collector=conduit type=conduit params="map[end:2026-08-02T22:54:53.560Z query:rate(conduit_connector_bytes_sum{pipeline_name=\"archv2-nxm-batched\",type=\"destination\"}[2s])/1048576 start:2026-08-02T22:54:11.557Z step:1]" stats="&{Timings:{EvalTotalTime:9.2292e-05 ResultSortTime:7.5e-07 QueryPreparationTime:1.1208e-05 InnerEvalTime:7.5875e-05 ExecQueueTime:2.125e-06 ExecTotalTime:9.5959e-05} Samples:0x140015093e0}" spanID=0000000000000000
time=2026-08-02T15:54:53.561-07:00 level=WARN msg="Query returned multiple series, only first will be used" test=archv2-nxm-batched tool=conduit-v1 collector=conduit type=conduit collector=conduit type=conduit series-count=2
time=2026-08-02T15:54:53.561-07:00 level=DEBUG msg="Query returned data" test=archv2-nxm-batched tool=conduit-v1 collector=conduit type=conduit collector=conduit type=conduit name=msg-megabytes-out-per-second[archv2-nxm-batched] series-count=1 last-value=0.4004761875872631
time=2026-08-02T15:54:53.581-07:00 level=DEBUG msg="Inspecting container" model=container-monitor name=benchi-conduit
time=2026-08-02T15:54:54.120-07:00 level=DEBUG msg="Inspecting container" model=container-monitor name=benchi-conduit
time=2026-08-02T15:54:54.559-07:00 level=DEBUG msg="promql query logged" test=archv2-nxm-batched tool=conduit-v1 collector=conduit type=conduit collector=conduit type=conduit params="map[end:2026-08-02T22:54:54.558Z query:rate(conduit_pipeline_execution_duration_seconds_count{pipeline_name=\"archv2-nxm-batched\"}[2s]) start:2026-08-02T22:54:11.557Z step:1]" stats="&{Timings:{EvalTotalTime:9.6625e-05 ResultSortTime:3.75e-07 QueryPreparationTime:3.4084e-05 InnerEvalTime:5.6209e-05 ExecQueueTime:2.709e-06 ExecTotalTime:0.000102} Samples:0x1400179d680}" spanID=0000000000000000
time=2026-08-02T15:54:54.559-07:00 level=DEBUG msg="Query returned data" test=archv2-nxm-batched tool=conduit-v1 collector=conduit type=conduit collector=conduit type=conduit name=msg-rate-per-second[archv2-nxm-batched] series-count=1 last-value=13678
time=2026-08-02T15:54:54.559-07:00 level=DEBUG msg="promql query logged" test=archv2-nxm-batched tool=conduit-v1 collector=conduit type=conduit collector=conduit type=conduit params="map[end:2026-08-02T22:54:54.559Z query:rate(conduit_connector_bytes_sum{pipeline_name=\"archv2-nxm-batched\",type=\"source\"}[2s])/1048576 start:2026-08-02T22:54:11.557Z step:1]" stats="&{Timings:{EvalTotalTime:8.1292e-05 ResultSortTime:8.75e-07 QueryPreparationTime:7.541e-06 InnerEvalTime:6.925e-05 ExecQueueTime:9.58e-07 ExecTotalTime:8.4375e-05} Samples:0x1400179dd70}" spanID=0000000000000000
time=2026-08-02T15:54:54.559-07:00 level=WARN msg="Query returned multiple series, only first will be used" test=archv2-nxm-batched tool=conduit-v1 collector=conduit type=conduit collector=conduit type=conduit series-count=2
time=2026-08-02T15:54:54.559-07:00 level=DEBUG msg="Query returned data" test=archv2-nxm-batched tool=conduit-v1 collector=conduit type=conduit collector=conduit type=conduit name=msg-megabytes-in-per-second[archv2-nxm-batched] series-count=1 last-value=0.19199848175048828
time=2026-08-02T15:54:54.559-07:00 level=DEBUG msg="promql query logged" test=archv2-nxm-batched tool=conduit-v1 collector=conduit type=conduit collector=conduit type=conduit params="map[end:2026-08-02T22:54:54.559Z query:rate(conduit_connector_bytes_sum{pipeline_name=\"archv2-nxm-batched\",type=\"destination\"}[2s])/1048576 start:2026-08-02T22:54:11.557Z step:1]" stats="&{Timings:{EvalTotalTime:8.5708e-05 ResultSortTime:6.67e-07 QueryPreparationTime:8.084e-06 InnerEvalTime:7.2458e-05 ExecQueueTime:1.501e-06 ExecTotalTime:8.95e-05} Samples:0x140017eb830}" spanID=0000000000000000
time=2026-08-02T15:54:54.559-07:00 level=WARN msg="Query returned multiple series, only first will be used" test=archv2-nxm-batched tool=conduit-v1 collector=conduit type=conduit collector=conduit type=conduit series-count=2
time=2026-08-02T15:54:54.559-07:00 level=DEBUG msg="Query returned data" test=archv2-nxm-batched tool=conduit-v1 collector=conduit type=conduit collector=conduit type=conduit name=msg-megabytes-out-per-second[archv2-nxm-batched] series-count=1 last-value=0.3862743377685547
time=2026-08-02T15:54:54.633-07:00 level=DEBUG msg="Inspecting container" model=container-monitor name=benchi-conduit
time=2026-08-02T15:54:55.146-07:00 level=DEBUG msg="Inspecting container" model=container-monitor name=benchi-conduit
time=2026-08-02T15:54:55.558-07:00 level=DEBUG msg="promql query logged" test=archv2-nxm-batched tool=conduit-v1 collector=conduit type=conduit collector=conduit type=conduit params="map[end:2026-08-02T22:54:55.558Z query:rate(conduit_pipeline_execution_duration_seconds_count{pipeline_name=\"archv2-nxm-batched\"}[2s]) start:2026-08-02T22:54:11.557Z step:1]" stats="&{Timings:{EvalTotalTime:6.4042e-05 ResultSortTime:5e-07 QueryPreparationTime:1.9833e-05 InnerEvalTime:3.825e-05 ExecQueueTime:2.917e-06 ExecTotalTime:6.9084e-05} Samples:0x14000e9d8c0}" spanID=0000000000000000
time=2026-08-02T15:54:55.558-07:00 level=DEBUG msg="Query returned data" test=archv2-nxm-batched tool=conduit-v1 collector=conduit type=conduit collector=conduit type=conduit name=msg-rate-per-second[archv2-nxm-batched] series-count=1 last-value=18025
time=2026-08-02T15:54:55.559-07:00 level=DEBUG msg="promql query logged" test=archv2-nxm-batched tool=conduit-v1 collector=conduit type=conduit collector=conduit type=conduit params="map[end:2026-08-02T22:54:55.558Z query:rate(conduit_connector_bytes_sum{pipeline_name=\"archv2-nxm-batched\",type=\"source\"}[2s])/1048576 start:2026-08-02T22:54:11.557Z step:1]" stats="&{Timings:{EvalTotalTime:8.7083e-05 ResultSortTime:9.58e-07 QueryPreparationTime:8.541e-06 InnerEvalTime:7.3959e-05 ExecQueueTime:1.292e-06 ExecTotalTime:9.05e-05} Samples:0x14000b44030}" spanID=0000000000000000
time=2026-08-02T15:54:55.559-07:00 level=WARN msg="Query returned multiple series, only first will be used" test=archv2-nxm-batched tool=conduit-v1 collector=conduit type=conduit collector=conduit type=conduit series-count=2
time=2026-08-02T15:54:55.559-07:00 level=DEBUG msg="Query returned data" test=archv2-nxm-batched tool=conduit-v1 collector=conduit type=conduit collector=conduit type=conduit name=msg-megabytes-in-per-second[archv2-nxm-batched] series-count=1 last-value=0.2540283203125
time=2026-08-02T15:54:55.559-07:00 level=DEBUG msg="promql query logged" test=archv2-nxm-batched tool=conduit-v1 collector=conduit type=conduit collector=conduit type=conduit params="map[end:2026-08-02T22:54:55.559Z query:rate(conduit_connector_bytes_sum{pipeline_name=\"archv2-nxm-batched\",type=\"destination\"}[2s])/1048576 start:2026-08-02T22:54:11.557Z step:1]" stats="&{Timings:{EvalTotalTime:9.5458e-05 ResultSortTime:7.5e-07 QueryPreparationTime:9.708e-06 InnerEvalTime:7.9416e-05 ExecQueueTime:1.499e-06 ExecTotalTime:9.8875e-05} Samples:0x14001753830}" spanID=0000000000000000
time=2026-08-02T15:54:55.559-07:00 level=WARN msg="Query returned multiple series, only first will be used" test=archv2-nxm-batched tool=conduit-v1 collector=conduit type=conduit collector=conduit type=conduit series-count=2
time=2026-08-02T15:54:55.559-07:00 level=DEBUG msg="Query returned data" test=archv2-nxm-batched tool=conduit-v1 collector=conduit type=conduit collector=conduit type=conduit name=msg-megabytes-out-per-second[archv2-nxm-batched] series-count=1 last-value=0.508976936340332
time=2026-08-02T15:54:55.674-07:00 level=DEBUG msg="Inspecting container" model=container-monitor name=benchi-conduit
time=2026-08-02T15:54:56.189-07:00 level=DEBUG msg="Inspecting container" model=container-monitor name=benchi-conduit
time=2026-08-02T15:54:56.559-07:00 level=INFO msg="Test in progress" test=archv2-nxm-batched tool=conduit-v1 step=test time-left=15s
time=2026-08-02T15:54:56.560-07:00 level=DEBUG msg="promql query logged" test=archv2-nxm-batched tool=conduit-v1 collector=conduit type=conduit collector=conduit type=conduit params="map[end:2026-08-02T22:54:56.559Z query:rate(conduit_pipeline_execution_duration_seconds_count{pipeline_name=\"archv2-nxm-batched\"}[2s]) start:2026-08-02T22:54:11.557Z step:1]" stats="&{Timings:{EvalTotalTime:5.3541e-05 ResultSortTime:6.67e-07 QueryPreparationTime:1.4e-05 InnerEvalTime:3.3958e-05 ExecQueueTime:2.666e-06 ExecTotalTime:5.775e-05} Samples:0x14000efd830}" spanID=0000000000000000
time=2026-08-02T15:54:56.560-07:00 level=DEBUG msg="Query returned data" test=archv2-nxm-batched tool=conduit-v1 collector=conduit type=conduit collector=conduit type=conduit name=msg-rate-per-second[archv2-nxm-batched] series-count=1 last-value=15369
time=2026-08-02T15:54:56.560-07:00 level=DEBUG msg="promql query logged" test=archv2-nxm-batched tool=conduit-v1 collector=conduit type=conduit collector=conduit type=conduit params="map[end:2026-08-02T22:54:56.560Z query:rate(conduit_connector_bytes_sum{pipeline_name=\"archv2-nxm-batched\",type=\"source\"}[2s])/1048576 start:2026-08-02T22:54:11.557Z step:1]" stats="&{Timings:{EvalTotalTime:8.5584e-05 ResultSortTime:7.91e-07 QueryPreparationTime:7.625e-06 InnerEvalTime:7.1417e-05 ExecQueueTime:1.084e-06 ExecTotalTime:8.825e-05} Samples:0x14000efdf50}" spanID=0000000000000000
time=2026-08-02T15:54:56.560-07:00 level=WARN msg="Query returned multiple series, only first will be used" test=archv2-nxm-batched tool=conduit-v1 collector=conduit type=conduit collector=conduit type=conduit series-count=2
time=2026-08-02T15:54:56.560-07:00 level=DEBUG msg="Query returned data" test=archv2-nxm-batched tool=conduit-v1 collector=conduit type=conduit collector=conduit type=conduit name=msg-megabytes-in-per-second[archv2-nxm-batched] series-count=1 last-value=0.21988677978515625
time=2026-08-02T15:54:56.560-07:00 level=DEBUG msg="promql query logged" test=archv2-nxm-batched tool=conduit-v1 collector=conduit type=conduit collector=conduit type=conduit params="map[end:2026-08-02T22:54:56.560Z query:rate(conduit_connector_bytes_sum{pipeline_name=\"archv2-nxm-batched\",type=\"destination\"}[2s])/1048576 start:2026-08-02T22:54:11.557Z step:1]" stats="&{Timings:{EvalTotalTime:9.1208e-05 ResultSortTime:6.25e-07 QueryPreparationTime:1.0042e-05 InnerEvalTime:7.6291e-05 ExecQueueTime:1.834e-06 ExecTotalTime:9.4833e-05} Samples:0x1400015ccc0}" spanID=0000000000000000
time=2026-08-02T15:54:56.560-07:00 level=WARN msg="Query returned multiple series, only first will be used" test=archv2-nxm-batched tool=conduit-v1 collector=conduit type=conduit collector=conduit type=conduit series-count=2
time=2026-08-02T15:54:56.560-07:00 level=DEBUG msg="Query returned data" test=archv2-nxm-batched tool=conduit-v1 collector=conduit type=conduit collector=conduit type=conduit name=msg-megabytes-out-per-second[archv2-nxm-batched] series-count=1 last-value=0.43449974060058594
time=2026-08-02T15:54:56.717-07:00 level=DEBUG msg="Inspecting container" model=container-monitor name=benchi-conduit
time=2026-08-02T15:54:57.237-07:00 level=DEBUG msg="Inspecting container" model=container-monitor name=benchi-conduit
time=2026-08-02T15:54:57.560-07:00 level=DEBUG msg="promql query logged" test=archv2-nxm-batched tool=conduit-v1 collector=conduit type=conduit collector=conduit type=conduit params="map[end:2026-08-02T22:54:57.560Z query:rate(conduit_pipeline_execution_duration_seconds_count{pipeline_name=\"archv2-nxm-batched\"}[2s]) start:2026-08-02T22:54:11.557Z step:1]" stats="&{Timings:{EvalTotalTime:5.225e-05 ResultSortTime:2.91e-07 QueryPreparationTime:1.3958e-05 InnerEvalTime:3.2959e-05 ExecQueueTime:2.916e-06 ExecTotalTime:5.9083e-05} Samples:0x1400124cc90}" spanID=0000000000000000
time=2026-08-02T15:54:57.560-07:00 level=DEBUG msg="Query returned data" test=archv2-nxm-batched tool=conduit-v1 collector=conduit type=conduit collector=conduit type=conduit name=msg-rate-per-second[archv2-nxm-batched] series-count=1 last-value=14639
time=2026-08-02T15:54:57.560-07:00 level=DEBUG msg="promql query logged" test=archv2-nxm-batched tool=conduit-v1 collector=conduit type=conduit collector=conduit type=conduit params="map[end:2026-08-02T22:54:57.560Z query:rate(conduit_connector_bytes_sum{pipeline_name=\"archv2-nxm-batched\",type=\"source\"}[2s])/1048576 start:2026-08-02T22:54:11.557Z step:1]" stats="&{Timings:{EvalTotalTime:9.0416e-05 ResultSortTime:8.75e-07 QueryPreparationTime:8.583e-06 InnerEvalTime:7.6875e-05 ExecQueueTime:1.499e-06 ExecTotalTime:9.4e-05} Samples:0x1400124d380}" spanID=0000000000000000
time=2026-08-02T15:54:57.560-07:00 level=WARN msg="Query returned multiple series, only first will be used" test=archv2-nxm-batched tool=conduit-v1 collector=conduit type=conduit collector=conduit type=conduit series-count=2
time=2026-08-02T15:54:57.560-07:00 level=DEBUG msg="Query returned data" test=archv2-nxm-batched tool=conduit-v1 collector=conduit type=conduit collector=conduit type=conduit name=msg-megabytes-in-per-second[archv2-nxm-batched] series-count=1 last-value=0.20847129821777344
time=2026-08-02T15:54:57.561-07:00 level=DEBUG msg="promql query logged" test=archv2-nxm-batched tool=conduit-v1 collector=conduit type=conduit collector=conduit type=conduit params="map[end:2026-08-02T22:54:57.561Z query:rate(conduit_connector_bytes_sum{pipeline_name=\"archv2-nxm-batched\",type=\"destination\"}[2s])/1048576 start:2026-08-02T22:54:11.557Z step:1]" stats="&{Timings:{EvalTotalTime:8.8833e-05 ResultSortTime:5.42e-07 QueryPreparationTime:9.167e-06 InnerEvalTime:7.5292e-05 ExecQueueTime:2.375e-06 ExecTotalTime:9.3625e-05} Samples:0x14001650600}" spanID=0000000000000000
time=2026-08-02T15:54:57.561-07:00 level=WARN msg="Query returned multiple series, only first will be used" test=archv2-nxm-batched tool=conduit-v1 collector=conduit type=conduit collector=conduit type=conduit series-count=2
time=2026-08-02T15:54:57.561-07:00 level=DEBUG msg="Query returned data" test=archv2-nxm-batched tool=conduit-v1 collector=conduit type=conduit collector=conduit type=conduit name=msg-megabytes-out-per-second[archv2-nxm-batched] series-count=1 last-value=0.41301441192626953
time=2026-08-02T15:54:57.755-07:00 level=DEBUG msg="Inspecting container" model=container-monitor name=benchi-conduit
time=2026-08-02T15:54:58.264-07:00 level=DEBUG msg="Inspecting container" model=container-monitor name=benchi-conduit
time=2026-08-02T15:54:58.559-07:00 level=DEBUG msg="promql query logged" test=archv2-nxm-batched tool=conduit-v1 collector=conduit type=conduit collector=conduit type=conduit params="map[end:2026-08-02T22:54:58.559Z query:rate(conduit_pipeline_execution_duration_seconds_count{pipeline_name=\"archv2-nxm-batched\"}[2s]) start:2026-08-02T22:54:11.557Z step:1]" stats="&{Timings:{EvalTotalTime:9.6917e-05 ResultSortTime:4.17e-07 QueryPreparationTime:1.5083e-05 InnerEvalTime:7.5167e-05 ExecQueueTime:3.251e-06 ExecTotalTime:0.000103292} Samples:0x14001056c00}" spanID=0000000000000000
time=2026-08-02T15:54:58.559-07:00 level=DEBUG msg="Query returned data" test=archv2-nxm-batched tool=conduit-v1 collector=conduit type=conduit collector=conduit type=conduit name=msg-rate-per-second[archv2-nxm-batched] series-count=1 last-value=14191
time=2026-08-02T15:54:58.559-07:00 level=DEBUG msg="promql query logged" test=archv2-nxm-batched tool=conduit-v1 collector=conduit type=conduit collector=conduit type=conduit params="map[end:2026-08-02T22:54:58.559Z query:rate(conduit_connector_bytes_sum{pipeline_name=\"archv2-nxm-batched\",type=\"source\"}[2s])/1048576 start:2026-08-02T22:54:11.557Z step:1]" stats="&{Timings:{EvalTotalTime:0.000101125 ResultSortTime:1.042e-06 QueryPreparationTime:1.3333e-05 InnerEvalTime:8.2417e-05 ExecQueueTime:1.625e-06 ExecTotalTime:0.000105333} Samples:0x140010572c0}" spanID=0000000000000000
time=2026-08-02T15:54:58.559-07:00 level=WARN msg="Query returned multiple series, only first will be used" test=archv2-nxm-batched tool=conduit-v1 collector=conduit type=conduit collector=conduit type=conduit series-count=2
time=2026-08-02T15:54:58.559-07:00 level=DEBUG msg="Query returned data" test=archv2-nxm-batched tool=conduit-v1 collector=conduit type=conduit collector=conduit type=conduit name=msg-megabytes-in-per-second[archv2-nxm-batched] series-count=1 last-value=0.19593429565429688
time=2026-08-02T15:54:58.559-07:00 level=DEBUG msg="promql query logged" test=archv2-nxm-batched tool=conduit-v1 collector=conduit type=conduit collector=conduit type=conduit params="map[end:2026-08-02T22:54:58.559Z query:rate(conduit_connector_bytes_sum{pipeline_name=\"archv2-nxm-batched\",type=\"destination\"}[2s])/1048576 start:2026-08-02T22:54:11.557Z step:1]" stats="&{Timings:{EvalTotalTime:9.775e-05 ResultSortTime:6.67e-07 QueryPreparationTime:1.0125e-05 InnerEvalTime:8.2583e-05 ExecQueueTime:1.667e-06 ExecTotalTime:0.000102792} Samples:0x140013de720}" spanID=0000000000000000
time=2026-08-02T15:54:58.560-07:00 level=WARN msg="Query returned multiple series, only first will be used" test=archv2-nxm-batched tool=conduit-v1 collector=conduit type=conduit collector=conduit type=conduit series-count=2
time=2026-08-02T15:54:58.560-07:00 level=DEBUG msg="Query returned data" test=archv2-nxm-batched tool=conduit-v1 collector=conduit type=conduit collector=conduit type=conduit name=msg-megabytes-out-per-second[archv2-nxm-batched] series-count=1 last-value=0.4009246826171875
time=2026-08-02T15:54:58.780-07:00 level=DEBUG msg="Inspecting container" model=container-monitor name=benchi-conduit
time=2026-08-02T15:54:59.317-07:00 level=DEBUG msg="Inspecting container" model=container-monitor name=benchi-conduit
time=2026-08-02T15:54:59.558-07:00 level=DEBUG msg="promql query logged" test=archv2-nxm-batched tool=conduit-v1 collector=conduit type=conduit collector=conduit type=conduit params="map[end:2026-08-02T22:54:59.558Z query:rate(conduit_pipeline_execution_duration_seconds_count{pipeline_name=\"archv2-nxm-batched\"}[2s]) start:2026-08-02T22:54:11.557Z step:1]" stats="&{Timings:{EvalTotalTime:0.000106375 ResultSortTime:1.458e-06 QueryPreparationTime:3.1333e-05 InnerEvalTime:6.6209e-05 ExecQueueTime:4.875e-06 ExecTotalTime:0.000113666} Samples:0x14001266d50}" spanID=0000000000000000
time=2026-08-02T15:54:59.559-07:00 level=DEBUG msg="Query returned data" test=archv2-nxm-batched tool=conduit-v1 collector=conduit type=conduit collector=conduit type=conduit name=msg-rate-per-second[archv2-nxm-batched] series-count=1 last-value=13473
time=2026-08-02T15:54:59.559-07:00 level=DEBUG msg="promql query logged" test=archv2-nxm-batched tool=conduit-v1 collector=conduit type=conduit collector=conduit type=conduit params="map[end:2026-08-02T22:54:59.559Z query:rate(conduit_connector_bytes_sum{pipeline_name=\"archv2-nxm-batched\",type=\"source\"}[2s])/1048576 start:2026-08-02T22:54:11.557Z step:1]" stats="&{Timings:{EvalTotalTime:0.000153459 ResultSortTime:1.834e-06 QueryPreparationTime:2.0709e-05 InnerEvalTime:0.000125291 ExecQueueTime:1.917e-06 ExecTotalTime:0.000159625} Samples:0x14001267410}" spanID=0000000000000000
time=2026-08-02T15:54:59.559-07:00 level=WARN msg="Query returned multiple series, only first will be used" test=archv2-nxm-batched tool=conduit-v1 collector=conduit type=conduit collector=conduit type=conduit series-count=2
time=2026-08-02T15:54:59.559-07:00 level=DEBUG msg="Query returned data" test=archv2-nxm-batched tool=conduit-v1 collector=conduit type=conduit collector=conduit type=conduit name=msg-megabytes-in-per-second[archv2-nxm-batched] series-count=1 last-value=0.1905994415283203
time=2026-08-02T15:54:59.559-07:00 level=DEBUG msg="promql query logged" test=archv2-nxm-batched tool=conduit-v1 collector=conduit type=conduit collector=conduit type=conduit params="map[end:2026-08-02T22:54:59.559Z query:rate(conduit_connector_bytes_sum{pipeline_name=\"archv2-nxm-batched\",type=\"destination\"}[2s])/1048576 start:2026-08-02T22:54:11.557Z step:1]" stats="&{Timings:{EvalTotalTime:0.000107833 ResultSortTime:7.09e-07 QueryPreparationTime:1.3459e-05 InnerEvalTime:8.9792e-05 ExecQueueTime:1.042e-06 ExecTotalTime:0.000111375} Samples:0x14001141950}" spanID=0000000000000000
time=2026-08-02T15:54:59.559-07:00 level=WARN msg="Query returned multiple series, only first will be used" test=archv2-nxm-batched tool=conduit-v1 collector=conduit type=conduit collector=conduit type=conduit series-count=2
time=2026-08-02T15:54:59.560-07:00 level=DEBUG msg="Query returned data" test=archv2-nxm-batched tool=conduit-v1 collector=conduit type=conduit collector=conduit type=conduit name=msg-megabytes-out-per-second[archv2-nxm-batched] series-count=1 last-value=0.3820486068725586
time=2026-08-02T15:54:59.839-07:00 level=DEBUG msg="Inspecting container" model=container-monitor name=benchi-conduit
time=2026-08-02T15:55:00.359-07:00 level=DEBUG msg="Inspecting container" model=container-monitor name=benchi-conduit
time=2026-08-02T15:55:00.560-07:00 level=DEBUG msg="promql query logged" test=archv2-nxm-batched tool=conduit-v1 collector=conduit type=conduit collector=conduit type=conduit params="map[end:2026-08-02T22:55:00.559Z query:rate(conduit_pipeline_execution_duration_seconds_count{pipeline_name=\"archv2-nxm-batched\"}[2s]) start:2026-08-02T22:54:11.557Z step:1]" stats="&{Timings:{EvalTotalTime:3.7208e-05 ResultSortTime:3.33e-07 QueryPreparationTime:1.1459e-05 InnerEvalTime:2.2958e-05 ExecQueueTime:2.208e-06 ExecTotalTime:4.0333e-05} Samples:0x1400137e510}" spanID=0000000000000000
time=2026-08-02T15:55:00.560-07:00 level=DEBUG msg="Query returned data" test=archv2-nxm-batched tool=conduit-v1 collector=conduit type=conduit collector=conduit type=conduit name=msg-rate-per-second[archv2-nxm-batched] series-count=1 last-value=13864
time=2026-08-02T15:55:00.560-07:00 level=DEBUG msg="promql query logged" test=archv2-nxm-batched tool=conduit-v1 collector=conduit type=conduit collector=conduit type=conduit params="map[end:2026-08-02T22:55:00.560Z query:rate(conduit_connector_bytes_sum{pipeline_name=\"archv2-nxm-batched\",type=\"source\"}[2s])/1048576 start:2026-08-02T22:54:11.557Z step:1]" stats="&{Timings:{EvalTotalTime:5.2458e-05 ResultSortTime:5.83e-07 QueryPreparationTime:4.708e-06 InnerEvalTime:4.5292e-05 ExecQueueTime:4.59e-07 ExecTotalTime:5.4125e-05} Samples:0x1400137ebd0}" spanID=0000000000000000
time=2026-08-02T15:55:00.560-07:00 level=WARN msg="Query returned multiple series, only first will be used" test=archv2-nxm-batched tool=conduit-v1 collector=conduit type=conduit collector=conduit type=conduit series-count=2
time=2026-08-02T15:55:00.560-07:00 level=DEBUG msg="Query returned data" test=archv2-nxm-batched tool=conduit-v1 collector=conduit type=conduit collector=conduit type=conduit name=msg-megabytes-in-per-second[archv2-nxm-batched] series-count=1 last-value=0.19780826568603516
time=2026-08-02T15:55:00.560-07:00 level=DEBUG msg="promql query logged" test=archv2-nxm-batched tool=conduit-v1 collector=conduit type=conduit collector=conduit type=conduit params="map[end:2026-08-02T22:55:00.560Z query:rate(conduit_connector_bytes_sum{pipeline_name=\"archv2-nxm-batched\",type=\"destination\"}[2s])/1048576 start:2026-08-02T22:54:11.557Z step:1]" stats="&{Timings:{EvalTotalTime:5.5708e-05 ResultSortTime:3.75e-07 QueryPreparationTime:5.5e-06 InnerEvalTime:4.7333e-05 ExecQueueTime:1.958e-06 ExecTotalTime:5.8291e-05} Samples:0x1400127fa70}" spanID=0000000000000000
time=2026-08-02T15:55:00.560-07:00 level=WARN msg="Query returned multiple series, only first will be used" test=archv2-nxm-batched tool=conduit-v1 collector=conduit type=conduit collector=conduit type=conduit series-count=2
time=2026-08-02T15:55:00.560-07:00 level=DEBUG msg="Query returned data" test=archv2-nxm-batched tool=conduit-v1 collector=conduit type=conduit collector=conduit type=conduit name=msg-megabytes-out-per-second[archv2-nxm-batched] series-count=1 last-value=0.3912544250488281
time=2026-08-02T15:55:00.900-07:00 level=DEBUG msg="Inspecting container" model=container-monitor name=benchi-conduit
time=2026-08-02T15:55:01.413-07:00 level=DEBUG msg="Inspecting container" model=container-monitor name=benchi-conduit
time=2026-08-02T15:55:01.558-07:00 level=INFO msg="Test in progress" test=archv2-nxm-batched tool=conduit-v1 step=test time-left=10s
time=2026-08-02T15:55:01.559-07:00 level=DEBUG msg="promql query logged" test=archv2-nxm-batched tool=conduit-v1 collector=conduit type=conduit collector=conduit type=conduit params="map[end:2026-08-02T22:55:01.559Z query:rate(conduit_pipeline_execution_duration_seconds_count{pipeline_name=\"archv2-nxm-batched\"}[2s]) start:2026-08-02T22:54:11.557Z step:1]" stats="&{Timings:{EvalTotalTime:3.4084e-05 ResultSortTime:3.33e-07 QueryPreparationTime:8.792e-06 InnerEvalTime:2.1625e-05 ExecQueueTime:1.167e-06 ExecTotalTime:3.6708e-05} Samples:0x140012bb0e0}" spanID=0000000000000000
time=2026-08-02T15:55:01.559-07:00 level=DEBUG msg="Query returned data" test=archv2-nxm-batched tool=conduit-v1 collector=conduit type=conduit collector=conduit type=conduit name=msg-rate-per-second[archv2-nxm-batched] series-count=1 last-value=12880
time=2026-08-02T15:55:01.559-07:00 level=DEBUG msg="promql query logged" test=archv2-nxm-batched tool=conduit-v1 collector=conduit type=conduit collector=conduit type=conduit params="map[end:2026-08-02T22:55:01.559Z query:rate(conduit_connector_bytes_sum{pipeline_name=\"archv2-nxm-batched\",type=\"source\"}[2s])/1048576 start:2026-08-02T22:54:11.557Z step:1]" stats="&{Timings:{EvalTotalTime:5.2042e-05 ResultSortTime:5.42e-07 QueryPreparationTime:4.084e-06 InnerEvalTime:4.5042e-05 ExecQueueTime:5.83e-07 ExecTotalTime:5.3667e-05} Samples:0x140012bb7a0}" spanID=0000000000000000
time=2026-08-02T15:55:01.559-07:00 level=WARN msg="Query returned multiple series, only first will be used" test=archv2-nxm-batched tool=conduit-v1 collector=conduit type=conduit collector=conduit type=conduit series-count=2
time=2026-08-02T15:55:01.559-07:00 level=DEBUG msg="Query returned data" test=archv2-nxm-batched tool=conduit-v1 collector=conduit type=conduit collector=conduit type=conduit name=msg-megabytes-in-per-second[archv2-nxm-batched] series-count=1 last-value=0.1790170669555664
time=2026-08-02T15:55:01.559-07:00 level=DEBUG msg="promql query logged" test=archv2-nxm-batched tool=conduit-v1 collector=conduit type=conduit collector=conduit type=conduit params="map[end:2026-08-02T22:55:01.559Z query:rate(conduit_connector_bytes_sum{pipeline_name=\"archv2-nxm-batched\",type=\"destination\"}[2s])/1048576 start:2026-08-02T22:54:11.557Z step:1]" stats="&{Timings:{EvalTotalTime:4.4416e-05 ResultSortTime:1.66e-07 QueryPreparationTime:2.792e-06 InnerEvalTime:3.9708e-05 ExecQueueTime:5.01e-07 ExecTotalTime:4.5792e-05} Samples:0x140012d6ba0}" spanID=0000000000000000
time=2026-08-02T15:55:01.559-07:00 level=WARN msg="Query returned multiple series, only first will be used" test=archv2-nxm-batched tool=conduit-v1 collector=conduit type=conduit collector=conduit type=conduit series-count=2
time=2026-08-02T15:55:01.559-07:00 level=DEBUG msg="Query returned data" test=archv2-nxm-batched tool=conduit-v1 collector=conduit type=conduit collector=conduit type=conduit name=msg-megabytes-out-per-second[archv2-nxm-batched] series-count=1 last-value=0.3630838394165039
time=2026-08-02T15:55:01.926-07:00 level=DEBUG msg="Inspecting container" model=container-monitor name=benchi-conduit
time=2026-08-02T15:55:02.435-07:00 level=DEBUG msg="Inspecting container" model=container-monitor name=benchi-conduit
time=2026-08-02T15:55:02.559-07:00 level=DEBUG msg="promql query logged" test=archv2-nxm-batched tool=conduit-v1 collector=conduit type=conduit collector=conduit type=conduit params="map[end:2026-08-02T22:55:02.559Z query:rate(conduit_pipeline_execution_duration_seconds_count{pipeline_name=\"archv2-nxm-batched\"}[2s]) start:2026-08-02T22:54:11.557Z step:1]" stats="&{Timings:{EvalTotalTime:3.7667e-05 ResultSortTime:4.58e-07 QueryPreparationTime:1.0209e-05 InnerEvalTime:2.4125e-05 ExecQueueTime:3.291e-06 ExecTotalTime:4.2417e-05} Samples:0x140012d7f50}" spanID=0000000000000000
time=2026-08-02T15:55:02.559-07:00 level=DEBUG msg="Query returned data" test=archv2-nxm-batched tool=conduit-v1 collector=conduit type=conduit collector=conduit type=conduit name=msg-rate-per-second[archv2-nxm-batched] series-count=1 last-value=13332.338308457713
time=2026-08-02T15:55:02.560-07:00 level=DEBUG msg="promql query logged" test=archv2-nxm-batched tool=conduit-v1 collector=conduit type=conduit collector=conduit type=conduit params="map[end:2026-08-02T22:55:02.559Z query:rate(conduit_connector_bytes_sum{pipeline_name=\"archv2-nxm-batched\",type=\"source\"}[2s])/1048576 start:2026-08-02T22:54:11.557Z step:1]" stats="&{Timings:{EvalTotalTime:8.8959e-05 ResultSortTime:6.67e-07 QueryPreparationTime:4.5e-06 InnerEvalTime:7.9916e-05 ExecQueueTime:7.92e-07 ExecTotalTime:9.2208e-05} Samples:0x140012f2690}" spanID=0000000000000000
time=2026-08-02T15:55:02.560-07:00 level=WARN msg="Query returned multiple series, only first will be used" test=archv2-nxm-batched tool=conduit-v1 collector=conduit type=conduit collector=conduit type=conduit series-count=2
time=2026-08-02T15:55:02.560-07:00 level=DEBUG msg="Query returned data" test=archv2-nxm-batched tool=conduit-v1 collector=conduit type=conduit collector=conduit type=conduit name=msg-megabytes-in-per-second[archv2-nxm-batched] series-count=1 last-value=0.1836492054498018
time=2026-08-02T15:55:02.560-07:00 level=DEBUG msg="promql query logged" test=archv2-nxm-batched tool=conduit-v1 collector=conduit type=conduit collector=conduit type=conduit params="map[end:2026-08-02T22:55:02.560Z query:rate(conduit_connector_bytes_sum{pipeline_name=\"archv2-nxm-batched\",type=\"destination\"}[2s])/1048576 start:2026-08-02T22:54:11.557Z step:1]" stats="&{Timings:{EvalTotalTime:0.000135666 ResultSortTime:8.75e-07 QueryPreparationTime:1.3875e-05 InnerEvalTime:9.7625e-05 ExecQueueTime:2e-06 ExecTotalTime:0.000139958} Samples:0x140015ac540}" spanID=0000000000000000
time=2026-08-02T15:55:02.560-07:00 level=WARN msg="Query returned multiple series, only first will be used" test=archv2-nxm-batched tool=conduit-v1 collector=conduit type=conduit collector=conduit type=conduit series-count=2
time=2026-08-02T15:55:02.560-07:00 level=DEBUG msg="Query returned data" test=archv2-nxm-batched tool=conduit-v1 collector=conduit type=conduit collector=conduit type=conduit name=msg-megabytes-out-per-second[archv2-nxm-batched] series-count=1 last-value=0.37726786599230416
time=2026-08-02T15:55:02.955-07:00 level=DEBUG msg="Inspecting container" model=container-monitor name=benchi-conduit
time=2026-08-02T15:55:03.514-07:00 level=DEBUG msg="Inspecting container" model=container-monitor name=benchi-conduit
time=2026-08-02T15:55:03.566-07:00 level=DEBUG msg="promql query logged" test=archv2-nxm-batched tool=conduit-v1 collector=conduit type=conduit collector=conduit type=conduit params="map[end:2026-08-02T22:55:03.566Z query:rate(conduit_pipeline_execution_duration_seconds_count{pipeline_name=\"archv2-nxm-batched\"}[2s]) start:2026-08-02T22:54:11.557Z step:1]" stats="&{Timings:{EvalTotalTime:6.8042e-05 ResultSortTime:5.42e-07 QueryPreparationTime:1.4417e-05 InnerEvalTime:4.825e-05 ExecQueueTime:2.584e-06 ExecTotalTime:7.2791e-05} Samples:0x1400165a180}" spanID=0000000000000000
time=2026-08-02T15:55:03.566-07:00 level=DEBUG msg="Query returned data" test=archv2-nxm-batched tool=conduit-v1 collector=conduit type=conduit collector=conduit type=conduit name=msg-rate-per-second[archv2-nxm-batched] series-count=1 last-value=14044.221105527637
time=2026-08-02T15:55:03.566-07:00 level=DEBUG msg="promql query logged" test=archv2-nxm-batched tool=conduit-v1 collector=conduit type=conduit collector=conduit type=conduit params="map[end:2026-08-02T22:55:03.566Z query:rate(conduit_connector_bytes_sum{pipeline_name=\"archv2-nxm-batched\",type=\"source\"}[2s])/1048576 start:2026-08-02T22:54:11.557Z step:1]" stats="&{Timings:{EvalTotalTime:8.7166e-05 ResultSortTime:7.5e-07 QueryPreparationTime:7.042e-06 InnerEvalTime:7.6333e-05 ExecQueueTime:7.91e-07 ExecTotalTime:8.9375e-05} Samples:0x1400165a840}" spanID=0000000000000000
time=2026-08-02T15:55:03.566-07:00 level=WARN msg="Query returned multiple series, only first will be used" test=archv2-nxm-batched tool=conduit-v1 collector=conduit type=conduit collector=conduit type=conduit series-count=2
time=2026-08-02T15:55:03.566-07:00 level=DEBUG msg="Query returned data" test=archv2-nxm-batched tool=conduit-v1 collector=conduit type=conduit collector=conduit type=conduit name=msg-megabytes-in-per-second[archv2-nxm-batched] series-count=1 last-value=0.19839876261188755
time=2026-08-02T15:55:03.567-07:00 level=DEBUG msg="promql query logged" test=archv2-nxm-batched tool=conduit-v1 collector=conduit type=conduit collector=conduit type=conduit params="map[end:2026-08-02T22:55:03.566Z query:rate(conduit_connector_bytes_sum{pipeline_name=\"archv2-nxm-batched\",type=\"destination\"}[2s])/1048576 start:2026-08-02T22:54:11.557Z step:1]" stats="&{Timings:{EvalTotalTime:8.5375e-05 ResultSortTime:4.17e-07 QueryPreparationTime:6.166e-06 InnerEvalTime:7.5542e-05 ExecQueueTime:7.91e-07 ExecTotalTime:8.775e-05} Samples:0x1400165bce0}" spanID=0000000000000000
time=2026-08-02T15:55:03.567-07:00 level=WARN msg="Query returned multiple series, only first will be used" test=archv2-nxm-batched tool=conduit-v1 collector=conduit type=conduit collector=conduit type=conduit series-count=2
time=2026-08-02T15:55:03.567-07:00 level=DEBUG msg="Query returned data" test=archv2-nxm-batched tool=conduit-v1 collector=conduit type=conduit collector=conduit type=conduit name=msg-megabytes-out-per-second[archv2-nxm-batched] series-count=1 last-value=0.3968396977563599
time=2026-08-02T15:55:04.040-07:00 level=DEBUG msg="Inspecting container" model=container-monitor name=benchi-conduit
time=2026-08-02T15:55:04.560-07:00 level=DEBUG msg="promql query logged" test=archv2-nxm-batched tool=conduit-v1 collector=conduit type=conduit collector=conduit type=conduit params="map[end:2026-08-02T22:55:04.560Z query:rate(conduit_pipeline_execution_duration_seconds_count{pipeline_name=\"archv2-nxm-batched\"}[2s]) start:2026-08-02T22:54:11.557Z step:1]" stats="&{Timings:{EvalTotalTime:7.6792e-05 ResultSortTime:7.5e-07 QueryPreparationTime:2.55e-05 InnerEvalTime:4.4083e-05 ExecQueueTime:4.25e-06 ExecTotalTime:8.3209e-05} Samples:0x1400178bc20}" spanID=0000000000000000
time=2026-08-02T15:55:04.560-07:00 level=DEBUG msg="Query returned data" test=archv2-nxm-batched tool=conduit-v1 collector=conduit type=conduit collector=conduit type=conduit name=msg-rate-per-second[archv2-nxm-batched] series-count=1 last-value=10795
time=2026-08-02T15:55:04.560-07:00 level=DEBUG msg="promql query logged" test=archv2-nxm-batched tool=conduit-v1 collector=conduit type=conduit collector=conduit type=conduit params="map[end:2026-08-02T22:55:04.560Z query:rate(conduit_connector_bytes_sum{pipeline_name=\"archv2-nxm-batched\",type=\"source\"}[2s])/1048576 start:2026-08-02T22:54:11.557Z step:1]" stats="&{Timings:{EvalTotalTime:0.000104167 ResultSortTime:9.58e-07 QueryPreparationTime:1.05e-05 InnerEvalTime:8.8833e-05 ExecQueueTime:1.25e-06 ExecTotalTime:0.000107542} Samples:0x140017aa360}" spanID=0000000000000000
time=2026-08-02T15:55:04.560-07:00 level=WARN msg="Query returned multiple series, only first will be used" test=archv2-nxm-batched tool=conduit-v1 collector=conduit type=conduit collector=conduit type=conduit series-count=2
time=2026-08-02T15:55:04.560-07:00 level=DEBUG msg="Query returned data" test=archv2-nxm-batched tool=conduit-v1 collector=conduit type=conduit collector=conduit type=conduit name=msg-megabytes-in-per-second[archv2-nxm-batched] series-count=1 last-value=0.15095138549804688
time=2026-08-02T15:55:04.561-07:00 level=DEBUG msg="promql query logged" test=archv2-nxm-batched tool=conduit-v1 collector=conduit type=conduit collector=conduit type=conduit params="map[end:2026-08-02T22:55:04.560Z query:rate(conduit_connector_bytes_sum{pipeline_name=\"archv2-nxm-batched\",type=\"destination\"}[2s])/1048576 start:2026-08-02T22:54:11.557Z step:1]" stats="&{Timings:{EvalTotalTime:0.000106583 ResultSortTime:7.08e-07 QueryPreparationTime:9.333e-06 InnerEvalTime:9.1959e-05 ExecQueueTime:1.334e-06 ExecTotalTime:0.000110459} Samples:0x1400157c9c0}" spanID=0000000000000000
time=2026-08-02T15:55:04.561-07:00 level=WARN msg="Query returned multiple series, only first will be used" test=archv2-nxm-batched tool=conduit-v1 collector=conduit type=conduit collector=conduit type=conduit series-count=2
time=2026-08-02T15:55:04.561-07:00 level=DEBUG msg="Query returned data" test=archv2-nxm-batched tool=conduit-v1 collector=conduit type=conduit collector=conduit type=conduit name=msg-megabytes-out-per-second[archv2-nxm-batched] series-count=1 last-value=0.3055543899536133
time=2026-08-02T15:55:04.569-07:00 level=DEBUG msg="Inspecting container" model=container-monitor name=benchi-conduit
time=2026-08-02T15:55:05.085-07:00 level=DEBUG msg="Inspecting container" model=container-monitor name=benchi-conduit
time=2026-08-02T15:55:05.560-07:00 level=DEBUG msg="promql query logged" test=archv2-nxm-batched tool=conduit-v1 collector=conduit type=conduit collector=conduit type=conduit params="map[end:2026-08-02T22:55:05.560Z query:rate(conduit_pipeline_execution_duration_seconds_count{pipeline_name=\"archv2-nxm-batched\"}[2s]) start:2026-08-02T22:54:11.557Z step:1]" stats="&{Timings:{EvalTotalTime:5.7459e-05 ResultSortTime:4.59e-07 QueryPreparationTime:1.4833e-05 InnerEvalTime:3.7583e-05 ExecQueueTime:2.584e-06 ExecTotalTime:6.1792e-05} Samples:0x1400179d560}" spanID=0000000000000000
time=2026-08-02T15:55:05.560-07:00 level=DEBUG msg="Query returned data" test=archv2-nxm-batched tool=conduit-v1 collector=conduit type=conduit collector=conduit type=conduit name=msg-rate-per-second[archv2-nxm-batched] series-count=1 last-value=13556
time=2026-08-02T15:55:05.560-07:00 level=DEBUG msg="promql query logged" test=archv2-nxm-batched tool=conduit-v1 collector=conduit type=conduit collector=conduit type=conduit params="map[end:2026-08-02T22:55:05.560Z query:rate(conduit_connector_bytes_sum{pipeline_name=\"archv2-nxm-batched\",type=\"source\"}[2s])/1048576 start:2026-08-02T22:54:11.557Z step:1]" stats="&{Timings:{EvalTotalTime:0.000151667 ResultSortTime:9.17e-07 QueryPreparationTime:8.583e-06 InnerEvalTime:0.000136833 ExecQueueTime:1.083e-06 ExecTotalTime:0.000154959} Samples:0x1400179dcb0}" spanID=0000000000000000
time=2026-08-02T15:55:05.560-07:00 level=WARN msg="Query returned multiple series, only first will be used" test=archv2-nxm-batched tool=conduit-v1 collector=conduit type=conduit collector=conduit type=conduit series-count=2
time=2026-08-02T15:55:05.560-07:00 level=DEBUG msg="Query returned data" test=archv2-nxm-batched tool=conduit-v1 collector=conduit type=conduit collector=conduit type=conduit name=msg-megabytes-in-per-second[archv2-nxm-batched] series-count=1 last-value=0.19111347198486328
time=2026-08-02T15:55:05.560-07:00 level=DEBUG msg="promql query logged" test=archv2-nxm-batched tool=conduit-v1 collector=conduit type=conduit collector=conduit type=conduit params="map[end:2026-08-02T22:55:05.560Z query:rate(conduit_connector_bytes_sum{pipeline_name=\"archv2-nxm-batched\",type=\"destination\"}[2s])/1048576 start:2026-08-02T22:54:11.557Z step:1]" stats="&{Timings:{EvalTotalTime:8.9334e-05 ResultSortTime:5e-07 QueryPreparationTime:7.375e-06 InnerEvalTime:7.7875e-05 ExecQueueTime:7.5e-07 ExecTotalTime:9.175e-05} Samples:0x14001508930}" spanID=0000000000000000
time=2026-08-02T15:55:05.560-07:00 level=WARN msg="Query returned multiple series, only first will be used" test=archv2-nxm-batched tool=conduit-v1 collector=conduit type=conduit collector=conduit type=conduit series-count=2
time=2026-08-02T15:55:05.561-07:00 level=DEBUG msg="Query returned data" test=archv2-nxm-batched tool=conduit-v1 collector=conduit type=conduit collector=conduit type=conduit name=msg-megabytes-out-per-second[archv2-nxm-batched] series-count=1 last-value=0.3821840286254883
time=2026-08-02T15:55:05.596-07:00 level=DEBUG msg="Inspecting container" model=container-monitor name=benchi-conduit
time=2026-08-02T15:55:06.119-07:00 level=DEBUG msg="Inspecting container" model=container-monitor name=benchi-conduit
time=2026-08-02T15:55:06.559-07:00 level=DEBUG msg="promql query logged" test=archv2-nxm-batched tool=conduit-v1 collector=conduit type=conduit collector=conduit type=conduit params="map[end:2026-08-02T22:55:06.558Z query:rate(conduit_pipeline_execution_duration_seconds_count{pipeline_name=\"archv2-nxm-batched\"}[2s]) start:2026-08-02T22:54:11.557Z step:1]" stats="&{Timings:{EvalTotalTime:5.7916e-05 ResultSortTime:5e-07 QueryPreparationTime:1.4958e-05 InnerEvalTime:3.8e-05 ExecQueueTime:2.791e-06 ExecTotalTime:6.2333e-05} Samples:0x14000b448d0}" spanID=0000000000000000
time=2026-08-02T15:55:06.559-07:00 level=DEBUG msg="Query returned data" test=archv2-nxm-batched tool=conduit-v1 collector=conduit type=conduit collector=conduit type=conduit name=msg-rate-per-second[archv2-nxm-batched] series-count=1 last-value=14493
time=2026-08-02T15:55:06.559-07:00 level=DEBUG msg="promql query logged" test=archv2-nxm-batched tool=conduit-v1 collector=conduit type=conduit collector=conduit type=conduit params="map[end:2026-08-02T22:55:06.559Z query:rate(conduit_connector_bytes_sum{pipeline_name=\"archv2-nxm-batched\",type=\"source\"}[2s])/1048576 start:2026-08-02T22:54:11.557Z step:1]" stats="&{Timings:{EvalTotalTime:9.4917e-05 ResultSortTime:9.58e-07 QueryPreparationTime:6.25e-06 InnerEvalTime:8.4333e-05 ExecQueueTime:7.92e-07 ExecTotalTime:9.7083e-05} Samples:0x14000b45590}" spanID=0000000000000000
time=2026-08-02T15:55:06.559-07:00 level=WARN msg="Query returned multiple series, only first will be used" test=archv2-nxm-batched tool=conduit-v1 collector=conduit type=conduit collector=conduit type=conduit series-count=2
time=2026-08-02T15:55:06.559-07:00 level=INFO msg="Test in progress" test=archv2-nxm-batched tool=conduit-v1 step=test time-left=5s
time=2026-08-02T15:55:06.559-07:00 level=DEBUG msg="Query returned data" test=archv2-nxm-batched tool=conduit-v1 collector=conduit type=conduit collector=conduit type=conduit name=msg-megabytes-in-per-second[archv2-nxm-batched] series-count=1 last-value=0.20645713806152344
time=2026-08-02T15:55:06.559-07:00 level=DEBUG msg="promql query logged" test=archv2-nxm-batched tool=conduit-v1 collector=conduit type=conduit collector=conduit type=conduit params="map[end:2026-08-02T22:55:06.559Z query:rate(conduit_connector_bytes_sum{pipeline_name=\"archv2-nxm-batched\",type=\"destination\"}[2s])/1048576 start:2026-08-02T22:54:11.557Z step:1]" stats="&{Timings:{EvalTotalTime:9.65e-05 ResultSortTime:5.42e-07 QueryPreparationTime:9.25e-06 InnerEvalTime:8.3e-05 ExecQueueTime:1.167e-06 ExecTotalTime:9.9375e-05} Samples:0x14001085b30}" spanID=0000000000000000
time=2026-08-02T15:55:06.559-07:00 level=WARN msg="Query returned multiple series, only first will be used" test=archv2-nxm-batched tool=conduit-v1 collector=conduit type=conduit collector=conduit type=conduit series-count=2
time=2026-08-02T15:55:06.559-07:00 level=DEBUG msg="Query returned data" test=archv2-nxm-batched tool=conduit-v1 collector=conduit type=conduit collector=conduit type=conduit name=msg-megabytes-out-per-second[archv2-nxm-batched] series-count=1 last-value=0.4086027145385742
time=2026-08-02T15:55:06.642-07:00 level=DEBUG msg="Inspecting container" model=container-monitor name=benchi-conduit
time=2026-08-02T15:55:07.163-07:00 level=DEBUG msg="Inspecting container" model=container-monitor name=benchi-conduit
time=2026-08-02T15:55:07.560-07:00 level=DEBUG msg="promql query logged" test=archv2-nxm-batched tool=conduit-v1 collector=conduit type=conduit collector=conduit type=conduit params="map[end:2026-08-02T22:55:07.560Z query:rate(conduit_pipeline_execution_duration_seconds_count{pipeline_name=\"archv2-nxm-batched\"}[2s]) start:2026-08-02T22:54:11.557Z step:1]" stats="&{Timings:{EvalTotalTime:5.7e-05 ResultSortTime:4.59e-07 QueryPreparationTime:1.4708e-05 InnerEvalTime:3.6666e-05 ExecQueueTime:2.501e-06 ExecTotalTime:9.3042e-05} Samples:0x140010562d0}" spanID=0000000000000000
time=2026-08-02T15:55:07.560-07:00 level=DEBUG msg="Query returned data" test=archv2-nxm-batched tool=conduit-v1 collector=conduit type=conduit collector=conduit type=conduit name=msg-rate-per-second[archv2-nxm-batched] series-count=1 last-value=13779
time=2026-08-02T15:55:07.560-07:00 level=DEBUG msg="promql query logged" test=archv2-nxm-batched tool=conduit-v1 collector=conduit type=conduit collector=conduit type=conduit params="map[end:2026-08-02T22:55:07.560Z query:rate(conduit_connector_bytes_sum{pipeline_name=\"archv2-nxm-batched\",type=\"source\"}[2s])/1048576 start:2026-08-02T22:54:11.557Z step:1]" stats="&{Timings:{EvalTotalTime:9.5833e-05 ResultSortTime:8.33e-07 QueryPreparationTime:7.791e-06 InnerEvalTime:8.3792e-05 ExecQueueTime:8.75e-07 ExecTotalTime:9.8584e-05} Samples:0x14001056990}" spanID=0000000000000000
time=2026-08-02T15:55:07.560-07:00 level=WARN msg="Query returned multiple series, only first will be used" test=archv2-nxm-batched tool=conduit-v1 collector=conduit type=conduit collector=conduit type=conduit series-count=2
time=2026-08-02T15:55:07.560-07:00 level=DEBUG msg="Query returned data" test=archv2-nxm-batched tool=conduit-v1 collector=conduit type=conduit collector=conduit type=conduit name=msg-megabytes-in-per-second[archv2-nxm-batched] series-count=1 last-value=0.19615936279296875
time=2026-08-02T15:55:07.560-07:00 level=DEBUG msg="promql query logged" test=archv2-nxm-batched tool=conduit-v1 collector=conduit type=conduit collector=conduit type=conduit params="map[end:2026-08-02T22:55:07.560Z query:rate(conduit_connector_bytes_sum{pipeline_name=\"archv2-nxm-batched\",type=\"destination\"}[2s])/1048576 start:2026-08-02T22:54:11.557Z step:1]" stats="&{Timings:{EvalTotalTime:9.8917e-05 ResultSortTime:6.67e-07 QueryPreparationTime:9.083e-06 InnerEvalTime:8.4875e-05 ExecQueueTime:1.291e-06 ExecTotalTime:0.000102208} Samples:0x1400124de90}" spanID=0000000000000000
time=2026-08-02T15:55:07.560-07:00 level=WARN msg="Query returned multiple series, only first will be used" test=archv2-nxm-batched tool=conduit-v1 collector=conduit type=conduit collector=conduit type=conduit series-count=2
time=2026-08-02T15:55:07.560-07:00 level=DEBUG msg="Query returned data" test=archv2-nxm-batched tool=conduit-v1 collector=conduit type=conduit collector=conduit type=conduit name=msg-megabytes-out-per-second[archv2-nxm-batched] series-count=1 last-value=0.38845252990722656
time=2026-08-02T15:55:07.681-07:00 level=DEBUG msg="Inspecting container" model=container-monitor name=benchi-conduit
time=2026-08-02T15:55:08.193-07:00 level=DEBUG msg="Inspecting container" model=container-monitor name=benchi-conduit
time=2026-08-02T15:55:08.558-07:00 level=DEBUG msg="promql query logged" test=archv2-nxm-batched tool=conduit-v1 collector=conduit type=conduit collector=conduit type=conduit params="map[end:2026-08-02T22:55:08.558Z query:rate(conduit_pipeline_execution_duration_seconds_count{pipeline_name=\"archv2-nxm-batched\"}[2s]) start:2026-08-02T22:54:11.557Z step:1]" stats="&{Timings:{EvalTotalTime:5.8208e-05 ResultSortTime:5.42e-07 QueryPreparationTime:1.4625e-05 InnerEvalTime:3.7791e-05 ExecQueueTime:2.542e-06 ExecTotalTime:6.3458e-05} Samples:0x14001587740}" spanID=0000000000000000
time=2026-08-02T15:55:08.558-07:00 level=DEBUG msg="Query returned data" test=archv2-nxm-batched tool=conduit-v1 collector=conduit type=conduit collector=conduit type=conduit name=msg-rate-per-second[archv2-nxm-batched] series-count=1 last-value=15464
time=2026-08-02T15:55:08.558-07:00 level=DEBUG msg="promql query logged" test=archv2-nxm-batched tool=conduit-v1 collector=conduit type=conduit collector=conduit type=conduit params="map[end:2026-08-02T22:55:08.558Z query:rate(conduit_connector_bytes_sum{pipeline_name=\"archv2-nxm-batched\",type=\"source\"}[2s])/1048576 start:2026-08-02T22:54:11.557Z step:1]" stats="&{Timings:{EvalTotalTime:9.45e-05 ResultSortTime:7.5e-07 QueryPreparationTime:8.5e-06 InnerEvalTime:8.1792e-05 ExecQueueTime:1.167e-06 ExecTotalTime:9.6792e-05} Samples:0x14001587e00}" spanID=0000000000000000
time=2026-08-02T15:55:08.558-07:00 level=WARN msg="Query returned multiple series, only first will be used" test=archv2-nxm-batched tool=conduit-v1 collector=conduit type=conduit collector=conduit type=conduit series-count=2
time=2026-08-02T15:55:08.558-07:00 level=DEBUG msg="Query returned data" test=archv2-nxm-batched tool=conduit-v1 collector=conduit type=conduit collector=conduit type=conduit name=msg-megabytes-in-per-second[archv2-nxm-batched] series-count=1 last-value=0.2174673080444336
time=2026-08-02T15:55:08.558-07:00 level=DEBUG msg="promql query logged" test=archv2-nxm-batched tool=conduit-v1 collector=conduit type=conduit collector=conduit type=conduit params="map[end:2026-08-02T22:55:08.558Z query:rate(conduit_connector_bytes_sum{pipeline_name=\"archv2-nxm-batched\",type=\"destination\"}[2s])/1048576 start:2026-08-02T22:54:11.557Z step:1]" stats="&{Timings:{EvalTotalTime:9.2083e-05 ResultSortTime:5.42e-07 QueryPreparationTime:7.333e-06 InnerEvalTime:8.0792e-05 ExecQueueTime:1.208e-06 ExecTotalTime:9.4875e-05} Samples:0x140012ba9c0}" spanID=0000000000000000
time=2026-08-02T15:55:08.558-07:00 level=WARN msg="Query returned multiple series, only first will be used" test=archv2-nxm-batched tool=conduit-v1 collector=conduit type=conduit collector=conduit type=conduit series-count=2
time=2026-08-02T15:55:08.558-07:00 level=DEBUG msg="Query returned data" test=archv2-nxm-batched tool=conduit-v1 collector=conduit type=conduit collector=conduit type=conduit name=msg-megabytes-out-per-second[archv2-nxm-batched] series-count=1 last-value=0.43659019470214844
time=2026-08-02T15:55:08.707-07:00 level=DEBUG msg="Inspecting container" model=container-monitor name=benchi-conduit
time=2026-08-02T15:55:09.235-07:00 level=DEBUG msg="Inspecting container" model=container-monitor name=benchi-conduit
time=2026-08-02T15:55:09.559-07:00 level=DEBUG msg="promql query logged" test=archv2-nxm-batched tool=conduit-v1 collector=conduit type=conduit collector=conduit type=conduit params="map[end:2026-08-02T22:55:09.559Z query:rate(conduit_pipeline_execution_duration_seconds_count{pipeline_name=\"archv2-nxm-batched\"}[2s]) start:2026-08-02T22:54:11.557Z step:1]" stats="&{Timings:{EvalTotalTime:6.1458e-05 ResultSortTime:5e-07 QueryPreparationTime:1.5958e-05 InnerEvalTime:3.9583e-05 ExecQueueTime:2.875e-06 ExecTotalTime:6.625e-05} Samples:0x140011bc9f0}" spanID=0000000000000000
time=2026-08-02T15:55:09.560-07:00 level=DEBUG msg="Query returned data" test=archv2-nxm-batched tool=conduit-v1 collector=conduit type=conduit collector=conduit type=conduit name=msg-rate-per-second[archv2-nxm-batched] series-count=1 last-value=15585
time=2026-08-02T15:55:09.560-07:00 level=DEBUG msg="promql query logged" test=archv2-nxm-batched tool=conduit-v1 collector=conduit type=conduit collector=conduit type=conduit params="map[end:2026-08-02T22:55:09.560Z query:rate(conduit_connector_bytes_sum{pipeline_name=\"archv2-nxm-batched\",type=\"source\"}[2s])/1048576 start:2026-08-02T22:54:11.557Z step:1]" stats="&{Timings:{EvalTotalTime:0.0001055 ResultSortTime:1e-06 QueryPreparationTime:9e-06 InnerEvalTime:9.125e-05 ExecQueueTime:1.166e-06 ExecTotalTime:0.00011} Samples:0x140011bd0b0}" spanID=0000000000000000
time=2026-08-02T15:55:09.560-07:00 level=WARN msg="Query returned multiple series, only first will be used" test=archv2-nxm-batched tool=conduit-v1 collector=conduit type=conduit collector=conduit type=conduit series-count=2
time=2026-08-02T15:55:09.560-07:00 level=DEBUG msg="Query returned data" test=archv2-nxm-batched tool=conduit-v1 collector=conduit type=conduit collector=conduit type=conduit name=msg-megabytes-in-per-second[archv2-nxm-batched] series-count=1 last-value=0.22097301483154297
time=2026-08-02T15:55:09.560-07:00 level=DEBUG msg="promql query logged" test=archv2-nxm-batched tool=conduit-v1 collector=conduit type=conduit collector=conduit type=conduit params="map[end:2026-08-02T22:55:09.560Z query:rate(conduit_connector_bytes_sum{pipeline_name=\"archv2-nxm-batched\",type=\"destination\"}[2s])/1048576 start:2026-08-02T22:54:11.557Z step:1]" stats="&{Timings:{EvalTotalTime:9.4625e-05 ResultSortTime:5e-07 QueryPreparationTime:7.875e-06 InnerEvalTime:8.0875e-05 ExecQueueTime:1.041e-06 ExecTotalTime:9.7292e-05} Samples:0x140011e4750}" spanID=0000000000000000
time=2026-08-02T15:55:09.560-07:00 level=WARN msg="Query returned multiple series, only first will be used" test=archv2-nxm-batched tool=conduit-v1 collector=conduit type=conduit collector=conduit type=conduit series-count=2
time=2026-08-02T15:55:09.561-07:00 level=DEBUG msg="Query returned data" test=archv2-nxm-batched tool=conduit-v1 collector=conduit type=conduit collector=conduit type=conduit name=msg-megabytes-out-per-second[archv2-nxm-batched] series-count=1 last-value=0.4397153854370117
time=2026-08-02T15:55:09.757-07:00 level=DEBUG msg="Inspecting container" model=container-monitor name=benchi-conduit
time=2026-08-02T15:55:10.290-07:00 level=DEBUG msg="Inspecting container" model=container-monitor name=benchi-conduit
time=2026-08-02T15:55:10.560-07:00 level=DEBUG msg="promql query logged" test=archv2-nxm-batched tool=conduit-v1 collector=conduit type=conduit collector=conduit type=conduit params="map[end:2026-08-02T22:55:10.560Z query:rate(conduit_pipeline_execution_duration_seconds_count{pipeline_name=\"archv2-nxm-batched\"}[2s]) start:2026-08-02T22:54:11.557Z step:1]" stats="&{Timings:{EvalTotalTime:5.9084e-05 ResultSortTime:3.75e-07 QueryPreparationTime:1.4e-05 InnerEvalTime:3.9292e-05 ExecQueueTime:2.833e-06 ExecTotalTime:6.5917e-05} Samples:0x14000f9eff0}" spanID=0000000000000000
time=2026-08-02T15:55:10.560-07:00 level=DEBUG msg="Query returned data" test=archv2-nxm-batched tool=conduit-v1 collector=conduit type=conduit collector=conduit type=conduit name=msg-rate-per-second[archv2-nxm-batched] series-count=1 last-value=14204
time=2026-08-02T15:55:10.560-07:00 level=DEBUG msg="promql query logged" test=archv2-nxm-batched tool=conduit-v1 collector=conduit type=conduit collector=conduit type=conduit params="map[end:2026-08-02T22:55:10.560Z query:rate(conduit_connector_bytes_sum{pipeline_name=\"archv2-nxm-batched\",type=\"source\"}[2s])/1048576 start:2026-08-02T22:54:11.557Z step:1]" stats="&{Timings:{EvalTotalTime:0.000105833 ResultSortTime:7.92e-07 QueryPreparationTime:8.083e-06 InnerEvalTime:9.2583e-05 ExecQueueTime:9.17e-07 ExecTotalTime:0.000109834} Samples:0x14000f9f6b0}" spanID=0000000000000000
time=2026-08-02T15:55:10.560-07:00 level=WARN msg="Query returned multiple series, only first will be used" test=archv2-nxm-batched tool=conduit-v1 collector=conduit type=conduit collector=conduit type=conduit series-count=2
time=2026-08-02T15:55:10.560-07:00 level=DEBUG msg="Query returned data" test=archv2-nxm-batched tool=conduit-v1 collector=conduit type=conduit collector=conduit type=conduit name=msg-megabytes-in-per-second[archv2-nxm-batched] series-count=1 last-value=0.19736385345458984
time=2026-08-02T15:55:10.560-07:00 level=DEBUG msg="promql query logged" test=archv2-nxm-batched tool=conduit-v1 collector=conduit type=conduit collector=conduit type=conduit params="map[end:2026-08-02T22:55:10.560Z query:rate(conduit_connector_bytes_sum{pipeline_name=\"archv2-nxm-batched\",type=\"destination\"}[2s])/1048576 start:2026-08-02T22:54:11.557Z step:1]" stats="&{Timings:{EvalTotalTime:9.05e-05 ResultSortTime:5e-07 QueryPreparationTime:7.083e-06 InnerEvalTime:7.9292e-05 ExecQueueTime:7.92e-07 ExecTotalTime:9.2792e-05} Samples:0x14000fbadb0}" spanID=0000000000000000
time=2026-08-02T15:55:10.560-07:00 level=WARN msg="Query returned multiple series, only first will be used" test=archv2-nxm-batched tool=conduit-v1 collector=conduit type=conduit collector=conduit type=conduit series-count=2
time=2026-08-02T15:55:10.561-07:00 level=DEBUG msg="Query returned data" test=archv2-nxm-batched tool=conduit-v1 collector=conduit type=conduit collector=conduit type=conduit name=msg-megabytes-out-per-second[archv2-nxm-batched] series-count=1 last-value=0.40108680725097656
time=2026-08-02T15:55:10.804-07:00 level=DEBUG msg="Inspecting container" model=container-monitor name=benchi-conduit
time=2026-08-02T15:55:11.400-07:00 level=DEBUG msg="Inspecting container" model=container-monitor name=benchi-conduit
time=2026-08-02T15:55:11.560-07:00 level=INFO msg="Test in progress" test=archv2-nxm-batched tool=conduit-v1 step=test time-left=0s
time=2026-08-02T15:55:11.560-07:00 level=DEBUG msg="promql query logged" test=archv2-nxm-batched tool=conduit-v1 collector=conduit type=conduit collector=conduit type=conduit params="map[end:2026-08-02T22:55:11.560Z query:rate(conduit_pipeline_execution_duration_seconds_count{pipeline_name=\"archv2-nxm-batched\"}[2s]) start:2026-08-02T22:54:11.557Z step:1]" stats="&{Timings:{EvalTotalTime:5.8667e-05 ResultSortTime:4.17e-07 QueryPreparationTime:1.4333e-05 InnerEvalTime:3.7125e-05 ExecQueueTime:2.458e-06 ExecTotalTime:6.3167e-05} Samples:0x14001438660}" spanID=0000000000000000
time=2026-08-02T15:55:11.560-07:00 level=DEBUG msg="Query returned data" test=archv2-nxm-batched tool=conduit-v1 collector=conduit type=conduit collector=conduit type=conduit name=msg-rate-per-second[archv2-nxm-batched] series-count=1 last-value=13057
time=2026-08-02T15:55:11.560-07:00 level=DEBUG msg="promql query logged" test=archv2-nxm-batched tool=conduit-v1 collector=conduit type=conduit collector=conduit type=conduit params="map[end:2026-08-02T22:55:11.560Z query:rate(conduit_connector_bytes_sum{pipeline_name=\"archv2-nxm-batched\",type=\"source\"}[2s])/1048576 start:2026-08-02T22:54:11.557Z step:1]" stats="&{Timings:{EvalTotalTime:0.000101709 ResultSortTime:7.91e-07 QueryPreparationTime:7.708e-06 InnerEvalTime:8.9833e-05 ExecQueueTime:8.33e-07 ExecTotalTime:0.000104042} Samples:0x1400138c6c0}" spanID=0000000000000000
time=2026-08-02T15:55:11.560-07:00 level=WARN msg="Query returned multiple series, only first will be used" test=archv2-nxm-batched tool=conduit-v1 collector=conduit type=conduit collector=conduit type=conduit series-count=2
time=2026-08-02T15:55:11.560-07:00 level=DEBUG msg="Query returned data" test=archv2-nxm-batched tool=conduit-v1 collector=conduit type=conduit collector=conduit type=conduit name=msg-megabytes-in-per-second[archv2-nxm-batched] series-count=1 last-value=0.20296096801757812
time=2026-08-02T15:55:11.560-07:00 level=DEBUG msg="promql query logged" test=archv2-nxm-batched tool=conduit-v1 collector=conduit type=conduit collector=conduit type=conduit params="map[end:2026-08-02T22:55:11.560Z query:rate(conduit_connector_bytes_sum{pipeline_name=\"archv2-nxm-batched\",type=\"destination\"}[2s])/1048576 start:2026-08-02T22:54:11.557Z step:1]" stats="&{Timings:{EvalTotalTime:8.3833e-05 ResultSortTime:3.75e-07 QueryPreparationTime:4.917e-06 InnerEvalTime:7.5875e-05 ExecQueueTime:6.66e-07 ExecTotalTime:8.5833e-05} Samples:0x1400138cd80}" spanID=0000000000000000
time=2026-08-02T15:55:11.560-07:00 level=WARN msg="Query returned multiple series, only first will be used" test=archv2-nxm-batched tool=conduit-v1 collector=conduit type=conduit collector=conduit type=conduit series-count=2
time=2026-08-02T15:55:11.562-07:00 level=DEBUG msg="Query returned data" test=archv2-nxm-batched tool=conduit-v1 collector=conduit type=conduit collector=conduit type=conduit name=msg-megabytes-out-per-second[archv2-nxm-batched] series-count=1 last-value=0.3696584701538086
time=2026-08-02T15:55:11.934-07:00 level=DEBUG msg="Inspecting container" model=container-monitor name=benchi-conduit
time=2026-08-02T15:55:12.063-07:00 level=INFO msg="Step successful" test=archv2-nxm-batched tool=conduit-v1 step=test
time=2026-08-02T15:55:12.063-07:00 level=INFO msg="Running step" test=archv2-nxm-batched tool=conduit-v1 step=post-test
time=2026-08-02T15:55:12.064-07:00 level=INFO msg="Exporting metrics" test=archv2-nxm-batched tool=conduit-v1 step=post-test collector=conduit path=/Users/devarisbrown/Code/projects/conduit/benchi/archv2-nxm-batched/results/r3/archv2-nxm-batched_conduit-v1/conduit.csv
time=2026-08-02T15:55:12.064-07:00 level=INFO msg="Exporting metrics" test=archv2-nxm-batched tool=conduit-v1 step=post-test collector=docker path=/Users/devarisbrown/Code/projects/conduit/benchi/archv2-nxm-batched/results/r3/archv2-nxm-batched_conduit-v1/docker.csv
time=2026-08-02T15:55:12.064-07:00 level=DEBUG msg="Running hooks" test=archv2-nxm-batched tool=conduit-v1 step=post-test count=0
time=2026-08-02T15:55:12.064-07:00 level=INFO msg="Step successful" test=archv2-nxm-batched tool=conduit-v1 step=post-test
time=2026-08-02T15:55:12.065-07:00 level=INFO msg="Running step" test=archv2-nxm-batched tool=conduit-v1 step=pre-cleanup
time=2026-08-02T15:55:12.065-07:00 level=DEBUG msg="Running hooks" test=archv2-nxm-batched tool=conduit-v1 step=pre-cleanup count=0
time=2026-08-02T15:55:12.065-07:00 level=INFO msg="Step successful" test=archv2-nxm-batched tool=conduit-v1 step=pre-cleanup
time=2026-08-02T15:55:12.065-07:00 level=INFO msg="Running step" test=archv2-nxm-batched tool=conduit-v1 step=cleanup
time=2026-08-02T15:55:12.065-07:00 level=INFO msg="Stopping containers" test=archv2-nxm-batched tool=conduit-v1 step=tool
time=2026-08-02T15:55:12.065-07:00 level=DEBUG msg="Executing command" command="/usr/local/bin/docker compose -f ./tools/compose-conduit-v1.yml down"
time=2026-08-02T15:55:12.445-07:00 level=DEBUG msg="Inspecting container" model=container-monitor name=benchi-conduit
time=2026-08-02T15:55:12.774-07:00 level=INFO msg="Step successful" test=archv2-nxm-batched tool=conduit-v1 step=cleanup
time=2026-08-02T15:55:12.775-07:00 level=INFO msg="Running step" test=archv2-nxm-batched tool=conduit-v1 step=post-cleanup
time=2026-08-02T15:55:12.775-07:00 level=DEBUG msg="Running hooks" test=archv2-nxm-batched tool=conduit-v1 step=post-cleanup count=0
time=2026-08-02T15:55:12.775-07:00 level=INFO msg="Step successful" test=archv2-nxm-batched tool=conduit-v1 step=post-cleanup
time=2026-08-02T15:55:12.775-07:00 level=INFO msg="Running step" test=archv2-nxm-batched tool=conduit-v2 step=pre-infrastructure
time=2026-08-02T15:55:12.775-07:00 level=INFO msg="Pulling docker images for tool containers" test=archv2-nxm-batched tool=conduit-v2 step=pre-infrastructure containers=[benchi-conduit]
time=2026-08-02T15:55:12.776-07:00 level=DEBUG msg="Executing command" command="/usr/local/bin/docker compose -f ./tools/compose-conduit-v2.yml pull"
time=2026-08-02T15:55:12.956-07:00 level=INFO msg="Pulling docker images for hooks" test=archv2-nxm-batched tool=conduit-v2 step=pre-infrastructure images=[]
time=2026-08-02T15:55:12.956-07:00 level=DEBUG msg="Running hooks" test=archv2-nxm-batched tool=conduit-v2 step=pre-infrastructure count=0
time=2026-08-02T15:55:12.956-07:00 level=INFO msg="Step successful" test=archv2-nxm-batched tool=conduit-v2 step=pre-infrastructure
time=2026-08-02T15:55:12.956-07:00 level=INFO msg="Running step" test=archv2-nxm-batched tool=conduit-v2 step=infrastructure
time=2026-08-02T15:55:12.956-07:00 level=INFO msg="No infrastructure to start" test=archv2-nxm-batched tool=conduit-v2 step=infrastructure
time=2026-08-02T15:55:12.956-07:00 level=INFO msg="Step successful" test=archv2-nxm-batched tool=conduit-v2 step=infrastructure
time=2026-08-02T15:55:12.956-07:00 level=INFO msg="Running step" test=archv2-nxm-batched tool=conduit-v2 step=post-infrastructure
time=2026-08-02T15:55:12.956-07:00 level=DEBUG msg="Running hooks" test=archv2-nxm-batched tool=conduit-v2 step=post-infrastructure count=0
time=2026-08-02T15:55:12.957-07:00 level=INFO msg="Step successful" test=archv2-nxm-batched tool=conduit-v2 step=post-infrastructure
time=2026-08-02T15:55:12.957-07:00 level=INFO msg="Running step" test=archv2-nxm-batched tool=conduit-v2 step=pre-tool
time=2026-08-02T15:55:12.957-07:00 level=DEBUG msg="Running hooks" test=archv2-nxm-batched tool=conduit-v2 step=pre-tool count=0
time=2026-08-02T15:55:12.957-07:00 level=INFO msg="Step successful" test=archv2-nxm-batched tool=conduit-v2 step=pre-tool
time=2026-08-02T15:55:12.957-07:00 level=INFO msg="Running step" test=archv2-nxm-batched tool=conduit-v2 step=tool
time=2026-08-02T15:55:12.957-07:00 level=INFO msg="Waiting for container status to be healthy" test=archv2-nxm-batched tool=conduit-v2 step=tool container=benchi-conduit status=N/A
time=2026-08-02T15:55:12.957-07:00 level=DEBUG msg="Executing command" command="/usr/local/bin/docker compose -f ./tools/compose-conduit-v2.yml up"
time=2026-08-02T15:55:13.178-07:00 level=DEBUG msg="Inspecting container" model=container-monitor name=benchi-conduit
time=2026-08-02T15:55:13.204-07:00 level=DEBUG msg="Container not found" model=container-monitor name=benchi-conduit
time=2026-08-02T15:55:13.276-07:00 level=DEBUG msg="Inspecting container" model=container-monitor name=benchi-conduit
time=2026-08-02T15:55:13.292-07:00 level=DEBUG msg="Container not found" model=container-monitor name=benchi-conduit
time=2026-08-02T15:55:13.794-07:00 level=DEBUG msg="Inspecting container" model=container-monitor name=benchi-conduit
time=2026-08-02T15:55:13.964-07:00 level=DEBUG msg="Inspected container" test=archv2-nxm-batched tool=conduit-v2 step=tool container=benchi-conduit response="{ContainerJSONBase:0x14001479b80 Mounts:[{Type:bind Name: Source:/Users/devarisbrown/Code/projects/conduit/benchi/archv2-nxm-batched/pipeline.yml Destination:/app/pipelines/pipeline.yml Driver: Mode:rw RW:true Propagation:rprivate}] Config:0x140006c8640 NetworkSettings:0x14000ef0900 ImageManifestDescriptor:<nil>}" state="{Status:running Running:true Paused:false Restarting:false OOMKilled:false Dead:false Pid:28673 ExitCode:0 Error: StartedAt:2026-08-02T22:55:13.524141426Z FinishedAt:0001-01-01T00:00:00Z Health:<nil>}"
time=2026-08-02T15:55:13.965-07:00 level=INFO msg="Container is running (consider adding a health check!)" test=archv2-nxm-batched tool=conduit-v2 step=tool container=/benchi-conduit
time=2026-08-02T15:55:13.965-07:00 level=INFO msg="Tools started" test=archv2-nxm-batched tool=conduit-v2 step=tool
time=2026-08-02T15:55:13.965-07:00 level=INFO msg="Step successful" test=archv2-nxm-batched tool=conduit-v2 step=tool
time=2026-08-02T15:55:13.965-07:00 level=INFO msg="Running step" test=archv2-nxm-batched tool=conduit-v2 step=post-tool
time=2026-08-02T15:55:13.965-07:00 level=DEBUG msg="Running hooks" test=archv2-nxm-batched tool=conduit-v2 step=post-tool count=0
time=2026-08-02T15:55:13.965-07:00 level=INFO msg="Step successful" test=archv2-nxm-batched tool=conduit-v2 step=post-tool
time=2026-08-02T15:55:13.965-07:00 level=INFO msg="Running step" test=archv2-nxm-batched tool=conduit-v2 step=pre-test
time=2026-08-02T15:55:13.965-07:00 level=DEBUG msg="Running hooks" test=archv2-nxm-batched tool=conduit-v2 step=pre-test count=0
time=2026-08-02T15:55:13.965-07:00 level=INFO msg="Step successful" test=archv2-nxm-batched tool=conduit-v2 step=pre-test
time=2026-08-02T15:55:13.965-07:00 level=INFO msg="Running step" test=archv2-nxm-batched tool=conduit-v2 step=test
time=2026-08-02T15:55:13.965-07:00 level=INFO msg="Running collector" test=archv2-nxm-batched tool=conduit-v2 step=test name=conduit type=conduit
time=2026-08-02T15:55:13.965-07:00 level=INFO msg="Running collector" test=archv2-nxm-batched tool=conduit-v2 step=test name=docker type=docker
time=2026-08-02T15:55:13.965-07:00 level=INFO msg="Test in progress" test=archv2-nxm-batched tool=conduit-v2 step=test time-left=1m0s
time=2026-08-02T15:55:13.965-07:00 level=DEBUG msg="Collecting stats" test=archv2-nxm-batched tool=conduit-v2 collector=docker type=docker collector=docker type=docker container=benchi-conduit
time=2026-08-02T15:55:14.549-07:00 level=DEBUG msg="Inspecting container" model=container-monitor name=benchi-conduit
time=2026-08-02T15:55:14.968-07:00 level=DEBUG msg="promql query logged" test=archv2-nxm-batched tool=conduit-v2 collector=conduit type=conduit collector=conduit type=conduit params="map[end:2026-08-02T22:55:14.968Z query:rate(conduit_pipeline_execution_duration_seconds_count{pipeline_name=\"archv2-nxm-batched\"}[2s]) start:2026-08-02T22:55:13.965Z step:1]" stats="&{Timings:{EvalTotalTime:7.1708e-05 ResultSortTime:3.75e-07 QueryPreparationTime:1.4083e-05 InnerEvalTime:4.8083e-05 ExecQueueTime:2.124e-06 ExecTotalTime:7.5917e-05} Samples:0x140017aa600}" spanID=0000000000000000
time=2026-08-02T15:55:14.968-07:00 level=DEBUG msg="No data returned from query" test=archv2-nxm-batched tool=conduit-v2 collector=conduit type=conduit collector=conduit type=conduit
time=2026-08-02T15:55:14.968-07:00 level=DEBUG msg="promql query logged" test=archv2-nxm-batched tool=conduit-v2 collector=conduit type=conduit collector=conduit type=conduit params="map[end:2026-08-02T22:55:14.968Z query:rate(conduit_connector_bytes_sum{pipeline_name=\"archv2-nxm-batched\",type=\"source\"}[2s])/1048576 start:2026-08-02T22:55:13.965Z step:1]" stats="&{Timings:{EvalTotalTime:6.0667e-05 ResultSortTime:1.67e-07 QueryPreparationTime:6.75e-06 InnerEvalTime:5.0083e-05 ExecQueueTime:8.75e-07 ExecTotalTime:6.3167e-05} Samples:0x140017aacf0}" spanID=0000000000000000
time=2026-08-02T15:55:14.968-07:00 level=DEBUG msg="No data returned from query" test=archv2-nxm-batched tool=conduit-v2 collector=conduit type=conduit collector=conduit type=conduit
time=2026-08-02T15:55:14.968-07:00 level=DEBUG msg="promql query logged" test=archv2-nxm-batched tool=conduit-v2 collector=conduit type=conduit collector=conduit type=conduit params="map[end:2026-08-02T22:55:14.968Z query:rate(conduit_connector_bytes_sum{pipeline_name=\"archv2-nxm-batched\",type=\"destination\"}[2s])/1048576 start:2026-08-02T22:55:13.965Z step:1]" stats="&{Timings:{EvalTotalTime:2.2708e-05 ResultSortTime:1.25e-07 QueryPreparationTime:4.625e-06 InnerEvalTime:1.5208e-05 ExecQueueTime:6.66e-07 ExecTotalTime:2.4667e-05} Samples:0x140017ab3b0}" spanID=0000000000000000
time=2026-08-02T15:55:14.968-07:00 level=DEBUG msg="No data returned from query" test=archv2-nxm-batched tool=conduit-v2 collector=conduit type=conduit collector=conduit type=conduit
time=2026-08-02T15:55:15.069-07:00 level=DEBUG msg="Inspecting container" model=container-monitor name=benchi-conduit
time=2026-08-02T15:55:15.584-07:00 level=DEBUG msg="Inspecting container" model=container-monitor name=benchi-conduit
time=2026-08-02T15:55:15.967-07:00 level=DEBUG msg="promql query logged" test=archv2-nxm-batched tool=conduit-v2 collector=conduit type=conduit collector=conduit type=conduit params="map[end:2026-08-02T22:55:15.967Z query:rate(conduit_pipeline_execution_duration_seconds_count{pipeline_name=\"archv2-nxm-batched\"}[2s]) start:2026-08-02T22:55:13.965Z step:1]" stats="&{Timings:{EvalTotalTime:5.0709e-05 ResultSortTime:8.34e-07 QueryPreparationTime:1.3625e-05 InnerEvalTime:3.1125e-05 ExecQueueTime:2.375e-06 ExecTotalTime:5.5e-05} Samples:0x14000e9cff0}" spanID=0000000000000000
time=2026-08-02T15:55:15.967-07:00 level=DEBUG msg="Query returned data" test=archv2-nxm-batched tool=conduit-v2 collector=conduit type=conduit collector=conduit type=conduit name=msg-rate-per-second[archv2-nxm-batched] series-count=1 last-value=37880.260479041914
time=2026-08-02T15:55:15.967-07:00 level=DEBUG msg="promql query logged" test=archv2-nxm-batched tool=conduit-v2 collector=conduit type=conduit collector=conduit type=conduit params="map[end:2026-08-02T22:55:15.967Z query:rate(conduit_connector_bytes_sum{pipeline_name=\"archv2-nxm-batched\",type=\"source\"}[2s])/1048576 start:2026-08-02T22:55:13.965Z step:1]" stats="&{Timings:{EvalTotalTime:4.2916e-05 ResultSortTime:9.17e-07 QueryPreparationTime:6.417e-06 InnerEvalTime:3.2625e-05 ExecQueueTime:7.92e-07 ExecTotalTime:4.5083e-05} Samples:0x14000e9d9b0}" spanID=0000000000000000
time=2026-08-02T15:55:15.967-07:00 level=WARN msg="Query returned multiple series, only first will be used" test=archv2-nxm-batched tool=conduit-v2 collector=conduit type=conduit collector=conduit type=conduit series-count=2
time=2026-08-02T15:55:15.967-07:00 level=DEBUG msg="Query returned data" test=archv2-nxm-batched tool=conduit-v2 collector=conduit type=conduit collector=conduit type=conduit name=msg-megabytes-in-per-second[archv2-nxm-batched] series-count=1 last-value=0.537555060700742
time=2026-08-02T15:55:15.968-07:00 level=DEBUG msg="promql query logged" test=archv2-nxm-batched tool=conduit-v2 collector=conduit type=conduit collector=conduit type=conduit params="map[end:2026-08-02T22:55:15.967Z query:rate(conduit_connector_bytes_sum{pipeline_name=\"archv2-nxm-batched\",type=\"destination\"}[2s])/1048576 start:2026-08-02T22:55:13.965Z step:1]" stats="&{Timings:{EvalTotalTime:5.725e-05 ResultSortTime:5e-07 QueryPreparationTime:9.541e-06 InnerEvalTime:4.3167e-05 ExecQueueTime:1.083e-06 ExecTotalTime:6.0459e-05} Samples:0x1400179d230}" spanID=0000000000000000
time=2026-08-02T15:55:15.968-07:00 level=WARN msg="Query returned multiple series, only first will be used" test=archv2-nxm-batched tool=conduit-v2 collector=conduit type=conduit collector=conduit type=conduit series-count=2
time=2026-08-02T15:55:15.968-07:00 level=DEBUG msg="Query returned data" test=archv2-nxm-batched tool=conduit-v2 collector=conduit type=conduit collector=conduit type=conduit name=msg-megabytes-out-per-second[archv2-nxm-batched] series-count=1 last-value=1.0704234031859985
time=2026-08-02T15:55:16.096-07:00 level=DEBUG msg="Inspecting container" model=container-monitor name=benchi-conduit
time=2026-08-02T15:55:16.609-07:00 level=DEBUG msg="Inspecting container" model=container-monitor name=benchi-conduit
time=2026-08-02T15:55:16.967-07:00 level=DEBUG msg="promql query logged" test=archv2-nxm-batched tool=conduit-v2 collector=conduit type=conduit collector=conduit type=conduit params="map[end:2026-08-02T22:55:16.967Z query:rate(conduit_pipeline_execution_duration_seconds_count{pipeline_name=\"archv2-nxm-batched\"}[2s]) start:2026-08-02T22:55:13.965Z step:1]" stats="&{Timings:{EvalTotalTime:6.0291e-05 ResultSortTime:3.75e-07 QueryPreparationTime:2.9709e-05 InnerEvalTime:2.575e-05 ExecQueueTime:2.333e-06 ExecTotalTime:6.4584e-05} Samples:0x140011b21e0}" spanID=0000000000000000
time=2026-08-02T15:55:16.967-07:00 level=DEBUG msg="Query returned data" test=archv2-nxm-batched tool=conduit-v2 collector=conduit type=conduit collector=conduit type=conduit name=msg-rate-per-second[archv2-nxm-batched] series-count=1 last-value=38588.176352705406
time=2026-08-02T15:55:16.967-07:00 level=DEBUG msg="promql query logged" test=archv2-nxm-batched tool=conduit-v2 collector=conduit type=conduit collector=conduit type=conduit params="map[end:2026-08-02T22:55:16.967Z query:rate(conduit_connector_bytes_sum{pipeline_name=\"archv2-nxm-batched\",type=\"source\"}[2s])/1048576 start:2026-08-02T22:55:13.965Z step:1]" stats="&{Timings:{EvalTotalTime:4.5041e-05 ResultSortTime:9.17e-07 QueryPreparationTime:6.666e-06 InnerEvalTime:3.4125e-05 ExecQueueTime:7.49e-07 ExecTotalTime:4.85e-05} Samples:0x140011b28a0}" spanID=0000000000000000
time=2026-08-02T15:55:16.967-07:00 level=WARN msg="Query returned multiple series, only first will be used" test=archv2-nxm-batched tool=conduit-v2 collector=conduit type=conduit collector=conduit type=conduit series-count=2
time=2026-08-02T15:55:16.967-07:00 level=DEBUG msg="Query returned data" test=archv2-nxm-batched tool=conduit-v2 collector=conduit type=conduit collector=conduit type=conduit name=msg-megabytes-in-per-second[archv2-nxm-batched] series-count=1 last-value=0.5310073883117797
time=2026-08-02T15:55:16.967-07:00 level=DEBUG msg="promql query logged" test=archv2-nxm-batched tool=conduit-v2 collector=conduit type=conduit collector=conduit type=conduit params="map[end:2026-08-02T22:55:16.967Z query:rate(conduit_connector_bytes_sum{pipeline_name=\"archv2-nxm-batched\",type=\"destination\"}[2s])/1048576 start:2026-08-02T22:55:13.965Z step:1]" stats="&{Timings:{EvalTotalTime:3.8667e-05 ResultSortTime:4.17e-07 QueryPreparationTime:6.25e-06 InnerEvalTime:2.8333e-05 ExecQueueTime:7.92e-07 ExecTotalTime:4.1125e-05} Samples:0x140011b3110}" spanID=0000000000000000
time=2026-08-02T15:55:16.967-07:00 level=WARN msg="Query returned multiple series, only first will be used" test=archv2-nxm-batched tool=conduit-v2 collector=conduit type=conduit collector=conduit type=conduit series-count=2
time=2026-08-02T15:55:16.967-07:00 level=DEBUG msg="Query returned data" test=archv2-nxm-batched tool=conduit-v2 collector=conduit type=conduit collector=conduit type=conduit name=msg-megabytes-out-per-second[archv2-nxm-batched] series-count=1 last-value=1.090938438155608
time=2026-08-02T15:55:17.130-07:00 level=DEBUG msg="Inspecting container" model=container-monitor name=benchi-conduit
time=2026-08-02T15:55:17.644-07:00 level=DEBUG msg="Inspecting container" model=container-monitor name=benchi-conduit
time=2026-08-02T15:55:17.966-07:00 level=DEBUG msg="promql query logged" test=archv2-nxm-batched tool=conduit-v2 collector=conduit type=conduit collector=conduit type=conduit params="map[end:2026-08-02T22:55:17.966Z query:rate(conduit_pipeline_execution_duration_seconds_count{pipeline_name=\"archv2-nxm-batched\"}[2s]) start:2026-08-02T22:55:13.965Z step:1]" stats="&{Timings:{EvalTotalTime:4.775e-05 ResultSortTime:5e-07 QueryPreparationTime:1.4209e-05 InnerEvalTime:2.6125e-05 ExecQueueTime:2.417e-06 ExecTotalTime:5.2333e-05} Samples:0x14000512ae0}" spanID=0000000000000000
time=2026-08-02T15:55:17.966-07:00 level=DEBUG msg="Query returned data" test=archv2-nxm-batched tool=conduit-v2 collector=conduit type=conduit collector=conduit type=conduit name=msg-rate-per-second[archv2-nxm-batched] series-count=1 last-value=44303.39321357285
time=2026-08-02T15:55:17.966-07:00 level=DEBUG msg="promql query logged" test=archv2-nxm-batched tool=conduit-v2 collector=conduit type=conduit collector=conduit type=conduit params="map[end:2026-08-02T22:55:17.966Z query:rate(conduit_connector_bytes_sum{pipeline_name=\"archv2-nxm-batched\",type=\"source\"}[2s])/1048576 start:2026-08-02T22:55:13.965Z step:1]" stats="&{Timings:{EvalTotalTime:4.1292e-05 ResultSortTime:7.5e-07 QueryPreparationTime:7.584e-06 InnerEvalTime:2.9541e-05 ExecQueueTime:1.126e-06 ExecTotalTime:4.4291e-05} Samples:0x14000976c60}" spanID=0000000000000000
time=2026-08-02T15:55:17.967-07:00 level=WARN msg="Query returned multiple series, only first will be used" test=archv2-nxm-batched tool=conduit-v2 collector=conduit type=conduit collector=conduit type=conduit series-count=2
time=2026-08-02T15:55:17.967-07:00 level=DEBUG msg="Query returned data" test=archv2-nxm-batched tool=conduit-v2 collector=conduit type=conduit collector=conduit type=conduit name=msg-megabytes-in-per-second[archv2-nxm-batched] series-count=1 last-value=0.6139454489458582
time=2026-08-02T15:55:17.967-07:00 level=DEBUG msg="promql query logged" test=archv2-nxm-batched tool=conduit-v2 collector=conduit type=conduit collector=conduit type=conduit params="map[end:2026-08-02T22:55:17.967Z query:rate(conduit_connector_bytes_sum{pipeline_name=\"archv2-nxm-batched\",type=\"destination\"}[2s])/1048576 start:2026-08-02T22:55:13.965Z step:1]" stats="&{Timings:{EvalTotalTime:3.675e-05 ResultSortTime:5e-07 QueryPreparationTime:6.625e-06 InnerEvalTime:2.5959e-05 ExecQueueTime:9.58e-07 ExecTotalTime:3.95e-05} Samples:0x140009776e0}" spanID=0000000000000000
time=2026-08-02T15:55:17.967-07:00 level=WARN msg="Query returned multiple series, only first will be used" test=archv2-nxm-batched tool=conduit-v2 collector=conduit type=conduit collector=conduit type=conduit series-count=2
time=2026-08-02T15:55:17.967-07:00 level=DEBUG msg="Query returned data" test=archv2-nxm-batched tool=conduit-v2 collector=conduit type=conduit collector=conduit type=conduit name=msg-megabytes-out-per-second[archv2-nxm-batched] series-count=1 last-value=1.2509313648094433
time=2026-08-02T15:55:18.165-07:00 level=DEBUG msg="Inspecting container" model=container-monitor name=benchi-conduit
time=2026-08-02T15:55:18.688-07:00 level=DEBUG msg="Inspecting container" model=container-monitor name=benchi-conduit
time=2026-08-02T15:55:18.966-07:00 level=INFO msg="Test in progress" test=archv2-nxm-batched tool=conduit-v2 step=test time-left=55s
time=2026-08-02T15:55:18.966-07:00 level=DEBUG msg="promql query logged" test=archv2-nxm-batched tool=conduit-v2 collector=conduit type=conduit collector=conduit type=conduit params="map[end:2026-08-02T22:55:18.966Z query:rate(conduit_pipeline_execution_duration_seconds_count{pipeline_name=\"archv2-nxm-batched\"}[2s]) start:2026-08-02T22:55:13.965Z step:1]" stats="&{Timings:{EvalTotalTime:4.9917e-05 ResultSortTime:6.25e-07 QueryPreparationTime:1.5166e-05 InnerEvalTime:2.9208e-05 ExecQueueTime:2.126e-06 ExecTotalTime:5.5041e-05} Samples:0x14000b440c0}" spanID=0000000000000000
time=2026-08-02T15:55:18.966-07:00 level=DEBUG msg="Query returned data" test=archv2-nxm-batched tool=conduit-v2 collector=conduit type=conduit collector=conduit type=conduit name=msg-rate-per-second[archv2-nxm-batched] series-count=1 last-value=50479.959919839675
time=2026-08-02T15:55:18.966-07:00 level=DEBUG msg="promql query logged" test=archv2-nxm-batched tool=conduit-v2 collector=conduit type=conduit collector=conduit type=conduit params="map[end:2026-08-02T22:55:18.966Z query:rate(conduit_connector_bytes_sum{pipeline_name=\"archv2-nxm-batched\",type=\"source\"}[2s])/1048576 start:2026-08-02T22:55:13.965Z step:1]" stats="&{Timings:{EvalTotalTime:5.9834e-05 ResultSortTime:9.58e-07 QueryPreparationTime:2.0875e-05 InnerEvalTime:3.375e-05 ExecQueueTime:1.042e-06 ExecTotalTime:6.2625e-05} Samples:0x14000b447e0}" spanID=0000000000000000
time=2026-08-02T15:55:18.966-07:00 level=WARN msg="Query returned multiple series, only first will be used" test=archv2-nxm-batched tool=conduit-v2 collector=conduit type=conduit collector=conduit type=conduit series-count=2
time=2026-08-02T15:55:18.966-07:00 level=DEBUG msg="Query returned data" test=archv2-nxm-batched tool=conduit-v2 collector=conduit type=conduit collector=conduit type=conduit name=msg-megabytes-in-per-second[archv2-nxm-batched] series-count=1 last-value=0.7239353202865692
time=2026-08-02T15:55:18.966-07:00 level=DEBUG msg="promql query logged" test=archv2-nxm-batched tool=conduit-v2 collector=conduit type=conduit collector=conduit type=conduit params="map[end:2026-08-02T22:55:18.966Z query:rate(conduit_connector_bytes_sum{pipeline_name=\"archv2-nxm-batched\",type=\"destination\"}[2s])/1048576 start:2026-08-02T22:55:13.965Z step:1]" stats="&{Timings:{EvalTotalTime:3.5792e-05 ResultSortTime:4.17e-07 QueryPreparationTime:8.959e-06 InnerEvalTime:2.3375e-05 ExecQueueTime:9.58e-07 ExecTotalTime:3.825e-05} Samples:0x14000b457d0}" spanID=0000000000000000
time=2026-08-02T15:55:18.966-07:00 level=WARN msg="Query returned multiple series, only first will be used" test=archv2-nxm-batched tool=conduit-v2 collector=conduit type=conduit collector=conduit type=conduit series-count=2
time=2026-08-02T15:55:18.967-07:00 level=DEBUG msg="Query returned data" test=archv2-nxm-batched tool=conduit-v2 collector=conduit type=conduit collector=conduit type=conduit name=msg-megabytes-out-per-second[archv2-nxm-batched] series-count=1 last-value=1.4255644085412034
time=2026-08-02T15:55:19.211-07:00 level=DEBUG msg="Inspecting container" model=container-monitor name=benchi-conduit
time=2026-08-02T15:55:19.720-07:00 level=DEBUG msg="Inspecting container" model=container-monitor name=benchi-conduit
time=2026-08-02T15:55:19.966-07:00 level=DEBUG msg="promql query logged" test=archv2-nxm-batched tool=conduit-v2 collector=conduit type=conduit collector=conduit type=conduit params="map[end:2026-08-02T22:55:19.966Z query:rate(conduit_pipeline_execution_duration_seconds_count{pipeline_name=\"archv2-nxm-batched\"}[2s]) start:2026-08-02T22:55:13.965Z step:1]" stats="&{Timings:{EvalTotalTime:4.875e-05 ResultSortTime:5e-07 QueryPreparationTime:1.5292e-05 InnerEvalTime:2.8167e-05 ExecQueueTime:3.001e-06 ExecTotalTime:5.5208e-05} Samples:0x14001084120}" spanID=0000000000000000
time=2026-08-02T15:55:19.971-07:00 level=DEBUG msg="Query returned data" test=archv2-nxm-batched tool=conduit-v2 collector=conduit type=conduit collector=conduit type=conduit name=msg-rate-per-second[archv2-nxm-batched] series-count=1 last-value=49328
time=2026-08-02T15:55:19.971-07:00 level=DEBUG msg="promql query logged" test=archv2-nxm-batched tool=conduit-v2 collector=conduit type=conduit collector=conduit type=conduit params="map[end:2026-08-02T22:55:19.971Z query:rate(conduit_connector_bytes_sum{pipeline_name=\"archv2-nxm-batched\",type=\"source\"}[2s])/1048576 start:2026-08-02T22:55:13.965Z step:1]" stats="&{Timings:{EvalTotalTime:3.9417e-05 ResultSortTime:7.92e-07 QueryPreparationTime:8.375e-06 InnerEvalTime:2.7667e-05 ExecQueueTime:1.416e-06 ExecTotalTime:4.2291e-05} Samples:0x140010848a0}" spanID=0000000000000000
time=2026-08-02T15:55:19.971-07:00 level=WARN msg="Query returned multiple series, only first will be used" test=archv2-nxm-batched tool=conduit-v2 collector=conduit type=conduit collector=conduit type=conduit series-count=2
time=2026-08-02T15:55:19.971-07:00 level=DEBUG msg="Query returned data" test=archv2-nxm-batched tool=conduit-v2 collector=conduit type=conduit collector=conduit type=conduit name=msg-megabytes-in-per-second[archv2-nxm-batched] series-count=1 last-value=0.6878938674926758
time=2026-08-02T15:55:19.972-07:00 level=DEBUG msg="promql query logged" test=archv2-nxm-batched tool=conduit-v2 collector=conduit type=conduit collector=conduit type=conduit params="map[end:2026-08-02T22:55:19.971Z query:rate(conduit_connector_bytes_sum{pipeline_name=\"archv2-nxm-batched\",type=\"destination\"}[2s])/1048576 start:2026-08-02T22:55:13.965Z step:1]" stats="&{Timings:{EvalTotalTime:5.6625e-05 ResultSortTime:7.09e-07 QueryPreparationTime:1.35e-05 InnerEvalTime:3.7916e-05 ExecQueueTime:1.916e-06 ExecTotalTime:6.1167e-05} Samples:0x1400168a6c0}" spanID=0000000000000000
time=2026-08-02T15:55:19.972-07:00 level=WARN msg="Query returned multiple series, only first will be used" test=archv2-nxm-batched tool=conduit-v2 collector=conduit type=conduit collector=conduit type=conduit series-count=2
time=2026-08-02T15:55:19.972-07:00 level=DEBUG msg="Query returned data" test=archv2-nxm-batched tool=conduit-v2 collector=conduit type=conduit collector=conduit type=conduit name=msg-megabytes-out-per-second[archv2-nxm-batched] series-count=1 last-value=1.3977231979370117
time=2026-08-02T15:55:20.237-07:00 level=DEBUG msg="Inspecting container" model=container-monitor name=benchi-conduit
time=2026-08-02T15:55:20.750-07:00 level=DEBUG msg="Inspecting container" model=container-monitor name=benchi-conduit
time=2026-08-02T15:55:20.966-07:00 level=DEBUG msg="promql query logged" test=archv2-nxm-batched tool=conduit-v2 collector=conduit type=conduit collector=conduit type=conduit params="map[end:2026-08-02T22:55:20.966Z query:rate(conduit_pipeline_execution_duration_seconds_count{pipeline_name=\"archv2-nxm-batched\"}[2s]) start:2026-08-02T22:55:13.965Z step:1]" stats="&{Timings:{EvalTotalTime:5.175e-05 ResultSortTime:4.59e-07 QueryPreparationTime:1.5125e-05 InnerEvalTime:3.1083e-05 ExecQueueTime:2.542e-06 ExecTotalTime:5.8583e-05} Samples:0x14000aeddd0}" spanID=0000000000000000
time=2026-08-02T15:55:20.966-07:00 level=DEBUG msg="Query returned data" test=archv2-nxm-batched tool=conduit-v2 collector=conduit type=conduit collector=conduit type=conduit name=msg-rate-per-second[archv2-nxm-batched] series-count=1 last-value=47419
time=2026-08-02T15:55:20.966-07:00 level=DEBUG msg="promql query logged" test=archv2-nxm-batched tool=conduit-v2 collector=conduit type=conduit collector=conduit type=conduit params="map[end:2026-08-02T22:55:20.966Z query:rate(conduit_connector_bytes_sum{pipeline_name=\"archv2-nxm-batched\",type=\"source\"}[2s])/1048576 start:2026-08-02T22:55:13.965Z step:1]" stats="&{Timings:{EvalTotalTime:4.875e-05 ResultSortTime:9.58e-07 QueryPreparationTime:7.416e-06 InnerEvalTime:3.6917e-05 ExecQueueTime:1.042e-06 ExecTotalTime:5.175e-05} Samples:0x1400015c510}" spanID=0000000000000000
time=2026-08-02T15:55:20.966-07:00 level=WARN msg="Query returned multiple series, only first will be used" test=archv2-nxm-batched tool=conduit-v2 collector=conduit type=conduit collector=conduit type=conduit series-count=2
time=2026-08-02T15:55:20.966-07:00 level=DEBUG msg="Query returned data" test=archv2-nxm-batched tool=conduit-v2 collector=conduit type=conduit collector=conduit type=conduit name=msg-megabytes-in-per-second[archv2-nxm-batched] series-count=1 last-value=0.6750717163085938
time=2026-08-02T15:55:20.966-07:00 level=DEBUG msg="promql query logged" test=archv2-nxm-batched tool=conduit-v2 collector=conduit type=conduit collector=conduit type=conduit params="map[end:2026-08-02T22:55:20.966Z query:rate(conduit_connector_bytes_sum{pipeline_name=\"archv2-nxm-batched\",type=\"destination\"}[2s])/1048576 start:2026-08-02T22:55:13.965Z step:1]" stats="&{Timings:{EvalTotalTime:3.7084e-05 ResultSortTime:3.75e-07 QueryPreparationTime:5.542e-06 InnerEvalTime:2.8333e-05 ExecQueueTime:8.34e-07 ExecTotalTime:3.9666e-05} Samples:0x1400015cea0}" spanID=0000000000000000
time=2026-08-02T15:55:20.966-07:00 level=WARN msg="Query returned multiple series, only first will be used" test=archv2-nxm-batched tool=conduit-v2 collector=conduit type=conduit collector=conduit type=conduit series-count=2
time=2026-08-02T15:55:20.966-07:00 level=DEBUG msg="Query returned data" test=archv2-nxm-batched tool=conduit-v2 collector=conduit type=conduit collector=conduit type=conduit name=msg-megabytes-out-per-second[archv2-nxm-batched] series-count=1 last-value=1.3338499069213867
time=2026-08-02T15:55:21.271-07:00 level=DEBUG msg="Inspecting container" model=container-monitor name=benchi-conduit
time=2026-08-02T15:55:21.796-07:00 level=DEBUG msg="Inspecting container" model=container-monitor name=benchi-conduit
time=2026-08-02T15:55:21.966-07:00 level=DEBUG msg="promql query logged" test=archv2-nxm-batched tool=conduit-v2 collector=conduit type=conduit collector=conduit type=conduit params="map[end:2026-08-02T22:55:21.966Z query:rate(conduit_pipeline_execution_duration_seconds_count{pipeline_name=\"archv2-nxm-batched\"}[2s]) start:2026-08-02T22:55:13.965Z step:1]" stats="&{Timings:{EvalTotalTime:4.4e-05 ResultSortTime:4.17e-07 QueryPreparationTime:1.3875e-05 InnerEvalTime:2.5333e-05 ExecQueueTime:2.833e-06 ExecTotalTime:4.9708e-05} Samples:0x1400124cd20}" spanID=0000000000000000
time=2026-08-02T15:55:21.967-07:00 level=DEBUG msg="Query returned data" test=archv2-nxm-batched tool=conduit-v2 collector=conduit type=conduit collector=conduit type=conduit name=msg-rate-per-second[archv2-nxm-batched] series-count=1 last-value=48867
time=2026-08-02T15:55:21.967-07:00 level=DEBUG msg="promql query logged" test=archv2-nxm-batched tool=conduit-v2 collector=conduit type=conduit collector=conduit type=conduit params="map[end:2026-08-02T22:55:21.967Z query:rate(conduit_connector_bytes_sum{pipeline_name=\"archv2-nxm-batched\",type=\"source\"}[2s])/1048576 start:2026-08-02T22:55:13.965Z step:1]" stats="&{Timings:{EvalTotalTime:4.55e-05 ResultSortTime:7.09e-07 QueryPreparationTime:8.25e-06 InnerEvalTime:3.3375e-05 ExecQueueTime:7.09e-07 ExecTotalTime:4.7625e-05} Samples:0x1400124d3e0}" spanID=0000000000000000
time=2026-08-02T15:55:21.967-07:00 level=WARN msg="Query returned multiple series, only first will be used" test=archv2-nxm-batched tool=conduit-v2 collector=conduit type=conduit collector=conduit type=conduit series-count=2
time=2026-08-02T15:55:21.967-07:00 level=DEBUG msg="Query returned data" test=archv2-nxm-batched tool=conduit-v2 collector=conduit type=conduit collector=conduit type=conduit name=msg-megabytes-in-per-second[archv2-nxm-batched] series-count=1 last-value=0.6980905532836914
time=2026-08-02T15:55:21.967-07:00 level=DEBUG msg="promql query logged" test=archv2-nxm-batched tool=conduit-v2 collector=conduit type=conduit collector=conduit type=conduit params="map[end:2026-08-02T22:55:21.967Z query:rate(conduit_connector_bytes_sum{pipeline_name=\"archv2-nxm-batched\",type=\"destination\"}[2s])/1048576 start:2026-08-02T22:55:13.965Z step:1]" stats="&{Timings:{EvalTotalTime:4.9042e-05 ResultSortTime:5e-07 QueryPreparationTime:9.25e-06 InnerEvalTime:3.525e-05 ExecQueueTime:1.334e-06 ExecTotalTime:5.2291e-05} Samples:0x1400130cde0}" spanID=0000000000000000
time=2026-08-02T15:55:21.967-07:00 level=WARN msg="Query returned multiple series, only first will be used" test=archv2-nxm-batched tool=conduit-v2 collector=conduit type=conduit collector=conduit type=conduit series-count=2
time=2026-08-02T15:55:21.967-07:00 level=DEBUG msg="Query returned data" test=archv2-nxm-batched tool=conduit-v2 collector=conduit type=conduit collector=conduit type=conduit name=msg-megabytes-out-per-second[archv2-nxm-batched] series-count=1 last-value=1.3864078521728516
time=2026-08-02T15:55:22.320-07:00 level=DEBUG msg="Inspecting container" model=container-monitor name=benchi-conduit
time=2026-08-02T15:55:22.842-07:00 level=DEBUG msg="Inspecting container" model=container-monitor name=benchi-conduit
time=2026-08-02T15:55:22.966-07:00 level=DEBUG msg="promql query logged" test=archv2-nxm-batched tool=conduit-v2 collector=conduit type=conduit collector=conduit type=conduit params="map[end:2026-08-02T22:55:22.965Z query:rate(conduit_pipeline_execution_duration_seconds_count{pipeline_name=\"archv2-nxm-batched\"}[2s]) start:2026-08-02T22:55:13.965Z step:1]" stats="&{Timings:{EvalTotalTime:5.1375e-05 ResultSortTime:5.83e-07 QueryPreparationTime:1.5292e-05 InnerEvalTime:3.0167e-05 ExecQueueTime:2.251e-06 ExecTotalTime:5.6209e-05} Samples:0x14001124db0}" spanID=0000000000000000
time=2026-08-02T15:55:22.966-07:00 level=DEBUG msg="Query returned data" test=archv2-nxm-batched tool=conduit-v2 collector=conduit type=conduit collector=conduit type=conduit name=msg-rate-per-second[archv2-nxm-batched] series-count=1 last-value=50903
time=2026-08-02T15:55:22.966-07:00 level=DEBUG msg="promql query logged" test=archv2-nxm-batched tool=conduit-v2 collector=conduit type=conduit collector=conduit type=conduit params="map[end:2026-08-02T22:55:22.966Z query:rate(conduit_connector_bytes_sum{pipeline_name=\"archv2-nxm-batched\",type=\"source\"}[2s])/1048576 start:2026-08-02T22:55:13.965Z step:1]" stats="&{Timings:{EvalTotalTime:4.6584e-05 ResultSortTime:8.33e-07 QueryPreparationTime:6.458e-06 InnerEvalTime:3.6167e-05 ExecQueueTime:9.17e-07 ExecTotalTime:4.9042e-05} Samples:0x14001125470}" spanID=0000000000000000
time=2026-08-02T15:55:22.966-07:00 level=WARN msg="Query returned multiple series, only first will be used" test=archv2-nxm-batched tool=conduit-v2 collector=conduit type=conduit collector=conduit type=conduit series-count=2
time=2026-08-02T15:55:22.966-07:00 level=DEBUG msg="Query returned data" test=archv2-nxm-batched tool=conduit-v2 collector=conduit type=conduit collector=conduit type=conduit name=msg-megabytes-in-per-second[archv2-nxm-batched] series-count=1 last-value=0.7222146987915039
time=2026-08-02T15:55:22.966-07:00 level=DEBUG msg="promql query logged" test=archv2-nxm-batched tool=conduit-v2 collector=conduit type=conduit collector=conduit type=conduit params="map[end:2026-08-02T22:55:22.966Z query:rate(conduit_connector_bytes_sum{pipeline_name=\"archv2-nxm-batched\",type=\"destination\"}[2s])/1048576 start:2026-08-02T22:55:13.965Z step:1]" stats="&{Timings:{EvalTotalTime:3.0125e-05 ResultSortTime:2.09e-07 QueryPreparationTime:4.375e-06 InnerEvalTime:2.2875e-05 ExecQueueTime:7.08e-07 ExecTotalTime:3.2291e-05} Samples:0x14001125c20}" spanID=0000000000000000
time=2026-08-02T15:55:22.966-07:00 level=WARN msg="Query returned multiple series, only first will be used" test=archv2-nxm-batched tool=conduit-v2 collector=conduit type=conduit collector=conduit type=conduit series-count=2
time=2026-08-02T15:55:22.966-07:00 level=DEBUG msg="Query returned data" test=archv2-nxm-batched tool=conduit-v2 collector=conduit type=conduit collector=conduit type=conduit name=msg-megabytes-out-per-second[archv2-nxm-batched] series-count=1 last-value=1.4346036911010742
time=2026-08-02T15:55:23.349-07:00 level=DEBUG msg="Inspecting container" model=container-monitor name=benchi-conduit
time=2026-08-02T15:55:23.854-07:00 level=DEBUG msg="Inspecting container" model=container-monitor name=benchi-conduit
time=2026-08-02T15:55:23.967-07:00 level=INFO msg="Test in progress" test=archv2-nxm-batched tool=conduit-v2 step=test time-left=50s
time=2026-08-02T15:55:23.967-07:00 level=DEBUG msg="promql query logged" test=archv2-nxm-batched tool=conduit-v2 collector=conduit type=conduit collector=conduit type=conduit params="map[end:2026-08-02T22:55:23.967Z query:rate(conduit_pipeline_execution_duration_seconds_count{pipeline_name=\"archv2-nxm-batched\"}[2s]) start:2026-08-02T22:55:13.965Z step:1]" stats="&{Timings:{EvalTotalTime:7.2417e-05 ResultSortTime:5e-07 QueryPreparationTime:1.3292e-05 InnerEvalTime:5.1875e-05 ExecQueueTime:2.375e-06 ExecTotalTime:7.725e-05} Samples:0x140015879b0}" spanID=0000000000000000
time=2026-08-02T15:55:23.967-07:00 level=DEBUG msg="Query returned data" test=archv2-nxm-batched tool=conduit-v2 collector=conduit type=conduit collector=conduit type=conduit name=msg-rate-per-second[archv2-nxm-batched] series-count=1 last-value=59058
time=2026-08-02T15:55:23.967-07:00 level=DEBUG msg="promql query logged" test=archv2-nxm-batched tool=conduit-v2 collector=conduit type=conduit collector=conduit type=conduit params="map[end:2026-08-02T22:55:23.967Z query:rate(conduit_connector_bytes_sum{pipeline_name=\"archv2-nxm-batched\",type=\"source\"}[2s])/1048576 start:2026-08-02T22:55:13.965Z step:1]" stats="&{Timings:{EvalTotalTime:4.875e-05 ResultSortTime:8.75e-07 QueryPreparationTime:7.5e-06 InnerEvalTime:3.6833e-05 ExecQueueTime:1e-06 ExecTotalTime:5.1625e-05} Samples:0x14000fba1b0}" spanID=0000000000000000
time=2026-08-02T15:55:23.968-07:00 level=WARN msg="Query returned multiple series, only first will be used" test=archv2-nxm-batched tool=conduit-v2 collector=conduit type=conduit collector=conduit type=conduit series-count=2
time=2026-08-02T15:55:23.968-07:00 level=DEBUG msg="Query returned data" test=archv2-nxm-batched tool=conduit-v2 collector=conduit type=conduit collector=conduit type=conduit name=msg-megabytes-in-per-second[archv2-nxm-batched] series-count=1 last-value=0.8246850967407227
time=2026-08-02T15:55:23.968-07:00 level=DEBUG msg="promql query logged" test=archv2-nxm-batched tool=conduit-v2 collector=conduit type=conduit collector=conduit type=conduit params="map[end:2026-08-02T22:55:23.968Z query:rate(conduit_connector_bytes_sum{pipeline_name=\"archv2-nxm-batched\",type=\"destination\"}[2s])/1048576 start:2026-08-02T22:55:13.965Z step:1]" stats="&{Timings:{EvalTotalTime:4.0416e-05 ResultSortTime:5e-07 QueryPreparationTime:6.792e-06 InnerEvalTime:2.9834e-05 ExecQueueTime:9.17e-07 ExecTotalTime:4.3208e-05} Samples:0x14000fbad50}" spanID=0000000000000000
time=2026-08-02T15:55:23.968-07:00 level=WARN msg="Query returned multiple series, only first will be used" test=archv2-nxm-batched tool=conduit-v2 collector=conduit type=conduit collector=conduit type=conduit series-count=2
time=2026-08-02T15:55:23.968-07:00 level=DEBUG msg="Query returned data" test=archv2-nxm-batched tool=conduit-v2 collector=conduit type=conduit collector=conduit type=conduit name=msg-megabytes-out-per-second[archv2-nxm-batched] series-count=1 last-value=1.6702470779418945
time=2026-08-02T15:55:24.361-07:00 level=DEBUG msg="Inspecting container" model=container-monitor name=benchi-conduit
time=2026-08-02T15:55:24.868-07:00 level=DEBUG msg="Inspecting container" model=container-monitor name=benchi-conduit
time=2026-08-02T15:55:24.966-07:00 level=DEBUG msg="promql query logged" test=archv2-nxm-batched tool=conduit-v2 collector=conduit type=conduit collector=conduit type=conduit params="map[end:2026-08-02T22:55:24.966Z query:rate(conduit_pipeline_execution_duration_seconds_count{pipeline_name=\"archv2-nxm-batched\"}[2s]) start:2026-08-02T22:55:13.965Z step:1]" stats="&{Timings:{EvalTotalTime:4.7916e-05 ResultSortTime:6.25e-07 QueryPreparationTime:1.4291e-05 InnerEvalTime:2.8209e-05 ExecQueueTime:2.541e-06 ExecTotalTime:5.2792e-05} Samples:0x140014c0660}" spanID=0000000000000000
time=2026-08-02T15:55:24.966-07:00 level=DEBUG msg="Query returned data" test=archv2-nxm-batched tool=conduit-v2 collector=conduit type=conduit collector=conduit type=conduit name=msg-rate-per-second[archv2-nxm-batched] series-count=1 last-value=58362.275449101784
time=2026-08-02T15:55:24.966-07:00 level=DEBUG msg="promql query logged" test=archv2-nxm-batched tool=conduit-v2 collector=conduit type=conduit collector=conduit type=conduit params="map[end:2026-08-02T22:55:24.966Z query:rate(conduit_connector_bytes_sum{pipeline_name=\"archv2-nxm-batched\",type=\"source\"}[2s])/1048576 start:2026-08-02T22:55:13.965Z step:1]" stats="&{Timings:{EvalTotalTime:5.6167e-05 ResultSortTime:7.91e-07 QueryPreparationTime:7.083e-06 InnerEvalTime:4.4667e-05 ExecQueueTime:1.125e-06 ExecTotalTime:7.4709e-05} Samples:0x140014c0d20}" spanID=0000000000000000
time=2026-08-02T15:55:24.966-07:00 level=WARN msg="Query returned multiple series, only first will be used" test=archv2-nxm-batched tool=conduit-v2 collector=conduit type=conduit collector=conduit type=conduit series-count=2
time=2026-08-02T15:55:24.966-07:00 level=DEBUG msg="Query returned data" test=archv2-nxm-batched tool=conduit-v2 collector=conduit type=conduit collector=conduit type=conduit name=msg-megabytes-in-per-second[archv2-nxm-batched] series-count=1 last-value=0.8274685598894982
time=2026-08-02T15:55:24.967-07:00 level=DEBUG msg="promql query logged" test=archv2-nxm-batched tool=conduit-v2 collector=conduit type=conduit collector=conduit type=conduit params="map[end:2026-08-02T22:55:24.966Z query:rate(conduit_connector_bytes_sum{pipeline_name=\"archv2-nxm-batched\",type=\"destination\"}[2s])/1048576 start:2026-08-02T22:55:13.965Z step:1]" stats="&{Timings:{EvalTotalTime:4.15e-05 ResultSortTime:5.41e-07 QueryPreparationTime:6.334e-06 InnerEvalTime:3.1166e-05 ExecQueueTime:7.49e-07 ExecTotalTime:4.4e-05} Samples:0x140014c17a0}" spanID=0000000000000000
time=2026-08-02T15:55:24.967-07:00 level=WARN msg="Query returned multiple series, only first will be used" test=archv2-nxm-batched tool=conduit-v2 collector=conduit type=conduit collector=conduit type=conduit series-count=2
time=2026-08-02T15:55:24.967-07:00 level=DEBUG msg="Query returned data" test=archv2-nxm-batched tool=conduit-v2 collector=conduit type=conduit collector=conduit type=conduit name=msg-megabytes-out-per-second[archv2-nxm-batched] series-count=1 last-value=1.6482890009166236
time=2026-08-02T15:55:25.377-07:00 level=DEBUG msg="Inspecting container" model=container-monitor name=benchi-conduit
time=2026-08-02T15:55:25.884-07:00 level=DEBUG msg="Inspecting container" model=container-monitor name=benchi-conduit
time=2026-08-02T15:55:25.967-07:00 level=DEBUG msg="promql query logged" test=archv2-nxm-batched tool=conduit-v2 collector=conduit type=conduit collector=conduit type=conduit params="map[end:2026-08-02T22:55:25.967Z query:rate(conduit_pipeline_execution_duration_seconds_count{pipeline_name=\"archv2-nxm-batched\"}[2s]) start:2026-08-02T22:55:13.965Z step:1]" stats="&{Timings:{EvalTotalTime:8.0167e-05 ResultSortTime:7.5e-07 QueryPreparationTime:2.6041e-05 InnerEvalTime:4.1375e-05 ExecQueueTime:3.708e-06 ExecTotalTime:8.8166e-05} Samples:0x14000fbb9b0}" spanID=0000000000000000
time=2026-08-02T15:55:25.967-07:00 level=DEBUG msg="Query returned data" test=archv2-nxm-batched tool=conduit-v2 collector=conduit type=conduit collector=conduit type=conduit name=msg-rate-per-second[archv2-nxm-batched] series-count=1 last-value=59418.8376753507
time=2026-08-02T15:55:25.967-07:00 level=DEBUG msg="promql query logged" test=archv2-nxm-batched tool=conduit-v2 collector=conduit type=conduit collector=conduit type=conduit params="map[end:2026-08-02T22:55:25.967Z query:rate(conduit_connector_bytes_sum{pipeline_name=\"archv2-nxm-batched\",type=\"source\"}[2s])/1048576 start:2026-08-02T22:55:13.965Z step:1]" stats="&{Timings:{EvalTotalTime:8.0208e-05 ResultSortTime:1.167e-06 QueryPreparationTime:1.2208e-05 InnerEvalTime:6.2083e-05 ExecQueueTime:1.75e-06 ExecTotalTime:8.4083e-05} Samples:0x1400163c0f0}" spanID=0000000000000000
time=2026-08-02T15:55:25.967-07:00 level=WARN msg="Query returned multiple series, only first will be used" test=archv2-nxm-batched tool=conduit-v2 collector=conduit type=conduit collector=conduit type=conduit series-count=2
time=2026-08-02T15:55:25.968-07:00 level=DEBUG msg="Query returned data" test=archv2-nxm-batched tool=conduit-v2 collector=conduit type=conduit collector=conduit type=conduit name=msg-megabytes-in-per-second[archv2-nxm-batched] series-count=1 last-value=0.83437329064868
time=2026-08-02T15:55:25.968-07:00 level=DEBUG msg="promql query logged" test=archv2-nxm-batched tool=conduit-v2 collector=conduit type=conduit collector=conduit type=conduit params="map[end:2026-08-02T22:55:25.968Z query:rate(conduit_connector_bytes_sum{pipeline_name=\"archv2-nxm-batched\",type=\"destination\"}[2s])/1048576 start:2026-08-02T22:55:13.965Z step:1]" stats="&{Timings:{EvalTotalTime:5.525e-05 ResultSortTime:4.58e-07 QueryPreparationTime:9.375e-06 InnerEvalTime:4.1e-05 ExecQueueTime:1.208e-06 ExecTotalTime:5.8833e-05} Samples:0x1400163ced0}" spanID=0000000000000000
time=2026-08-02T15:55:25.968-07:00 level=WARN msg="Query returned multiple series, only first will be used" test=archv2-nxm-batched tool=conduit-v2 collector=conduit type=conduit collector=conduit type=conduit series-count=2
time=2026-08-02T15:55:25.968-07:00 level=DEBUG msg="Query returned data" test=archv2-nxm-batched tool=conduit-v2 collector=conduit type=conduit collector=conduit type=conduit name=msg-megabytes-out-per-second[archv2-nxm-batched] series-count=1 last-value=1.6808767834741747
time=2026-08-02T15:55:26.392-07:00 level=DEBUG msg="Inspecting container" model=container-monitor name=benchi-conduit
time=2026-08-02T15:55:26.900-07:00 level=DEBUG msg="Inspecting container" model=container-monitor name=benchi-conduit
time=2026-08-02T15:55:26.966-07:00 level=DEBUG msg="promql query logged" test=archv2-nxm-batched tool=conduit-v2 collector=conduit type=conduit collector=conduit type=conduit params="map[end:2026-08-02T22:55:26.966Z query:rate(conduit_pipeline_execution_duration_seconds_count{pipeline_name=\"archv2-nxm-batched\"}[2s]) start:2026-08-02T22:55:13.965Z step:1]" stats="&{Timings:{EvalTotalTime:0.000104875 ResultSortTime:8.34e-07 QueryPreparationTime:3.175e-05 InnerEvalTime:6.2959e-05 ExecQueueTime:5.459e-06 ExecTotalTime:0.000113416} Samples:0x140014ee9f0}" spanID=0000000000000000
time=2026-08-02T15:55:26.966-07:00 level=DEBUG msg="Query returned data" test=archv2-nxm-batched tool=conduit-v2 collector=conduit type=conduit collector=conduit type=conduit name=msg-rate-per-second[archv2-nxm-batched] series-count=1 last-value=58960
time=2026-08-02T15:55:26.966-07:00 level=DEBUG msg="promql query logged" test=archv2-nxm-batched tool=conduit-v2 collector=conduit type=conduit collector=conduit type=conduit params="map[end:2026-08-02T22:55:26.966Z query:rate(conduit_connector_bytes_sum{pipeline_name=\"archv2-nxm-batched\",type=\"source\"}[2s])/1048576 start:2026-08-02T22:55:13.965Z step:1]" stats="&{Timings:{EvalTotalTime:9.3709e-05 ResultSortTime:1.791e-06 QueryPreparationTime:1.5125e-05 InnerEvalTime:7.1458e-05 ExecQueueTime:2.042e-06 ExecTotalTime:9.9708e-05} Samples:0x140014ef0b0}" spanID=0000000000000000
time=2026-08-02T15:55:26.966-07:00 level=WARN msg="Query returned multiple series, only first will be used" test=archv2-nxm-batched tool=conduit-v2 collector=conduit type=conduit collector=conduit type=conduit series-count=2
time=2026-08-02T15:55:26.967-07:00 level=DEBUG msg="Query returned data" test=archv2-nxm-batched tool=conduit-v2 collector=conduit type=conduit collector=conduit type=conduit name=msg-megabytes-in-per-second[archv2-nxm-batched] series-count=1 last-value=0.8210763931274414
time=2026-08-02T15:55:26.967-07:00 level=DEBUG msg="promql query logged" test=archv2-nxm-batched tool=conduit-v2 collector=conduit type=conduit collector=conduit type=conduit params="map[end:2026-08-02T22:55:26.967Z query:rate(conduit_connector_bytes_sum{pipeline_name=\"archv2-nxm-batched\",type=\"destination\"}[2s])/1048576 start:2026-08-02T22:55:13.965Z step:1]" stats="&{Timings:{EvalTotalTime:7.1125e-05 ResultSortTime:7.09e-07 QueryPreparationTime:1.3459e-05 InnerEvalTime:5.1958e-05 ExecQueueTime:1.334e-06 ExecTotalTime:8.2875e-05} Samples:0x140014efb90}" spanID=0000000000000000
time=2026-08-02T15:55:26.967-07:00 level=WARN msg="Query returned multiple series, only first will be used" test=archv2-nxm-batched tool=conduit-v2 collector=conduit type=conduit collector=conduit type=conduit series-count=2
time=2026-08-02T15:55:26.967-07:00 level=DEBUG msg="Query returned data" test=archv2-nxm-batched tool=conduit-v2 collector=conduit type=conduit collector=conduit type=conduit name=msg-megabytes-out-per-second[archv2-nxm-batched] series-count=1 last-value=1.666529655456543
time=2026-08-02T15:55:27.407-07:00 level=DEBUG msg="Inspecting container" model=container-monitor name=benchi-conduit
time=2026-08-02T15:55:27.914-07:00 level=DEBUG msg="Inspecting container" model=container-monitor name=benchi-conduit
time=2026-08-02T15:55:27.966-07:00 level=DEBUG msg="promql query logged" test=archv2-nxm-batched tool=conduit-v2 collector=conduit type=conduit collector=conduit type=conduit params="map[end:2026-08-02T22:55:27.965Z query:rate(conduit_pipeline_execution_duration_seconds_count{pipeline_name=\"archv2-nxm-batched\"}[2s]) start:2026-08-02T22:55:13.965Z step:1]" stats="&{Timings:{EvalTotalTime:6.4875e-05 ResultSortTime:4.58e-07 QueryPreparationTime:1.8709e-05 InnerEvalTime:3.95e-05 ExecQueueTime:2.667e-06 ExecTotalTime:7.0166e-05} Samples:0x1400136a510}" spanID=0000000000000000
time=2026-08-02T15:55:27.966-07:00 level=DEBUG msg="Query returned data" test=archv2-nxm-batched tool=conduit-v2 collector=conduit type=conduit collector=conduit type=conduit name=msg-rate-per-second[archv2-nxm-batched] series-count=1 last-value=55436
time=2026-08-02T15:55:27.966-07:00 level=DEBUG msg="promql query logged" test=archv2-nxm-batched tool=conduit-v2 collector=conduit type=conduit collector=conduit type=conduit params="map[end:2026-08-02T22:55:27.966Z query:rate(conduit_connector_bytes_sum{pipeline_name=\"archv2-nxm-batched\",type=\"source\"}[2s])/1048576 start:2026-08-02T22:55:13.965Z step:1]" stats="&{Timings:{EvalTotalTime:0.000217875 ResultSortTime:1.208e-06 QueryPreparationTime:8.833e-06 InnerEvalTime:0.000203292 ExecQueueTime:1.082e-06 ExecTotalTime:0.0002215} Samples:0x1400136ac30}" spanID=0000000000000000
time=2026-08-02T15:55:27.966-07:00 level=WARN msg="Query returned multiple series, only first will be used" test=archv2-nxm-batched tool=conduit-v2 collector=conduit type=conduit collector=conduit type=conduit series-count=2
time=2026-08-02T15:55:27.966-07:00 level=DEBUG msg="Query returned data" test=archv2-nxm-batched tool=conduit-v2 collector=conduit type=conduit collector=conduit type=conduit name=msg-megabytes-in-per-second[archv2-nxm-batched] series-count=1 last-value=0.778106689453125
time=2026-08-02T15:55:27.966-07:00 level=DEBUG msg="promql query logged" test=archv2-nxm-batched tool=conduit-v2 collector=conduit type=conduit collector=conduit type=conduit params="map[end:2026-08-02T22:55:27.966Z query:rate(conduit_connector_bytes_sum{pipeline_name=\"archv2-nxm-batched\",type=\"destination\"}[2s])/1048576 start:2026-08-02T22:55:13.965Z step:1]" stats="&{Timings:{EvalTotalTime:4.7708e-05 ResultSortTime:4.59e-07 QueryPreparationTime:7.917e-06 InnerEvalTime:3.5833e-05 ExecQueueTime:9.16e-07 ExecTotalTime:5.0084e-05} Samples:0x1400136b770}" spanID=0000000000000000
time=2026-08-02T15:55:27.966-07:00 level=WARN msg="Query returned multiple series, only first will be used" test=archv2-nxm-batched tool=conduit-v2 collector=conduit type=conduit collector=conduit type=conduit series-count=2
time=2026-08-02T15:55:27.967-07:00 level=DEBUG msg="Query returned data" test=archv2-nxm-batched tool=conduit-v2 collector=conduit type=conduit collector=conduit type=conduit name=msg-megabytes-out-per-second[archv2-nxm-batched] series-count=1 last-value=1.5631189346313477
time=2026-08-02T15:55:28.425-07:00 level=DEBUG msg="Inspecting container" model=container-monitor name=benchi-conduit
time=2026-08-02T15:55:28.938-07:00 level=DEBUG msg="Inspecting container" model=container-monitor name=benchi-conduit
time=2026-08-02T15:55:28.965-07:00 level=INFO msg="Test in progress" test=archv2-nxm-batched tool=conduit-v2 step=test time-left=45s
time=2026-08-02T15:55:28.966-07:00 level=DEBUG msg="promql query logged" test=archv2-nxm-batched tool=conduit-v2 collector=conduit type=conduit collector=conduit type=conduit params="map[end:2026-08-02T22:55:28.965Z query:rate(conduit_pipeline_execution_duration_seconds_count{pipeline_name=\"archv2-nxm-batched\"}[2s]) start:2026-08-02T22:55:13.965Z step:1]" stats="&{Timings:{EvalTotalTime:6.2291e-05 ResultSortTime:4.16e-07 QueryPreparationTime:2.0541e-05 InnerEvalTime:3.6458e-05 ExecQueueTime:2.917e-06 ExecTotalTime:6.7417e-05} Samples:0x14001817d70}" spanID=0000000000000000
time=2026-08-02T15:55:28.966-07:00 level=DEBUG msg="Query returned data" test=archv2-nxm-batched tool=conduit-v2 collector=conduit type=conduit collector=conduit type=conduit name=msg-rate-per-second[archv2-nxm-batched] series-count=1 last-value=55000
time=2026-08-02T15:55:28.966-07:00 level=DEBUG msg="promql query logged" test=archv2-nxm-batched tool=conduit-v2 collector=conduit type=conduit collector=conduit type=conduit params="map[end:2026-08-02T22:55:28.966Z query:rate(conduit_connector_bytes_sum{pipeline_name=\"archv2-nxm-batched\",type=\"source\"}[2s])/1048576 start:2026-08-02T22:55:13.965Z step:1]" stats="&{Timings:{EvalTotalTime:6.4208e-05 ResultSortTime:1.167e-06 QueryPreparationTime:7.667e-06 InnerEvalTime:5.1375e-05 ExecQueueTime:9.17e-07 ExecTotalTime:6.7458e-05} Samples:0x140017aa690}" spanID=0000000000000000
time=2026-08-02T15:55:28.966-07:00 level=WARN msg="Query returned multiple series, only first will be used" test=archv2-nxm-batched tool=conduit-v2 collector=conduit type=conduit collector=conduit type=conduit series-count=2
time=2026-08-02T15:55:28.966-07:00 level=DEBUG msg="Query returned data" test=archv2-nxm-batched tool=conduit-v2 collector=conduit type=conduit collector=conduit type=conduit name=msg-megabytes-in-per-second[archv2-nxm-batched] series-count=1 last-value=0.7834358215332031
time=2026-08-02T15:55:28.966-07:00 level=DEBUG msg="promql query logged" test=archv2-nxm-batched tool=conduit-v2 collector=conduit type=conduit collector=conduit type=conduit params="map[end:2026-08-02T22:55:28.966Z query:rate(conduit_connector_bytes_sum{pipeline_name=\"archv2-nxm-batched\",type=\"destination\"}[2s])/1048576 start:2026-08-02T22:55:13.965Z step:1]" stats="&{Timings:{EvalTotalTime:5.6166e-05 ResultSortTime:5.42e-07 QueryPreparationTime:7.834e-06 InnerEvalTime:4.425e-05 ExecQueueTime:1.042e-06 ExecTotalTime:5.9e-05} Samples:0x14000706a20}" spanID=0000000000000000
time=2026-08-02T15:55:28.966-07:00 level=WARN msg="Query returned multiple series, only first will be used" test=archv2-nxm-batched tool=conduit-v2 collector=conduit type=conduit collector=conduit type=conduit series-count=2
time=2026-08-02T15:55:28.966-07:00 level=DEBUG msg="Query returned data" test=archv2-nxm-batched tool=conduit-v2 collector=conduit type=conduit collector=conduit type=conduit name=msg-megabytes-out-per-second[archv2-nxm-batched] series-count=1 last-value=1.5552072525024414
time=2026-08-02T15:55:29.444-07:00 level=DEBUG msg="Inspecting container" model=container-monitor name=benchi-conduit
time=2026-08-02T15:55:29.956-07:00 level=DEBUG msg="Inspecting container" model=container-monitor name=benchi-conduit
time=2026-08-02T15:55:29.967-07:00 level=DEBUG msg="promql query logged" test=archv2-nxm-batched tool=conduit-v2 collector=conduit type=conduit collector=conduit type=conduit params="map[end:2026-08-02T22:55:29.966Z query:rate(conduit_pipeline_execution_duration_seconds_count{pipeline_name=\"archv2-nxm-batched\"}[2s]) start:2026-08-02T22:55:13.965Z step:1]" stats="&{Timings:{EvalTotalTime:7.7667e-05 ResultSortTime:3.75e-07 QueryPreparationTime:2.3125e-05 InnerEvalTime:4.7e-05 ExecQueueTime:3.292e-06 ExecTotalTime:8.4625e-05} Samples:0x140011b27e0}" spanID=0000000000000000
time=2026-08-02T15:55:29.967-07:00 level=DEBUG msg="Query returned data" test=archv2-nxm-batched tool=conduit-v2 collector=conduit type=conduit collector=conduit type=conduit name=msg-rate-per-second[archv2-nxm-batched] series-count=1 last-value=57992
time=2026-08-02T15:55:29.967-07:00 level=DEBUG msg="promql query logged" test=archv2-nxm-batched tool=conduit-v2 collector=conduit type=conduit collector=conduit type=conduit params="map[end:2026-08-02T22:55:29.967Z query:rate(conduit_connector_bytes_sum{pipeline_name=\"archv2-nxm-batched\",type=\"source\"}[2s])/1048576 start:2026-08-02T22:55:13.965Z step:1]" stats="&{Timings:{EvalTotalTime:7.7041e-05 ResultSortTime:1.667e-06 QueryPreparationTime:1.0208e-05 InnerEvalTime:6.1334e-05 ExecQueueTime:1.126e-06 ExecTotalTime:8.2042e-05} Samples:0x140011b2ed0}" spanID=0000000000000000
time=2026-08-02T15:55:29.967-07:00 level=WARN msg="Query returned multiple series, only first will be used" test=archv2-nxm-batched tool=conduit-v2 collector=conduit type=conduit collector=conduit type=conduit series-count=2
time=2026-08-02T15:55:29.967-07:00 level=DEBUG msg="Query returned data" test=archv2-nxm-batched tool=conduit-v2 collector=conduit type=conduit collector=conduit type=conduit name=msg-megabytes-in-per-second[archv2-nxm-batched] series-count=1 last-value=0.8215665817260742
time=2026-08-02T15:55:29.967-07:00 level=DEBUG msg="promql query logged" test=archv2-nxm-batched tool=conduit-v2 collector=conduit type=conduit collector=conduit type=conduit params="map[end:2026-08-02T22:55:29.967Z query:rate(conduit_connector_bytes_sum{pipeline_name=\"archv2-nxm-batched\",type=\"destination\"}[2s])/1048576 start:2026-08-02T22:55:13.965Z step:1]" stats="&{Timings:{EvalTotalTime:5.6792e-05 ResultSortTime:5e-07 QueryPreparationTime:9.291e-06 InnerEvalTime:4.3542e-05 ExecQueueTime:7.5e-07 ExecTotalTime:5.9833e-05} Samples:0x140011b3ce0}" spanID=0000000000000000
time=2026-08-02T15:55:29.967-07:00 level=WARN msg="Query returned multiple series, only first will be used" test=archv2-nxm-batched tool=conduit-v2 collector=conduit type=conduit collector=conduit type=conduit series-count=2
time=2026-08-02T15:55:29.968-07:00 level=DEBUG msg="Query returned data" test=archv2-nxm-batched tool=conduit-v2 collector=conduit type=conduit collector=conduit type=conduit name=msg-megabytes-out-per-second[archv2-nxm-batched] series-count=1 last-value=1.6378059387207031
time=2026-08-02T15:55:30.475-07:00 level=DEBUG msg="Inspecting container" model=container-monitor name=benchi-conduit
time=2026-08-02T15:55:30.966-07:00 level=DEBUG msg="promql query logged" test=archv2-nxm-batched tool=conduit-v2 collector=conduit type=conduit collector=conduit type=conduit params="map[end:2026-08-02T22:55:30.966Z query:rate(conduit_pipeline_execution_duration_seconds_count{pipeline_name=\"archv2-nxm-batched\"}[2s]) start:2026-08-02T22:55:13.965Z step:1]" stats="&{Timings:{EvalTotalTime:0.000159333 ResultSortTime:9.16e-07 QueryPreparationTime:3.0458e-05 InnerEvalTime:0.000120709 ExecQueueTime:4.126e-06 ExecTotalTime:0.0001665} Samples:0x14000977a10}" spanID=0000000000000000
time=2026-08-02T15:55:30.966-07:00 level=DEBUG msg="Query returned data" test=archv2-nxm-batched tool=conduit-v2 collector=conduit type=conduit collector=conduit type=conduit name=msg-rate-per-second[archv2-nxm-batched] series-count=1 last-value=58125.623130608175
time=2026-08-02T15:55:30.966-07:00 level=DEBUG msg="promql query logged" test=archv2-nxm-batched tool=conduit-v2 collector=conduit type=conduit collector=conduit type=conduit params="map[end:2026-08-02T22:55:30.966Z query:rate(conduit_connector_bytes_sum{pipeline_name=\"archv2-nxm-batched\",type=\"source\"}[2s])/1048576 start:2026-08-02T22:55:13.965Z step:1]" stats="&{Timings:{EvalTotalTime:7.65e-05 ResultSortTime:1.666e-06 QueryPreparationTime:9.208e-06 InnerEvalTime:6.2666e-05 ExecQueueTime:8.33e-07 ExecTotalTime:7.9208e-05} Samples:0x1400169bdd0}" spanID=0000000000000000
time=2026-08-02T15:55:30.967-07:00 level=WARN msg="Query returned multiple series, only first will be used" test=archv2-nxm-batched tool=conduit-v2 collector=conduit type=conduit collector=conduit type=conduit series-count=2
time=2026-08-02T15:55:30.967-07:00 level=DEBUG msg="Query returned data" test=archv2-nxm-batched tool=conduit-v2 collector=conduit type=conduit collector=conduit type=conduit name=msg-megabytes-in-per-second[archv2-nxm-batched] series-count=1 last-value=0.8254645472152877
time=2026-08-02T15:55:30.967-07:00 level=DEBUG msg="promql query logged" test=archv2-nxm-batched tool=conduit-v2 collector=conduit type=conduit collector=conduit type=conduit params="map[end:2026-08-02T22:55:30.967Z query:rate(conduit_connector_bytes_sum{pipeline_name=\"archv2-nxm-batched\",type=\"destination\"}[2s])/1048576 start:2026-08-02T22:55:13.965Z step:1]" stats="&{Timings:{EvalTotalTime:0.000145916 ResultSortTime:6.67e-07 QueryPreparationTime:8.2875e-05 InnerEvalTime:5.4041e-05 ExecQueueTime:1.209e-06 ExecTotalTime:0.000151375} Samples:0x14000ee5830}" spanID=0000000000000000
time=2026-08-02T15:55:30.967-07:00 level=WARN msg="Query returned multiple series, only first will be used" test=archv2-nxm-batched tool=conduit-v2 collector=conduit type=conduit collector=conduit type=conduit series-count=2
time=2026-08-02T15:55:30.967-07:00 level=DEBUG msg="Query returned data" test=archv2-nxm-batched tool=conduit-v2 collector=conduit type=conduit collector=conduit type=conduit name=msg-megabytes-out-per-second[archv2-nxm-batched] series-count=1 last-value=1.6455227213866215
time=2026-08-02T15:55:30.986-07:00 level=DEBUG msg="Inspecting container" model=container-monitor name=benchi-conduit
time=2026-08-02T15:55:31.507-07:00 level=DEBUG msg="Inspecting container" model=container-monitor name=benchi-conduit
time=2026-08-02T15:55:31.966-07:00 level=DEBUG msg="promql query logged" test=archv2-nxm-batched tool=conduit-v2 collector=conduit type=conduit collector=conduit type=conduit params="map[end:2026-08-02T22:55:31.966Z query:rate(conduit_pipeline_execution_duration_seconds_count{pipeline_name=\"archv2-nxm-batched\"}[2s]) start:2026-08-02T22:55:13.965Z step:1]" stats="&{Timings:{EvalTotalTime:6.6e-05 ResultSortTime:4.58e-07 QueryPreparationTime:2.1041e-05 InnerEvalTime:3.7875e-05 ExecQueueTime:3.209e-06 ExecTotalTime:7.15e-05} Samples:0x1400179cfc0}" spanID=0000000000000000
time=2026-08-02T15:55:31.966-07:00 level=DEBUG msg="Query returned data" test=archv2-nxm-batched tool=conduit-v2 collector=conduit type=conduit collector=conduit type=conduit name=msg-rate-per-second[archv2-nxm-batched] series-count=1 last-value=53745.23570712136
time=2026-08-02T15:55:31.966-07:00 level=DEBUG msg="promql query logged" test=archv2-nxm-batched tool=conduit-v2 collector=conduit type=conduit collector=conduit type=conduit params="map[end:2026-08-02T22:55:31.966Z query:rate(conduit_connector_bytes_sum{pipeline_name=\"archv2-nxm-batched\",type=\"source\"}[2s])/1048576 start:2026-08-02T22:55:13.965Z step:1]" stats="&{Timings:{EvalTotalTime:7.3333e-05 ResultSortTime:9.59e-07 QueryPreparationTime:1.0792e-05 InnerEvalTime:5.7125e-05 ExecQueueTime:1.25e-06 ExecTotalTime:7.6708e-05} Samples:0x1400168a0f0}" spanID=0000000000000000
time=2026-08-02T15:55:31.966-07:00 level=WARN msg="Query returned multiple series, only first will be used" test=archv2-nxm-batched tool=conduit-v2 collector=conduit type=conduit collector=conduit type=conduit series-count=2
time=2026-08-02T15:55:31.966-07:00 level=DEBUG msg="Query returned data" test=archv2-nxm-batched tool=conduit-v2 collector=conduit type=conduit collector=conduit type=conduit name=msg-megabytes-in-per-second[archv2-nxm-batched] series-count=1 last-value=0.7481398051576604
time=2026-08-02T15:55:31.967-07:00 level=DEBUG msg="promql query logged" test=archv2-nxm-batched tool=conduit-v2 collector=conduit type=conduit collector=conduit type=conduit params="map[end:2026-08-02T22:55:31.966Z query:rate(conduit_connector_bytes_sum{pipeline_name=\"archv2-nxm-batched\",type=\"destination\"}[2s])/1048576 start:2026-08-02T22:55:13.965Z step:1]" stats="&{Timings:{EvalTotalTime:7.9792e-05 ResultSortTime:8.75e-07 QueryPreparationTime:8.167e-06 InnerEvalTime:6.6625e-05 ExecQueueTime:8.76e-07 ExecTotalTime:8.3e-05} Samples:0x1400168ad50}" spanID=0000000000000000
time=2026-08-02T15:55:31.967-07:00 level=WARN msg="Query returned multiple series, only first will be used" test=archv2-nxm-batched tool=conduit-v2 collector=conduit type=conduit collector=conduit type=conduit series-count=2
time=2026-08-02T15:55:31.967-07:00 level=DEBUG msg="Query returned data" test=archv2-nxm-batched tool=conduit-v2 collector=conduit type=conduit collector=conduit type=conduit name=msg-megabytes-out-per-second[archv2-nxm-batched] series-count=1 last-value=1.5193112755013085
time=2026-08-02T15:55:32.018-07:00 level=DEBUG msg="Inspecting container" model=container-monitor name=benchi-conduit
time=2026-08-02T15:55:32.534-07:00 level=DEBUG msg="Inspecting container" model=container-monitor name=benchi-conduit
time=2026-08-02T15:55:32.968-07:00 level=DEBUG msg="promql query logged" test=archv2-nxm-batched tool=conduit-v2 collector=conduit type=conduit collector=conduit type=conduit params="map[end:2026-08-02T22:55:32.968Z query:rate(conduit_pipeline_execution_duration_seconds_count{pipeline_name=\"archv2-nxm-batched\"}[2s]) start:2026-08-02T22:55:13.965Z step:1]" stats="&{Timings:{EvalTotalTime:0.000107583 ResultSortTime:7.08e-07 QueryPreparationTime:3.2792e-05 InnerEvalTime:6.4125e-05 ExecQueueTime:5.417e-06 ExecTotalTime:0.0001175} Samples:0x1400124d890}" spanID=0000000000000000
time=2026-08-02T15:55:32.968-07:00 level=DEBUG msg="Query returned data" test=archv2-nxm-batched tool=conduit-v2 collector=conduit type=conduit collector=conduit type=conduit name=msg-rate-per-second[archv2-nxm-batched] series-count=1 last-value=56840
time=2026-08-02T15:55:32.969-07:00 level=DEBUG msg="promql query logged" test=archv2-nxm-batched tool=conduit-v2 collector=conduit type=conduit collector=conduit type=conduit params="map[end:2026-08-02T22:55:32.968Z query:rate(conduit_connector_bytes_sum{pipeline_name=\"archv2-nxm-batched\",type=\"source\"}[2s])/1048576 start:2026-08-02T22:55:13.965Z step:1]" stats="&{Timings:{EvalTotalTime:0.0001525 ResultSortTime:1.958e-06 QueryPreparationTime:1.9e-05 InnerEvalTime:0.000124875 ExecQueueTime:2e-06 ExecTotalTime:0.000158083} Samples:0x1400124df50}" spanID=0000000000000000
time=2026-08-02T15:55:32.969-07:00 level=WARN msg="Query returned multiple series, only first will be used" test=archv2-nxm-batched tool=conduit-v2 collector=conduit type=conduit collector=conduit type=conduit series-count=2
time=2026-08-02T15:55:32.969-07:00 level=DEBUG msg="Query returned data" test=archv2-nxm-batched tool=conduit-v2 collector=conduit type=conduit collector=conduit type=conduit name=msg-megabytes-in-per-second[archv2-nxm-batched] series-count=1 last-value=0.7934627532958984
time=2026-08-02T15:55:32.969-07:00 level=DEBUG msg="promql query logged" test=archv2-nxm-batched tool=conduit-v2 collector=conduit type=conduit collector=conduit type=conduit params="map[end:2026-08-02T22:55:32.969Z query:rate(conduit_connector_bytes_sum{pipeline_name=\"archv2-nxm-batched\",type=\"destination\"}[2s])/1048576 start:2026-08-02T22:55:13.965Z step:1]" stats="&{Timings:{EvalTotalTime:0.000106208 ResultSortTime:1.292e-06 QueryPreparationTime:1.6834e-05 InnerEvalTime:7.3e-05 ExecQueueTime:1.959e-06 ExecTotalTime:0.000112209} Samples:0x1400179df50}" spanID=0000000000000000
time=2026-08-02T15:55:32.970-07:00 level=WARN msg="Query returned multiple series, only first will be used" test=archv2-nxm-batched tool=conduit-v2 collector=conduit type=conduit collector=conduit type=conduit series-count=2
time=2026-08-02T15:55:32.970-07:00 level=DEBUG msg="Query returned data" test=archv2-nxm-batched tool=conduit-v2 collector=conduit type=conduit collector=conduit type=conduit name=msg-megabytes-out-per-second[archv2-nxm-batched] series-count=1 last-value=1.604487419128418
time=2026-08-02T15:55:33.044-07:00 level=DEBUG msg="Inspecting container" model=container-monitor name=benchi-conduit
time=2026-08-02T15:55:33.551-07:00 level=DEBUG msg="Inspecting container" model=container-monitor name=benchi-conduit
time=2026-08-02T15:55:33.966-07:00 level=DEBUG msg="promql query logged" test=archv2-nxm-batched tool=conduit-v2 collector=conduit type=conduit collector=conduit type=conduit params="map[end:2026-08-02T22:55:33.966Z query:rate(conduit_pipeline_execution_duration_seconds_count{pipeline_name=\"archv2-nxm-batched\"}[2s]) start:2026-08-02T22:55:13.965Z step:1]" stats="&{Timings:{EvalTotalTime:8.6375e-05 ResultSortTime:9.58e-07 QueryPreparationTime:2.5083e-05 InnerEvalTime:4.8834e-05 ExecQueueTime:4.999e-06 ExecTotalTime:9.6083e-05} Samples:0x1400015d740}" spanID=0000000000000000
time=2026-08-02T15:55:33.967-07:00 level=DEBUG msg="Query returned data" test=archv2-nxm-batched tool=conduit-v2 collector=conduit type=conduit collector=conduit type=conduit name=msg-rate-per-second[archv2-nxm-batched] series-count=1 last-value=55065.73705179283
time=2026-08-02T15:55:33.967-07:00 level=INFO msg="Test in progress" test=archv2-nxm-batched tool=conduit-v2 step=test time-left=40s
time=2026-08-02T15:55:33.967-07:00 level=DEBUG msg="promql query logged" test=archv2-nxm-batched tool=conduit-v2 collector=conduit type=conduit collector=conduit type=conduit params="map[end:2026-08-02T22:55:33.967Z query:rate(conduit_connector_bytes_sum{pipeline_name=\"archv2-nxm-batched\",type=\"source\"}[2s])/1048576 start:2026-08-02T22:55:13.965Z step:1]" stats="&{Timings:{EvalTotalTime:9.9e-05 ResultSortTime:1.792e-06 QueryPreparationTime:1.5792e-05 InnerEvalTime:7.4917e-05 ExecQueueTime:2.292e-06 ExecTotalTime:0.000104792} Samples:0x1400015de00}" spanID=0000000000000000
time=2026-08-02T15:55:33.968-07:00 level=WARN msg="Query returned multiple series, only first will be used" test=archv2-nxm-batched tool=conduit-v2 collector=conduit type=conduit collector=conduit type=conduit series-count=2
time=2026-08-02T15:55:33.968-07:00 level=DEBUG msg="Query returned data" test=archv2-nxm-batched tool=conduit-v2 collector=conduit type=conduit collector=conduit type=conduit name=msg-megabytes-in-per-second[archv2-nxm-batched] series-count=1 last-value=0.7711264241739099
time=2026-08-02T15:55:33.968-07:00 level=DEBUG msg="promql query logged" test=archv2-nxm-batched tool=conduit-v2 collector=conduit type=conduit collector=conduit type=conduit params="map[end:2026-08-02T22:55:33.968Z query:rate(conduit_connector_bytes_sum{pipeline_name=\"archv2-nxm-batched\",type=\"destination\"}[2s])/1048576 start:2026-08-02T22:55:13.965Z step:1]" stats="&{Timings:{EvalTotalTime:9.2584e-05 ResultSortTime:1.042e-06 QueryPreparationTime:2.0417e-05 InnerEvalTime:6.5666e-05 ExecQueueTime:1.584e-06 ExecTotalTime:9.6875e-05} Samples:0x1400130d680}" spanID=0000000000000000
time=2026-08-02T15:55:33.968-07:00 level=WARN msg="Query returned multiple series, only first will be used" test=archv2-nxm-batched tool=conduit-v2 collector=conduit type=conduit collector=conduit type=conduit series-count=2
time=2026-08-02T15:55:33.968-07:00 level=DEBUG msg="Query returned data" test=archv2-nxm-batched tool=conduit-v2 collector=conduit type=conduit collector=conduit type=conduit name=msg-megabytes-out-per-second[archv2-nxm-batched] series-count=1 last-value=1.5568229781678948
time=2026-08-02T15:55:34.058-07:00 level=DEBUG msg="Inspecting container" model=container-monitor name=benchi-conduit
time=2026-08-02T15:55:34.568-07:00 level=DEBUG msg="Inspecting container" model=container-monitor name=benchi-conduit
time=2026-08-02T15:55:34.966-07:00 level=DEBUG msg="promql query logged" test=archv2-nxm-batched tool=conduit-v2 collector=conduit type=conduit collector=conduit type=conduit params="map[end:2026-08-02T22:55:34.966Z query:rate(conduit_pipeline_execution_duration_seconds_count{pipeline_name=\"archv2-nxm-batched\"}[2s]) start:2026-08-02T22:55:13.965Z step:1]" stats="&{Timings:{EvalTotalTime:5.1917e-05 ResultSortTime:4.58e-07 QueryPreparationTime:1.7875e-05 InnerEvalTime:2.8875e-05 ExecQueueTime:2.75e-06 ExecTotalTime:5.5958e-05} Samples:0x140012bbce0}" spanID=0000000000000000
time=2026-08-02T15:55:34.966-07:00 level=DEBUG msg="Query returned data" test=archv2-nxm-batched tool=conduit-v2 collector=conduit type=conduit collector=conduit type=conduit name=msg-rate-per-second[archv2-nxm-batched] series-count=1 last-value=54195.78313253012
time=2026-08-02T15:55:34.966-07:00 level=DEBUG msg="promql query logged" test=archv2-nxm-batched tool=conduit-v2 collector=conduit type=conduit collector=conduit type=conduit params="map[end:2026-08-02T22:55:34.966Z query:rate(conduit_connector_bytes_sum{pipeline_name=\"archv2-nxm-batched\",type=\"source\"}[2s])/1048576 start:2026-08-02T22:55:13.965Z step:1]" stats="&{Timings:{EvalTotalTime:6.2375e-05 ResultSortTime:7.92e-07 QueryPreparationTime:6.084e-06 InnerEvalTime:4.9666e-05 ExecQueueTime:6.67e-07 ExecTotalTime:6.4542e-05} Samples:0x14000ebc450}" spanID=0000000000000000
time=2026-08-02T15:55:34.966-07:00 level=WARN msg="Query returned multiple series, only first will be used" test=archv2-nxm-batched tool=conduit-v2 collector=conduit type=conduit collector=conduit type=conduit series-count=2
time=2026-08-02T15:55:34.966-07:00 level=DEBUG msg="Query returned data" test=archv2-nxm-batched tool=conduit-v2 collector=conduit type=conduit collector=conduit type=conduit name=msg-megabytes-in-per-second[archv2-nxm-batched] series-count=1 last-value=0.7720721294602237
time=2026-08-02T15:55:34.966-07:00 level=DEBUG msg="promql query logged" test=archv2-nxm-batched tool=conduit-v2 collector=conduit type=conduit collector=conduit type=conduit params="map[end:2026-08-02T22:55:34.966Z query:rate(conduit_connector_bytes_sum{pipeline_name=\"archv2-nxm-batched\",type=\"destination\"}[2s])/1048576 start:2026-08-02T22:55:13.965Z step:1]" stats="&{Timings:{EvalTotalTime:6.7959e-05 ResultSortTime:5.42e-07 QueryPreparationTime:1.0542e-05 InnerEvalTime:5.2208e-05 ExecQueueTime:1.376e-06 ExecTotalTime:7.1625e-05} Samples:0x140014c1a40}" spanID=0000000000000000
time=2026-08-02T15:55:34.966-07:00 level=WARN msg="Query returned multiple series, only first will be used" test=archv2-nxm-batched tool=conduit-v2 collector=conduit type=conduit collector=conduit type=conduit series-count=2
time=2026-08-02T15:55:34.966-07:00 level=DEBUG msg="Query returned data" test=archv2-nxm-batched tool=conduit-v2 collector=conduit type=conduit collector=conduit type=conduit name=msg-megabytes-out-per-second[archv2-nxm-batched] series-count=1 last-value=1.5314314738813655
time=2026-08-02T15:55:35.075-07:00 level=DEBUG msg="Inspecting container" model=container-monitor name=benchi-conduit
time=2026-08-02T15:55:35.586-07:00 level=DEBUG msg="Inspecting container" model=container-monitor name=benchi-conduit
time=2026-08-02T15:55:35.966-07:00 level=DEBUG msg="promql query logged" test=archv2-nxm-batched tool=conduit-v2 collector=conduit type=conduit collector=conduit type=conduit params="map[end:2026-08-02T22:55:35.966Z query:rate(conduit_pipeline_execution_duration_seconds_count{pipeline_name=\"archv2-nxm-batched\"}[2s]) start:2026-08-02T22:55:13.965Z step:1]" stats="&{Timings:{EvalTotalTime:8.5584e-05 ResultSortTime:8.33e-07 QueryPreparationTime:2.3458e-05 InnerEvalTime:5.25e-05 ExecQueueTime:3.25e-06 ExecTotalTime:0.000100042} Samples:0x1400138d710}" spanID=0000000000000000
time=2026-08-02T15:55:35.966-07:00 level=DEBUG msg="Query returned data" test=archv2-nxm-batched tool=conduit-v2 collector=conduit type=conduit collector=conduit type=conduit name=msg-rate-per-second[archv2-nxm-batched] series-count=1 last-value=55600
time=2026-08-02T15:55:35.966-07:00 level=DEBUG msg="promql query logged" test=archv2-nxm-batched tool=conduit-v2 collector=conduit type=conduit collector=conduit type=conduit params="map[end:2026-08-02T22:55:35.966Z query:rate(conduit_connector_bytes_sum{pipeline_name=\"archv2-nxm-batched\",type=\"source\"}[2s])/1048576 start:2026-08-02T22:55:13.965Z step:1]" stats="&{Timings:{EvalTotalTime:9.2125e-05 ResultSortTime:4e-06 QueryPreparationTime:1.2042e-05 InnerEvalTime:6.8042e-05 ExecQueueTime:8.041e-06 ExecTotalTime:9.6042e-05} Samples:0x14001520060}" spanID=0000000000000000
time=2026-08-02T15:55:35.966-07:00 level=WARN msg="Query returned multiple series, only first will be used" test=archv2-nxm-batched tool=conduit-v2 collector=conduit type=conduit collector=conduit type=conduit series-count=2
time=2026-08-02T15:55:35.966-07:00 level=DEBUG msg="Query returned data" test=archv2-nxm-batched tool=conduit-v2 collector=conduit type=conduit collector=conduit type=conduit name=msg-megabytes-in-per-second[archv2-nxm-batched] series-count=1 last-value=0.7793083190917969
time=2026-08-02T15:55:35.967-07:00 level=DEBUG msg="promql query logged" test=archv2-nxm-batched tool=conduit-v2 collector=conduit type=conduit collector=conduit type=conduit params="map[end:2026-08-02T22:55:35.966Z query:rate(conduit_connector_bytes_sum{pipeline_name=\"archv2-nxm-batched\",type=\"destination\"}[2s])/1048576 start:2026-08-02T22:55:13.965Z step:1]" stats="&{Timings:{EvalTotalTime:9.3334e-05 ResultSortTime:8.75e-07 QueryPreparationTime:1.3833e-05 InnerEvalTime:7.0792e-05 ExecQueueTime:1.834e-06 ExecTotalTime:9.825e-05} Samples:0x140014eeb70}" spanID=0000000000000000
time=2026-08-02T15:55:35.967-07:00 level=WARN msg="Query returned multiple series, only first will be used" test=archv2-nxm-batched tool=conduit-v2 collector=conduit type=conduit collector=conduit type=conduit series-count=2
time=2026-08-02T15:55:35.967-07:00 level=DEBUG msg="Query returned data" test=archv2-nxm-batched tool=conduit-v2 collector=conduit type=conduit collector=conduit type=conduit name=msg-megabytes-out-per-second[archv2-nxm-batched] series-count=1 last-value=1.5725812911987305
time=2026-08-02T15:55:36.095-07:00 level=DEBUG msg="Inspecting container" model=container-monitor name=benchi-conduit
time=2026-08-02T15:55:36.606-07:00 level=DEBUG msg="Inspecting container" model=container-monitor name=benchi-conduit
time=2026-08-02T15:55:36.966-07:00 level=DEBUG msg="promql query logged" test=archv2-nxm-batched tool=conduit-v2 collector=conduit type=conduit collector=conduit type=conduit params="map[end:2026-08-02T22:55:36.966Z query:rate(conduit_pipeline_execution_duration_seconds_count{pipeline_name=\"archv2-nxm-batched\"}[2s]) start:2026-08-02T22:55:13.965Z step:1]" stats="&{Timings:{EvalTotalTime:4.7208e-05 ResultSortTime:4.17e-07 QueryPreparationTime:1.3542e-05 InnerEvalTime:2.8917e-05 ExecQueueTime:2.043e-06 ExecTotalTime:5.15e-05} Samples:0x14001479e00}" spanID=0000000000000000
time=2026-08-02T15:55:36.966-07:00 level=DEBUG msg="Query returned data" test=archv2-nxm-batched tool=conduit-v2 collector=conduit type=conduit collector=conduit type=conduit name=msg-rate-per-second[archv2-nxm-batched] series-count=1 last-value=54719
time=2026-08-02T15:55:36.966-07:00 level=DEBUG msg="promql query logged" test=archv2-nxm-batched tool=conduit-v2 collector=conduit type=conduit collector=conduit type=conduit params="map[end:2026-08-02T22:55:36.966Z query:rate(conduit_connector_bytes_sum{pipeline_name=\"archv2-nxm-batched\",type=\"source\"}[2s])/1048576 start:2026-08-02T22:55:13.965Z step:1]" stats="&{Timings:{EvalTotalTime:5.5708e-05 ResultSortTime:7.08e-07 QueryPreparationTime:6e-06 InnerEvalTime:4.6083e-05 ExecQueueTime:7.92e-07 ExecTotalTime:5.7958e-05} Samples:0x140015de540}" spanID=0000000000000000
time=2026-08-02T15:55:36.966-07:00 level=WARN msg="Query returned multiple series, only first will be used" test=archv2-nxm-batched tool=conduit-v2 collector=conduit type=conduit collector=conduit type=conduit series-count=2
time=2026-08-02T15:55:36.966-07:00 level=DEBUG msg="Query returned data" test=archv2-nxm-batched tool=conduit-v2 collector=conduit type=conduit collector=conduit type=conduit name=msg-megabytes-in-per-second[archv2-nxm-batched] series-count=1 last-value=0.7781009674072266
time=2026-08-02T15:55:36.966-07:00 level=DEBUG msg="promql query logged" test=archv2-nxm-batched tool=conduit-v2 collector=conduit type=conduit collector=conduit type=conduit params="map[end:2026-08-02T22:55:36.966Z query:rate(conduit_connector_bytes_sum{pipeline_name=\"archv2-nxm-batched\",type=\"destination\"}[2s])/1048576 start:2026-08-02T22:55:13.965Z step:1]" stats="&{Timings:{EvalTotalTime:5.6167e-05 ResultSortTime:3.75e-07 QueryPreparationTime:6.584e-06 InnerEvalTime:4.5875e-05 ExecQueueTime:4.25e-06 ExecTotalTime:6.1917e-05} Samples:0x140016b25d0}" spanID=0000000000000000
time=2026-08-02T15:55:36.966-07:00 level=WARN msg="Query returned multiple series, only first will be used" test=archv2-nxm-batched tool=conduit-v2 collector=conduit type=conduit collector=conduit type=conduit series-count=2
time=2026-08-02T15:55:36.966-07:00 level=DEBUG msg="Query returned data" test=archv2-nxm-batched tool=conduit-v2 collector=conduit type=conduit collector=conduit type=conduit name=msg-megabytes-out-per-second[archv2-nxm-batched] series-count=1 last-value=1.5467233657836914
time=2026-08-02T15:55:37.113-07:00 level=DEBUG msg="Inspecting container" model=container-monitor name=benchi-conduit
time=2026-08-02T15:55:37.618-07:00 level=DEBUG msg="Inspecting container" model=container-monitor name=benchi-conduit
time=2026-08-02T15:55:37.966-07:00 level=DEBUG msg="promql query logged" test=archv2-nxm-batched tool=conduit-v2 collector=conduit type=conduit collector=conduit type=conduit params="map[end:2026-08-02T22:55:37.966Z query:rate(conduit_pipeline_execution_duration_seconds_count{pipeline_name=\"archv2-nxm-batched\"}[2s]) start:2026-08-02T22:55:13.965Z step:1]" stats="&{Timings:{EvalTotalTime:6.3042e-05 ResultSortTime:6.25e-07 QueryPreparationTime:2.0083e-05 InnerEvalTime:3.6666e-05 ExecQueueTime:3.167e-06 ExecTotalTime:6.8709e-05} Samples:0x1400162c210}" spanID=0000000000000000
time=2026-08-02T15:55:37.966-07:00 level=DEBUG msg="Query returned data" test=archv2-nxm-batched tool=conduit-v2 collector=conduit type=conduit collector=conduit type=conduit name=msg-rate-per-second[archv2-nxm-batched] series-count=1 last-value=60300
time=2026-08-02T15:55:37.966-07:00 level=DEBUG msg="promql query logged" test=archv2-nxm-batched tool=conduit-v2 collector=conduit type=conduit collector=conduit type=conduit params="map[end:2026-08-02T22:55:37.966Z query:rate(conduit_connector_bytes_sum{pipeline_name=\"archv2-nxm-batched\",type=\"source\"}[2s])/1048576 start:2026-08-02T22:55:13.965Z step:1]" stats="&{Timings:{EvalTotalTime:7.3333e-05 ResultSortTime:8.34e-07 QueryPreparationTime:5.75e-06 InnerEvalTime:6.3667e-05 ExecQueueTime:8.76e-07 ExecTotalTime:7.5667e-05} Samples:0x1400162c8d0}" spanID=0000000000000000
time=2026-08-02T15:55:37.966-07:00 level=WARN msg="Query returned multiple series, only first will be used" test=archv2-nxm-batched tool=conduit-v2 collector=conduit type=conduit collector=conduit type=conduit series-count=2
time=2026-08-02T15:55:37.966-07:00 level=DEBUG msg="Query returned data" test=archv2-nxm-batched tool=conduit-v2 collector=conduit type=conduit collector=conduit type=conduit name=msg-megabytes-in-per-second[archv2-nxm-batched] series-count=1 last-value=0.8452653884887695
time=2026-08-02T15:55:37.967-07:00 level=DEBUG msg="promql query logged" test=archv2-nxm-batched tool=conduit-v2 collector=conduit type=conduit collector=conduit type=conduit params="map[end:2026-08-02T22:55:37.967Z query:rate(conduit_connector_bytes_sum{pipeline_name=\"archv2-nxm-batched\",type=\"destination\"}[2s])/1048576 start:2026-08-02T22:55:13.965Z step:1]" stats="&{Timings:{EvalTotalTime:4.95e-05 ResultSortTime:5e-07 QueryPreparationTime:7.208e-06 InnerEvalTime:3.9167e-05 ExecQueueTime:1.667e-06 ExecTotalTime:5.4459e-05} Samples:0x1400162d650}" spanID=0000000000000000
time=2026-08-02T15:55:37.967-07:00 level=WARN msg="Query returned multiple series, only first will be used" test=archv2-nxm-batched tool=conduit-v2 collector=conduit type=conduit collector=conduit type=conduit series-count=2
time=2026-08-02T15:55:37.967-07:00 level=DEBUG msg="Query returned data" test=archv2-nxm-batched tool=conduit-v2 collector=conduit type=conduit collector=conduit type=conduit name=msg-megabytes-out-per-second[archv2-nxm-batched] series-count=1 last-value=1.700617790222168
time=2026-08-02T15:55:38.126-07:00 level=DEBUG msg="Inspecting container" model=container-monitor name=benchi-conduit
time=2026-08-02T15:55:38.638-07:00 level=DEBUG msg="Inspecting container" model=container-monitor name=benchi-conduit
time=2026-08-02T15:55:38.966-07:00 level=INFO msg="Test in progress" test=archv2-nxm-batched tool=conduit-v2 step=test time-left=35s
time=2026-08-02T15:55:38.966-07:00 level=DEBUG msg="promql query logged" test=archv2-nxm-batched tool=conduit-v2 collector=conduit type=conduit collector=conduit type=conduit params="map[end:2026-08-02T22:55:38.965Z query:rate(conduit_pipeline_execution_duration_seconds_count{pipeline_name=\"archv2-nxm-batched\"}[2s]) start:2026-08-02T22:55:13.965Z step:1]" stats="&{Timings:{EvalTotalTime:5.9292e-05 ResultSortTime:3.75e-07 QueryPreparationTime:1.5958e-05 InnerEvalTime:3.7584e-05 ExecQueueTime:2.542e-06 ExecTotalTime:6.75e-05} Samples:0x14001892420}" spanID=0000000000000000
time=2026-08-02T15:55:38.966-07:00 level=DEBUG msg="Query returned data" test=archv2-nxm-batched tool=conduit-v2 collector=conduit type=conduit collector=conduit type=conduit name=msg-rate-per-second[archv2-nxm-batched] series-count=1 last-value=56886.22754491017
time=2026-08-02T15:55:38.966-07:00 level=DEBUG msg="promql query logged" test=archv2-nxm-batched tool=conduit-v2 collector=conduit type=conduit collector=conduit type=conduit params="map[end:2026-08-02T22:55:38.966Z query:rate(conduit_connector_bytes_sum{pipeline_name=\"archv2-nxm-batched\",type=\"source\"}[2s])/1048576 start:2026-08-02T22:55:13.965Z step:1]" stats="&{Timings:{EvalTotalTime:6.6917e-05 ResultSortTime:8.75e-07 QueryPreparationTime:6.667e-06 InnerEvalTime:5.6083e-05 ExecQueueTime:1e-06 ExecTotalTime:6.9625e-05} Samples:0x14001892ae0}" spanID=0000000000000000
time=2026-08-02T15:55:38.966-07:00 level=WARN msg="Query returned multiple series, only first will be used" test=archv2-nxm-batched tool=conduit-v2 collector=conduit type=conduit collector=conduit type=conduit series-count=2
time=2026-08-02T15:55:38.966-07:00 level=DEBUG msg="Query returned data" test=archv2-nxm-batched tool=conduit-v2 collector=conduit type=conduit collector=conduit type=conduit name=msg-megabytes-in-per-second[archv2-nxm-batched] series-count=1 last-value=0.7996768532636873
time=2026-08-02T15:55:38.966-07:00 level=DEBUG msg="promql query logged" test=archv2-nxm-batched tool=conduit-v2 collector=conduit type=conduit collector=conduit type=conduit params="map[end:2026-08-02T22:55:38.966Z query:rate(conduit_connector_bytes_sum{pipeline_name=\"archv2-nxm-batched\",type=\"destination\"}[2s])/1048576 start:2026-08-02T22:55:13.965Z step:1]" stats="&{Timings:{EvalTotalTime:9.0792e-05 ResultSortTime:6.25e-07 QueryPreparationTime:2.7791e-05 InnerEvalTime:5.7666e-05 ExecQueueTime:1.167e-06 ExecTotalTime:9.4083e-05} Samples:0x14001837740}" spanID=0000000000000000
time=2026-08-02T15:55:38.966-07:00 level=WARN msg="Query returned multiple series, only first will be used" test=archv2-nxm-batched tool=conduit-v2 collector=conduit type=conduit collector=conduit type=conduit series-count=2
time=2026-08-02T15:55:38.967-07:00 level=DEBUG msg="Query returned data" test=archv2-nxm-batched tool=conduit-v2 collector=conduit type=conduit collector=conduit type=conduit name=msg-megabytes-out-per-second[archv2-nxm-batched] series-count=1 last-value=1.6089818196858234
time=2026-08-02T15:55:39.153-07:00 level=DEBUG msg="Inspecting container" model=container-monitor name=benchi-conduit
time=2026-08-02T15:55:39.659-07:00 level=DEBUG msg="Inspecting container" model=container-monitor name=benchi-conduit
time=2026-08-02T15:55:39.966-07:00 level=DEBUG msg="promql query logged" test=archv2-nxm-batched tool=conduit-v2 collector=conduit type=conduit collector=conduit type=conduit params="map[end:2026-08-02T22:55:39.966Z query:rate(conduit_pipeline_execution_duration_seconds_count{pipeline_name=\"archv2-nxm-batched\"}[2s]) start:2026-08-02T22:55:13.965Z step:1]" stats="&{Timings:{EvalTotalTime:7.0334e-05 ResultSortTime:5.42e-07 QueryPreparationTime:1.8125e-05 InnerEvalTime:4.525e-05 ExecQueueTime:3.208e-06 ExecTotalTime:7.7292e-05} Samples:0x1400130c870}" spanID=0000000000000000
time=2026-08-02T15:55:39.966-07:00 level=DEBUG msg="Query returned data" test=archv2-nxm-batched tool=conduit-v2 collector=conduit type=conduit collector=conduit type=conduit name=msg-rate-per-second[archv2-nxm-batched] series-count=1 last-value=63226.45290581162
time=2026-08-02T15:55:39.966-07:00 level=DEBUG msg="promql query logged" test=archv2-nxm-batched tool=conduit-v2 collector=conduit type=conduit collector=conduit type=conduit params="map[end:2026-08-02T22:55:39.966Z query:rate(conduit_connector_bytes_sum{pipeline_name=\"archv2-nxm-batched\",type=\"source\"}[2s])/1048576 start:2026-08-02T22:55:13.965Z step:1]" stats="&{Timings:{EvalTotalTime:0.000107042 ResultSortTime:1.083e-06 QueryPreparationTime:8.625e-06 InnerEvalTime:9.3e-05 ExecQueueTime:1.334e-06 ExecTotalTime:0.00011025} Samples:0x1400130cf60}" spanID=0000000000000000
time=2026-08-02T15:55:39.966-07:00 level=WARN msg="Query returned multiple series, only first will be used" test=archv2-nxm-batched tool=conduit-v2 collector=conduit type=conduit collector=conduit type=conduit series-count=2
time=2026-08-02T15:55:39.966-07:00 level=DEBUG msg="Query returned data" test=archv2-nxm-batched tool=conduit-v2 collector=conduit type=conduit collector=conduit type=conduit name=msg-megabytes-in-per-second[archv2-nxm-batched] series-count=1 last-value=0.8965178816495294
time=2026-08-02T15:55:39.967-07:00 level=DEBUG msg="promql query logged" test=archv2-nxm-batched tool=conduit-v2 collector=conduit type=conduit collector=conduit type=conduit params="map[end:2026-08-02T22:55:39.966Z query:rate(conduit_connector_bytes_sum{pipeline_name=\"archv2-nxm-batched\",type=\"destination\"}[2s])/1048576 start:2026-08-02T22:55:13.965Z step:1]" stats="&{Timings:{EvalTotalTime:6.1958e-05 ResultSortTime:5.42e-07 QueryPreparationTime:7.75e-06 InnerEvalTime:5.0167e-05 ExecQueueTime:9.58e-07 ExecTotalTime:6.4791e-05} Samples:0x1400130df20}" spanID=0000000000000000
time=2026-08-02T15:55:39.967-07:00 level=WARN msg="Query returned multiple series, only first will be used" test=archv2-nxm-batched tool=conduit-v2 collector=conduit type=conduit collector=conduit type=conduit series-count=2
time=2026-08-02T15:55:39.967-07:00 level=DEBUG msg="Query returned data" test=archv2-nxm-batched tool=conduit-v2 collector=conduit type=conduit collector=conduit type=conduit name=msg-megabytes-out-per-second[archv2-nxm-batched] series-count=1 last-value=1.7882263015410702
time=2026-08-02T15:55:40.177-07:00 level=DEBUG msg="Inspecting container" model=container-monitor name=benchi-conduit
time=2026-08-02T15:55:40.686-07:00 level=DEBUG msg="Inspecting container" model=container-monitor name=benchi-conduit
time=2026-08-02T15:55:40.966-07:00 level=DEBUG msg="promql query logged" test=archv2-nxm-batched tool=conduit-v2 collector=conduit type=conduit collector=conduit type=conduit params="map[end:2026-08-02T22:55:40.966Z query:rate(conduit_pipeline_execution_duration_seconds_count{pipeline_name=\"archv2-nxm-batched\"}[2s]) start:2026-08-02T22:55:13.965Z step:1]" stats="&{Timings:{EvalTotalTime:5.2667e-05 ResultSortTime:4.17e-07 QueryPreparationTime:1.4875e-05 InnerEvalTime:3.225e-05 ExecQueueTime:1.875e-06 ExecTotalTime:5.6459e-05} Samples:0x14001904a80}" spanID=0000000000000000
time=2026-08-02T15:55:40.966-07:00 level=DEBUG msg="Query returned data" test=archv2-nxm-batched tool=conduit-v2 collector=conduit type=conduit collector=conduit type=conduit name=msg-rate-per-second[archv2-nxm-batched] series-count=1 last-value=56934
time=2026-08-02T15:55:40.966-07:00 level=DEBUG msg="promql query logged" test=archv2-nxm-batched tool=conduit-v2 collector=conduit type=conduit collector=conduit type=conduit params="map[end:2026-08-02T22:55:40.966Z query:rate(conduit_connector_bytes_sum{pipeline_name=\"archv2-nxm-batched\",type=\"source\"}[2s])/1048576 start:2026-08-02T22:55:13.965Z step:1]" stats="&{Timings:{EvalTotalTime:6.5334e-05 ResultSortTime:8.75e-07 QueryPreparationTime:6.208e-06 InnerEvalTime:5.5375e-05 ExecQueueTime:8.33e-07 ExecTotalTime:6.775e-05} Samples:0x14001905170}" spanID=0000000000000000
time=2026-08-02T15:55:40.966-07:00 level=WARN msg="Query returned multiple series, only first will be used" test=archv2-nxm-batched tool=conduit-v2 collector=conduit type=conduit collector=conduit type=conduit series-count=2
time=2026-08-02T15:55:40.966-07:00 level=DEBUG msg="Query returned data" test=archv2-nxm-batched tool=conduit-v2 collector=conduit type=conduit collector=conduit type=conduit name=msg-megabytes-in-per-second[archv2-nxm-batched] series-count=1 last-value=0.8159923553466797
time=2026-08-02T15:55:40.967-07:00 level=DEBUG msg="promql query logged" test=archv2-nxm-batched tool=conduit-v2 collector=conduit type=conduit collector=conduit type=conduit params="map[end:2026-08-02T22:55:40.966Z query:rate(conduit_connector_bytes_sum{pipeline_name=\"archv2-nxm-batched\",type=\"destination\"}[2s])/1048576 start:2026-08-02T22:55:13.965Z step:1]" stats="&{Timings:{EvalTotalTime:5.8458e-05 ResultSortTime:3.34e-07 QueryPreparationTime:6.583e-06 InnerEvalTime:4.725e-05 ExecQueueTime:6.67e-07 ExecTotalTime:6.0833e-05} Samples:0x140017aa120}" spanID=0000000000000000
time=2026-08-02T15:55:40.967-07:00 level=WARN msg="Query returned multiple series, only first will be used" test=archv2-nxm-batched tool=conduit-v2 collector=conduit type=conduit collector=conduit type=conduit series-count=2
time=2026-08-02T15:55:40.967-07:00 level=DEBUG msg="Query returned data" test=archv2-nxm-batched tool=conduit-v2 collector=conduit type=conduit collector=conduit type=conduit name=msg-megabytes-out-per-second[archv2-nxm-batched] series-count=1 last-value=1.606842041015625
time=2026-08-02T15:55:41.201-07:00 level=DEBUG msg="Inspecting container" model=container-monitor name=benchi-conduit
time=2026-08-02T15:55:41.711-07:00 level=DEBUG msg="Inspecting container" model=container-monitor name=benchi-conduit
time=2026-08-02T15:55:41.966-07:00 level=DEBUG msg="promql query logged" test=archv2-nxm-batched tool=conduit-v2 collector=conduit type=conduit collector=conduit type=conduit params="map[end:2026-08-02T22:55:41.966Z query:rate(conduit_pipeline_execution_duration_seconds_count{pipeline_name=\"archv2-nxm-batched\"}[2s]) start:2026-08-02T22:55:13.965Z step:1]" stats="&{Timings:{EvalTotalTime:6.0208e-05 ResultSortTime:6.25e-07 QueryPreparationTime:1.725e-05 InnerEvalTime:3.6375e-05 ExecQueueTime:2.208e-06 ExecTotalTime:6.4167e-05} Samples:0x1400136ae70}" spanID=0000000000000000
time=2026-08-02T15:55:41.966-07:00 level=DEBUG msg="Query returned data" test=archv2-nxm-batched tool=conduit-v2 collector=conduit type=conduit collector=conduit type=conduit name=msg-rate-per-second[archv2-nxm-batched] series-count=1 last-value=59395
time=2026-08-02T15:55:41.966-07:00 level=DEBUG msg="promql query logged" test=archv2-nxm-batched tool=conduit-v2 collector=conduit type=conduit collector=conduit type=conduit params="map[end:2026-08-02T22:55:41.966Z query:rate(conduit_connector_bytes_sum{pipeline_name=\"archv2-nxm-batched\",type=\"source\"}[2s])/1048576 start:2026-08-02T22:55:13.965Z step:1]" stats="&{Timings:{EvalTotalTime:6.45e-05 ResultSortTime:7.92e-07 QueryPreparationTime:6.125e-06 InnerEvalTime:5.475e-05 ExecQueueTime:7.08e-07 ExecTotalTime:6.6791e-05} Samples:0x1400136b6b0}" spanID=0000000000000000
time=2026-08-02T15:55:41.966-07:00 level=WARN msg="Query returned multiple series, only first will be used" test=archv2-nxm-batched tool=conduit-v2 collector=conduit type=conduit collector=conduit type=conduit series-count=2
time=2026-08-02T15:55:41.967-07:00 level=DEBUG msg="Query returned data" test=archv2-nxm-batched tool=conduit-v2 collector=conduit type=conduit collector=conduit type=conduit name=msg-megabytes-in-per-second[archv2-nxm-batched] series-count=1 last-value=0.8469715118408203
time=2026-08-02T15:55:41.967-07:00 level=DEBUG msg="promql query logged" test=archv2-nxm-batched tool=conduit-v2 collector=conduit type=conduit collector=conduit type=conduit params="map[end:2026-08-02T22:55:41.967Z query:rate(conduit_connector_bytes_sum{pipeline_name=\"archv2-nxm-batched\",type=\"destination\"}[2s])/1048576 start:2026-08-02T22:55:13.965Z step:1]" stats="&{Timings:{EvalTotalTime:5.5e-05 ResultSortTime:2.91e-07 QueryPreparationTime:5.625e-06 InnerEvalTime:4.5375e-05 ExecQueueTime:8.33e-07 ExecTotalTime:5.7416e-05} Samples:0x14000976930}" spanID=0000000000000000
time=2026-08-02T15:55:41.967-07:00 level=WARN msg="Query returned multiple series, only first will be used" test=archv2-nxm-batched tool=conduit-v2 collector=conduit type=conduit collector=conduit type=conduit series-count=2
time=2026-08-02T15:55:41.967-07:00 level=DEBUG msg="Query returned data" test=archv2-nxm-batched tool=conduit-v2 collector=conduit type=conduit collector=conduit type=conduit name=msg-megabytes-out-per-second[archv2-nxm-batched] series-count=1 last-value=1.6773738861083984
time=2026-08-02T15:55:42.217-07:00 level=DEBUG msg="Inspecting container" model=container-monitor name=benchi-conduit
time=2026-08-02T15:55:42.730-07:00 level=DEBUG msg="Inspecting container" model=container-monitor name=benchi-conduit
time=2026-08-02T15:55:42.966-07:00 level=DEBUG msg="promql query logged" test=archv2-nxm-batched tool=conduit-v2 collector=conduit type=conduit collector=conduit type=conduit params="map[end:2026-08-02T22:55:42.965Z query:rate(conduit_pipeline_execution_duration_seconds_count{pipeline_name=\"archv2-nxm-batched\"}[2s]) start:2026-08-02T22:55:13.965Z step:1]" stats="&{Timings:{EvalTotalTime:6.425e-05 ResultSortTime:4.16e-07 QueryPreparationTime:1.8e-05 InnerEvalTime:4.0042e-05 ExecQueueTime:2.541e-06 ExecTotalTime:6.95e-05} Samples:0x1400124cb10}" spanID=0000000000000000
time=2026-08-02T15:55:42.966-07:00 level=DEBUG msg="Query returned data" test=archv2-nxm-batched tool=conduit-v2 collector=conduit type=conduit collector=conduit type=conduit name=msg-rate-per-second[archv2-nxm-batched] series-count=1 last-value=56901
time=2026-08-02T15:55:42.966-07:00 level=DEBUG msg="promql query logged" test=archv2-nxm-batched tool=conduit-v2 collector=conduit type=conduit collector=conduit type=conduit params="map[end:2026-08-02T22:55:42.966Z query:rate(conduit_connector_bytes_sum{pipeline_name=\"archv2-nxm-batched\",type=\"source\"}[2s])/1048576 start:2026-08-02T22:55:13.965Z step:1]" stats="&{Timings:{EvalTotalTime:8.4333e-05 ResultSortTime:9.17e-07 QueryPreparationTime:1.0417e-05 InnerEvalTime:6.8666e-05 ExecQueueTime:1.708e-06 ExecTotalTime:8.7917e-05} Samples:0x1400124d1d0}" spanID=0000000000000000
time=2026-08-02T15:55:42.966-07:00 level=WARN msg="Query returned multiple series, only first will be used" test=archv2-nxm-batched tool=conduit-v2 collector=conduit type=conduit collector=conduit type=conduit series-count=2
time=2026-08-02T15:55:42.966-07:00 level=DEBUG msg="Query returned data" test=archv2-nxm-batched tool=conduit-v2 collector=conduit type=conduit collector=conduit type=conduit name=msg-megabytes-in-per-second[archv2-nxm-batched] series-count=1 last-value=0.8072881698608398
time=2026-08-02T15:55:42.966-07:00 level=DEBUG msg="promql query logged" test=archv2-nxm-batched tool=conduit-v2 collector=conduit type=conduit collector=conduit type=conduit params="map[end:2026-08-02T22:55:42.966Z query:rate(conduit_connector_bytes_sum{pipeline_name=\"archv2-nxm-batched\",type=\"destination\"}[2s])/1048576 start:2026-08-02T22:55:13.965Z step:1]" stats="&{Timings:{EvalTotalTime:6.8e-05 ResultSortTime:4.58e-07 QueryPreparationTime:8.583e-06 InnerEvalTime:5.3917e-05 ExecQueueTime:1.083e-06 ExecTotalTime:7.1125e-05} Samples:0x1400179c150}" spanID=0000000000000000
time=2026-08-02T15:55:42.966-07:00 level=WARN msg="Query returned multiple series, only first will be used" test=archv2-nxm-batched tool=conduit-v2 collector=conduit type=conduit collector=conduit type=conduit series-count=2
time=2026-08-02T15:55:42.967-07:00 level=DEBUG msg="Query returned data" test=archv2-nxm-batched tool=conduit-v2 collector=conduit type=conduit collector=conduit type=conduit name=msg-megabytes-out-per-second[archv2-nxm-batched] series-count=1 last-value=1.609659194946289
time=2026-08-02T15:55:43.246-07:00 level=DEBUG msg="Inspecting container" model=container-monitor name=benchi-conduit
time=2026-08-02T15:55:43.770-07:00 level=DEBUG msg="Inspecting container" model=container-monitor name=benchi-conduit
time=2026-08-02T15:55:43.965-07:00 level=DEBUG msg="promql query logged" test=archv2-nxm-batched tool=conduit-v2 collector=conduit type=conduit collector=conduit type=conduit params="map[end:2026-08-02T22:55:43.965Z query:rate(conduit_pipeline_execution_duration_seconds_count{pipeline_name=\"archv2-nxm-batched\"}[2s]) start:2026-08-02T22:55:13.965Z step:1]" stats="&{Timings:{EvalTotalTime:6.325e-05 ResultSortTime:6.25e-07 QueryPreparationTime:1.7667e-05 InnerEvalTime:3.9417e-05 ExecQueueTime:2.292e-06 ExecTotalTime:6.9e-05} Samples:0x1400168aea0}" spanID=0000000000000000
time=2026-08-02T15:55:43.966-07:00 level=DEBUG msg="Query returned data" test=archv2-nxm-batched tool=conduit-v2 collector=conduit type=conduit collector=conduit type=conduit name=msg-rate-per-second[archv2-nxm-batched] series-count=1 last-value=57726.81954137587
time=2026-08-02T15:55:43.966-07:00 level=DEBUG msg="promql query logged" test=archv2-nxm-batched tool=conduit-v2 collector=conduit type=conduit collector=conduit type=conduit params="map[end:2026-08-02T22:55:43.966Z query:rate(conduit_connector_bytes_sum{pipeline_name=\"archv2-nxm-batched\",type=\"source\"}[2s])/1048576 start:2026-08-02T22:55:13.965Z step:1]" stats="&{Timings:{EvalTotalTime:7.0042e-05 ResultSortTime:8.34e-07 QueryPreparationTime:6.167e-06 InnerEvalTime:5.8959e-05 ExecQueueTime:8.33e-07 ExecTotalTime:7.3e-05} Samples:0x1400168b560}" spanID=0000000000000000
time=2026-08-02T15:55:43.966-07:00 level=WARN msg="Query returned multiple series, only first will be used" test=archv2-nxm-batched tool=conduit-v2 collector=conduit type=conduit collector=conduit type=conduit series-count=2
time=2026-08-02T15:55:43.966-07:00 level=DEBUG msg="Query returned data" test=archv2-nxm-batched tool=conduit-v2 collector=conduit type=conduit collector=conduit type=conduit name=msg-megabytes-in-per-second[archv2-nxm-batched] series-count=1 last-value=0.8314727904908322
time=2026-08-02T15:55:43.966-07:00 level=INFO msg="Test in progress" test=archv2-nxm-batched tool=conduit-v2 step=test time-left=30s
time=2026-08-02T15:55:43.966-07:00 level=DEBUG msg="promql query logged" test=archv2-nxm-batched tool=conduit-v2 collector=conduit type=conduit collector=conduit type=conduit params="map[end:2026-08-02T22:55:43.966Z query:rate(conduit_connector_bytes_sum{pipeline_name=\"archv2-nxm-batched\",type=\"destination\"}[2s])/1048576 start:2026-08-02T22:55:13.965Z step:1]" stats="&{Timings:{EvalTotalTime:7.2292e-05 ResultSortTime:5e-07 QueryPreparationTime:8.459e-06 InnerEvalTime:5.9291e-05 ExecQueueTime:1.501e-06 ExecTotalTime:7.5166e-05} Samples:0x14000aedb60}" spanID=0000000000000000
time=2026-08-02T15:55:43.966-07:00 level=WARN msg="Query returned multiple series, only first will be used" test=archv2-nxm-batched tool=conduit-v2 collector=conduit type=conduit collector=conduit type=conduit series-count=2
time=2026-08-02T15:55:43.966-07:00 level=DEBUG msg="Query returned data" test=archv2-nxm-batched tool=conduit-v2 collector=conduit type=conduit collector=conduit type=conduit name=msg-megabytes-out-per-second[archv2-nxm-batched] series-count=1 last-value=1.627874517012926
time=2026-08-02T15:55:44.279-07:00 level=DEBUG msg="Inspecting container" model=container-monitor name=benchi-conduit
time=2026-08-02T15:55:44.786-07:00 level=DEBUG msg="Inspecting container" model=container-monitor name=benchi-conduit
time=2026-08-02T15:55:44.966-07:00 level=DEBUG msg="promql query logged" test=archv2-nxm-batched tool=conduit-v2 collector=conduit type=conduit collector=conduit type=conduit params="map[end:2026-08-02T22:55:44.966Z query:rate(conduit_pipeline_execution_duration_seconds_count{pipeline_name=\"archv2-nxm-batched\"}[2s]) start:2026-08-02T22:55:13.965Z step:1]" stats="&{Timings:{EvalTotalTime:5.0625e-05 ResultSortTime:3.75e-07 QueryPreparationTime:1.3958e-05 InnerEvalTime:3.1458e-05 ExecQueueTime:1.75e-06 ExecTotalTime:5.4583e-05} Samples:0x140011252c0}" spanID=0000000000000000
time=2026-08-02T15:55:44.966-07:00 level=DEBUG msg="Query returned data" test=archv2-nxm-batched tool=conduit-v2 collector=conduit type=conduit collector=conduit type=conduit name=msg-rate-per-second[archv2-nxm-batched] series-count=1 last-value=60381.143430290875
time=2026-08-02T15:55:44.966-07:00 level=DEBUG msg="promql query logged" test=archv2-nxm-batched tool=conduit-v2 collector=conduit type=conduit collector=conduit type=conduit params="map[end:2026-08-02T22:55:44.966Z query:rate(conduit_connector_bytes_sum{pipeline_name=\"archv2-nxm-batched\",type=\"source\"}[2s])/1048576 start:2026-08-02T22:55:13.965Z step:1]" stats="&{Timings:{EvalTotalTime:7.1208e-05 ResultSortTime:8.33e-07 QueryPreparationTime:7.666e-06 InnerEvalTime:5.925e-05 ExecQueueTime:1.125e-06 ExecTotalTime:7.4e-05} Samples:0x14001125a70}" spanID=0000000000000000
time=2026-08-02T15:55:44.966-07:00 level=WARN msg="Query returned multiple series, only first will be used" test=archv2-nxm-batched tool=conduit-v2 collector=conduit type=conduit collector=conduit type=conduit series-count=2
time=2026-08-02T15:55:44.967-07:00 level=DEBUG msg="Query returned data" test=archv2-nxm-batched tool=conduit-v2 collector=conduit type=conduit collector=conduit type=conduit name=msg-megabytes-in-per-second[archv2-nxm-batched] series-count=1 last-value=0.8415931923578353
time=2026-08-02T15:55:44.967-07:00 level=DEBUG msg="promql query logged" test=archv2-nxm-batched tool=conduit-v2 collector=conduit type=conduit collector=conduit type=conduit params="map[end:2026-08-02T22:55:44.967Z query:rate(conduit_connector_bytes_sum{pipeline_name=\"archv2-nxm-batched\",type=\"destination\"}[2s])/1048576 start:2026-08-02T22:55:13.965Z step:1]" stats="&{Timings:{EvalTotalTime:7.1208e-05 ResultSortTime:5e-07 QueryPreparationTime:1.0083e-05 InnerEvalTime:5.7042e-05 ExecQueueTime:1.083e-06 ExecTotalTime:7.3958e-05} Samples:0x1400163d4d0}" spanID=0000000000000000
time=2026-08-02T15:55:44.967-07:00 level=WARN msg="Query returned multiple series, only first will be used" test=archv2-nxm-batched tool=conduit-v2 collector=conduit type=conduit collector=conduit type=conduit series-count=2
time=2026-08-02T15:55:44.967-07:00 level=DEBUG msg="Query returned data" test=archv2-nxm-batched tool=conduit-v2 collector=conduit type=conduit collector=conduit type=conduit name=msg-megabytes-out-per-second[archv2-nxm-batched] series-count=1 last-value=1.704772711995851
time=2026-08-02T15:55:45.295-07:00 level=DEBUG msg="Inspecting container" model=container-monitor name=benchi-conduit
time=2026-08-02T15:55:45.803-07:00 level=DEBUG msg="Inspecting container" model=container-monitor name=benchi-conduit
time=2026-08-02T15:55:45.966-07:00 level=DEBUG msg="promql query logged" test=archv2-nxm-batched tool=conduit-v2 collector=conduit type=conduit collector=conduit type=conduit params="map[end:2026-08-02T22:55:45.966Z query:rate(conduit_pipeline_execution_duration_seconds_count{pipeline_name=\"archv2-nxm-batched\"}[2s]) start:2026-08-02T22:55:13.965Z step:1]" stats="&{Timings:{EvalTotalTime:7.9583e-05 ResultSortTime:8.33e-07 QueryPreparationTime:2.225e-05 InnerEvalTime:4.9083e-05 ExecQueueTime:3.458e-06 ExecTotalTime:8.6792e-05} Samples:0x140014efce0}" spanID=0000000000000000
time=2026-08-02T15:55:45.966-07:00 level=DEBUG msg="Query returned data" test=archv2-nxm-batched tool=conduit-v2 collector=conduit type=conduit collector=conduit type=conduit name=msg-rate-per-second[archv2-nxm-batched] series-count=1 last-value=55358
time=2026-08-02T15:55:45.967-07:00 level=DEBUG msg="promql query logged" test=archv2-nxm-batched tool=conduit-v2 collector=conduit type=conduit collector=conduit type=conduit params="map[end:2026-08-02T22:55:45.967Z query:rate(conduit_connector_bytes_sum{pipeline_name=\"archv2-nxm-batched\",type=\"source\"}[2s])/1048576 start:2026-08-02T22:55:13.965Z step:1]" stats="&{Timings:{EvalTotalTime:9.1084e-05 ResultSortTime:1.584e-06 QueryPreparationTime:1.0625e-05 InnerEvalTime:7.4125e-05 ExecQueueTime:1.791e-06 ExecTotalTime:9.7291e-05} Samples:0x1400162c4e0}" spanID=0000000000000000
time=2026-08-02T15:55:45.967-07:00 level=WARN msg="Query returned multiple series, only first will be used" test=archv2-nxm-batched tool=conduit-v2 collector=conduit type=conduit collector=conduit type=conduit series-count=2
time=2026-08-02T15:55:45.967-07:00 level=DEBUG msg="Query returned data" test=archv2-nxm-batched tool=conduit-v2 collector=conduit type=conduit collector=conduit type=conduit name=msg-megabytes-in-per-second[archv2-nxm-batched] series-count=1 last-value=0.7843484878540039
time=2026-08-02T15:55:45.967-07:00 level=DEBUG msg="promql query logged" test=archv2-nxm-batched tool=conduit-v2 collector=conduit type=conduit collector=conduit type=conduit params="map[end:2026-08-02T22:55:45.967Z query:rate(conduit_connector_bytes_sum{pipeline_name=\"archv2-nxm-batched\",type=\"destination\"}[2s])/1048576 start:2026-08-02T22:55:13.965Z step:1]" stats="&{Timings:{EvalTotalTime:7.625e-05 ResultSortTime:8.33e-07 QueryPreparationTime:8.833e-06 InnerEvalTime:6.2166e-05 ExecQueueTime:1.167e-06 ExecTotalTime:7.9792e-05} Samples:0x1400162ccc0}" spanID=0000000000000000
time=2026-08-02T15:55:45.967-07:00 level=WARN msg="Query returned multiple series, only first will be used" test=archv2-nxm-batched tool=conduit-v2 collector=conduit type=conduit collector=conduit type=conduit series-count=2
time=2026-08-02T15:55:45.969-07:00 level=DEBUG msg="Query returned data" test=archv2-nxm-batched tool=conduit-v2 collector=conduit type=conduit collector=conduit type=conduit name=msg-megabytes-out-per-second[archv2-nxm-batched] series-count=1 last-value=1.5678586959838867
time=2026-08-02T15:55:46.318-07:00 level=DEBUG msg="Inspecting container" model=container-monitor name=benchi-conduit
time=2026-08-02T15:55:46.835-07:00 level=DEBUG msg="Inspecting container" model=container-monitor name=benchi-conduit
time=2026-08-02T15:55:46.966-07:00 level=DEBUG msg="promql query logged" test=archv2-nxm-batched tool=conduit-v2 collector=conduit type=conduit collector=conduit type=conduit params="map[end:2026-08-02T22:55:46.965Z query:rate(conduit_pipeline_execution_duration_seconds_count{pipeline_name=\"archv2-nxm-batched\"}[2s]) start:2026-08-02T22:55:13.965Z step:1]" stats="&{Timings:{EvalTotalTime:5.3125e-05 ResultSortTime:7.09e-07 QueryPreparationTime:1.4666e-05 InnerEvalTime:3.3292e-05 ExecQueueTime:2.042e-06 ExecTotalTime:5.7458e-05} Samples:0x14001576c30}" spanID=0000000000000000
time=2026-08-02T15:55:46.966-07:00 level=DEBUG msg="Query returned data" test=archv2-nxm-batched tool=conduit-v2 collector=conduit type=conduit collector=conduit type=conduit name=msg-rate-per-second[archv2-nxm-batched] series-count=1 last-value=57707
time=2026-08-02T15:55:46.966-07:00 level=DEBUG msg="promql query logged" test=archv2-nxm-batched tool=conduit-v2 collector=conduit type=conduit collector=conduit type=conduit params="map[end:2026-08-02T22:55:46.966Z query:rate(conduit_connector_bytes_sum{pipeline_name=\"archv2-nxm-batched\",type=\"source\"}[2s])/1048576 start:2026-08-02T22:55:13.965Z step:1]" stats="&{Timings:{EvalTotalTime:7.0708e-05 ResultSortTime:7.5e-07 QueryPreparationTime:7.792e-06 InnerEvalTime:5.9167e-05 ExecQueueTime:8.75e-07 ExecTotalTime:7.3e-05} Samples:0x140015772f0}" spanID=0000000000000000
time=2026-08-02T15:55:46.966-07:00 level=WARN msg="Query returned multiple series, only first will be used" test=archv2-nxm-batched tool=conduit-v2 collector=conduit type=conduit collector=conduit type=conduit series-count=2
time=2026-08-02T15:55:46.966-07:00 level=DEBUG msg="Query returned data" test=archv2-nxm-batched tool=conduit-v2 collector=conduit type=conduit collector=conduit type=conduit name=msg-megabytes-in-per-second[archv2-nxm-batched] series-count=1 last-value=0.8124141693115234
time=2026-08-02T15:55:46.966-07:00 level=DEBUG msg="promql query logged" test=archv2-nxm-batched tool=conduit-v2 collector=conduit type=conduit collector=conduit type=conduit params="map[end:2026-08-02T22:55:46.966Z query:rate(conduit_connector_bytes_sum{pipeline_name=\"archv2-nxm-batched\",type=\"destination\"}[2s])/1048576 start:2026-08-02T22:55:13.965Z step:1]" stats="&{Timings:{EvalTotalTime:6.9416e-05 ResultSortTime:5e-07 QueryPreparationTime:7.375e-06 InnerEvalTime:5.8292e-05 ExecQueueTime:3.667e-06 ExecTotalTime:7.475e-05} Samples:0x1400144b290}" spanID=0000000000000000
time=2026-08-02T15:55:46.966-07:00 level=WARN msg="Query returned multiple series, only first will be used" test=archv2-nxm-batched tool=conduit-v2 collector=conduit type=conduit collector=conduit type=conduit series-count=2
time=2026-08-02T15:55:46.966-07:00 level=DEBUG msg="Query returned data" test=archv2-nxm-batched tool=conduit-v2 collector=conduit type=conduit collector=conduit type=conduit name=msg-megabytes-out-per-second[archv2-nxm-batched] series-count=1 last-value=1.6275415420532227
time=2026-08-02T15:55:47.345-07:00 level=DEBUG msg="Inspecting container" model=container-monitor name=benchi-conduit
time=2026-08-02T15:55:47.857-07:00 level=DEBUG msg="Inspecting container" model=container-monitor name=benchi-conduit
time=2026-08-02T15:55:47.966-07:00 level=DEBUG msg="promql query logged" test=archv2-nxm-batched tool=conduit-v2 collector=conduit type=conduit collector=conduit type=conduit params="map[end:2026-08-02T22:55:47.965Z query:rate(conduit_pipeline_execution_duration_seconds_count{pipeline_name=\"archv2-nxm-batched\"}[2s]) start:2026-08-02T22:55:13.965Z step:1]" stats="&{Timings:{EvalTotalTime:8.0417e-05 ResultSortTime:2.92e-07 QueryPreparationTime:1.5583e-05 InnerEvalTime:5.7041e-05 ExecQueueTime:3.125e-06 ExecTotalTime:9.5333e-05} Samples:0x140014892f0}" spanID=0000000000000000
time=2026-08-02T15:55:47.966-07:00 level=DEBUG msg="Query returned data" test=archv2-nxm-batched tool=conduit-v2 collector=conduit type=conduit collector=conduit type=conduit name=msg-rate-per-second[archv2-nxm-batched] series-count=1 last-value=59900
time=2026-08-02T15:55:47.966-07:00 level=DEBUG msg="promql query logged" test=archv2-nxm-batched tool=conduit-v2 collector=conduit type=conduit collector=conduit type=conduit params="map[end:2026-08-02T22:55:47.966Z query:rate(conduit_connector_bytes_sum{pipeline_name=\"archv2-nxm-batched\",type=\"source\"}[2s])/1048576 start:2026-08-02T22:55:13.965Z step:1]" stats="&{Timings:{EvalTotalTime:7.6041e-05 ResultSortTime:8.33e-07 QueryPreparationTime:9.416e-06 InnerEvalTime:6.2666e-05 ExecQueueTime:1.167e-06 ExecTotalTime:7.875e-05} Samples:0x140014899b0}" spanID=0000000000000000
time=2026-08-02T15:55:47.966-07:00 level=WARN msg="Query returned multiple series, only first will be used" test=archv2-nxm-batched tool=conduit-v2 collector=conduit type=conduit collector=conduit type=conduit series-count=2
time=2026-08-02T15:55:47.966-07:00 level=DEBUG msg="Query returned data" test=archv2-nxm-batched tool=conduit-v2 collector=conduit type=conduit collector=conduit type=conduit name=msg-megabytes-in-per-second[archv2-nxm-batched] series-count=1 last-value=0.8312110900878906
time=2026-08-02T15:55:47.966-07:00 level=DEBUG msg="promql query logged" test=archv2-nxm-batched tool=conduit-v2 collector=conduit type=conduit collector=conduit type=conduit params="map[end:2026-08-02T22:55:47.966Z query:rate(conduit_connector_bytes_sum{pipeline_name=\"archv2-nxm-batched\",type=\"destination\"}[2s])/1048576 start:2026-08-02T22:55:13.965Z step:1]" stats="&{Timings:{EvalTotalTime:0.000120334 ResultSortTime:5.41e-07 QueryPreparationTime:1.1458e-05 InnerEvalTime:0.000100291 ExecQueueTime:1.499e-06 ExecTotalTime:0.000125} Samples:0x140015e83f0}" spanID=0000000000000000
time=2026-08-02T15:55:47.966-07:00 level=WARN msg="Query returned multiple series, only first will be used" test=archv2-nxm-batched tool=conduit-v2 collector=conduit type=conduit collector=conduit type=conduit series-count=2
time=2026-08-02T15:55:47.966-07:00 level=DEBUG msg="Query returned data" test=archv2-nxm-batched tool=conduit-v2 collector=conduit type=conduit collector=conduit type=conduit name=msg-megabytes-out-per-second[archv2-nxm-batched] series-count=1 last-value=1.6965465545654297
time=2026-08-02T15:55:48.367-07:00 level=DEBUG msg="Inspecting container" model=container-monitor name=benchi-conduit
time=2026-08-02T15:55:48.877-07:00 level=DEBUG msg="Inspecting container" model=container-monitor name=benchi-conduit
time=2026-08-02T15:55:48.965-07:00 level=INFO msg="Test in progress" test=archv2-nxm-batched tool=conduit-v2 step=test time-left=25s
time=2026-08-02T15:55:48.966-07:00 level=DEBUG msg="promql query logged" test=archv2-nxm-batched tool=conduit-v2 collector=conduit type=conduit collector=conduit type=conduit params="map[end:2026-08-02T22:55:48.966Z query:rate(conduit_pipeline_execution_duration_seconds_count{pipeline_name=\"archv2-nxm-batched\"}[2s]) start:2026-08-02T22:55:13.965Z step:1]" stats="&{Timings:{EvalTotalTime:0.000107791 ResultSortTime:7.92e-07 QueryPreparationTime:3.2333e-05 InnerEvalTime:6.3166e-05 ExecQueueTime:3.875e-06 ExecTotalTime:0.000115542} Samples:0x14001732270}" spanID=0000000000000000
time=2026-08-02T15:55:48.967-07:00 level=DEBUG msg="Query returned data" test=archv2-nxm-batched tool=conduit-v2 collector=conduit type=conduit collector=conduit type=conduit name=msg-rate-per-second[archv2-nxm-batched] series-count=1 last-value=56158
time=2026-08-02T15:55:48.967-07:00 level=DEBUG msg="promql query logged" test=archv2-nxm-batched tool=conduit-v2 collector=conduit type=conduit collector=conduit type=conduit params="map[end:2026-08-02T22:55:48.967Z query:rate(conduit_connector_bytes_sum{pipeline_name=\"archv2-nxm-batched\",type=\"source\"}[2s])/1048576 start:2026-08-02T22:55:13.965Z step:1]" stats="&{Timings:{EvalTotalTime:0.00011775 ResultSortTime:1.625e-06 QueryPreparationTime:1.5042e-05 InnerEvalTime:9.5917e-05 ExecQueueTime:2.125e-06 ExecTotalTime:0.000122667} Samples:0x14001732930}" spanID=0000000000000000
time=2026-08-02T15:55:48.967-07:00 level=WARN msg="Query returned multiple series, only first will be used" test=archv2-nxm-batched tool=conduit-v2 collector=conduit type=conduit collector=conduit type=conduit series-count=2
time=2026-08-02T15:55:48.967-07:00 level=DEBUG msg="Query returned data" test=archv2-nxm-batched tool=conduit-v2 collector=conduit type=conduit collector=conduit type=conduit name=msg-megabytes-in-per-second[archv2-nxm-batched] series-count=1 last-value=0.7973470687866211
time=2026-08-02T15:55:48.968-07:00 level=DEBUG msg="promql query logged" test=archv2-nxm-batched tool=conduit-v2 collector=conduit type=conduit collector=conduit type=conduit params="map[end:2026-08-02T22:55:48.967Z query:rate(conduit_connector_bytes_sum{pipeline_name=\"archv2-nxm-batched\",type=\"destination\"}[2s])/1048576 start:2026-08-02T22:55:13.965Z step:1]" stats="&{Timings:{EvalTotalTime:0.000101709 ResultSortTime:1e-06 QueryPreparationTime:1.2042e-05 InnerEvalTime:8.125e-05 ExecQueueTime:1.417e-06 ExecTotalTime:0.000105417} Samples:0x140017339b0}" spanID=0000000000000000
time=2026-08-02T15:55:48.968-07:00 level=WARN msg="Query returned multiple series, only first will be used" test=archv2-nxm-batched tool=conduit-v2 collector=conduit type=conduit collector=conduit type=conduit series-count=2
time=2026-08-02T15:55:48.968-07:00 level=DEBUG msg="Query returned data" test=archv2-nxm-batched tool=conduit-v2 collector=conduit type=conduit collector=conduit type=conduit name=msg-megabytes-out-per-second[archv2-nxm-batched] series-count=1 last-value=1.5874576568603516
time=2026-08-02T15:55:49.387-07:00 level=DEBUG msg="Inspecting container" model=container-monitor name=benchi-conduit
time=2026-08-02T15:55:49.911-07:00 level=DEBUG msg="Inspecting container" model=container-monitor name=benchi-conduit
time=2026-08-02T15:55:49.966-07:00 level=DEBUG msg="promql query logged" test=archv2-nxm-batched tool=conduit-v2 collector=conduit type=conduit collector=conduit type=conduit params="map[end:2026-08-02T22:55:49.966Z query:rate(conduit_pipeline_execution_duration_seconds_count{pipeline_name=\"archv2-nxm-batched\"}[2s]) start:2026-08-02T22:55:13.965Z step:1]" stats="&{Timings:{EvalTotalTime:5.4333e-05 ResultSortTime:5.42e-07 QueryPreparationTime:1.4792e-05 InnerEvalTime:3.2167e-05 ExecQueueTime:2.417e-06 ExecTotalTime:5.8458e-05} Samples:0x140017472c0}" spanID=0000000000000000
time=2026-08-02T15:55:49.966-07:00 level=DEBUG msg="Query returned data" test=archv2-nxm-batched tool=conduit-v2 collector=conduit type=conduit collector=conduit type=conduit name=msg-rate-per-second[archv2-nxm-batched] series-count=1 last-value=52542
time=2026-08-02T15:55:49.966-07:00 level=DEBUG msg="promql query logged" test=archv2-nxm-batched tool=conduit-v2 collector=conduit type=conduit collector=conduit type=conduit params="map[end:2026-08-02T22:55:49.966Z query:rate(conduit_connector_bytes_sum{pipeline_name=\"archv2-nxm-batched\",type=\"source\"}[2s])/1048576 start:2026-08-02T22:55:13.965Z step:1]" stats="&{Timings:{EvalTotalTime:7.4417e-05 ResultSortTime:8.75e-07 QueryPreparationTime:6.291e-06 InnerEvalTime:6.4083e-05 ExecQueueTime:8.33e-07 ExecTotalTime:7.6791e-05} Samples:0x14001747980}" spanID=0000000000000000
time=2026-08-02T15:55:49.966-07:00 level=WARN msg="Query returned multiple series, only first will be used" test=archv2-nxm-batched tool=conduit-v2 collector=conduit type=conduit collector=conduit type=conduit series-count=2
time=2026-08-02T15:55:49.966-07:00 level=DEBUG msg="Query returned data" test=archv2-nxm-batched tool=conduit-v2 collector=conduit type=conduit collector=conduit type=conduit name=msg-megabytes-in-per-second[archv2-nxm-batched] series-count=1 last-value=0.7506208419799805
time=2026-08-02T15:55:49.966-07:00 level=DEBUG msg="promql query logged" test=archv2-nxm-batched tool=conduit-v2 collector=conduit type=conduit collector=conduit type=conduit params="map[end:2026-08-02T22:55:49.966Z query:rate(conduit_connector_bytes_sum{pipeline_name=\"archv2-nxm-batched\",type=\"destination\"}[2s])/1048576 start:2026-08-02T22:55:13.965Z step:1]" stats="&{Timings:{EvalTotalTime:6.9375e-05 ResultSortTime:4.17e-07 QueryPreparationTime:8.25e-06 InnerEvalTime:5.7292e-05 ExecQueueTime:8.75e-07 ExecTotalTime:7.4875e-05} Samples:0x140017664e0}" spanID=0000000000000000
time=2026-08-02T15:55:49.966-07:00 level=WARN msg="Query returned multiple series, only first will be used" test=archv2-nxm-batched tool=conduit-v2 collector=conduit type=conduit collector=conduit type=conduit series-count=2
time=2026-08-02T15:55:49.966-07:00 level=DEBUG msg="Query returned data" test=archv2-nxm-batched tool=conduit-v2 collector=conduit type=conduit collector=conduit type=conduit name=msg-megabytes-out-per-second[archv2-nxm-batched] series-count=1 last-value=1.486790657043457
time=2026-08-02T15:55:50.432-07:00 level=DEBUG msg="Inspecting container" model=container-monitor name=benchi-conduit
time=2026-08-02T15:55:50.941-07:00 level=DEBUG msg="Inspecting container" model=container-monitor name=benchi-conduit
time=2026-08-02T15:55:50.965-07:00 level=DEBUG msg="promql query logged" test=archv2-nxm-batched tool=conduit-v2 collector=conduit type=conduit collector=conduit type=conduit params="map[end:2026-08-02T22:55:50.965Z query:rate(conduit_pipeline_execution_duration_seconds_count{pipeline_name=\"archv2-nxm-batched\"}[2s]) start:2026-08-02T22:55:13.965Z step:1]" stats="&{Timings:{EvalTotalTime:6.2334e-05 ResultSortTime:4.59e-07 QueryPreparationTime:1.4792e-05 InnerEvalTime:3.8667e-05 ExecQueueTime:2.584e-06 ExecTotalTime:6.7334e-05} Samples:0x14001602b40}" spanID=0000000000000000
time=2026-08-02T15:55:50.966-07:00 level=DEBUG msg="Query returned data" test=archv2-nxm-batched tool=conduit-v2 collector=conduit type=conduit collector=conduit type=conduit name=msg-rate-per-second[archv2-nxm-batched] series-count=1 last-value=54066
time=2026-08-02T15:55:50.966-07:00 level=DEBUG msg="promql query logged" test=archv2-nxm-batched tool=conduit-v2 collector=conduit type=conduit collector=conduit type=conduit params="map[end:2026-08-02T22:55:50.966Z query:rate(conduit_connector_bytes_sum{pipeline_name=\"archv2-nxm-batched\",type=\"source\"}[2s])/1048576 start:2026-08-02T22:55:13.965Z step:1]" stats="&{Timings:{EvalTotalTime:7.9583e-05 ResultSortTime:9.17e-07 QueryPreparationTime:9.25e-06 InnerEvalTime:6.5666e-05 ExecQueueTime:1.042e-06 ExecTotalTime:8.2625e-05} Samples:0x14001603200}" spanID=0000000000000000
time=2026-08-02T15:55:50.968-07:00 level=WARN msg="Query returned multiple series, only first will be used" test=archv2-nxm-batched tool=conduit-v2 collector=conduit type=conduit collector=conduit type=conduit series-count=2
time=2026-08-02T15:55:50.968-07:00 level=DEBUG msg="Query returned data" test=archv2-nxm-batched tool=conduit-v2 collector=conduit type=conduit collector=conduit type=conduit name=msg-megabytes-in-per-second[archv2-nxm-batched] series-count=1 last-value=0.7649288177490234
time=2026-08-02T15:55:50.968-07:00 level=DEBUG msg="promql query logged" test=archv2-nxm-batched tool=conduit-v2 collector=conduit type=conduit collector=conduit type=conduit params="map[end:2026-08-02T22:55:50.968Z query:rate(conduit_connector_bytes_sum{pipeline_name=\"archv2-nxm-batched\",type=\"destination\"}[2s])/1048576 start:2026-08-02T22:55:13.965Z step:1]" stats="&{Timings:{EvalTotalTime:5.4416e-05 ResultSortTime:6.67e-07 QueryPreparationTime:7.458e-06 InnerEvalTime:4.375e-05 ExecQueueTime:1.041e-06 ExecTotalTime:5.6834e-05} Samples:0x14001603920}" spanID=0000000000000000
time=2026-08-02T15:55:50.968-07:00 level=WARN msg="Query returned multiple series, only first will be used" test=archv2-nxm-batched tool=conduit-v2 collector=conduit type=conduit collector=conduit type=conduit series-count=2
time=2026-08-02T15:55:50.968-07:00 level=DEBUG msg="Query returned data" test=archv2-nxm-batched tool=conduit-v2 collector=conduit type=conduit collector=conduit type=conduit name=msg-megabytes-out-per-second[archv2-nxm-batched] series-count=1 last-value=1.5211563110351562
time=2026-08-02T15:55:51.449-07:00 level=DEBUG msg="Inspecting container" model=container-monitor name=benchi-conduit
time=2026-08-02T15:55:51.962-07:00 level=DEBUG msg="Inspecting container" model=container-monitor name=benchi-conduit
time=2026-08-02T15:55:51.966-07:00 level=DEBUG msg="promql query logged" test=archv2-nxm-batched tool=conduit-v2 collector=conduit type=conduit collector=conduit type=conduit params="map[end:2026-08-02T22:55:51.965Z query:rate(conduit_pipeline_execution_duration_seconds_count{pipeline_name=\"archv2-nxm-batched\"}[2s]) start:2026-08-02T22:55:13.965Z step:1]" stats="&{Timings:{EvalTotalTime:0.000107917 ResultSortTime:7.09e-07 QueryPreparationTime:2.9875e-05 InnerEvalTime:6.7625e-05 ExecQueueTime:3.5e-06 ExecTotalTime:0.000116167} Samples:0x1400130c870}" spanID=0000000000000000
time=2026-08-02T15:55:51.966-07:00 level=DEBUG msg="Query returned data" test=archv2-nxm-batched tool=conduit-v2 collector=conduit type=conduit collector=conduit type=conduit name=msg-rate-per-second[archv2-nxm-batched] series-count=1 last-value=54861
time=2026-08-02T15:55:51.966-07:00 level=DEBUG msg="promql query logged" test=archv2-nxm-batched tool=conduit-v2 collector=conduit type=conduit collector=conduit type=conduit params="map[end:2026-08-02T22:55:51.966Z query:rate(conduit_connector_bytes_sum{pipeline_name=\"archv2-nxm-batched\",type=\"source\"}[2s])/1048576 start:2026-08-02T22:55:13.965Z step:1]" stats="&{Timings:{EvalTotalTime:0.000243875 ResultSortTime:2.25e-06 QueryPreparationTime:1.3875e-05 InnerEvalTime:0.000219167 ExecQueueTime:1.5e-06 ExecTotalTime:0.000248042} Samples:0x1400130cf90}" spanID=0000000000000000
time=2026-08-02T15:55:51.966-07:00 level=WARN msg="Query returned multiple series, only first will be used" test=archv2-nxm-batched tool=conduit-v2 collector=conduit type=conduit collector=conduit type=conduit series-count=2
time=2026-08-02T15:55:51.967-07:00 level=DEBUG msg="Query returned data" test=archv2-nxm-batched tool=conduit-v2 collector=conduit type=conduit collector=conduit type=conduit name=msg-megabytes-in-per-second[archv2-nxm-batched] series-count=1 last-value=0.7909564971923828
time=2026-08-02T15:55:51.967-07:00 level=DEBUG msg="promql query logged" test=archv2-nxm-batched tool=conduit-v2 collector=conduit type=conduit collector=conduit type=conduit params="map[end:2026-08-02T22:55:51.967Z query:rate(conduit_connector_bytes_sum{pipeline_name=\"archv2-nxm-batched\",type=\"destination\"}[2s])/1048576 start:2026-08-02T22:55:13.965Z step:1]" stats="&{Timings:{EvalTotalTime:0.000126459 ResultSortTime:1.125e-06 QueryPreparationTime:1.8375e-05 InnerEvalTime:0.000100542 ExecQueueTime:1.833e-06 ExecTotalTime:0.000131625} Samples:0x14001871320}" spanID=0000000000000000
time=2026-08-02T15:55:51.967-07:00 level=WARN msg="Query returned multiple series, only first will be used" test=archv2-nxm-batched tool=conduit-v2 collector=conduit type=conduit collector=conduit type=conduit series-count=2
time=2026-08-02T15:55:51.967-07:00 level=DEBUG msg="Query returned data" test=archv2-nxm-batched tool=conduit-v2 collector=conduit type=conduit collector=conduit type=conduit name=msg-megabytes-out-per-second[archv2-nxm-batched] series-count=1 last-value=1.5507068634033203
time=2026-08-02T15:55:52.475-07:00 level=DEBUG msg="Inspecting container" model=container-monitor name=benchi-conduit
time=2026-08-02T15:55:52.969-07:00 level=DEBUG msg="promql query logged" test=archv2-nxm-batched tool=conduit-v2 collector=conduit type=conduit collector=conduit type=conduit params="map[end:2026-08-02T22:55:52.969Z query:rate(conduit_pipeline_execution_duration_seconds_count{pipeline_name=\"archv2-nxm-batched\"}[2s]) start:2026-08-02T22:55:13.965Z step:1]" stats="&{Timings:{EvalTotalTime:6.0792e-05 ResultSortTime:6.25e-07 QueryPreparationTime:1.6875e-05 InnerEvalTime:3.85e-05 ExecQueueTime:2.625e-06 ExecTotalTime:6.5e-05} Samples:0x140011b27b0}" spanID=0000000000000000
time=2026-08-02T15:55:52.970-07:00 level=DEBUG msg="Query returned data" test=archv2-nxm-batched tool=conduit-v2 collector=conduit type=conduit collector=conduit type=conduit name=msg-rate-per-second[archv2-nxm-batched] series-count=1 last-value=55100
time=2026-08-02T15:55:52.970-07:00 level=DEBUG msg="promql query logged" test=archv2-nxm-batched tool=conduit-v2 collector=conduit type=conduit collector=conduit type=conduit params="map[end:2026-08-02T22:55:52.970Z query:rate(conduit_connector_bytes_sum{pipeline_name=\"archv2-nxm-batched\",type=\"source\"}[2s])/1048576 start:2026-08-02T22:55:13.965Z step:1]" stats="&{Timings:{EvalTotalTime:6.125e-05 ResultSortTime:7.5e-07 QueryPreparationTime:8.959e-06 InnerEvalTime:4.8792e-05 ExecQueueTime:1.417e-06 ExecTotalTime:6.375e-05} Samples:0x140011b2e70}" spanID=0000000000000000
time=2026-08-02T15:55:52.970-07:00 level=WARN msg="Query returned multiple series, only first will be used" test=archv2-nxm-batched tool=conduit-v2 collector=conduit type=conduit collector=conduit type=conduit series-count=2
time=2026-08-02T15:55:52.970-07:00 level=DEBUG msg="Query returned data" test=archv2-nxm-batched tool=conduit-v2 collector=conduit type=conduit collector=conduit type=conduit name=msg-megabytes-in-per-second[archv2-nxm-batched] series-count=1 last-value=0.7859630584716797
time=2026-08-02T15:55:52.970-07:00 level=DEBUG msg="promql query logged" test=archv2-nxm-batched tool=conduit-v2 collector=conduit type=conduit collector=conduit type=conduit params="map[end:2026-08-02T22:55:52.970Z query:rate(conduit_connector_bytes_sum{pipeline_name=\"archv2-nxm-batched\",type=\"destination\"}[2s])/1048576 start:2026-08-02T22:55:13.965Z step:1]" stats="&{Timings:{EvalTotalTime:3.9959e-05 ResultSortTime:2.08e-07 QueryPreparationTime:3.292e-06 InnerEvalTime:3.4666e-05 ExecQueueTime:5.42e-07 ExecTotalTime:4.1417e-05} Samples:0x1400136a300}" spanID=0000000000000000
time=2026-08-02T15:55:52.970-07:00 level=WARN msg="Query returned multiple series, only first will be used" test=archv2-nxm-batched tool=conduit-v2 collector=conduit type=conduit collector=conduit type=conduit series-count=2
time=2026-08-02T15:55:52.970-07:00 level=DEBUG msg="Query returned data" test=archv2-nxm-batched tool=conduit-v2 collector=conduit type=conduit collector=conduit type=conduit name=msg-megabytes-out-per-second[archv2-nxm-batched] series-count=1 last-value=1.5609931945800781
time=2026-08-02T15:55:52.984-07:00 level=DEBUG msg="Inspecting container" model=container-monitor name=benchi-conduit
time=2026-08-02T15:55:53.494-07:00 level=DEBUG msg="Inspecting container" model=container-monitor name=benchi-conduit
time=2026-08-02T15:55:53.966-07:00 level=INFO msg="Test in progress" test=archv2-nxm-batched tool=conduit-v2 step=test time-left=20s
time=2026-08-02T15:55:53.966-07:00 level=DEBUG msg="promql query logged" test=archv2-nxm-batched tool=conduit-v2 collector=conduit type=conduit collector=conduit type=conduit params="map[end:2026-08-02T22:55:53.965Z query:rate(conduit_pipeline_execution_duration_seconds_count{pipeline_name=\"archv2-nxm-batched\"}[2s]) start:2026-08-02T22:55:13.965Z step:1]" stats="&{Timings:{EvalTotalTime:6.3958e-05 ResultSortTime:4.58e-07 QueryPreparationTime:1.7625e-05 InnerEvalTime:4.0791e-05 ExecQueueTime:2.834e-06 ExecTotalTime:7.0333e-05} Samples:0x1400136b290}" spanID=0000000000000000
time=2026-08-02T15:55:53.966-07:00 level=DEBUG msg="Query returned data" test=archv2-nxm-batched tool=conduit-v2 collector=conduit type=conduit collector=conduit type=conduit name=msg-rate-per-second[archv2-nxm-batched] series-count=1 last-value=58200
time=2026-08-02T15:55:53.966-07:00 level=DEBUG msg="promql query logged" test=archv2-nxm-batched tool=conduit-v2 collector=conduit type=conduit collector=conduit type=conduit params="map[end:2026-08-02T22:55:53.966Z query:rate(conduit_connector_bytes_sum{pipeline_name=\"archv2-nxm-batched\",type=\"source\"}[2s])/1048576 start:2026-08-02T22:55:13.965Z step:1]" stats="&{Timings:{EvalTotalTime:8.7625e-05 ResultSortTime:8.75e-07 QueryPreparationTime:8.459e-06 InnerEvalTime:7.3583e-05 ExecQueueTime:1.208e-06 ExecTotalTime:9.075e-05} Samples:0x1400136b950}" spanID=0000000000000000
time=2026-08-02T15:55:53.966-07:00 level=WARN msg="Query returned multiple series, only first will be used" test=archv2-nxm-batched tool=conduit-v2 collector=conduit type=conduit collector=conduit type=conduit series-count=2
time=2026-08-02T15:55:53.966-07:00 level=DEBUG msg="Query returned data" test=archv2-nxm-batched tool=conduit-v2 collector=conduit type=conduit collector=conduit type=conduit name=msg-megabytes-in-per-second[archv2-nxm-batched] series-count=1 last-value=0.8502798080444336
time=2026-08-02T15:55:53.966-07:00 level=DEBUG msg="promql query logged" test=archv2-nxm-batched tool=conduit-v2 collector=conduit type=conduit collector=conduit type=conduit params="map[end:2026-08-02T22:55:53.966Z query:rate(conduit_connector_bytes_sum{pipeline_name=\"archv2-nxm-batched\",type=\"destination\"}[2s])/1048576 start:2026-08-02T22:55:13.965Z step:1]" stats="&{Timings:{EvalTotalTime:7.5125e-05 ResultSortTime:3.33e-07 QueryPreparationTime:6.458e-06 InnerEvalTime:6.4667e-05 ExecQueueTime:9.58e-07 ExecTotalTime:7.8e-05} Samples:0x14000efdbf0}" spanID=0000000000000000
time=2026-08-02T15:55:53.966-07:00 level=WARN msg="Query returned multiple series, only first will be used" test=archv2-nxm-batched tool=conduit-v2 collector=conduit type=conduit collector=conduit type=conduit series-count=2
time=2026-08-02T15:55:53.966-07:00 level=DEBUG msg="Query returned data" test=archv2-nxm-batched tool=conduit-v2 collector=conduit type=conduit collector=conduit type=conduit name=msg-megabytes-out-per-second[archv2-nxm-batched] series-count=1 last-value=1.6438608169555664
time=2026-08-02T15:55:54.004-07:00 level=DEBUG msg="Inspecting container" model=container-monitor name=benchi-conduit
time=2026-08-02T15:55:54.517-07:00 level=DEBUG msg="Inspecting container" model=container-monitor name=benchi-conduit
time=2026-08-02T15:55:54.966-07:00 level=DEBUG msg="promql query logged" test=archv2-nxm-batched tool=conduit-v2 collector=conduit type=conduit collector=conduit type=conduit params="map[end:2026-08-02T22:55:54.965Z query:rate(conduit_pipeline_execution_duration_seconds_count{pipeline_name=\"archv2-nxm-batched\"}[2s]) start:2026-08-02T22:55:13.965Z step:1]" stats="&{Timings:{EvalTotalTime:5.225e-05 ResultSortTime:5e-07 QueryPreparationTime:1.3292e-05 InnerEvalTime:3.3833e-05 ExecQueueTime:2.041e-06 ExecTotalTime:5.8084e-05} Samples:0x1400179dc20}" spanID=0000000000000000
time=2026-08-02T15:55:54.966-07:00 level=DEBUG msg="Query returned data" test=archv2-nxm-batched tool=conduit-v2 collector=conduit type=conduit collector=conduit type=conduit name=msg-rate-per-second[archv2-nxm-batched] series-count=1 last-value=57577.84431137724
time=2026-08-02T15:55:54.966-07:00 level=DEBUG msg="promql query logged" test=archv2-nxm-batched tool=conduit-v2 collector=conduit type=conduit collector=conduit type=conduit params="map[end:2026-08-02T22:55:54.966Z query:rate(conduit_connector_bytes_sum{pipeline_name=\"archv2-nxm-batched\",type=\"source\"}[2s])/1048576 start:2026-08-02T22:55:13.965Z step:1]" stats="&{Timings:{EvalTotalTime:7.8542e-05 ResultSortTime:7.92e-07 QueryPreparationTime:7.625e-06 InnerEvalTime:6.6833e-05 ExecQueueTime:7.5e-07 ExecTotalTime:8.1e-05} Samples:0x14000a80390}" spanID=0000000000000000
time=2026-08-02T15:55:54.966-07:00 level=WARN msg="Query returned multiple series, only first will be used" test=archv2-nxm-batched tool=conduit-v2 collector=conduit type=conduit collector=conduit type=conduit series-count=2
time=2026-08-02T15:55:54.966-07:00 level=DEBUG msg="Query returned data" test=archv2-nxm-batched tool=conduit-v2 collector=conduit type=conduit collector=conduit type=conduit name=msg-megabytes-in-per-second[archv2-nxm-batched] series-count=1 last-value=0.8215038124434723
time=2026-08-02T15:55:54.966-07:00 level=DEBUG msg="promql query logged" test=archv2-nxm-batched tool=conduit-v2 collector=conduit type=conduit collector=conduit type=conduit params="map[end:2026-08-02T22:55:54.966Z query:rate(conduit_connector_bytes_sum{pipeline_name=\"archv2-nxm-batched\",type=\"destination\"}[2s])/1048576 start:2026-08-02T22:55:13.965Z step:1]" stats="&{Timings:{EvalTotalTime:6.7042e-05 ResultSortTime:2.5e-07 QueryPreparationTime:6.209e-06 InnerEvalTime:5.7708e-05 ExecQueueTime:1.167e-06 ExecTotalTime:6.9125e-05} Samples:0x14000aeca50}" spanID=0000000000000000
time=2026-08-02T15:55:54.966-07:00 level=WARN msg="Query returned multiple series, only first will be used" test=archv2-nxm-batched tool=conduit-v2 collector=conduit type=conduit collector=conduit type=conduit series-count=2
time=2026-08-02T15:55:54.966-07:00 level=DEBUG msg="Query returned data" test=archv2-nxm-batched tool=conduit-v2 collector=conduit type=conduit collector=conduit type=conduit name=msg-megabytes-out-per-second[archv2-nxm-batched] series-count=1 last-value=1.634041944187796
time=2026-08-02T15:55:55.039-07:00 level=DEBUG msg="Inspecting container" model=container-monitor name=benchi-conduit
time=2026-08-02T15:55:55.547-07:00 level=DEBUG msg="Inspecting container" model=container-monitor name=benchi-conduit
time=2026-08-02T15:55:55.966-07:00 level=DEBUG msg="promql query logged" test=archv2-nxm-batched tool=conduit-v2 collector=conduit type=conduit collector=conduit type=conduit params="map[end:2026-08-02T22:55:55.965Z query:rate(conduit_pipeline_execution_duration_seconds_count{pipeline_name=\"archv2-nxm-batched\"}[2s]) start:2026-08-02T22:55:13.965Z step:1]" stats="&{Timings:{EvalTotalTime:6.3209e-05 ResultSortTime:2.92e-07 QueryPreparationTime:1.8208e-05 InnerEvalTime:3.9541e-05 ExecQueueTime:2.792e-06 ExecTotalTime:6.7666e-05} Samples:0x1400015cb10}" spanID=0000000000000000
time=2026-08-02T15:55:55.966-07:00 level=DEBUG msg="Query returned data" test=archv2-nxm-batched tool=conduit-v2 collector=conduit type=conduit collector=conduit type=conduit name=msg-rate-per-second[archv2-nxm-batched] series-count=1 last-value=53999.99999999999
time=2026-08-02T15:55:55.966-07:00 level=DEBUG msg="promql query logged" test=archv2-nxm-batched tool=conduit-v2 collector=conduit type=conduit collector=conduit type=conduit params="map[end:2026-08-02T22:55:55.966Z query:rate(conduit_connector_bytes_sum{pipeline_name=\"archv2-nxm-batched\",type=\"source\"}[2s])/1048576 start:2026-08-02T22:55:13.965Z step:1]" stats="&{Timings:{EvalTotalTime:7.9917e-05 ResultSortTime:9.58e-07 QueryPreparationTime:5.917e-06 InnerEvalTime:6.9959e-05 ExecQueueTime:1.041e-06 ExecTotalTime:8.2167e-05} Samples:0x1400015d1d0}" spanID=0000000000000000
time=2026-08-02T15:55:55.966-07:00 level=WARN msg="Query returned multiple series, only first will be used" test=archv2-nxm-batched tool=conduit-v2 collector=conduit type=conduit collector=conduit type=conduit series-count=2
time=2026-08-02T15:55:55.966-07:00 level=DEBUG msg="Query returned data" test=archv2-nxm-batched tool=conduit-v2 collector=conduit type=conduit collector=conduit type=conduit name=msg-megabytes-in-per-second[archv2-nxm-batched] series-count=1 last-value=0.7645362364744136
time=2026-08-02T15:55:55.966-07:00 level=DEBUG msg="promql query logged" test=archv2-nxm-batched tool=conduit-v2 collector=conduit type=conduit collector=conduit type=conduit params="map[end:2026-08-02T22:55:55.966Z query:rate(conduit_connector_bytes_sum{pipeline_name=\"archv2-nxm-batched\",type=\"destination\"}[2s])/1048576 start:2026-08-02T22:55:13.965Z step:1]" stats="&{Timings:{EvalTotalTime:7.4625e-05 ResultSortTime:5e-07 QueryPreparationTime:6.042e-06 InnerEvalTime:6.5208e-05 ExecQueueTime:7.49e-07 ExecTotalTime:7.8958e-05} Samples:0x14001522450}" spanID=0000000000000000
time=2026-08-02T15:55:55.966-07:00 level=WARN msg="Query returned multiple series, only first will be used" test=archv2-nxm-batched tool=conduit-v2 collector=conduit type=conduit collector=conduit type=conduit series-count=2
time=2026-08-02T15:55:55.966-07:00 level=DEBUG msg="Query returned data" test=archv2-nxm-batched tool=conduit-v2 collector=conduit type=conduit collector=conduit type=conduit name=msg-megabytes-out-per-second[archv2-nxm-batched] series-count=1 last-value=1.5193446126872885
time=2026-08-02T15:55:56.063-07:00 level=DEBUG msg="Inspecting container" model=container-monitor name=benchi-conduit
time=2026-08-02T15:55:56.569-07:00 level=DEBUG msg="Inspecting container" model=container-monitor name=benchi-conduit
time=2026-08-02T15:55:56.966-07:00 level=DEBUG msg="promql query logged" test=archv2-nxm-batched tool=conduit-v2 collector=conduit type=conduit collector=conduit type=conduit params="map[end:2026-08-02T22:55:56.966Z query:rate(conduit_pipeline_execution_duration_seconds_count{pipeline_name=\"archv2-nxm-batched\"}[2s]) start:2026-08-02T22:55:13.965Z step:1]" stats="&{Timings:{EvalTotalTime:5.3e-05 ResultSortTime:4.17e-07 QueryPreparationTime:1.3958e-05 InnerEvalTime:3.3583e-05 ExecQueueTime:2.083e-06 ExecTotalTime:5.8792e-05} Samples:0x140012e88a0}" spanID=0000000000000000
time=2026-08-02T15:55:56.966-07:00 level=DEBUG msg="Query returned data" test=archv2-nxm-batched tool=conduit-v2 collector=conduit type=conduit collector=conduit type=conduit name=msg-rate-per-second[archv2-nxm-batched] series-count=1 last-value=55114
time=2026-08-02T15:55:56.966-07:00 level=DEBUG msg="promql query logged" test=archv2-nxm-batched tool=conduit-v2 collector=conduit type=conduit collector=conduit type=conduit params="map[end:2026-08-02T22:55:56.966Z query:rate(conduit_connector_bytes_sum{pipeline_name=\"archv2-nxm-batched\",type=\"source\"}[2s])/1048576 start:2026-08-02T22:55:13.965Z step:1]" stats="&{Timings:{EvalTotalTime:7.1625e-05 ResultSortTime:7.91e-07 QueryPreparationTime:1.1542e-05 InnerEvalTime:5.6375e-05 ExecQueueTime:3.958e-06 ExecTotalTime:7.625e-05} Samples:0x140012e8f60}" spanID=0000000000000000
time=2026-08-02T15:55:56.966-07:00 level=WARN msg="Query returned multiple series, only first will be used" test=archv2-nxm-batched tool=conduit-v2 collector=conduit type=conduit collector=conduit type=conduit series-count=2
time=2026-08-02T15:55:56.966-07:00 level=DEBUG msg="Query returned data" test=archv2-nxm-batched tool=conduit-v2 collector=conduit type=conduit collector=conduit type=conduit name=msg-megabytes-in-per-second[archv2-nxm-batched] series-count=1 last-value=0.7689094543457031
time=2026-08-02T15:55:56.966-07:00 level=DEBUG msg="promql query logged" test=archv2-nxm-batched tool=conduit-v2 collector=conduit type=conduit collector=conduit type=conduit params="map[end:2026-08-02T22:55:56.966Z query:rate(conduit_connector_bytes_sum{pipeline_name=\"archv2-nxm-batched\",type=\"destination\"}[2s])/1048576 start:2026-08-02T22:55:13.965Z step:1]" stats="&{Timings:{EvalTotalTime:6.5458e-05 ResultSortTime:5.83e-07 QueryPreparationTime:9.542e-06 InnerEvalTime:5.1583e-05 ExecQueueTime:1.458e-06 ExecTotalTime:6.9292e-05} Samples:0x140014c0d20}" spanID=0000000000000000
time=2026-08-02T15:55:56.966-07:00 level=WARN msg="Query returned multiple series, only first will be used" test=archv2-nxm-batched tool=conduit-v2 collector=conduit type=conduit collector=conduit type=conduit series-count=2
time=2026-08-02T15:55:56.966-07:00 level=DEBUG msg="Query returned data" test=archv2-nxm-batched tool=conduit-v2 collector=conduit type=conduit collector=conduit type=conduit name=msg-megabytes-out-per-second[archv2-nxm-batched] series-count=1 last-value=1.5601472854614258
time=2026-08-02T15:55:57.080-07:00 level=DEBUG msg="Inspecting container" model=container-monitor name=benchi-conduit
time=2026-08-02T15:55:57.586-07:00 level=DEBUG msg="Inspecting container" model=container-monitor name=benchi-conduit
time=2026-08-02T15:55:57.966-07:00 level=DEBUG msg="promql query logged" test=archv2-nxm-batched tool=conduit-v2 collector=conduit type=conduit collector=conduit type=conduit params="map[end:2026-08-02T22:55:57.966Z query:rate(conduit_pipeline_execution_duration_seconds_count{pipeline_name=\"archv2-nxm-batched\"}[2s]) start:2026-08-02T22:55:13.965Z step:1]" stats="&{Timings:{EvalTotalTime:5.3833e-05 ResultSortTime:3.75e-07 QueryPreparationTime:1.4291e-05 InnerEvalTime:3.5042e-05 ExecQueueTime:2.167e-06 ExecTotalTime:5.8084e-05} Samples:0x1400181fec0}" spanID=0000000000000000
time=2026-08-02T15:55:57.966-07:00 level=DEBUG msg="Query returned data" test=archv2-nxm-batched tool=conduit-v2 collector=conduit type=conduit collector=conduit type=conduit name=msg-rate-per-second[archv2-nxm-batched] series-count=1 last-value=57595
time=2026-08-02T15:55:57.966-07:00 level=DEBUG msg="promql query logged" test=archv2-nxm-batched tool=conduit-v2 collector=conduit type=conduit collector=conduit type=conduit params="map[end:2026-08-02T22:55:57.966Z query:rate(conduit_connector_bytes_sum{pipeline_name=\"archv2-nxm-batched\",type=\"source\"}[2s])/1048576 start:2026-08-02T22:55:13.965Z step:1]" stats="&{Timings:{EvalTotalTime:7.8584e-05 ResultSortTime:7.09e-07 QueryPreparationTime:5.709e-06 InnerEvalTime:6.8917e-05 ExecQueueTime:3.208e-06 ExecTotalTime:8.0666e-05} Samples:0x1400120e600}" spanID=0000000000000000
time=2026-08-02T15:55:57.966-07:00 level=WARN msg="Query returned multiple series, only first will be used" test=archv2-nxm-batched tool=conduit-v2 collector=conduit type=conduit collector=conduit type=conduit series-count=2
time=2026-08-02T15:55:57.966-07:00 level=DEBUG msg="Query returned data" test=archv2-nxm-batched tool=conduit-v2 collector=conduit type=conduit collector=conduit type=conduit name=msg-megabytes-in-per-second[archv2-nxm-batched] series-count=1 last-value=0.8075733184814453
time=2026-08-02T15:55:57.966-07:00 level=DEBUG msg="promql query logged" test=archv2-nxm-batched tool=conduit-v2 collector=conduit type=conduit collector=conduit type=conduit params="map[end:2026-08-02T22:55:57.966Z query:rate(conduit_connector_bytes_sum{pipeline_name=\"archv2-nxm-batched\",type=\"destination\"}[2s])/1048576 start:2026-08-02T22:55:13.965Z step:1]" stats="&{Timings:{EvalTotalTime:7.5583e-05 ResultSortTime:3.33e-07 QueryPreparationTime:5.75e-06 InnerEvalTime:6.625e-05 ExecQueueTime:9.17e-07 ExecTotalTime:7.8e-05} Samples:0x1400120f8c0}" spanID=0000000000000000
time=2026-08-02T15:55:57.966-07:00 level=WARN msg="Query returned multiple series, only first will be used" test=archv2-nxm-batched tool=conduit-v2 collector=conduit type=conduit collector=conduit type=conduit series-count=2
time=2026-08-02T15:55:57.966-07:00 level=DEBUG msg="Query returned data" test=archv2-nxm-batched tool=conduit-v2 collector=conduit type=conduit collector=conduit type=conduit name=msg-megabytes-out-per-second[archv2-nxm-batched] series-count=1 last-value=1.6236095428466797
time=2026-08-02T15:55:58.101-07:00 level=DEBUG msg="Inspecting container" model=container-monitor name=benchi-conduit
time=2026-08-02T15:55:58.610-07:00 level=DEBUG msg="Inspecting container" model=container-monitor name=benchi-conduit
time=2026-08-02T15:55:58.974-07:00 level=INFO msg="Test in progress" test=archv2-nxm-batched tool=conduit-v2 step=test time-left=15s
time=2026-08-02T15:55:58.974-07:00 level=DEBUG msg="promql query logged" test=archv2-nxm-batched tool=conduit-v2 collector=conduit type=conduit collector=conduit type=conduit params="map[end:2026-08-02T22:55:58.974Z query:rate(conduit_pipeline_execution_duration_seconds_count{pipeline_name=\"archv2-nxm-batched\"}[2s]) start:2026-08-02T22:55:13.965Z step:1]" stats="&{Timings:{EvalTotalTime:5.4166e-05 ResultSortTime:3.75e-07 QueryPreparationTime:1.3459e-05 InnerEvalTime:3.5333e-05 ExecQueueTime:2.167e-06 ExecTotalTime:5.8125e-05} Samples:0x14001603410}" spanID=0000000000000000
time=2026-08-02T15:55:58.974-07:00 level=DEBUG msg="Query returned data" test=archv2-nxm-batched tool=conduit-v2 collector=conduit type=conduit collector=conduit type=conduit name=msg-rate-per-second[archv2-nxm-batched] series-count=1 last-value=57815.55333998006
time=2026-08-02T15:55:58.974-07:00 level=DEBUG msg="promql query logged" test=archv2-nxm-batched tool=conduit-v2 collector=conduit type=conduit collector=conduit type=conduit params="map[end:2026-08-02T22:55:58.974Z query:rate(conduit_connector_bytes_sum{pipeline_name=\"archv2-nxm-batched\",type=\"source\"}[2s])/1048576 start:2026-08-02T22:55:13.965Z step:1]" stats="&{Timings:{EvalTotalTime:7.9167e-05 ResultSortTime:8.34e-07 QueryPreparationTime:5.5e-06 InnerEvalTime:6.9916e-05 ExecQueueTime:7.08e-07 ExecTotalTime:8.1459e-05} Samples:0x14001603b90}" spanID=0000000000000000
time=2026-08-02T15:55:58.974-07:00 level=WARN msg="Query returned multiple series, only first will be used" test=archv2-nxm-batched tool=conduit-v2 collector=conduit type=conduit collector=conduit type=conduit series-count=2
time=2026-08-02T15:55:58.975-07:00 level=DEBUG msg="Query returned data" test=archv2-nxm-batched tool=conduit-v2 collector=conduit type=conduit collector=conduit type=conduit name=msg-megabytes-in-per-second[archv2-nxm-batched] series-count=1 last-value=0.8113819247822938
time=2026-08-02T15:55:58.975-07:00 level=DEBUG msg="promql query logged" test=archv2-nxm-batched tool=conduit-v2 collector=conduit type=conduit collector=conduit type=conduit params="map[end:2026-08-02T22:55:58.975Z query:rate(conduit_connector_bytes_sum{pipeline_name=\"archv2-nxm-batched\",type=\"destination\"}[2s])/1048576 start:2026-08-02T22:55:13.965Z step:1]" stats="&{Timings:{EvalTotalTime:7.5584e-05 ResultSortTime:3.75e-07 QueryPreparationTime:5.959e-06 InnerEvalTime:6.6084e-05 ExecQueueTime:7.5e-07 ExecTotalTime:7.7791e-05} Samples:0x140011fced0}" spanID=0000000000000000
time=2026-08-02T15:55:58.975-07:00 level=WARN msg="Query returned multiple series, only first will be used" test=archv2-nxm-batched tool=conduit-v2 collector=conduit type=conduit collector=conduit type=conduit series-count=2
time=2026-08-02T15:55:58.975-07:00 level=DEBUG msg="Query returned data" test=archv2-nxm-batched tool=conduit-v2 collector=conduit type=conduit collector=conduit type=conduit name=msg-megabytes-out-per-second[archv2-nxm-batched] series-count=1 last-value=1.6279638942669064
time=2026-08-02T15:55:59.114-07:00 level=DEBUG msg="Inspecting container" model=container-monitor name=benchi-conduit
time=2026-08-02T15:55:59.622-07:00 level=DEBUG msg="Inspecting container" model=container-monitor name=benchi-conduit
time=2026-08-02T15:55:59.966-07:00 level=DEBUG msg="promql query logged" test=archv2-nxm-batched tool=conduit-v2 collector=conduit type=conduit collector=conduit type=conduit params="map[end:2026-08-02T22:55:59.966Z query:rate(conduit_pipeline_execution_duration_seconds_count{pipeline_name=\"archv2-nxm-batched\"}[2s]) start:2026-08-02T22:55:13.965Z step:1]" stats="&{Timings:{EvalTotalTime:6.6541e-05 ResultSortTime:4.16e-07 QueryPreparationTime:1.7167e-05 InnerEvalTime:3.9417e-05 ExecQueueTime:2.541e-06 ExecTotalTime:7.2375e-05} Samples:0x140014361b0}" spanID=0000000000000000
time=2026-08-02T15:55:59.966-07:00 level=DEBUG msg="Query returned data" test=archv2-nxm-batched tool=conduit-v2 collector=conduit type=conduit collector=conduit type=conduit name=msg-rate-per-second[archv2-nxm-batched] series-count=1 last-value=45234
time=2026-08-02T15:55:59.966-07:00 level=DEBUG msg="promql query logged" test=archv2-nxm-batched tool=conduit-v2 collector=conduit type=conduit collector=conduit type=conduit params="map[end:2026-08-02T22:55:59.966Z query:rate(conduit_connector_bytes_sum{pipeline_name=\"archv2-nxm-batched\",type=\"source\"}[2s])/1048576 start:2026-08-02T22:55:13.965Z step:1]" stats="&{Timings:{EvalTotalTime:9.3541e-05 ResultSortTime:1e-06 QueryPreparationTime:8.167e-06 InnerEvalTime:8.0958e-05 ExecQueueTime:1.125e-06 ExecTotalTime:9.6542e-05} Samples:0x14001436870}" spanID=0000000000000000
time=2026-08-02T15:55:59.966-07:00 level=WARN msg="Query returned multiple series, only first will be used" test=archv2-nxm-batched tool=conduit-v2 collector=conduit type=conduit collector=conduit type=conduit series-count=2
time=2026-08-02T15:55:59.966-07:00 level=DEBUG msg="Query returned data" test=archv2-nxm-batched tool=conduit-v2 collector=conduit type=conduit collector=conduit type=conduit name=msg-megabytes-in-per-second[archv2-nxm-batched] series-count=1 last-value=0.6440286636352539
time=2026-08-02T15:55:59.966-07:00 level=DEBUG msg="promql query logged" test=archv2-nxm-batched tool=conduit-v2 collector=conduit type=conduit collector=conduit type=conduit params="map[end:2026-08-02T22:55:59.966Z query:rate(conduit_connector_bytes_sum{pipeline_name=\"archv2-nxm-batched\",type=\"destination\"}[2s])/1048576 start:2026-08-02T22:55:13.965Z step:1]" stats="&{Timings:{EvalTotalTime:8.0583e-05 ResultSortTime:3.75e-07 QueryPreparationTime:8.583e-06 InnerEvalTime:6.7e-05 ExecQueueTime:1e-06 ExecTotalTime:8.3292e-05} Samples:0x14001437b90}" spanID=0000000000000000
time=2026-08-02T15:55:59.967-07:00 level=WARN msg="Query returned multiple series, only first will be used" test=archv2-nxm-batched tool=conduit-v2 collector=conduit type=conduit collector=conduit type=conduit series-count=2
time=2026-08-02T15:55:59.967-07:00 level=DEBUG msg="Query returned data" test=archv2-nxm-batched tool=conduit-v2 collector=conduit type=conduit collector=conduit type=conduit name=msg-megabytes-out-per-second[archv2-nxm-batched] series-count=1 last-value=1.2816524505615234
time=2026-08-02T15:56:00.150-07:00 level=DEBUG msg="Inspecting container" model=container-monitor name=benchi-conduit
time=2026-08-02T15:56:00.666-07:00 level=DEBUG msg="Inspecting container" model=container-monitor name=benchi-conduit
time=2026-08-02T15:56:00.970-07:00 level=DEBUG msg="promql query logged" test=archv2-nxm-batched tool=conduit-v2 collector=conduit type=conduit collector=conduit type=conduit params="map[end:2026-08-02T22:56:00.970Z query:rate(conduit_pipeline_execution_duration_seconds_count{pipeline_name=\"archv2-nxm-batched\"}[2s]) start:2026-08-02T22:55:13.965Z step:1]" stats="&{Timings:{EvalTotalTime:6.9667e-05 ResultSortTime:5.83e-07 QueryPreparationTime:1.7208e-05 InnerEvalTime:4.5459e-05 ExecQueueTime:2.459e-06 ExecTotalTime:7.4667e-05} Samples:0x14001473c80}" spanID=0000000000000000
time=2026-08-02T15:56:00.975-07:00 level=DEBUG msg="Query returned data" test=archv2-nxm-batched tool=conduit-v2 collector=conduit type=conduit collector=conduit type=conduit name=msg-rate-per-second[archv2-nxm-batched] series-count=1 last-value=49348.04413239719
time=2026-08-02T15:56:00.975-07:00 level=DEBUG msg="promql query logged" test=archv2-nxm-batched tool=conduit-v2 collector=conduit type=conduit collector=conduit type=conduit params="map[end:2026-08-02T22:56:00.975Z query:rate(conduit_connector_bytes_sum{pipeline_name=\"archv2-nxm-batched\",type=\"source\"}[2s])/1048576 start:2026-08-02T22:55:13.965Z step:1]" stats="&{Timings:{EvalTotalTime:7.4292e-05 ResultSortTime:9.17e-07 QueryPreparationTime:1.2458e-05 InnerEvalTime:5.8041e-05 ExecQueueTime:1.166e-06 ExecTotalTime:7.6833e-05} Samples:0x140015363c0}" spanID=0000000000000000
time=2026-08-02T15:56:00.975-07:00 level=WARN msg="Query returned multiple series, only first will be used" test=archv2-nxm-batched tool=conduit-v2 collector=conduit type=conduit collector=conduit type=conduit series-count=2
time=2026-08-02T15:56:00.975-07:00 level=DEBUG msg="Query returned data" test=archv2-nxm-batched tool=conduit-v2 collector=conduit type=conduit collector=conduit type=conduit name=msg-megabytes-in-per-second[archv2-nxm-batched] series-count=1 last-value=0.693024699403386
time=2026-08-02T15:56:00.975-07:00 level=DEBUG msg="promql query logged" test=archv2-nxm-batched tool=conduit-v2 collector=conduit type=conduit collector=conduit type=conduit params="map[end:2026-08-02T22:56:00.975Z query:rate(conduit_connector_bytes_sum{pipeline_name=\"archv2-nxm-batched\",type=\"destination\"}[2s])/1048576 start:2026-08-02T22:55:13.965Z step:1]" stats="&{Timings:{EvalTotalTime:0.000109 ResultSortTime:8.75e-07 QueryPreparationTime:1.3709e-05 InnerEvalTime:8.725e-05 ExecQueueTime:2.208e-06 ExecTotalTime:0.000113583} Samples:0x140015d4450}" spanID=0000000000000000
time=2026-08-02T15:56:00.975-07:00 level=WARN msg="Query returned multiple series, only first will be used" test=archv2-nxm-batched tool=conduit-v2 collector=conduit type=conduit collector=conduit type=conduit series-count=2
time=2026-08-02T15:56:00.975-07:00 level=DEBUG msg="Query returned data" test=archv2-nxm-batched tool=conduit-v2 collector=conduit type=conduit collector=conduit type=conduit name=msg-megabytes-out-per-second[archv2-nxm-batched] series-count=1 last-value=1.3961935473779739
time=2026-08-02T15:56:01.182-07:00 level=DEBUG msg="Inspecting container" model=container-monitor name=benchi-conduit
time=2026-08-02T15:56:01.698-07:00 level=DEBUG msg="Inspecting container" model=container-monitor name=benchi-conduit
time=2026-08-02T15:56:01.966-07:00 level=DEBUG msg="promql query logged" test=archv2-nxm-batched tool=conduit-v2 collector=conduit type=conduit collector=conduit type=conduit params="map[end:2026-08-02T22:56:01.965Z query:rate(conduit_pipeline_execution_duration_seconds_count{pipeline_name=\"archv2-nxm-batched\"}[2s]) start:2026-08-02T22:55:13.965Z step:1]" stats="&{Timings:{EvalTotalTime:7.5625e-05 ResultSortTime:3.33e-07 QueryPreparationTime:3.4042e-05 InnerEvalTime:2.9875e-05 ExecQueueTime:2.292e-06 ExecTotalTime:8.1e-05} Samples:0x1400171e0c0}" spanID=0000000000000000
time=2026-08-02T15:56:01.966-07:00 level=DEBUG msg="Query returned data" test=archv2-nxm-batched tool=conduit-v2 collector=conduit type=conduit collector=conduit type=conduit name=msg-rate-per-second[archv2-nxm-batched] series-count=1 last-value=58926
time=2026-08-02T15:56:01.966-07:00 level=DEBUG msg="promql query logged" test=archv2-nxm-batched tool=conduit-v2 collector=conduit type=conduit collector=conduit type=conduit params="map[end:2026-08-02T22:56:01.966Z query:rate(conduit_connector_bytes_sum{pipeline_name=\"archv2-nxm-batched\",type=\"source\"}[2s])/1048576 start:2026-08-02T22:55:13.965Z step:1]" stats="&{Timings:{EvalTotalTime:5.4542e-05 ResultSortTime:5.42e-07 QueryPreparationTime:5.5e-06 InnerEvalTime:4.5667e-05 ExecQueueTime:1.458e-06 ExecTotalTime:5.625e-05} Samples:0x1400171e780}" spanID=0000000000000000
time=2026-08-02T15:56:01.966-07:00 level=WARN msg="Query returned multiple series, only first will be used" test=archv2-nxm-batched tool=conduit-v2 collector=conduit type=conduit collector=conduit type=conduit series-count=2
time=2026-08-02T15:56:01.966-07:00 level=DEBUG msg="Query returned data" test=archv2-nxm-batched tool=conduit-v2 collector=conduit type=conduit collector=conduit type=conduit name=msg-megabytes-in-per-second[archv2-nxm-batched] series-count=1 last-value=0.8336982727050781
time=2026-08-02T15:56:01.966-07:00 level=DEBUG msg="promql query logged" test=archv2-nxm-batched tool=conduit-v2 collector=conduit type=conduit collector=conduit type=conduit params="map[end:2026-08-02T22:56:01.966Z query:rate(conduit_connector_bytes_sum{pipeline_name=\"archv2-nxm-batched\",type=\"destination\"}[2s])/1048576 start:2026-08-02T22:55:13.965Z step:1]" stats="&{Timings:{EvalTotalTime:9.9541e-05 ResultSortTime:7.09e-07 QueryPreparationTime:1.1375e-05 InnerEvalTime:8.2666e-05 ExecQueueTime:1.916e-06 ExecTotalTime:0.000102875} Samples:0x14001612d80}" spanID=0000000000000000
time=2026-08-02T15:56:01.966-07:00 level=WARN msg="Query returned multiple series, only first will be used" test=archv2-nxm-batched tool=conduit-v2 collector=conduit type=conduit collector=conduit type=conduit series-count=2
time=2026-08-02T15:56:01.966-07:00 level=DEBUG msg="Query returned data" test=archv2-nxm-batched tool=conduit-v2 collector=conduit type=conduit collector=conduit type=conduit name=msg-megabytes-out-per-second[archv2-nxm-batched] series-count=1 last-value=1.6657447814941406
time=2026-08-02T15:56:02.209-07:00 level=DEBUG msg="Inspecting container" model=container-monitor name=benchi-conduit
time=2026-08-02T15:56:02.713-07:00 level=DEBUG msg="Inspecting container" model=container-monitor name=benchi-conduit
time=2026-08-02T15:56:02.966-07:00 level=DEBUG msg="promql query logged" test=archv2-nxm-batched tool=conduit-v2 collector=conduit type=conduit collector=conduit type=conduit params="map[end:2026-08-02T22:56:02.966Z query:rate(conduit_pipeline_execution_duration_seconds_count{pipeline_name=\"archv2-nxm-batched\"}[2s]) start:2026-08-02T22:55:13.965Z step:1]" stats="&{Timings:{EvalTotalTime:6.0375e-05 ResultSortTime:4.16e-07 QueryPreparationTime:1.6417e-05 InnerEvalTime:3.7667e-05 ExecQueueTime:2.667e-06 ExecTotalTime:6.6875e-05} Samples:0x1400157f590}" spanID=0000000000000000
time=2026-08-02T15:56:02.966-07:00 level=DEBUG msg="Query returned data" test=archv2-nxm-batched tool=conduit-v2 collector=conduit type=conduit collector=conduit type=conduit name=msg-rate-per-second[archv2-nxm-batched] series-count=1 last-value=71195
time=2026-08-02T15:56:02.966-07:00 level=DEBUG msg="promql query logged" test=archv2-nxm-batched tool=conduit-v2 collector=conduit type=conduit collector=conduit type=conduit params="map[end:2026-08-02T22:56:02.966Z query:rate(conduit_connector_bytes_sum{pipeline_name=\"archv2-nxm-batched\",type=\"source\"}[2s])/1048576 start:2026-08-02T22:55:13.965Z step:1]" stats="&{Timings:{EvalTotalTime:0.000101041 ResultSortTime:9.16e-07 QueryPreparationTime:8.334e-06 InnerEvalTime:8.75e-05 ExecQueueTime:1.25e-06 ExecTotalTime:0.00010425} Samples:0x1400157fc50}" spanID=0000000000000000
time=2026-08-02T15:56:02.966-07:00 level=WARN msg="Query returned multiple series, only first will be used" test=archv2-nxm-batched tool=conduit-v2 collector=conduit type=conduit collector=conduit type=conduit series-count=2
time=2026-08-02T15:56:02.967-07:00 level=DEBUG msg="Query returned data" test=archv2-nxm-batched tool=conduit-v2 collector=conduit type=conduit collector=conduit type=conduit name=msg-megabytes-in-per-second[archv2-nxm-batched] series-count=1 last-value=1.001718521118164
time=2026-08-02T15:56:02.967-07:00 level=DEBUG msg="promql query logged" test=archv2-nxm-batched tool=conduit-v2 collector=conduit type=conduit collector=conduit type=conduit params="map[end:2026-08-02T22:56:02.967Z query:rate(conduit_connector_bytes_sum{pipeline_name=\"archv2-nxm-batched\",type=\"destination\"}[2s])/1048576 start:2026-08-02T22:55:13.965Z step:1]" stats="&{Timings:{EvalTotalTime:8.4042e-05 ResultSortTime:4.16e-07 QueryPreparationTime:6.541e-06 InnerEvalTime:7.3417e-05 ExecQueueTime:9.58e-07 ExecTotalTime:8.6584e-05} Samples:0x1400184d0b0}" spanID=0000000000000000
time=2026-08-02T15:56:02.967-07:00 level=WARN msg="Query returned multiple series, only first will be used" test=archv2-nxm-batched tool=conduit-v2 collector=conduit type=conduit collector=conduit type=conduit series-count=2
time=2026-08-02T15:56:02.967-07:00 level=DEBUG msg="Query returned data" test=archv2-nxm-batched tool=conduit-v2 collector=conduit type=conduit collector=conduit type=conduit name=msg-megabytes-out-per-second[archv2-nxm-batched] series-count=1 last-value=2.010787010192871
time=2026-08-02T15:56:03.217-07:00 level=DEBUG msg="Inspecting container" model=container-monitor name=benchi-conduit
time=2026-08-02T15:56:03.728-07:00 level=DEBUG msg="Inspecting container" model=container-monitor name=benchi-conduit
time=2026-08-02T15:56:03.967-07:00 level=INFO msg="Test in progress" test=archv2-nxm-batched tool=conduit-v2 step=test time-left=10s
time=2026-08-02T15:56:03.967-07:00 level=DEBUG msg="promql query logged" test=archv2-nxm-batched tool=conduit-v2 collector=conduit type=conduit collector=conduit type=conduit params="map[end:2026-08-02T22:56:03.967Z query:rate(conduit_pipeline_execution_duration_seconds_count{pipeline_name=\"archv2-nxm-batched\"}[2s]) start:2026-08-02T22:55:13.965Z step:1]" stats="&{Timings:{EvalTotalTime:5.7625e-05 ResultSortTime:5e-07 QueryPreparationTime:1.4625e-05 InnerEvalTime:3.7541e-05 ExecQueueTime:2.167e-06 ExecTotalTime:6.225e-05} Samples:0x1400149e510}" spanID=0000000000000000
time=2026-08-02T15:56:03.967-07:00 level=DEBUG msg="Query returned data" test=archv2-nxm-batched tool=conduit-v2 collector=conduit type=conduit collector=conduit type=conduit name=msg-rate-per-second[archv2-nxm-batched] series-count=1 last-value=56694
time=2026-08-02T15:56:03.967-07:00 level=DEBUG msg="promql query logged" test=archv2-nxm-batched tool=conduit-v2 collector=conduit type=conduit collector=conduit type=conduit params="map[end:2026-08-02T22:56:03.967Z query:rate(conduit_connector_bytes_sum{pipeline_name=\"archv2-nxm-batched\",type=\"source\"}[2s])/1048576 start:2026-08-02T22:55:13.965Z step:1]" stats="&{Timings:{EvalTotalTime:0.000110209 ResultSortTime:8.33e-07 QueryPreparationTime:7.417e-06 InnerEvalTime:9.8209e-05 ExecQueueTime:1.083e-06 ExecTotalTime:0.000113083} Samples:0x1400149ec30}" spanID=0000000000000000
time=2026-08-02T15:56:03.967-07:00 level=WARN msg="Query returned multiple series, only first will be used" test=archv2-nxm-batched tool=conduit-v2 collector=conduit type=conduit collector=conduit type=conduit series-count=2
time=2026-08-02T15:56:03.968-07:00 level=DEBUG msg="Query returned data" test=archv2-nxm-batched tool=conduit-v2 collector=conduit type=conduit collector=conduit type=conduit name=msg-megabytes-in-per-second[archv2-nxm-batched] series-count=1 last-value=0.8046455383300781
time=2026-08-02T15:56:03.968-07:00 level=DEBUG msg="promql query logged" test=archv2-nxm-batched tool=conduit-v2 collector=conduit type=conduit collector=conduit type=conduit params="map[end:2026-08-02T22:56:03.968Z query:rate(conduit_connector_bytes_sum{pipeline_name=\"archv2-nxm-batched\",type=\"destination\"}[2s])/1048576 start:2026-08-02T22:55:13.965Z step:1]" stats="&{Timings:{EvalTotalTime:8.1375e-05 ResultSortTime:5.41e-07 QueryPreparationTime:6.167e-06 InnerEvalTime:7.0625e-05 ExecQueueTime:1.125e-06 ExecTotalTime:8.4084e-05} Samples:0x140018faf00}" spanID=0000000000000000
time=2026-08-02T15:56:03.968-07:00 level=WARN msg="Query returned multiple series, only first will be used" test=archv2-nxm-batched tool=conduit-v2 collector=conduit type=conduit collector=conduit type=conduit series-count=2
time=2026-08-02T15:56:03.968-07:00 level=DEBUG msg="Query returned data" test=archv2-nxm-batched tool=conduit-v2 collector=conduit type=conduit collector=conduit type=conduit name=msg-megabytes-out-per-second[archv2-nxm-batched] series-count=1 last-value=1.6023149490356445
time=2026-08-02T15:56:04.247-07:00 level=DEBUG msg="Inspecting container" model=container-monitor name=benchi-conduit
time=2026-08-02T15:56:04.752-07:00 level=DEBUG msg="Inspecting container" model=container-monitor name=benchi-conduit
time=2026-08-02T15:56:04.967-07:00 level=DEBUG msg="promql query logged" test=archv2-nxm-batched tool=conduit-v2 collector=conduit type=conduit collector=conduit type=conduit params="map[end:2026-08-02T22:56:04.966Z query:rate(conduit_pipeline_execution_duration_seconds_count{pipeline_name=\"archv2-nxm-batched\"}[2s]) start:2026-08-02T22:55:13.965Z step:1]" stats="&{Timings:{EvalTotalTime:7.225e-05 ResultSortTime:4.58e-07 QueryPreparationTime:2e-05 InnerEvalTime:4.6375e-05 ExecQueueTime:3.125e-06 ExecTotalTime:7.7042e-05} Samples:0x14001871470}" spanID=0000000000000000
time=2026-08-02T15:56:04.967-07:00 level=DEBUG msg="Query returned data" test=archv2-nxm-batched tool=conduit-v2 collector=conduit type=conduit collector=conduit type=conduit name=msg-rate-per-second[archv2-nxm-batched] series-count=1 last-value=56084
time=2026-08-02T15:56:04.967-07:00 level=DEBUG msg="promql query logged" test=archv2-nxm-batched tool=conduit-v2 collector=conduit type=conduit collector=conduit type=conduit params="map[end:2026-08-02T22:56:04.967Z query:rate(conduit_connector_bytes_sum{pipeline_name=\"archv2-nxm-batched\",type=\"source\"}[2s])/1048576 start:2026-08-02T22:55:13.965Z step:1]" stats="&{Timings:{EvalTotalTime:0.000122042 ResultSortTime:1e-06 QueryPreparationTime:9.625e-06 InnerEvalTime:0.000108208 ExecQueueTime:8.34e-07 ExecTotalTime:0.000125042} Samples:0x14001871b60}" spanID=0000000000000000
time=2026-08-02T15:56:04.967-07:00 level=WARN msg="Query returned multiple series, only first will be used" test=archv2-nxm-batched tool=conduit-v2 collector=conduit type=conduit collector=conduit type=conduit series-count=2
time=2026-08-02T15:56:04.967-07:00 level=DEBUG msg="Query returned data" test=archv2-nxm-batched tool=conduit-v2 collector=conduit type=conduit collector=conduit type=conduit name=msg-megabytes-in-per-second[archv2-nxm-batched] series-count=1 last-value=0.7844667434692383
time=2026-08-02T15:56:04.967-07:00 level=DEBUG msg="promql query logged" test=archv2-nxm-batched tool=conduit-v2 collector=conduit type=conduit collector=conduit type=conduit params="map[end:2026-08-02T22:56:04.967Z query:rate(conduit_connector_bytes_sum{pipeline_name=\"archv2-nxm-batched\",type=\"destination\"}[2s])/1048576 start:2026-08-02T22:55:13.965Z step:1]" stats="&{Timings:{EvalTotalTime:9.7e-05 ResultSortTime:8.34e-07 QueryPreparationTime:1.0417e-05 InnerEvalTime:8.0958e-05 ExecQueueTime:1.417e-06 ExecTotalTime:0.000100708} Samples:0x14000ee40f0}" spanID=0000000000000000
time=2026-08-02T15:56:04.967-07:00 level=WARN msg="Query returned multiple series, only first will be used" test=archv2-nxm-batched tool=conduit-v2 collector=conduit type=conduit collector=conduit type=conduit series-count=2
time=2026-08-02T15:56:04.968-07:00 level=DEBUG msg="Query returned data" test=archv2-nxm-batched tool=conduit-v2 collector=conduit type=conduit collector=conduit type=conduit name=msg-megabytes-out-per-second[archv2-nxm-batched] series-count=1 last-value=1.587087631225586
time=2026-08-02T15:56:05.267-07:00 level=DEBUG msg="Inspecting container" model=container-monitor name=benchi-conduit
time=2026-08-02T15:56:05.780-07:00 level=DEBUG msg="Inspecting container" model=container-monitor name=benchi-conduit
time=2026-08-02T15:56:05.967-07:00 level=DEBUG msg="promql query logged" test=archv2-nxm-batched tool=conduit-v2 collector=conduit type=conduit collector=conduit type=conduit params="map[end:2026-08-02T22:56:05.967Z query:rate(conduit_pipeline_execution_duration_seconds_count{pipeline_name=\"archv2-nxm-batched\"}[2s]) start:2026-08-02T22:55:13.965Z step:1]" stats="&{Timings:{EvalTotalTime:5.7584e-05 ResultSortTime:6.25e-07 QueryPreparationTime:1.4917e-05 InnerEvalTime:3.7292e-05 ExecQueueTime:2.499e-06 ExecTotalTime:6.3792e-05} Samples:0x14000efdc50}" spanID=0000000000000000
time=2026-08-02T15:56:05.967-07:00 level=DEBUG msg="Query returned data" test=archv2-nxm-batched tool=conduit-v2 collector=conduit type=conduit collector=conduit type=conduit name=msg-rate-per-second[archv2-nxm-batched] series-count=1 last-value=57860
time=2026-08-02T15:56:05.967-07:00 level=DEBUG msg="promql query logged" test=archv2-nxm-batched tool=conduit-v2 collector=conduit type=conduit collector=conduit type=conduit params="map[end:2026-08-02T22:56:05.967Z query:rate(conduit_connector_bytes_sum{pipeline_name=\"archv2-nxm-batched\",type=\"source\"}[2s])/1048576 start:2026-08-02T22:55:13.965Z step:1]" stats="&{Timings:{EvalTotalTime:8.6333e-05 ResultSortTime:8.33e-07 QueryPreparationTime:7.083e-06 InnerEvalTime:7.5542e-05 ExecQueueTime:7.5e-07 ExecTotalTime:8.825e-05} Samples:0x1400179c390}" spanID=0000000000000000
time=2026-08-02T15:56:05.967-07:00 level=WARN msg="Query returned multiple series, only first will be used" test=archv2-nxm-batched tool=conduit-v2 collector=conduit type=conduit collector=conduit type=conduit series-count=2
time=2026-08-02T15:56:05.968-07:00 level=DEBUG msg="Query returned data" test=archv2-nxm-batched tool=conduit-v2 collector=conduit type=conduit collector=conduit type=conduit name=msg-megabytes-in-per-second[archv2-nxm-batched] series-count=1 last-value=0.8154020309448242
time=2026-08-02T15:56:05.968-07:00 level=DEBUG msg="promql query logged" test=archv2-nxm-batched tool=conduit-v2 collector=conduit type=conduit collector=conduit type=conduit params="map[end:2026-08-02T22:56:05.968Z query:rate(conduit_connector_bytes_sum{pipeline_name=\"archv2-nxm-batched\",type=\"destination\"}[2s])/1048576 start:2026-08-02T22:55:13.965Z step:1]" stats="&{Timings:{EvalTotalTime:7.6416e-05 ResultSortTime:2.92e-07 QueryPreparationTime:5.167e-06 InnerEvalTime:6.8125e-05 ExecQueueTime:7.08e-07 ExecTotalTime:7.8417e-05} Samples:0x1400179da40}" spanID=0000000000000000
time=2026-08-02T15:56:05.968-07:00 level=WARN msg="Query returned multiple series, only first will be used" test=archv2-nxm-batched tool=conduit-v2 collector=conduit type=conduit collector=conduit type=conduit series-count=2
time=2026-08-02T15:56:05.968-07:00 level=DEBUG msg="Query returned data" test=archv2-nxm-batched tool=conduit-v2 collector=conduit type=conduit collector=conduit type=conduit name=msg-megabytes-out-per-second[archv2-nxm-batched] series-count=1 last-value=1.6315994262695312
time=2026-08-02T15:56:06.287-07:00 level=DEBUG msg="Inspecting container" model=container-monitor name=benchi-conduit
time=2026-08-02T15:56:06.793-07:00 level=DEBUG msg="Inspecting container" model=container-monitor name=benchi-conduit
time=2026-08-02T15:56:06.966-07:00 level=DEBUG msg="promql query logged" test=archv2-nxm-batched tool=conduit-v2 collector=conduit type=conduit collector=conduit type=conduit params="map[end:2026-08-02T22:56:06.966Z query:rate(conduit_pipeline_execution_duration_seconds_count{pipeline_name=\"archv2-nxm-batched\"}[2s]) start:2026-08-02T22:55:13.965Z step:1]" stats="&{Timings:{EvalTotalTime:5.7958e-05 ResultSortTime:5e-07 QueryPreparationTime:1.4542e-05 InnerEvalTime:3.7333e-05 ExecQueueTime:2.5e-06 ExecTotalTime:6.4625e-05} Samples:0x14001085c50}" spanID=0000000000000000
time=2026-08-02T15:56:06.966-07:00 level=DEBUG msg="Query returned data" test=archv2-nxm-batched tool=conduit-v2 collector=conduit type=conduit collector=conduit type=conduit name=msg-rate-per-second[archv2-nxm-batched] series-count=1 last-value=61876.24750499001
time=2026-08-02T15:56:06.966-07:00 level=DEBUG msg="promql query logged" test=archv2-nxm-batched tool=conduit-v2 collector=conduit type=conduit collector=conduit type=conduit params="map[end:2026-08-02T22:56:06.966Z query:rate(conduit_connector_bytes_sum{pipeline_name=\"archv2-nxm-batched\",type=\"source\"}[2s])/1048576 start:2026-08-02T22:55:13.965Z step:1]" stats="&{Timings:{EvalTotalTime:0.000108833 ResultSortTime:1.083e-06 QueryPreparationTime:1.275e-05 InnerEvalTime:9e-05 ExecQueueTime:4.8042e-05 ExecTotalTime:0.000160167} Samples:0x14000ebc3c0}" spanID=0000000000000000
time=2026-08-02T15:56:06.966-07:00 level=WARN msg="Query returned multiple series, only first will be used" test=archv2-nxm-batched tool=conduit-v2 collector=conduit type=conduit collector=conduit type=conduit series-count=2
time=2026-08-02T15:56:06.966-07:00 level=DEBUG msg="Query returned data" test=archv2-nxm-batched tool=conduit-v2 collector=conduit type=conduit collector=conduit type=conduit name=msg-megabytes-in-per-second[archv2-nxm-batched] series-count=1 last-value=0.8739045042239738
time=2026-08-02T15:56:06.967-07:00 level=DEBUG msg="promql query logged" test=archv2-nxm-batched tool=conduit-v2 collector=conduit type=conduit collector=conduit type=conduit params="map[end:2026-08-02T22:56:06.967Z query:rate(conduit_connector_bytes_sum{pipeline_name=\"archv2-nxm-batched\",type=\"destination\"}[2s])/1048576 start:2026-08-02T22:55:13.965Z step:1]" stats="&{Timings:{EvalTotalTime:0.000101875 ResultSortTime:6.25e-07 QueryPreparationTime:1.0458e-05 InnerEvalTime:8.6041e-05 ExecQueueTime:1.25e-06 ExecTotalTime:0.000105667} Samples:0x14000b45770}" spanID=0000000000000000
time=2026-08-02T15:56:06.967-07:00 level=WARN msg="Query returned multiple series, only first will be used" test=archv2-nxm-batched tool=conduit-v2 collector=conduit type=conduit collector=conduit type=conduit series-count=2
time=2026-08-02T15:56:06.967-07:00 level=DEBUG msg="Query returned data" test=archv2-nxm-batched tool=conduit-v2 collector=conduit type=conduit collector=conduit type=conduit name=msg-megabytes-out-per-second[archv2-nxm-batched] series-count=1 last-value=1.7509527073172988
time=2026-08-02T15:56:07.304-07:00 level=DEBUG msg="Inspecting container" model=container-monitor name=benchi-conduit
time=2026-08-02T15:56:07.810-07:00 level=DEBUG msg="Inspecting container" model=container-monitor name=benchi-conduit
time=2026-08-02T15:56:07.966-07:00 level=DEBUG msg="promql query logged" test=archv2-nxm-batched tool=conduit-v2 collector=conduit type=conduit collector=conduit type=conduit params="map[end:2026-08-02T22:56:07.966Z query:rate(conduit_pipeline_execution_duration_seconds_count{pipeline_name=\"archv2-nxm-batched\"}[2s]) start:2026-08-02T22:55:13.965Z step:1]" stats="&{Timings:{EvalTotalTime:8.1583e-05 ResultSortTime:5.83e-07 QueryPreparationTime:2.4e-05 InnerEvalTime:4.9875e-05 ExecQueueTime:3.958e-06 ExecTotalTime:9.1541e-05} Samples:0x140014c11a0}" spanID=0000000000000000
time=2026-08-02T15:56:07.968-07:00 level=DEBUG msg="Query returned data" test=archv2-nxm-batched tool=conduit-v2 collector=conduit type=conduit collector=conduit type=conduit name=msg-rate-per-second[archv2-nxm-batched] series-count=1 last-value=57507.0140280561
time=2026-08-02T15:56:07.968-07:00 level=DEBUG msg="promql query logged" test=archv2-nxm-batched tool=conduit-v2 collector=conduit type=conduit collector=conduit type=conduit params="map[end:2026-08-02T22:56:07.968Z query:rate(conduit_connector_bytes_sum{pipeline_name=\"archv2-nxm-batched\",type=\"source\"}[2s])/1048576 start:2026-08-02T22:55:13.965Z step:1]" stats="&{Timings:{EvalTotalTime:8.1917e-05 ResultSortTime:1.208e-06 QueryPreparationTime:1.1917e-05 InnerEvalTime:6.5708e-05 ExecQueueTime:1.916e-06 ExecTotalTime:8.475e-05} Samples:0x14001125d40}" spanID=0000000000000000
time=2026-08-02T15:56:07.968-07:00 level=WARN msg="Query returned multiple series, only first will be used" test=archv2-nxm-batched tool=conduit-v2 collector=conduit type=conduit collector=conduit type=conduit series-count=2
time=2026-08-02T15:56:07.968-07:00 level=DEBUG msg="Query returned data" test=archv2-nxm-batched tool=conduit-v2 collector=conduit type=conduit collector=conduit type=conduit name=msg-megabytes-in-per-second[archv2-nxm-batched] series-count=1 last-value=0.808317341164262
time=2026-08-02T15:56:07.968-07:00 level=DEBUG msg="promql query logged" test=archv2-nxm-batched tool=conduit-v2 collector=conduit type=conduit collector=conduit type=conduit params="map[end:2026-08-02T22:56:07.968Z query:rate(conduit_connector_bytes_sum{pipeline_name=\"archv2-nxm-batched\",type=\"destination\"}[2s])/1048576 start:2026-08-02T22:55:13.965Z step:1]" stats="&{Timings:{EvalTotalTime:4.8666e-05 ResultSortTime:2.91e-07 QueryPreparationTime:3.792e-06 InnerEvalTime:4.2958e-05 ExecQueueTime:6.67e-07 ExecTotalTime:5.0041e-05} Samples:0x140014c1830}" spanID=0000000000000000
time=2026-08-02T15:56:07.968-07:00 level=WARN msg="Query returned multiple series, only first will be used" test=archv2-nxm-batched tool=conduit-v2 collector=conduit type=conduit collector=conduit type=conduit series-count=2
time=2026-08-02T15:56:07.968-07:00 level=DEBUG msg="Query returned data" test=archv2-nxm-batched tool=conduit-v2 collector=conduit type=conduit collector=conduit type=conduit name=msg-megabytes-out-per-second[archv2-nxm-batched] series-count=1 last-value=1.6216218829871656
time=2026-08-02T15:56:08.317-07:00 level=DEBUG msg="Inspecting container" model=container-monitor name=benchi-conduit
time=2026-08-02T15:56:08.830-07:00 level=DEBUG msg="Inspecting container" model=container-monitor name=benchi-conduit
time=2026-08-02T15:56:08.965-07:00 level=INFO msg="Test in progress" test=archv2-nxm-batched tool=conduit-v2 step=test time-left=5s
time=2026-08-02T15:56:08.966-07:00 level=DEBUG msg="promql query logged" test=archv2-nxm-batched tool=conduit-v2 collector=conduit type=conduit collector=conduit type=conduit params="map[end:2026-08-02T22:56:08.965Z query:rate(conduit_pipeline_execution_duration_seconds_count{pipeline_name=\"archv2-nxm-batched\"}[2s]) start:2026-08-02T22:55:13.965Z step:1]" stats="&{Timings:{EvalTotalTime:7.3458e-05 ResultSortTime:4.58e-07 QueryPreparationTime:1.875e-05 InnerEvalTime:4.8417e-05 ExecQueueTime:2.709e-06 ExecTotalTime:7.8958e-05} Samples:0x1400159e180}" spanID=0000000000000000
time=2026-08-02T15:56:08.968-07:00 level=DEBUG msg="Query returned data" test=archv2-nxm-batched tool=conduit-v2 collector=conduit type=conduit collector=conduit type=conduit name=msg-rate-per-second[archv2-nxm-batched] series-count=1 last-value=56200
time=2026-08-02T15:56:08.968-07:00 level=DEBUG msg="promql query logged" test=archv2-nxm-batched tool=conduit-v2 collector=conduit type=conduit collector=conduit type=conduit params="map[end:2026-08-02T22:56:08.968Z query:rate(conduit_connector_bytes_sum{pipeline_name=\"archv2-nxm-batched\",type=\"source\"}[2s])/1048576 start:2026-08-02T22:55:13.965Z step:1]" stats="&{Timings:{EvalTotalTime:7.8458e-05 ResultSortTime:8.75e-07 QueryPreparationTime:9.209e-06 InnerEvalTime:6.575e-05 ExecQueueTime:1.042e-06 ExecTotalTime:8.0833e-05} Samples:0x140015d4f60}" spanID=0000000000000000
time=2026-08-02T15:56:08.968-07:00 level=WARN msg="Query returned multiple series, only first will be used" test=archv2-nxm-batched tool=conduit-v2 collector=conduit type=conduit collector=conduit type=conduit series-count=2
time=2026-08-02T15:56:08.968-07:00 level=DEBUG msg="Query returned data" test=archv2-nxm-batched tool=conduit-v2 collector=conduit type=conduit collector=conduit type=conduit name=msg-megabytes-in-per-second[archv2-nxm-batched] series-count=1 last-value=0.7981166839599609
time=2026-08-02T15:56:08.968-07:00 level=DEBUG msg="promql query logged" test=archv2-nxm-batched tool=conduit-v2 collector=conduit type=conduit collector=conduit type=conduit params="map[end:2026-08-02T22:56:08.968Z query:rate(conduit_connector_bytes_sum{pipeline_name=\"archv2-nxm-batched\",type=\"destination\"}[2s])/1048576 start:2026-08-02T22:55:13.965Z step:1]" stats="&{Timings:{EvalTotalTime:4.8833e-05 ResultSortTime:2.08e-07 QueryPreparationTime:3.208e-06 InnerEvalTime:4.3333e-05 ExecQueueTime:5e-07 ExecTotalTime:5.0458e-05} Samples:0x140015d5620}" spanID=0000000000000000
time=2026-08-02T15:56:08.968-07:00 level=WARN msg="Query returned multiple series, only first will be used" test=archv2-nxm-batched tool=conduit-v2 collector=conduit type=conduit collector=conduit type=conduit series-count=2
time=2026-08-02T15:56:08.968-07:00 level=DEBUG msg="Query returned data" test=archv2-nxm-batched tool=conduit-v2 collector=conduit type=conduit collector=conduit type=conduit name=msg-megabytes-out-per-second[archv2-nxm-batched] series-count=1 last-value=1.5844688415527344
time=2026-08-02T15:56:09.342-07:00 level=DEBUG msg="Inspecting container" model=container-monitor name=benchi-conduit
time=2026-08-02T15:56:09.849-07:00 level=DEBUG msg="Inspecting container" model=container-monitor name=benchi-conduit
time=2026-08-02T15:56:09.965-07:00 level=DEBUG msg="promql query logged" test=archv2-nxm-batched tool=conduit-v2 collector=conduit type=conduit collector=conduit type=conduit params="map[end:2026-08-02T22:56:09.965Z query:rate(conduit_pipeline_execution_duration_seconds_count{pipeline_name=\"archv2-nxm-batched\"}[2s]) start:2026-08-02T22:55:13.965Z step:1]" stats="&{Timings:{EvalTotalTime:6.2083e-05 ResultSortTime:4.16e-07 QueryPreparationTime:1.5666e-05 InnerEvalTime:4.0833e-05 ExecQueueTime:2.584e-06 ExecTotalTime:6.6917e-05} Samples:0x14001178150}" spanID=0000000000000000
time=2026-08-02T15:56:09.966-07:00 level=DEBUG msg="Query returned data" test=archv2-nxm-batched tool=conduit-v2 collector=conduit type=conduit collector=conduit type=conduit name=msg-rate-per-second[archv2-nxm-batched] series-count=1 last-value=59100
time=2026-08-02T15:56:09.966-07:00 level=DEBUG msg="promql query logged" test=archv2-nxm-batched tool=conduit-v2 collector=conduit type=conduit collector=conduit type=conduit params="map[end:2026-08-02T22:56:09.966Z query:rate(conduit_connector_bytes_sum{pipeline_name=\"archv2-nxm-batched\",type=\"source\"}[2s])/1048576 start:2026-08-02T22:55:13.965Z step:1]" stats="&{Timings:{EvalTotalTime:0.000109458 ResultSortTime:1e-06 QueryPreparationTime:1.0625e-05 InnerEvalTime:9.1792e-05 ExecQueueTime:1.5e-06 ExecTotalTime:0.000114541} Samples:0x14001178810}" spanID=0000000000000000
time=2026-08-02T15:56:09.966-07:00 level=WARN msg="Query returned multiple series, only first will be used" test=archv2-nxm-batched tool=conduit-v2 collector=conduit type=conduit collector=conduit type=conduit series-count=2
time=2026-08-02T15:56:09.966-07:00 level=DEBUG msg="Query returned data" test=archv2-nxm-batched tool=conduit-v2 collector=conduit type=conduit collector=conduit type=conduit name=msg-megabytes-in-per-second[archv2-nxm-batched] series-count=1 last-value=0.8375034332275391
time=2026-08-02T15:56:09.966-07:00 level=DEBUG msg="promql query logged" test=archv2-nxm-batched tool=conduit-v2 collector=conduit type=conduit collector=conduit type=conduit params="map[end:2026-08-02T22:56:09.966Z query:rate(conduit_connector_bytes_sum{pipeline_name=\"archv2-nxm-batched\",type=\"destination\"}[2s])/1048576 start:2026-08-02T22:55:13.965Z step:1]" stats="&{Timings:{EvalTotalTime:9.4542e-05 ResultSortTime:6.67e-07 QueryPreparationTime:8.834e-06 InnerEvalTime:8.1458e-05 ExecQueueTime:1.167e-06 ExecTotalTime:9.7208e-05} Samples:0x14001179dd0}" spanID=0000000000000000
time=2026-08-02T15:56:09.966-07:00 level=WARN msg="Query returned multiple series, only first will be used" test=archv2-nxm-batched tool=conduit-v2 collector=conduit type=conduit collector=conduit type=conduit series-count=2
time=2026-08-02T15:56:09.967-07:00 level=DEBUG msg="Query returned data" test=archv2-nxm-batched tool=conduit-v2 collector=conduit type=conduit collector=conduit type=conduit name=msg-megabytes-out-per-second[archv2-nxm-batched] series-count=1 last-value=1.6742773056030273
time=2026-08-02T15:56:10.359-07:00 level=DEBUG msg="Inspecting container" model=container-monitor name=benchi-conduit
time=2026-08-02T15:56:10.880-07:00 level=DEBUG msg="Inspecting container" model=container-monitor name=benchi-conduit
time=2026-08-02T15:56:10.966-07:00 level=DEBUG msg="promql query logged" test=archv2-nxm-batched tool=conduit-v2 collector=conduit type=conduit collector=conduit type=conduit params="map[end:2026-08-02T22:56:10.965Z query:rate(conduit_pipeline_execution_duration_seconds_count{pipeline_name=\"archv2-nxm-batched\"}[2s]) start:2026-08-02T22:55:13.965Z step:1]" stats="&{Timings:{EvalTotalTime:9.7292e-05 ResultSortTime:7.08e-07 QueryPreparationTime:2.6042e-05 InnerEvalTime:5.9167e-05 ExecQueueTime:3.668e-06 ExecTotalTime:0.000104} Samples:0x1400134fa40}" spanID=0000000000000000
time=2026-08-02T15:56:10.966-07:00 level=DEBUG msg="Query returned data" test=archv2-nxm-batched tool=conduit-v2 collector=conduit type=conduit collector=conduit type=conduit name=msg-rate-per-second[archv2-nxm-batched] series-count=1 last-value=56153
time=2026-08-02T15:56:10.966-07:00 level=DEBUG msg="promql query logged" test=archv2-nxm-batched tool=conduit-v2 collector=conduit type=conduit collector=conduit type=conduit params="map[end:2026-08-02T22:56:10.966Z query:rate(conduit_connector_bytes_sum{pipeline_name=\"archv2-nxm-batched\",type=\"source\"}[2s])/1048576 start:2026-08-02T22:55:13.965Z step:1]" stats="&{Timings:{EvalTotalTime:0.0001255 ResultSortTime:1.25e-06 QueryPreparationTime:1.2333e-05 InnerEvalTime:0.000105709 ExecQueueTime:1.667e-06 ExecTotalTime:0.000129167} Samples:0x1400139c180}" spanID=0000000000000000
time=2026-08-02T15:56:10.966-07:00 level=WARN msg="Query returned multiple series, only first will be used" test=archv2-nxm-batched tool=conduit-v2 collector=conduit type=conduit collector=conduit type=conduit series-count=2
time=2026-08-02T15:56:10.967-07:00 level=DEBUG msg="Query returned data" test=archv2-nxm-batched tool=conduit-v2 collector=conduit type=conduit collector=conduit type=conduit name=msg-megabytes-in-per-second[archv2-nxm-batched] series-count=1 last-value=0.7865705490112305
time=2026-08-02T15:56:10.967-07:00 level=DEBUG msg="promql query logged" test=archv2-nxm-batched tool=conduit-v2 collector=conduit type=conduit collector=conduit type=conduit params="map[end:2026-08-02T22:56:10.967Z query:rate(conduit_connector_bytes_sum{pipeline_name=\"archv2-nxm-batched\",type=\"destination\"}[2s])/1048576 start:2026-08-02T22:55:13.965Z step:1]" stats="&{Timings:{EvalTotalTime:0.000109083 ResultSortTime:7.5e-07 QueryPreparationTime:1.3166e-05 InnerEvalTime:9.025e-05 ExecQueueTime:1.249e-06 ExecTotalTime:0.000112625} Samples:0x1400139d740}" spanID=0000000000000000
time=2026-08-02T15:56:10.967-07:00 level=WARN msg="Query returned multiple series, only first will be used" test=archv2-nxm-batched tool=conduit-v2 collector=conduit type=conduit collector=conduit type=conduit series-count=2
time=2026-08-02T15:56:10.967-07:00 level=DEBUG msg="Query returned data" test=archv2-nxm-batched tool=conduit-v2 collector=conduit type=conduit collector=conduit type=conduit name=msg-megabytes-out-per-second[archv2-nxm-batched] series-count=1 last-value=1.5865459442138672
time=2026-08-02T15:56:11.388-07:00 level=DEBUG msg="Inspecting container" model=container-monitor name=benchi-conduit
time=2026-08-02T15:56:11.897-07:00 level=DEBUG msg="Inspecting container" model=container-monitor name=benchi-conduit
time=2026-08-02T15:56:11.966-07:00 level=DEBUG msg="promql query logged" test=archv2-nxm-batched tool=conduit-v2 collector=conduit type=conduit collector=conduit type=conduit params="map[end:2026-08-02T22:56:11.965Z query:rate(conduit_pipeline_execution_duration_seconds_count{pipeline_name=\"archv2-nxm-batched\"}[2s]) start:2026-08-02T22:55:13.965Z step:1]" stats="&{Timings:{EvalTotalTime:6.1208e-05 ResultSortTime:4.16e-07 QueryPreparationTime:1.8208e-05 InnerEvalTime:3.7417e-05 ExecQueueTime:2.291e-06 ExecTotalTime:6.6e-05} Samples:0x140013abda0}" spanID=0000000000000000
time=2026-08-02T15:56:11.966-07:00 level=DEBUG msg="Query returned data" test=archv2-nxm-batched tool=conduit-v2 collector=conduit type=conduit collector=conduit type=conduit name=msg-rate-per-second[archv2-nxm-batched] series-count=1 last-value=54482
time=2026-08-02T15:56:11.966-07:00 level=DEBUG msg="promql query logged" test=archv2-nxm-batched tool=conduit-v2 collector=conduit type=conduit collector=conduit type=conduit params="map[end:2026-08-02T22:56:11.966Z query:rate(conduit_connector_bytes_sum{pipeline_name=\"archv2-nxm-batched\",type=\"source\"}[2s])/1048576 start:2026-08-02T22:55:13.965Z step:1]" stats="&{Timings:{EvalTotalTime:0.000100166 ResultSortTime:8.75e-07 QueryPreparationTime:7.916e-06 InnerEvalTime:8.775e-05 ExecQueueTime:2.459e-06 ExecTotalTime:0.00010525} Samples:0x140013ec4e0}" spanID=0000000000000000
time=2026-08-02T15:56:11.966-07:00 level=WARN msg="Query returned multiple series, only first will be used" test=archv2-nxm-batched tool=conduit-v2 collector=conduit type=conduit collector=conduit type=conduit series-count=2
time=2026-08-02T15:56:11.966-07:00 level=DEBUG msg="Query returned data" test=archv2-nxm-batched tool=conduit-v2 collector=conduit type=conduit collector=conduit type=conduit name=msg-megabytes-in-per-second[archv2-nxm-batched] series-count=1 last-value=0.7767086029052734
time=2026-08-02T15:56:11.966-07:00 level=DEBUG msg="promql query logged" test=archv2-nxm-batched tool=conduit-v2 collector=conduit type=conduit collector=conduit type=conduit params="map[end:2026-08-02T22:56:11.966Z query:rate(conduit_connector_bytes_sum{pipeline_name=\"archv2-nxm-batched\",type=\"destination\"}[2s])/1048576 start:2026-08-02T22:55:13.965Z step:1]" stats="&{Timings:{EvalTotalTime:0.000102875 ResultSortTime:5e-07 QueryPreparationTime:8.917e-06 InnerEvalTime:8.9417e-05 ExecQueueTime:1.375e-06 ExecTotalTime:0.000106417} Samples:0x14001411650}" spanID=0000000000000000
time=2026-08-02T15:56:11.966-07:00 level=WARN msg="Query returned multiple series, only first will be used" test=archv2-nxm-batched tool=conduit-v2 collector=conduit type=conduit collector=conduit type=conduit series-count=2
time=2026-08-02T15:56:11.967-07:00 level=DEBUG msg="Query returned data" test=archv2-nxm-batched tool=conduit-v2 collector=conduit type=conduit collector=conduit type=conduit name=msg-megabytes-out-per-second[archv2-nxm-batched] series-count=1 last-value=1.5368309020996094
time=2026-08-02T15:56:12.403-07:00 level=DEBUG msg="Inspecting container" model=container-monitor name=benchi-conduit
time=2026-08-02T15:56:12.912-07:00 level=DEBUG msg="Inspecting container" model=container-monitor name=benchi-conduit
time=2026-08-02T15:56:12.966-07:00 level=DEBUG msg="promql query logged" test=archv2-nxm-batched tool=conduit-v2 collector=conduit type=conduit collector=conduit type=conduit params="map[end:2026-08-02T22:56:12.965Z query:rate(conduit_pipeline_execution_duration_seconds_count{pipeline_name=\"archv2-nxm-batched\"}[2s]) start:2026-08-02T22:55:13.965Z step:1]" stats="&{Timings:{EvalTotalTime:5.5791e-05 ResultSortTime:3.75e-07 QueryPreparationTime:1.3666e-05 InnerEvalTime:3.7417e-05 ExecQueueTime:1.959e-06 ExecTotalTime:5.9959e-05} Samples:0x14001585b90}" spanID=0000000000000000
time=2026-08-02T15:56:12.966-07:00 level=DEBUG msg="Query returned data" test=archv2-nxm-batched tool=conduit-v2 collector=conduit type=conduit collector=conduit type=conduit name=msg-rate-per-second[archv2-nxm-batched] series-count=1 last-value=55201
time=2026-08-02T15:56:12.966-07:00 level=DEBUG msg="promql query logged" test=archv2-nxm-batched tool=conduit-v2 collector=conduit type=conduit collector=conduit type=conduit params="map[end:2026-08-02T22:56:12.966Z query:rate(conduit_connector_bytes_sum{pipeline_name=\"archv2-nxm-batched\",type=\"source\"}[2s])/1048576 start:2026-08-02T22:55:13.965Z step:1]" stats="&{Timings:{EvalTotalTime:9.8e-05 ResultSortTime:9.16e-07 QueryPreparationTime:6.791e-06 InnerEvalTime:8.7084e-05 ExecQueueTime:7.91e-07 ExecTotalTime:0.000100458} Samples:0x140015b42d0}" spanID=0000000000000000
time=2026-08-02T15:56:12.966-07:00 level=WARN msg="Query returned multiple series, only first will be used" test=archv2-nxm-batched tool=conduit-v2 collector=conduit type=conduit collector=conduit type=conduit series-count=2
time=2026-08-02T15:56:12.966-07:00 level=DEBUG msg="Query returned data" test=archv2-nxm-batched tool=conduit-v2 collector=conduit type=conduit collector=conduit type=conduit name=msg-megabytes-in-per-second[archv2-nxm-batched] series-count=1 last-value=0.7787971496582031
time=2026-08-02T15:56:12.966-07:00 level=DEBUG msg="promql query logged" test=archv2-nxm-batched tool=conduit-v2 collector=conduit type=conduit collector=conduit type=conduit params="map[end:2026-08-02T22:56:12.966Z query:rate(conduit_connector_bytes_sum{pipeline_name=\"archv2-nxm-batched\",type=\"destination\"}[2s])/1048576 start:2026-08-02T22:55:13.965Z step:1]" stats="&{Timings:{EvalTotalTime:9.5583e-05 ResultSortTime:4.58e-07 QueryPreparationTime:7.042e-06 InnerEvalTime:8.4625e-05 ExecQueueTime:1.083e-06 ExecTotalTime:9.8125e-05} Samples:0x140015b5950}" spanID=0000000000000000
time=2026-08-02T15:56:12.966-07:00 level=WARN msg="Query returned multiple series, only first will be used" test=archv2-nxm-batched tool=conduit-v2 collector=conduit type=conduit collector=conduit type=conduit series-count=2
time=2026-08-02T15:56:12.966-07:00 level=DEBUG msg="Query returned data" test=archv2-nxm-batched tool=conduit-v2 collector=conduit type=conduit collector=conduit type=conduit name=msg-megabytes-out-per-second[archv2-nxm-batched] series-count=1 last-value=1.5629606246948242
time=2026-08-02T15:56:13.418-07:00 level=DEBUG msg="Inspecting container" model=container-monitor name=benchi-conduit
time=2026-08-02T15:56:13.932-07:00 level=DEBUG msg="Inspecting container" model=container-monitor name=benchi-conduit
time=2026-08-02T15:56:13.967-07:00 level=DEBUG msg="promql query logged" test=archv2-nxm-batched tool=conduit-v2 collector=conduit type=conduit collector=conduit type=conduit params="map[end:2026-08-02T22:56:13.966Z query:rate(conduit_pipeline_execution_duration_seconds_count{pipeline_name=\"archv2-nxm-batched\"}[2s]) start:2026-08-02T22:55:13.965Z step:1]" stats="&{Timings:{EvalTotalTime:4.0125e-05 ResultSortTime:2.92e-07 QueryPreparationTime:1.0459e-05 InnerEvalTime:2.6209e-05 ExecQueueTime:2.458e-06 ExecTotalTime:4.4041e-05} Samples:0x14001697470}" spanID=0000000000000000
time=2026-08-02T15:56:13.967-07:00 level=DEBUG msg="Query returned data" test=archv2-nxm-batched tool=conduit-v2 collector=conduit type=conduit collector=conduit type=conduit name=msg-rate-per-second[archv2-nxm-batched] series-count=1 last-value=57731
time=2026-08-02T15:56:13.967-07:00 level=INFO msg="Test in progress" test=archv2-nxm-batched tool=conduit-v2 step=test time-left=0s
time=2026-08-02T15:56:13.967-07:00 level=DEBUG msg="promql query logged" test=archv2-nxm-batched tool=conduit-v2 collector=conduit type=conduit collector=conduit type=conduit params="map[end:2026-08-02T22:56:13.967Z query:rate(conduit_connector_bytes_sum{pipeline_name=\"archv2-nxm-batched\",type=\"source\"}[2s])/1048576 start:2026-08-02T22:55:13.965Z step:1]" stats="&{Timings:{EvalTotalTime:0.00011125 ResultSortTime:7.5e-07 QueryPreparationTime:5.458e-06 InnerEvalTime:0.000101916 ExecQueueTime:6.25e-07 ExecTotalTime:0.000113209} Samples:0x14001697b30}" spanID=0000000000000000
time=2026-08-02T15:56:13.967-07:00 level=WARN msg="Query returned multiple series, only first will be used" test=archv2-nxm-batched tool=conduit-v2 collector=conduit type=conduit collector=conduit type=conduit series-count=2
time=2026-08-02T15:56:13.967-07:00 level=DEBUG msg="Query returned data" test=archv2-nxm-batched tool=conduit-v2 collector=conduit type=conduit collector=conduit type=conduit name=msg-megabytes-in-per-second[archv2-nxm-batched] series-count=1 last-value=0.8044815063476562
time=2026-08-02T15:56:13.967-07:00 level=DEBUG msg="promql query logged" test=archv2-nxm-batched tool=conduit-v2 collector=conduit type=conduit collector=conduit type=conduit params="map[end:2026-08-02T22:56:13.967Z query:rate(conduit_connector_bytes_sum{pipeline_name=\"archv2-nxm-batched\",type=\"destination\"}[2s])/1048576 start:2026-08-02T22:55:13.965Z step:1]" stats="&{Timings:{EvalTotalTime:6.125e-05 ResultSortTime:2.5e-07 QueryPreparationTime:6.5e-06 InnerEvalTime:5.2291e-05 ExecQueueTime:7.92e-07 ExecTotalTime:6.3167e-05} Samples:0x140016ae270}" spanID=0000000000000000
time=2026-08-02T15:56:13.967-07:00 level=WARN msg="Query returned multiple series, only first will be used" test=archv2-nxm-batched tool=conduit-v2 collector=conduit type=conduit collector=conduit type=conduit series-count=2
time=2026-08-02T15:56:13.967-07:00 level=DEBUG msg="Query returned data" test=archv2-nxm-batched tool=conduit-v2 collector=conduit type=conduit collector=conduit type=conduit name=msg-megabytes-out-per-second[archv2-nxm-batched] series-count=1 last-value=1.6302671432495117
time=2026-08-02T15:56:14.443-07:00 level=DEBUG msg="Inspecting container" model=container-monitor name=benchi-conduit
time=2026-08-02T15:56:14.471-07:00 level=INFO msg="Step successful" test=archv2-nxm-batched tool=conduit-v2 step=test
time=2026-08-02T15:56:14.471-07:00 level=INFO msg="Running step" test=archv2-nxm-batched tool=conduit-v2 step=post-test
time=2026-08-02T15:56:14.471-07:00 level=INFO msg="Exporting metrics" test=archv2-nxm-batched tool=conduit-v2 step=post-test collector=conduit path=/Users/devarisbrown/Code/projects/conduit/benchi/archv2-nxm-batched/results/r3/archv2-nxm-batched_conduit-v2/conduit.csv
time=2026-08-02T15:56:14.472-07:00 level=INFO msg="Exporting metrics" test=archv2-nxm-batched tool=conduit-v2 step=post-test collector=docker path=/Users/devarisbrown/Code/projects/conduit/benchi/archv2-nxm-batched/results/r3/archv2-nxm-batched_conduit-v2/docker.csv
time=2026-08-02T15:56:14.472-07:00 level=DEBUG msg="Running hooks" test=archv2-nxm-batched tool=conduit-v2 step=post-test count=0
time=2026-08-02T15:56:14.472-07:00 level=INFO msg="Step successful" test=archv2-nxm-batched tool=conduit-v2 step=post-test
time=2026-08-02T15:56:14.472-07:00 level=INFO msg="Running step" test=archv2-nxm-batched tool=conduit-v2 step=pre-cleanup
time=2026-08-02T15:56:14.472-07:00 level=DEBUG msg="Running hooks" test=archv2-nxm-batched tool=conduit-v2 step=pre-cleanup count=0
time=2026-08-02T15:56:14.472-07:00 level=INFO msg="Step successful" test=archv2-nxm-batched tool=conduit-v2 step=pre-cleanup
time=2026-08-02T15:56:14.472-07:00 level=INFO msg="Running step" test=archv2-nxm-batched tool=conduit-v2 step=cleanup
time=2026-08-02T15:56:14.472-07:00 level=INFO msg="Stopping containers" test=archv2-nxm-batched tool=conduit-v2 step=tool
time=2026-08-02T15:56:14.472-07:00 level=DEBUG msg="Executing command" command="/usr/local/bin/docker compose -f ./tools/compose-conduit-v2.yml down"
time=2026-08-02T15:56:14.888-07:00 level=INFO msg="Step successful" test=archv2-nxm-batched tool=conduit-v2 step=cleanup
time=2026-08-02T15:56:14.888-07:00 level=INFO msg="Running step" test=archv2-nxm-batched tool=conduit-v2 step=post-cleanup
time=2026-08-02T15:56:14.888-07:00 level=DEBUG msg="Running hooks" test=archv2-nxm-batched tool=conduit-v2 step=post-cleanup count=0
time=2026-08-02T15:56:14.888-07:00 level=INFO msg="Step successful" test=archv2-nxm-batched tool=conduit-v2 step=post-cleanup
time=2026-08-02T15:56:14.889-07:00 level=INFO msg="Exporting aggregated metrics" path=/Users/devarisbrown/Code/projects/conduit/benchi/archv2-nxm-batched/results/r3/aggregated-results.csv
time=2026-08-02T15:56:14.890-07:00 level=INFO msg="Removing docker network" network=benchi
time=2026-08-02T15:56:14.890-07:00 level=INFO msg="Removing network" network=benchi
time=2026-08-02T15:56:14.950-07:00 level=DEBUG msg="Inspecting container" model=container-monitor name=benchi-conduit
time=2026-08-02T15:56:14.956-07:00 level=DEBUG msg="Container not found" model=container-monitor name=benchi-conduit
time=2026-08-02T15:56:15.115-07:00 level=INFO msg="Network removed" network=benchi
